3.837509698906 
3.837487288426 
3.837475211503 
3.837472159444 
3.837508962610 
3.837489642456 
3.837491366787 
3.837492774951 
3.837518620550 
3.837502955100 
3.837490112978 
3.837483949593 
3.837479529316 
3.837477431679 
3.837479951127 
3.837483346998 
3.837477965092 
3.837460614735 
3.837460372474 
3.837457407565 
3.837457407565 
3.837523942330 
3.837540979104 
3.837517878582 
3.837496760291 
3.837497982877 
3.837529162282 
3.837467300453 
3.837456905707 
3.837459529794 
3.837448400271 
3.837432740527 
3.837403341622 
3.837514376472 
3.837528377974 
3.837524156802 
3.837527513969 
3.837516155122 
3.837496807686 
3.837499099547 
3.837497624085 
3.837514658541 
3.837541201464 
3.837569165953 
3.837529173672 
3.837541533201 
3.837572910203 
3.837602041741 
3.837571520420 
3.837576825073 
3.837631728729 
3.837642493007 
3.837703515236 
3.837703542230 
3.837649140500 
3.837637824881 
3.837674490029 
3.837639149185 
3.837713141274 
3.837668611190 
3.837704342639 
3.837651326828 
3.837732597863 
3.837675529601 
3.837646718846 
3.837724044878 
3.837731231444 
3.837700214639 
3.837759751309 
3.837645730748 
3.837670684596 
3.837644149153 
3.837604689845 
3.837592435325 
3.837631742216 
3.837533736489 
3.837549705793 
3.837439506541 
3.837450602408 
3.837465790638 
3.837522734588 
3.837529792427 
3.837550148752 
3.837529208913 
3.837600487630 
3.837581956938 
3.837550150279 
3.837486538717 
3.837508471847 
3.837528842084 
3.837529773293 
3.837525881427 
3.837522517972 
3.837593151749 
3.837574890308 
3.837578854866 
3.837595492352 
3.837585137461 
3.837564216801 
3.837572184191 
3.837602476369 
3.837579439099 
3.837599083908 
3.837582246955 
3.837573974024 
3.837567013905 
3.837531577619 
3.837577907478 
3.837612585606 
3.837622286696 
3.837581532464 
3.837621788288 
3.837558671230 
3.837545061516 
3.837560963991 
3.837496199072 
3.837484734351 
3.837484734351 
3.837494508644 
3.837546399451 
3.837500408363 
3.837531272834 
3.837549783322 
3.837542700430 
3.837565221081 
3.837536373988 
3.837421596832 
3.837422182843 
3.837428554036 
3.837396121859 
3.837397404835 
3.837344228878 
3.837292273001 
3.837303879356 
3.837223641032 
3.837320519577 
3.837401538490 
3.837397705784 
3.837355821296 
3.837346298515 
3.837325093190 
3.837374138864 
3.837348679141 
3.837361271239 
3.837401115271 
3.837405550751 
3.837405257078 
3.837405411862 
3.837405411862 
3.837365770077 
3.837371555186 
3.837393277012 
3.837407929145 
3.837438500140 
3.837435945388 
3.837428606665 
3.837454508912 
3.837449272781 
3.837426312868 
3.837421593478 
3.837448828581 
3.837417809905 
3.837414404988 
3.837413379653 
3.837465878178 
3.837503114695 
3.837462921476 
3.837413702969 
3.837369688562 
3.837382890026 
3.837391163165 
3.837399882396 
3.837415891914 
3.837420290026 
3.837441340918 
3.837451690365 
3.837475149598 
3.837458443888 
3.837453443744 
3.837456451556 
3.837398305937 
3.837357770708 
3.837329605359 
3.837364920789 
3.837369014514 
3.837369014514 
3.837377485075 
3.837409838892 
3.837387034263 
3.837396059332 
3.837349087254 
3.837397111211 
3.837397838613 
3.837408176277 
3.837439946708 
3.837431468188 
3.837445574350 
3.837465177343 
3.837457276579 
3.837462447397 
3.837468802943 
3.837434044862 
3.837428975128 
3.837464183573 
3.837458218641 
3.837404754289 
3.837397271914 
3.837406189388 
3.837420779786 
3.837425852520 
3.837430800119 
3.837430800119 
3.837428444075 
3.837428444075 
3.837423305015 
3.837395819586 
3.837419350383 
3.837443100091 
3.837433868235 
3.837441006320 
3.837362300199 
3.837354977373 
3.837337858249 
3.837342059359 
3.837344491369 
3.837344349486 
3.837262664834 
3.837293340875 
3.837286175898 
3.837333944621 
3.837432852451 
3.837406341826 
3.837460082857 
3.837467600065 
3.837422418116 
3.837432179756 
3.837488627693 
3.837515457929 
3.837490309716 
3.837495438096 
3.837541946829 
3.837454879557 
3.837491064046 
3.837487473658 
3.837474538880 
3.837488210082 
3.837445937210 
3.837409521843 
3.837377736028 
3.837333539620 
3.837469186324 
3.837505292746 
3.837504042624 
3.837507795471 
3.837529111463 
3.837663863434 
3.837750224495 
3.837757324661 
3.837735916043 
3.837668244748 
3.837689904744 
3.837757747009 
3.837647260148 
3.837609314307 
3.837666406572 
3.837563894973 
3.837588988747 
3.837565518856 
3.837573224190 
3.837551398378 
3.837541885132 
3.837539165643 
3.837547122687 
3.837547122687 
3.837547618599 
3.837529625760 
3.837529625760 
3.837536373873 
3.837485306551 
3.837466408677 
3.837466408677 
3.837481930530 
3.837463157462 
3.837482559158 
3.837463135319 
3.837498205360 
3.837495562646 
3.837544952848 
3.837530113122 
3.837501239226 
3.837524812189 
3.837468220304 
3.837465273742 
3.837471801537 
3.837465927500 
3.837463148184 
3.837467668778 
3.837504919323 
3.837510225061 
3.837492244989 
3.837523470502 
3.837528939804 
3.837503555248 
3.837517407532 
3.837510904948 
3.837493476540 
3.837476217945 
3.837542403361 
3.837544157662 
3.837530999158 
3.837579300709 
3.837571661059 
3.837592085746 
3.837588976516 
3.837529612875 
3.837549905376 
3.837572642984 
3.837550065315 
3.837508554888 
3.837490788083 
3.837459861878 
3.837449894862 
3.837444206324 
3.837442161325 
3.837445611626 
3.837452748333 
3.837440664195 
3.837446738428 
3.837448745739 
3.837464822288 
3.837490678248 
3.837502065215 
3.837505184981 
3.837522041757 
3.837518483282 
3.837529660642 
3.837566952738 
3.837566952738 
3.837551221832 
3.837607512962 
3.837680582937 
3.837598717062 
3.837558483886 
3.837613909200 
3.837601793849 
3.837549572934 
3.837576128404 
3.837577468207 
3.837573696722 
3.837552422106 
3.837525704703 
3.837529797284 
3.837474805006 
3.837409661802 
3.837361302433 
3.837304924284 
3.837321673058 
3.837314040171 
3.837338095487 
3.837327497973 
3.837327497973 
3.837327497973 
3.837307670444 
3.837311797081 
3.837310195837 
3.837298859053 
3.837276747193 
3.837307402788 
3.837344376322 
3.837299916436 
3.837278142836 
3.837299604772 
3.837282589975 
3.837264211226 
3.837305011023 
3.837400325845 
3.837498916596 
3.837492062607 
3.837550899124 
3.837537155170 
3.837566736313 
3.837535535727 
3.837564615489 
3.837537048073 
3.837561661304 
3.837529822701 
3.837459707860 
3.837459707860 
3.837478664641 
3.837506832042 
3.837515180781 
3.837523937363 
3.837521132535 
3.837562765842 
3.837561655023 
3.837571312968 
3.837576874715 
3.837564429321 
3.837559893343 
3.837568568746 
3.837564584864 
3.837577912847 
3.837597347440 
3.837561590177 
3.837504098776 
3.837497275738 
3.837456425774 
3.837448693877 
3.837413875337 
3.837407479291 
3.837406163420 
3.837432437187 
3.837433451917 
3.837423022712 
3.837498157108 
3.837508594278 
3.837503015511 
3.837531694652 
3.837514695636 
3.837526602110 
3.837512885041 
3.837510483866 
3.837553954803 
3.837578754281 
3.837511020750 
3.837523400848 
3.837537678321 
3.837511729721 
3.837527650237 
3.837520825847 
3.837489232902 
3.837501450898 
3.837488197387 
3.837499021550 
3.837479999218 
3.837484280847 
3.837426238856 
3.837426829496 
3.837396158861 
3.837411486815 
3.837415059986 
3.837423343920 
3.837423343920 
3.837460640986 
3.837464865786 
3.837487379596 
3.837477671252 
3.837481708038 
3.837481861763 
3.837482428693 
3.837388892363 
3.837391923917 
3.837391731724 
3.837401899208 
3.837406916061 
3.837408056498 
3.837393488605 
3.837397665092 
3.837357957543 
3.837388340119 
3.837393208940 
3.837392703157 
3.837385654847 
3.837358039864 
3.837309104961 
3.837351532152 
3.837335209171 
3.837334510557 
3.837355451402 
3.837404863023 
3.837322689149 
3.837307124487 
3.837269472580 
3.837274838425 
3.837189061815 
3.837195047596 
3.837286269261 
3.837293790182 
3.837316671270 
3.837305637974 
3.837316185824 
3.837306581162 
3.837335193040 
3.837308980029 
3.837301810328 
3.837338626229 
3.837222968384 
3.837250586244 
3.837190150468 
3.837191708365 
3.837176696494 
3.837177363310 
3.837172110624 
3.837163804442 
3.837204022126 
3.837105309488 
3.837166484881 
3.837125852096 
3.837141020790 
3.837108949063 
3.837065332273 
3.837172957401 
3.837136572964 
3.837142732690 
3.837152629612 
3.837073405785 
3.837212172818 
3.837022245568 
3.837116704828 
3.837121237890 
3.837161523858 
3.837073304241 
3.837176526377 
3.837141652635 
3.837114880671 
3.837133275297 
3.837087505719 
3.837174777263 
3.837155597174 
3.837111441282 
3.837118502631 
3.837084818264 
3.837117811771 
3.837117811771 
3.837113790955 
3.837088329838 
3.837215235248 
3.837162636542 
3.837178185399 
3.837168193138 
3.837168193138 
3.837289630222 
3.837298274456 
3.837304110463 
3.837328483396 
3.837311786285 
3.837310277051 
3.837357616792 
3.837318351785 
3.837255059898 
3.837143487056 
3.837091254370 
3.837175900486 
3.837158538830 
3.837232290335 
3.837282132392 
3.837337720739 
3.837271098450 
3.837282508783 
3.837306738089 
3.837304518723 
3.837297105224 
3.837284742607 
3.837311932825 
3.837390218424 
3.837383168760 
3.837408801937 
3.837454321731 
3.837394455378 
3.837376356145 
3.837337355670 
3.837345615418 
3.837333815239 
3.837342374189 
3.837365118932 
3.837365118932 
3.837419144633 
3.837415361698 
3.837350307188 
3.837344098695 
3.837315551431 
3.837320425612 
3.837387523442 
3.837393668207 
3.837377820436 
3.837376775263 
3.837396981439 
3.837405616116 
3.837418493061 
3.837352069987 
3.837411709100 
3.837384355092 
3.837399399042 
3.837380674390 
3.837429167795 
3.837420294621 
3.837507618498 
3.837493619505 
3.837462661691 
3.837476688952 
3.837462052086 
3.837470188533 
3.837501084546 
3.837536591663 
3.837551193344 
3.837535457544 
3.837519701828 
3.837512226598 
3.837512025290 
3.837505175472 
3.837483162917 
3.837536382119 
3.837529758819 
3.837526651504 
3.837487264997 
3.837476957965 
3.837424813534 
3.837452320640 
3.837475260509 
3.837467143982 
3.837417881422 
3.837415403149 
3.837452714286 
3.837502387710 
3.837498276600 
3.837491304148 
3.837493481284 
3.837545043781 
3.837570128894 
3.837503834158 
3.837482585334 
3.837484735120 
3.837554070122 
3.837521852543 
3.837548415680 
3.837545422205 
3.837473406506 
3.837476300723 
3.837469643515 
3.837483134359 
3.837471603370 
3.837459063201 
3.837462723198 
3.837453156063 
3.837452015564 
3.837462408399 
3.837458439624 
3.837419567861 
3.837427738733 
3.837406011288 
3.837380818943 
3.837445946124 
3.837498768323 
3.837393054386 
3.837366844235 
3.837429221049 
3.837397859517 
3.837361987759 
3.837383260292 
3.837365057900 
3.837383470142 
3.837336030271 
3.837376880658 
3.837332308987 
3.837289550688 
3.837299447778 
3.837307497533 
3.837300392497 
3.837487320247 
3.837477902756 
3.837489974401 
3.837490039268 
3.837509077572 
3.837469568863 
3.837464694071 
3.837441414515 
3.837442806452 
3.837472719869 
3.837499369892 
3.837504001410 
3.837492348973 
3.837487873490 
3.837526543777 
3.837518590664 
3.837512344944 
3.837501809467 
3.837507820969 
3.837578545427 
3.837581997787 
3.837597503006 
3.837559340006 
3.837582479430 
3.837578065726 
3.837582547863 
3.837596960094 
3.837637986384 
3.837627816662 
3.837643165750 
3.837542732396 
3.837551490140 
3.837537294805 
3.837462723329 
3.837457182945 
3.837440897410 
3.837439114530 
3.837467797774 
3.837477183921 
3.837487164397 
3.837477539352 
3.837492336974 
3.837501366980 
3.837470635305 
3.837462719707 
3.837462719707 
3.837457044074 
3.837428418519 
3.837432923617 
3.837458685726 
3.837422017028 
3.837383703290 
3.837306253574 
3.837301106360 
3.837310568846 
3.837296866840 
3.837313792049 
3.837371538664 
3.837398620010 
3.837409408083 
3.837409623413 
3.837406022302 
3.837451569200 
3.837447719446 
3.837444549776 
3.837435446412 
3.837420635602 
3.837428683714 
3.837437957860 
3.837441166858 
3.837459690417 
3.837452434354 
3.837406531629 
3.837375770118 
3.837366681224 
3.837481717535 
3.837479939084 
3.837496081884 
3.837448287664 
3.837442689953 
3.837445623304 
3.837418400589 
3.837436191017 
3.837428183967 
3.837443990199 
3.837508937313 
3.837544563121 
3.837529207972 
3.837502571344 
3.837531458417 
3.837548885032 
3.837545459708 
3.837508209512 
3.837519458452 
3.837496315205 
3.837458613051 
3.837436478300 
3.837417282973 
3.837351956117 
3.837372397472 
3.837399314959 
3.837405186776 
3.837452613460 
3.837501722136 
3.837509772938 
3.837551176452 
3.837480815404 
3.837473288045 
3.837507145942 
3.837562402844 
3.837556164635 
3.837575668986 
3.837557627218 
3.837568459096 
3.837521468866 
3.837517844839 
3.837604527859 
3.837597169612 
3.837532219099 
3.837525924238 
3.837521229098 
3.837514982561 
3.837402791927 
3.837392081872 
3.837441158991 
3.837387585766 
3.837394023940 
3.837394084250 
3.837411350587 
3.837411312526 
3.837409504034 
3.837404673578 
3.837370853328 
3.837333927411 
3.837316638798 
3.837372984512 
3.837413948113 
3.837390147818 
3.837384078820 
3.837384078820 
3.837409543919 
3.837414632276 
3.837436939470 
3.837435997070 
3.837400785225 
3.837404304705 
3.837405171997 
3.837405171997 
3.837411024816 
3.837389385259 
3.837380457068 
3.837379847173 
3.837381350784 
3.837382699145 
3.837383655122 
3.837371873044 
3.837371873044 
3.837390128659 
3.837367680451 
3.837362248862 
3.837359319237 
3.837371082369 
3.837345815691 
3.837342439969 
3.837351493077 
3.837348794983 
3.837360752068 
3.837360738599 
3.837348779873 
3.837369179254 
3.837364478139 
3.837394297231 
3.837352358189 
3.837308223281 
3.837331033437 
3.837374154105 
3.837364581099 
3.837315012843 
3.837325499843 
3.837319177134 
3.837311069819 
3.837291970314 
3.837302342019 
3.837286252795 
3.837286972203 
3.837302457520 
3.837274684102 
3.837229009692 
3.837299936480 
3.837304187683 
3.837301435037 
3.837310985554 
3.837300503533 
3.837299464266 
3.837305365668 
3.837300703844 
3.837325778237 
3.837325327066 
3.837368065748 
3.837334343320 
3.837352770706 
3.837423391424 
3.837407274942 
3.837414407087 
3.837476423352 
3.837530621203 
3.837472902573 
3.837593864812 
3.837576851598 
3.837646465045 
3.837622745050 
3.837625597784 
3.837615876911 
3.837739957269 
3.837655990846 
3.837634393196 
3.837648668775 
3.837597290375 
3.837526833081 
3.837449669147 
3.837449669147 
3.837460830578 
3.837477127411 
3.837489481952 
3.837471191404 
3.837504807593 
3.837512112399 
3.837520091408 
3.837462482158 
3.837440282634 
3.837468946605 
3.837463450813 
3.837469284867 
3.837469284867 
3.837456750344 
3.837412699977 
3.837460503317 
3.837526815153 
3.837523176580 
3.837501253891 
3.837497345386 
3.837464498901 
3.837466584918 
3.837476273046 
3.837476882322 
3.837476061922 
3.837483265032 
3.837483265032 
3.837525393587 
3.837505957873 
3.837501805201 
3.837499475479 
3.837499039403 
3.837532366653 
3.837441412823 
3.837411504194 
3.837407945625 
3.837407945625 
3.837407877827 
3.837478470714 
3.837478470714 
3.837504983837 
3.837501877635 
3.837505352144 
3.837474492949 
3.837553198876 
3.837483516441 
3.837537667843 
3.837512171190 
3.837495333319 
3.837467933450 
3.837524723641 
3.837508585901 
3.837541196610 
3.837473056584 
3.837481344458 
3.837466061223 
3.837442300161 
3.837450533337 
3.837488336878 
3.837479690605 
3.837570890589 
3.837383599234 
3.837366127371 
3.837374148584 
3.837385649187 
3.837381848668 
3.837316384234 
3.837199337510 
3.837232670396 
3.837241217382 
3.837228978764 
3.837146192153 
3.837196410981 
3.837216312387 
3.837272388801 
3.837305299863 
3.837296250107 
3.837323361716 
3.837379239038 
3.837359791029 
3.837351656556 
3.837273695990 
3.837280554781 
3.837382885224 
3.837433752012 
3.837433788678 
3.837437645238 
3.837438393374 
3.837426611012 
3.837394639236 
3.837387099099 
3.837402881492 
3.837470704325 
3.837481691346 
3.837475831325 
3.837431485746 
3.837337261782 
3.837295361123 
3.837324908110 
3.837330009556 
3.837329883955 
3.837354880865 
3.837344388100 
3.837340561428 
3.837340561428 
3.837345632787 
3.837362506818 
3.837338982853 
3.837341009223 
3.837348123952 
3.837371890567 
3.837335992069 
3.837331765370 
3.837377534474 
3.837380326349 
3.837499849824 
3.837505275123 
3.837500376050 
3.837538364590 
3.837502639744 
3.837460391532 
3.837473264013 
3.837482569306 
3.837477494348 
3.837482143880 
3.837457630279 
3.837457441349 
3.837513952280 
3.837502158324 
3.837469708934 
3.837459454078 
3.837431273681 
3.837422581996 
3.837587555449 
3.837532614485 
3.837543451553 
3.837544252346 
3.837522954532 
3.837544523161 
3.837534452350 
3.837553445448 
3.837529898302 
3.837521014768 
3.837559178796 
3.837523696274 
3.837496271267 
3.837493242131 
3.837445453175 
3.837414586683 
3.837297179873 
3.837318776790 
3.837301384142 
3.837310539916 
3.837292696717 
3.837245492113 
3.837481902395 
3.837489772363 
3.837467632234 
3.837431193615 
3.837435181020 
3.837448703743 
3.837471678072 
3.837408896127 
3.837382047699 
3.837390557009 
3.837375914661 
3.837396390628 
3.837388839219 
3.837424838028 
3.837451339094 
3.837487091429 
3.837472602436 
3.837434775398 
3.837414463144 
3.837422143096 
3.837418242014 
3.837416304063 
3.837418426422 
3.837410493366 
3.837384320896 
3.837389311289 
3.837390131147 
3.837398189874 
3.837392599120 
3.837391753533 
3.837429744158 
3.837461305869 
3.837463023469 
3.837466251741 
3.837480638571 
3.837374216777 
3.837350832880 
3.837382736170 
3.837381985501 
3.837354489018 
3.837280524056 
3.837265270305 
3.837357295318 
3.837311915914 
3.837337122351 
3.837368725449 
3.837342330240 
3.837381727456 
3.837461119535 
3.837523883809 
3.837468957979 
3.837406319438 
3.837436150775 
3.837435652963 
3.837404396864 
3.837386007399 
3.837434391403 
3.837437276704 
3.837447967271 
3.837428164877 
3.837424857099 
3.837413331198 
3.837422694968 
3.837414807290 
3.837424883472 
3.837418465745 
3.837405244026 
3.837406451421 
3.837437593139 
3.837364035265 
3.837378898142 
3.837420458629 
3.837465524143 
3.837470296127 
3.837457425747 
3.837448887396 
3.837571663838 
3.837535533170 
3.837522322092 
3.837525950583 
3.837517465038 
3.837486747390 
3.837495764264 
3.837468215392 
3.837469168883 
3.837437907801 
3.837438368631 
3.837424854918 
3.837426722664 
3.837430326663 
3.837406317114 
3.837418520847 
3.837423954610 
3.837423513267 
3.837454286636 
3.837417626104 
3.837396613444 
3.837425681958 
3.837433701925 
3.837429941575 
3.837438267284 
3.837439457595 
3.837355527902 
3.837329586120 
3.837346907928 
3.837315128189 
3.837343208197 
3.837265525783 
3.837237567498 
3.837252533170 
3.837284061700 
3.837238394163 
3.837233466110 
3.837237269357 
3.837221201355 
3.837253216693 
3.837220804485 
3.837224860257 
3.837239460516 
3.837257526646 
3.837250823306 
3.837262838081 
3.837262838081 
3.837255781160 
3.837254572382 
3.837222484813 
3.837199870764 
3.837264553060 
3.837265113998 
3.837289566946 
3.837288946683 
3.837256868203 
3.837325453554 
3.837321955878 
3.837279036232 
3.837307029964 
3.837307029964 
3.837304508210 
3.837264230404 
3.837281441987 
3.837310164194 
3.837356549018 
3.837303982551 
3.837353253844 
3.837357733527 
3.837346082855 
3.837348145119 
3.837346232706 
3.837339896546 
3.837347473953 
3.837397162133 
3.837418180829 
3.837419793540 
3.837422914761 
3.837422914761 
3.837422684900 
3.837436708214 
3.837449654612 
3.837431146570 
3.837437515433 
3.837440424925 
3.837433491239 
3.837444335198 
3.837433037772 
3.837452532874 
3.837463080674 
3.837518791737 
3.837489977172 
3.837449253002 
3.837534240887 
3.837581153978 
3.837616958782 
3.837630531208 
3.837548708751 
3.837622727395 
3.837572318044 
3.837450135910 
3.837460575922 
3.837399217489 
3.837393159135 
3.837349064160 
3.837362773755 
3.837341527989 
3.837297707317 
3.837247206677 
3.837241791950 
3.837240237362 
3.837241678754 
3.837397294034 
3.837408119797 
3.837429469417 
3.837368883139 
3.837316041358 
3.837348997434 
3.837351181488 
3.837388410987 
3.837391567929 
3.837407260549 
3.837407708485 
3.837397827990 
3.837352695004 
3.837355601409 
3.837353577772 
3.837385022818 
3.837338593394 
3.837308775186 
3.837321424255 
3.837348600230 
3.837370104049 
3.837361234578 
3.837322152600 
3.837340331487 
3.837401902849 
3.837449891678 
3.837478980323 
3.837480446657 
3.837485936760 
3.837497233652 
3.837538601088 
3.837562667551 
3.837513505622 
3.837477525646 
3.837436858949 
3.837472757348 
3.837461521247 
3.837473031961 
3.837477081681 
3.837504190992 
3.837467237596 
3.837513640699 
3.837522522573 
3.837560602571 
3.837571410604 
3.837520032974 
3.837385377429 
3.837416676901 
3.837420143436 
3.837399689249 
3.837334868950 
3.837325361817 
3.837330587099 
3.837361595852 
3.837265295680 
3.837357070307 
3.837395621167 
3.837395865255 
3.837363369034 
3.837298226543 
3.837313275917 
3.837363499977 
3.837396222487 
3.837399264072 
3.837372804407 
3.837390152133 
3.837354464791 
3.837345280572 
3.837325244804 
3.837301437809 
3.837325875770 
3.837315642785 
3.837278968711 
3.837298527611 
3.837368311606 
3.837327925480 
3.837417651290 
3.837412503793 
3.837399584050 
3.837399252185 
3.837436028675 
3.837440737682 
3.837425755325 
3.837496455412 
3.837522959001 
3.837533719745 
3.837520906850 
3.837452615429 
3.837397793618 
3.837350354527 
3.837365277209 
3.837360456502 
3.837386453857 
3.837494593810 
3.837459340210 
3.837462486417 
3.837461796091 
3.837461897010 
3.837471212288 
3.837472517337 
3.837469667185 
3.837474086156 
3.837469160975 
3.837469160975 
3.837469160975 
3.837469160975 
3.837469160975 
3.837469160975 
3.837493795829 
3.837493650830 
3.837594516640 
3.837487119309 
3.837492028570 
3.837423690555 
3.837329579432 
3.837352911942 
3.837337726615 
3.837380768702 
3.837370633272 
3.837365583709 
3.837351104129 
3.837347347188 
3.837389128701 
3.837320257587 
3.837390881081 
3.837427278942 
3.837392157703 
3.837373404182 
3.837364669329 
3.837336134812 
3.837417851450 
3.837454752651 
3.837453549110 
3.837390921679 
3.837380011192 
3.837386195207 
3.837370134163 
3.837373674478 
3.837377520052 
3.837375439763 
3.837354295934 
3.837320904673 
3.837348987747 
3.837345239240 
3.837349898581 
3.837439984880 
3.837423400805 
3.837429218475 
3.837421550978 
3.837433795110 
3.837449542461 
3.837458816782 
3.837434766017 
3.837375138581 
3.837374173031 
3.837382275251 
3.837493935936 
3.837480616526 
3.837460115578 
3.837391738935 
3.837333357078 
3.837339108740 
3.837341228045 
3.837323717105 
3.837334374555 
3.837341932107 
3.837341932107 
3.837350914180 
3.837364537959 
3.837364537959 
3.837345841647 
3.837328411829 
3.837334977716 
3.837335416269 
3.837364270034 
3.837371404644 
3.837376687611 
3.837368953091 
3.837387108051 
3.837380345258 
3.837443880655 
3.837457932369 
3.837441823843 
3.837446568323 
3.837472117120 
3.837438584877 
3.837437154209 
3.837442306578 
3.837371452279 
3.837368493410 
3.837372331742 
3.837381195330 
3.837422124139 
3.837437296157 
3.837449406793 
3.837468240405 
3.837532223292 
3.837551493411 
3.837554188475 
3.837528463012 
3.837528463012 
3.837519887697 
3.837505527571 
3.837507932780 
3.837519016423 
3.837519550278 
3.837522848084 
3.837516004117 
3.837503832418 
3.837502179951 
3.837501280658 
3.837464086799 
3.837432530881 
3.837432710284 
3.837484982502 
3.837481441741 
3.837506008535 
3.837506008535 
3.837497264839 
3.837497043754 
3.837525831989 
3.837514896931 
3.837453821657 
3.837455822054 
3.837479895869 
3.837493515338 
3.837495888029 
3.837510192816 
3.837512289607 
3.837511499347 
3.837608759246 
3.837597850415 
3.837616541022 
3.837646032670 
3.837644682905 
3.837639797036 
3.837642587352 
3.837716728845 
3.837613281792 
3.837621031211 
3.837621902182 
3.837621902182 
3.837639140449 
3.837564641043 
3.837573970852 
3.837666367961 
3.837575883565 
3.837518700074 
3.837497321447 
3.837484512329 
3.837481707144 
3.837484304301 
3.837483042240 
3.837468436578 
3.837533455060 
3.837495472720 
3.837468647370 
3.837431547844 
3.837387543158 
3.837408267597 
3.837451039849 
3.837444249515 
3.837438695910 
3.837415519396 
3.837405813467 
3.837412526553 
3.837423155151 
3.837400221062 
3.837400516443 
3.837385510468 
3.837373430686 
3.837397588295 
3.837453568527 
3.837465654244 
3.837397843062 
3.837388444407 
3.837389531804 
3.837426530391 
3.837375263329 
3.837381612166 
3.837367704618 
3.837379431860 
3.837420021183 
3.837459414843 
3.837475302311 
3.837475302311 
3.837478219053 
3.837470702893 
3.837413726430 
3.837403290618 
3.837390197351 
3.837400434594 
3.837397408994 
3.837396902730 
3.837425376058 
3.837404879986 
3.837454346383 
3.837483022549 
3.837445290554 
3.837464892331 
3.837484604951 
3.837434775201 
3.837434314530 
3.837426452729 
3.837424136133 
3.837424245144 
3.837407347201 
3.837394137290 
3.837408788997 
3.837415426851 
3.837412350135 
3.837422987332 
3.837437104880 
3.837443214469 
3.837472105078 
3.837506374395 
3.837521236025 
3.837495592281 
3.837504553225 
3.837489234768 
3.837504158604 
3.837483424587 
3.837492842224 
3.837481780553 
3.837481533310 
3.837487284803 
3.837494995815 
3.837442708252 
3.837398503387 
3.837412258643 
3.837400321764 
3.837427835363 
3.837410415935 
3.837420421376 
3.837432206236 
3.837414148907 
3.837395800153 
3.837279592603 
3.837293665572 
3.837312770078 
3.837296879135 
3.837334652165 
3.837354565989 
3.837354565989 
3.837367792083 
3.837373847600 
3.837372863963 
3.837351238515 
3.837349666616 
3.837370889294 
3.837369476820 
3.837343531160 
3.837346088425 
3.837362942897 
3.837432477050 
3.837342061522 
3.837314035726 
3.837393648602 
3.837394984231 
3.837405641729 
3.837442521813 
3.837523413195 
3.837522788745 
3.837550966857 
3.837522271403 
3.837477848275 
3.837485164363 
3.837459445019 
3.837468277300 
3.837529796614 
3.837525502315 
3.837444585653 
3.837419006596 
3.837392360483 
3.837414368615 
3.837478986789 
3.837658471514 
3.837606423178 
3.837617957174 
3.837586319946 
3.837575541061 
3.837578372841 
3.837578372841 
3.837683118929 
3.837719688587 
3.837705931625 
3.837786025519 
3.837615242910 
3.837659717975 
3.837622989196 
3.837593655552 
3.837613321843 
3.837617522386 
3.837626317645 
3.837626317645 
3.837590296427 
3.837611868628 
3.837599725746 
3.837568602553 
3.837562220679 
3.837604205544 
3.837607777180 
3.837589591731 
3.837593827256 
3.837600745025 
3.837594407733 
3.837598609503 
3.837610193949 
3.837609619328 
3.837582553708 
3.837594700750 
3.837596193312 
3.837562210521 
3.837584588009 
3.837578496045 
3.837584099918 
3.837545976569 
3.837606379235 
3.837557628407 
3.837547029560 
3.837451253760 
3.837438676228 
3.837426465957 
3.837392842958 
3.837409451283 
3.837396849512 
3.837363832956 
3.837353724146 
3.837411131495 
3.837382350729 
3.837320143692 
3.837308311839 
3.837309216291 
3.837298908996 
3.837367537927 
3.837332981287 
3.837422993268 
3.837457648263 
3.837477188929 
3.837468316026 
3.837468464384 
3.837469775280 
3.837469959622 
3.837392582747 
3.837394218191 
3.837420369302 
3.837379438718 
3.837364040055 
3.837379998936 
3.837397064133 
3.837453871147 
3.837436246883 
3.837475612448 
3.837452163987 
3.837393753291 
3.837360593701 
3.837339353370 
3.837316478704 
3.837377862857 
3.837408365367 
3.837439947621 
3.837377978881 
3.837328653728 
3.837366749490 
3.837365212788 
3.837382821825 
3.837425901950 
3.837422199242 
3.837464754737 
3.837450459206 
3.837546282068 
3.837572500247 
3.837582341622 
3.837646415021 
3.837609549410 
3.837653861406 
3.837567356067 
3.837397898895 
3.837483593487 
3.837485525219 
3.837503167093 
3.837495126906 
3.837501594369 
3.837464863426 
3.837425678938 
3.837429345120 
3.837441241480 
3.837333953404 
3.837302823432 
3.837299387220 
3.837317322054 
3.837309936582 
3.837245241160 
3.837285449687 
3.837338186218 
3.837327292737 
3.837327292737 
3.837315035610 
3.837320091554 
3.837293220048 
3.837274519668 
3.837315441540 
3.837301059804 
3.837312435691 
3.837251438719 
3.837251438719 
3.837259828847 
3.837335559843 
3.837308468237 
3.837326063514 
3.837306244974 
3.837306596508 
3.837301897251 
3.837319900432 
3.837394287945 
3.837391106895 
3.837392292850 
3.837392788674 
3.837397300422 
3.837412856785 
3.837442849622 
3.837454467567 
3.837436040264 
3.837457667649 
3.837465083325 
3.837458423506 
3.837452824456 
3.837443371363 
3.837459702876 
3.837485539240 
3.837548019187 
3.837522831467 
3.837570407066 
3.837561269536 
3.837545478718 
3.837560704022 
3.837560704022 
3.837593448697 
3.837597622759 
3.837616585597 
3.837548510840 
3.837575960484 
3.837622806925 
3.837581500524 
3.837504942155 
3.837528947838 
3.837471942166 
3.837477038414 
3.837448974388 
3.837468538103 
3.837441638927 
3.837437656592 
3.837389883662 
3.837409346670 
3.837416557536 
3.837380587515 
3.837405909872 
3.837404742221 
3.837471365399 
3.837471365399 
3.837397451165 
3.837391420261 
3.837444498012 
3.837452199202 
3.837513252993 
3.837508819014 
3.837500142445 
3.837541578893 
3.837538361780 
3.837558057527 
3.837540662506 
3.837505991422 
3.837483108154 
3.837530186154 
3.837524425707 
3.837502617302 
3.837479442964 
3.837486024587 
3.837436133126 
3.837470241499 
3.837415709932 
3.837407662630 
3.837409285772 
3.837451675632 
3.837496908490 
3.837500040250 
3.837496100067 
3.837520705199 
3.837509279333 
3.837459357018 
3.837463701635 
3.837477445691 
3.837463001586 
3.837514792333 
3.837511178229 
3.837506475903 
3.837561981276 
3.837556163909 
3.837569436743 
3.837504150817 
3.837569016733 
3.837655744126 
3.837616677775 
3.837654120390 
3.837642415666 
3.837641372990 
3.837708405148 
3.837717607038 
3.837671861125 
3.837732093364 
3.837649169470 
3.837688568202 
3.837682958047 
3.837709581453 
3.837676677457 
3.837655400632 
3.837650220621 
3.837647145540 
3.837663127425 
3.837596299865 
3.837559404630 
3.837534230224 
3.837362425496 
3.837372597710 
3.837316951212 
3.837332603645 
3.837337416196 
3.837311761439 
3.837344028671 
3.837397618737 
3.837386474020 
3.837366103561 
3.837382564079 
3.837408082512 
3.837462815978 
3.837477785271 
3.837480433116 
3.837439993137 
3.837394259007 
3.837393446564 
3.837411971955 
3.837410102542 
3.837364042820 
3.837394483621 
3.837325820239 
3.837379410808 
3.837393355348 
3.837422399045 
3.837460722323 
3.837354844251 
3.837265933868 
3.837312060365 
3.837376300523 
3.837353700423 
3.837362059442 
3.837329883926 
3.837295533267 
3.837309640924 
3.837327441199 
3.837350490833 
3.837325220862 
3.837332466165 
3.837283831262 
3.837278797286 
3.837326230437 
3.837240841977 
3.837238315989 
3.837227384317 
3.837319175772 
3.837321576208 
3.837294507476 
3.837309215940 
3.837336108857 
3.837335634954 
3.837326996604 
3.837337620526 
3.837341398877 
3.837348510705 
3.837354395805 
3.837328017101 
3.837354035360 
3.837345209342 
3.837370926393 
3.837364913882 
3.837347594817 
3.837356554570 
3.837384865197 
3.837368131633 
3.837361734456 
3.837361915773 
3.837382103686 
3.837376078262 
3.837367860785 
3.837372847957 
3.837343501136 
3.837353039035 
3.837395885407 
3.837395088082 
3.837368801771 
3.837345405540 
3.837306791940 
3.837263920533 
3.837327362577 
3.837307219432 
3.837291893868 
3.837291893868 
3.837297944885 
3.837239363422 
3.837257956139 
3.837268147059 
3.837217885612 
3.837217704459 
3.837231952819 
3.837243185458 
3.837221118370 
3.837204060000 
3.837191456857 
3.837191456857 
3.837203830734 
3.837219373779 
3.837202768297 
3.837235534352 
3.837267460546 
3.837236456012 
3.837217936822 
3.837217936822 
3.837228893230 
3.837233744261 
3.837193863297 
3.837210497361 
3.837191038846 
3.837220822083 
3.837263599339 
3.837299086422 
3.837338803756 
3.837370764524 
3.837384907542 
3.837375971638 
3.837486732998 
3.837436497739 
3.837432890337 
3.837456754750 
3.837412806880 
3.837417350377 
3.837413303902 
3.837407346697 
3.837426795105 
3.837472676465 
3.837458567581 
3.837474432695 
3.837456789518 
3.837447427217 
3.837454824579 
3.837463984873 
3.837463692397 
3.837457249652 
3.837426979043 
3.837454649743 
3.837453579468 
3.837471240688 
3.837477688385 
3.837478853653 
3.837458312713 
3.837410884506 
3.837436462717 
3.837446294942 
3.837481771702 
3.837557657282 
3.837517646021 
3.837522333351 
3.837468967052 
3.837438447148 
3.837419888443 
3.837379386542 
3.837366730114 
3.837330962307 
3.837332008231 
3.837328186090 
3.837329630693 
3.837387138329 
3.837418625422 
3.837423877343 
3.837442537067 
3.837423836095 
3.837422086546 
3.837433475945 
3.837395248796 
3.837406615462 
3.837444209126 
3.837432970475 
3.837421599804 
3.837421599804 
3.837432699915 
3.837448676187 
3.837434055100 
3.837432379232 
3.837422809664 
3.837450484736 
3.837474802060 
3.837471933898 
3.837460239064 
3.837489556671 
3.837467305232 
3.837438044809 
3.837393879468 
3.837388740676 
3.837434436968 
3.837438315603 
3.837445367425 
3.837434553657 
3.837464658793 
3.837461045755 
3.837499318302 
3.837451736625 
3.837438088305 
3.837456031006 
3.837406335283 
3.837379093713 
3.837379601097 
3.837372814863 
3.837402249181 
3.837356208999 
3.837385255183 
3.837370320053 
3.837373023275 
3.837359494662 
3.837327295930 
3.837356429217 
3.837314159316 
3.837314159316 
3.837312355358 
3.837353753374 
3.837422699284 
3.837427969423 
3.837404313807 
3.837418190698 
3.837429240384 
3.837400010685 
3.837404098229 
3.837428091500 
3.837438272521 
3.837449421579 
3.837444463065 
3.837419769857 
3.837407604757 
3.837434299433 
3.837387219271 
3.837385577600 
3.837395990749 
3.837413397748 
3.837496104273 
3.837481689292 
3.837526859440 
3.837536111719 
3.837452510770 
3.837436591033 
3.837350150997 
3.837356531647 
3.837333340924 
3.837341256744 
3.837375189209 
3.837425899724 
3.837451364527 
3.837449154609 
3.837479055097 
3.837531893928 
3.837534411498 
3.837541349206 
3.837590233179 
3.837526494387 
3.837579384193 
3.837604853755 
3.837544992542 
3.837488544750 
3.837476591183 
3.837500407707 
3.837508898025 
3.837472029472 
3.837401601384 
3.837376321457 
3.837402249484 
3.837417692222 
3.837406411562 
3.837383782418 
3.837380859152 
3.837413777285 
3.837407817407 
3.837392689612 
3.837450846117 
3.837451652247 
3.837448663455 
3.837440942581 
3.837440942581 
3.837441481091 
3.837431069997 
3.837416102649 
3.837398495877 
3.837420760816 
3.837453769599 
3.837410781257 
3.837418293803 
3.837422164858 
3.837402803232 
3.837386694431 
3.837356226167 
3.837378956088 
3.837399279342 
3.837396401903 
3.837378796808 
3.837376008352 
3.837370678716 
3.837362627007 
3.837364008844 
3.837373488987 
3.837394062273 
3.837390887620 
3.837383328318 
3.837384317635 
3.837366680523 
3.837378182348 
3.837394082014 
3.837403958828 
3.837397667511 
3.837372911046 
3.837347776837 
3.837388525045 
3.837419576913 
3.837369754318 
3.837335588520 
3.837353900360 
3.837372453062 
3.837387986216 
3.837388107747 
3.837413462185 
3.837408966361 
3.837353377630 
3.837350484909 
3.837355242389 
3.837443659679 
3.837423454626 
3.837336392942 
3.837313009866 
3.837370864080 
3.837338299444 
3.837382038271 
3.837305674651 
3.837336282598 
3.837314207681 
3.837309231613 
3.837331643839 
3.837344365011 
3.837395854196 
3.837373339409 
3.837394797536 
3.837394462497 
3.837381637805 
3.837394302093 
3.837427222170 
3.837470169827 
3.837492072029 
3.837500776351 
3.837489840254 
3.837487345165 
3.837487345165 
3.837484094053 
3.837471846826 
3.837481847176 
3.837481847176 
3.837476129286 
3.837476764155 
3.837493557426 
3.837491411851 
3.837507354498 
3.837505771916 
3.837517169136 
3.837511389478 
3.837528775738 
3.837554980369 
3.837547146050 
3.837560285413 
3.837581028517 
3.837476833122 
3.837425759876 
3.837430835604 
3.837441059404 
3.837450668618 
3.837450627443 
3.837445569591 
3.837405652990 
3.837406622669 
3.837413765567 
3.837402701149 
3.837408474839 
3.837409166349 
3.837381633013 
3.837378725037 
3.837309211697 
3.837346269207 
3.837386341404 
3.837364883189 
3.837359103014 
3.837430868100 
3.837455832872 
3.837471050601 
3.837445871818 
3.837445205462 
3.837433661919 
3.837426145184 
3.837430470658 
3.837451204341 
3.837434042109 
3.837436031297 
3.837379877255 
3.837380664139 
3.837397907788 
3.837397907788 
3.837364656878 
3.837405078794 
3.837418726336 
3.837396432352 
3.837389763494 
3.837393434185 
3.837402277627 
3.837417150839 
3.837413250584 
3.837432168525 
3.837442463955 
3.837447368142 
3.837461903959 
3.837536122210 
3.837532160823 
3.837578758124 
3.837579815751 
3.837587749976 
3.837344757591 
3.837385061356 
3.837426220291 
3.837442228179 
3.837428286380 
3.837419905679 
3.837392553892 
3.837275802810 
3.837297831599 
3.837301848232 
3.837288907806 
3.837303940130 
3.837264612486 
3.837264612486 
3.837308812367 
3.837246143161 
3.837299212856 
3.837255869700 
3.837294797493 
3.837268591016 
3.837246684312 
3.837300508394 
3.837310902687 
3.837330117711 
3.837347232825 
3.837341002471 
3.837352149182 
3.837316820547 
3.837332741390 
3.837245787857 
3.837190413937 
3.837142944709 
3.837218810359 
3.837257701332 
3.837336940961 
3.837360975420 
3.837364069240 
3.837386687093 
3.837407979933 
3.837385805482 
3.837299962400 
3.837322078142 
3.837320344301 
3.837325490862 
3.837356747103 
3.837316874559 
3.837241478385 
3.837250229564 
3.837272036082 
3.837172770886 
3.837265036288 
3.837197112562 
3.837190473791 
3.837228150795 
3.837255405379 
3.837282686751 
3.837302111050 
3.837364870183 
3.837366108903 
3.837349124943 
3.837280180552 
3.837295310790 
3.837260161508 
3.837257268211 
3.837230022861 
3.837283030022 
3.837247531874 
3.837244961445 
3.837110378973 
3.837153268717 
3.837095937129 
3.837082615054 
3.837214299086 
3.837255696608 
3.837229544002 
3.837187656667 
3.837160524267 
3.837197840138 
3.837197840138 
3.837204957987 
3.837277370347 
3.837235258830 
3.837250298539 
3.837284230451 
3.837311077901 
3.837314513275 
3.837342293797 
3.837309309843 
3.837336621137 
3.837349519140 
3.837355919578 
3.837345797575 
3.837369223780 
3.837314021575 
3.837488501643 
3.837518111743 
3.837501508531 
3.837488585265 
3.837498803541 
3.837497851796 
3.837537013295 
3.837569433518 
3.837548108108 
3.837538652223 
3.837555209298 
3.837575092278 
3.837484573934 
3.837474841538 
3.837494489922 
3.837474130284 
3.837426812050 
3.837431012461 
3.837404947084 
3.837469570375 
3.837462713100 
3.837469532345 
3.837470270732 
3.837500961274 
3.837501627301 
3.837526324451 
3.837519890803 
3.837510618886 
3.837645249816 
3.837597265272 
3.837648107528 
3.837667139937 
3.837712627552 
3.837692613270 
3.837700971786 
3.837729780691 
3.837711630123 
3.837668689863 
3.837755178576 
3.837707261501 
3.837644163961 
3.837566281809 
3.837567915465 
3.837541094757 
3.837564387233 
3.837529654840 
3.837500823624 
3.837517038080 
3.837527395961 
3.837555048108 
3.837489402388 
3.837506514299 
3.837424417403 
3.837426627533 
3.837435091867 
3.837403064104 
3.837415608412 
3.837427337791 
3.837427337791 
3.837443140157 
3.837475682069 
3.837396751856 
3.837468760819 
3.837466173261 
3.837537165860 
3.837516108726 
3.837505534800 
3.837518367233 
3.837528828845 
3.837545704082 
3.837571943201 
3.837522603905 
3.837491400643 
3.837485739445 
3.837467416602 
3.837534562145 
3.837553908502 
3.837559324878 
3.837540622319 
3.837540199329 
3.837537133685 
3.837475352908 
3.837452448077 
3.837448683668 
3.837448683668 
3.837420536023 
3.837435089147 
3.837333354581 
3.837360510316 
3.837365502913 
3.837353731329 
3.837441249033 
3.837480295536 
3.837518291658 
3.837652861765 
3.837707566466 
3.837624541815 
3.837549330139 
3.837477232552 
3.837472299023 
3.837472299023 
3.837505356121 
3.837548615695 
3.837556379872 
3.837515811722 
3.837523649930 
3.837524109976 
3.837535632033 
3.837477558989 
3.837446810151 
3.837430959530 
3.837493607975 
3.837532923391 
3.837516803768 
3.837597392684 
3.837550715435 
3.837508870747 
3.837496407970 
3.837503044340 
3.837470761323 
3.837458273490 
3.837458273490 
3.837468699413 
3.837469718525 
3.837465501875 
3.837456007070 
3.837470666925 
3.837477842994 
3.837466560496 
3.837485263149 
3.837442333224 
3.837499823540 
3.837580745532 
3.837566136114 
3.837490318770 
3.837535063112 
3.837539343229 
3.837521846210 
3.837486478319 
3.837428275190 
3.837431659075 
3.837514959730 
3.837517606029 
3.837528425697 
3.837531010938 
3.837563437285 
3.837661466612 
3.837648012407 
3.837571117917 
3.837581484536 
3.837578685462 
3.837560621064 
3.837481506880 
3.837496225962 
3.837362806225 
3.837280517583 
3.837280517583 
3.837342370728 
3.837310440226 
3.837314088587 
3.837325761964 
3.837301845124 
3.837365467545 
3.837360282619 
3.837317785387 
3.837319697514 
3.837288079211 
3.837310163752 
3.837327561253 
3.837318738973 
3.837394199837 
3.837390966394 
3.837437731984 
3.837437731984 
3.837436093448 
3.837436093448 
3.837461932711 
3.837454564886 
3.837449629476 
3.837457330808 
3.837454869999 
3.837510645568 
3.837483216608 
3.837500161421 
3.837451298422 
3.837429867522 
3.837392000447 
3.837402368252 
3.837249257135 
3.837247642956 
3.837251008874 
3.837298020521 
3.837296034253 
3.837336187062 
3.837288355395 
3.837300980721 
3.837328190464 
3.837356154970 
3.837354722628 
3.837338537811 
3.837305007004 
3.837326588612 
3.837346916250 
3.837349590208 
3.837376196092 
3.837438475985 
3.837422345968 
3.837478085443 
3.837494395784 
3.837475950553 
3.837524836866 
3.837499431650 
3.837502577830 
3.837548410118 
3.837514441934 
3.837448361197 
3.837452944948 
3.837430313627 
3.837477345321 
3.837451317599 
3.837419587403 
3.837425557383 
3.837391622801 
3.837416949804 
3.837449038148 
3.837442187606 
3.837446580714 
3.837455352516 
3.837452953542 
3.837440286714 
3.837412629280 
3.837410028823 
3.837469084754 
3.837465834443 
3.837545908918 
3.837587698005 
3.837578236533 
3.837547248635 
3.837571197508 
3.837568325994 
3.837566478268 
3.837573492367 
3.837573819754 
3.837570757714 
3.837514298294 
3.837532916539 
3.837532916539 
3.837517724116 
3.837515311052 
3.837515503427 
3.837525482321 
3.837495840599 
3.837495335972 
3.837495505859 
3.837489380370 
3.837493960318 
3.837465785834 
3.837459843482 
3.837458484896 
3.837444295269 
3.837428431567 
3.837428431567 
3.837427814530 
3.837430477267 
3.837435898849 
3.837435898849 
3.837435534519 
3.837426737519 
3.837413367337 
3.837415286680 
3.837404457060 
3.837382393167 
3.837385022838 
3.837388110011 
3.837384298960 
3.837377861973 
3.837377861973 
3.837380476164 
3.837377687608 
3.837376932813 
3.837376109703 
3.837392065861 
3.837347318175 
3.837356525955 
3.837413966698 
3.837417601326 
3.837387192430 
3.837347248846 
3.837333578648 
3.837341862844 
3.837352563965 
3.837359715834 
3.837341569321 
3.837342075554 
3.837289611374 
3.837354797182 
3.837399907777 
3.837394772929 
3.837422155242 
3.837331321167 
3.837360208904 
3.837361709224 
3.837319497709 
3.837330857587 
3.837364792874 
3.837333679183 
3.837393499994 
3.837393727298 
3.837411046211 
3.837440920683 
3.837437034367 
3.837437336880 
3.837442358980 
3.837401050676 
3.837306620841 
3.837360606126 
3.837289371878 
3.837286995783 
3.837255202632 
3.837209826204 
3.837241262685 
3.837290656828 
3.837156093178 
3.837195549231 
3.837236760597 
3.837158661157 
3.837183983452 
3.837274050299 
3.837290711599 
3.837238874346 
3.837280709365 
3.837273949642 
3.837295718767 
3.837306453827 
3.837310376693 
3.837335557082 
3.837344268725 
3.837378916278 
3.837379204826 
3.837387519703 
3.837349347892 
3.837411377084 
3.837463395509 
3.837523773685 
3.837513641554 
3.837489573298 
3.837509954060 
3.837464329673 
3.837436507507 
3.837441015415 
3.837439667837 
3.837435416655 
3.837449370170 
3.837456067492 
3.837458063859 
3.837469280988 
3.837442264945 
3.837436971439 
3.837396093152 
3.837356574519 
3.837337466703 
3.837314531033 
3.837322484180 
3.837320690019 
3.837367611765 
3.837350169394 
3.837337195722 
3.837400829450 
3.837476285408 
3.837506878607 
3.837454227963 
3.837453421363 
3.837453683410 
3.837449060082 
3.837437081918 
3.837390369993 
3.837520153065 
3.837539372786 
3.837515764400 
3.837494445828 
3.837502232406 
3.837534886811 
3.837536743981 
3.837550796267 
3.837558406770 
3.837532915284 
3.837634622396 
3.837603779520 
3.837596110729 
3.837530212195 
3.837502018089 
3.837527922716 
3.837533357261 
3.837499945137 
3.837482640901 
3.837468412275 
3.837497932621 
3.837504582441 
3.837516703179 
3.837554767460 
3.837530923061 
3.837553520507 
3.837548480636 
3.837565698408 
3.837608689549 
3.837587623851 
3.837528028934 
3.837553661444 
3.837532125075 
3.837545558753 
3.837490586983 
3.837501056965 
3.837497081203 
3.837579428791 
3.837616635086 
3.837604814692 
3.837528308767 
3.837554216865 
3.837490622332 
3.837482073301 
3.837438287735 
3.837437372973 
3.837407981718 
3.837407871933 
3.837430934850 
3.837467197212 
3.837471840520 
3.837478555717 
3.837449813534 
3.837448745116 
3.837444424312 
3.837430194218 
3.837363997455 
3.837414151832 
3.837436001790 
3.837427523449 
3.837450513490 
3.837463063960 
3.837517503616 
3.837484312027 
3.837433021025 
3.837431638249 
3.837413265771 
3.837414185577 
3.837440371412 
3.837421854257 
3.837451381584 
3.837451818756 
3.837492590222 
3.837413972211 
3.837408767655 
3.837469701288 
3.837450677507 
3.837457585258 
3.837455351675 
3.837426347181 
3.837376890395 
3.837397180210 
3.837359446811 
3.837376204866 
3.837414058472 
3.837434942211 
3.837489323163 
3.837509995584 
3.837528412326 
3.837597062529 
3.837610498806 
3.837516608270 
3.837536353564 
3.837532064065 
3.837351296282 
3.837351363232 
3.837344786336 
3.837350188040 
3.837383102953 
3.837394681908 
3.837407967808 
3.837447801527 
3.837448822423 
3.837433650980 
3.837400341115 
3.837486089482 
3.837499731509 
3.837501946779 
3.837498962872 
3.837459140902 
3.837434682643 
3.837434872380 
3.837433419991 
3.837353327088 
3.837340810675 
3.837375800250 
3.837382291831 
3.837373592557 
3.837364218313 
3.837344687546 
3.837392513737 
3.837379333541 
3.837387540378 
3.837396689539 
3.837504530187 
3.837540764596 
3.837495107445 
3.837516016856 
3.837530665241 
3.837547315245 
3.837525208230 
3.837531809874 
3.837545388609 
3.837553624130 
3.837553352569 
3.837577954082 
3.837555910837 
3.837525132165 
3.837522359132 
3.837495802439 
3.837524412927 
3.837629491581 
3.837596729250 
3.837603077440 
3.837555597757 
3.837551522893 
3.837558002685 
3.837558002685 
3.837550323068 
3.837494606094 
3.837504133352 
3.837445353595 
3.837436981953 
3.837441255226 
3.837408178176 
3.837453105381 
3.837473516729 
3.837540249703 
3.837501805011 
3.837486435307 
3.837461773330 
3.837477977804 
3.837523737037 
3.837546911806 
3.837551088386 
3.837588669992 
3.837574576033 
3.837625660859 
3.837585841894 
3.837565398030 
3.837688772149 
3.837657130467 
3.837694286344 
3.837679789595 
3.837677596327 
3.837671777087 
3.837651301184 
3.837712318666 
3.837615302059 
3.837622770257 
3.837719944626 
3.837638196004 
3.837603041363 
3.837624941944 
3.837592264723 
3.837562283985 
3.837581743390 
3.837656917656 
3.837315398069 
3.837347662805 
3.837356526318 
3.837354331906 
3.837353797901 
3.837346809212 
3.837335356779 
3.837355396308 
3.837404640842 
3.837416233856 
3.837411138401 
3.837383934895 
3.837377446277 
3.837376749737 
3.837402029082 
3.837394970082 
3.837384072609 
3.837339260989 
3.837343000503 
3.837256827776 
3.837320041556 
3.837361830119 
3.837282736979 
3.837221008179 
3.837237830167 
3.837240431706 
3.837166066129 
3.837290584513 
3.837244998622 
3.837261814504 
3.837394586211 
3.837397923110 
3.837390033946 
3.837390153044 
3.837383185507 
3.837417809548 
3.837422116125 
3.837392275423 
3.837420828910 
3.837437012473 
3.837407249154 
3.837383051127 
3.837423081584 
3.837468595777 
3.837486975873 
3.837539119411 
3.837405117907 
3.837476366732 
3.837429574469 
3.837445324909 
3.837475547560 
3.837442670695 
3.837439602639 
3.837460672353 
3.837459537403 
3.837475836774 
3.837511088916 
3.837510113374 
3.837531880584 
3.837514907440 
3.837539431316 
3.837534757504 
3.837488198750 
3.837504306772 
3.837521855255 
3.837522976577 
3.837522976577 
3.837495764547 
3.837495764547 
3.837506174545 
3.837450843688 
3.837450843688 
3.837434817274 
3.837399413787 
3.837406704520 
3.837406704520 
3.837401361297 
3.837406680672 
3.837393654953 
3.837390528937 
3.837403674311 
3.837403674311 
3.837406110676 
3.837418559758 
3.837383341038 
3.837375903002 
3.837377534178 
3.837378097088 
3.837372899723 
3.837367958748 
3.837398613141 
3.837392976925 
3.837395296570 
3.837395296570 
3.837430267650 
3.837498270448 
3.837537459791 
3.837532758585 
3.837484960569 
3.837514678570 
3.837555595321 
3.837500005758 
3.837495854795 
3.837543978319 
3.837516875462 
3.837514904148 
3.837532108661 
3.837486290807 
3.837422610315 
3.837421488845 
3.837426255579 
3.837418731579 
3.837405970300 
3.837373746530 
3.837441662211 
3.837535168992 
3.837538734484 
3.837529286880 
3.837534966342 
3.837536335941 
3.837550877848 
3.837556408142 
3.837552882155 
3.837665650291 
3.837619544977 
3.837574857747 
3.837577188029 
3.837609373713 
3.837504666946 
3.837504666946 
3.837509193814 
3.837481778322 
3.837508356301 
3.837531313114 
3.837478800358 
3.837434013941 
3.837455580744 
3.837394299894 
3.837408877266 
3.837342706646 
3.837289057111 
3.837306327234 
3.837311129619 
3.837318914418 
3.837256781860 
3.837275773410 
3.837289922354 
3.837307828176 
3.837383382601 
3.837415715288 
3.837427825771 
3.837434653533 
3.837428761387 
3.837383937480 
3.837383937480 
3.837378499301 
3.837395232358 
3.837411991965 
3.837422811323 
3.837421387584 
3.837423984944 
3.837404969345 
3.837456385527 
3.837384173782 
3.837409705429 
3.837420300018 
3.837429109790 
3.837389035886 
3.837266000103 
3.837248195548 
3.837329414121 
3.837397631464 
3.837324388868 
3.837363004304 
3.837403749841 
3.837451370568 
3.837475886097 
3.837536271333 
3.837520001752 
3.837515816960 
3.837548431003 
3.837532121087 
3.837517152348 
3.837555389130 
3.837566671849 
3.837546508605 
3.837499926508 
3.837573274751 
3.837553531532 
3.837495296677 
3.837526944460 
3.837473510001 
3.837473049846 
3.837518496667 
3.837503511346 
3.837454543782 
3.837432169542 
3.837420153220 
3.837454567763 
3.837405912511 
3.837407064245 
3.837433921869 
3.837436018478 
3.837460792129 
3.837431076339 
3.837419832559 
3.837413484424 
3.837351447619 
3.837338205710 
3.837334574276 
3.837280513323 
3.837256306137 
3.837272457481 
3.837225699507 
3.837241571993 
3.837300065547 
3.837350476875 
3.837277791034 
3.837292923016 
3.837295915037 
3.837248606783 
3.837305511024 
3.837281218973 
3.837261439692 
3.837272169095 
3.837291199318 
3.837235358892 
3.837245871115 
3.837256555344 
3.837315634377 
3.837270337936 
3.837325851408 
3.837310466281 
3.837305706423 
3.837322820927 
3.837284617023 
3.837272280345 
3.837273828268 
3.837303681316 
3.837251502882 
3.837224388809 
3.837180844370 
3.837174616586 
3.837192254181 
3.837260550709 
3.837336809222 
3.837314295299 
3.837304390351 
3.837411020498 
3.837419175488 
3.837428811156 
3.837475313507 
3.837471275414 
3.837419298605 
3.837426387405 
3.837437433762 
3.837462150326 
3.837431687554 
3.837428555716 
3.837387444616 
3.837343648535 
3.837324620587 
3.837309104439 
3.837332004689 
3.837316491164 
3.837319338715 
3.837337976728 
3.837338765443 
3.837336971517 
3.837330465588 
3.837351043993 
3.837356708840 
3.837352646717 
3.837372047037 
3.837299931655 
3.837333577816 
3.837348979265 
3.837348979265 
3.837348979265 
3.837348979265 
3.837348979265 
3.837348979265 
3.837489106226 
3.837489106226 
3.837489179589 
3.837498913541 
3.837556038802 
3.837557087787 
3.837567817581 
3.837529063395 
3.837550990990 
3.837504838720 
3.837550624401 
3.837519236218 
3.837543678641 
3.837549884953 
3.837534783916 
3.837537689924 
3.837638449329 
3.837648803260 
3.837614649809 
3.837614649809 
3.837567933170 
3.837570055070 
3.837552689475 
3.837557696035 
3.837549265897 
3.837537561969 
3.837519647109 
3.837594165423 
3.837535400945 
3.837518703026 
3.837459098778 
3.837468578397 
3.837420458086 
3.837432316031 
3.837355167154 
3.837338024099 
3.837381173298 
3.837361861311 
3.837359266377 
3.837307814745 
3.837297311797 
3.837291970604 
3.837422986966 
3.837424221025 
3.837420429840 
3.837395737194 
3.837398904018 
3.837259907261 
3.837211673261 
3.837215884807 
3.837303004905 
3.837297859844 
3.837296569185 
3.837312708646 
3.837339441424 
3.837290229434 
3.837261145057 
3.837288217135 
3.837290234367 
3.837285453096 
3.837264258394 
3.837282903275 
3.837270742194 
3.837283316532 
3.837253207498 
3.837217326005 
3.837225834453 
3.837248652763 
3.837147592251 
3.837173492194 
3.837165765696 
3.837208999595 
3.837191812824 
3.837206554374 
3.837287619583 
3.837284417376 
3.837285491568 
3.837319230968 
3.837294431079 
3.837321064736 
3.837350654122 
3.837386852290 
3.837340745552 
3.837340159492 
3.837345291350 
3.837362386344 
3.837377944727 
3.837323740340 
3.837337995236 
3.837373878384 
3.837376701500 
3.837372729120 
3.837384477376 
3.837378423945 
3.837657437314 
3.837616360245 
3.837754705170 
3.837661457391 
3.837610124651 
3.837658034287 
3.837638124275 
3.837638124275 
3.837638124275 
3.837626088472 
3.837568143838 
3.837527985994 
3.837522176050 
3.837518702551 
3.837608468385 
3.837696721141 
3.837622701797 
3.837536845808 
3.837546772050 
3.837414917571 
3.837333471191 
3.837380559586 
3.837390717846 
3.837333871345 
3.837304652434 
3.837303904998 
3.837397438502 
3.837373565264 
3.837349968151 
3.837408254953 
3.837396994704 
3.837389352503 
3.837395902932 
3.837505695341 
3.837541315816 
3.837526682743 
3.837510132378 
3.837571338710 
3.837631107452 
3.837643329760 
3.837652725713 
3.837658518961 
3.837648466319 
3.837588373452 
3.837629118911 
3.837647650244 
3.837635740498 
3.837612378874 
3.837595306744 
3.837616916212 
3.837579158440 
3.837629255822 
3.837593200648 
3.837652832999 
3.837613461395 
3.837622694346 
3.837556156576 
3.837520169137 
3.837488973547 
3.837520904740 
3.837521753559 
3.837519777499 
3.837427013168 
3.837396754841 
3.837394555840 
3.837382222463 
3.837375646741 
3.837392991698 
3.837395461376 
3.837395332778 
3.837301389237 
3.837269125871 
3.837332832177 
3.837348646778 
3.837409087033 
3.837395470242 
3.837375903534 
3.837370228201 
3.837308271247 
3.837320818185 
3.837369137606 
3.837343796729 
3.837334304419 
3.837343763926 
3.837369001741 
3.837382480154 
3.837397323641 
3.837367486523 
3.837373790332 
3.837380357928 
3.837386757023 
3.837360556748 
3.837372061086 
3.837359115779 
3.837544016411 
3.837541173789 
3.837576519779 
3.837578358484 
3.837594135339 
3.837624279355 
3.837512441188 
3.837511727123 
3.837530925312 
3.837563222864 
3.837536937133 
3.837576212043 
3.837577576332 
3.837571504226 
3.837622974313 
3.837574296784 
3.837650563889 
3.837635582962 
3.837761850024 
3.837647609597 
3.837606844827 
3.837624211781 
3.837605761704 
3.837502560714 
3.837558469056 
3.837564975815 
3.837528193146 
3.837553683854 
3.837510401184 
3.837525385837 
3.837524760153 
3.837538918061 
3.837524937228 
3.837559927050 
3.837551614303 
3.837630651601 
3.837602929693 
3.837758112872 
3.837739158134 
3.837532650462 
3.837563822977 
3.837586465505 
3.837537121943 
3.837478885645 
3.837469836139 
3.837483484748 
3.837612640115 
3.837567030142 
3.837533884105 
3.837429191129 
3.837359200568 
3.837377959629 
3.837390899348 
3.837448851723 
3.837424874790 
3.837361421039 
3.837349942345 
3.837311328808 
3.837368196445 
3.837314182474 
3.837340959033 
3.837378500092 
3.837330743723 
3.837351894626 
3.837354756973 
3.837352623051 
3.837351827060 
3.837380737655 
3.837320003185 
3.837334167532 
3.837270768719 
3.837256609615 
3.837262515194 
3.837188559670 
3.837170187207 
3.837174564586 
3.837187509270 
3.837214635744 
3.837202584273 
3.837239773546 
3.837249025497 
3.837227446287 
3.837190099671 
3.837168592587 
3.837161641870 
3.837140725703 
3.837170168207 
3.837085428372 
3.837230142099 
3.837290229173 
3.837267859095 
3.837257666216 
3.837349391264 
3.837272743942 
3.837465617101 
3.837471921045 
3.837399992516 
3.837386101167 
3.837409674103 
3.837319852777 
3.837305559284 
3.837319398555 
3.837315091811 
3.837298704649 
3.837298486633 
3.837383495365 
3.837351851021 
3.837350008701 
3.837290777575 
3.837307225821 
3.837329701332 
3.837339078906 
3.837407685012 
3.837390417474 
3.837412251297 
3.837434871957 
3.837476100057 
3.837518743878 
3.837492858088 
3.837490904405 
3.837490976888 
3.837479764372 
3.837560421452 
3.837503385874 
3.837503886979 
3.837534953010 
3.837554476516 
3.837543100773 
3.837588836488 
3.837511484515 
3.837478844292 
3.837497398405 
3.837476897748 
3.837548611385 
3.837555247502 
3.837548662170 
3.837576443252 
3.837627076560 
3.837622360616 
3.837580228744 
3.837573901846 
3.837628783011 
3.837556008704 
3.837570489497 
3.837624191056 
3.837637424140 
3.837555747682 
3.837549122915 
3.837624170252 
3.837562029131 
3.837514265738 
3.837527751955 
3.837546816847 
3.837594319505 
3.837581352439 
3.837587325982 
3.837681769073 
3.837442421156 
3.837444694791 
3.837466572032 
3.837482682930 
3.837517990029 
3.837524764668 
3.837490078716 
3.837489033752 
3.837488638048 
3.837515380838 
3.837526415763 
3.837529771855 
3.837503413075 
3.837532656530 
3.837519433837 
3.837520348254 
3.837432996969 
3.837449246130 
3.837457661459 
3.837457661459 
3.837438642906 
3.837444983575 
3.837443918653 
3.837460683919 
3.837452401576 
3.837412018054 
3.837400983975 
3.837390447027 
3.837406545117 
3.837374265831 
3.837369815244 
3.837338108592 
3.837379116361 
3.837389693071 
3.837375761420 
3.837412347925 
3.837422028750 
3.837408244081 
3.837420639270 
3.837435832703 
3.837434409472 
3.837495161612 
3.837529394932 
3.837597874067 
3.837649514837 
3.837683987954 
3.837633028433 
3.837787130330 
3.837698070898 
3.837741164915 
3.837756563588 
3.837614661692 
3.837696434065 
3.837576536507 
3.837584600500 
3.837579833637 
3.837598693971 
3.837547500953 
3.837547500953 
3.837547296962 
3.837511996751 
3.837488355232 
3.837531429052 
3.837532749829 
3.837454280137 
3.837529971513 
3.837496127602 
3.837501278647 
3.837505459256 
3.837469107970 
3.837522342073 
3.837489312599 
3.837537100670 
3.837521361950 
3.837445436812 
3.837363638468 
3.837363792674 
3.837351652215 
3.837358919139 
3.837377509204 
3.837367543325 
3.837364294896 
3.837392562014 
3.837412574775 
3.837396055714 
3.837375515291 
3.837352383758 
3.837362619449 
3.837346147209 
3.837362987626 
3.837379353408 
3.837352496958 
3.837419368629 
3.837421773940 
3.837407299609 
3.837396332864 
3.837401539044 
3.837408382015 
3.837405768108 
3.837419270241 
3.837482926693 
3.837539601193 
3.837522352980 
3.837538044753 
3.837523346181 
3.837517130011 
3.837546831953 
3.837551672293 
3.837549470234 
3.837545874204 
3.837525940872 
3.837530425699 
3.837510838777 
3.837513656958 
3.837495677012 
3.837526950554 
3.837516414200 
3.837537738697 
3.837534023837 
3.837518321500 
3.837457389182 
3.837463941729 
3.837468152030 
3.837457361892 
3.837457749513 
3.837442646992 
3.837433090113 
3.837468830030 
3.837415196847 
3.837382325680 
3.837401909123 
3.837415197035 
3.837308252942 
3.837361978383 
3.837309121316 
3.837368561804 
3.837326997295 
3.837296958712 
3.837333674842 
3.837312869147 
3.837345143884 
3.837337226645 
3.837333030790 
3.837329434249 
3.837353845602 
3.837337114792 
3.837331365832 
3.837362369884 
3.837398097849 
3.837419180687 
3.837460995401 
3.837500352320 
3.837493720286 
3.837494677521 
3.837539501281 
3.837537390362 
3.837529782407 
3.837525041623 
3.837577119556 
3.837594680494 
3.837546484647 
3.837561346845 
3.837530432458 
3.837506283380 
3.837503716780 
3.837504650298 
3.837559951712 
3.837546434293 
3.837452697812 
3.837496102950 
3.837445550443 
3.837503949518 
3.837498571519 
3.837522594296 
3.837562142198 
3.837521288343 
3.837546257392 
3.837495460586 
3.837472501888 
3.837473536073 
3.837438307423 
3.837431802849 
3.837434969098 
3.837513702169 
3.837548883340 
3.837572995490 
3.837551648452 
3.837600947896 
3.837595847663 
3.837572677114 
3.837571337295 
3.837570451194 
3.837530823917 
3.837522157618 
3.837488208147 
3.837501641533 
3.837521696389 
3.837431481529 
3.837463319990 
3.837467286454 
3.837528173610 
3.837478515972 
3.837462378580 
3.837531218859 
3.837558146107 
3.837560799616 
3.837504052532 
3.837547635899 
3.837562648592 
3.837558345010 
3.837559002724 
3.837584207351 
3.837477587640 
3.837476221218 
3.837481325119 
3.837524846373 
3.837533283422 
3.837493025021 
3.837494692922 
3.837432210754 
3.837445358661 
3.837437014150 
3.837424899645 
3.837418591820 
3.837375093915 
3.837512308198 
3.837510787564 
3.837530081686 
3.837461096001 
3.837405045605 
3.837422234729 
3.837428196122 
3.837427124703 
3.837471166568 
3.837495442810 
3.837430567969 
3.837408306971 
3.837431059657 
3.837454590275 
3.837465191577 
3.837464826774 
3.837479881534 
3.837485419194 
3.837497787241 
3.837479869590 
3.837495208433 
3.837501120300 
3.837474410375 
3.837483507742 
3.837510954055 
3.837526701424 
3.837524004930 
3.837583627845 
3.837549294199 
3.837557435794 
3.837524544927 
3.837521484162 
3.837495719965 
3.837532109380 
3.837533843690 
3.837512400131 
3.837489519495 
3.837472536814 
3.837472536814 
3.837520757798 
3.837555086003 
3.837537259685 
3.837600272324 
3.837615786256 
3.837613967605 
3.837626121363 
3.837648235978 
3.837653890924 
3.837666027351 
3.837641104137 
3.837644703320 
3.837586954261 
3.837620159819 
3.837619692782 
3.837611198241 
3.837569992471 
3.837560464766 
3.837545713957 
3.837592243765 
3.837584231516 
3.837602984648 
3.837605102932 
3.837606171777 
3.837649127688 
3.837599381746 
3.837599307606 
3.837615954881 
3.837678216030 
3.837643713642 
3.837600369830 
3.837671163467 
3.837599762503 
3.837609604909 
3.837609604909 
3.837720328061 
3.837690508576 
3.837661084978 
3.837652452299 
3.837722005015 
3.837748873741 
3.837776642778 
3.837790512146 
3.837815551361 
3.837771965236 
3.837770247549 
3.837732240368 
3.837725234951 
3.837763311092 
3.837555332921 
3.837558333194 
3.837461279564 
3.837482759798 
3.837475430298 
3.837429911343 
3.837429137320 
3.837422547202 
3.837410318387 
3.837447501904 
3.837493232364 
3.837497640885 
3.837498578655 
3.837508691554 
3.837510089221 
3.837512555872 
3.837491796513 
3.837475412518 
3.837517779691 
3.837486531898 
3.837445766837 
3.837410881491 
3.837336722698 
3.837320337655 
3.837410382434 
3.837525192395 
3.837536618716 
3.837539520254 
3.837526928632 
3.837522179799 
3.837535160796 
3.837513902052 
3.837509974050 
3.837508719437 
3.837522044762 
3.837417932885 
3.837407985253 
3.837400956906 
3.837408443824 
3.837409987440 
3.837411462040 
3.837473777233 
3.837391344180 
3.837452968132 
3.837452968132 
3.837451956541 
3.837455844200 
3.837379971343 
3.837380132804 
3.837336227795 
3.837361246956 
3.837335016107 
3.837339250919 
3.837382428216 
3.837392905891 
3.837384136590 
3.837349699666 
3.837335030464 
3.837309890562 
3.837345418358 
3.837347172168 
3.837391162428 
3.837377864943 
3.837349013383 
3.837364645076 
3.837348966554 
3.837368274772 
3.837413213124 
3.837431108250 
3.837424541344 
3.837431201035 
3.837430459307 
3.837380021546 
3.837353674491 
3.837383613236 
3.837411607943 
3.837404666844 
3.837409497849 
3.837409617345 
3.837404954196 
3.837355297636 
3.837343330417 
3.837350353847 
3.837394127149 
3.837374007654 
3.837366412588 
3.837408621217 
3.837411707493 
3.837474360761 
3.837423848272 
3.837423848272 
3.837383905438 
3.837311548190 
3.837315594847 
3.837300745694 
3.837300745694 
3.837307382023 
3.837295119702 
3.837249260208 
3.837290374242 
3.837433100302 
3.837445273777 
3.837445273777 
3.837460844119 
3.837460844119 
3.837473192790 
3.837482184341 
3.837451101233 
3.837456548317 
3.837529486352 
3.837666194018 
3.837610157424 
3.837649347263 
3.837620034186 
3.837620034186 
3.837626033152 
3.837622174619 
3.837657076676 
3.837610552251 
3.837627381852 
3.837578919733 
3.837575844117 
3.837576035555 
3.837595858674 
3.837577609991 
3.837623619668 
3.837653569911 
3.837639306071 
3.837632001591 
3.837650889928 
3.837552850772 
3.837547637979 
3.837538227096 
3.837511742178 
3.837548867901 
3.837527561605 
3.837539579787 
3.837522164732 
3.837448770485 
3.837475346890 
3.837506260953 
3.837403647956 
3.837392189865 
3.837386854409 
3.837453818027 
3.837459283723 
3.837462967332 
3.837435831916 
3.837440208240 
3.837366839554 
3.837377477035 
3.837377503907 
3.837397324803 
3.837398476621 
3.837419711245 
3.837421712080 
3.837408604225 
3.837471127999 
3.837475586945 
3.837289510149 
3.837288456896 
3.837283587356 
3.837288551179 
3.837294123256 
3.837346913108 
3.837360123367 
3.837363194965 
3.837331365907 
3.837283484917 
3.837225050143 
3.837223357105 
3.837224154668 
3.837224154668 
3.837267256130 
3.837267256130 
3.837262955942 
3.837267184785 
3.837294761480 
3.837349527613 
3.837212742244 
3.837310481172 
3.837309687501 
3.837343302847 
3.837344813717 
3.837396327753 
3.837343199174 
3.837408895819 
3.837352398458 
3.837331407699 
3.837331407699 
3.837286484067 
3.837324893599 
3.837330148467 
3.837303877946 
3.837310258830 
3.837297070034 
3.837293457155 
3.837353295959 
3.837369421360 
3.837335142678 
3.837367779604 
3.837369824062 
3.837367133280 
3.837382466467 
3.837367931826 
3.837368413399 
3.837314348983 
3.837327763790 
3.837274024816 
3.837273794243 
3.837321624945 
3.837364099941 
3.837411055703 
3.837376137374 
3.837394704470 
3.837398728071 
3.837428666958 
3.837546728651 
3.837478303330 
3.837484896297 
3.837535433699 
3.837526694624 
3.837552161838 
3.837551298716 
3.837578362374 
3.837608251650 
3.837580630524 
3.837677714015 
3.837717801089 
3.837667785474 
3.837656511673 
3.837621869232 
3.837563385535 
3.837563385535 
3.837552134794 
3.837528510648 
3.837586557958 
3.837543511407 
3.837505157155 
3.837502916646 
3.837498212666 
3.837508627358 
3.837522158484 
3.837554010714 
3.837538383439 
3.837560500971 
3.837570416666 
3.837580396295 
3.837516543160 
3.837522207363 
3.837591959285 
3.837520837673 
3.837600324735 
3.837637189725 
3.837633258900 
3.837616034452 
3.837643436823 
3.837669392905 
3.837638435527 
3.837587322872 
3.837615017909 
3.837626698181 
3.837725339792 
3.837701010694 
3.837636193511 
3.837685645383 
3.837634971428 
3.837690774072 
3.837667667436 
3.837648829431 
3.837579164647 
3.837535715800 
3.837557206162 
3.837401123047 
3.837405896052 
3.837405477568 
3.837411777314 
3.837313529970 
3.837321884921 
3.837277653212 
3.837206171383 
3.837247156566 
3.837335799190 
3.837310131883 
3.837319762566 
3.837345205576 
3.837347863436 
3.837334585107 
3.837324267802 
3.837317001396 
3.837308792762 
3.837318866287 
3.837385485988 
3.837412040352 
3.837405436200 
3.837387335927 
3.837371723121 
3.837372394369 
3.837376027662 
3.837388449357 
3.837409987032 
3.837415458828 
3.837439395276 
3.837443685702 
3.837446480355 
3.837442041549 
3.837446937789 
3.837448352224 
3.837457843930 
3.837542200826 
3.837547459657 
3.837531105215 
3.837512905044 
3.837524451534 
3.837510289996 
3.837530803302 
3.837539185270 
3.837568534075 
3.837571934891 
3.837572877675 
3.837561239864 
3.837561239864 
3.837561239864 
3.837561239864 
3.837520618426 
3.837520618426 
3.837518710244 
3.837530400292 
3.837530400292 
3.837505040852 
3.837502113960 
3.837504898749 
3.837504702731 
3.837503525686 
3.837478851832 
3.837481071026 
3.837474285574 
3.837460686185 
3.837446875982 
3.837481894416 
3.837489074757 
3.837388802250 
3.837346203070 
3.837344746094 
3.837369488309 
3.837437441289 
3.837469702431 
3.837466172681 
3.837450686440 
3.837455298137 
3.837387073758 
3.837401397838 
3.837425757916 
3.837419550397 
3.837460962681 
3.837449489948 
3.837506683297 
3.837449901232 
3.837393940922 
3.837411071902 
3.837386441298 
3.837429053900 
3.837404975590 
3.837397257648 
3.837327150760 
3.837283258576 
3.837291261395 
3.837310935127 
3.837304144027 
3.837298246468 
3.837310358119 
3.837251572476 
3.837302198262 
3.837295869391 
3.837347627507 
3.837407357348 
3.837348734319 
3.837362022285 
3.837361169289 
3.837369890152 
3.837388672769 
3.837341894309 
3.837328890599 
3.837358337583 
3.837386922752 
3.837391452087 
3.837379816501 
3.837334701240 
3.837349835411 
3.837302182773 
3.837315692955 
3.837306903619 
3.837309603539 
3.837359669605 
3.837493810489 
3.837488105345 
3.837501758939 
3.837458555403 
3.837420835794 
3.837451065520 
3.837449291855 
3.837443404302 
3.837415138016 
3.837356101933 
3.837456246618 
3.837455855654 
3.837450411633 
3.837487782090 
3.837584514583 
3.837546661529 
3.837568983616 
3.837577387838 
3.837558751399 
3.837567976875 
3.837532794491 
3.837507156760 
3.837499416835 
3.837527568809 
3.837545128036 
3.837587083873 
3.837562736770 
3.837571621560 
3.837582528090 
3.837568022896 
3.837564155800 
3.837550219217 
3.837585508351 
3.837591644696 
3.837551028539 
3.837565598959 
3.837593725353 
3.837559229011 
3.837547950853 
3.837543881147 
3.837558684734 
3.837641902384 
3.837610735032 
3.837593774485 
3.837573928991 
3.837560322041 
3.837599338030 
3.837609353174 
3.837608029484 
3.837646872730 
3.837633465321 
3.837711616397 
3.837692414718 
3.837737230533 
3.837706569881 
3.837726638496 
3.837699672657 
3.837653286825 
3.837663265608 
3.837717106864 
3.837694969148 
3.837720320127 
3.837731832397 
3.837684393657 
3.837675511216 
3.837768518171 
3.837645745192 
3.837763829190 
3.837555946227 
3.837599758738 
3.837563924992 
3.837572914775 
3.837529333527 
3.837629997492 
3.837613868872 
3.837624990418 
3.837486931115 
3.837482791847 
3.837497436363 
3.837548763416 
3.837539532318 
3.837528156131 
3.837554333402 
3.837532308483 
3.837564220416 
3.837580300319 
3.837541772672 
3.837542939215 
3.837506758044 
3.837455815389 
3.837479020614 
3.837443097958 
3.837456653999 
3.837437003339 
3.837472732993 
3.837497741453 
3.837517342836 
3.837513300699 
3.837521043994 
3.837513977732 
3.837547214318 
3.837565706576 
3.837581772817 
3.837526523264 
3.837539507747 
3.837519752719 
3.837488917807 
3.837503040574 
3.837523431155 
3.837557738991 
3.837501417242 
3.837509629136 
3.837497273778 
3.837524411099 
3.837524411099 
3.837518788976 
3.837518260754 
3.837519376772 
3.837459728107 
3.837476338489 
3.837517226070 
3.837467310238 
3.837479411039 
3.837486754274 
3.837455003670 
3.837315210739 
3.837320970148 
3.837305875018 
3.837235817260 
3.837237634489 
3.837242955454 
3.837218693250 
3.837215721355 
3.837208112514 
3.837287589937 
3.837305854657 
3.837301107029 
3.837328520775 
3.837347425353 
3.837461007622 
3.837476435102 
3.837487731504 
3.837514101948 
3.837508263451 
3.837526588154 
3.837517940928 
3.837515651658 
3.837488175193 
3.837461406510 
3.837477059610 
3.837532376231 
3.837509476935 
3.837533442372 
3.837509014553 
3.837409760218 
3.837410169051 
3.837333133333 
3.837342278285 
3.837356842468 
3.837426631013 
3.837399899283 
3.837424335341 
3.837438268155 
3.837429999012 
3.837419093254 
3.837428614128 
3.837445715332 
3.837458386123 
3.837493785265 
3.837465960637 
3.837497825385 
3.837507411762 
3.837465272120 
3.837367994030 
3.837319605719 
3.837357275439 
3.837307824485 
3.837262632463 
3.837223821512 
3.837280157001 
3.837234306664 
3.837278279463 
3.837243399468 
3.837243399468 
3.837295694296 
3.837297472048 
3.837313446233 
3.837313869054 
3.837312979106 
3.837310243897 
3.837282637138 
3.837271753934 
3.837276913712 
3.837382590711 
3.837401927064 
3.837426369479 
3.837565245494 
3.837569385784 
3.837535990789 
3.837419289332 
3.837429626457 
3.837428071526 
3.837401221612 
3.837350972740 
3.837339584299 
3.837427313913 
3.837429639897 
3.837424766653 
3.837385815022 
3.837440174243 
3.837416196815 
3.837440176207 
3.837486749713 
3.837489744274 
3.837489744274 
3.837486238751 
3.837487969283 
3.837477831015 
3.837505562425 
3.837547083383 
3.837547083383 
3.837523922306 
3.837514170126 
3.837470817081 
3.837470556396 
3.837492684935 
3.837477142770 
3.837463793581 
3.837461309038 
3.837491393117 
3.837560178723 
3.837527278662 
3.837552077016 
3.837643083756 
3.837597236921 
3.837589402620 
3.837556661088 
3.837538945485 
3.837509679566 
3.837492945393 
3.837422764542 
3.837407677943 
3.837395913848 
3.837400341826 
3.837426274042 
3.837424136251 
3.837395984039 
3.837398406355 
3.837443000526 
3.837453204889 
3.837453330704 
3.837464361538 
3.837452561321 
3.837461356078 
3.837374352372 
3.837383174552 
3.837408983371 
3.837437543066 
3.837455011808 
3.837494423467 
3.837568549089 
3.837543008168 
3.837557003477 
3.837504166852 
3.837420832452 
3.837622461002 
3.837622461002 
3.837577425600 
3.837572799580 
3.837588005989 
3.837620423073 
3.837550634492 
3.837561630580 
3.837551923702 
3.837506552387 
3.837553694268 
3.837567198885 
3.837613861432 
3.837651296084 
3.837640827172 
3.837666948790 
3.837641174903 
3.837646707505 
3.837654060531 
3.837499326915 
3.837458062086 
3.837484885215 
3.837486157978 
3.837484566670 
3.837532151540 
3.837516360359 
3.837467517002 
3.837483448770 
3.837555244581 
3.837518431684 
3.837564540613 
3.837564091192 
3.837551599149 
3.837494563700 
3.837509573726 
3.837484004227 
3.837507497857 
3.837507564652 
3.837587994232 
3.837563121068 
3.837547723947 
3.837564253889 
3.837555390526 
3.837588652962 
3.837598729208 
3.837585943153 
3.837588447329 
3.837571916736 
3.837565951677 
3.837696194831 
3.837701681454 
3.837627377269 
3.837657675060 
3.837617874377 
3.837572436444 
3.837481375055 
3.837559929188 
3.837529199883 
3.837563603939 
3.837599356500 
3.837589350901 
3.837562745076 
3.837585166219 
3.837584978670 
3.837557891640 
3.837561861899 
3.837554804548 
3.837566268301 
3.837567557040 
3.837555941806 
3.837554759408 
3.837551877307 
3.837582068618 
3.837589584529 
3.837535691907 
3.837524404837 
3.837519521380 
3.837568546870 
3.837484727276 
3.837511620815 
3.837559389210 
3.837660418731 
3.837594059679 
3.837617576099 
3.837634649671 
3.837619788937 
3.837552189448 
3.837566426980 
3.837560019239 
3.837534034364 
3.837676759564 
3.837703858203 
3.837669051317 
3.837535554143 
3.837508137537 
3.837495203954 
3.837510629233 
3.837494012338 
3.837511150725 
3.837507119108 
3.837411521648 
3.837426401956 
3.837426401956 
3.837381750898 
3.837376737196 
3.837354627343 
3.837371527283 
3.837392198051 
3.837411084065 
3.837441194176 
3.837438578933 
3.837536927730 
3.837517275577 
3.837488185621 
3.837479693762 
3.837502458726 
3.837474795681 
3.837467325543 
3.837518072603 
3.837465751851 
3.837406521667 
3.837414114370 
3.837441377966 
3.837454371738 
3.837429715347 
3.837430056310 
3.837382407492 
3.837400718756 
3.837408031009 
3.837430122396 
3.837393633538 
3.837407987973 
3.837377107858 
3.837388811232 
3.837373193014 
3.837427769398 
3.837394899611 
3.837388398737 
3.837380940356 
3.837366111394 
3.837412597573 
3.837408520761 
3.837401294172 
3.837397515889 
3.837420119155 
3.837386366263 
3.837390740545 
3.837394357679 
3.837369270235 
3.837370897061 
3.837395917249 
3.837300247759 
3.837284104609 
3.837291919619 
3.837302058182 
3.837294788344 
3.837247775395 
3.837282068738 
3.837321648217 
3.837317376574 
3.837320661895 
3.837365824584 
3.837312051376 
3.837325594553 
3.837303974116 
3.837300366605 
3.837344468350 
3.837333860655 
3.837322365449 
3.837387968520 
3.837392032950 
3.837445762193 
3.837488870188 
3.837473284085 
3.837422738987 
3.837433166730 
3.837387563094 
3.837367954595 
3.837325921485 
3.837288809056 
3.837306176136 
3.837298605093 
3.837271283592 
3.837305166934 
3.837249274982 
3.837301316100 
3.837286267835 
3.837264569826 
3.837254458722 
3.837296262260 
3.837195211043 
3.837228662061 
3.837189867729 
3.837157135518 
3.837185745331 
3.837176635388 
3.837176635388 
3.837211962615 
3.837149040271 
3.837141770800 
3.837042611868 
3.837156567116 
3.837157059793 
3.837098239260 
3.837191420766 
3.837226169033 
3.837107589814 
3.837168760554 
3.837314229725 
3.837306884242 
3.837376028803 
3.837361545942 
3.837236810360 
3.837272777552 
3.837315465790 
3.837314929902 
3.837323392598 
3.837307719264 
3.837268091308 
3.837248710239 
3.837178126737 
3.837211259497 
3.837320215557 
3.837269384405 
3.837306692522 
3.837248019610 
3.837271632011 
3.837317338228 
3.837309159967 
3.837260129507 
3.837379968217 
3.837367257704 
3.837379146389 
3.837457023967 
3.837462419311 
3.837452734416 
3.837465754008 
3.837460364266 
3.837420887472 
3.837385463342 
3.837384235296 
3.837384294157 
3.837402913332 
3.837349337632 
3.837370120300 
3.837391547050 
3.837319752471 
3.837341986091 
3.837370521571 
3.837357607920 
3.837355320380 
3.837372236677 
3.837381183923 
3.837343790549 
3.837295277044 
3.837262713728 
3.837206778925 
3.837249192799 
3.837220347248 
3.837248941749 
3.837248941749 
3.837295406345 
3.837320546023 
3.837337412898 
3.837342448988 
3.837329557890 
3.837351230359 
3.837347751357 
3.837389356945 
3.837423791524 
3.837427842591 
3.837344900211 
3.837354622820 
3.837430902925 
3.837420502713 
3.837413089861 
3.837390518984 
3.837328925661 
3.837377559642 
3.837370677067 
3.837326512054 
3.837370285151 
3.837370630078 
3.837389035829 
3.837384218756 
3.837385401573 
3.837387582225 
3.837338379260 
3.837340403322 
3.837380494583 
3.837388788059 
3.837382872767 
3.837387351817 
3.837388898645 
3.837330182653 
3.837334840868 
3.837331129535 
3.837326878666 
3.837330420683 
3.837358707847 
3.837348088678 
3.837353928656 
3.837346133059 
3.837383328676 
3.837305025855 
3.837301419576 
3.837239273395 
3.837288220835 
3.837320427229 
3.837308081680 
3.837329906323 
3.837298206759 
3.837328360803 
3.837317801841 
3.837350719066 
3.837377029307 
3.837394391792 
3.837470413617 
3.837465587785 
3.837469767488 
3.837602798311 
3.837609916614 
3.837562287124 
3.837556838464 
3.837561341618 
3.837534246171 
3.837571520916 
3.837524786283 
3.837496013024 
3.837472574961 
3.837471833719 
3.837390820030 
3.837375802716 
3.837423825145 
3.837484813603 
3.837477235964 
3.837483699331 
3.837440596323 
3.837435434716 
3.837412023683 
3.837342367879 
3.837388173388 
3.837426272667 
3.837501884104 
3.837537989601 
3.837514673990 
3.837525274030 
3.837555728509 
3.837525771667 
3.837524878971 
3.837477611592 
3.837437974331 
3.837435193389 
3.837409852199 
3.837355892222 
3.837284571155 
3.837310211295 
3.837357048639 
3.837358395467 
3.837368168309 
3.837364644731 
3.837423029592 
3.837389442396 
3.837393471542 
3.837414255299 
3.837462262482 
3.837473962869 
3.837464931177 
3.837445751082 
3.837390281749 
3.837390095305 
3.837402898581 
3.837311126325 
3.837313131306 
3.837320167886 
3.837416956148 
3.837401136250 
3.837362354506 
3.837340211828 
3.837341615857 
3.837247411408 
3.837351125023 
3.837400975100 
3.837409273485 
3.837440870124 
3.837480692942 
3.837446656012 
3.837467895706 
3.837461518489 
3.837439553382 
3.837477611162 
3.837470107012 
3.837472219377 
3.837494290650 
3.837513890943 
3.837529028081 
3.837527299480 
3.837490223116 
3.837472615744 
3.837472851733 
3.837380516438 
3.837370718851 
3.837416256951 
3.837422152525 
3.837387888981 
3.837409275680 
3.837418135258 
3.837466214449 
3.837628027367 
3.837635053187 
3.837657447851 
3.837657447851 
3.837617550022 
3.837614307824 
3.837654877965 
3.837642549299 
3.837620663727 
3.837594956479 
3.837587743457 
3.837587864608 
3.837592782793 
3.837592782793 
3.837618196903 
3.837609295269 
3.837606114309 
3.837604945709 
3.837547510578 
3.837547084648 
3.837544385224 
3.837532284101 
3.837538921320 
3.837548634593 
3.837569153835 
3.837590303759 
3.837581626958 
3.837620896524 
3.837636349510 
3.837596488428 
3.837591825646 
3.837574104539 
3.837628914722 
3.837629844801 
3.837613558590 
3.837583338400 
3.837627910218 
3.837616464411 
3.837566967835 
3.837580511643 
3.837579024402 
3.837592072668 
3.837508126304 
3.837489707470 
3.837488723497 
3.837495282543 
3.837512240724 
3.837500314824 
3.837487743301 
3.837496137519 
3.837492420810 
3.837469063952 
3.837475656024 
3.837482658359 
3.837508337536 
3.837521459174 
3.837548522097 
3.837596076230 
3.837631284644 
3.837599174435 
3.837599564809 
3.837364709211 
3.837369800519 
3.837365162725 
3.837360715618 
3.837354641753 
3.837391986246 
3.837380751237 
3.837383726523 
3.837399942588 
3.837362623992 
3.837393850300 
3.837446253251 
3.837450974612 
3.837384547599 
3.837373927473 
3.837340233482 
3.837356320881 
3.837291253732 
3.837218515768 
3.837273782410 
3.837271458513 
3.837298627188 
3.837318028212 
3.837279809093 
3.837289161774 
3.837275571773 
3.837243952512 
3.837290730233 
3.837359191803 
3.837404080594 
3.837398244796 
3.837474021269 
3.837448607701 
3.837506427069 
3.837492615637 
3.837487185507 
3.837489537641 
3.837517553700 
3.837501828359 
3.837482639707 
3.837392655358 
3.837430410305 
3.837435970461 
3.837448552261 
3.837415545687 
3.837387137972 
3.837397084630 
3.837270356974 
3.837236792819 
3.837219350507 
3.837219785727 
3.837152040429 
3.837131048021 
3.837167655371 
3.837239625908 
3.837209111971 
3.837208556775 
3.837202942755 
3.837218121068 
3.837121188984 
3.837186102319 
3.837137841888 
3.837110234832 
3.837152908627 
3.837139633948 
3.837183151455 
3.837202058045 
3.837161568839 
3.837159024235 
3.837176002179 
3.837249419608 
3.837245057703 
3.837250623641 
3.837236031106 
3.837194656040 
3.837153445924 
3.837120195789 
3.837071769332 
3.837016761887 
3.837043904211 
3.837074838332 
3.837059723662 
3.837045439014 
3.837103471302 
3.837041735417 
3.837114028207 
3.837146297980 
3.837118485288 
3.837149868309 
3.837128253063 
3.837195811864 
3.837230427561 
3.837209867237 
3.837167092284 
3.837390767610 
3.837384231093 
3.837384231093 
3.837408214238 
3.837420862142 
3.837449877638 
3.837451227934 
3.837438480846 
3.837483220044 
3.837516155067 
3.837511778486 
3.837579026956 
3.837548079860 
3.837531279528 
3.837511387444 
3.837505608074 
3.837506778544 
3.837478188989 
3.837483457523 
3.837476735064 
3.837491880592 
3.837489514386 
3.837566678281 
3.837564547182 
3.837563030094 
3.837581812572 
3.837520526907 
3.837596963571 
3.837587043941 
3.837574416569 
3.837528378265 
3.837621725065 
3.837549114262 
3.837567165195 
3.837608177568 
3.837565353521 
3.837585112315 
3.837557686988 
3.837557514134 
3.837547847215 
3.837611083501 
3.837600519705 
3.837569376108 
3.837553061533 
3.837571655978 
3.837571329090 
3.837567792824 
3.837595377972 
3.837434866910 
3.837318618047 
3.837347169311 
3.837279088513 
3.837281038514 
3.837270166171 
3.837143290083 
3.837222971853 
3.837229295424 
3.837180983552 
3.837156451381 
3.837161026031 
3.837262502078 
3.837224497204 
3.837244946629 
3.837188684532 
3.837214917556 
3.837226954008 
3.837202685758 
3.837188684792 
3.837217978902 
3.837271152928 
3.837318268056 
3.837316836126 
3.837251654573 
3.837287168603 
3.837345513620 
3.837328207390 
3.837347852214 
3.837323833255 
3.837356656683 
3.837350840776 
3.837408198982 
3.837441012983 
3.837518575062 
3.837534074509 
3.837483654598 
3.837501279081 
3.837515308369 
3.837439869660 
3.837426880799 
3.837498612824 
3.837477603103 
3.837476450239 
3.837502863045 
3.837490653109 
3.837424496311 
3.837412837668 
3.837394701286 
3.837400478265 
3.837376594295 
3.837404776231 
3.837409892036 
3.837502444525 
3.837481621872 
3.837474538644 
3.837471040233 
3.837507895761 
3.837509340157 
3.837512889329 
3.837518797155 
3.837530139461 
3.837542338406 
3.837542038969 
3.837543523433 
3.837543523433 
3.837538525192 
3.837517045729 
3.837520780479 
3.837431642536 
3.837426536511 
3.837439140162 
3.837438580321 
3.837438456240 
3.837385111223 
3.837360244341 
3.837370403961 
3.837399187229 
3.837346957589 
3.837363989313 
3.837349379259 
3.837313391426 
3.837344116395 
3.837343198632 
3.837276019874 
3.837407029020 
3.837436018845 
3.837452990117 
3.837445092852 
3.837408710334 
3.837371195306 
3.837357454252 
3.837357124201 
3.837386625736 
3.837383188432 
3.837359575984 
3.837336954093 
3.837352849487 
3.837356765891 
3.837362737108 
3.837364144159 
3.837403749770 
3.837468211720 
3.837541930487 
3.837513116341 
3.837424146325 
3.837424667266 
3.837445048819 
3.837459153730 
3.837459312446 
3.837410175873 
3.837411492970 
3.837437058074 
3.837434837489 
3.837433281547 
3.837413233551 
3.837410784367 
3.837407207328 
3.837412886608 
3.837423945335 
3.837424408018 
3.837414817063 
3.837465685308 
3.837462134392 
3.837465872619 
3.837470913792 
3.837467630163 
3.837468596800 
3.837425931446 
3.837397900691 
3.837402831147 
3.837393314454 
3.837392402790 
3.837410708798 
3.837405576497 
3.837413930688 
3.837413627257 
3.837385270803 
3.837416488453 
3.837414342977 
3.837415660958 
3.837538063898 
3.837572066955 
3.837582305023 
3.837504310026 
3.837551651529 
3.837603578444 
3.837578859819 
3.837574762465 
3.837558901610 
3.837545777277 
3.837539826632 
3.837526997924 
3.837559807766 
3.837505806639 
3.837501459241 
3.837497387031 
3.837529880138 
3.837493011384 
3.837522603947 
3.837554801138 
3.837524006252 
3.837574297863 
3.837474127396 
3.837462374952 
3.837454743404 
3.837426299195 
3.837430853758 
3.837389104293 
3.837418274066 
3.837427765849 
3.837399370268 
3.837305567894 
3.837282296471 
3.837280282822 
3.837246579107 
3.837265910794 
3.837274497073 
3.837263663019 
3.837243366437 
3.837238798648 
3.837360716776 
3.837362074524 
3.837411057152 
3.837417762237 
3.837367132027 
3.837367928030 
3.837370706863 
3.837330299323 
3.837325549015 
3.837318717171 
3.837309093943 
3.837312289060 
3.837321340542 
3.837357564398 
3.837434329571 
3.837466828679 
3.837442270608 
3.837401214990 
3.837417774203 
3.837416688120 
3.837416761901 
3.837414941870 
3.837453703806 
3.837447585353 
3.837419550530 
3.837446946531 
3.837472571299 
3.837468041764 
3.837497837570 
3.837495914986 
3.837518313477 
3.837509143551 
3.837494394244 
3.837517552974 
3.837620959369 
3.837672195352 
3.837576723527 
3.837616771490 
3.837552362187 
3.837546335406 
3.837533760996 
3.837515454585 
3.837540156388 
3.837576892250 
3.837611193187 
3.837611846228 
3.837455268319 
3.837467832085 
3.837474618830 
3.837472381695 
3.837488271785 
3.837477424016 
3.837536103764 
3.837420772774 
3.837455806502 
3.837455195050 
3.837495767270 
3.837498004307 
3.837422405454 
3.837447129008 
3.837442832790 
3.837435556884 
3.837461564432 
3.837439532598 
3.837436126534 
3.837435415286 
3.837472975299 
3.837435317290 
3.837433846083 
3.837424574648 
3.837428466802 
3.837422856894 
3.837426646351 
3.837447364162 
3.837438824522 
3.837479378423 
3.837476015895 
3.837435296202 
3.837419239174 
3.837438460927 
3.837425242316 
3.837394646013 
3.837387849148 
3.837407765647 
3.837434451929 
3.837435769902 
3.837431433437 
3.837419653346 
3.837405150414 
3.837412503053 
3.837389389632 
3.837319838553 
3.837274251148 
3.837289004892 
3.837179733065 
3.837208293859 
3.837190949746 
3.837160259770 
3.837147066124 
3.837178048693 
3.837165522565 
3.837136161622 
3.837203614493 
3.837274235441 
3.837312890671 
3.837305510606 
3.837263090421 
3.837248719560 
3.837244103497 
3.837259168423 
3.837368711431 
3.837349207093 
3.837349207093 
3.837343626313 
3.837354746327 
3.837355093275 
3.837343135498 
3.837373224602 
3.837356470373 
3.837358540294 
3.837358102409 
3.837358933733 
3.837353030133 
3.837349090263 
3.837356455590 
3.837363723832 
3.837326277188 
3.837340179822 
3.837326979784 
3.837316792605 
3.837344109748 
3.837306227055 
3.837356883111 
3.837351732291 
3.837319861857 
3.837381299565 
3.837338855701 
3.837369533434 
3.837395079529 
3.837332677403 
3.837346356774 
3.837332424113 
3.837340192961 
3.837343286226 
3.837341182872 
3.837375982752 
3.837410630659 
3.837488803406 
3.837437552570 
3.837424970485 
3.837455634704 
3.837452611272 
3.837433989348 
3.837430750970 
3.837441121935 
3.837443609793 
3.837431737977 
3.837368933716 
3.837517934868 
3.837563340501 
3.837575536219 
3.837622331950 
3.837663798957 
3.837618319525 
3.837677023719 
3.837653772276 
3.837577935554 
3.837596572213 
3.837614290856 
3.837595392322 
3.837611935729 
3.837574265654 
3.837570952288 
3.837578970174 
3.837556328770 
3.837590220240 
3.837635416790 
3.837634868285 
3.837591733191 
3.837628261213 
3.837641046212 
3.837685793572 
3.837703377207 
3.837699625361 
3.837646203308 
3.837653003019 
3.837710000773 
3.837727701098 
3.837683906398 
3.837730792083 
3.837696163830 
3.837628630707 
3.837624234339 
3.837562257902 
3.837554427346 
3.837545862359 
3.837597239317 
3.837603371770 
3.837577469696 
3.837501348225 
3.837541211845 
3.837537089632 
3.837515195147 
3.837537570311 
3.837553515281 
3.837537067068 
3.837483423261 
3.837527097783 
3.837570472598 
3.837565768783 
3.837567554787 
3.837558314453 
3.837500744594 
3.837504506811 
3.837504900088 
3.837507800074 
3.837486357780 
3.837534184308 
3.837574590176 
3.837543956599 
3.837539366973 
3.837486298397 
3.837498980014 
3.837517997721 
3.837526589370 
3.837531183884 
3.837524011621 
3.837594728505 
3.837533213610 
3.837500486236 
3.837437291648 
3.837441061668 
3.837451986190 
3.837440604450 
3.837454788655 
3.837416558170 
3.837396538741 
3.837379949860 
3.837380603772 
3.837382502533 
3.837384327416 
3.837513648234 
3.837514703811 
3.837499302912 
3.837434719240 
3.837442486122 
3.837531802464 
3.837493016479 
3.837490816142 
3.837543500037 
3.837530116212 
3.837533478516 
3.837531688608 
3.837492035032 
3.837446586905 
3.837473375461 
3.837524830426 
3.837522964732 
3.837506790995 
3.837453474668 
3.837500889837 
3.837553700756 
3.837551768024 
3.837551698932 
3.837581049936 
3.837349800598 
3.837342977395 
3.837351202056 
3.837296145120 
3.837285931170 
3.837230879135 
3.837196029776 
3.837206152696 
3.837207519306 
3.837271841950 
3.837244159834 
3.837255869240 
3.837227413352 
3.837305303315 
3.837274189404 
3.837279274030 
3.837211121488 
3.837228751045 
3.837220296025 
3.837295368694 
3.837357450609 
3.837331208353 
3.837422567348 
3.837352827197 
3.837363828568 
3.837360707375 
3.837305002836 
3.837299541440 
3.837300725511 
3.837310276988 
3.837435862672 
3.837443022203 
3.837423955716 
3.837450286750 
3.837466318412 
3.837491495473 
3.837505850374 
3.837476122848 
3.837440224750 
3.837375578991 
3.837367449575 
3.837357818760 
3.837306704564 
3.837274217208 
3.837239668265 
3.837311514331 
3.837318243330 
3.837314171462 
3.837342748812 
3.837351709872 
3.837376701293 
3.837383350117 
3.837348185067 
3.837397339204 
3.837486635446 
3.837531339306 
3.837538663507 
3.837553203239 
3.837526883344 
3.837532268487 
3.837590578129 
3.837541864851 
3.837538261481 
3.837547545856 
3.837553296717 
3.837585173749 
3.837577251215 
3.837594831810 
3.837657915082 
3.837626085527 
3.837629110504 
3.837513937847 
3.837524806864 
3.837508381945 
3.837497796123 
3.837496846642 
3.837526953678 
3.837529913928 
3.837520140758 
3.837525254373 
3.837527477772 
3.837527477772 
3.837452848781 
3.837476820198 
3.837408671201 
3.837394403759 
3.837399153060 
3.837364451134 
3.837353737157 
3.837438177930 
3.837419766375 
3.837373274134 
3.837352107273 
3.837394957384 
3.837435842228 
3.837410805931 
3.837437274496 
3.837431581854 
3.837428514679 
3.837413817570 
3.837365330169 
3.837378935207 
3.837357432709 
3.837363375183 
3.837358020933 
3.837374008722 
3.837327216875 
3.837340053448 
3.837351399022 
3.837355138844 
3.837418746153 
3.837426251482 
3.837459053368 
3.837458000748 
3.837511087148 
3.837579219154 
3.837563098030 
3.837562935192 
3.837588826024 
3.837579965342 
3.837612011607 
3.837584292484 
3.837559553427 
3.837506599070 
3.837508397183 
3.837534374839 
3.837508611284 
3.837554535838 
3.837553248454 
3.837540655829 
3.837584538194 
3.837573823862 
3.837579124612 
3.837570315863 
3.837568095099 
3.837472429577 
3.837544308478 
3.837523444544 
3.837542655793 
3.837584479603 
3.837629930298 
3.837630085171 
3.837565845152 
3.837561864074 
3.837526528776 
3.837623285281 
3.837595371369 
3.837605326355 
3.837670420409 
3.837629904742 
3.837703845253 
3.837646073798 
3.837660326494 
3.837574776440 
3.837610639462 
3.837675867874 
3.837638486363 
3.837600425921 
3.837659609028 
3.837606875866 
3.837615970987 
3.837664395369 
3.837622771173 
3.837601687729 
3.837330452055 
3.837208820331 
3.837299644688 
3.837236570740 
3.837249420551 
3.837221344674 
3.837259115011 
3.837230774093 
3.837253927399 
3.837199806702 
3.837198642586 
3.837170714478 
3.837147503621 
3.837247639560 
3.837234470174 
3.837232761642 
3.837216217055 
3.837281437647 
3.837247465745 
3.837201539631 
3.837299986182 
3.837318959309 
3.837290109194 
3.837282673483 
3.837282673483 
3.837334058054 
3.837334811984 
3.837333076861 
3.837314060223 
3.837349695111 
3.837339164335 
3.837370769113 
3.837365981293 
3.837402938490 
3.837428939085 
3.837454885166 
3.837461042526 
3.837496821178 
3.837497664820 
3.837524433090 
3.837514029754 
3.837509398497 
3.837571499961 
3.837526079762 
3.837526686155 
3.837536625949 
3.837565889054 
3.837510753402 
3.837443828709 
3.837436936758 
3.837422112961 
3.837429040275 
3.837407229360 
3.837414533267 
3.837488633565 
3.837487378535 
3.837508600375 
3.837483547163 
3.837499768539 
3.837492149043 
3.837508194933 
3.837559551763 
3.837532645090 
3.837589933446 
3.837588561479 
3.837622930854 
3.837636088129 
3.837631690183 
3.837626403935 
3.837654346542 
3.837680090883 
3.837649833851 
3.837650460307 
3.837607475838 
3.837602908410 
3.837599691617 
3.837595421156 
3.837593153530 
3.837613902447 
3.837533172789 
3.837559908125 
3.837526260794 
3.837536337245 
3.837523344153 
3.837500348395 
3.837501001152 
3.837442426496 
3.837502423884 
3.837488699652 
3.837484545474 
3.837484975641 
3.837530211981 
3.837519572731 
3.837493579466 
3.837424711419 
3.837409521074 
3.837429474518 
3.837382091222 
3.837424273846 
3.837440085066 
3.837498689858 
3.837565406235 
3.837505963921 
3.837564436404 
3.837549289930 
3.837524146673 
3.837514171885 
3.837553972212 
3.837544877095 
3.837517155971 
3.837499945532 
3.837477477333 
3.837490641886 
3.837499547521 
3.837493765782 
3.837483507838 
3.837475630037 
3.837475087987 
3.837458261209 
3.837405192318 
3.837330081716 
3.837328292909 
3.837346070923 
3.837374914124 
3.837353615360 
3.837344350812 
3.837315324885 
3.837311615787 
3.837344006751 
3.837255045647 
3.837360052382 
3.837354879525 
3.837315136689 
3.837316838104 
3.837400914735 
3.837418701388 
3.837396021784 
3.837382377797 
3.837381639266 
3.837386321623 
3.837397047782 
3.837463320650 
3.837453478103 
3.837470005240 
3.837524739260 
3.837522295736 
3.837463744581 
3.837512577969 
3.837538976365 
3.837461327716 
3.837492674483 
3.837466212755 
3.837481336503 
3.837448130899 
3.837446150848 
3.837442494011 
3.837403473420 
3.837435995231 
3.837435266562 
3.837415115724 
3.837394287097 
3.837427557188 
3.837427273670 
3.837425551336 
3.837310941849 
3.837323105037 
3.837302932406 
3.837230253812 
3.837301420488 
3.837333465864 
3.837338488983 
3.837327380225 
3.837379200935 
3.837256846994 
3.837283665659 
3.837394296108 
3.837352777672 
3.837368369771 
3.837295290694 
3.837316184127 
3.837281668020 
3.837285061592 
3.837280937612 
3.837259051508 
3.837273129587 
3.837351868371 
3.837382404367 
3.837399870517 
3.837435007408 
3.837442698650 
3.837436877166 
3.837389722310 
3.837380109542 
3.837377821057 
3.837372239109 
3.837372239109 
3.837385862335 
3.837359689865 
3.837342051165 
3.837288495566 
3.837348066492 
3.837322036130 
3.837362238131 
3.837417869861 
3.837421125883 
3.837372346524 
3.837371702544 
3.837400023217 
3.837379262031 
3.837335572597 
3.837279624592 
3.837313149451 
3.837301824001 
3.837275449996 
3.837277986320 
3.837299243890 
3.837287662209 
3.837264856252 
3.837289690430 
3.837298852730 
3.837322975634 
3.837323121992 
3.837322879814 
3.837316694274 
3.837384307163 
3.837398915739 
3.837400794262 
3.837414821094 
3.837340710232 
3.837306588980 
3.837289244132 
3.837309829812 
3.837313356903 
3.837337193710 
3.837346837824 
3.837354797827 
3.837381632667 
3.837371653717 
3.837357330128 
3.837378181054 
3.837370709957 
3.837354686838 
3.837321602493 
3.837296109238 
3.837288294589 
3.837433247690 
3.837426245980 
3.837424265406 
3.837424764574 
3.837424918421 
3.837462415505 
3.837485853378 
3.837475663394 
3.837446256625 
3.837447435958 
3.837515663537 
3.837444209280 
3.837428423497 
3.837417897262 
3.837366350048 
3.837331833548 
3.837365202790 
3.837401429657 
3.837398785167 
3.837408854158 
3.837393413819 
3.837412693274 
3.837448626349 
3.837439973954 
3.837440772887 
3.837446070133 
3.837459740523 
3.837529524343 
3.837516006722 
3.837478724541 
3.837468594866 
3.837502231217 
3.837516647161 
3.837518499157 
3.837550833822 
3.837507572779 
3.837535806817 
3.837209811591 
3.837215406013 
3.837279289118 
3.837278244658 
3.837315457200 
3.837296854484 
3.837318842580 
3.837253422391 
3.837248067448 
3.837346801407 
3.837367310317 
3.837354820292 
3.837339230834 
3.837401131642 
3.837438119450 
3.837405807238 
3.837380532050 
3.837372457661 
3.837362275034 
3.837365702468 
3.837344348580 
3.837362860388 
3.837344385736 
3.837333776425 
3.837274836013 
3.837303523618 
3.837329892938 
3.837399289414 
3.837370826116 
3.837459332656 
3.837536823654 
3.837460282915 
3.837460669357 
3.837443769102 
3.837450833272 
3.837392921038 
3.837339442728 
3.837322872667 
3.837346449705 
3.837293417898 
3.837331351239 
3.837389923880 
3.837406073580 
3.837430465769 
3.837395399904 
3.837283696877 
3.837221545258 
3.837222247353 
3.837254783325 
3.837344185883 
3.837345008481 
3.837336954770 
3.837342665212 
3.837360460386 
3.837390925116 
3.837405691184 
3.837393312576 
3.837352361310 
3.837393190845 
3.837393707067 
3.837390199492 
3.837397118399 
3.837482287260 
3.837514371428 
3.837553254957 
3.837505494591 
3.837471216157 
3.837493476750 
3.837488527828 
3.837499954106 
3.837494365724 
3.837488256519 
3.837468721808 
3.837474673453 
3.837463244156 
3.837480656681 
3.837521402676 
3.837615735495 
3.837538197438 
3.837524870583 
3.837506873232 
3.837460094501 
3.837462683258 
3.837473496202 
3.837446489981 
3.837516658372 
3.837507688213 
3.837527688551 
3.837610406649 
3.837578159858 
3.837618022886 
3.837610881581 
3.837549693450 
3.837513370580 
3.837322071108 
3.837250274703 
3.837202805644 
3.837257344921 
3.837300181266 
3.837268928168 
3.837269835858 
3.837261475084 
3.837227536519 
3.837272267245 
3.837254027799 
3.837225889401 
3.837293080717 
3.837327614413 
3.837314446542 
3.837289753532 
3.837288496205 
3.837290937964 
3.837266750883 
3.837268897774 
3.837271614915 
3.837286292424 
3.837302464889 
3.837251782020 
3.837265862668 
3.837306746898 
3.837291799573 
3.837286705282 
3.837278445687 
3.837212036191 
3.837337050650 
3.837369293623 
3.837353864408 
3.837353490539 
3.837353686205 
3.837363054398 
3.837363054398 
3.837344303503 
3.837345959801 
3.837328823500 
3.837273684749 
3.837259242682 
3.837252302748 
3.837276399644 
3.837268003780 
3.837249734963 
3.837228191114 
3.837226543094 
3.837247738109 
3.837270910539 
3.837231163783 
3.837195317698 
3.837188119691 
3.837155224558 
3.837190255480 
3.837183938063 
3.837218379019 
3.837203631288 
3.837217388011 
3.837171966156 
3.837232675689 
3.837205127742 
3.837230152730 
3.837232849180 
3.837224460788 
3.837153565239 
3.837211426135 
3.837274317204 
3.837216805396 
3.837259574029 
3.837358937243 
3.837322865479 
3.837383609365 
3.837324432295 
3.837362026375 
3.837423476310 
3.837443441105 
3.837480331820 
3.837437340530 
3.837456160639 
3.837430596919 
3.837430596919 
3.837424995556 
3.837367208649 
3.837367164429 
3.837374228604 
3.837368650566 
3.837376715546 
3.837374116774 
3.837325552222 
3.837323865212 
3.837315411260 
3.837341585072 
3.837328948367 
3.837543137783 
3.837546396958 
3.837559339452 
3.837538880587 
3.837506471221 
3.837509273650 
3.837524725015 
3.837601223934 
3.837600056372 
3.837618093394 
3.837632342100 
3.837617527852 
3.837672317185 
3.837685385093 
3.837648105560 
3.837568330341 
3.837552330598 
3.837542057312 
3.837480646576 
3.837477096865 
3.837491502337 
3.837482144621 
3.837483865633 
3.837455062297 
3.837465816574 
3.837465816574 
3.837499816993 
3.837496159325 
3.837466441047 
3.837467958483 
3.837460501442 
3.837448685573 
3.837441384279 
3.837510816780 
3.837475203783 
3.837380852682 
3.837392648532 
3.837392152059 
3.837331433115 
3.837332720363 
3.837319301246 
3.837295472075 
3.837286915266 
3.837282643453 
3.837273908680 
3.837284634686 
3.837290229419 
3.837320687722 
3.837299912325 
3.837321176316 
3.837467983904 
3.837478713502 
3.837490030316 
3.837482098904 
3.837522806485 
3.837514624190 
3.837530701328 
3.837526414264 
3.837526611805 
3.837474032072 
3.837492627660 
3.837495300262 
3.837510550097 
3.837547914435 
3.837556290550 
3.837534027603 
3.837546488182 
3.837499137020 
3.837497269660 
3.837498890098 
3.837527060092 
3.837532311755 
3.837525920500 
3.837532934077 
3.837496397701 
3.837493389873 
3.837480270541 
3.837475952755 
3.837443168207 
3.837404543605 
3.837405689332 
3.837403148582 
3.837359891949 
3.837408564283 
3.837467062060 
3.837465361775 
3.837407210888 
3.837406841678 
3.837429587148 
3.837459131478 
3.837452891056 
3.837451986582 
3.837451986582 
3.837453435088 
3.837553723367 
3.837547400747 
3.837450725717 
3.837443359731 
3.837468147889 
3.837454771963 
3.837445973003 
3.837446030142 
3.837439348168 
3.837440340062 
3.837477300065 
3.837476859288 
3.837412565222 
3.837387983372 
3.837380232931 
3.837348798319 
3.837349013831 
3.837437575952 
3.837443825835 
3.837454443548 
3.837503911123 
3.837489197160 
3.837513493950 
3.837518424918 
3.837553241169 
3.837519999059 
3.837473061957 
3.837490108362 
3.837500488894 
3.837488179916 
3.837424396307 
3.837409962864 
3.837428224862 
3.837430620206 
3.837434027148 
3.837412710469 
3.837383536123 
3.837373952730 
3.837296502498 
3.837306514539 
3.837355366113 
3.837375794082 
3.837427004747 
3.837405907525 
3.837411459053 
3.837409706679 
3.837331898413 
3.837367359558 
3.837394636361 
3.837326498390 
3.837327177082 
3.837387350229 
3.837414188207 
3.837368517907 
3.837377735651 
3.837358962622 
3.837342161734 
3.837338987025 
3.837307960926 
3.837310526752 
3.837301075669 
3.837310495455 
3.837240114588 
3.837268097335 
3.837285222049 
3.837286705292 
3.837328394726 
3.837356850083 
3.837374458698 
3.837406937151 
3.837400914538 
3.837402221359 
3.837423365676 
3.837457347877 
3.837478870718 
3.837496711793 
3.837485053155 
3.837508878610 
3.837533197127 
3.837549314196 
3.837531174459 
3.837560038219 
3.837622295246 
3.837610999434 
3.837585020539 
3.837549385379 
3.837517876098 
3.837529737578 
3.837514609082 
3.837533583231 
3.837491199289 
3.837503486518 
3.837502797827 
3.837486111509 
3.837436492162 
3.837489155002 
3.837436422760 
3.837420915686 
3.837413365588 
3.837413581493 
3.837428658040 
3.837428658040 
3.837434724033 
3.837415253752 
3.837441626312 
3.837467308367 
3.837454229009 
3.837540256447 
3.837541605445 
3.837621991653 
3.837635107009 
3.837613391170 
3.837633403132 
3.837632334054 
3.837688704846 
3.837686496629 
3.837700579039 
3.837674835275 
3.837518496263 
3.837463970417 
3.837483288376 
3.837449167794 
3.837443129805 
3.837454238568 
3.837470047928 
3.837469119854 
3.837469119854 
3.837475167615 
3.837464089791 
3.837458478327 
3.837458034683 
3.837483090914 
3.837506233101 
3.837499225478 
3.837481308975 
3.837482496090 
3.837518749998 
3.837487698445 
3.837496747481 
3.837470862685 
3.837478973673 
3.837477734548 
3.837472716829 
3.837472716829 
3.837474446485 
3.837501371865 
3.837524670850 
3.837506866275 
3.837557107352 
3.837495806707 
3.837356322945 
3.837400011956 
3.837375271362 
3.837360055268 
3.837408672268 
3.837464695050 
3.837489830456 
3.837492375549 
3.837415755292 
3.837296617473 
3.837288286720 
3.837297213255 
3.837340546175 
3.837302577955 
3.837302577955 
3.837267539388 
3.837359397387 
3.837361610476 
3.837359186464 
3.837073839976 
3.837144122112 
3.837133558694 
3.837169858622 
3.837196377403 
3.837238041703 
3.837289251493 
3.837262788849 
3.837204396094 
3.837250094316 
3.837232301902 
3.837251862396 
3.837218930669 
3.837258400069 
3.837271745382 
3.837215384613 
3.837214671653 
3.837222432318 
3.837255404550 
3.837494564280 
3.837486214063 
3.837530073199 
3.837517491777 
3.837489839200 
3.837460522137 
3.837431655682 
3.837445063662 
3.837446440818 
3.837431139167 
3.837466330563 
3.837477440269 
3.837479577938 
3.837517615218 
3.837592538192 
3.837574926163 
3.837567957494 
3.837608974599 
3.837610655278 
3.837590772978 
3.837566106992 
3.837553355176 
3.837531872603 
3.837526140488 
3.837499367656 
3.837484769639 
3.837485199956 
3.837518039384 
3.837512154982 
3.837464969862 
3.837469850199 
3.837475174021 
3.837456123096 
3.837469377399 
3.837469743104 
3.837414847100 
3.837379031749 
3.837366476398 
3.837417215317 
3.837379032116 
3.837383968036 
3.837381449391 
3.837317444008 
3.837328064373 
3.837390206556 
3.837407709757 
3.837407624085 
3.837418670572 
3.837394571726 
3.837411908973 
3.837419242845 
3.837383808288 
3.837388617474 
3.837404176467 
3.837397485364 
3.837414809163 
3.837414525401 
3.837423062510 
3.837415217264 
3.837420092054 
3.837437645527 
3.837441393626 
3.837446654150 
3.837409111654 
3.837332938117 
3.837418061066 
3.837358344526 
3.837322428078 
3.837328859786 
3.837335783631 
3.837322321817 
3.837353074963 
3.837353251656 
3.837340042443 
3.837355922493 
3.837344242269 
3.837344242269 
3.837345093451 
3.837323782678 
3.837314519786 
3.837343532782 
3.837339020316 
3.837339020316 
3.837353888311 
3.837346686921 
3.837353681308 
3.837318088877 
3.837343223792 
3.837305482256 
3.837271523797 
3.837177612562 
3.837185415195 
3.837205045604 
3.837272855255 
3.837404547650 
3.837393738846 
3.837391428791 
3.837375836663 
3.837372742818 
3.837378136791 
3.837373660108 
3.837415614501 
3.837418907274 
3.837374916356 
3.837410305891 
3.837421090417 
3.837461357493 
3.837490856164 
3.837400167239 
3.837416158999 
3.837475955723 
3.837469962366 
3.837447773772 
3.837447437579 
3.837438070574 
3.837429249834 
3.837517160503 
3.837520529577 
3.837548880295 
3.837513151252 
3.837515683434 
3.837521225626 
3.837524580504 
3.837510260078 
3.837514373476 
3.837482633293 
3.837460522670 
3.837455902712 
3.837486602521 
3.837488832628 
3.837455455120 
3.837499816384 
3.837528530894 
3.837492097255 
3.837498375731 
3.837425161209 
3.837381137625 
3.837359199626 
3.837326043111 
3.837330504880 
3.837469157968 
3.837520301520 
3.837541288023 
3.837575686678 
3.837511529772 
3.837507693306 
3.837452373281 
3.837448631025 
3.837630704531 
3.837579836757 
3.837554101230 
3.837538936688 
3.837561357135 
3.837533357394 
3.837530067344 
3.837575626841 
3.837612849761 
3.837687801182 
3.837586448363 
3.837629825211 
3.837654576721 
3.837647139743 
3.837626659239 
3.837626387947 
3.837565610530 
3.837519243445 
3.837560522722 
3.837562825632 
3.837518345025 
3.837544561019 
3.837529478743 
3.837529478743 
3.837524341292 
3.837507532073 
3.837486868348 
3.837487721607 
3.837449462890 
3.837421477437 
3.837449910976 
3.837410638254 
3.837516163008 
3.837534645658 
3.837520001678 
3.837547829952 
3.837550109450 
3.837521073904 
3.837650851665 
3.837622043435 
3.837523406810 
3.837511866902 
3.837480905922 
3.837465650724 
3.837486516300 
3.837481548442 
3.837551176017 
3.837542993971 
3.837533327005 
3.837561274491 
3.837534626022 
3.837527908059 
3.837528589001 
3.837514317171 
3.837514097437 
3.837512549993 
3.837512549993 
3.837512549993 
3.837507384826 
3.837499177042 
3.837515454328 
3.837515454328 
3.837464331873 
3.837457197907 
3.837453646900 
3.837403956585 
3.837381781044 
3.837307845411 
3.837161205500 
3.837278817738 
3.837318300022 
3.837227279481 
3.837274763537 
3.837284820911 
3.837279869790 
3.837344803534 
3.837339508425 
3.837312363543 
3.837312467718 
3.837406038748 
3.837337428223 
3.837343741967 
3.837327715381 
3.837336665993 
3.837197864464 
3.837206182925 
3.837326266003 
3.837264492988 
3.837236628623 
3.837183008016 
3.837182600999 
3.837301952621 
3.837328944175 
3.837308752099 
3.837302614163 
3.837301345606 
3.837311833662 
3.837246080990 
3.837263324226 
3.837257327837 
3.837208660639 
3.837221537530 
3.837218109678 
3.837256814998 
3.837278451396 
3.837294631975 
3.837305542264 
3.837310476467 
3.837420842502 
3.837437806529 
3.837394897336 
3.837385652675 
3.837370615644 
3.837324192241 
3.837376177027 
3.837352887293 
3.837338482499 
3.837386738820 
3.837364198688 
3.837394138717 
3.837393576458 
3.837390229549 
3.837339880929 
3.837333040270 
3.837369765670 
3.837341702619 
3.837306438615 
3.837299312189 
3.837266765063 
3.837340674477 
3.837393391339 
3.837379171793 
3.837424174203 
3.837376884833 
3.837190046218 
3.837312590173 
3.837333577728 
3.837305541132 
3.837306725761 
3.837318575199 
3.837354744799 
3.837359298583 
3.837426812706 
3.837396705719 
3.837400663395 
3.837346014667 
3.837247816062 
3.837276376511 
3.837352626669 
3.837288765026 
3.837294490907 
3.837355516774 
3.837361695138 
3.837335922123 
3.837348288448 
3.837328851042 
3.837349343990 
3.837336213686 
3.837331721489 
3.837336713170 
3.837342458356 
3.837357737067 
3.837357737067 
3.837351102263 
3.837353792374 
3.837345790198 
3.837336935332 
3.837336935332 
3.837335354750 
3.837325498047 
3.837341216439 
3.837335149097 
3.837335117618 
3.837351820852 
3.837349923089 
3.837384132955 
3.837382904250 
3.837393966815 
3.837439216222 
3.837395531875 
3.837387213104 
3.837390103477 
3.837399938344 
3.837368299531 
3.837374126026 
3.837380740771 
3.837376353173 
3.837377708469 
3.837377606675 
3.837364650256 
3.837398329949 
3.837401069364 
3.837384717397 
3.837422068459 
3.837445975676 
3.837433819770 
3.837440806535 
3.837469074520 
3.837469075971 
3.837526632458 
3.837530752132 
3.837605715990 
3.837624360007 
3.837616674866 
3.837680146898 
3.837613443883 
3.837650345602 
3.837562084725 
3.837576621567 
3.837611373629 
3.837627457738 
3.837622868617 
3.837647506202 
3.837659367567 
3.837772031087 
3.837734956140 
3.837754233802 
3.837688349295 
3.837650010337 
3.837652967526 
3.837642923907 
3.837653816589 
3.837600842385 
3.837636817170 
3.837604751518 
3.837586408475 
3.837575650076 
3.837703439458 
3.837320396751 
3.837340340524 
3.837325370278 
3.837283972164 
3.837302447439 
3.837357150013 
3.837366708602 
3.837353798758 
3.837329540404 
3.837345129214 
3.837380308258 
3.837378783897 
3.837379880866 
3.837426930853 
3.837393026636 
3.837376225753 
3.837414092947 
3.837395830877 
3.837444994349 
3.837374973636 
3.837396412753 
3.837411422283 
3.837427246277 
3.837443346527 
3.837444226476 
3.837444163696 
3.837453823926 
3.837455625177 
3.837415549353 
3.837428396719 
3.837422468397 
3.837407414303 
3.837360160349 
3.837428360759 
3.837422697443 
3.837460427154 
3.837432830639 
3.837436193261 
3.837446258472 
3.837400462315 
3.837388751390 
3.837385330050 
3.837279839079 
3.837332645468 
3.837291379519 
3.837289185762 
3.837300194159 
3.837338863085 
3.837342306415 
3.837353872916 
3.837339900593 
3.837339102909 
3.837370257362 
3.837369527427 
3.837376292274 
3.837376292274 
3.837413587831 
3.837425889861 
3.837425889861 
3.837503350702 
3.837508827842 
3.837495823227 
3.837469327354 
3.837453979687 
3.837442686110 
3.837425447152 
3.837425447152 
3.837404076916 
3.837400735260 
3.837400735260 
3.837427176482 
3.837395339726 
3.837395115756 
3.837414211104 
3.837351025619 
3.837353509528 
3.837365123521 
3.837402403512 
3.837422807258 
3.837429103177 
3.837417373105 
3.837427317687 
3.837461012941 
3.837451437578 
3.837459932790 
3.837506748390 
3.837475843737 
3.837484453293 
3.837503944541 
3.837507451982 
3.837509088318 
3.837509088318 
3.837504641488 
3.837495347594 
3.837420179980 
3.837422604676 
3.837428943557 
3.837467524118 
3.837451344739 
3.837448775914 
3.837447631316 
3.837432898044 
3.837437727863 
3.837543426235 
3.837579830223 
3.837502897302 
3.837547162326 
3.837537132970 
3.837601756772 
3.837576904743 
3.837513762048 
3.837462306398 
3.837511206411 
3.837522536918 
3.837508687455 
3.837475704936 
3.837485892731 
3.837499000384 
3.837458370187 
3.837519018389 
3.837579522598 
3.837580609663 
3.837581044819 
3.837487567726 
3.837564773263 
3.837571080434 
3.837624480322 
3.837551321335 
3.837612296742 
3.837633448884 
3.837618067151 
3.837679358477 
3.837694100674 
3.837656228622 
3.837567475097 
3.837517375553 
3.837530075362 
3.837524353633 
3.837501791732 
3.837415221861 
3.837414571046 
3.837431590631 
3.837426885665 
3.837453392833 
3.837451024677 
3.837453892590 
3.837452372818 
3.837436391610 
3.837454590210 
3.837453838586 
3.837422156000 
3.837424375627 
3.837448617186 
3.837447453486 
3.837391173564 
3.837359965430 
3.837335829363 
3.837383096100 
3.837383455088 
3.837375852935 
3.837372584826 
3.837365771826 
3.837344482207 
3.837380670020 
3.837363896674 
3.837421334775 
3.837421334775 
3.837410726904 
3.837395156109 
3.837364815645 
3.837380836190 
3.837381278477 
3.837393190168 
3.837359902214 
3.837332034401 
3.837359879538 
3.837327377094 
3.837323929901 
3.837327149205 
3.837354120220 
3.837259593706 
3.837241763001 
3.837352405870 
3.837381370272 
3.837364717143 
3.837412310602 
3.837458282436 
3.837474968611 
3.837285664160 
3.837285664160 
3.837326239674 
3.837402842705 
3.837399298268 
3.837380944152 
3.837330206903 
3.837337414861 
3.837388431232 
3.837385633905 
3.837388824181 
3.837383145831 
3.837383368626 
3.837383368626 
3.837381741786 
3.837402269433 
3.837370194035 
3.837385768684 
3.837386479561 
3.837368575011 
3.837360712243 
3.837345846368 
3.837340065857 
3.837354549034 
3.837329812390 
3.837329812390 
3.837325890546 
3.837379797060 
3.837380730198 
3.837419314547 
3.837390217001 
3.837363290822 
3.837404459931 
3.837389106184 
3.837430101084 
3.837471121672 
3.837460799446 
3.837486905318 
3.837471498248 
3.837480822993 
3.837466462678 
3.837461650281 
3.837445693000 
3.837431937835 
3.837438498194 
3.837437633068 
3.837454286266 
3.837437985491 
3.837413528693 
3.837424906630 
3.837382356480 
3.837421393603 
3.837371201981 
3.837384981987 
3.837397802613 
3.837412616989 
3.837412084723 
3.837429916257 
3.837423902025 
3.837417284069 
3.837375975864 
3.837406265425 
3.837382454414 
3.837458781383 
3.837462235287 
3.837465503656 
3.837485312481 
3.837484723373 
3.837496997291 
3.837524831445 
3.837487477316 
3.837492514929 
3.837490899378 
3.837476019661 
3.837482111426 
3.837477933334 
3.837514902373 
3.837502588446 
3.837507733743 
3.837515401413 
3.837519667543 
3.837523573122 
3.837592150787 
3.837578555187 
3.837546612640 
3.837538994014 
3.837481655277 
3.837499838943 
3.837510616439 
3.837532839669 
3.837509097194 
3.837477749450 
3.837437951042 
3.837464038365 
3.837491649865 
3.837515541986 
3.837540256202 
3.837529792949 
3.837520046393 
3.837549272329 
3.837546748350 
3.837525196626 
3.837543728785 
3.837532171160 
3.837381421661 
3.837412049044 
3.837288014096 
3.837366675067 
3.837370867703 
3.837375491236 
3.837374277405 
3.837370273555 
3.837385065266 
3.837425234522 
3.837400609064 
3.837401421223 
3.837400217774 
3.837391564510 
3.837333798606 
3.837338161656 
3.837335190221 
3.837314016562 
3.837331287786 
3.837336632548 
3.837376527476 
3.837417764725 
3.837450875593 
3.837401163061 
3.837410896640 
3.837406584874 
3.837372592222 
3.837374023550 
3.837315696202 
3.837300322516 
3.837340843962 
3.837323610604 
3.837378678175 
3.837321051747 
3.837332789215 
3.837335327332 
3.837324975614 
3.837347983061 
3.837342018995 
3.837343762749 
3.837348674514 
3.837331831071 
3.837370574111 
3.837334433766 
3.837408600979 
3.837419002401 
3.837411996622 
3.837387881517 
3.837364700236 
3.837310211031 
3.837327884069 
3.837330104401 
3.837266812938 
3.837299144617 
3.837302691771 
3.837293368492 
3.837338825066 
3.837319703676 
3.837306715470 
3.837343092070 
3.837281937967 
3.837316830335 
3.837326683932 
3.837329152164 
3.837322116901 
3.837307939570 
3.837294703567 
3.837296219675 
3.837296219675 
3.837296219675 
3.837241018000 
3.837241593437 
3.837275010640 
3.837259257687 
3.837248815475 
3.837299960391 
3.837249786625 
3.837225084935 
3.837235752476 
3.837226927172 
3.837234442293 
3.837272663077 
3.837234551816 
3.837310696999 
3.837306952169 
3.837237726389 
3.837165414609 
3.837139103280 
3.837136603006 
3.837178208202 
3.837201763434 
3.837211600005 
3.837234537332 
3.837261650029 
3.837258490713 
3.837269040107 
3.837238428576 
3.837204052760 
3.837283341350 
3.837228918331 
3.837226737039 
3.837240140835 
3.837336221453 
3.837235276121 
3.837257396539 
3.837241754512 
3.837244224259 
3.837246403739 
3.837239254272 
3.837258669186 
3.837273463285 
3.837422525575 
3.837395870939 
3.837400081037 
3.837436592869 
3.837420134843 
3.837382147259 
3.837392160982 
3.837323197826 
3.837328299230 
3.837308844107 
3.837310954636 
3.837299859527 
3.837327357639 
3.837362126980 
3.837294530941 
3.837353355287 
3.837377156247 
3.837395082194 
3.837431362355 
3.837481593724 
3.837483674597 
3.837483674597 
3.837467314066 
3.837469901131 
3.837468681715 
3.837486046549 
3.837485246524 
3.837451488171 
3.837458550032 
3.837452080926 
3.837451709762 
3.837471501342 
3.837463492482 
3.837436870873 
3.837521705833 
3.837488725281 
3.837449935213 
3.837347179741 
3.837414677738 
3.837417130077 
3.837428041883 
3.837428041883 
3.837428282951 
3.837495759815 
3.837482379639 
3.837504095852 
3.837434297252 
3.837422831723 
3.837426958170 
3.837404788211 
3.837386532782 
3.837394266380 
3.837405376474 
3.837432908678 
3.837452340246 
3.837451481717 
3.837395042541 
3.837365899006 
3.837480406490 
3.837497808553 
3.837452361853 
3.837466275311 
3.837437919091 
3.837413996947 
3.837423307817 
3.837418562166 
3.837415276776 
3.837596855203 
3.837628104602 
3.837626283697 
3.837635127035 
3.837588676889 
3.837611318194 
3.837599441855 
3.837602872285 
3.837556175870 
3.837538712308 
3.837577721165 
3.837569263099 
3.837569896069 
3.837569965591 
3.837569965591 
3.837599035731 
3.837562252142 
3.837551099219 
3.837512972970 
3.837515191754 
3.837520347362 
3.837487882451 
3.837509043680 
3.837522456130 
3.837537610919 
3.837466513264 
3.837516975891 
3.837521140025 
3.837552521302 
3.837589544334 
3.837530797689 
3.837542317622 
3.837489915008 
3.837536335717 
3.837513051975 
3.837517395675 
3.837526680996 
3.837564090790 
3.837604091047 
3.837567049525 
3.837648975653 
3.837642386076 
3.837652270232 
3.837725781176 
3.837668504204 
3.837643549872 
3.837653303272 
3.837649685566 
3.837694957979 
3.837707205282 
3.837707619527 
3.837682853430 
3.837491900232 
3.837496337299 
3.837466835713 
3.837476853359 
3.837476443027 
3.837516574189 
3.837504562751 
3.837476906349 
3.837458220857 
3.837367535662 
3.837387783668 
3.837385662418 
3.837343836071 
3.837349447389 
3.837357896918 
3.837353593104 
3.837374880231 
3.837380526645 
3.837414363642 
3.837427815008 
3.837445897720 
3.837440012885 
3.837462424878 
3.837475427082 
3.837465362473 
3.837462016267 
3.837415030741 
3.837414461852 
3.837414461852 
3.837411002057 
3.837384179459 
3.837385063408 
3.837320448118 
3.837267562946 
3.837326465393 
3.837286729250 
3.837279109871 
3.837271351225 
3.837274427579 
3.837240508740 
3.837241659359 
3.837180556100 
3.837542333884 
3.837538368157 
3.837548546812 
3.837523549140 
3.837512916029 
3.837518881507 
3.837510731564 
3.837495893997 
3.837516555939 
3.837519551413 
3.837504110940 
3.837450829481 
3.837455370613 
3.837506704767 
3.837410928310 
3.837418229013 
3.837416436724 
3.837415014588 
3.837417712793 
3.837393464735 
3.837419034666 
3.837418317837 
3.837415959703 
3.837387286580 
3.837388081659 
3.837397145217 
3.837416694140 
3.837423985088 
3.837373598366 
3.837380842758 
3.837391632110 
3.837389081943 
3.837418557512 
3.837455659136 
3.837457562280 
3.837449325123 
3.837417226118 
3.837418172346 
3.837418172346 
3.837424913807 
3.837427927984 
3.837428036438 
3.837444028422 
3.837376905305 
3.837408262534 
3.837442833407 
3.837494953637 
3.837541883033 
3.837509099235 
3.837488656215 
3.837456353998 
3.837384207155 
3.837369006492 
3.837580776883 
3.837552251119 
3.837575829109 
3.837602704106 
3.837557719347 
3.837583925531 
3.837544627746 
3.837553467539 
3.837473594142 
3.837506978323 
3.837526645117 
3.837461770376 
3.837463160526 
3.837499502597 
3.837489637109 
3.837445851741 
3.837452861135 
3.837429507241 
3.837414210742 
3.837421942634 
3.837416664412 
3.837396829676 
3.837411781510 
3.837445412532 
3.837464025720 
3.837460931682 
3.837432108237 
3.837417897468 
3.837416785265 
3.837504046919 
3.837488871875 
3.837521776399 
3.837501363430 
3.837501109458 
3.837516295099 
3.837497319802 
3.837487120336 
3.837473799537 
3.837480142764 
3.837479621575 
3.837464368134 
3.837384514056 
3.837401021814 
3.837391511928 
3.837388921223 
3.837360264114 
3.837321843541 
3.837395525895 
3.837368027835 
3.837369481040 
3.837381227660 
3.837360240777 
3.837357123272 
3.837346244890 
3.837352098444 
3.837340246765 
3.837344925854 
3.837350008628 
3.837331116221 
3.837350952627 
3.837363083051 
3.837312759802 
3.837312759802 
3.837312759802 
3.837324899837 
3.837324899837 
3.837335364256 
3.837331862446 
3.837331862446 
3.837335473529 
3.837253344976 
3.837255927490 
3.837290920675 
3.837328208932 
3.837394263919 
3.837425586568 
3.837398067013 
3.837396944731 
3.837386259449 
3.837395737804 
3.837381409499 
3.837421017047 
3.837499658692 
3.837541385234 
3.837510189234 
3.837573383073 
3.837570694616 
3.837536461548 
3.837551644511 
3.837514939484 
3.837547118826 
3.837588536736 
3.837583076264 
3.837551172956 
3.837512139430 
3.837505233360 
3.837507039932 
3.837535442133 
3.837542110082 
3.837537570135 
3.837535262037 
3.837507417955 
3.837495811275 
3.837468820196 
3.837480180750 
3.837488398982 
3.837476199785 
3.837436803424 
3.837439450098 
3.837480929020 
3.837449866005 
3.837429995836 
3.837389215423 
3.837266939835 
3.837266553524 
3.837309852516 
3.837323826105 
3.837313548562 
3.837260842235 
3.837374918021 
3.837390607937 
3.837342159572 
3.837345197225 
3.837339848577 
3.837349263483 
3.837288897680 
3.837288214478 
3.837358218002 
3.837357479866 
3.837365528779 
3.837394235436 
3.837433312416 
3.837426809717 
3.837426809717 
3.837444770960 
3.837390693017 
3.837365169304 
3.837383593833 
3.837402170194 
3.837402771345 
3.837401230105 
3.837447726441 
3.837429632739 
3.837464077119 
3.837381094045 
3.837379299799 
3.837382226355 
3.837343595969 
3.837345749758 
3.837371224464 
3.837347213492 
3.837335041855 
3.837321697040 
3.837324132860 
3.837324132860 
3.837299922131 
3.837329257996 
3.837390953922 
3.837392035867 
3.837379106658 
3.837380513440 
3.837388758129 
3.837397842687 
3.837357775535 
3.837360499468 
3.837360452726 
3.837365464487 
3.837349003311 
3.837365038354 
3.837360270482 
3.837364106882 
3.837351864583 
3.837335844160 
3.837290709351 
3.837306678618 
3.837322379515 
3.837311472704 
3.837321464153 
3.837316652605 
3.837324487065 
3.837358266096 
3.837365035219 
3.837367417873 
3.837291159664 
3.837303431891 
3.837245507942 
3.837251666449 
3.837259601667 
3.837271850331 
3.837292153957 
3.837308586342 
3.837333178584 
3.837342321153 
3.837251056493 
3.837255385719 
3.837288400902 
3.837304262697 
3.837317114256 
3.837323795201 
3.837307449245 
3.837313215782 
3.837309153778 
3.837318451635 
3.837315999478 
3.837304909887 
3.837308859731 
3.837327424875 
3.837367075341 
3.837369424163 
3.837376060818 
3.837375817355 
3.837385734729 
3.837382399008 
3.837382399008 
3.837382399008 
3.837382399008 
3.837395174624 
3.837381769542 
3.837337548282 
3.837336521559 
3.837336983752 
3.837350080119 
3.837327743380 
3.837311400552 
3.837284118855 
3.837309168823 
3.837232494820 
3.837182325206 
3.837267747737 
3.837358159062 
3.837401897603 
3.837391255773 
3.837435305829 
3.837441300537 
3.837365777330 
3.837323660284 
3.837529715104 
3.837511516359 
3.837548036610 
3.837526073140 
3.837596263606 
3.837587818368 
3.837624983947 
3.837608126883 
3.837524710784 
3.837542938180 
3.837582799733 
3.837540473165 
3.837521129642 
3.837503153444 
3.837513795362 
3.837525885861 
3.837535427574 
3.837611786285 
3.837636316259 
3.837626263424 
3.837594552366 
3.837676844717 
3.837565654531 
3.837596660253 
3.837560734354 
3.837563441754 
3.837563173167 
3.837556107562 
3.837553687562 
3.837549519911 
3.837548331821 
3.837534328521 
3.837574317081 
3.837554704522 
3.837556078881 
3.837553175075 
3.837506341166 
3.837506341166 
3.837487295510 
3.837514335306 
3.837511335460 
3.837511335460 
3.837511335460 
3.837509150621 
3.837509150621 
3.837509150621 
3.837496139673 
3.837519696220 
3.837560685474 
3.837555288461 
3.837550217313 
3.837569697387 
3.837555878429 
3.837563164993 
3.837584320893 
3.837540435115 
3.837546498892 
3.837556080110 
3.837494407504 
3.837544543270 
3.837556936959 
3.837551291493 
3.837598738599 
3.837543919106 
3.837579873897 
3.837550015608 
3.837535666577 
3.837557516344 
3.837576867219 
3.837610192164 
3.837605756704 
3.837697497190 
3.837680072677 
3.837671635991 
3.837684774206 
3.837670269158 
3.837750363226 
3.837715228899 
3.837715228899 
3.837701127031 
3.837684932185 
3.837682062705 
3.837703217510 
3.837702825239 
3.837693622004 
3.837630383069 
3.837618089110 
3.837478869285 
3.837464923051 
3.837489408024 
3.837479205710 
3.837535416845 
3.837576833153 
3.837569036141 
3.837568987896 
3.837552852463 
3.837535848620 
3.837582919095 
3.837574095280 
3.837523987271 
3.837504632069 
3.837555272879 
3.837552528581 
3.837547308034 
3.837566891591 
3.837571786291 
3.837594249943 
3.837575180154 
3.837603949455 
3.837553977109 
3.837555754633 
3.837509457372 
3.837505502580 
3.837397144865 
3.837374139042 
3.837340799729 
3.837355010479 
3.837368384607 
3.837392009205 
3.837394653367 
3.837460802356 
3.837528372042 
3.837505294563 
3.837481248297 
3.837449350683 
3.837474032011 
3.837452771507 
3.837351395529 
3.837273184674 
3.837384446723 
3.837417335815 
3.837402862409 
3.837426660375 
3.837405272369 
3.837367944888 
3.837324142514 
3.837298120428 
3.837314208628 
3.837342577649 
3.837346771093 
3.837341724116 
3.837352087639 
3.837400658823 
3.837390648539 
3.837431633698 
3.837418126598 
3.837423082366 
3.837367064561 
3.837330970124 
3.837380238007 
3.837381976326 
3.837377839135 
3.837338461891 
3.837320351649 
3.837382225954 
3.837399579303 
3.837393675240 
3.837414095958 
3.837360577877 
3.837422317642 
3.837440529160 
3.837449763332 
3.837388463153 
3.837379477589 
3.837380231695 
3.837402133313 
3.837395061540 
3.837340431990 
3.837346126957 
3.837339213877 
3.837344248665 
3.837356073483 
3.837353073385 
3.837366900274 
3.837354999234 
3.837355638302 
3.837325168561 
3.837357255891 
3.837328928353 
3.837328928353 
3.837328928353 
3.837409585903 
3.837416995607 
3.837416636967 
3.837421503033 
3.837456443114 
3.837404275449 
3.837427477175 
3.837401504702 
3.837392894441 
3.837437517761 
3.837437280512 
3.837433411412 
3.837459575869 
3.837484279089 
3.837515133136 
3.837509349058 
3.837501552427 
3.837498487052 
3.837498543294 
3.837521129935 
3.837540384815 
3.837535300010 
3.837508718900 
3.837528734451 
3.837551237956 
3.837547342358 
3.837572081327 
3.837576039681 
3.837663478909 
3.837571199009 
3.837602236835 
3.837609636805 
3.837635474373 
3.837655135989 
3.837655135989 
3.837638073086 
3.837680013957 
3.837669846950 
3.837724111465 
3.837659266226 
3.837665256787 
3.837622877527 
3.837625611332 
3.837700144732 
3.837653148752 
3.837581930233 
3.837586075149 
3.837595711168 
3.837577191593 
3.837570337467 
3.837552097335 
3.837555766828 
3.837496035033 
3.837461036064 
3.837451406441 
3.837450762868 
3.837453791153 
3.837456768401 
3.837519704709 
3.837568326990 
3.837561506509 
3.837530015716 
3.837538354495 
3.837508242239 
3.837544203948 
3.837525329010 
3.837514461919 
3.837525259907 
3.837498989976 
3.837515097666 
3.837498680904 
3.837506884219 
3.837455987823 
3.837492562876 
3.837399081135 
3.837371528633 
3.837381119483 
3.837382964808 
3.837352757540 
3.837385451230 
3.837328659601 
3.837324356247 
3.837320946346 
3.837266877195 
3.837270027254 
3.837291902191 
3.837214846354 
3.837255361823 
3.837301761355 
3.837304419769 
3.837301341330 
3.837281221851 
3.837302964023 
3.837243460576 
3.837332960259 
3.837327455014 
3.837286112940 
3.837280463178 
3.837279272555 
3.837279272555 
3.837280269947 
3.837280269947 
3.837280269947 
3.837280269947 
3.837280269947 
3.837280269947 
3.837287721482 
3.837287721482 
3.837288084652 
3.837288084652 
3.837296829382 
3.837295619996 
3.837299523420 
3.837348059537 
3.837350948842 
3.837451924652 
3.837479528273 
3.837506992539 
3.837488425643 
3.837448328342 
3.837464216367 
3.837454964077 
3.837463329453 
3.837476981930 
3.837484822600 
3.837490911152 
3.837471582129 
3.837483083916 
3.837475436044 
3.837491649044 
3.837559560452 
3.837514087917 
3.837567941549 
3.837508120688 
3.837522986998 
3.837559224304 
3.837551060276 
3.837592069466 
3.837520236553 
3.837545548677 
3.837551313423 
3.837478314949 
3.837469839012 
3.837509962539 
3.837529793071 
3.837539225976 
3.837534555541 
3.837515452926 
3.837525432239 
3.837556218825 
3.837549312817 
3.837534946969 
3.837456904536 
3.837457823052 
3.837448515748 
3.837475864281 
3.837485794619 
3.837482191590 
3.837466807910 
3.837477519514 
3.837465816252 
3.837435926957 
3.837402165657 
3.837337239007 
3.837324751887 
3.837383413776 
3.837403779585 
3.837455439795 
3.837469988992 
3.837412172422 
3.837412460397 
3.837424185457 
3.837457673802 
3.837454861370 
3.837532957152 
3.837527963145 
3.837528594621 
3.837361146687 
3.837361146687 
3.837359411747 
3.837360760849 
3.837325997659 
3.837335857966 
3.837334358099 
3.837324851090 
3.837306440145 
3.837262868856 
3.837255204939 
3.837459943829 
3.837476694577 
3.837459506660 
3.837469263151 
3.837469744985 
3.837499446903 
3.837535344771 
3.837530688117 
3.837528064285 
3.837506027881 
3.837508933599 
3.837514252339 
3.837527565199 
3.837510809732 
3.837508155809 
3.837561101891 
3.837477049187 
3.837452227356 
3.837546508057 
3.837541865857 
3.837521480145 
3.837510559551 
3.837469028591 
3.837476422033 
3.837488490668 
3.837472099291 
3.837561947673 
3.837549258538 
3.837559029600 
3.837526654001 
3.837574478050 
3.837503695506 
3.837550693243 
3.837522152225 
3.837573264473 
3.837539455283 
3.837571281671 
3.837586512502 
3.837575810017 
3.837576032591 
3.837582334766 
3.837552631704 
3.837579192356 
3.837516598895 
3.837544920590 
3.837516243617 
3.837539359160 
3.837578621973 
3.837528294456 
3.837570766165 
3.837423080431 
3.837432906543 
3.837425260994 
3.837430710378 
3.837430150502 
3.837430422953 
3.837430691775 
3.837407921629 
3.837426893554 
3.837404743674 
3.837397210243 
3.837382166849 
3.837363443569 
3.837380468414 
3.837408716617 
3.837400451467 
3.837429775296 
3.837446429360 
3.837473022650 
3.837473967802 
3.837501317294 
3.837498682852 
3.837436611272 
3.837432267013 
3.837409856477 
3.837457643272 
3.837469313940 
3.837471139681 
3.837469003194 
3.837443489296 
3.837396066174 
3.837399458336 
3.837401971854 
3.837430380263 
3.837431355970 
3.837444802258 
3.837438556195 
3.837429138824 
3.837429996992 
3.837398443277 
3.837421007991 
3.837396681745 
3.837408286523 
3.837391377915 
3.837475706975 
3.837400696277 
3.837413118554 
3.837461332925 
3.837528737335 
3.837507199445 
3.837447316037 
3.837450973288 
3.837437829170 
3.837424591036 
3.837415363386 
3.837466400355 
3.837417501095 
3.837441198104 
3.837520380249 
3.837495718130 
3.837469649968 
3.837470739626 
3.837466709761 
3.837466709761 
3.837480179282 
3.837481862033 
3.837437359253 
3.837421395860 
3.837456474369 
3.837476802628 
3.837495363859 
3.837550149581 
3.837580891797 
3.837583905152 
3.837549834596 
3.837681417787 
3.837711529127 
3.837694503810 
3.837611580920 
3.837619086990 
3.837616723261 
3.837624051805 
3.837465019860 
3.837486431445 
3.837425591151 
3.837480244485 
3.837488030078 
3.837490659423 
3.837480622683 
3.837480269619 
3.837511547226 
3.837522527172 
3.837528236643 
3.837516517681 
3.837502677453 
3.837489641167 
3.837463845459 
3.837470511283 
3.837472934880 
3.837484399165 
3.837450534983 
3.837461297002 
3.837441455796 
3.837440406640 
3.837418206706 
3.837423036362 
3.837433764771 
3.837408419373 
3.837394330820 
3.837303961248 
3.837310168544 
3.837346750575 
3.837285046123 
3.837325943028 
3.837321308954 
3.837329833337 
3.837301109881 
3.837314407073 
3.837383613243 
3.837336238652 
3.837274971450 
3.837281895895 
3.837317711851 
3.837232203257 
3.837332870400 
3.837351473118 
3.837362321355 
3.837306549247 
3.837361884809 
3.837309492977 
3.837348099641 
3.837325526990 
3.837325526990 
3.837324248148 
3.837324248148 
3.837327493734 
3.837335631649 
3.837325606806 
3.837625093116 
3.837650654359 
3.837540622661 
3.837602056573 
3.837498073310 
3.837495702795 
3.837499058215 
3.837464985772 
3.837469086506 
3.837484201510 
3.837450146885 
3.837499901797 
3.837543556477 
3.837543019454 
3.837574540312 
3.837535264258 
3.837563258199 
3.837545476116 
3.837477333154 
3.837485527833 
3.837472397413 
3.837516134875 
3.837540949910 
3.837528452145 
3.837568251832 
3.837583284666 
3.837585776593 
3.837576781668 
3.837577392042 
3.837555383462 
3.837552925929 
3.837516772069 
3.837530351874 
3.837446299523 
3.837473667428 
3.837465126827 
3.837476091777 
3.837431389456 
3.837486632907 
3.837621877679 
3.837590525792 
3.837577176893 
3.837455289969 
3.837460443040 
3.837439993692 
3.837414452767 
3.837407303781 
3.837418980759 
3.837418980759 
3.837412436713 
3.837445006647 
3.837458699613 
3.837460645623 
3.837467436383 
3.837334173333 
3.837432659548 
3.837442794843 
3.837431256649 
3.837415830415 
3.837427089387 
3.837419100973 
3.837431005792 
3.837423599410 
3.837413164912 
3.837423431419 
3.837442855006 
3.837415886730 
3.837414313960 
3.837456418017 
3.837438346273 
3.837427051281 
3.837469403515 
3.837488246283 
3.837462410192 
3.837602394157 
3.837512125094 
3.837571572253 
3.837560885108 
3.837501591510 
3.837540722501 
3.837547913739 
3.837568267436 
3.837486289652 
3.837526427330 
3.837525917184 
3.837498728303 
3.837488459298 
3.837481515444 
3.837479890381 
3.837501270659 
3.837509500031 
3.837378556227 
3.837348941646 
3.837339541288 
3.837234012243 
3.837312523132 
3.837291277509 
3.837348349364 
3.837384617237 
3.837389425478 
3.837390192172 
3.837420731207 
3.837392366618 
3.837418141612 
3.837419838076 
3.837412395326 
3.837392578929 
3.837436774134 
3.837410047630 
3.837413293738 
3.837422864080 
3.837455824412 
3.837457324938 
3.837432466804 
3.837396598865 
3.837374465474 
3.837373609290 
3.837281578066 
3.837348977702 
3.837347951204 
3.837289280709 
3.837310843865 
3.837237172986 
3.837275633735 
3.837285052310 
3.837281351079 
3.837267406510 
3.837348580603 
3.837291720408 
3.837360719614 
3.837361264527 
3.837388209786 
3.837395704336 
3.837403582703 
3.837404289305 
3.837395415255 
3.837386554826 
3.837403439378 
3.837396224952 
3.837383599567 
3.837357242234 
3.837337225505 
3.837286371040 
3.837259415341 
3.837226884334 
3.837286946717 
3.837293282809 
3.837306293570 
3.837293885463 
3.837292262187 
3.837308327024 
3.837272709403 
3.837144096952 
3.837248484239 
3.837229238861 
3.837275990544 
3.837271104375 
3.837296516661 
3.837308950034 
3.837299189619 
3.837319326509 
3.837278585715 
3.837295356010 
3.837308178037 
3.837306360802 
3.837333429440 
3.837345673204 
3.837346655598 
3.837358864197 
3.837357720947 
3.837364653390 
3.837378098641 
3.837283143215 
3.837320702343 
3.837262155273 
3.837356144664 
3.837385733705 
3.837364750165 
3.837397406155 
3.837412629775 
3.837411543810 
3.837436738906 
3.837452796528 
3.837441718591 
3.837401448127 
3.837384980354 
3.837362334045 
3.837348608666 
3.837391508242 
3.837368853954 
3.837327455531 
3.837327664860 
3.837328806071 
3.837342771650 
3.837305285202 
3.837285890852 
3.837265331124 
3.837298758214 
3.837295246378 
3.837335791233 
3.837333605018 
3.837321067149 
3.837317010384 
3.837310177407 
3.837331681088 
3.837347288460 
3.837344585777 
3.837344585777 
3.837345061197 
3.837361972002 
3.837297940227 
3.837316277765 
3.837317236929 
3.837307027363 
3.837307027363 
3.837300158769 
3.837393155386 
3.837426994846 
3.837396922007 
3.837412551967 
3.837455776809 
3.837430482972 
3.837440789965 
3.837450683417 
3.837450683417 
3.837459393352 
3.837492332475 
3.837517172829 
3.837512048285 
3.837487128492 
3.837522396372 
3.837527269950 
3.837506335101 
3.837476413432 
3.837524960342 
3.837490240954 
3.837492068747 
3.837481118104 
3.837478899871 
3.837463658104 
3.837435201528 
3.837427886745 
3.837431920138 
3.837431472142 
3.837438803950 
3.837467854158 
3.837526033364 
3.837518792140 
3.837546737858 
3.837550406206 
3.837538834276 
3.837538834276 
3.837538834276 
3.837561819176 
3.837560153233 
3.837573029754 
3.837547705046 
3.837545694996 
3.837527702070 
3.837538219017 
3.837569301543 
3.837520720322 
3.837517148707 
3.837520872111 
3.837524612953 
3.837560572094 
3.837612061619 
3.837552551957 
3.837563457622 
3.837530879313 
3.837487196158 
3.837479919040 
3.837496542487 
3.837511100290 
3.837476391446 
3.837477081289 
3.837477081289 
3.837482446144 
3.837495496557 
3.837543513007 
3.837564559336 
3.837546116352 
3.837321782266 
3.837406017808 
3.837398313639 
3.837414401136 
3.837459801887 
3.837465287272 
3.837427577065 
3.837442304894 
3.837448360893 
3.837426188408 
3.837401662775 
3.837453830850 
3.837427232098 
3.837438389210 
3.837444027928 
3.837427139922 
3.837443250290 
3.837507118086 
3.837487297638 
3.837523674721 
3.837510384659 
3.837459382332 
3.837459482033 
3.837465670103 
3.837501186580 
3.837507678677 
3.837482345652 
3.837477483785 
3.837474163559 
3.837508809503 
3.837549745156 
3.837561128909 
3.837582426506 
3.837609091901 
3.837611391501 
3.837565503988 
3.837560723801 
3.837562267726 
3.837569797093 
3.837601548529 
3.837555635024 
3.837566112965 
3.837571656288 
3.837575510950 
3.837534455462 
3.837559542522 
3.837515946481 
3.837499378040 
3.837475591754 
3.837530714078 
3.837535851981 
3.837551349886 
3.837466949849 
3.837464141519 
3.837463762840 
3.837487060602 
3.837471885342 
3.837471445016 
3.837494928707 
3.837488636472 
3.837467427700 
3.837485225078 
3.837476368796 
3.837473118257 
3.837467781306 
3.837441487413 
3.837437052020 
3.837451293877 
3.837473057487 
3.837479533997 
3.837444673413 
3.837452238163 
3.837401092600 
3.837403504305 
3.837398557010 
3.837412831444 
3.837397175386 
3.837431246020 
3.837399147272 
3.837385777374 
3.837367514635 
3.837325778672 
3.837351351896 
3.837370024103 
3.837400280790 
3.837365863950 
3.837391546476 
3.837386627040 
3.837402546407 
3.837391055447 
3.837402536271 
3.837408925987 
3.837420494085 
3.837422229716 
3.837358584516 
3.837365574827 
3.837339803236 
3.837391593672 
3.837378869336 
3.837402059690 
3.837421976319 
3.837426269199 
3.837402705237 
3.837522334282 
3.837443030384 
3.837455388146 
3.837467097215 
3.837427797721 
3.837491349949 
3.837532079699 
3.837542055677 
3.837540243198 
3.837526312422 
3.837575904008 
3.837566819251 
3.837545891860 
3.837541643076 
3.837536930346 
3.837559930844 
3.837563602796 
3.837602016774 
3.837588566079 
3.837582223369 
3.837575647009 
3.837480261691 
3.837495366171 
3.837486269101 
3.837461782115 
3.837453998509 
3.837480376240 
3.837483509932 
3.837483976781 
3.837471656088 
3.837473697837 
3.837473915705 
3.837469678260 
3.837488603701 
3.837472813386 
3.837458662767 
3.837462703814 
3.837462703814 
3.837461952384 
3.837436134670 
3.837439571826 
3.837426126087 
3.837419217569 
3.837448046546 
3.837445041971 
3.837477649337 
3.837525034960 
3.837510284936 
3.837510284936 
3.837455265208 
3.837487380453 
3.837452310044 
3.837422412641 
3.837459488893 
3.837497568593 
3.837504704857 
3.837538956900 
3.837500411687 
3.837521250445 
3.837523862863 
3.837524082469 
3.837518670588 
3.837500551683 
3.837472066980 
3.837474048357 
3.837456305559 
3.837358226547 
3.837410547596 
3.837422882399 
3.837415348097 
3.837404080835 
3.837390718919 
3.837420394992 
3.837404568238 
3.837385622219 
3.837372021003 
3.837302490223 
3.837298113507 
3.837308395878 
3.837326953498 
3.837262547013 
3.837274898904 
3.837200891543 
3.837266655953 
3.837298173857 
3.837508094998 
3.837507242800 
3.837535106545 
3.837572349788 
3.837567930526 
3.837522792511 
3.837517471501 
3.837465981709 
3.837469301640 
3.837470867491 
3.837471059368 
3.837479231335 
3.837434799636 
3.837445434407 
3.837426327502 
3.837465054951 
3.837545994175 
3.837534967175 
3.837515866691 
3.837503851915 
3.837482902165 
3.837481616076 
3.837497427091 
3.837438493816 
3.837437731192 
3.837359838458 
3.837434025096 
3.837447181111 
3.837464771813 
3.837444859296 
3.837476122063 
3.837402195647 
3.837375113683 
3.837346919429 
3.837382202266 
3.837355019413 
3.837353184871 
3.837388486963 
3.837468104130 
3.837464908377 
3.837472492307 
3.837480001464 
3.837494821884 
3.837485790114 
3.837483242364 
3.837513734549 
3.837485678063 
3.837484843298 
3.837452508597 
3.837412158060 
3.837417290689 
3.837450690445 
3.837447116263 
3.837415456488 
3.837441627951 
3.837431709384 
3.837445302578 
3.837463910417 
3.837475443668 
3.837476161024 
3.837519113228 
3.837515553670 
3.837516836375 
3.837468433758 
3.837461646451 
3.837461742227 
3.837390431202 
3.837374992414 
3.837377186315 
3.837342474645 
3.837473254654 
3.837459431913 
3.837468333058 
3.837471973406 
3.837501643578 
3.837448875468 
3.837490467676 
3.837498439970 
3.837490620501 
3.837492709317 
3.837518081400 
3.837500504516 
3.837527484157 
3.837524731816 
3.837501360616 
3.837482973278 
3.837532316400 
3.837472322282 
3.837491821029 
3.837459660395 
3.837436735605 
3.837389922895 
3.837387422832 
3.837390633107 
3.837668456520 
3.837646541026 
3.837611201316 
3.837573840066 
3.837562004814 
3.837463894815 
3.837448867758 
3.837425568114 
3.837445445139 
3.837450506996 
3.837450623810 
3.837439170778 
3.837403215510 
3.837429083873 
3.837491742370 
3.837463789033 
3.837450124392 
3.837368341038 
3.837321477049 
3.837324794303 
3.837336631319 
3.837309392476 
3.837329979653 
3.837330546928 
3.837328410498 
3.837311836905 
3.837294661549 
3.837304129851 
3.837263460634 
3.837280024976 
3.837223436345 
3.837265438267 
3.837336590009 
3.837376963481 
3.837448012594 
3.837382960369 
3.837363579687 
3.837353259470 
3.837288020427 
3.837292984402 
3.837291457303 
3.837318318850 
3.837269385207 
3.837270626460 
3.837235850707 
3.837256838425 
3.837305408342 
3.837291990921 
3.837320126133 
3.837312264060 
3.837331992989 
3.837344097415 
3.837329028526 
3.837331336787 
3.837319415308 
3.837324522574 
3.837331743610 
3.837353979255 
3.837389355994 
3.837377801015 
3.837320594339 
3.837303243930 
3.837303243930 
3.837287556960 
3.837246546685 
3.837249838809 
3.837270679941 
3.837254709374 
3.837300233561 
3.837290872969 
3.837252537097 
3.837279815615 
3.837288703329 
3.837271724319 
3.837280936013 
3.837279218397 
3.837290694006 
3.837290694006 
3.837290694006 
3.837292171488 
3.837287063484 
3.837293313283 
3.837266634637 
3.837266241757 
3.837344428948 
3.837340038981 
3.837340038981 
3.837353866363 
3.837353866363 
3.837354146162 
3.837364673563 
3.837364673563 
3.837371416488 
3.837251862001 
3.837361489843 
3.837350959865 
3.837342655973 
3.837381822099 
3.837393854870 
3.837385605840 
3.837439556073 
3.837465869073 
3.837566257998 
3.837634078160 
3.837573410683 
3.837507148117 
3.837482172733 
3.837481496595 
3.837493228791 
3.837508868217 
3.837555985767 
3.837548870290 
3.837518038277 
3.837520100523 
3.837630955322 
3.837587811176 
3.837609304884 
3.837642472155 
3.837611077367 
3.837600627782 
3.837565387113 
3.837607200316 
3.837581519674 
3.837563071023 
3.837566688846 
3.837617208757 
3.837646058705 
3.837597679083 
3.837558757414 
3.837561912482 
3.837584340612 
3.837539280394 
3.837540090994 
3.837517011869 
3.837493182693 
3.837505209643 
3.837496333641 
3.837505456888 
3.837531144045 
3.837507144277 
3.837514226900 
3.837507984192 
3.837611186483 
3.837632284162 
3.837519507280 
3.837406786075 
3.837372977193 
3.837388946188 
3.837440712588 
3.837423233160 
3.837451508361 
3.837431189919 
3.837443945323 
3.837458097881 
3.837477835606 
3.837477001403 
3.837483980620 
3.837467702533 
3.837507300868 
3.837505940103 
3.837510089123 
3.837491449842 
3.837478001780 
3.837507855484 
3.837513107780 
3.837536669877 
3.837558277498 
3.837511260924 
3.837614471321 
3.837475189134 
3.837475930263 
3.837478529366 
3.837450658456 
3.837445115473 
3.837451520018 
3.837389039119 
3.837409197022 
3.837459789317 
3.837454718814 
3.837444600103 
3.837416509120 
3.837434953811 
3.837493506271 
3.837456393068 
3.837446575809 
3.837446090577 
3.837435275775 
3.837418126524 
3.837315250165 
3.837344177961 
3.837275368063 
3.837219446514 
3.837241155339 
3.837298573224 
3.837298264457 
3.837283519005 
3.837239189104 
3.837272030856 
3.837242032815 
3.837286878543 
3.837245804001 
3.837143707287 
3.837191732843 
3.837259611109 
3.837233157583 
3.837192633944 
3.837222626791 
3.837227809471 
3.837203083630 
3.837307561967 
3.837341214257 
3.837297123659 
3.837305928524 
3.837318324143 
3.837312811076 
3.837320202921 
3.837365713287 
3.837364101265 
3.837337380415 
3.837313349470 
3.837351116790 
3.837339257434 
3.837375613455 
3.837394393061 
3.837365421840 
3.837379207028 
3.837317127746 
3.837322482666 
3.837310149130 
3.837332981891 
3.837273563121 
3.837274709236 
3.837241217374 
3.837284168536 
3.837262056414 
3.837209640178 
3.837238103603 
3.837276686806 
3.837341207324 
3.837338437407 
3.837342177905 
3.837352838024 
3.837321201355 
3.837326320481 
3.837349917683 
3.837319569445 
3.837325423275 
3.837292024809 
3.837286210126 
3.837311320253 
3.837331999969 
3.837333527062 
3.837329870670 
3.837371515288 
3.837370572806 
3.837370572806 
3.837394504483 
3.837392445240 
3.837434807095 
3.837454803586 
3.837426102013 
3.837422638622 
3.837407194337 
3.837467844384 
3.837491211406 
3.837534280475 
3.837532128327 
3.837595799810 
3.837611192160 
3.837584366024 
3.837616061808 
3.837610010096 
3.837551264517 
3.837580541743 
3.837685104219 
3.837646223050 
3.837632327620 
3.837621868825 
3.837621868825 
3.837651975657 
3.837643179250 
3.837618672223 
3.837414946006 
3.837437017949 
3.837429608894 
3.837307524524 
3.837358573734 
3.837380849173 
3.837417374862 
3.837417196737 
3.837423235195 
3.837393460802 
3.837381092746 
3.837407273594 
3.837382855331 
3.837387784174 
3.837387536890 
3.837387536890 
3.837365568665 
3.837393741780 
3.837406784162 
3.837377431054 
3.837363412300 
3.837451371539 
3.837451388700 
3.837453431663 
3.837435654380 
3.837442438931 
3.837431110205 
3.837415834979 
3.837421789615 
3.837424679641 
3.837430649888 
3.837433234067 
3.837403164088 
3.837407388073 
3.837405373631 
3.837419391028 
3.837558791713 
3.837555279466 
3.837502008068 
3.837485880764 
3.837520288093 
3.837517245428 
3.837516383295 
3.837494237634 
3.837500739111 
3.837492192358 
3.837466466040 
3.837422016760 
3.837465695098 
3.837409109436 
3.837416474988 
3.837508006099 
3.837480887687 
3.837532521076 
3.837496529469 
3.837498342703 
3.837385365484 
3.837394815682 
3.837399139555 
3.837344095341 
3.837400890587 
3.837380247625 
3.837423984051 
3.837407735048 
3.837410366680 
3.837343072838 
3.837341862673 
3.837371766943 
3.837374326062 
3.837362738034 
3.837431114901 
3.837415749234 
3.837381825221 
3.837411025372 
3.837410199606 
3.837349081035 
3.837367408000 
3.837379793643 
3.837395050585 
3.837388829202 
3.837349188588 
3.837281099381 
3.837379530758 
3.837309612572 
3.837330881311 
3.837332300603 
3.837373390136 
3.837384616089 
3.837401266964 
3.837392827421 
3.837401613049 
3.837410359724 
3.837410742073 
3.837392770711 
3.837378741004 
3.837344104475 
3.837317016553 
3.837381102464 
3.837376327395 
3.837269264795 
3.837302899868 
3.837396634733 
3.837403890838 
3.837393035248 
3.837402442187 
3.837410578943 
3.837484724977 
3.837493140015 
3.837488118100 
3.837496624602 
3.837482477793 
3.837482088592 
3.837483235803 
3.837480461924 
3.837464450423 
3.837476341264 
3.837473710342 
3.837458606453 
3.837486915274 
3.837505101372 
3.837482542640 
3.837450562335 
3.837493810882 
3.837477851905 
3.837448357311 
3.837421896114 
3.837412789608 
3.837428236327 
3.837421009411 
3.837499281722 
3.837534796995 
3.837517007754 
3.837545410150 
3.837571959315 
3.837560674511 
3.837543083371 
3.837561749633 
3.837533115671 
3.837470556966 
3.837431143757 
3.837387733415 
3.837367678643 
3.837384537451 
3.837369535394 
3.837392479370 
3.837392479370 
3.837385421460 
3.837382690280 
3.837388414099 
3.837437344193 
3.837435232489 
3.837436813579 
3.837450205941 
3.837364420895 
3.837375958654 
3.837364420198 
3.837341324447 
3.837320241345 
3.837325334463 
3.837289608581 
3.837293584294 
3.837335147515 
3.837320835400 
3.837317787191 
3.837332022257 
3.837300630157 
3.837286916079 
3.837299588367 
3.837299588367 
3.837278326755 
3.837275594674 
3.837296942416 
3.837339191859 
3.837364888493 
3.837389665595 
3.837392014427 
3.837402039683 
3.837404058463 
3.837422078147 
3.837468607331 
3.837470722752 
3.837465554301 
3.837466171912 
3.837457111353 
3.837453238254 
3.837486230757 
3.837491321373 
3.837549652958 
3.837466782807 
3.837468246845 
3.837468246845 
3.837482825941 
3.837470225294 
3.837461228739 
3.837476116604 
3.837465221039 
3.837519789909 
3.837531489104 
3.837528447110 
3.837595704523 
3.837642040409 
3.837658913813 
3.837721351258 
3.837593260504 
3.837575481292 
3.837682682620 
3.837556530036 
3.837560657441 
3.837564220483 
3.837557373779 
3.837566183824 
3.837544617075 
3.837597233249 
3.837622792541 
3.837637658094 
3.837668826054 
3.837659389331 
3.837659389331 
3.837673259211 
3.837719151269 
3.837706500070 
3.837692656567 
3.837713011018 
3.837737497443 
3.837669272774 
3.837594856432 
3.837609871416 
3.837606708367 
3.837606149647 
3.837628315979 
3.837589521487 
3.837581473484 
3.837619409754 
3.837514495174 
3.837560086133 
3.837546096804 
3.837555855995 
3.837558439579 
3.837520066287 
3.837503565594 
3.837489841147 
3.837457893753 
3.837485368164 
3.837508075945 
3.837491102482 
3.837531069311 
3.837506101767 
3.837522163494 
3.837552914101 
3.837603152789 
3.837490497577 
3.837366607577 
3.837355917592 
3.837342716846 
3.837404181710 
3.837388786345 
3.837384281266 
3.837368093522 
3.837483913091 
3.837552906457 
3.837555583423 
3.837606700836 
3.837598512131 
3.837585118124 
3.837638904506 
3.837650735840 
3.837424305718 
3.837407541346 
3.837398241354 
3.837392766823 
3.837378402885 
3.837362842267 
3.837356271793 
3.837380893484 
3.837407440303 
3.837371371469 
3.837431820321 
3.837477928082 
3.837529342237 
3.837533144045 
3.837493161082 
3.837536164195 
3.837431456653 
3.837275403532 
3.837285543178 
3.837292038158 
3.837262366817 
3.837258107186 
3.837339161505 
3.837355293006 
3.837299379034 
3.837297988648 
3.837310084919 
3.837286301061 
3.837334804664 
3.837256075039 
3.837273288860 
3.837268393921 
3.837336717555 
3.837377910195 
3.837348779284 
3.837458633665 
3.837466103789 
3.837494843366 
3.837494239082 
3.837491985341 
3.837519734313 
3.837519734313 
3.837535805931 
3.837560336866 
3.837569545504 
3.837538462811 
3.837550107347 
3.837530884067 
3.837477370168 
3.837543021779 
3.837552107237 
3.837507521562 
3.837515142909 
3.837483418415 
3.837530941213 
3.837527285418 
3.837509873827 
3.837476796540 
3.837397463633 
3.837469514323 
3.837467963467 
3.837463854106 
3.837543692692 
3.837547239156 
3.837471387476 
3.837463681618 
3.837475561197 
3.837474464686 
3.837475546341 
3.837444983088 
3.837461813180 
3.837498280578 
3.837525208233 
3.837597624071 
3.837599565979 
3.837557339670 
3.837557339670 
3.837553142925 
3.837559163169 
3.837554194921 
3.837554617819 
3.837547115076 
3.837615631532 
3.837637399514 
3.837620099010 
3.837611879114 
3.837660588666 
3.837651020383 
3.837664116305 
3.837684891420 
3.837686836044 
3.837641377891 
3.837641377891 
3.837641377891 
3.837647391958 
3.837589670875 
3.837583886499 
3.837574742765 
3.837595476657 
3.837584001601 
3.837680153297 
3.837573107074 
3.837451719039 
3.837478802194 
3.837508311603 
3.837488761582 
3.837495039240 
3.837477285741 
3.837454925633 
3.837429972400 
3.837516150386 
3.837539066386 
3.837486118790 
3.837485351224 
3.837406387319 
3.837372983154 
3.837423502192 
3.837445562713 
3.837460404006 
3.837440731148 
3.837459114784 
3.837490861533 
3.837498991201 
3.837508640046 
3.837523959249 
3.837579579852 
3.837642919627 
3.837602415826 
3.837643042516 
3.837596557299 
3.837571439728 
3.837622267264 
3.837591467856 
3.837566958863 
3.837542999793 
3.837540306529 
3.837544586028 
3.837546709056 
3.837532632709 
3.837537247501 
3.837571057936 
3.837576042987 
3.837569369171 
3.837547750624 
3.837478185500 
3.837400271833 
3.837430288214 
3.837338911252 
3.837316583268 
3.837231676337 
3.837291855343 
3.837277727900 
3.837287679875 
3.837336956597 
3.837358583479 
3.837361709741 
3.837366645541 
3.837346536058 
3.837324520063 
3.837326436342 
3.837341653813 
3.837331615562 
3.837323086793 
3.837354328955 
3.837354328955 
3.837357830821 
3.837350481572 
3.837348120163 
3.837343366288 
3.837353220045 
3.837315242432 
3.837347133600 
3.837308209137 
3.837341477953 
3.837348052452 
3.837349198280 
3.837316701344 
3.837245498614 
3.837301113806 
3.837378731267 
3.837329180348 
3.837309875406 
3.837255769389 
3.837292949773 
3.837275922567 
3.837381403838 
3.837389776462 
3.837391869182 
3.837400416696 
3.837429576670 
3.837386018744 
3.837390489354 
3.837279662875 
3.837323074174 
3.837293802402 
3.837300661708 
3.837296334354 
3.837305081635 
3.837346767266 
3.837356232165 
3.837343950723 
3.837338382528 
3.837305431541 
3.837309851867 
3.837569534408 
3.837541103346 
3.837540781967 
3.837510081915 
3.837490461253 
3.837479710243 
3.837554006924 
3.837559368954 
3.837579658380 
3.837588437514 
3.837576292963 
3.837572195072 
3.837559692301 
3.837580694242 
3.837587901556 
3.837552872908 
3.837583792364 
3.837550135822 
3.837537845445 
3.837572611847 
3.837512140311 
3.837496766079 
3.837490571350 
3.837542100611 
3.837548004607 
3.837572785489 
3.837559778692 
3.837552191553 
3.837557357734 
3.837561196047 
3.837543168549 
3.837542038496 
3.837501990254 
3.837496723252 
3.837494330012 
3.837480522792 
3.837445143341 
3.837440811097 
3.837427936204 
3.837431835545 
3.837411224102 
3.837360085084 
3.837349372898 
3.837409203066 
3.837412075222 
3.837422080584 
3.837421451774 
3.837427881374 
3.837499598538 
3.837502154471 
3.837500443196 
3.837501272344 
3.837459656333 
3.837358669283 
3.837383538827 
3.837372590574 
3.837388874035 
3.837396828295 
3.837379395145 
3.837468914734 
3.837485866034 
3.837424478605 
3.837462310385 
3.837523338129 
3.837528004963 
3.837537447887 
3.837447153593 
3.837435292809 
3.837450205859 
3.837443821492 
3.837405007851 
3.837375328213 
3.837399182570 
3.837401483547 
3.837312882154 
3.837243370163 
3.837302784825 
3.837319147882 
3.837319028343 
3.837353728256 
3.837380045176 
3.837371272896 
3.837345543651 
3.837359073330 
3.837402843046 
3.837424922568 
3.837424054611 
3.837407296905 
3.837410017374 
3.837410447002 
3.837407812199 
3.837418975198 
3.837408251118 
3.837394443424 
3.837484869313 
3.837480802997 
3.837519022574 
3.837498501050 
3.837538153099 
3.837518956356 
3.837511516697 
3.837544706601 
3.837497685819 
3.837437237345 
3.837437262289 
3.837432951664 
3.837421414710 
3.837395293473 
3.837396990780 
3.837400488576 
3.837388835771 
3.837383365492 
3.837383365492 
3.837383563748 
3.837383563748 
3.837383959566 
3.837394385586 
3.837435812338 
3.837487116031 
3.837497825895 
3.837492870559 
3.837487577767 
3.837523560850 
3.837518281207 
3.837518281207 
3.837515056754 
3.837505423870 
3.837529725298 
3.837524901590 
3.837517880921 
3.837520841025 
3.837559010199 
3.837576904259 
3.837525776166 
3.837529882523 
3.837548238820 
3.837506422633 
3.837470948582 
3.837460939297 
3.837463773002 
3.837454127713 
3.837441367982 
3.837441367982 
3.837448356965 
3.837513203171 
3.837463963818 
3.837479616723 
3.837441236680 
3.837467834430 
3.837487408983 
3.837510422693 
3.837523626444 
3.837519492548 
3.837532444428 
3.837535035912 
3.837507391751 
3.837502745853 
3.837535328965 
3.837554641878 
3.837589186793 
3.837576205472 
3.837596363415 
3.837569860194 
3.837566190925 
3.837550697265 
3.837611411643 
3.837589601499 
3.837602262884 
3.837650189375 
3.837627476160 
3.837633811867 
3.837648306496 
3.837613886204 
3.837587376523 
3.837564024951 
3.837618588327 
3.837696122409 
3.837647355569 
3.837596988101 
3.837624627492 
3.837630806272 
3.837631665289 
3.837655771454 
3.837644616278 
3.837715805793 
3.837701793122 
3.837587908998 
3.837587908998 
3.837233099726 
3.837272209234 
3.837263824435 
3.837240091311 
3.837200735486 
3.837237369286 
3.837203531508 
3.837209036950 
3.837273032914 
3.837242527771 
3.837237931728 
3.837270232826 
3.837205299549 
3.837193915582 
3.837249529766 
3.837213951832 
3.837276640839 
3.837273144338 
3.837259778781 
3.837296402243 
3.837303779944 
3.837257547966 
3.837254958281 
3.837280077015 
3.837287887550 
3.837353489711 
3.837360385893 
3.837350259802 
3.837347482117 
3.837341764785 
3.837363742553 
3.837364689822 
3.837321916901 
3.837305119996 
3.837338094963 
3.837312553769 
3.837441069150 
3.837415731600 
3.837380581754 
3.837406813667 
3.837416079457 
3.837410862332 
3.837406997689 
3.837409047520 
3.837408905619 
3.837343770379 
3.837391025299 
3.837396492100 
3.837499004839 
3.837501753110 
3.837498782397 
3.837435215255 
3.837431432848 
3.837430523279 
3.837420295241 
3.837451250800 
3.837488382386 
3.837435559866 
3.837426750658 
3.837503439493 
3.837496200902 
3.837466463031 
3.837541790020 
3.837406013348 
3.837428456839 
3.837435920246 
3.837429726603 
3.837429826951 
3.837424582791 
3.837332368657 
3.837366438627 
3.837357638850 
3.837338270724 
3.837351784019 
3.837341035886 
3.837328213806 
3.837415709362 
3.837445347461 
3.837425056460 
3.837452359597 
3.837498812286 
3.837475806464 
3.837455775524 
3.837479800069 
3.837481328322 
3.837534774016 
3.837524257093 
3.837516152806 
3.837551229093 
3.837517892194 
3.837493334621 
3.837487463177 
3.837491950624 
3.837486269515 
3.837279920208 
3.837402345824 
3.837415925975 
3.837419810409 
3.837416417632 
3.837397908505 
3.837429598590 
3.837433682799 
3.837402612652 
3.837414460537 
3.837423473409 
3.837419900920 
3.837254955668 
3.837240515937 
3.837197491741 
3.837212541217 
3.837166172369 
3.837152154422 
3.837151992400 
3.837192098617 
3.837224148662 
3.837283334913 
3.837219803571 
3.837111199739 
3.837157489339 
3.837140807299 
3.837032919980 
3.837050743466 
3.837105480934 
3.837108517681 
3.837073550260 
3.837162428782 
3.837202662501 
3.837274703736 
3.837260353290 
3.837210989069 
3.837258820560 
3.837257796262 
3.837277480882 
3.837221183651 
3.837215488757 
3.837218352618 
3.837175004053 
3.837194786809 
3.837177930503 
3.837185808875 
3.837133848512 
3.837166308193 
3.837160172575 
3.837201833450 
3.837182938840 
3.837207147415 
3.837234998632 
3.837180756572 
3.837206052133 
3.837168308142 
3.837104592505 
3.837143589359 
3.837006485118 
3.836996423594 
3.836991120296 
3.837071762735 
3.837099432231 
3.837070013312 
3.837100705169 
3.837122524551 
3.837123654986 
3.837116651890 
3.837039874707 
3.836929878066 
3.836992066984 
3.836910052328 
3.837099920709 
3.837047497788 
3.837107621802 
3.837016359741 
3.837030564954 
3.837006430987 
3.837074794903 
3.837042624863 
3.837077927117 
3.837215765740 
3.837114728450 
3.837162208622 
3.837085639623 
3.837238913836 
3.837181116429 
3.837264387875 
3.837395152263 
3.837404904452 
3.837370273743 
3.837355754698 
3.837393275263 
3.837398533996 
3.837502995574 
3.837502995574 
3.837503639365 
3.837510518435 
3.837514531682 
3.837511797370 
3.837509941649 
3.837515617611 
3.837456208848 
3.837464239842 
3.837474465403 
3.837456246047 
3.837470134584 
3.837470985165 
3.837524405787 
3.837483084819 
3.837459440870 
3.837444452898 
3.837430721104 
3.837538044776 
3.837526076991 
3.837521894954 
3.837536170474 
3.837551534251 
3.837551534251 
3.837540309136 
3.837520112090 
3.837531163229 
3.837530028082 
3.837505586353 
3.837507585320 
3.837524681487 
3.837501886837 
3.837503445396 
3.837503610840 
3.837486185771 
3.837472368709 
3.837460405088 
3.837471851861 
3.837469185371 
3.837433763428 
3.837462071840 
3.837471843143 
3.837471843143 
3.837456770080 
3.837438677810 
3.837425788799 
3.837428076606 
3.837400211703 
3.837383822421 
3.837371008573 
3.837448616551 
3.837449946215 
3.837441284524 
3.837441161271 
3.837456029158 
3.837500783598 
3.837479224791 
3.837480882270 
3.837442561398 
3.837425124382 
3.837432974902 
3.837426751272 
3.837413483964 
3.837425495927 
3.837405999772 
3.837443786467 
3.837449647768 
3.837420387606 
3.837427907412 
3.837449263557 
3.837448069039 
3.837448909834 
3.837464966451 
3.837472631356 
3.837445715944 
3.837446702188 
3.837438983988 
3.837445936262 
3.837487810040 
3.837485555537 
3.837447634539 
3.837462183509 
3.837460372638 
3.837445622826 
3.837444111335 
3.837408591461 
3.837399556600 
3.837416840859 
3.837430255221 
3.837545057552 
3.837525549635 
3.837516260112 
3.837493301400 
3.837334686066 
3.837353385423 
3.837384604250 
3.837344500313 
3.837330354431 
3.837319220680 
3.837302644315 
3.837287698718 
3.837275789795 
3.837272256325 
3.837243666843 
3.837264215915 
3.837322314409 
3.837342202897 
3.837313900066 
3.837308163040 
3.837286974630 
3.837340737246 
3.837284406574 
3.837263049794 
3.837289345471 
3.837263522110 
3.837269917283 
3.837265065625 
3.837229003584 
3.837295528153 
3.837291565249 
3.837290679514 
3.837306261768 
3.837287439680 
3.837243338141 
3.837260963611 
3.837313268622 
3.837374237110 
3.837339539574 
3.837310302930 
3.837290772222 
3.837292943273 
3.837348296688 
3.837378231405 
3.837390470631 
3.837427458799 
3.837418862763 
3.837418862763 
3.837418862763 
3.837455196438 
3.837460416028 
3.837462835278 
3.837459561825 
3.837423188717 
3.837399275547 
3.837457774116 
3.837458678235 
3.837518680416 
3.837496317278 
3.837441793324 
3.837441793324 
3.837423576341 
3.837430304768 
3.837466200962 
3.837442990643 
3.837442884847 
3.837417625630 
3.837392308307 
3.837400412355 
3.837370988866 
3.837290995797 
3.837259082399 
3.837463093218 
3.837486996097 
3.837519387092 
3.837475824860 
3.837471336408 
3.837447337310 
3.837469547391 
3.837470245353 
3.837461305699 
3.837454307926 
3.837454518903 
3.837466533927 
3.837475680283 
3.837460027943 
3.837482065535 
3.837470225363 
3.837467191075 
3.837467245660 
3.837454116868 
3.837326063694 
3.837342545920 
3.837319514005 
3.837357210178 
3.837348321071 
3.837340532815 
3.837327684129 
3.837453457293 
3.837445775373 
3.837432545237 
3.837430596579 
3.837451135856 
3.837443896419 
3.837451465513 
3.837415891967 
3.837398519035 
3.837398519035 
3.837371768228 
3.837343180305 
3.837309854842 
3.837273669393 
3.837318059161 
3.837339930495 
3.837265318275 
3.837267046644 
3.837340207713 
3.837324015512 
3.837350355550 
3.837323385572 
3.837236862741 
3.837300720651 
3.837379088112 
3.837378847133 
3.837339203713 
3.837339443684 
3.837324827743 
3.837311258354 
3.837318752253 
3.837343689448 
3.837345941252 
3.837311552172 
3.837375397812 
3.837317535422 
3.837349820202 
3.837207177762 
3.837227270719 
3.837306496212 
3.837363952920 
3.837370132700 
3.837299142392 
3.837322123219 
3.837454625274 
3.837448036854 
3.837431746818 
3.837430226942 
3.837423189675 
3.837420318456 
3.837408328490 
3.837459742075 
3.837448690400 
3.837414133380 
3.837412855088 
3.837412338548 
3.837401797962 
3.837431748206 
3.837434406423 
3.837460359851 
3.837465201038 
3.837446367465 
3.837446298844 
3.837445150388 
3.837435538139 
3.837443248406 
3.837410271399 
3.837410449857 
3.837409000795 
3.837417994248 
3.837418270865 
3.837411988409 
3.837410675349 
3.837391324754 
3.837401900217 
3.837406198160 
3.837388535778 
3.837389901601 
3.837408400443 
3.837403397538 
3.837396157086 
3.837384048891 
3.837368694340 
3.837320239700 
3.837319605783 
3.837310898037 
3.837336920914 
3.837328035811 
3.837354979989 
3.837372607883 
3.837478558066 
3.837453919838 
3.837444197419 
3.837466485222 
3.837506994076 
3.837509881664 
3.837531665265 
3.837558248297 
3.837530505150 
3.837581038788 
3.837659830814 
3.837631405960 
3.837658760929 
3.837564008530 
3.837535689527 
3.837559548149 
3.837534088400 
3.837451420741 
3.837409275127 
3.837433988064 
3.837438093402 
3.837414117591 
3.837417595592 
3.837339400927 
3.837360499911 
3.837359089703 
3.837366386553 
3.837330736982 
3.837393981026 
3.837392899552 
3.837389187292 
3.837480275733 
3.837478483374 
3.837404475565 
3.837390502586 
3.837389798418 
3.837413185611 
3.837486603173 
3.837443979121 
3.837426716051 
3.837421673821 
3.837395381694 
3.837396978571 
3.837335257001 
3.837311179006 
3.837256555613 
3.837216407009 
3.837367508571 
3.837383740681 
3.837390640217 
3.837457419646 
3.837359837954 
3.837431600986 
3.837414676325 
3.837358303264 
3.837357380664 
3.837333256257 
3.837349512463 
3.837381169023 
3.837452452474 
3.837531621884 
3.837539566050 
3.837444630139 
3.837477696043 
3.837487362101 
3.837478073174 
3.837424266526 
3.837438436290 
3.837444406723 
3.837372310430 
3.837235014121 
3.837278751637 
3.837268140194 
3.837258465955 
3.837156075004 
3.837188948511 
3.837129960056 
3.837015034581 
3.837001880235 
3.837136648347 
3.837057012350 
3.837053701332 
3.837087953337 
3.837124723127 
3.837169465147 
3.837086122624 
3.837087696549 
3.837045551556 
3.837058356834 
3.836962904576 
3.836902473364 
3.836894474843 
3.836965592512 
3.836940535098 
3.836897088979 
3.836982908029 
3.836873379988 
3.837018752409 
3.837327238156 
3.837325987407 
3.837342921414 
3.837413236834 
3.837451967187 
3.837446686708 
3.837442093315 
3.837436498159 
3.837377071026 
3.837363786043 
3.837386868857 
3.837374448991 
3.837367334876 
3.837350988085 
3.837312937242 
3.837316537459 
3.837316705748 
3.837330764989 
3.837354643210 
3.837342554375 
3.837337550666 
3.837349493746 
3.837338231981 
3.837400169112 
3.837483923495 
3.837452130471 
3.837416601656 
3.837408148825 
3.837408150813 
3.837408150813 
3.837386235180 
3.837420300345 
3.837419649881 
3.837417438717 
3.837417438717 
3.837417370616 
3.837422379505 
3.837387549976 
3.837242637945 
3.837290203404 
3.837252838925 
3.837266665418 
3.837313655242 
3.837311924161 
3.837295980943 
3.837266505199 
3.837308786379 
3.837353252637 
3.837325300966 
3.837310130160 
3.837428817013 
3.837407590829 
3.837409830221 
3.837352281787 
3.837346152555 
3.837369071571 
3.837374455614 
3.837349655781 
3.837354080074 
3.837382350326 
3.837416208093 
3.837426523842 
3.837454013135 
3.837457927640 
3.837483235525 
3.837482697678 
3.837497144385 
3.837501849339 
3.837472131850 
3.837452641708 
3.837445121750 
3.837456854727 
3.837447987636 
3.837512394696 
3.837509468199 
3.837551893576 
3.837613040441 
3.837587723428 
3.837578058684 
3.837583452596 
3.837540331459 
3.837531085174 
3.837512962348 
3.837561955842 
3.837495222859 
3.837480215712 
3.837449968772 
3.837385259260 
3.837406419072 
3.837373068074 
3.837409097327 
3.837438109639 
3.837434622367 
3.837371811692 
3.837440334611 
3.837392992496 
3.837395170818 
3.837553786717 
3.837553786717 
3.837532536887 
3.837551758741 
3.837536635515 
3.837458988308 
3.837437766195 
3.837428086167 
3.837420975364 
3.837422381525 
3.837419717354 
3.837364092106 
3.837371000636 
3.837364095146 
3.837397153683 
3.837411701346 
3.837457525667 
3.837459269016 
3.837399375450 
3.837469594023 
3.837519341617 
3.837492595056 
3.837573538771 
3.837540716771 
3.837525102807 
3.837510001205 
3.837547902361 
3.837536810027 
3.837605065241 
3.837566307687 
3.837479742874 
3.837477761809 
3.837491106729 
3.837370179186 
3.837229446525 
3.837272211842 
3.837164149606 
3.837265464694 
3.837154736244 
3.837184262805 
3.836998253596 
3.837121405132 
3.837202422337 
3.837193768583 
3.837187485718 
3.837365681952 
3.837436214252 
3.837338459884 
3.837274622188 
3.837242386930 
3.837159388047 
3.837171924156 
3.837300586417 
3.837285572943 
3.837290870281 
3.837290870281 
3.837255570577 
3.837272789067 
3.837310069173 
3.837315367824 
3.837281361154 
3.837397705436 
3.837380234119 
3.837376845053 
3.837448379464 
3.837469280250 
3.837452486736 
3.837480870722 
3.837502649302 
3.837480908848 
3.837516005704 
3.837568634648 
3.837583079362 
3.837565712266 
3.837550423863 
3.837524963670 
3.837543086794 
3.837563027980 
3.837588951719 
3.837546989511 
3.837568640893 
3.837559812197 
3.837616635468 
3.837622780821 
3.837534423405 
3.837469870530 
3.837481986749 
3.837491700469 
3.837515533625 
3.837477666891 
3.837462455454 
3.837650790235 
3.837644768010 
3.837681210456 
3.837669338305 
3.837646757642 
3.837637551737 
3.837707405029 
3.837552418359 
3.837514394702 
3.837540990809 
3.837530397829 
3.837479668143 
3.837479454970 
3.837527101042 
3.837538368765 
3.837461399240 
3.837422905688 
3.837452478320 
3.837437097255 
3.837440316893 
3.837456671425 
3.837441817306 
3.837447187119 
3.837424233502 
3.837434928268 
3.837462622232 
3.837521085872 
3.837509418283 
3.837465749152 
3.837461338967 
3.837461600006 
3.837473826435 
3.837463822981 
3.837562275399 
3.837540059722 
3.837556406519 
3.837515679964 
3.837460595978 
3.837454251220 
3.837463843542 
3.837444209481 
3.837401780391 
3.837457750648 
3.837489598920 
3.837499221138 
3.837501467412 
3.837518051633 
3.837547730669 
3.837594149022 
3.837570878325 
3.837629056753 
3.837636688535 
3.837559867078 
3.837592646566 
3.837564283644 
3.837571581015 
3.837559732766 
3.837546225197 
3.837597358345 
3.837541377903 
3.837521637495 
3.837496428704 
3.837509811966 
3.837504930892 
3.837504930892 
3.837497290808 
3.837486094160 
3.837477543956 
3.837473482838 
3.837469634878 
3.837481872437 
3.837523165118 
3.837346419248 
3.837403732861 
3.837402394238 
3.837409927783 
3.837416741452 
3.837397772219 
3.837443848907 
3.837373190379 
3.837379226075 
3.837353348818 
3.837308413515 
3.837307187499 
3.837331847716 
3.837335175765 
3.837403422046 
3.837391293805 
3.837424127920 
3.837346543449 
3.837379696956 
3.837413631534 
3.837374628260 
3.837384330201 
3.837281066359 
3.837352289820 
3.837377899812 
3.837340091069 
3.837440094815 
3.837440094815 
3.837452486614 
3.837454363401 
3.837447589062 
3.837461178404 
3.837464808056 
3.837462626920 
3.837454246703 
3.837441107147 
3.837459528889 
3.837464196169 
3.837464606613 
3.837469666534 
3.837469840454 
3.837471337266 
3.837449642168 
3.837468884568 
3.837451915833 
3.837405432175 
3.837428225854 
3.837394038015 
3.837405682300 
3.837442289483 
3.837449200605 
3.837400257318 
3.837453510042 
3.837406741276 
3.837392898481 
3.837401229695 
3.837401229695 
3.837382562808 
3.837395816914 
3.837363929868 
3.837344707394 
3.837344737039 
3.837365211664 
3.837317595131 
3.837428955170 
3.837430838580 
3.837431633035 
3.837449083755 
3.837428253096 
3.837438291169 
3.837434133126 
3.837464397869 
3.837405741675 
3.837409092696 
3.837424980059 
3.837442889201 
3.837394683429 
3.837480463443 
3.837507111809 
3.837467243992 
3.837496439604 
3.837530515355 
3.837535391809 
3.837531288625 
3.837546231732 
3.837548041811 
3.837528674083 
3.837466376525 
3.837480647569 
3.837503709758 
3.837479272523 
3.837472431227 
3.837500320285 
3.837471212760 
3.837328176128 
3.837365254456 
3.837319837581 
3.837323950976 
3.837332921889 
3.837301562997 
3.837324682007 
3.837345128347 
3.837345128347 
3.837348753613 
3.837375990622 
3.837334256607 
3.837334256607 
3.837356133207 
3.837347386193 
3.837349951694 
3.837360441749 
3.837359346307 
3.837332929190 
3.837307310342 
3.837344461431 
3.837248383875 
3.837383303972 
3.837386534747 
3.837381514632 
3.837363273343 
3.837352528259 
3.837353268478 
3.837289130591 
3.837319718471 
3.837316179347 
3.837311896134 
3.837310539293 
3.837390160685 
3.837412401189 
3.837392790824 
3.837374685749 
3.837358042231 
3.837261993555 
3.837282482834 
3.837210661207 
3.837195780462 
3.837204406419 
3.837207656394 
3.837154209683 
3.837249234938 
3.837259203166 
3.837238291505 
3.837238832206 
3.837280493555 
3.837280493555 
3.837280617862 
3.837397372164 
3.837363154399 
3.837364014921 
3.837257143229 
3.837285310766 
3.837292856646 
3.837299049983 
3.837330656539 
3.837384991521 
3.837432239880 
3.837391482397 
3.837391114930 
3.837431742869 
3.837373760516 
3.837344715891 
3.837364320574 
3.837383669911 
3.837370227443 
3.837456645061 
3.837421871592 
3.837417213121 
3.837421542104 
3.837379063321 
3.837341047233 
3.837304180363 
3.837323540146 
3.837336892574 
3.837258192083 
3.837246742703 
3.837249199893 
3.837291865038 
3.837351580180 
3.837365161614 
3.837369882740 
3.837376539140 
3.837378915683 
3.837363420866 
3.837348382230 
3.837311569663 
3.837354979622 
3.837341466028 
3.837382978945 
3.837348865489 
3.837426280328 
3.837426176314 
3.837427865082 
3.837439508694 
3.837435381004 
3.837399908685 
3.837399935920 
3.837386991192 
3.837368040252 
3.837368040252 
3.837367007151 
3.837397435080 
3.837400896406 
3.837411801549 
3.837388776672 
3.837399074539 
3.837407858856 
3.837416846706 
3.837421465547 
3.837500507080 
3.837472947257 
3.837396259974 
3.837371565520 
3.837353063328 
3.837370228909 
3.837366287192 
3.837380268990 
3.837365516933 
3.837332440744 
3.837367285286 
3.837383924631 
3.837386785386 
3.837388588826 
3.837364779501 
3.837369432394 
3.837363195747 
3.837362472638 
3.837275318924 
3.837379132470 
3.837369222195 
3.837331633848 
3.837334186106 
3.837334931442 
3.837361757943 
3.837253759892 
3.837257644528 
3.837359511869 
3.837347624321 
3.837343979929 
3.837324388600 
3.837324388600 
3.837422722266 
3.837459899477 
3.837497945133 
3.837493129283 
3.837460423304 
3.837466665976 
3.837462436964 
3.837456246448 
3.837485463800 
3.837549116719 
3.837496928651 
3.837535917402 
3.837548056244 
3.837523296262 
3.837541389488 
3.837528967433 
3.837542909941 
3.837536117458 
3.837514162028 
3.837510068177 
3.837490938997 
3.837474867607 
3.837474897835 
3.837460256840 
3.837473961158 
3.837415460435 
3.837401136498 
3.837435733964 
3.837449208714 
3.837465258805 
3.837413276148 
3.837435382664 
3.837397871827 
3.837388568595 
3.837369225214 
3.837368961708 
3.837368634062 
3.837362658619 
3.837356509399 
3.837280929214 
3.837287435844 
3.837270701125 
3.837288934064 
3.837268334544 
3.837314892180 
3.837299739626 
3.837310481178 
3.837361596985 
3.837407298569 
3.837432676706 
3.837439438782 
3.837449969716 
3.837481354603 
3.837471122389 
3.837534468979 
3.837557512588 
3.837507115152 
3.837476439962 
3.837486087795 
3.837482223800 
3.837419280907 
3.837440982573 
3.837422274188 
3.837453176899 
3.837441656982 
3.837499167526 
3.837504710563 
3.837503625075 
3.837492065963 
3.837502726437 
3.837518980579 
3.837608238471 
3.837575374057 
3.837615927996 
3.837530264964 
3.837520536526 
3.837536661752 
3.837523451437 
3.837495353340 
3.837502042126 
3.837438856082 
3.837438856082 
3.837430051236 
3.837446989595 
3.837474111590 
3.837472432186 
3.837488773944 
3.837539894868 
3.837506809247 
3.837595895063 
3.837595895063 
3.837522385900 
3.837485106270 
3.837514259846 
3.837430552798 
3.837429261524 
3.837453747880 
3.837453705772 
3.837471068874 
3.837475715626 
3.837343738875 
3.837287812868 
3.837237198932 
3.837290289992 
3.837259452995 
3.837194231447 
3.837282323166 
3.837323587362 
3.837277967712 
3.837274440779 
3.837223252900 
3.837246966885 
3.837185039379 
3.837156548015 
3.837173915913 
3.837182164715 
3.837201368263 
3.837244391621 
3.837241998637 
3.837231697259 
3.837325092684 
3.837292448820 
3.837297097025 
3.837311322499 
3.837353886443 
3.837364455467 
3.837356157699 
3.837394822194 
3.837405515610 
3.837404510683 
3.837423529675 
3.837440012005 
3.837517976807 
3.837558362280 
3.837515525867 
3.837523052294 
3.837482663865 
3.837396243392 
3.837417854246 
3.837412509393 
3.837418057662 
3.837425152210 
3.837417121766 
3.837443017472 
3.837458779990 
3.837496119164 
3.837458373634 
3.837530779441 
3.837535638199 
3.837483324717 
3.837486960071 
3.837440477632 
3.837350967543 
3.837274059436 
3.837273151658 
3.837298213570 
3.837281459606 
3.837233230683 
3.837511066347 
3.837524645632 
3.837520107301 
3.837525098669 
3.837535099087 
3.837510982351 
3.837495568736 
3.837505496303 
3.837503668623 
3.837584617140 
3.837503023639 
3.837538976651 
3.837556332477 
3.837611899320 
3.837518597573 
3.837511790993 
3.837509180471 
3.837516287620 
3.837519249582 
3.837553744242 
3.837502862182 
3.837518894390 
3.837525083530 
3.837514822045 
3.837508443847 
3.837488332026 
3.837522632062 
3.837524128015 
3.837532290473 
3.837531389780 
3.837511669940 
3.837537108537 
3.837539202281 
3.837548439605 
3.837573376207 
3.837491678667 
3.837500248894 
3.837485850804 
3.837485504978 
3.837494126526 
3.837527153485 
3.837526899944 
3.837535525178 
3.837510085486 
3.837514984223 
3.837517095157 
3.837586434491 
3.837605621672 
3.837579780387 
3.837424747287 
3.837411034450 
3.837426523502 
3.837453491492 
3.837462969102 
3.837436262057 
3.837457990264 
3.837484358501 
3.837515771836 
3.837530881400 
3.837502955769 
3.837524104156 
3.837516585227 
3.837519597405 
3.837513060784 
3.837515479588 
3.837518689166 
3.837520404306 
3.837533982593 
3.837504225558 
3.837463574314 
3.837503969264 
3.837503969264 
3.837489932069 
3.837430177448 
3.837430375869 
3.837462836955 
3.837480598351 
3.837428378606 
3.837371381804 
3.837377606395 
3.837413367780 
3.837413919639 
3.837434041209 
3.837456240278 
3.837445803308 
3.837578731736 
3.837563239770 
3.837580168072 
3.837563781678 
3.837571961608 
3.837586367046 
3.837608012651 
3.837610309389 
3.837526389273 
3.837255295382 
3.837377656362 
3.837388055415 
3.837372725799 
3.837372873645 
3.837369821698 
3.837370132224 
3.837345583724 
3.837340212544 
3.837357728504 
3.837356325388 
3.837349197973 
3.837341116413 
3.837339615671 
3.837317208821 
3.837287766720 
3.837307810464 
3.837282215356 
3.837301792366 
3.837250965474 
3.837326570214 
3.837363776272 
3.837385979472 
3.837374286464 
3.837341647725 
3.837338047023 
3.837390163998 
3.837359215559 
3.837336691163 
3.837359640227 
3.837348918598 
3.837348450820 
3.837353336629 
3.837320491147 
3.837323828300 
3.837327229433 
3.837355361113 
3.837347719999 
3.837394028579 
3.837381933835 
3.837394137635 
3.837364909051 
3.837341822437 
3.837340633477 
3.837357298178 
3.837386164560 
3.837345850258 
3.837336164945 
3.837454608036 
3.837449330405 
3.837450084821 
3.837465326561 
3.837465769841 
3.837484771184 
3.837538842251 
3.837566618619 
3.837544077506 
3.837585821349 
3.837522146144 
3.837562349499 
3.837535879401 
3.837562485564 
3.837577392186 
3.837577392186 
3.837593335552 
3.837556501741 
3.837544024548 
3.837531484613 
3.837543607504 
3.837523903311 
3.837486909841 
3.837493998445 
3.837539598371 
3.837507744481 
3.837532815671 
3.837674395399 
3.837616837354 
3.837554625122 
3.837554625122 
3.837550360652 
3.837621264892 
3.837594581905 
3.837554483201 
3.837478128436 
3.837476656924 
3.837476656924 
3.837458876776 
3.837428652175 
3.837436052877 
3.837501494644 
3.837553187922 
3.837496495392 
3.837627956418 
3.837504196453 
3.837570625443 
3.837631576429 
3.837661135707 
3.837725258002 
3.837735633840 
3.837737331283 
3.837673364435 
3.837614804591 
3.837602297018 
3.837607866200 
3.837635210199 
3.837658615982 
3.837631209871 
3.837630402591 
3.837649318553 
3.837692445495 
3.837687972715 
3.837712796858 
3.837709454741 
3.837674284519 
3.837674082279 
3.837665993610 
3.837685086558 
3.837676334571 
3.837646444184 
3.837642192930 
3.837654370193 
3.837650344018 
3.837640368977 
3.837629917483 
3.837611858006 
3.837587514069 
3.837587514069 
3.837568696193 
3.837520017108 
3.837514971445 
3.837536627648 
3.837498332303 
3.837538951496 
3.837558750493 
3.837537793295 
3.837539372888 
3.837534232155 
3.837552427528 
3.837497689158 
3.837473128121 
3.837469983728 
3.837479380406 
3.837419265601 
3.837397849081 
3.837402693284 
3.837401665991 
3.837422029742 
3.837416261888 
3.837438153480 
3.837512961731 
3.837421665714 
3.837412101899 
3.837372687560 
3.837393828739 
3.837344759904 
3.837353568977 
3.837348201074 
3.837408143340 
3.837428085169 
3.837455632983 
3.837455338614 
3.837456961157 
3.837463103866 
3.837463103866 
3.837463103866 
3.837466412542 
3.837467443232 
3.837445937695 
3.837446777648 
3.837448074342 
3.837453482093 
3.837449788260 
3.837415262960 
3.837422781790 
3.837418625201 
3.837423916637 
3.837425825699 
3.837456801847 
3.837453362226 
3.837463385964 
3.837472475158 
3.837476904194 
3.837486546924 
3.837486703545 
3.837511680014 
3.837490799704 
3.837515864728 
3.837527004808 
3.837584273157 
3.837536692086 
3.837506254314 
3.837500813300 
3.837493661670 
3.837454572618 
3.837457337708 
3.837411810833 
3.837348425696 
3.837382720797 
3.837451220332 
3.837464154811 
3.837528393917 
3.837534239203 
3.837503366924 
3.837487219693 
3.837478179922 
3.837513141113 
3.837498786467 
3.837485838987 
3.837552253888 
3.837542321718 
3.837523722109 
3.837535133281 
3.837486386905 
3.837470150975 
3.837478090554 
3.837494058055 
3.837495078207 
3.837460763161 
3.837471872294 
3.837468880844 
3.837487483653 
3.837479113159 
3.837466984431 
3.837488993229 
3.837489173160 
3.837466504939 
3.837498179632 
3.837498179632 
3.837494774522 
3.837513796002 
3.837510865865 
3.837516156010 
3.837506222573 
3.837562235666 
3.837565250253 
3.837573615063 
3.837526972848 
3.837546676602 
3.837519749974 
3.837495115266 
3.837490319737 
3.837475497212 
3.837470061306 
3.837464950548 
3.837467555530 
3.837461507929 
3.837458506276 
3.837418898636 
3.837416332702 
3.837409255119 
3.837421433814 
3.837500892205 
3.837523229666 
3.837434505764 
3.837428601213 
3.837373848463 
3.837392339740 
3.837379307772 
3.837333834703 
3.837330396717 
3.837356344674 
3.837305348726 
3.837429784818 
3.837418073300 
3.837436173549 
3.837456154400 
3.837475662947 
3.837492165797 
3.837457876002 
3.837536213369 
3.837590953911 
3.837609536781 
3.837573466362 
3.837527877592 
3.837517178531 
3.837510950757 
3.837510950757 
3.837483783152 
3.837500315977 
3.837563351424 
3.837542342646 
3.837553721539 
3.837471190351 
3.837472517942 
3.837467020364 
3.837429411909 
3.837421061427 
3.837419692822 
3.837406078568 
3.837394499161 
3.837304407494 
3.837342751252 
3.837335040721 
3.837371164046 
3.837379777842 
3.837379972552 
3.837385243357 
3.837429834804 
3.837386031859 
3.837429629325 
3.837479842482 
3.837432941143 
3.837435004257 
3.837455728977 
3.837464945601 
3.837396327863 
3.837411074608 
3.837410145826 
3.837410924170 
3.837460608796 
3.837404627336 
3.837436963795 
3.837397780079 
3.837414114787 
3.837384876826 
3.837345851291 
3.837341368477 
3.837328229671 
3.837333221275 
3.837319594751 
3.837346416138 
3.837437803927 
3.837403999158 
3.837436464296 
3.837421963289 
3.837425576843 
3.837456562772 
3.837418136170 
3.837389785211 
3.837380780531 
3.837368882860 
3.837385159067 
3.837321010272 
3.837321450710 
3.837292923424 
3.837307629601 
3.837279354354 
3.837300481314 
3.837276588019 
3.837269340477 
3.837267781382 
3.837239042155 
3.837231654827 
3.837294313460 
3.837265477078 
3.837240468907 
3.837283660990 
3.837284688564 
3.837303637953 
3.837305342360 
3.837307849268 
3.837370986221 
3.837413009095 
3.837406529129 
3.837387189127 
3.837438841936 
3.837465466407 
3.837506098012 
3.837488310911 
3.837472659112 
3.837456520261 
3.837337557374 
3.837375172727 
3.837340176220 
3.837350497828 
3.837333939159 
3.837334428018 
3.837331483111 
3.837331483111 
3.837309620468 
3.837285768383 
3.837294478407 
3.837284593989 
3.837326152240 
3.837326152240 
3.837360767975 
3.837424490320 
3.837421043159 
3.837438550476 
3.837504559556 
3.837496576414 
3.837493852046 
3.837443412225 
3.837460412241 
3.837405416543 
3.837399999941 
3.837393651336 
3.837418759448 
3.837403693194 
3.837423702850 
3.837454959488 
3.837440669738 
3.837441559299 
3.837409688949 
3.837430904950 
3.837440971376 
3.837397761841 
3.837375201710 
3.837398239385 
3.837399024172 
3.837335927809 
3.837257071390 
3.837217055800 
3.837202146534 
3.837163464455 
3.837281550888 
3.837282958632 
3.837294634179 
3.837266801545 
3.837305008878 
3.837300432879 
3.837351419470 
3.837390779417 
3.837390356007 
3.837371642882 
3.837369723966 
3.837387774349 
3.837395249561 
3.837377615902 
3.837396750586 
3.837360603359 
3.837348620904 
3.837288423096 
3.837102023134 
3.837172800046 
3.837123697536 
3.837078207484 
3.837255600349 
3.837230765894 
3.837227521903 
3.837291441589 
3.837277426351 
3.837281720158 
3.837303080536 
3.837370554633 
3.837297352989 
3.837280259502 
3.837250088900 
3.837254703565 
3.837214198199 
3.837273849493 
3.837304992770 
3.837329356637 
3.837334360700 
3.837336754416 
3.837385247536 
3.837335426920 
3.837337900048 
3.837336036393 
3.837352853897 
3.837359041950 
3.837356898487 
3.837356933848 
3.837376484308 
3.837382175836 
3.837368637373 
3.837405285623 
3.837416327093 
3.837424565369 
3.837413411430 
3.837440450476 
3.837420333505 
3.837423762619 
3.837387714025 
3.837425310599 
3.837464214516 
3.837485284867 
3.837439030611 
3.837375535034 
3.837375535034 
3.837396718008 
3.837440449710 
3.837434689953 
3.837379358028 
3.837361192506 
3.837331776273 
3.837409037097 
3.837470694837 
3.837469535505 
3.837489854040 
3.837518268145 
3.837551642781 
3.837596330741 
3.837553107304 
3.837508736887 
3.837522400183 
3.837556097579 
3.837560270234 
3.837581250676 
3.837506868889 
3.837506192496 
3.837441968335 
3.837436818253 
3.837437398519 
3.837448959439 
3.837438056245 
3.837371089746 
3.837378435681 
3.837379370540 
3.837400085580 
3.837363897670 
3.837350295070 
3.837359881348 
3.837387993412 
3.837402264768 
3.837390491912 
3.837413252059 
3.837392591276 
3.837406157617 
3.837468638390 
3.837570452418 
3.837635275969 
3.837673332465 
3.837718760809 
3.837626473094 
3.837605314133 
3.837560642619 
3.837514391431 
3.837479383003 
3.837493177402 
3.837493177402 
3.837462603389 
3.837425947156 
3.837462072844 
3.837488087190 
3.837492475403 
3.837470756054 
3.837460888543 
3.837506588472 
3.837476283535 
3.837480141327 
3.837542179246 
3.837495540832 
3.837489916599 
3.837506791575 
3.837487255698 
3.837462354252 
3.837408896978 
3.837418542563 
3.837423957934 
3.837415648537 
3.837431985478 
3.837436201336 
3.837444451279 
3.837427085398 
3.837427085398 
3.837391083020 
3.837374131267 
3.837382523444 
3.837360160160 
3.837350605509 
3.837351484965 
3.837329046790 
3.837357680626 
3.837334454044 
3.837334470573 
3.837333535217 
3.837330163268 
3.837323725405 
3.837346145106 
3.837496496182 
3.837479140020 
3.837495640198 
3.837552349045 
3.837209109196 
3.837209883923 
3.837173302079 
3.837107961543 
3.837168180183 
3.837168560913 
3.837179245405 
3.837199355108 
3.837149896485 
3.837152941018 
3.837152941018 
3.837039070809 
3.837116675061 
3.837091471577 
3.837084392083 
3.837156654216 
3.837216581757 
3.837077210705 
3.837225142459 
3.837314233029 
3.837279565506 
3.837333030436 
3.837395982395 
3.837385595246 
3.837397479859 
3.837396806443 
3.837372399054 
3.837374516562 
3.837347461658 
3.837370434593 
3.837359106949 
3.837336124756 
3.837331947838 
3.837312542335 
3.837359765810 
3.837400275406 
3.837380694887 
3.837344680866 
3.837345015249 
3.837332546018 
3.837408560382 
3.837405096805 
3.837322691093 
3.837434447624 
3.837419221344 
3.837416412733 
3.837405102065 
3.837422649518 
3.837367782839 
3.837398512939 
3.837404297364 
3.837392888359 
3.837344526215 
3.837377375994 
3.837383604078 
3.837364632476 
3.837402507634 
3.837441457305 
3.837409782411 
3.837392648713 
3.837421887962 
3.837434698383 
3.837459282497 
3.837477153386 
3.837473137843 
3.837480750714 
3.837443141810 
3.837470262917 
3.837543231925 
3.837535634361 
3.837521041537 
3.837497787211 
3.837490542222 
3.837482924350 
3.837480822462 
3.837456440122 
3.837451603181 
3.837404407958 
3.837387897969 
3.837382415501 
3.837377340345 
3.837515830877 
3.837517051239 
3.837483909036 
3.837525471072 
3.837632291212 
3.837595316022 
3.837579066226 
3.837616319061 
3.837629401447 
3.837585217327 
3.837637511669 
3.837585994690 
3.837621725580 
3.837426055912 
3.837379283254 
3.837388792536 
3.837374521816 
3.837365894008 
3.837378025121 
3.837380958120 
3.837368362430 
3.837410434788 
3.837397706052 
3.837392081013 
3.837407338935 
3.837392919386 
3.837391065421 
3.837397391927 
3.837365071953 
3.837403171808 
3.837347716413 
3.837256364852 
3.837255756079 
3.837235754062 
3.837239061907 
3.837291263597 
3.837301547429 
3.837249374075 
3.837212310585 
3.837316388536 
3.837331837720 
3.837313079135 
3.837345787357 
3.837354241321 
3.837354697704 
3.837341565708 
3.837308706361 
3.837324213842 
3.837307250882 
3.837300203290 
3.837265274126 
3.837244260714 
3.837248537316 
3.837302028977 
3.837254691049 
3.837268361224 
3.837231202884 
3.837177324025 
3.837252471553 
3.837228959924 
3.837229137470 
3.837113214757 
3.837274990069 
3.837193349083 
3.837209030781 
3.837188248972 
3.837195049163 
3.837143822558 
3.837172262181 
3.837197435034 
3.837198419265 
3.837211556696 
3.837233187220 
3.837208270793 
3.837255667124 
3.837233868610 
3.837311602630 
3.837288904458 
3.837334907149 
3.837411413455 
3.837446328190 
3.837447755060 
3.837426295257 
3.837424099394 
3.837444936911 
3.837428583060 
3.837375924464 
3.837389610058 
3.837412162642 
3.837446133401 
3.837439632887 
3.837427659848 
3.837461023485 
3.837454227990 
3.837495442578 
3.837470231458 
3.837460174062 
3.837461040865 
3.837376703308 
3.837372732400 
3.837346740693 
3.837341256433 
3.837268485381 
3.837271231577 
3.837284652782 
3.837274415172 
3.837373294567 
3.837382471898 
3.837287027220 
3.837296480883 
3.837293351424 
3.837266558638 
3.837295497562 
3.837276601693 
3.837340358659 
3.837354001881 
3.837340970722 
3.837337667821 
3.837368980403 
3.837375722501 
3.837384294613 
3.837399979125 
3.837411297919 
3.837414148735 
3.837417559369 
3.837407292611 
3.837410816994 
3.837403693642 
3.837409070442 
3.837407421363 
3.837393387338 
3.837393387338 
3.837411520081 
3.837423752518 
3.837409818501 
3.837424348178 
3.837423367849 
3.837431664698 
3.837430680499 
3.837397224853 
3.837382946104 
3.837426773103 
3.837438251249 
3.837469650095 
3.837462617474 
3.837429251866 
3.837469086623 
3.837487376083 
3.837497000417 
3.837456862636 
3.837469330126 
3.837455016270 
3.837491311840 
3.837471706752 
3.837492819001 
3.837495768171 
3.837496121211 
3.837526502489 
3.837493568001 
3.837494997129 
3.837532096940 
3.837595595925 
3.837563647583 
3.837546644026 
3.837610238270 
3.837595840077 
3.837543754819 
3.837559936875 
3.837529749471 
3.837578022793 
3.837571242588 
3.837571242588 
3.837612437757 
3.837600057959 
3.837689383885 
3.837697848049 
3.837696380300 
3.837633972134 
3.837676751986 
3.837614930823 
3.837560197953 
3.837580852431 
3.837536631185 
3.837542156044 
3.837468332505 
3.837516524777 
3.837587818579 
3.837541708495 
3.837494521108 
3.837488839641 
3.837471201151 
3.837505351055 
3.837491474965 
3.837483108871 
3.837376604778 
3.837387232932 
3.837429739357 
3.837416214491 
3.837479057743 
3.837488286602 
3.837483268433 
3.837466622308 
3.837512451160 
3.837515549852 
3.837523868848 
3.837524867022 
3.837538038658 
3.837453562165 
3.837455342699 
3.837429354174 
3.837432678776 
3.837436533051 
3.837470226672 
3.837478594256 
3.837489454968 
3.837513990763 
3.837513063625 
3.837466100451 
3.837480691917 
3.837476732187 
3.837417668562 
3.837425850733 
3.837418258085 
3.837411514966 
3.837440482218 
3.837453224014 
3.837435004808 
3.837376889588 
3.837354625333 
3.837388989137 
3.837388989137 
3.837382537781 
3.837278626990 
3.837221906081 
3.837244785756 
3.837257727299 
3.837249801564 
3.837287535518 
3.837297310725 
3.837336095053 
3.837372314362 
3.837309759942 
3.837302380300 
3.837342658005 
3.837322574954 
3.837453876181 
3.837449259436 
3.837527381627 
3.837486623131 
3.837461401622 
3.837390258588 
3.837376396428 
3.837412202722 
3.837412202722 
3.837422845539 
3.837414227293 
3.837376775175 
3.837335224846 
3.837254506687 
3.837254345954 
3.837266890083 
3.837114024572 
3.837131903273 
3.837231909139 
3.837221627187 
3.837164904892 
3.837136152888 
3.837159717930 
3.837116196641 
3.837238961263 
3.837205819298 
3.837228430705 
3.837195868287 
3.837195508961 
3.837167314396 
3.837177584590 
3.837160084647 
3.837194310312 
3.837220646104 
3.837222548892 
3.837268000141 
3.837225010844 
3.837215425550 
3.837216496614 
3.837218314997 
3.837208743494 
3.837202578289 
3.837234558775 
3.837236599836 
3.837237952760 
3.837281246923 
3.837143244236 
3.837225413814 
3.837113186454 
3.837281618668 
3.837490708794 
3.837468362322 
3.837454489438 
3.837452529359 
3.837451018240 
3.837451038691 
3.837457276906 
3.837452655199 
3.837441944716 
3.837450242842 
3.837414327127 
3.837436854822 
3.837470420900 
3.837470465780 
3.837475188618 
3.837475709956 
3.837478815018 
3.837506916394 
3.837502253918 
3.837484460136 
3.837482980699 
3.837473253395 
3.837494533166 
3.837463063204 
3.837472337246 
3.837493375044 
3.837493375044 
3.837457090677 
3.837457090677 
3.837350634213 
3.837377481721 
3.837336570229 
3.837363078830 
3.837251608196 
3.837313217592 
3.837327744299 
3.837317927619 
3.837283391005 
3.837255592894 
3.837230608043 
3.837275299534 
3.837225830224 
3.837193079747 
3.837210223642 
3.837190210974 
3.837155370431 
3.837180341657 
3.837229567974 
3.837168317327 
3.837216477034 
3.837198011413 
3.837198011413 
3.837299236503 
3.837323050971 
3.837323050971 
3.837321565149 
3.837318178643 
3.837286147444 
3.837299615312 
3.837297888369 
3.837297587445 
3.837297587445 
3.837293205361 
3.837363818500 
3.837366171325 
3.837349602208 
3.837369918075 
3.837383797842 
3.837388570540 
3.837408101336 
3.837461689437 
3.837434268925 
3.837464184531 
3.837468346760 
3.837445474621 
3.837428534268 
3.837439930600 
3.837439103075 
3.837440267743 
3.837440599676 
3.837458946413 
3.837455313489 
3.837450866819 
3.837450866819 
3.837450866819 
3.837437912147 
3.837440368859 
3.837439959595 
3.837447423363 
3.837447331934 
3.837438373608 
3.837436230471 
3.837442017180 
3.837442052545 
3.837530173119 
3.837563387185 
3.837561647993 
3.837546822334 
3.837522139894 
3.837522139894 
3.837572430169 
3.837572430169 
3.837552217421 
3.837564498199 
3.837556420307 
3.837563627218 
3.837530407459 
3.837558939679 
3.837526506585 
3.837478951425 
3.837483304743 
3.837480196569 
3.837438448425 
3.837426239878 
3.837452241257 
3.837377798005 
3.837397801086 
3.837382153197 
3.837404355005 
3.837417562386 
3.837402866978 
3.837408986030 
3.837406442076 
3.837396255512 
3.837434191820 
3.837451012664 
3.837434071631 
3.837425709488 
3.837404765947 
3.837471593394 
3.837395172089 
3.837368014547 
3.837369358326 
3.837361277721 
3.837377329915 
3.837455078143 
3.837460973652 
3.837462822426 
3.837413373752 
3.837414223043 
3.837399808439 
3.837421963736 
3.837454324624 
3.837415839720 
3.837359080328 
3.837359896947 
3.837288702347 
3.837295321590 
3.837360330508 
3.837369346621 
3.837391782653 
3.837396745068 
3.837388084629 
3.837376300575 
3.837337435499 
3.837368449658 
3.837392741848 
3.837411095375 
3.837390025661 
3.837392240593 
3.837485515790 
3.837495146953 
3.837479306627 
3.837448451955 
3.837414900347 
3.837425313174 
3.837436319064 
3.837496611840 
3.837520120473 
3.837550551885 
3.837501510731 
3.837469683106 
3.837463906188 
3.837414247272 
3.837445526723 
3.837448868648 
3.837483342105 
3.837449608313 
3.837455438783 
3.837468324354 
3.837466763382 
3.837474700259 
3.837466158078 
3.837465749133 
3.837484022325 
3.837514753423 
3.837474975319 
3.837468856797 
3.837518423567 
3.837485541238 
3.837520024535 
3.837505184272 
3.837495685441 
3.837457403998 
3.837454796105 
3.837431120712 
3.837523760668 
3.837579069707 
3.837566858307 
3.837571698716 
3.837551000275 
3.837610856979 
3.837610856979 
3.837614411178 
3.837630625448 
3.837697169680 
3.837596121136 
3.837587990990 
3.837581402648 
3.837614013528 
3.837608204410 
3.837692812617 
3.837656263006 
3.837603476482 
3.837606372082 
3.837576120353 
3.837571848077 
3.837615764350 
3.837562313724 
3.837589686108 
3.837606423142 
3.837612613263 
3.837603000417 
3.837615350855 
3.837604871611 
3.837607509066 
3.837518217235 
3.837497548644 
3.837498604954 
3.837464900078 
3.837461473574 
3.837479537333 
3.837491075497 
3.837465315933 
3.837483003837 
3.837461217419 
3.837458297321 
3.837434753785 
3.837435638887 
3.837438386558 
3.837465645425 
3.837465155447 
3.837470708548 
3.837463670237 
3.837477206674 
3.837426422569 
3.837419596917 
3.837501546477 
3.837335784123 
3.837346235916 
3.837284613675 
3.837323010276 
3.837318819755 
3.837321069511 
3.837302943770 
3.837325403137 
3.837325403137 
3.837349200062 
3.837358382515 
3.837367075491 
3.837355893113 
3.837365586868 
3.837366885044 
3.837349204631 
3.837339253340 
3.837380371655 
3.837376135807 
3.837386022293 
3.837401897575 
3.837338816676 
3.837351157142 
3.837353776330 
3.837404477234 
3.837354839113 
3.837288053116 
3.837226554391 
3.837288107695 
3.837205751375 
3.837323942922 
3.837328363290 
3.837312796962 
3.837338113437 
3.837422811058 
3.837445026882 
3.837489628115 
3.837567457875 
3.837605527231 
3.837594368781 
3.837498378013 
3.837522839255 
3.837512214077 
3.837420286967 
3.837424923372 
3.837372947117 
3.837356917362 
3.837375521978 
3.837341449980 
3.837314581081 
3.837365674327 
3.837401344890 
3.837409806937 
3.837411575115 
3.837461062137 
3.837519622590 
3.837523482575 
3.837548285356 
3.837543532684 
3.837538273025 
3.837444027552 
3.837452747127 
3.837471644872 
3.837441479210 
3.837462624409 
3.837455970526 
3.837483351975 
3.837469734496 
3.837460985321 
3.837536595941 
3.837522111502 
3.837511125861 
3.837457384777 
3.837447647311 
3.837493171981 
3.837450875604 
3.837453723079 
3.837448750121 
3.837536496767 
3.837550883238 
3.837544073799 
3.837539513671 
3.837314727948 
3.837272945295 
3.837231371390 
3.837267638498 
3.837260967655 
3.837247776074 
3.837301302006 
3.837344402177 
3.837377857959 
3.837344456741 
3.837335960820 
3.837340357593 
3.837339534714 
3.837325684110 
3.837312040124 
3.837308345795 
3.837303130507 
3.837339690702 
3.837307216610 
3.837350615919 
3.837388820443 
3.837412757016 
3.837483972789 
3.837497079322 
3.837500406333 
3.837549055632 
3.837512577774 
3.837485007254 
3.837475137833 
3.837494107642 
3.837453079027 
3.837482406349 
3.837476334030 
3.837480472092 
3.837482402517 
3.837556691836 
3.837497767814 
3.837477680721 
3.837477874926 
3.837531999731 
3.837521239485 
3.837537571078 
3.837541486693 
3.837566657923 
3.837585380908 
3.837591174680 
