1.324529746778 
1.396668527487 
1.324086745435 
1.348967130119 
1.359710406380 
1.358106187046 
1.402107632478 
1.383644527791 
1.395181256797 
1.409282619179 
1.435536493086 
1.421692979545 
1.452912988054 
1.455607258785 
1.415397882882 
1.420835209888 
1.434049833853 
1.409419497582 
1.427706132368 
1.446443007815 
1.446443007815 
1.455502256065 
1.469400254854 
1.473582597552 
1.468725153470 
1.444156531244 
1.447550505283 
1.453700025562 
1.429127911940 
1.441263441287 
1.450337100908 
1.452018824674 
1.449388161654 
1.443727886145 
1.469581843891 
1.458739820889 
1.466512275337 
1.469158614439 
1.532218986792 
1.547224498930 
1.549837353235 
1.551425695522 
1.585902757120 
1.560619567274 
1.548173507487 
1.575074410682 
1.644484442718 
1.574324438159 
1.537309223199 
1.502412012593 
1.494611902440 
1.481924325638 
1.510188835085 
1.507245305459 
1.461328281160 
1.458845059913 
1.408326034951 
1.434393199009 
1.431307574152 
1.500165453540 
1.518431550210 
1.487517036062 
1.484349672098 
1.535246930917 
1.521547265672 
1.544082522855 
1.476301517141 
1.439428231644 
1.380656378862 
1.416532468748 
1.457601029379 
1.495178308200 
1.515598141840 
1.510505964679 
1.501034758377 
1.459553936224 
1.434231447072 
1.458362037105 
1.394125708057 
1.444959561498 
1.500245723330 
1.486935645564 
1.463189415789 
1.490407279694 
1.511855015921 
1.504788600498 
1.528771216255 
1.525476978722 
1.519132377516 
1.501522344959 
1.520762615152 
1.514953915372 
1.517639566925 
1.475889967743 
1.636871049077 
1.628370588261 
1.637479392267 
1.636309689244 
1.527273219134 
1.518210203665 
1.493278378449 
1.493812102107 
1.464354008595 
1.434489879702 
1.447544695512 
1.403268069839 
1.471986406051 
1.515764610510 
1.494796078348 
1.598259483288 
1.593686635630 
1.596828359414 
1.631656275628 
1.639878070568 
1.622745991378 
1.649834994000 
1.698911183981 
1.698911183981 
1.658097618233 
1.609959914297 
1.590003798669 
1.595030789462 
1.594882299288 
1.600613194402 
1.605450029065 
1.637674623376 
1.626880815050 
1.635267575120 
1.627636600715 
1.571444356627 
1.542653082575 
1.595942470390 
1.536409780094 
1.481820140593 
1.518235514095 
1.521405734208 
1.566508878849 
1.588209800164 
1.580727463861 
1.551572568522 
1.544920942330 
1.597118644437 
1.436231392599 
1.438134841868 
1.436569706375 
1.452030818341 
1.452535956532 
1.467233162004 
1.467233162004 
1.470765341318 
1.467577716274 
1.486486825688 
1.458893299263 
1.433477165837 
1.484853915727 
1.487873812457 
1.479314432897 
1.467859096185 
1.478567808678 
1.500184219177 
1.462052510562 
1.521728253434 
1.525135210668 
1.524131744258 
1.438421480925 
1.438132272433 
1.388892833658 
1.368396259914 
1.442031737382 
1.445044503986 
1.457013090321 
1.470839887600 
1.484665609605 
1.487010488980 
1.533648077580 
1.522939436544 
1.510023632797 
1.509938700531 
1.452046932328 
1.435180547859 
1.520582440899 
1.531227129220 
1.543350082752 
1.548235701899 
1.547697319069 
1.547697319069 
1.546353530132 
1.499269473983 
1.421827964545 
1.433969038361 
1.388094198595 
1.425331710380 
1.424014527173 
1.430702678456 
1.408111130052 
1.406866123973 
1.393293053148 
1.407252077464 
1.399536271625 
1.413094855276 
1.411996023959 
1.501836041163 
1.487340430965 
1.473267781098 
1.477926170314 
1.524567976091 
1.471318106580 
1.464304460926 
1.474568700122 
1.468928048584 
1.473362974428 
1.473362974428 
1.473671071956 
1.473671071956 
1.466814404609 
1.487892249737 
1.514819558384 
1.514511281380 
1.514800772471 
1.469520347246 
1.484697155674 
1.516159679555 
1.455407187323 
1.446323799707 
1.460212499177 
1.458961302249 
1.434678032284 
1.459232000176 
1.455725356612 
1.484962249832 
1.489823115497 
1.521227831238 
1.534790697013 
1.529587479597 
1.574786998774 
1.555654461290 
1.577958268972 
1.607845822469 
1.579065855915 
1.562038984498 
1.558768958875 
1.501296916325 
1.483639842049 
1.523007227498 
1.516543211418 
1.494496421482 
1.479708237292 
1.473688962314 
1.477463154570 
1.446307577660 
1.453429740986 
1.409624799448 
1.414711732030 
1.397374875179 
1.429730776004 
1.449586078563 
1.388428044130 
1.388825803562 
1.397116206475 
1.447280305754 
1.474811829996 
1.441935870570 
1.388531435286 
1.408644744623 
1.463563428631 
1.441390189244 
1.434907120763 
1.472707671075 
1.471794845530 
1.453270757169 
1.457211370323 
1.366829490506 
1.397860588293 
1.397860588293 
1.366189080628 
1.371499681857 
1.371499681857 
1.365763928437 
1.468574807133 
1.458282674745 
1.458282674745 
1.434543512826 
1.679409373502 
1.690738457764 
1.721986631582 
1.707560463092 
1.695194780921 
1.707249415751 
1.729064393808 
1.746016127289 
1.748745089023 
1.645972863925 
1.647319893837 
1.698175291028 
1.644272002125 
1.648934261319 
1.677410889855 
1.606882077451 
1.614557278743 
1.627487272727 
1.545552419994 
1.498672841758 
1.513516175673 
1.524015346779 
1.508120846222 
1.499918640574 
1.508276958979 
1.486726617658 
1.418924179879 
1.428614627075 
1.396956346690 
1.400955803536 
1.415906920425 
1.401970434027 
1.403939829522 
1.358459577108 
1.372047983959 
1.416866423274 
1.432784172317 
1.426441271979 
1.334982816304 
1.420296777893 
1.444524691246 
1.440311639477 
1.487446525744 
1.530933301569 
1.552827316946 
1.553908555527 
1.531887735639 
1.512365959628 
1.484888276828 
1.478932913963 
1.506524276024 
1.496962455301 
1.498229636185 
1.502988909825 
1.509060207739 
1.509060207739 
1.472794246483 
1.437571203235 
1.408265482569 
1.416912092501 
1.505415580054 
1.518499342361 
1.562785223699 
1.538307447328 
1.543792955095 
1.532057662224 
1.566419803948 
1.578542105014 
1.547225769168 
1.551394305886 
1.498587390480 
1.522419621308 
1.599512063744 
1.612687263400 
1.609001917794 
1.614065373647 
1.618229247931 
1.652164567769 
1.652164567769 
1.652164567769 
1.650621643074 
1.645546973401 
1.644381951527 
1.687058404410 
1.717543323353 
1.614002562751 
1.601295749392 
1.543026750898 
1.527358274734 
1.523170569603 
1.480699901727 
1.463961125215 
1.422376391185 
1.463271238997 
1.680814457498 
1.659337417691 
1.651721461932 
1.690114382617 
1.584406168856 
1.583967248972 
1.589109409103 
1.593183420840 
1.580431311035 
1.595639053584 
1.642651446526 
1.642651446526 
1.632833619475 
1.661840847123 
1.613186617080 
1.653673237991 
1.629386829258 
1.634442942864 
1.623925340925 
1.604022788063 
1.639201657059 
1.642345675554 
1.605654392489 
1.667222417546 
1.673272111580 
1.639411106677 
1.654780401013 
1.648794327525 
1.593315487584 
1.574845658444 
1.555063385399 
1.551893444779 
1.533802501136 
1.525454098902 
1.508833892379 
1.499255451976 
1.519479290728 
1.568106014145 
1.578364070038 
1.579575474818 
1.587175891507 
1.622872138333 
1.604404483424 
1.603824947946 
1.591782878474 
1.589558841070 
1.576122102362 
1.623300636225 
1.583463956713 
1.572978139304 
1.586666586954 
1.596915460723 
1.600635599819 
1.602333855770 
1.590890752421 
1.594525324651 
1.596819506309 
1.585794940108 
1.540414197322 
1.549342261436 
1.503303187576 
1.502085273632 
1.497461659324 
1.529317949306 
1.530089310144 
1.541316831685 
1.541316831685 
1.536395856947 
1.531189602842 
1.500103224670 
1.494327530892 
1.488522637000 
1.477283629039 
1.519704732506 
1.558649947345 
1.504096282311 
1.485984395050 
1.530974333153 
1.503352070580 
1.548773400987 
1.545323978894 
1.552118032096 
1.579498744736 
1.570473223773 
1.554755142658 
1.560137083637 
1.567359389216 
1.567212356723 
1.576803281065 
1.570743845237 
1.577504799328 
1.571837858210 
1.565358210009 
1.490899240481 
1.348933710112 
1.422955827724 
1.413891468786 
1.459639099974 
1.439551962866 
1.448138437421 
1.428863745376 
1.448781626016 
1.471774870295 
1.486054659118 
1.466424746060 
1.447101423749 
1.451150789133 
1.489515143530 
1.505675539506 
1.562162547425 
1.522261331371 
1.449326900181 
1.432852909372 
1.471424782833 
1.504229489784 
1.490593580593 
1.489056927772 
1.515568867628 
1.548684512321 
1.546381550169 
1.535596409329 
1.519735217570 
1.504178720117 
1.498906661083 
1.477488294463 
1.477019389048 
1.488629412955 
1.482322699844 
1.487578421086 
1.489661479284 
1.523793274078 
1.513875443567 
1.479672768885 
1.465575631505 
1.471526258169 
1.460476926961 
1.495407704429 
1.493153551561 
1.490400223054 
1.482027612060 
1.489413204451 
1.521736261784 
1.504891129495 
1.511130153316 
1.501618673006 
1.472595176056 
1.492982795020 
1.492982795020 
1.495495125237 
1.476196400923 
1.468221519128 
1.466070586087 
1.466155003346 
1.480401405318 
1.480401405318 
1.527842659529 
1.545827701579 
1.545128219869 
1.462290661671 
1.472657616020 
1.495168466266 
1.423741506802 
1.539100663092 
1.543674523293 
1.545200583931 
1.568678149776 
1.608296218397 
1.600872545372 
1.607196700411 
1.577145800065 
1.592024082261 
1.546646749078 
1.552552975248 
1.527994600351 
1.531301357316 
1.489872856977 
1.480482315553 
1.467564691135 
1.503232293396 
1.545051181818 
1.550375984134 
1.582878712304 
1.606102724234 
1.554910978526 
1.572327090848 
1.584171092911 
1.536237181811 
1.495859742720 
1.564598361206 
1.564598361206 
1.599060003853 
1.634330976256 
1.675306429608 
1.673127029843 
1.683319481934 
1.714564809823 
1.665500456876 
1.636944521335 
1.630190733305 
1.629957576439 
1.664665640859 
1.726946589627 
1.711324571183 
1.653516894521 
1.647374154787 
1.655273662923 
1.646133268336 
1.654360660122 
1.607276105583 
1.585997738251 
1.572347964248 
1.601468293199 
1.622656824546 
1.612052058979 
1.608432601059 
1.634233600142 
1.632528097970 
1.596872764196 
1.574776389552 
1.571826455624 
1.550433753155 
1.587916165256 
1.605154062788 
1.648585713619 
1.710325252857 
1.633322070390 
1.642373100473 
1.649588352826 
1.636573501671 
1.607668421459 
1.695565431413 
1.613931354593 
1.580074731661 
1.562338683886 
1.600117802181 
1.612523374538 
1.605237062123 
1.715952566346 
1.723392516701 
1.694876837640 
1.696505421555 
1.776369628843 
1.843074617701 
1.707305508571 
1.714092835417 
1.705747382961 
1.703410415199 
1.675747119086 
1.721463721529 
1.725685695043 
1.665727047848 
1.635952684579 
1.615988641188 
1.626261412597 
1.628068311158 
1.643958963969 
1.678668014052 
1.674777120233 
1.692931359467 
1.704345572507 
1.705882644853 
1.677255630860 
1.673040332124 
1.675807314197 
1.673537751208 
1.652802808464 
1.611640233017 
1.577194259812 
1.569195455654 
1.563524260980 
1.536679725125 
1.530133232003 
1.570875277027 
1.562708439499 
1.541845613203 
1.545236024416 
1.572859132919 
1.547473284758 
1.576385976219 
1.576443161100 
1.573233151635 
1.533249685249 
1.376687854382 
1.435972562809 
1.464517185054 
1.457587649868 
1.442439399876 
1.566634931531 
1.555999440886 
1.536188079928 
1.534711750692 
1.525570707951 
1.549679432018 
1.531102569279 
1.539507837881 
1.552212323440 
1.558335028272 
1.567532183712 
1.555389164761 
1.577883523495 
1.572957655432 
1.570887257952 
1.557340775490 
1.535682613364 
1.561119711852 
1.554812024197 
1.550871138988 
1.527455009598 
1.518303600651 
1.480994687700 
1.437567802927 
1.492558436745 
1.549690589166 
1.615409894775 
1.604222078445 
1.572187235926 
1.584656342675 
1.536872928002 
1.521302815790 
1.558283379286 
1.551097770587 
1.626244946169 
1.743496929295 
1.727794113488 
1.725124332650 
1.681404911951 
1.610717084303 
1.610717084303 
1.652839020886 
1.675003516451 
1.672853264370 
1.657884737360 
1.646896342227 
1.683771136651 
1.708220541516 
1.709991096661 
1.673569498088 
1.662538126827 
1.666111052190 
1.780738420436 
1.758683325625 
1.701994466419 
1.715829767994 
1.547006876864 
1.537181094660 
1.596971766486 
1.576363717529 
1.569180207933 
1.569694360360 
1.515069000497 
1.507948006584 
1.481273538031 
1.523114299684 
1.532916780023 
1.588424970568 
1.594082607377 
1.583001593535 
1.541632508758 
1.546899533106 
1.586273477854 
1.585704923218 
1.575594673311 
1.550625040107 
1.534933354687 
1.514990879647 
1.525395580186 
1.521047300023 
1.536876401731 
1.507483374180 
1.513805994371 
1.516149689952 
1.515001054626 
1.507172304827 
1.479221877083 
1.496280885978 
1.481608313933 
1.538317326940 
1.547361804893 
1.550225206692 
1.504005442742 
1.445469836490 
1.415140685423 
1.424110554466 
1.450103573423 
1.460080875163 
1.481825856391 
1.497061400843 
1.467293181201 
1.359425612949 
1.438607142632 
1.366960669198 
1.406218708348 
1.496838143503 
1.507996237980 
1.513145434753 
1.601242224296 
1.637903376470 
1.608503549835 
1.604428544962 
1.640123476348 
1.614090352089 
1.626118298308 
1.567434538159 
1.624059758822 
1.597783676352 
1.541181654552 
1.579988734361 
1.627798370979 
1.620908242534 
1.620662027439 
1.616149574948 
1.609860140573 
1.605503134069 
1.619391935970 
1.638968293698 
1.630567861063 
1.627398702989 
1.613537405583 
1.589738242219 
1.667586412489 
1.640844529127 
1.640844529127 
1.616701589508 
1.637912970556 
1.633976997990 
1.638583034623 
1.628364290172 
1.633008399958 
1.640905020147 
1.640905020147 
1.646573424610 
1.643779985075 
1.632208056921 
1.635787009834 
1.628293258203 
1.630014710263 
1.627951491549 
1.644633675150 
1.644633675150 
1.619316748075 
1.660049840790 
1.645777712108 
1.670105927243 
1.674534952419 
1.672652004048 
1.677104240015 
1.659435364073 
1.655592121175 
1.652461792430 
1.593949657683 
1.599356622626 
1.609956048187 
1.606821958055 
1.622087988780 
1.627301310142 
1.639377409950 
1.647352897920 
1.677566116133 
1.645506481139 
1.700009927005 
1.697628852592 
1.677621115716 
1.689369085927 
1.720016775851 
1.671871197717 
1.683416392169 
1.688141272400 
1.669847744228 
1.729288256813 
1.795364441071 
1.445195053749 
1.425829887712 
1.434117295490 
1.437463391237 
1.429413338312 
1.427037876551 
1.428905148530 
1.422340653710 
1.428134906771 
1.422254688192 
1.438833420170 
1.394686444135 
1.349555173096 
1.359706957889 
1.425307809982 
1.452681341082 
1.459204251387 
1.505488902867 
1.476027390622 
1.518674859847 
1.554780232982 
1.565059085966 
1.591626577997 
1.583622663677 
1.564293862131 
1.469265511103 
1.509576182432 
1.476723554669 
1.477964567010 
1.384109389731 
1.423867003010 
1.467600855835 
1.467600855835 
1.482712981223 
1.510190341739 
1.490125190308 
1.488042746985 
1.458449647620 
1.466438033558 
1.468311403174 
1.478692315384 
1.512491088071 
1.510975558123 
1.489091901499 
1.467724977511 
1.467724977511 
1.472498987426 
1.486809198067 
1.496195392229 
1.510376474171 
1.517456860519 
1.498465872052 
1.495008433719 
1.512842188314 
1.507419187880 
1.452473313746 
1.452692599561 
1.453652121793 
1.456333562369 
1.456333562369 
1.418944851508 
1.467197679422 
1.483227071724 
1.482524725343 
1.497149954358 
1.502957628963 
1.558224673973 
1.523483353650 
1.536522617014 
1.536522617014 
1.536648134453 
1.538070114797 
1.538070114797 
1.473266171047 
1.418076008585 
1.410828365764 
1.444562902276 
1.389102097261 
1.428960649841 
1.427241744933 
1.441431817794 
1.417115623070 
1.461688716888 
1.522089656856 
1.528144118685 
1.507060927787 
1.501558000620 
1.486327479428 
1.491959051604 
1.535283797082 
1.528764553696 
1.505765805407 
1.506923091684 
1.487412640993 
1.460118834591 
1.498077395654 
1.506511895118 
1.445985545220 
1.462489140266 
1.392447188710 
1.373094135413 
1.381850146315 
1.432184844506 
1.464189529726 
1.427394374371 
1.428442796326 
1.453484387243 
1.494005127721 
1.431403324804 
1.424568907190 
1.390876880201 
1.402934257819 
1.372586934037 
1.459077045352 
1.484196758182 
1.479938933762 
1.452994126053 
1.434490722821 
1.424505354135 
1.329159917334 
1.340127466812 
1.303519223236 
1.339081282623 
1.335785937220 
1.386433839351 
1.422149552508 
1.366290047818 
1.412933497052 
1.391757972423 
1.387570003165 
1.413902219531 
1.405157406474 
1.373866777012 
1.361112668914 
1.373879865034 
1.374504629015 
1.371998614430 
1.371998614430 
1.374506196674 
1.345534811025 
1.329624801204 
1.332061195807 
1.337179348304 
1.364453589039 
1.329526076913 
1.321672607249 
1.345523010192 
1.366853386243 
1.348620966461 
1.350767770995 
1.330720349218 
1.369520282646 
1.403409131460 
1.350085645777 
1.366921189765 
1.393298108807 
1.418389619967 
1.421670234857 
1.441853901305 
1.430853333491 
1.441360551103 
1.440919288874 
1.431598450273 
1.441162062099 
1.367003267142 
1.393388221088 
1.431874737349 
1.438448199333 
1.453259708905 
1.436791444356 
1.513273576906 
1.509523950411 
1.494838273851 
1.536813551312 
1.564686059560 
1.557098894870 
1.478665873234 
1.527215257805 
1.506650600127 
1.514816224729 
1.496855861612 
1.467931431473 
1.508866134593 
1.504452881581 
1.528308827749 
1.531312293890 
1.566243456079 
1.571483930197 
1.418581948098 
1.388354741324 
1.445720918756 
1.427601359606 
1.484500443961 
1.502222475034 
1.522401924861 
1.476371450494 
1.511809706424 
1.506444986666 
1.497553486985 
1.499965964477 
1.480904259566 
1.493527352823 
1.494488740559 
1.477595779425 
1.491739170496 
1.500107027427 
1.485352647453 
1.510810537802 
1.565408663332 
1.573224005623 
1.578036283323 
1.580258851889 
1.563208746509 
1.564761518812 
1.558501104972 
1.531291790048 
1.528255398490 
1.543387650591 
1.538908719081 
1.532713629621 
1.536156381806 
1.538761883898 
1.536581723252 
1.495455128176 
1.428255544782 
1.428198944031 
1.414513898120 
1.484509816883 
1.525082776440 
1.518003153737 
1.599324559893 
1.614274579337 
1.579038980385 
1.599908354829 
1.592673534055 
1.624547687139 
1.579053560062 
1.574081385323 
1.576209869815 
1.584272334345 
1.567363219831 
1.556944393034 
1.571106848564 
1.575480951089 
1.571582351207 
1.582152452824 
1.526971553736 
1.535952047525 
1.544453416751 
1.549937676605 
1.555582110971 
1.543019369608 
1.533635021146 
1.528908451446 
1.524481262320 
1.509601499723 
1.517810798355 
1.429532662935 
1.435824448437 
1.336581527339 
1.396617149117 
1.480785453081 
1.481421598772 
1.502456125679 
1.657712777716 
1.663675277909 
1.672285773999 
1.688383278326 
1.656134963008 
1.678535027043 
1.697051997453 
1.687011337062 
1.737910338716 
1.766653949890 
1.751143138556 
1.701900848591 
1.711971784171 
1.718353957044 
1.655836714633 
1.600679186180 
1.614497062564 
1.636860180131 
1.617283494322 
1.620993125100 
1.616042493071 
1.607254438661 
1.609240303804 
1.613133808859 
1.630960628761 
1.628711711590 
1.578775092786 
1.591445194325 
1.566347788648 
1.582321773119 
1.562551956724 
1.553950968328 
1.520126830992 
1.536403211531 
1.517117835132 
1.506554129850 
1.479560473244 
1.489086413432 
1.515705449906 
1.516922470008 
1.514473784458 
1.528402134670 
1.536667846156 
1.534541153027 
1.533739897270 
1.549642770117 
1.549642770117 
1.545647179139 
1.538788470409 
1.561198112081 
1.520576069950 
1.531985638648 
1.506977883864 
1.481769627602 
1.509656345574 
1.470990496610 
1.489703932395 
1.503585819155 
1.498208181191 
1.485288240757 
1.485288240757 
1.493808256398 
1.548227094648 
1.555190596486 
1.562644799361 
1.552304078913 
1.513999303205 
1.481965343917 
1.495263919931 
1.490744205579 
1.527481244840 
1.553933206517 
1.556356133932 
1.555309545546 
1.570628249214 
1.525015138610 
1.523465789317 
1.518960454430 
1.518960454430 
1.519141657127 
1.506850710622 
1.493046404386 
1.491409626331 
1.491441344102 
1.482331297273 
1.477227203980 
1.474230356298 
1.509386378024 
1.512030424972 
1.490897517909 
1.449829221568 
1.474862266866 
1.502817857707 
1.469754322521 
1.482206327836 
1.472039483910 
1.571491930682 
1.554319939352 
1.545867756696 
1.538951295701 
1.475902661093 
1.481142680315 
1.495567433854 
1.494596540275 
1.499808174484 
1.668188288554 
1.728731362735 
1.737396582392 
1.726569467690 
1.699513528274 
1.657160342276 
1.658591320932 
1.591366568298 
1.593835328399 
1.584925908917 
1.551000537471 
1.646376349197 
1.633385752995 
1.636928235201 
1.633068461651 
1.615607775435 
1.614075074392 
1.617625907727 
1.625875385688 
1.655119739364 
1.682195374790 
1.742453130548 
1.698597989046 
1.703770055648 
1.716589185030 
1.683585732353 
1.682205164709 
1.660191543130 
1.666413428170 
1.705864414908 
1.698236428007 
1.644695829142 
1.658390989784 
1.616087829316 
1.664877873557 
1.653451850242 
1.751017584042 
1.739234312580 
1.741060603440 
1.668318654441 
1.785704769605 
1.716147045287 
1.689526126697 
1.634856577757 
1.666624071042 
1.605175541488 
1.623836168379 
1.662468935151 
1.657598852687 
1.673734590599 
1.712596732063 
1.726887858270 
1.609966470217 
1.647385689516 
1.678760027717 
1.637059481438 
1.692959658333 
1.685848373051 
1.687346594280 
1.751910837760 
1.641031465432 
1.772679355033 
1.693482188778 
1.669981783879 
1.734198788149 
1.690850050025 
1.725547940719 
1.667534102398 
1.626955379553 
1.699475230274 
1.666406690409 
1.708011621285 
1.665407131344 
1.657212985816 
1.560095173988 
1.615802610269 
1.577863749588 
1.549954901568 
1.555234319586 
1.568420377565 
1.487285282146 
1.430337302304 
1.502090971082 
1.515318746807 
1.546908101432 
1.545974706978 
1.548952056885 
1.486896333829 
1.492658702379 
1.490119671862 
1.497690019396 
1.485358743231 
1.495572230304 
1.496232787576 
1.540363073360 
1.561698131080 
1.559875107032 
1.586839392553 
1.605534921228 
1.593323906866 
1.561839095269 
1.531614195130 
1.528138844567 
1.527020744268 
1.526852678554 
1.523553845426 
1.523122907323 
1.533877937832 
1.541602827767 
1.527307923982 
1.527307923982 
1.527307923982 
1.527307923982 
1.527307923982 
1.527307923982 
1.527947784198 
1.523392393813 
1.448948888714 
1.351894757359 
1.389676028660 
1.435028204193 
1.353317109965 
1.401436775422 
1.352858288851 
1.382016655044 
1.355592454650 
1.304237965154 
1.303093223334 
1.282713879410 
1.372812727716 
1.332976343062 
1.353307292629 
1.360234850728 
1.325703540216 
1.330468065432 
1.345520235504 
1.359078494208 
1.367074671716 
1.341844848280 
1.457835339504 
1.488957986842 
1.396467173297 
1.445436188406 
1.443361616826 
1.441751309403 
1.443534936726 
1.443673929791 
1.430139016446 
1.425045756933 
1.446848056683 
1.442968778399 
1.452569678351 
1.524937091249 
1.534581332002 
1.541225373286 
1.580276908949 
1.585705053531 
1.557312543412 
1.594973965793 
1.576661659844 
1.548151926387 
1.548301445605 
1.572729926389 
1.670547591816 
1.601952094139 
1.643519833657 
1.625957526884 
1.631997131813 
1.630667474609 
1.620814917303 
1.627817805044 
1.628016942511 
1.633987753602 
1.633987753602 
1.604112439672 
1.609726435977 
1.609726435977 
1.623121303668 
1.626519318868 
1.613297686634 
1.612478445072 
1.585238538190 
1.612416228134 
1.614274366670 
1.604086492173 
1.585232003137 
1.578163903850 
1.575458243059 
1.588586511044 
1.595359567368 
1.589716144611 
1.591604162899 
1.581696922455 
1.573499882296 
1.583777521871 
1.524370578687 
1.484235034999 
1.503569054991 
1.523186329879 
1.507509740551 
1.503406731062 
1.504227726679 
1.531135651415 
1.404104898395 
1.399870012173 
1.366700570119 
1.346984888397 
1.346984888397 
1.360204299026 
1.388166206692 
1.378242762998 
1.380496813166 
1.377615318566 
1.375677919230 
1.380127545710 
1.391020347016 
1.402175288336 
1.402712116158 
1.409003732810 
1.433472687611 
1.433814229529 
1.401409591012 
1.398767549092 
1.387003613295 
1.387003613295 
1.410564283704 
1.406725613570 
1.434411426234 
1.425168851176 
1.461253904377 
1.472469437894 
1.512219545044 
1.510683605736 
1.507731917784 
1.496996361353 
1.482740949395 
1.493944441496 
1.484140162683 
1.507670557219 
1.523714664360 
1.539829275380 
1.508169472130 
1.509654611184 
1.512335310684 
1.489946636244 
1.479724593875 
1.477225085810 
1.476524887605 
1.476524887605 
1.424703450890 
1.421805873855 
1.422715452835 
1.361582647409 
1.408197047699 
1.384199624576 
1.398190255467 
1.416322430196 
1.410775163524 
1.422079129627 
1.405719882551 
1.441025727634 
1.433310407257 
1.438727896175 
1.467862348704 
1.455714413457 
1.458258559794 
1.445659174703 
1.435547372689 
1.468066912774 
1.443314499717 
1.410122584210 
1.401382985341 
1.358859664296 
1.321115309729 
1.352591627717 
1.345910082129 
1.323838846622 
1.288543385726 
1.331688333384 
1.309883823844 
1.327066770497 
1.325946698630 
1.348040345611 
1.369067541482 
1.415002232924 
1.457703007817 
1.443479036421 
1.423661692701 
1.432082387981 
1.832332094545 
1.829656475787 
1.794055346351 
1.794055346351 
1.805943045168 
1.778274664366 
1.818174057621 
1.806200530690 
1.813255982050 
1.748105013051 
1.781834331891 
1.934462943119 
1.809381174641 
1.941421935703 
1.769874549201 
1.798218176309 
1.889805147048 
1.834458501843 
1.746644864293 
1.788666540454 
1.790615001596 
1.807106133350 
1.783051886433 
1.690828931414 
1.755121747809 
1.731141395353 
1.739828196194 
1.728854942740 
1.719505483939 
1.769793345698 
1.696795993709 
1.715332230766 
1.706259055207 
1.730348488451 
1.736191794218 
1.619917267859 
1.606728708931 
1.591158690454 
1.518048860663 
1.480269593313 
1.446096494390 
1.445292436981 
1.446397438133 
1.438993461371 
1.438675514422 
1.437171259392 
1.397580009024 
1.432653789814 
1.394251667742 
1.411402447633 
1.437207955194 
1.419682724117 
1.363388884859 
1.333741647861 
1.293094312596 
1.444239112463 
1.464585801636 
1.462018699023 
1.466799410842 
1.445021604726 
1.449491215864 
1.449491215864 
1.443854831036 
1.478886036188 
1.407564296635 
1.426067514903 
1.435581181381 
1.415851621832 
1.396940060100 
1.379470830511 
1.392764275859 
1.384138307419 
1.488138628644 
1.608424382588 
1.594932577467 
1.525506819285 
1.528800382257 
1.544739049743 
1.555212128710 
1.524553494836 
1.558333567349 
1.593272955854 
1.660132340698 
1.682833935671 
1.682031945438 
1.674350370867 
1.601499271283 
1.599266419141 
1.605863893322 
1.638522585076 
1.655289241708 
1.629229266636 
1.590884850342 
1.566173181546 
1.351401471115 
1.463069461297 
1.430135409758 
1.502425366075 
1.504403874323 
1.503276922185 
1.503276922185 
1.459575620838 
1.458886646880 
1.463445424776 
1.433753162992 
1.441252160608 
1.426765354724 
1.463067141294 
1.417445406679 
1.401549591257 
1.410489103766 
1.397625743719 
1.397625743719 
1.415541227836 
1.401051005501 
1.452525568709 
1.465361660239 
1.469994624623 
1.466795600093 
1.469539061026 
1.481964502796 
1.483583997135 
1.484562882831 
1.488970534312 
1.489403416682 
1.514009326373 
1.514543039677 
1.494824837625 
1.475508369030 
1.476019736224 
1.518251404689 
1.504337605523 
1.502287440507 
1.495548122922 
1.461995431284 
1.484555815432 
1.482585766377 
1.472534925106 
1.510240623270 
1.533693378260 
1.536234096095 
1.513241651774 
1.499024631103 
1.521738529505 
1.567975497801 
1.514857161367 
1.508104539173 
1.501851292761 
1.534369332565 
1.561463601827 
1.560739490991 
1.568363383594 
1.540211958221 
1.560891110183 
1.576042077820 
1.620110385678 
1.603762806962 
1.589537345393 
1.593119298568 
1.597125351631 
1.617196163349 
1.577097412574 
1.523046287048 
1.521998385976 
1.541710436516 
1.574578193638 
1.578767848633 
1.585754808555 
1.597426604845 
1.573566928053 
1.576504011033 
1.605667726079 
1.618042986763 
1.677363057260 
1.696465302221 
1.834796645803 
1.718714950123 
1.679524207601 
1.706273979313 
1.699765575815 
1.733889825763 
1.754750216721 
1.777028282625 
1.819641513671 
1.818558494732 
1.884364021248 
1.848291974040 
1.819170970777 
1.455829461082 
1.434983675730 
1.425432079204 
1.403581539640 
1.429586737641 
1.451869254908 
1.484127645171 
1.385242650129 
1.488948122668 
1.500094352393 
1.500810212506 
1.470684146939 
1.488073401958 
1.447400582977 
1.465082736562 
1.471505632804 
1.462679364218 
1.517002333885 
1.515276877457 
1.595894896158 
1.623277683660 
1.614866339357 
1.593496353988 
1.578894943316 
1.547808404989 
1.522739428095 
1.522739428095 
1.522780654893 
1.522827649669 
1.559486925099 
1.566961702459 
1.552154044992 
1.550355121612 
1.562931506740 
1.575551674852 
1.575551674852 
1.566241188455 
1.574304074378 
1.525237209603 
1.503761791588 
1.513501556324 
1.510168690407 
1.541716739550 
1.564860476338 
1.541998738332 
1.550839146181 
1.549420033813 
1.549926398129 
1.534118283281 
1.583337757888 
1.566809391813 
1.552105915162 
1.529185791746 
1.494497338338 
1.486014459977 
1.465852506750 
1.360148650325 
1.376203706315 
1.401470813639 
1.411979760037 
1.432779449184 
1.486696780433 
1.535259769372 
1.530785619719 
1.590407790051 
1.606759826771 
1.606759826771 
1.633789324396 
1.644085210527 
1.640494314186 
1.644562051191 
1.622200515435 
1.615588487390 
1.624642580950 
1.589016041332 
1.573617433318 
1.546894965831 
1.539917270813 
1.546828046548 
1.557852855242 
1.547986715298 
1.558435436883 
1.586016693009 
1.554901511865 
1.529376474470 
1.517773034117 
1.545513939918 
1.532102681462 
1.540163461147 
1.540163461147 
1.554381552383 
1.563682631203 
1.572959595698 
1.575613229727 
1.581926221874 
1.598109714591 
1.609862374547 
1.557626752903 
1.556108968320 
1.559722735264 
1.572990047350 
1.557865408704 
1.536857986499 
1.611073987764 
1.662895388378 
1.589997886512 
1.583665563372 
1.623118120513 
1.559075039303 
1.538670150952 
1.555137134259 
1.459791611499 
1.460125871567 
1.459828390881 
1.410177090617 
1.378761700404 
1.446058329867 
1.467549306863 
1.480955251162 
1.524477307501 
1.478979318362 
1.460567744746 
1.462786785561 
1.566939790016 
1.576240105727 
1.527954533437 
1.504295820379 
1.533057591079 
1.488989734884 
1.519784532270 
1.575406617005 
1.606115783579 
1.591111387853 
1.636607285798 
1.581593905357 
1.549625387348 
1.584539182287 
1.572917798198 
1.598449698674 
1.624895803993 
1.559738706389 
1.554393936760 
1.564641532951 
1.622574039644 
1.609180412320 
1.576163824865 
1.576789573907 
1.575906170771 
1.616691636552 
1.546528060105 
1.533488396950 
1.407142444846 
1.609774024261 
1.619207441509 
1.629183170639 
1.660537138545 
1.653770793357 
1.699101776405 
1.642812972245 
1.644124374003 
1.634897756953 
1.639119719329 
1.643541645098 
1.599597280626 
1.658695290688 
1.631967798266 
1.658253558312 
1.634208302983 
1.558632865340 
1.594381821262 
1.585254412962 
1.598408837360 
1.595993879426 
1.631879346099 
1.596405010533 
1.624655350531 
1.611706167881 
1.605256065978 
1.604475960211 
1.707089691888 
1.786657861970 
1.784159123451 
1.801121397571 
1.790218171114 
1.772726264652 
1.728009149652 
1.698843131653 
1.743185847353 
1.649372261634 
1.641134533634 
1.709706147038 
1.703573243195 
1.632099591841 
1.630923268911 
1.678768553209 
1.751629337702 
1.671915162907 
1.688977470380 
1.693550128379 
1.665846828599 
1.719216158844 
1.689471335205 
1.692810005474 
1.673720077107 
1.719095454123 
1.728052999550 
1.722017811056 
1.728671932243 
1.675973881799 
1.651576834388 
1.656748142457 
1.653298601639 
1.628072390754 
1.614425157734 
1.716179394592 
1.673899605057 
1.625054055769 
1.614079644612 
1.616554150185 
1.620343358609 
1.612485059404 
1.627947845155 
1.623480364376 
1.636402978250 
1.638379182574 
1.618966925835 
1.636263738795 
1.636180644665 
1.655576572074 
1.605958766736 
1.627718310587 
1.708675980455 
1.699643924450 
1.695628631800 
1.730305740674 
1.730305740674 
1.717468235811 
1.758288635984 
1.701503840113 
1.684043371675 
1.713514795532 
1.671835741661 
1.663195246656 
1.643470090411 
1.656843666727 
1.662963922432 
1.668476896968 
1.668476896968 
1.660894452361 
1.643345019770 
1.662985940540 
1.654073615303 
1.652639882178 
1.671933721003 
1.693412831451 
1.693412831451 
1.678194056213 
1.687078554091 
1.708435807109 
1.689517730896 
1.711700698643 
1.682523757943 
1.683066681475 
1.682471112160 
1.763627049606 
1.819111650839 
1.838803710469 
1.850275617570 
1.931960170197 
1.712586025934 
1.691219549639 
1.633718060616 
1.619444941332 
1.576248066486 
1.589706318222 
1.577260108432 
1.562671663064 
1.567810409057 
1.564185052870 
1.553207563302 
1.548120785840 
1.562735929770 
1.497621463803 
1.460536428821 
1.471588318707 
1.460479647353 
1.426660534081 
1.388494783708 
1.470657316667 
1.420964640979 
1.421764507792 
1.421796902347 
1.416196414685 
1.404865799450 
1.373887490832 
1.415654428150 
1.407310049638 
1.408412206249 
1.456094054491 
1.467548552248 
1.424250064297 
1.431437350227 
1.426738455555 
1.474350709610 
1.564502875159 
1.567738526184 
1.566789443659 
1.575414449628 
1.571852671965 
1.561322805075 
1.598578024830 
1.590168068945 
1.571949664428 
1.532195922963 
1.531112615597 
1.504490345878 
1.445618922167 
1.472142946815 
1.434637646888 
1.441485145574 
1.454849129855 
1.454849129855 
1.466505272063 
1.433047356795 
1.440558130837 
1.444110761859 
1.462670397891 
1.463240828018 
1.402934374372 
1.422394026036 
1.413966362296 
1.438550202523 
1.449865823998 
1.421540639017 
1.381384087702 
1.382188098991 
1.429942722865 
1.470389019421 
1.475764947346 
1.481847458238 
1.608897933077 
1.652505770683 
1.701935643609 
1.653264730382 
1.646161158830 
1.685238117393 
1.588174108032 
1.568560221949 
1.555917884615 
1.585809424137 
1.570379738086 
1.569957487192 
1.632909619904 
1.632767551977 
1.669880024610 
1.658108853423 
1.670010285228 
1.648301675161 
1.627076071197 
1.627076071197 
1.620219324795 
1.588896743129 
1.520392682025 
1.515954224924 
1.523744823542 
1.545330711447 
1.569472284671 
1.587238159136 
1.629603968996 
1.629329743105 
1.675304028414 
1.705051428511 
1.643344903364 
1.595610516243 
1.601297291303 
1.659676083065 
1.393977234875 
1.384740698019 
1.319410883265 
1.384225754916 
1.450047740417 
1.504361498670 
1.506565076904 
1.524394414896 
1.512264759740 
1.502756782365 
1.513280339072 
1.521417036069 
1.551473159482 
1.575718187585 
1.554126917432 
1.557129144094 
1.564319694984 
1.560620318325 
1.609921801298 
1.541946412188 
1.547403819176 
1.503904452331 
1.553283870120 
1.557786818466 
1.514598834898 
1.522398452002 
1.545395884895 
1.523708082534 
1.549043985059 
1.553929741885 
1.521254050791 
1.513150600756 
1.647366482699 
1.665004638834 
1.643224353629 
1.650561141152 
1.633625059769 
1.648834235674 
1.650739844473 
1.619298546537 
1.622077796111 
1.599664689939 
1.592406940442 
1.589095011332 
1.593579334518 
1.590464580406 
1.590464580406 
1.581695026944 
1.540073229330 
1.516826946830 
1.505343309628 
1.590408223791 
1.530659737530 
1.550042752847 
1.560496882205 
1.550421675174 
1.529323673843 
1.517412860580 
1.657580600986 
1.633448938207 
1.595964756258 
1.625408560931 
1.617674381024 
1.640433006877 
1.634262681394 
1.655184919461 
1.646484018790 
1.651226487984 
1.615729051595 
1.589665222398 
1.599340952234 
1.630226627110 
1.581581750218 
1.606569313818 
1.578845768245 
1.552775036717 
1.549958950987 
1.520815895391 
1.507999439741 
1.477268663265 
1.463897147560 
1.439425809889 
1.430573293536 
1.420082855459 
1.349097834619 
1.392981432128 
1.389729585235 
1.364596094923 
1.470952908185 
1.409565357862 
1.390810836358 
1.412249239407 
1.470657246000 
1.498055158821 
1.556521750207 
1.581948337830 
1.594476852076 
1.522680032288 
1.541188191522 
1.563001660360 
1.563406935679 
1.566248661102 
1.560821625924 
1.557583786983 
1.501228208933 
1.442850856631 
1.469125503567 
1.475921982190 
1.457558168563 
1.469485637822 
1.451104885317 
1.479673081332 
1.431878474633 
1.452047666848 
1.477978853515 
1.485474133644 
1.489383572385 
1.489383572385 
1.502595482970 
1.506681202515 
1.497321019343 
1.497321019343 
1.412410720711 
1.387193273597 
1.389606246015 
1.385398873640 
1.383097073527 
1.381230752426 
1.393000983904 
1.395190807644 
1.355403206853 
1.348755072572 
1.356241663729 
1.351928982440 
1.351830436039 
1.409026668537 
1.447655343188 
1.448514898664 
1.459183354049 
1.387697336851 
1.387171543846 
1.391692628003 
1.385496152150 
1.406012418031 
1.398055245306 
1.409115021506 
1.390518997590 
1.383849466299 
1.427349362618 
1.429575326126 
1.414403691765 
1.474972708882 
1.522255349021 
1.460747136583 
1.471892538780 
1.460332348845 
1.479156658746 
1.415863744121 
1.437618123244 
1.445045305511 
1.462616370454 
1.464918326516 
1.464123222835 
1.511233470754 
1.511861676290 
1.510412685412 
1.492835496792 
1.493693704993 
1.497858195839 
1.497858195839 
1.501692530651 
1.496767157820 
1.464639259703 
1.426495896644 
1.449777599732 
1.478199601670 
1.474291309983 
1.466497195280 
1.393080851233 
1.384716751367 
1.423002515268 
1.399330853129 
1.361239163825 
1.375234883160 
1.362172034842 
1.373156215673 
1.376623584673 
1.377244643431 
1.531215753161 
1.563218220429 
1.554584122724 
1.620258928656 
1.607980239329 
1.552397002477 
1.606996353964 
1.661865607490 
1.687319685034 
1.720084038567 
1.734258611477 
1.676313441633 
1.717236027080 
1.717236027080 
1.584726305697 
1.564085728255 
1.474346689039 
1.445952095136 
1.531543546499 
1.521221098845 
1.498445454398 
1.498213654989 
1.537118356631 
1.493751617225 
1.503029135487 
1.517069451234 
1.519357914150 
1.543452700857 
1.582704372825 
1.580824945878 
1.593938969434 
1.551628487861 
1.510508769270 
1.632672842305 
1.578574345438 
1.615660632987 
1.524719444648 
1.493528188909 
1.556510490123 
1.574952912277 
1.542652024781 
1.568265312037 
1.523951923432 
1.488556069244 
1.503754746053 
1.453423231929 
1.433756086297 
1.426354540614 
1.445952407659 
1.431716828017 
1.424687254799 
1.398247744595 
1.389146569438 
1.410199997738 
1.375378729309 
1.375674979730 
1.391036411402 
1.432296544186 
1.426219843334 
1.425929918353 
1.408195404817 
1.428851235872 
1.415009427339 
1.414246417952 
1.411148490816 
1.466688886052 
1.453948984869 
1.442388810986 
1.444184712422 
1.449892307674 
1.457968649873 
1.494537852163 
1.508590899948 
1.484068433583 
1.463094586203 
1.509260556370 
1.508639674358 
1.476810096659 
1.476810096659 
1.428574261980 
1.474721315329 
1.471743405509 
1.486625376275 
1.605566620846 
1.563242479212 
1.551018067782 
1.546540270970 
1.515813395023 
1.537155554677 
1.575745988791 
1.531685820735 
1.511027875435 
1.509847124735 
1.500117228118 
1.752678746827 
1.806855547120 
1.813452246496 
1.766678084060 
1.734048614089 
1.731920368932 
1.686535958033 
1.729716781701 
1.707046250402 
1.645208002556 
1.635295673350 
1.653065259439 
1.611582522554 
1.608972059141 
1.532878995390 
1.519729808801 
1.526867553170 
1.524391991501 
1.539377065393 
1.577953123261 
1.546198135304 
1.544761658502 
1.565635036318 
1.535945094402 
1.445149318775 
1.526531788858 
1.491281484760 
1.506652453344 
1.476255145892 
1.442448457477 
1.474854280182 
1.467027501795 
1.471130571757 
1.486323414659 
1.480378627159 
1.482054161684 
1.478312512624 
1.476538491910 
1.568441948405 
1.554416951367 
1.538566708228 
1.534694183966 
1.545126517706 
1.510166157073 
1.468067009352 
1.497246195711 
1.496486336044 
1.478587877818 
1.465185153560 
1.454009219215 
1.479898414125 
1.473665569966 
1.362486016131 
1.353178063556 
1.331958855593 
1.417445042652 
1.417402411322 
1.393457297785 
1.393457297785 
1.354027022627 
1.395945298667 
1.449172955207 
1.402660464907 
1.417031690812 
1.370408767157 
1.373434282363 
1.397456696177 
1.404531183208 
1.408785488901 
1.396008572825 
1.388170049575 
1.371482216425 
1.383937525306 
1.372966952348 
1.339709512586 
1.319305411212 
1.313806450220 
1.300648686383 
1.338097684147 
1.333058112596 
1.355593956679 
1.402270205668 
1.450301430157 
1.423106194338 
1.423106194338 
1.426920815208 
1.369175082774 
1.426512543056 
1.431654106384 
1.410967682889 
1.385758355935 
1.475966500930 
1.520938572329 
1.485232274757 
1.570684521324 
1.579583951731 
1.684634364876 
1.609101351215 
1.498413469806 
1.491914249812 
1.491914249812 
1.495197753439 
1.528348655254 
1.517656150664 
1.508459766168 
1.486209144514 
1.486797968556 
1.501641113872 
1.504095350112 
1.520139263541 
1.524785657274 
1.533350324653 
1.546777668679 
1.541980955912 
1.515697110688 
1.547241764374 
1.550763383329 
1.545837476229 
1.543069629454 
1.553009164149 
1.588314238815 
1.588314238815 
1.598407122444 
1.596640273978 
1.598868027371 
1.601537434437 
1.581383601730 
1.635830863759 
1.626119128806 
1.614325996988 
1.617781956827 
1.583394716490 
1.675391660839 
1.651069731164 
1.686217631887 
1.711020431773 
1.714972413842 
1.703478653029 
1.660099774456 
1.660257128605 
1.652497874337 
1.622932130740 
1.590550846856 
1.609937543122 
1.605567337603 
1.600800835189 
1.567469028632 
1.575497446943 
1.542731878847 
1.542566791947 
1.571903767404 
1.611273608871 
1.624865067518 
1.486336750743 
1.546930810482 
1.509364016072 
1.509364016072 
1.518316583190 
1.538138459704 
1.541006174804 
1.481193699339 
1.496151368276 
1.507812869508 
1.499283710227 
1.522856104779 
1.522063099565 
1.540943461696 
1.582458815670 
1.577713223538 
1.555498138876 
1.608911749730 
1.605912146822 
1.603138383903 
1.603138383903 
1.587593491449 
1.587593491449 
1.579394212245 
1.572517371206 
1.582837678289 
1.576152289940 
1.586991520061 
1.614266826647 
1.570546266416 
1.593703986401 
1.632933285022 
1.674840139756 
1.697022019401 
1.676962530137 
1.540698019698 
1.576411823318 
1.574844321710 
1.564178280478 
1.618020574495 
1.622519543232 
1.647081846814 
1.674446290162 
1.641502633189 
1.646284858380 
1.633037680359 
1.675423679752 
1.706916072851 
1.639611831303 
1.567062225166 
1.551924440855 
1.561476750379 
1.571983066281 
1.570612424317 
1.527256520926 
1.525226970166 
1.573615831900 
1.607949717533 
1.562665627072 
1.570390448378 
1.599964855325 
1.559526388652 
1.510108321087 
1.508297538771 
1.476515069871 
1.447033658575 
1.497642043286 
1.523901470142 
1.514920596939 
1.513889210954 
1.529382853715 
1.587458433432 
1.584061994065 
1.582560528350 
1.573316401475 
1.577694303299 
1.581278575874 
1.578180220918 
1.578894952246 
1.594931552433 
1.581360851399 
1.528274254237 
1.436829835393 
1.475648576160 
1.495896971592 
1.465838942516 
1.463050013733 
1.490431444269 
1.485802374996 
1.485732275668 
1.473851944426 
1.446091587687 
1.395788719657 
1.395788719657 
1.433326736532 
1.433458267382 
1.430504987882 
1.376526760270 
1.387706369462 
1.349079973115 
1.383998601112 
1.384376924030 
1.332586468285 
1.347313570358 
1.376313152994 
1.374982515483 
1.382787201580 
1.380833590991 
1.380833590991 
1.390352328247 
1.388923808963 
1.416888967884 
1.416888967884 
1.409555192449 
1.445514792552 
1.420140658341 
1.379835068190 
1.408799871423 
1.384128284954 
1.435097163447 
1.412749406966 
1.432367702282 
1.427235274118 
1.427235274118 
1.425576680439 
1.401899268812 
1.420904210836 
1.406061633401 
1.418896552815 
1.567803134010 
1.631738460271 
1.612645522305 
1.591395265664 
1.570076753562 
1.561612079275 
1.574159517906 
1.487776331958 
1.494712066503 
1.504513715832 
1.475423819209 
1.474476739341 
1.537747773186 
1.528180927103 
1.540157147110 
1.551956072848 
1.528141669805 
1.542572721305 
1.519589191301 
1.515731909034 
1.562264495182 
1.492088355311 
1.581095813605 
1.615330306181 
1.607990543481 
1.600085426617 
1.589672535627 
1.594413388070 
1.574430341072 
1.574768823719 
1.582387240827 
1.513804502049 
1.552187220417 
1.535633924354 
1.552962240297 
1.604130525973 
1.602060237993 
1.617974360434 
1.641428778256 
1.611182665979 
1.627073067527 
1.625494991787 
1.596777444588 
1.606762405737 
1.622542461894 
1.621460065706 
1.588693662797 
1.547127418602 
1.578204310896 
1.579914653427 
1.593749868090 
1.646737815738 
1.568570040357 
1.489387952121 
1.498702149720 
1.484338690279 
1.474287278791 
1.469714452090 
1.565828423045 
1.535408365918 
1.571141874983 
1.585498431958 
1.608592642249 
1.607372972041 
1.605949252396 
1.761682607112 
1.739786091027 
1.766341292358 
1.806931473883 
1.759995790479 
1.793946207261 
1.846361399337 
1.826883296580 
1.923239757240 
1.829475268700 
1.964178192452 
1.867786984869 
1.882162954151 
1.855432367459 
1.789178149599 
1.831695605991 
1.825073481044 
1.728273504825 
1.720503724829 
1.806766130181 
1.720203004623 
1.852454328860 
1.815578833857 
1.765259590514 
1.677943427945 
1.656066644572 
1.636705884065 
1.691049731416 
1.687039070945 
1.537758277373 
1.584010453072 
1.560843068266 
1.543051347703 
1.538048954677 
1.533867453352 
1.529075311430 
1.526378447380 
1.569348170474 
1.521835067340 
1.477564563804 
1.426306611594 
1.435601400073 
1.502594345792 
1.534104793276 
1.538309588463 
1.552813185204 
1.554535864575 
1.536592719776 
1.481946671767 
1.533645716551 
1.452428452443 
1.446864444148 
1.413043859469 
1.453784846757 
1.478011202676 
1.480025941855 
1.449301024114 
1.379222863325 
1.357000110417 
1.390096020582 
1.463682500589 
1.470070698857 
1.497102216194 
1.496883984145 
1.534563025883 
1.534554178627 
1.504124696194 
1.513681124592 
1.519721739644 
1.537022557319 
1.533806211036 
1.518345844868 
1.619585901253 
1.637220554818 
1.670345948773 
1.676022049718 
1.680861814189 
1.679400986133 
1.743208581544 
1.722637076503 
1.718810832913 
1.776415786037 
1.764316783898 
1.728025844625 
1.748523970599 
1.712909564194 
1.739162048667 
1.862879021781 
1.794463248900 
1.725673639743 
1.714855739809 
1.722894288840 
1.703102721937 
1.622011737230 
1.594560071307 
1.629584253952 
1.604956781508 
1.593077462282 
1.558581858685 
1.533667441391 
1.533988669759 
1.499881948498 
1.476557843634 
1.522121102868 
1.423277122769 
1.443510018311 
1.426398698240 
1.444581052333 
1.615987594327 
1.687264150764 
1.691731852335 
1.735366961028 
1.710588956168 
1.642328742174 
1.637679862675 
1.697981923492 
1.657007952111 
1.697217565638 
1.576188311675 
1.582580755502 
1.557129489944 
1.565570286882 
1.569807468154 
1.554134224387 
1.556066441152 
1.553039203799 
1.553245728816 
1.613426640161 
1.631956400312 
1.691469007028 
1.615896516584 
1.605286848954 
1.591684358391 
1.618568938602 
1.589421293491 
1.643954453906 
1.653649051226 
1.620480380274 
1.622300815730 
1.651177927254 
1.648750975842 
1.578287856690 
1.589540684607 
1.551869360985 
1.548501207455 
1.547793509885 
1.563456718936 
1.525486625069 
1.514152027069 
1.482537952034 
1.448391063444 
1.448537291135 
1.449821953296 
1.485605223749 
1.513580347342 
1.466492138265 
1.453313064850 
1.421398157063 
1.489510841204 
1.471419121536 
1.477325760066 
1.469656398555 
1.538581491104 
1.539198404780 
1.573401580758 
1.554405572086 
1.516971024645 
1.510713198503 
1.468794777024 
1.470867890403 
1.476825660650 
1.476988507969 
1.478007725605 
1.473412369557 
1.474078338488 
1.462627903064 
1.462627903064 
1.449663932993 
1.454894414572 
1.393274156567 
1.400457160412 
1.411846667457 
1.433430270175 
1.453541289690 
1.470842365880 
1.488953338209 
1.445945141998 
1.494301675201 
1.467252807830 
1.510796685074 
1.503403224496 
1.480246527189 
1.455221413171 
1.457678827312 
1.445793974037 
1.466347314193 
1.449083654989 
1.479223330255 
1.485160068296 
1.527989085801 
1.482309397185 
1.460925793697 
1.482524155276 
1.510494067342 
1.543943904416 
1.544485384763 
1.509386090022 
1.528105191082 
1.530803173636 
1.501481924988 
1.488288271981 
1.483368395955 
1.465197518925 
1.456078114741 
1.438531710316 
1.453766813455 
1.527763250091 
1.383345226430 
1.383963503533 
1.373243848661 
1.442899736964 
1.433152212837 
1.432739509299 
1.430704427845 
1.410336371071 
1.400585607397 
1.414244893782 
1.417225246129 
1.360949491394 
1.508159429421 
1.481427607408 
1.489890505881 
1.478473223006 
1.488566858136 
1.475500863361 
1.488261358633 
1.552466774626 
1.550578309432 
1.578668984024 
1.587734978393 
1.617560017688 
1.620708519419 
1.616073895538 
1.675804080396 
1.578281372196 
1.664535050436 
1.621283858279 
1.525383323912 
1.520874733208 
1.524224342428 
1.521372360745 
1.540519298649 
1.506609863307 
1.487566559436 
1.419214651629 
1.455236139166 
1.429494928711 
1.439414925749 
1.345870502871 
1.341364546246 
1.367744332928 
1.325912209157 
1.354948859701 
1.349239761710 
1.405411500858 
1.419116104406 
1.417743554491 
1.434172829366 
1.387074630706 
1.366110539271 
1.437479562778 
1.417377667102 
1.426659019559 
1.449556970717 
1.438592363355 
1.317287326324 
1.407429371845 
1.431607496297 
1.403228739070 
1.435688839192 
1.515378503510 
1.515901878150 
1.511915777633 
1.511915777633 
1.519147053058 
1.519147053058 
1.526668647153 
1.566365343357 
1.566365343357 
1.572575345247 
1.624864278295 
1.619106861975 
1.619106861975 
1.621471400270 
1.616454081060 
1.604204794251 
1.615906329540 
1.622161825703 
1.622161825703 
1.615789318132 
1.618091476336 
1.670668978066 
1.674639873271 
1.655623711092 
1.654096959216 
1.703270954636 
1.706241976289 
1.667232506324 
1.678973997436 
1.700323467486 
1.700323467486 
1.612599476131 
1.674099544491 
1.647137234063 
1.567590748504 
1.565895163876 
1.575374652284 
1.601620532020 
1.581985642967 
1.564555551634 
1.606568052347 
1.607053148539 
1.607417199167 
1.525434799145 
1.550805295571 
1.612348611811 
1.610511892684 
1.609446507378 
1.641722962524 
1.623891128149 
1.638624848752 
1.576476219273 
1.588444312405 
1.592691477496 
1.554414671585 
1.540821848617 
1.551777884257 
1.542181588724 
1.561184552842 
1.564390503678 
1.558249815426 
1.570791341688 
1.629614466567 
1.625508053996 
1.665677668854 
1.779635806196 
1.779635806196 
1.819161718669 
1.858122308726 
1.861661332384 
1.832637751248 
1.772209208913 
1.784766621056 
1.765970805603 
1.775507460899 
1.773416895504 
1.709717557063 
1.754408376110 
1.645446685583 
1.651491129284 
1.689245095485 
1.709821844415 
1.704096477198 
1.696024012399 
1.681525227455 
1.640095664588 
1.640267582736 
1.595062641845 
1.584601024591 
1.568021495735 
1.573119820781 
1.573119820781 
1.569665549893 
1.537928897986 
1.517208994665 
1.525222928580 
1.519252157560 
1.514904858476 
1.481183849239 
1.520913859630 
1.567392732746 
1.498142008282 
1.482605878422 
1.460028930874 
1.401154015148 
1.395340098449 
1.352304527090 
1.345543579856 
1.369501132998 
1.513967917095 
1.462957343093 
1.475496206604 
1.465518187280 
1.499745778227 
1.455559645753 
1.476917369707 
1.471744211075 
1.386168904336 
1.404473310594 
1.402757506719 
1.412293229056 
1.429509179703 
1.413104142581 
1.421090493338 
1.448398062012 
1.347068700022 
1.363880243193 
1.359749370156 
1.349503981036 
1.357488837759 
1.292624038360 
1.336684488497 
1.389601203812 
1.434420462183 
1.369525028001 
1.418925951319 
1.390779595902 
1.352262703295 
1.370309267744 
1.363061168641 
1.378780670855 
1.377679207673 
1.397034363825 
1.342511316490 
1.355519473870 
1.341311543916 
1.373888585710 
1.469766978811 
1.469369060086 
1.482906245785 
1.426478206597 
1.435165739451 
1.438471166857 
1.444641875664 
1.486810839439 
1.482068398824 
1.483278589255 
1.497863869505 
1.478740167291 
1.491732336596 
1.506455363480 
1.486509111619 
1.488586120653 
1.497626555934 
1.500039638411 
1.467780145348 
1.424481359748 
1.458231073359 
1.474472312366 
1.429829342579 
1.437227408596 
1.465610226148 
1.424339905645 
1.445983463987 
1.446859286955 
1.417642836977 
1.342336158706 
1.315051025345 
1.376527183304 
1.381881663609 
1.385029832897 
1.359058486203 
1.424818635991 
1.415576618412 
1.417319778142 
1.430590528926 
1.431643919515 
1.444866984594 
1.533788120370 
1.544415268122 
1.494481434240 
1.503430625057 
1.493177154509 
1.476927621607 
1.525271881706 
1.512557714471 
1.551511195931 
1.580186165842 
1.588458534933 
1.596760603254 
1.589505173898 
1.578747521105 
1.589756675536 
1.597631963781 
1.598433426592 
1.586783612281 
1.597187907190 
1.584228821190 
1.579436495858 
1.612947104648 
1.616586752886 
1.662447246225 
1.635231188986 
1.559472793386 
1.559472793386 
1.559472793386 
1.559472793386 
1.559472793386 
1.559472793386 
1.443272127430 
1.443272127430 
1.442999135108 
1.459601791048 
1.419326466133 
1.421308985610 
1.389320340440 
1.392872250112 
1.293452942284 
1.325902692304 
1.342520957196 
1.370887809671 
1.335173742570 
1.356280114367 
1.362158030637 
1.381552295013 
1.360927268467 
1.350724700473 
1.366105061785 
1.366105061785 
1.361233625975 
1.397619878391 
1.395724933668 
1.381710947241 
1.387908105033 
1.383632068794 
1.392748975772 
1.302179539709 
1.355731227403 
1.340050648657 
1.395703780175 
1.430033758307 
1.428633527572 
1.464192389133 
1.453623646425 
1.446581354352 
1.418939528233 
1.446457034202 
1.416170294218 
1.419985461083 
1.413379458187 
1.410923169532 
1.434137699662 
1.431661155015 
1.445697230043 
1.474545187863 
1.462718969923 
1.493346577207 
1.502873173643 
1.466533795073 
1.473515737842 
1.511550839209 
1.565647867474 
1.481530564599 
1.508878732949 
1.491006069101 
1.538372947671 
1.541294983715 
1.541155467661 
1.558890322070 
1.573906076217 
1.566844049076 
1.575923530340 
1.580666411226 
1.590894684680 
1.567133902304 
1.579444207642 
1.569251310829 
1.483662007474 
1.498993437881 
1.495785474403 
1.470495267291 
1.465889281029 
1.488943051883 
1.565570073921 
1.533262218157 
1.548779619427 
1.592361451650 
1.588244607244 
1.571223986572 
1.556074980145 
1.584881917987 
1.628662104609 
1.630823660284 
1.626037458327 
1.615729769951 
1.634033947880 
1.670174834616 
1.567971575324 
1.705995127399 
1.717175180642 
1.747854293460 
1.724233470450 
1.760025880016 
1.529306105539 
1.448227483788 
1.446586330519 
1.415169435793 
1.459988102664 
1.419622613725 
1.435773018241 
1.435773018241 
1.435773018241 
1.421802531773 
1.459596907389 
1.465207186955 
1.476005632842 
1.478963901829 
1.483300486548 
1.590628616583 
1.568121982565 
1.550167043791 
1.550127578145 
1.518646827171 
1.488232451942 
1.513866319208 
1.596583704479 
1.515757884053 
1.481730914030 
1.482967171114 
1.520145032800 
1.522637911229 
1.547545196001 
1.540428680081 
1.540770968520 
1.542881105127 
1.565239339551 
1.619264177230 
1.623160162474 
1.608215974031 
1.511674282418 
1.520316433295 
1.440360201642 
1.472905872992 
1.471780463067 
1.473738234167 
1.473628579341 
1.468860800282 
1.426482554595 
1.430924950303 
1.449832221883 
1.501629163550 
1.529167084099 
1.489181458029 
1.480981694431 
1.534101720173 
1.533718458611 
1.505291327650 
1.501883110510 
1.548787229314 
1.479403078542 
1.472749887280 
1.488844760530 
1.489966746221 
1.506629625237 
1.573642212817 
1.552756342295 
1.535908700285 
1.589370213486 
1.588501677390 
1.556241360787 
1.534313849713 
1.535478370301 
1.535428331412 
1.589970257426 
1.628939080483 
1.635128724892 
1.654344959004 
1.696308902547 
1.743299753448 
1.732827106895 
1.712487582202 
1.727173562926 
1.784039857666 
1.739990688586 
1.749123079408 
1.802616565484 
1.752873691120 
1.728133504502 
1.730915799962 
1.714609624259 
1.740761623987 
1.728989795066 
1.703249671977 
1.714166765581 
1.764409724165 
1.753222269867 
1.775408040324 
1.706270261291 
1.677385286382 
1.681363044591 
1.647553955086 
1.581693398278 
1.578248079213 
1.534466609902 
1.534599466520 
1.570809784208 
1.572227624536 
1.596334516806 
1.647239396995 
1.645786683789 
1.646802756197 
1.648483518592 
1.605099359719 
1.574094636321 
1.558644108053 
1.502471921854 
1.429826043991 
1.413988947496 
1.336228069451 
1.341227709213 
1.371012810356 
1.197642953062 
1.242058032994 
1.307540977646 
1.289613476745 
1.304916878410 
1.175990291769 
1.241011534169 
1.268064483179 
1.287367381230 
1.241309806408 
1.308699785518 
1.258537341720 
1.295480082202 
1.267370222398 
1.255568120807 
1.367104930590 
1.397071094183 
1.360708630693 
1.439488225272 
1.394381377304 
1.370373883856 
1.396108956092 
1.393965018077 
1.376881715184 
1.448839148915 
1.438711262290 
1.373651710937 
1.418499970135 
1.426225413609 
1.392675048288 
1.302814014643 
1.297966423865 
1.355104850392 
1.194681392133 
1.235523085525 
1.211180449343 
1.213098259389 
1.278987914967 
1.269983384723 
1.337640886610 
1.335964336910 
1.327968742082 
1.324054867524 
1.358025924545 
1.296596492123 
1.337654264118 
1.320131059112 
1.330791739842 
1.377944668626 
1.368883233169 
1.388746878859 
1.398770018398 
1.379216271427 
1.344996523021 
1.331002867208 
1.345066957839 
1.412749472643 
1.465915019430 
1.454641418465 
1.501740079277 
1.482382322799 
1.480676598426 
1.480136810165 
1.425911520015 
1.404623685646 
1.447066837107 
1.437086786113 
1.439597777956 
1.498055318183 
1.464658534198 
1.333513083606 
1.486644125192 
1.449953274637 
1.476658692492 
1.522710636747 
1.489491636481 
1.530192720618 
1.505419386653 
1.482980216725 
1.525866465902 
1.500990920099 
1.469955505164 
1.451521743611 
1.414050380908 
1.398483799469 
1.413295506619 
1.395437869587 
1.409802065202 
1.414963554152 
1.460187980513 
1.490978827509 
1.436042358917 
1.489056776863 
1.476080983300 
1.506053178079 
1.504937410094 
1.522363407117 
1.520457659340 
1.522488248190 
1.520432942079 
1.523887998369 
1.526994756495 
1.516283158042 
1.514506292027 
1.550124636377 
1.682196202772 
1.751339565470 
1.725007532779 
1.794903834859 
1.886006548203 
1.763662897478 
1.671904355433 
1.698794917769 
1.711119257781 
1.656981566055 
1.636519024055 
1.637032597037 
1.555547543584 
1.577345116394 
1.606535816391 
1.573603816074 
1.584858089835 
1.507452092471 
1.516481079914 
1.396290730257 
1.381188966104 
1.366217850493 
1.372804027511 
1.379616044464 
1.352158073940 
1.338956284865 
1.365722483419 
1.261853620320 
1.458293213186 
1.443674766039 
1.414937257869 
1.421911854208 
1.447090389677 
1.450853120298 
1.489710095420 
1.463466794851 
1.487430857241 
1.506292647890 
1.498731209296 
1.502186455987 
1.527162727193 
1.502365237441 
1.530899440231 
1.465204556479 
1.504060103188 
1.478358283907 
1.484739151322 
1.484739151322 
1.495699157235 
1.502684712413 
1.493489166922 
1.521405894564 
1.548476722891 
1.496402477163 
1.497474667757 
1.499675942589 
1.471514762601 
1.455564672946 
1.456009835888 
1.642625743519 
1.652393525036 
1.647116259897 
1.670457789287 
1.671569620374 
1.607974787884 
1.689487254068 
1.646131756011 
1.661231909105 
1.658278999216 
1.584754855250 
1.567582390033 
1.561946721668 
1.538349955684 
1.535991024890 
1.504757291949 
1.510747425109 
1.539760949857 
1.537002328620 
1.529320160042 
1.496464542986 
1.526348923397 
1.623449710975 
1.591491993472 
1.587738089527 
1.585566657307 
1.574493951299 
1.574493951299 
1.591353015399 
1.616174164082 
1.553263902167 
1.508963445929 
1.511720941737 
1.514884080791 
1.497411644344 
1.488817764582 
1.513664427812 
1.513430285763 
1.535065533175 
1.547367078618 
1.474551203007 
1.499980267683 
1.504107899186 
1.578841188697 
1.514236469026 
1.503567107330 
1.507907738017 
1.527107819615 
1.542498785525 
1.511485134812 
1.495854395750 
1.500458929517 
1.499905045369 
1.544274152965 
1.552006367017 
1.518718866640 
1.521706329725 
1.530894698832 
1.507589527520 
1.523697897485 
1.525250419050 
1.496963560955 
1.499123803860 
1.513303710974 
1.505251329160 
1.496951383305 
1.510645910457 
1.499867046068 
1.490320471275 
1.454912070472 
1.475470283868 
1.471336877666 
1.484622083267 
1.458387845368 
1.490305825126 
1.495158077804 
1.500189196929 
1.531632369543 
1.495381505964 
1.523316741817 
1.547943404731 
1.564225363340 
1.535369131377 
1.529353864448 
1.544225127565 
1.533540011774 
1.560252686776 
1.547417673966 
1.505911625859 
1.515574717927 
1.508293770525 
1.519520088823 
1.512322995907 
1.556943051312 
1.546318168464 
1.414514667894 
1.375149626414 
1.449767395867 
1.486572185174 
1.502686137973 
1.514103911572 
1.498157456522 
1.482033918436 
1.462895560151 
1.482333561430 
1.413816401184 
1.394766847133 
1.429187115185 
1.486758409014 
1.491462984111 
1.522595969896 
1.544111778500 
1.531600993650 
1.518432215334 
1.503475101384 
1.483822720845 
1.489660441657 
1.425954085999 
1.393712785806 
1.403561433755 
1.386899854890 
1.391588208375 
1.397409498651 
1.373229818015 
1.402911330520 
1.409731753324 
1.425973655169 
1.394770387801 
1.417727016723 
1.346974197300 
1.429960597528 
1.459113638866 
1.477112483112 
1.438841340703 
1.440740826592 
1.392704042752 
1.404493778753 
1.482304155781 
1.479814007383 
1.431193442793 
1.463482302143 
1.435746906490 
1.447458024470 
1.433449034222 
1.458852207473 
1.444415733306 
1.437048310125 
1.443911334015 
1.449663646539 
1.439088861701 
1.475981804541 
1.491535656321 
1.435517716244 
1.450974141270 
1.500573085628 
1.490495642220 
1.467124844038 
1.477030664692 
1.482752045483 
1.485171478474 
1.492119752630 
1.551734663953 
1.547814213190 
1.597320509890 
1.581855258097 
1.645923952680 
1.674881334592 
1.645854727845 
1.701797909597 
1.668290081718 
1.702723655424 
1.692879101685 
1.699493764025 
1.668866004556 
1.584868838553 
1.591284843988 
1.595270419275 
1.597265721506 
1.558403346297 
1.575916373360 
1.610787484018 
1.648417671689 
1.656774151259 
1.643327986801 
1.678524210363 
1.677854698231 
1.593414738034 
1.568232156458 
1.549071769378 
1.566784235125 
1.568240468209 
1.611274172242 
1.602171339928 
1.619729338606 
1.567241756839 
1.576604995717 
1.552804286342 
1.596741084851 
1.651775239300 
1.591641903608 
1.594389052050 
1.564662404909 
1.569770369988 
1.610387498463 
1.538446986426 
1.539745374956 
1.545019746589 
1.549426602159 
1.547451653750 
1.535113872694 
1.573529110898 
1.512429308628 
1.525625245974 
1.591403505945 
1.567237914389 
1.574793274378 
1.573146005644 
1.592302158349 
1.534013887254 
1.519433182832 
1.519891516258 
1.461725078708 
1.486680119396 
1.468199909552 
1.488703318305 
1.469285991907 
1.472481365433 
1.465364413355 
1.459532083419 
1.473871429460 
1.473036560622 
1.514271083029 
1.514271083029 
1.492698183641 
1.479200780462 
1.469505783629 
1.478381446650 
1.471773174640 
1.485663645779 
1.458792506351 
1.432048534675 
1.451840307924 
1.431015560507 
1.452944882889 
1.506903303794 
1.431731549961 
1.396870286171 
1.415319691819 
1.455788479849 
1.471028100351 
1.485385679069 
1.485190480248 
1.515485368146 
1.507532939366 
1.503283198703 
1.521883955277 
1.522670612119 
1.499927668561 
1.522176023449 
1.493116061148 
1.525655857463 
1.533631248119 
1.559826588410 
1.537286705477 
1.522226322235 
1.527888900153 
1.522125117585 
1.522125117585 
1.571024913857 
1.579423033295 
1.548673420336 
1.543894033666 
1.520074134924 
1.536141111098 
1.523984099637 
1.529247870388 
1.571271218862 
1.558664955693 
1.498426791577 
1.513001823695 
1.509873203441 
1.497252631734 
1.474181436140 
1.472964516810 
1.523138147217 
1.597656286311 
1.579428822336 
1.553284980352 
1.545521113261 
1.522865853220 
1.583574476642 
1.573561203922 
1.596556266947 
1.611589216414 
1.627215719555 
1.606017633135 
1.619873300486 
1.624261539678 
1.609864643983 
1.593386371031 
1.619871733915 
1.568895413481 
1.608629131936 
1.583976454813 
1.589523067124 
1.600124513771 
1.564699071229 
1.516367464817 
1.571749665450 
1.563137749393 
1.562456607040 
1.569084525493 
1.512801174703 
1.593424684982 
1.587279249776 
1.589623759599 
1.595721599234 
1.634301667581 
1.651333652059 
1.665791913182 
1.669975763769 
1.673910600366 
1.694445998480 
1.647840136425 
1.598292793293 
1.620400009535 
1.620400009535 
1.622092923451 
1.679980292603 
1.675083845902 
1.618926814052 
1.609600193893 
1.601371770210 
1.545219766791 
1.503910091378 
1.447403566699 
1.448848451603 
1.464104592415 
1.470630301471 
1.482875585532 
1.466865653941 
1.457482411000 
1.453218503208 
1.514598076256 
1.517348592367 
1.490656807810 
1.500258618862 
1.499772924225 
1.501626857181 
1.578603938120 
1.564836850916 
1.581298872012 
1.591056124912 
1.582556997561 
1.608460965526 
1.706334813763 
1.655148778485 
1.661613466434 
1.669909504049 
1.658359891146 
1.665742909053 
1.644869694698 
1.609073512730 
1.610545394289 
1.480498389980 
1.503377072988 
1.439057849194 
1.473211405676 
1.498123772414 
1.486990603607 
1.521619203058 
1.536540665220 
1.536540665220 
1.546636780912 
1.556938921610 
1.575257634669 
1.388753473677 
1.388753473677 
1.374974028948 
1.366420055715 
1.303869441952 
1.343659712444 
1.369942020923 
1.330466206607 
1.330466206607 
1.342520726767 
1.342520726767 
1.378360750404 
1.373458851702 
1.306248027382 
1.272050569741 
1.340865726654 
1.348668956995 
1.309838361890 
1.309476726740 
1.386479166064 
1.386479166064 
1.400141307020 
1.400985538157 
1.390134485120 
1.384104452176 
1.358381614879 
1.395807009818 
1.363788276503 
1.376012075707 
1.329108046669 
1.369453378259 
1.365742228072 
1.355959843984 
1.374404285693 
1.367957502552 
1.368098501555 
1.406258111861 
1.396518878153 
1.441946533273 
1.412673020317 
1.391274573349 
1.404213072024 
1.394948388058 
1.416438194318 
1.421609094319 
1.437891679274 
1.403639958468 
1.359056679073 
1.286103515418 
1.278642533354 
1.284600949390 
1.312810787826 
1.311278878521 
1.324602672983 
1.300539628357 
1.249450721593 
1.297213181193 
1.300233934683 
1.261938444562 
1.239539497833 
1.309721671936 
1.262963047106 
1.242821410342 
1.389234137391 
1.396713182080 
1.397243985001 
1.398803427936 
1.408088386821 
1.382522015992 
1.360136494750 
1.432064847161 
1.409147728423 
1.381226099070 
1.387914282131 
1.370336262807 
1.399062536013 
1.372696475216 
1.382478285441 
1.382478285441 
1.364917927321 
1.364917927321 
1.389097224308 
1.396566271070 
1.397836714509 
1.409656702004 
1.333900985800 
1.343867161693 
1.356876159004 
1.395054838690 
1.454025623267 
1.426615882035 
1.449771791540 
1.505682882884 
1.570925187599 
1.526719835533 
1.526719835533 
1.484418462354 
1.531443537907 
1.504596749510 
1.492930789108 
1.483083312049 
1.444325450341 
1.445075915375 
1.452624658251 
1.470134679142 
1.453621148837 
1.458336990212 
1.419449598273 
1.467585077151 
1.428901146634 
1.421113909637 
1.467259722169 
1.460345782864 
1.378093943677 
1.392683611600 
1.390615344480 
1.403544269978 
1.366769080211 
1.515281395420 
1.497846038788 
1.539601118267 
1.569700810621 
1.572312670192 
1.554282072889 
1.533515767713 
1.535261907192 
1.602287885161 
1.590036983530 
1.650874506218 
1.649527881141 
1.636769767305 
1.602023609743 
1.563687192288 
1.661081348044 
1.645322597715 
1.630615044068 
1.651090194450 
1.645191215901 
1.634042837146 
1.634042837146 
1.714092400738 
1.671117517057 
1.795068607369 
1.757672826763 
1.780118280219 
1.773731060993 
1.709857775991 
1.731776090463 
1.761835226356 
1.801255565015 
1.778454949808 
1.758678922692 
1.737094435615 
1.771944845855 
1.694124601132 
1.714205827088 
1.672051603685 
1.729049771625 
1.663540207113 
1.694636159454 
1.711035626786 
1.696750822848 
1.776698476118 
1.743891204559 
1.650077244596 
1.695524008588 
1.701013002936 
1.722608939571 
1.687545170794 
1.663798784981 
1.660822151309 
1.626852757162 
1.681036403525 
1.752427481617 
1.644663352835 
1.633424112697 
1.606316032987 
1.633335479883 
1.593874539178 
1.580227894338 
1.584322299974 
1.586252100252 
1.498791983031 
1.465108347202 
1.520309571332 
1.511277583953 
1.523999867345 
1.552985598933 
1.649361574559 
1.645155020289 
1.643266887605 
1.699151397909 
1.645520643484 
1.659332408107 
1.650853630311 
1.629513630850 
1.630169911957 
1.626207844298 
1.502694256886 
1.456500138202 
1.468254195035 
1.518686562631 
1.500501132232 
1.490383629064 
1.494181751525 
1.501155502775 
1.533764735246 
1.526788915103 
1.532898752780 
1.534064536677 
1.529498948011 
1.559877307103 
1.557063688435 
1.554681085256 
1.527380516299 
1.555014906700 
1.569886445773 
1.530061440384 
1.532541458639 
1.532669627737 
1.545689895347 
1.532567238859 
1.564962231943 
1.534203254740 
1.533383483034 
1.507253044065 
1.544740871452 
1.544740871452 
1.544740871452 
1.544740871452 
1.540275047749 
1.540275047749 
1.527366133210 
1.540010554245 
1.540010554245 
1.560940325637 
1.562099694024 
1.557561132565 
1.557818693443 
1.557085200499 
1.545965014517 
1.549549019966 
1.647517370205 
1.636303900494 
1.792866506288 
1.675762577074 
1.640605342894 
1.659803183615 
1.635825073564 
1.667569713341 
1.650603666500 
1.656843544679 
1.621862753434 
1.645008866285 
1.695424825178 
1.661045757299 
1.547425739304 
1.524968441050 
1.498379893684 
1.493933952611 
1.520430721114 
1.489347299368 
1.489973973914 
1.547964743826 
1.515465931049 
1.507817709417 
1.492225864396 
1.479330745454 
1.388766921937 
1.499944348286 
1.518491726877 
1.511308472145 
1.513268412992 
1.505023979226 
1.509334713068 
1.486727238370 
1.468586596315 
1.499640640341 
1.501272444166 
1.496321133847 
1.486781741176 
1.544126502170 
1.506074645256 
1.505896683461 
1.630431274645 
1.597349959721 
1.587272273878 
1.619664281575 
1.576698993946 
1.579131016668 
1.566903947495 
1.547174969012 
1.558676076735 
1.600987253687 
1.569297719144 
1.623806627383 
1.614980250115 
1.624660262816 
1.626517793596 
1.625403303666 
1.665844704534 
1.654343842367 
1.662514564648 
1.672507718544 
1.656177803309 
1.643391325168 
1.644025106159 
1.644967072996 
1.649460721078 
1.638159483497 
1.631516987269 
1.681377458454 
1.663528885317 
1.645184794571 
1.671946868221 
1.674541902227 
1.673540821647 
1.666726696698 
1.668816333592 
1.652501638388 
1.629109729903 
1.589543645817 
1.629903033321 
1.616510372789 
1.629007142597 
1.606997492885 
1.575958371701 
1.578523164882 
1.584949562700 
1.510857827230 
1.489953452145 
1.435982910462 
1.401290813740 
1.410462601278 
1.450110163653 
1.467963325866 
1.463513725413 
1.472152438864 
1.509519193478 
1.481826738032 
1.467524740584 
1.474494954306 
1.460007184893 
1.479867493728 
1.505183341121 
1.500363038568 
1.473955010275 
1.491511262752 
1.493919597843 
1.520326414743 
1.517641255708 
1.497964095222 
1.516549003202 
1.569230944704 
1.553459740240 
1.543300553280 
1.506387989869 
1.460727617670 
1.450964695118 
1.415891877995 
1.460091157350 
1.448463137156 
1.455550551575 
1.517885174837 
1.501893655192 
1.502580627573 
1.474304831109 
1.463875954018 
1.515269707681 
1.499827394929 
1.451867825949 
1.394547529703 
1.466098937811 
1.504119264415 
1.504875752013 
1.527417384076 
1.554980600093 
1.541637933625 
1.494626010923 
1.467211761911 
1.469448825493 
1.492027775297 
1.478009675628 
1.469583130051 
1.479788261621 
1.523172620737 
1.508791934381 
1.490314453389 
1.481184535795 
1.477362520758 
1.508709481057 
1.535015343177 
1.546314510406 
1.534585520177 
1.560452907642 
1.570954645161 
1.582489288378 
1.596450942399 
1.512580358192 
1.503931939542 
1.575618193920 
1.553732015764 
1.528761517784 
1.548063800270 
1.542462782904 
1.560965588735 
1.569443473054 
1.673177693828 
1.607505668576 
1.612776649439 
1.645560652630 
1.625365954790 
1.618705711090 
1.596909321453 
1.596909321453 
1.575669147291 
1.598836484574 
1.615829606577 
1.602390651217 
1.618173919034 
1.565189704450 
1.574428996472 
1.605964505336 
1.618413378826 
1.589508777794 
1.564191393736 
1.534354090793 
1.536945377203 
1.549439600464 
1.486883524707 
1.492423869139 
1.477684732141 
1.450972545773 
1.470324254328 
1.466820981891 
1.454126859531 
1.472463815370 
1.486220590452 
1.495663793765 
1.500816743451 
1.440149216201 
1.432902595661 
1.469081738608 
1.459657426032 
1.455128634431 
1.461996715264 
1.459290690339 
1.422198445785 
1.419127410625 
1.411774311142 
1.407404626083 
1.407415643630 
1.421083123652 
1.466617918276 
1.489481936647 
1.514284173033 
1.505248584864 
1.618937602070 
1.572220533320 
1.553515768278 
1.517134003249 
1.527454522415 
1.474110587444 
1.498338703523 
1.463385010038 
1.506067464869 
1.491961455574 
1.519611324452 
1.581091183790 
1.591558189329 
1.497038291981 
1.495611202868 
1.451438252695 
1.385002876764 
1.298147107946 
1.405894287873 
1.535921213827 
1.662085538447 
1.619307047713 
1.572307989087 
1.585080000267 
1.544018963537 
1.486837264478 
1.486837264478 
1.524017747823 
1.557343059800 
1.588115971493 
1.583728088421 
1.599092012705 
1.613879585921 
1.593945135337 
1.575935568789 
1.642969211180 
1.645835960723 
1.621535371278 
1.618561873911 
1.661260787730 
1.676780807658 
1.685920921325 
1.684178894017 
1.638685471279 
1.647989915067 
1.632956388475 
1.606841282400 
1.635572348638 
1.665538352553 
1.661772053651 
1.654496200065 
1.676455933344 
1.648902643126 
1.588559592907 
1.617695965078 
1.593164269349 
1.596034870127 
1.596034870127 
1.601691975162 
1.622777916821 
1.634401638504 
1.637251208483 
1.671264114640 
1.671264114640 
1.670547073719 
1.664680948911 
1.664621348389 
1.680313539868 
1.711581594863 
1.713199831176 
1.768017009732 
1.740664644130 
1.718226440934 
1.816912656205 
1.717665638313 
1.711629421919 
1.728240393969 
1.648390496426 
1.691130954354 
1.698785276192 
1.700017070601 
1.589737013287 
1.594958240585 
1.571196701563 
1.595488559686 
1.625561597139 
1.621578092686 
1.606112701600 
1.602265601948 
1.622637431671 
1.629761929296 
1.589016956207 
1.561853036767 
1.555194552063 
1.570905386190 
1.537250278372 
1.580660015653 
1.590784015052 
1.601314946568 
1.534815693876 
1.568933851233 
1.540839538648 
1.531727477628 
1.519481498256 
1.559894855894 
1.604230217195 
1.589111194245 
1.752947766799 
1.726506234426 
1.726506234426 
1.697730457897 
1.661597575056 
1.681537757768 
1.699601162261 
1.713158772948 
1.693408590017 
1.635557929743 
1.649952059394 
1.658563523726 
1.656868788500 
1.668016107940 
1.687091056857 
1.683398984175 
1.662256682899 
1.600083301576 
1.601450996403 
1.564080436421 
1.604251715806 
1.571972789362 
1.560148544812 
1.562552071660 
1.601345181047 
1.612629214510 
1.613653603008 
1.545253774758 
1.503602399075 
1.532171649626 
1.559057200098 
1.621689179214 
1.623816491249 
1.600290579329 
1.538458566169 
1.540973498892 
1.560115311218 
1.537253120882 
1.526067340119 
1.544324510853 
1.545347939493 
1.553221721441 
1.568646330709 
1.588120175990 
1.587937259238 
1.617598841406 
1.606555036547 
1.586061077339 
1.627857966643 
1.562752666857 
1.649004020626 
1.585636977956 
1.533129608155 
1.458990513765 
1.485125441250 
1.496711368125 
1.445140835190 
1.349523685194 
1.400000645356 
1.406599608121 
1.381289617903 
1.384887624926 
1.425669577736 
1.497843692594 
1.498064614751 
1.474871862524 
1.446038818342 
1.462938622582 
1.455413575825 
1.463127822560 
1.472498603486 
1.472859542125 
1.470530935867 
1.405143775669 
1.429947896825 
1.493570592934 
1.476956739667 
1.470484176850 
1.544546094516 
1.551953572354 
1.561489702662 
1.562977480623 
1.548578222246 
1.505393334062 
1.543712793907 
1.541166824612 
1.470473498947 
1.491776581094 
1.495741029522 
1.500639116719 
1.520238616038 
1.505594215781 
1.513693329588 
1.501584958422 
1.464957223864 
1.469279804995 
1.492092357066 
1.453880085968 
1.463060662926 
1.440150909027 
1.428945489268 
1.491004318416 
1.451725023119 
1.451725023119 
1.441846130430 
1.475502990864 
1.502343504543 
1.508668490736 
1.516873335766 
1.561197086600 
1.556021585353 
1.601938296027 
1.561874512319 
1.630662355748 
1.574593015261 
1.609161628958 
1.634090065189 
1.596327158167 
1.587755203088 
1.601302892314 
1.612754916622 
1.547076172125 
1.622867710324 
1.613240648402 
1.622738682644 
1.638685065303 
1.583956611928 
1.622128058025 
1.621928723200 
1.568062351987 
1.584393158548 
1.543730850780 
1.540284544227 
1.552288578946 
1.558205796339 
1.508939622586 
1.543583957079 
1.539123980656 
1.551315453605 
1.572342713089 
1.556883380780 
1.550781792091 
1.546827757859 
1.518980168192 
1.532654561880 
1.543936047834 
1.543301889547 
1.535947137975 
1.529718338743 
1.547383986075 
1.564479727902 
1.548109567141 
1.599635962333 
1.617911801360 
1.628396105129 
1.620572566137 
1.640387205645 
1.661217265330 
1.616841495115 
1.690209927771 
1.690602577350 
1.678869261637 
1.633276714683 
1.614087049644 
1.584208036601 
1.557243589842 
1.569732512965 
1.588939511612 
1.597748766703 
1.598127341349 
1.570764925920 
1.528840554580 
1.516761692695 
1.514699108441 
1.512497879451 
1.535027522305 
1.534140408567 
1.572453197753 
1.540209364147 
1.514293691772 
1.554675349951 
1.567158944529 
1.567752943507 
1.575135704439 
1.547854662116 
1.571416889223 
1.592572120867 
1.597347600896 
1.526343214732 
1.550182312646 
1.539624086189 
1.484726894189 
1.503851442247 
1.515963008823 
1.498607955372 
1.516449137707 
1.531205306701 
1.531205306701 
1.545943035803 
1.493236195240 
1.461468266692 
1.457412848195 
1.465897672379 
1.455966991192 
1.418297576037 
1.428146288069 
1.426712468703 
1.469877591571 
1.457016349605 
1.400844537977 
1.411667958221 
1.380420156401 
1.397981874520 
1.419072111959 
1.394972156932 
1.393406922261 
1.397890823320 
1.371982381303 
1.358441704428 
1.327905888329 
1.378815882015 
1.314120371895 
1.338726360642 
1.401231224278 
1.320108964607 
1.425272882269 
1.281461853593 
1.348702188030 
1.401084359012 
1.411528788883 
1.381694871608 
1.380784431005 
1.351844955702 
1.370691345586 
1.415020226045 
1.496698308544 
1.533484380352 
1.534428191584 
1.629839076836 
1.623516526843 
1.748027302891 
1.743038439626 
1.712332932809 
1.674520803384 
1.648576417924 
1.613140517549 
1.557089474800 
1.575930054240 
1.552858454859 
1.484556505402 
1.447353292505 
1.421096787980 
1.415148502039 
1.429504210009 
1.490856428389 
1.494922103704 
1.562835112579 
1.597331955725 
1.580466057971 
1.616008756623 
1.619435075763 
1.619435075763 
1.613526528348 
1.691418605365 
1.644906780122 
1.636103123484 
1.635025744679 
1.637224528017 
1.645804973996 
1.714506948501 
1.688889968042 
1.658700113195 
1.685419676334 
1.705128653163 
1.510153884602 
1.537885108769 
1.553411886635 
1.557024185631 
1.587925098813 
1.572304035480 
1.561232903683 
1.502530858549 
1.373044293126 
1.373264150396 
1.366442130088 
1.360429616338 
1.351465997106 
1.359130669651 
1.306508165293 
1.328509023857 
1.344930823636 
1.329918718545 
1.317688958387 
1.282666926995 
1.274803387111 
1.280032584706 
1.360242147230 
1.350965670591 
1.337501304411 
1.328867661339 
1.311311103254 
1.332007475173 
1.345363251736 
1.397414746674 
1.368493684262 
1.368334081690 
1.363941168757 
1.481484972514 
1.481705669313 
1.472932197796 
1.471781299042 
1.468041726915 
1.467162437782 
1.381563907984 
1.376746709814 
1.402410325454 
1.408159457717 
1.429065789884 
1.569193403346 
1.601897601105 
1.582981951535 
1.629235654524 
1.646432233011 
1.587953731922 
1.623663716643 
1.620179376215 
1.529555163902 
1.559772868384 
1.592679640952 
1.586965480616 
1.610241414510 
1.634705776580 
1.642337189830 
1.639569605940 
1.576381921194 
1.547838701757 
1.554637960406 
1.518422246529 
1.518930501678 
1.539652461171 
1.579658943344 
1.551400482336 
1.546347601402 
1.563955134317 
1.566355266018 
1.557205886318 
1.536178058287 
1.532144295025 
1.558323913208 
1.567744512085 
1.568622726552 
1.569581840876 
1.604714695970 
1.602446846037 
1.583657771075 
1.582276522906 
1.615281908956 
1.610140108884 
1.641899779710 
1.651225701785 
1.644585577617 
1.666122281619 
1.711539022430 
1.712964398734 
1.738291690115 
1.677623469377 
1.666768108312 
1.671408209699 
1.661014544606 
1.677842128482 
1.728398177630 
1.714059007986 
1.677282620892 
1.676265169515 
1.673281526614 
1.699248271372 
1.523209881348 
1.465615883956 
1.491615982176 
1.476630364839 
1.500847551625 
1.488029243719 
1.500275258125 
1.516542289358 
1.469992535208 
1.522607416238 
1.528807426713 
1.531793949275 
1.538880062320 
1.572005819935 
1.606951025092 
1.621781227254 
1.601078637814 
1.599413926538 
1.607482185345 
1.598319370947 
1.625307250055 
1.594357230499 
1.491536598480 
1.505824915032 
1.499264857958 
1.450318444967 
1.439989822008 
1.483264825309 
1.475084476259 
1.470293771241 
1.506870355798 
1.530944346949 
1.553702182962 
1.610093529513 
1.590530592795 
1.657749855639 
1.657749855639 
1.637435647065 
1.632640953009 
1.611255382447 
1.578646785682 
1.562569203112 
1.547720208579 
1.540164697904 
1.529392986822 
1.528050771976 
1.528050771976 
1.519336142408 
1.508455343327 
1.477249329818 
1.477279086312 
1.491165944372 
1.486186948170 
1.485164572021 
1.472765638034 
1.427748206794 
1.455486580951 
1.435431135058 
1.410002076743 
1.420868253184 
1.438550929361 
1.435766533274 
1.464279961706 
1.513350682657 
1.510172131960 
1.511465687420 
1.509860475522 
1.492744889286 
1.486761311868 
1.461538269581 
1.462383562492 
1.478664667727 
1.484711443637 
1.476476115834 
1.508075177005 
1.574224648564 
1.610191330518 
1.611563391944 
1.597770877029 
1.603764233410 
1.578751000824 
1.574774459661 
1.574142793358 
1.583506730976 
1.545858398626 
1.511792666866 
1.531321734469 
1.537346396730 
1.530054484249 
1.514419296892 
1.504131033101 
1.488296189318 
1.505654362640 
1.499186022577 
1.392295859163 
1.393479048882 
1.390737519489 
1.365508182609 
1.386236344362 
1.397395812001 
1.400471475601 
1.389848574065 
1.470891219077 
1.482731419737 
1.524194998597 
1.549953292449 
1.527848974999 
1.493446294237 
1.495964363348 
1.490021005191 
1.514188277892 
1.606974306244 
1.710033836294 
1.698964130554 
1.704552613616 
1.641404096934 
1.679386045248 
1.681579879953 
1.663067190669 
1.592536656607 
1.582893733450 
1.565119655160 
1.543951008075 
1.562716200524 
1.568807958724 
1.562037185420 
1.566475790702 
1.571494295670 
1.548183014227 
1.538085074168 
1.529140876880 
1.536913765427 
1.494986490679 
1.474361479058 
1.396528915682 
1.386347996377 
1.390871720496 
1.389062628091 
1.405106147119 
1.484649998493 
1.566208054587 
1.479463171393 
1.465843267816 
1.576853503268 
1.580600078970 
1.562544879054 
1.538981429460 
1.613416585938 
1.581821930858 
1.618012171186 
1.618309829091 
1.620241918551 
1.640741368424 
1.679954367502 
1.648252103427 
1.624125639623 
1.658606476603 
1.624272858943 
1.625697580667 
1.601683693073 
1.559597209638 
1.578442042929 
1.589680247154 
1.573339667023 
1.552335818464 
1.543293372638 
1.547705952354 
1.550658736807 
1.544865695273 
1.605947110172 
1.583883401493 
1.534530236143 
1.556714370630 
1.545319853923 
1.610370828726 
1.699405874775 
1.711181325127 
1.681569601705 
1.743400252164 
1.686154335998 
1.683228563824 
1.672616749843 
1.667832212366 
1.684954356078 
1.638394219089 
1.632630691628 
1.636199171307 
1.630621468325 
1.377040881957 
1.401310175974 
1.401310175974 
1.316104791099 
1.379454806175 
1.480714684259 
1.488648458469 
1.461604243899 
1.472368645500 
1.413236473991 
1.412231491853 
1.439878432451 
1.442280148922 
1.429893439851 
1.490089593225 
1.539557092172 
1.539921030195 
1.564898732449 
1.448822866126 
1.557246338608 
1.547866518544 
1.570142153840 
1.570650042951 
1.568221645089 
1.574757801094 
1.570343016328 
1.547274619249 
1.591469842068 
1.586894981174 
1.594076209048 
1.577668366560 
1.581775760118 
1.558102472827 
1.536994599504 
1.573630990328 
1.621461326654 
1.619668292734 
1.596996718048 
1.604444241840 
1.604109971603 
1.566211090864 
1.521565063790 
1.517549695080 
1.512744510647 
1.450576150922 
1.436862674533 
1.450024758546 
1.429406514630 
1.451075045581 
1.428535340963 
1.433346188213 
1.417223895039 
1.425939367042 
1.443095652723 
1.348608266003 
1.367111601501 
1.370230713192 
1.384352910991 
1.377552108823 
1.393294816126 
1.553276618357 
1.571767038141 
1.573785232901 
1.609410270176 
1.520704627621 
1.524544779997 
1.595389549838 
1.597765981231 
1.581765605548 
1.514546930163 
1.515042360582 
1.481283958847 
1.510009189353 
1.521527830821 
1.552080486798 
1.553587241204 
1.512950009707 
1.651159914807 
1.641962515236 
1.602047962876 
1.581234120709 
1.574882056362 
1.622355527147 
1.585844499098 
1.600091189356 
1.502516387118 
1.504930068302 
1.581375497073 
1.662177403105 
1.851825717914 
1.723587929809 
1.695889450877 
1.645510192591 
1.627104378784 
1.465845260502 
1.438931664773 
1.446071573264 
1.462424817441 
1.481205475566 
1.509179315999 
1.488514210143 
1.514252826949 
1.519368146967 
1.522630411119 
1.510259522156 
1.483967269075 
1.487573157034 
1.523227563093 
1.594173948303 
1.600465166513 
1.556115163465 
1.543414807883 
1.542882582806 
1.542882582806 
1.533106190339 
1.522818443160 
1.523153007730 
1.463968607580 
1.494781055736 
1.499826196683 
1.504741557526 
1.547533741977 
1.576314680339 
1.579768842061 
1.597159774175 
1.583878619678 
1.562633272628 
1.556919941625 
1.556888973649 
1.559337253165 
1.608422956172 
1.617894205457 
1.593070295200 
1.586007755262 
1.556637228098 
1.538645103596 
1.529984920314 
1.535532917606 
1.527433194961 
1.529054784021 
1.529720990511 
1.552280029977 
1.457355836593 
1.463378216978 
1.466989941629 
1.485672146010 
1.490241777222 
1.480179071706 
1.480845593652 
1.470999216033 
1.448070956276 
1.330280821838 
1.354876124637 
1.403175944950 
1.354841612741 
1.365596428259 
1.406270047722 
1.357484104787 
1.390350541802 
1.389762149460 
1.446835654198 
1.441617621095 
1.442991870046 
1.450701046939 
1.454799236863 
1.466385803448 
1.462236739152 
1.463681253201 
1.487907577058 
1.507570667790 
1.487184360560 
1.463651197508 
1.475859665650 
1.478969811530 
1.486471063371 
1.493276927990 
1.419317848153 
1.445586578423 
1.447554759534 
1.430973169532 
1.422451795653 
1.423900886274 
1.432654329503 
1.426268227690 
1.419180264883 
1.407790934384 
1.362265661597 
1.365152031319 
1.453405371689 
1.466434215094 
1.455477518823 
1.447856108943 
1.474241833389 
1.425102487626 
1.456954392534 
1.471522495850 
1.506798707818 
1.493315570148 
1.530093493303 
1.564073004602 
1.552732265441 
1.543220810167 
1.547629958248 
1.507148552997 
1.513165626579 
1.435709381542 
1.454380220389 
1.473767088355 
1.450925359587 
1.440321016750 
1.434481000325 
1.509476138154 
1.503899355593 
1.512085936993 
1.532113183894 
1.478453701642 
1.518264337986 
1.461695921557 
1.457743554611 
1.519992487974 
1.514789451639 
1.520833226148 
1.514453981489 
1.528268802980 
1.561061027578 
1.588629923892 
1.594655691547 
1.599572014153 
1.548386432648 
1.451849487248 
1.450544494456 
1.438984642682 
1.392228567355 
1.365784697914 
1.343522954467 
1.356336033406 
1.329899193740 
1.334390644255 
1.333218222292 
1.345764255211 
1.275536709501 
1.329603092128 
1.373223972820 
1.393323188326 
1.382959192792 
1.353649682498 
1.358385988236 
1.314330638996 
1.306103100562 
1.335123638309 
1.328267698856 
1.360848841814 
1.303043954501 
1.416290806952 
1.443555522972 
1.463977940080 
1.465035413230 
1.402362503384 
1.405471967638 
1.400935349189 
1.399116499944 
1.371027060001 
1.385792344504 
1.416869839639 
1.344254456491 
1.385192535647 
1.331367945903 
1.383377795333 
1.322170201049 
1.322222430414 
1.366355710234 
1.359045820756 
1.357803255064 
1.314108239861 
1.309751639536 
1.401890227424 
1.367879269579 
1.349164973625 
1.352177728899 
1.429068797160 
1.447412867239 
1.431931869068 
1.495496493164 
1.514918069331 
1.491960853902 
1.516736567804 
1.516944943332 
1.483720272228 
1.483071658449 
1.471934757614 
1.464330518962 
1.474999678888 
1.480608000019 
1.470459510215 
1.479598020828 
1.476401169854 
1.480419887235 
1.510968605040 
1.524410787491 
1.693622278917 
1.687736067883 
1.690744458844 
1.685304593279 
1.600431035916 
1.685293141879 
1.699580582573 
1.681156586535 
1.687939137301 
1.713944770490 
1.715548563395 
1.778977429301 
1.784824407919 
1.863188013250 
1.784807550013 
1.821344783224 
1.803613774682 
1.860975869239 
1.832271733693 
1.804893857389 
1.839135660943 
1.802487775687 
1.776351325845 
1.639121403886 
1.701413866691 
1.704738337351 
1.730217705293 
1.648239011369 
1.653805722977 
1.645190135942 
1.658003347335 
1.663378431516 
1.728594553300 
1.690494891619 
1.659150881379 
1.565022522692 
1.549390310428 
1.602962573087 
1.601304609257 
1.600808193864 
1.642197054897 
1.644654467538 
1.644654467538 
1.646328011671 
1.635587834925 
1.658705444208 
1.656926959365 
1.650801188228 
1.567977282306 
1.568935832310 
1.591195864368 
1.590172086682 
1.599968580552 
1.606513233854 
1.595360264197 
1.591984155550 
1.585873389191 
1.565992729663 
1.563361484203 
1.559037130043 
1.554304622422 
1.559945198028 
1.563792212068 
1.559514036208 
1.542495197399 
1.525172300999 
1.510091824100 
1.524461861074 
1.536587538036 
1.416443758769 
1.426381380451 
1.431336039510 
1.434471290425 
1.437858467034 
1.432963407126 
1.462769979992 
1.480812153534 
1.371372298934 
1.533603773915 
1.490804600875 
1.458066424687 
1.546970439359 
1.554580875330 
1.489079140368 
1.480676867897 
1.485295837045 
1.475998703759 
1.465833378692 
1.463108496529 
1.448779168415 
1.460539886699 
1.466307231142 
1.449028373660 
1.410520880265 
1.440961516053 
1.422803458007 
1.474502955107 
1.487472152512 
1.514069379883 
1.509520067986 
1.517308339533 
1.534464543505 
1.541174596788 
1.533775774133 
1.610051666497 
1.595733332640 
1.592351489954 
1.592182962801 
1.575219099285 
1.569472299136 
1.581533500161 
1.553744349827 
1.541482505826 
1.532978305691 
1.488094542953 
1.489959427417 
1.465968147329 
1.490443072511 
1.460523995030 
1.393161473289 
1.408132626300 
1.428312745948 
1.340056313340 
1.383759378157 
1.382975021855 
1.383572680128 
1.406852526259 
1.385434594642 
1.467502405600 
1.510033819057 
1.482394536877 
1.477145589817 
1.457474107512 
1.447786514277 
1.459124205223 
1.465194912783 
1.466231419204 
1.483243752026 
1.448851007175 
1.450187175590 
1.461329460750 
1.488040732807 
1.459403024727 
1.392991636897 
1.380729787705 
1.384218438746 
1.415484464230 
1.456516875550 
1.456467828652 
1.479420675150 
1.468380325914 
1.487328173157 
1.453479420119 
1.489378269523 
1.506379698795 
1.521839290297 
1.530244633006 
1.563372786646 
1.559917337953 
1.530184493470 
1.501196989258 
1.501523165238 
1.461346886352 
1.467565734688 
1.469627357943 
1.480069621418 
1.499292708648 
1.549105909537 
1.550267694895 
1.519445057163 
1.525020978000 
1.658955123398 
1.665084503994 
1.748952477010 
1.750411756998 
1.755097559791 
1.732004878710 
1.675699211629 
1.581485889010 
1.629026135229 
1.579525157949 
1.586384180381 
1.583855417899 
1.616803521353 
1.556339088738 
1.564721912389 
1.504052230166 
1.520411378383 
1.515421358666 
1.506715998084 
1.509852974267 
1.628186294751 
1.614150120767 
1.600327018633 
1.619069619977 
1.568153161652 
1.572559780291 
1.561931694791 
1.586091283334 
1.609033049508 
1.596104538876 
1.586729761866 
1.595917622684 
1.636480461504 
1.578851893153 
1.650739942134 
1.639571076970 
1.734709839365 
1.694808930093 
1.635311798301 
1.620296020379 
1.667066995365 
1.687865857987 
1.720930745673 
1.754506353959 
1.695139653659 
1.740349152206 
1.613268299419 
1.644846864233 
1.638860067601 
1.629769156493 
1.701343298292 
1.629749788062 
1.633144550486 
1.656172231181 
1.705792826254 
1.731092989276 
1.728586961719 
1.730844468003 
1.769403443194 
1.744000955859 
1.790024564041 
1.733772544004 
1.814533075469 
1.727207075447 
1.716451010244 
1.740983296592 
1.706754416497 
1.730670272669 
1.768892540820 
1.729140240975 
1.785164207179 
1.846725478709 
1.791772224841 
1.743816144761 
1.759516016520 
1.732534337501 
1.680683806691 
1.780427185811 
1.692486518240 
1.754253631306 
1.741531345244 
1.753914202605 
1.683218356903 
1.715010502224 
1.718727532904 
1.677917646201 
1.633776577209 
1.673173639153 
1.669538717877 
1.701020012338 
1.699955753287 
1.662169761969 
1.692160014046 
1.655138413772 
1.501284116423 
1.478986284900 
1.484749307191 
1.486014138334 
1.485565646624 
1.483085337360 
1.512252219451 
1.565888481423 
1.561010005161 
1.549960677887 
1.544481540481 
1.544481540481 
1.529675342296 
1.507179207956 
1.505046966104 
1.503093566794 
1.532453747667 
1.523347854920 
1.451058371297 
1.413577268840 
1.407733250370 
1.435223373780 
1.403425453176 
1.363530325241 
1.318096999259 
1.259073811593 
1.311105972014 
1.358604770756 
1.275754654666 
1.353387287889 
1.348057963146 
1.383941871436 
1.351321603445 
1.302035212000 
1.283325032746 
1.327158302404 
1.308054037271 
1.339826179974 
1.349383561532 
1.345346863889 
1.398467458928 
1.319765790194 
1.426556593358 
1.436606312707 
1.460761491580 
1.393055186817 
1.395201038913 
1.393610807776 
1.372578390889 
1.400693246258 
1.395913778003 
1.420065574819 
1.430698213548 
1.467114062033 
1.498736101539 
1.465061538860 
1.489479883748 
1.463602839064 
1.468449528833 
1.491610439927 
1.491177603812 
1.467806776330 
1.462762387900 
1.532308814112 
1.515340945917 
1.529624357913 
1.525316253609 
1.508521320073 
1.493788761716 
1.494133956698 
1.460605801636 
1.448858789017 
1.464528316685 
1.428064446613 
1.562776297059 
1.599930479616 
1.555324056776 
1.596372950994 
1.562598140452 
1.557177540210 
1.556226480720 
1.535891798494 
1.526173459589 
1.580951540838 
1.573860284601 
1.567387513956 
1.514404992129 
1.498057128355 
1.394539270675 
1.422270935567 
1.448044280370 
1.429136577495 
1.438362598896 
1.442738053476 
1.547401291498 
1.569147849886 
1.608892867244 
1.612853702934 
1.592415370319 
1.607978074155 
1.611909912482 
1.638636488791 
1.591132464714 
1.609329351460 
1.604334674661 
1.590269302693 
1.605344889627 
1.578113682959 
1.587525749135 
1.609431087164 
1.602739092784 
1.607176494631 
1.527369036463 
1.541211357385 
1.533783795065 
1.543385403344 
1.558602492965 
1.565901411440 
1.565901411440 
1.562853568610 
1.564442493581 
1.585610331809 
1.626493395966 
1.558605283734 
1.579299698998 
1.554446732305 
1.539605470877 
1.545762307414 
1.540336968405 
1.562997155478 
1.589289652210 
1.518424485695 
1.500962572442 
1.567852599531 
1.601808963832 
1.597939991353 
1.666509805456 
1.604493206012 
1.606453968302 
1.609049217452 
1.622523536276 
1.620654242989 
1.601159543430 
1.582675614509 
1.618882503174 
1.608281398103 
1.584775633623 
1.591126831883 
1.636513301670 
1.657439241180 
1.605062769708 
1.576853300348 
1.580258323854 
1.630207684462 
1.593678713498 
1.622863934904 
1.614840573644 
1.618204078760 
1.589817681908 
1.589187968636 
1.618849444780 
1.624738759530 
1.625388686644 
1.659945936564 
1.688839554041 
1.689969738352 
1.690561199209 
1.584486726864 
1.624575694216 
1.624148984906 
1.613029233987 
1.612726590766 
1.623233313399 
1.633013425382 
1.637559654748 
1.653402572519 
1.661004370336 
1.666914725425 
1.659644397251 
1.675884533526 
1.698602572156 
1.698991724090 
1.663370339520 
1.668619833175 
1.692181472390 
1.736999044149 
1.721479017604 
1.708152947598 
1.584282743290 
1.619821891736 
1.610692162848 
1.701846985990 
1.636927838331 
1.669423648801 
1.607409560232 
1.651614501163 
1.745211958949 
1.688117620478 
1.674567995076 
1.661959710543 
1.614502425422 
1.533832305952 
1.543538508049 
1.532102037212 
1.541343650222 
1.574921355563 
1.554164351458 
1.536615615289 
1.537258123043 
1.562240447605 
1.537872290398 
1.540262077594 
1.655909143292 
1.723846658785 
1.666121498467 
1.633331056228 
1.545014231395 
1.435952186730 
1.464253226017 
1.479027140572 
1.471888215440 
1.442120734789 
1.440070732218 
1.384965979961 
1.447447457778 
1.463671106001 
1.432126258829 
1.453940958998 
1.543587624350 
1.532667593711 
1.553886841737 
1.516486588128 
1.575927337144 
1.573153237298 
1.610127795197 
1.609823345204 
1.623839784819 
1.613552425201 
1.634237379369 
1.579909342021 
1.567332899791 
1.641544996868 
1.707027427129 
1.655163801283 
1.619788838719 
1.590590354368 
1.556572451129 
1.524331857250 
1.496844585720 
1.528783263026 
1.530044144749 
1.521461855789 
1.523484840495 
1.497111320368 
1.496659195992 
1.481315719761 
1.516681721940 
1.518014741115 
1.479903812908 
1.510482756470 
1.502611067317 
1.536075612068 
1.617692073601 
1.601903268919 
1.601792133179 
1.587606273760 
1.549550510000 
1.618050689459 
1.592217448078 
1.606038027674 
1.661223196647 
1.635714902002 
1.643006653537 
1.622271404222 
1.613150966822 
1.613447510460 
1.594641081650 
1.595157332966 
1.593331683133 
1.555857179192 
1.484679030454 
1.487307596375 
1.495876214860 
1.496390594777 
1.527028679232 
1.539813638837 
1.537432111093 
1.544899207328 
1.553979447988 
1.553979447988 
1.565708407741 
1.615347491627 
1.626972566530 
1.639905042032 
1.609262368632 
1.635552391403 
1.617632607093 
1.611073088418 
1.594613165227 
1.620253797712 
1.620813124111 
1.665869684042 
1.652087975999 
1.674536211158 
1.658578326544 
1.657551205606 
1.632121189876 
1.654264209406 
1.649443674971 
1.642546654777 
1.642434557690 
1.660491921042 
1.643759907821 
1.642701318742 
1.628556805458 
1.642310449808 
1.634848161057 
1.769474651963 
1.631730145539 
1.616162747258 
1.618169761845 
1.609339436513 
1.617540515136 
1.704732460435 
1.666389043725 
1.661224723024 
1.648002173648 
1.635189571146 
1.608470721796 
1.684802509900 
1.706813240137 
1.674059973120 
1.679133926133 
1.656090018856 
1.637741192892 
1.676631058041 
1.566080335917 
1.577029826596 
1.622535404445 
1.728605225399 
1.679449280653 
1.678646955099 
1.636068900916 
1.611195094721 
1.637256765390 
1.634792222283 
1.655321872444 
1.750207066507 
1.734228640426 
1.724503907424 
1.639744484019 
1.701609029037 
1.662730702294 
1.707994871936 
1.744261476405 
1.702409756109 
1.684047707377 
1.702314502657 
1.774173885113 
1.737554379132 
1.675169169167 
1.657199579284 
1.669909471628 
1.679517266206 
1.683727072685 
1.636109597013 
1.603668814689 
1.603390463659 
1.599207661933 
1.596602112691 
1.560744041694 
1.564243813273 
1.557167224680 
1.535503184004 
1.528490099939 
1.484174352990 
1.607720753888 
1.678021547620 
1.634985554940 
1.677035125266 
1.637541163380 
1.648509564743 
1.547649601320 
1.525347935049 
1.531266958720 
1.566555706401 
1.529917271528 
1.533725493859 
1.524513240112 
1.445021919336 
1.525909666862 
1.520372443438 
1.510752106964 
1.522045176660 
1.503545098041 
1.504830736403 
1.517117411928 
1.511417320402 
1.531670601888 
1.499744017285 
1.485314425050 
1.496335672806 
1.533898894314 
1.544423322308 
1.556323108151 
1.537563365041 
1.635556251834 
1.665138649984 
1.672358437649 
1.636573537009 
1.634332356031 
1.669262077218 
1.703448934276 
1.705762187058 
1.682103877176 
1.741886820981 
1.722104432601 
1.659629231593 
1.541822306587 
1.557157003520 
1.553979750012 
1.585038265315 
1.575733604787 
1.569303085154 
1.487478400423 
1.496462778831 
1.517539939233 
1.539208580682 
1.540477632842 
1.552750764312 
1.546242830241 
1.537631927283 
1.532852777788 
1.754319850638 
1.663769999398 
1.665570373692 
1.679824099248 
1.645052109330 
1.712231124706 
1.665568621377 
1.674805269599 
1.701578920792 
1.622955714058 
1.561128931509 
1.558425015948 
1.584472148134 
1.570143234694 
1.589981363487 
1.658069214674 
1.723482695069 
1.650315543504 
1.664441096538 
1.621743183626 
1.602462607507 
1.615481874245 
1.652025122334 
1.663219286171 
1.694685153114 
1.675126040594 
1.695716226142 
1.649345676570 
1.638907033641 
1.644221160700 
1.636636206442 
1.642191505561 
1.605592736722 
1.559350771640 
1.538400481139 
1.471193263186 
1.508967383522 
1.374902774025 
1.376026887761 
1.322142535853 
1.341316356119 
1.381955366700 
1.322609514481 
1.376935887366 
1.411428425181 
1.386493248083 
1.432053127261 
1.453642217097 
1.400422069758 
1.402268067876 
1.416607123103 
1.391016517042 
1.329264632550 
1.338047494381 
1.339737386540 
1.341880650438 
1.343422654717 
1.331005930022 
1.337664001478 
1.370154413948 
1.336384143135 
1.343540047708 
1.401554960455 
1.394401165229 
1.395523909055 
1.381891586548 
1.347591349275 
1.398264841291 
1.398421559516 
1.385906371484 
1.394524430961 
1.393335714033 
1.399284272399 
1.399284272399 
1.406513163029 
1.411966387988 
1.405053916304 
1.394872320835 
1.447229405618 
1.377968762263 
1.407268722627 
1.402489997139 
1.445019521705 
1.418180202047 
1.416785310028 
1.391550752816 
1.383777232688 
1.363111733798 
1.372577620745 
1.368136752617 
1.365292434457 
1.376859550595 
1.373525276882 
1.402497497772 
1.402800339737 
1.429398160824 
1.444284689980 
1.434969251620 
1.468636477092 
1.438981469535 
1.438960231319 
1.437088682471 
1.416375562375 
1.430980165424 
1.451229754872 
1.420799980173 
1.436824922123 
1.490540608400 
1.498188655870 
1.486270963236 
1.444790192150 
1.491770405639 
1.529033617743 
1.550063441565 
1.540393768559 
1.524891300224 
1.458039683206 
1.459545126735 
1.459545126735 
1.478631865055 
1.521467542119 
1.505662660942 
1.522411971505 
1.507931236515 
1.515525841215 
1.531200988924 
1.465407945346 
1.525572811639 
1.614030593352 
1.600050734354 
1.619534042360 
1.483220942388 
1.480550841616 
1.459965736012 
1.459321664452 
1.531847168160 
1.512396543971 
1.533283876038 
1.569393158059 
1.569019549823 
1.555226985744 
1.558253788972 
1.558953646409 
1.535332132382 
1.496279302367 
1.556536848587 
1.650997875984 
1.680257546065 
1.667878666791 
1.686861914874 
1.654498564703 
1.666687520538 
1.648093679974 
1.675239210804 
1.606745247746 
1.564690402047 
1.564690402047 
1.486547174775 
1.469074285695 
1.492130340342 
1.499851293189 
1.520547626423 
1.515693298958 
1.529991524720 
1.483221492821 
1.478582529703 
1.493770305368 
1.522665540099 
1.527482085029 
1.539699460308 
1.569351482507 
1.560501461121 
1.595268587028 
1.593129516265 
1.579080042033 
1.562481794262 
1.566133995047 
1.572213187919 
1.550805997596 
1.575982712567 
1.559470767149 
1.633975945152 
1.633297155591 
1.632847457731 
1.631073866596 
1.575465211623 
1.520151278457 
1.511284471721 
1.509158221442 
1.489440802980 
1.488775945782 
1.493020852162 
1.517042828112 
1.513077364703 
1.496490026432 
1.484019751897 
1.497923079603 
1.508340434892 
1.517396993711 
1.512428461977 
1.507061679270 
1.511156332186 
1.500430642818 
1.505636801339 
1.497879224056 
1.496281589437 
1.477116636473 
1.510904150944 
1.523987426691 
1.575988509609 
1.581073989526 
1.586503997702 
1.567602939349 
1.603988509080 
1.487458838003 
1.537523617768 
1.538919978043 
1.504315277079 
1.500946129815 
1.500096321185 
1.443053824229 
1.444459921981 
1.446529451045 
1.446529451045 
1.444941223787 
1.560674391552 
1.560445589486 
1.558382987887 
1.571134907535 
1.555359199601 
1.526295574232 
1.547486426499 
1.603130516033 
1.633572626002 
1.635538951739 
1.647662809665 
1.638570003368 
1.698671491541 
1.651375170764 
1.638106133579 
1.650980347712 
1.598132690130 
1.572912591463 
1.550536880966 
1.547098947871 
1.617272026943 
1.582906205750 
1.489105104008 
1.527152780566 
1.534998418078 
1.648625924849 
1.570857686599 
1.587518640438 
1.489061116306 
1.500657392092 
1.497168098733 
1.515124056303 
1.512091910259 
1.513748375412 
1.513829435261 
1.531967786399 
1.534087793279 
1.507722762158 
1.490811774409 
1.488399877337 
1.478202382086 
1.451505766857 
1.468782037139 
1.452042513498 
1.446389686037 
1.451628288933 
1.517244604318 
1.545966769961 
1.555985092775 
1.533109674982 
1.551065068283 
1.581099279812 
1.590150596658 
1.594931391943 
1.545361860952 
1.555013864075 
1.570276762042 
1.553911562753 
1.554409005001 
1.573740759085 
1.559786522029 
1.570917431839 
1.564094872107 
1.552796566595 
1.547089353134 
1.538927654376 
1.512463071614 
1.492815031519 
1.445873773383 
1.424283518806 
1.435740006737 
1.398054168020 
1.397296179128 
1.421540639040 
1.376084262408 
1.416849438194 
1.276102518350 
1.298098823220 
1.285968651378 
1.296184524538 
1.339501579511 
1.303382298905 
1.203357912145 
1.234953504447 
1.289364079864 
1.278458336162 
1.305520321448 
1.307258750200 
1.340837099827 
1.283093176356 
1.268100892835 
1.290941396913 
1.246652953351 
1.263033495967 
1.714533933513 
1.720852359235 
1.663762348610 
1.692376625534 
1.673198545743 
1.672915394729 
1.664182647870 
1.664182647870 
1.641739735332 
1.671695398325 
1.648812624610 
1.659511280101 
1.650738644113 
1.591825244067 
1.555004870729 
1.634708773660 
1.620767244087 
1.611888283885 
1.622808866469 
1.595326325630 
1.595320495456 
1.543209874283 
1.583654715186 
1.620775280410 
1.750553385259 
1.703213084314 
1.660160665983 
1.625220703310 
1.654791055409 
1.628861952455 
1.637356020172 
1.645040429568 
1.645040429568 
1.640830343509 
1.612862180528 
1.633768846661 
1.633812267200 
1.631383587300 
1.679585739797 
1.657214648377 
1.635091073441 
1.632645643598 
1.649339830895 
1.605312615812 
1.615270548530 
1.582801962731 
1.585886150627 
1.581930144174 
1.591157374072 
1.591157374072 
1.605142319765 
1.588070266219 
1.617459379046 
1.615319537377 
1.692546865510 
1.645118553285 
1.613498277328 
1.555349986946 
1.561646430551 
1.535954884393 
1.513269441937 
1.546653324199 
1.524833289441 
1.519490367749 
1.450224119168 
1.530145173214 
1.611314237432 
1.611143161432 
1.592940952471 
1.595986828810 
1.595986828810 
1.606264397508 
1.683085426720 
1.706030929357 
1.677208101020 
1.800546898249 
1.727991919665 
1.669862076768 
1.666259613038 
1.660860304282 
1.632639861800 
1.644760569648 
1.603435006930 
1.586959419296 
1.612845287187 
1.602340499279 
1.586171146898 
1.601504102046 
1.586830932882 
1.623026722982 
1.617270039902 
1.578757152692 
1.664193274226 
1.683761648220 
1.400000289908 
1.409907910958 
1.386517254293 
1.392752151571 
1.400412324862 
1.377504032675 
1.366646978890 
1.360941871464 
1.359265655984 
1.440502684342 
1.415637699805 
1.427064269521 
1.439670108562 
1.429750811640 
1.423081194923 
1.430421518074 
1.457251061114 
1.445750076457 
1.443255872818 
1.432334435592 
1.433560409584 
1.459588508588 
1.441212149228 
1.425092926587 
1.380708789862 
1.432785379472 
1.376253569830 
1.375685404803 
1.352853398868 
1.397280262584 
1.408673702019 
1.371104448298 
1.400183657172 
1.385730352862 
1.423518016383 
1.425018667744 
1.416821173871 
1.395013423329 
1.404017084502 
1.409348956152 
1.454165085780 
1.471110272775 
1.521836169483 
1.443127677572 
1.433779193443 
1.364075892127 
1.358096910329 
1.365272040864 
1.375632593527 
1.380842663185 
1.334494619703 
1.279471580831 
1.369285997302 
1.305704885471 
1.321023672043 
1.340689188531 
1.316047056416 
1.355941383026 
1.373911579600 
1.418999435660 
1.409164113164 
1.416008953728 
1.431894916548 
1.390644310158 
1.444850139289 
1.532437761164 
1.582033128733 
1.632470848797 
1.626741918324 
1.616526499075 
1.613456123479 
1.607844315922 
1.582326715906 
1.574064696847 
1.563607323488 
1.575583796456 
1.575583796456 
1.575156195500 
1.539079766504 
1.548027902542 
1.601712212135 
1.601025931113 
1.601025931113 
1.584283102533 
1.597851823174 
1.581878508247 
1.640256037430 
1.635583424433 
1.659969723724 
1.653940664091 
1.695102406859 
1.655346640983 
1.660817565483 
1.657967959085 
1.544087906353 
1.503891347083 
1.523942532589 
1.526420422063 
1.518010576121 
1.522447568728 
1.557320386065 
1.517609494201 
1.492574086943 
1.479809293668 
1.531903139611 
1.560083094025 
1.532788408818 
1.492445707559 
1.484150195706 
1.515124655411 
1.561512738842 
1.539425832727 
1.543745096196 
1.556742453561 
1.619204775882 
1.616191213047 
1.589877919906 
1.533513485382 
1.588766250051 
1.639208375977 
1.665444018521 
1.713346478027 
1.695406300403 
1.647559878976 
1.624553315355 
1.599270362202 
1.602399488935 
1.584854748051 
1.607126388099 
1.573792849970 
1.577933092762 
1.565743647327 
1.548778545936 
1.621094242682 
1.606111225470 
1.523399675970 
1.504678111992 
1.534168960089 
1.521255691009 
1.477901153823 
1.482440418661 
1.398370674865 
1.433030723326 
1.435026458620 
1.378386253589 
1.345857007552 
1.353137199713 
1.352943156620 
1.432554462086 
1.425194909878 
1.455956042219 
1.447166782621 
1.372949162588 
1.358172511150 
1.403780557031 
1.432133149387 
1.351518952946 
1.372011030223 
1.438490404102 
1.391531980453 
1.429136477659 
1.424113279401 
1.428156071425 
1.421279150434 
1.406748866572 
1.473890882598 
1.475918965105 
1.472596934864 
1.467172437815 
1.489909448352 
1.547007484433 
1.547007484433 
1.552322200269 
1.570311112694 
1.560391746257 
1.562574685226 
1.560042711723 
1.542901195720 
1.559022853845 
1.587784257636 
1.683000334517 
1.686588372168 
1.661467681861 
1.661775824000 
1.665424695805 
1.644041204836 
1.689526578386 
1.663141969256 
1.515889335364 
1.515979037893 
1.543781534786 
1.547517198016 
1.532873673189 
1.524031434842 
1.500633307493 
1.524071484674 
1.523668170425 
1.477924543412 
1.527562936493 
1.521795903241 
1.519779141293 
1.541166412219 
1.541020920561 
1.539686755489 
1.539686755489 
1.539686755489 
1.540488727437 
1.529495335150 
1.596705701514 
1.596705701514 
1.558558325515 
1.591216386956 
1.591526301773 
1.575545989720 
1.579942630290 
1.587651933333 
1.595183834933 
1.601666335464 
1.600895141976 
1.613790863895 
1.598551114547 
1.556851441158 
1.562504373298 
1.581636935579 
1.614640851678 
1.601377651632 
1.599520918097 
1.590658042351 
1.549709996000 
1.577449510439 
1.572954007854 
1.571301554832 
1.513713195161 
1.514572756824 
1.537766929304 
1.492930450566 
1.471983034649 
1.443660074159 
1.439569430253 
1.534276980437 
1.557858269521 
1.535361931744 
1.530117636065 
1.508712814628 
1.550965268155 
1.592026189338 
1.594376190357 
1.589095591468 
1.623440691879 
1.565560877464 
1.649803117879 
1.569894597388 
1.485577914929 
1.374828932737 
1.421431506596 
1.422791165278 
1.446746967896 
1.450578204343 
1.416091088811 
1.433336725612 
1.455003129849 
1.458536709977 
1.477195730812 
1.435519938018 
1.486635011044 
1.458700702113 
1.483370659463 
1.479070758110 
1.454640329942 
1.458566663562 
1.475566707337 
1.475176880080 
1.461166294372 
1.480346339297 
1.413435714265 
1.392684992478 
1.451035046659 
1.503368680157 
1.479546455086 
1.497347069247 
1.470638457778 
1.520289646312 
1.705292129055 
1.624092969760 
1.595496842875 
1.663621999705 
1.619650283677 
1.622216641487 
1.629806155249 
1.618559601250 
1.589640420804 
1.587619737417 
1.592681817930 
1.660500015905 
1.748412252088 
1.710617588493 
1.673794653604 
1.701132622467 
1.697635854658 
1.669565249864 
1.644117248730 
1.691139184719 
1.716167438992 
1.727108126476 
1.636679615268 
1.626009402037 
1.613437311339 
1.607930703182 
1.605911822950 
1.613176942873 
1.613176942873 
1.616190923270 
1.596275623210 
1.610070814262 
1.659679521760 
1.659679521760 
1.658055210198 
1.606994225501 
1.595893822375 
1.625302545763 
1.623762553478 
1.631259440502 
1.623857396979 
1.646714418697 
1.689839962821 
1.652716365591 
1.671916512080 
1.662374933225 
1.647777030888 
1.608278723054 
1.610693585154 
1.542890902971 
1.552049834176 
1.557652744785 
1.546104004930 
1.554419360353 
1.554307363767 
1.567833869559 
1.587544222470 
1.581877628738 
1.586912837631 
1.588604186274 
1.606721474148 
1.619252809176 
1.642699415607 
1.661648677232 
1.660562727007 
1.685321973733 
1.671966013937 
1.551895718040 
1.545418128948 
1.538897483967 
1.534526592296 
1.553061770789 
1.509843640750 
1.506389935463 
1.542369706141 
1.543994325140 
1.539655230381 
1.527326400547 
1.495351196802 
1.494878757687 
1.446680917310 
1.449131929008 
1.396727287272 
1.451566140052 
1.414202827619 
1.423053558183 
1.438745242621 
1.435492680949 
1.495642718510 
1.495492863924 
1.504264423916 
1.414994538552 
1.443584139126 
1.384149528109 
1.456079540184 
1.445769818073 
1.386028678163 
1.435296494965 
1.451915051079 
1.505118770040 
1.531585886618 
1.546014861603 
1.565727962935 
1.569814160858 
1.516165898493 
1.511921884218 
1.512671512357 
1.533353135121 
1.654821657963 
1.590080740739 
1.602925456182 
1.605037508947 
1.591390306343 
1.598571630833 
1.591082676629 
1.676004987242 
1.609596327433 
1.614916109299 
1.619357333544 
1.620265992219 
1.597215951162 
1.611107626526 
1.623869563190 
1.605641346098 
1.577184989400 
1.582803877985 
1.630977454150 
1.637870299571 
1.648549833949 
1.651171343964 
1.668623776351 
1.704330271125 
1.700382344291 
1.746393244288 
1.645919240244 
1.618598003067 
1.643700874232 
1.639453608137 
1.631926018380 
1.635079240472 
1.616558494752 
1.647330297891 
1.645839690361 
1.654115601418 
1.669414151819 
1.641348692764 
1.699924794587 
1.680381999837 
1.674519184953 
1.674519184953 
1.630059384475 
1.656173326812 
1.656173326812 
1.665522579706 
1.712966668960 
1.726691975529 
1.697734022679 
1.758658642590 
1.770298661512 
1.763542468687 
1.763542468687 
1.720771807365 
1.795591848598 
1.795591848598 
1.785652934751 
1.875956466189 
1.837883228582 
1.847836466625 
1.885826634693 
1.838409422428 
1.803564731984 
1.760431383033 
1.724750535502 
1.739926664350 
1.793706989895 
1.760040797855 
1.782459548949 
1.677487159114 
1.686023243041 
1.701602020440 
1.679377883086 
1.666610446927 
1.712278779813 
1.682588470489 
1.667894796072 
1.667894796072 
1.675664630588 
1.729188824175 
1.743753384151 
1.718597185210 
1.763959431933 
1.739329776344 
1.714767159080 
1.702146133263 
1.813579707143 
1.770781111046 
1.757904147116 
1.755928346227 
1.782499869361 
1.740113723893 
1.782455472495 
1.748829862784 
1.674828931875 
1.679994398000 
1.647122719647 
1.597109062982 
1.618767199750 
1.607081561609 
1.608591750635 
1.646054577796 
1.645179610911 
1.690805757021 
1.622797421939 
1.596327300806 
1.554195113049 
1.553506011296 
1.580877614294 
1.570735967989 
1.593185090553 
1.643144510727 
1.602167094405 
1.583030096509 
1.574899518464 
1.527849551381 
1.564562735023 
1.576158281606 
1.617772347774 
1.601315414899 
1.628440745103 
1.563394066547 
1.563260277186 
1.545713690470 
1.529638166746 
1.577641005500 
1.600557601015 
1.671489934831 
1.673826103737 
1.701176025133 
1.717970373402 
1.696828364661 
1.691503088987 
1.735418655069 
1.749633837114 
1.728166283247 
1.735477248697 
1.749895548816 
1.716802260994 
1.658039590718 
1.648230170152 
1.626113971768 
1.640218516708 
1.460358260495 
1.438320746958 
1.441726879954 
1.390171439817 
1.384145242149 
1.381360215328 
1.422429549977 
1.387162778015 
1.402248609832 
1.402248609832 
1.399054086430 
1.396270202074 
1.419228400952 
1.363469956481 
1.367908723418 
1.402625738638 
1.399097826544 
1.498190864927 
1.509047217807 
1.499182709402 
1.497069346451 
1.497262620279 
1.523772812600 
1.612003686845 
1.627636873494 
1.627816908477 
1.660208208278 
1.776161949718 
1.670256474051 
1.647915005023 
1.566043630014 
1.417661612516 
1.417661612516 
1.428532207865 
1.406603462271 
1.387650851326 
1.336790844610 
1.329136578440 
1.310519464149 
1.397522793087 
1.394866242335 
1.358599742982 
1.366829810938 
1.370680257898 
1.370680257898 
1.394673494543 
1.374632739248 
1.387253010669 
1.410743217059 
1.404622778402 
1.385665792600 
1.381008271755 
1.419871302873 
1.414206427375 
1.426005238596 
1.462411586203 
1.462411586203 
1.442887014737 
1.491747431580 
1.494030537537 
1.490202562997 
1.471385714474 
1.480625340310 
1.476789658613 
1.450381163447 
1.436489278120 
1.427246600011 
1.431682059565 
1.457808169234 
1.463715282796 
1.440088048157 
1.436999375388 
1.459260487395 
1.460013540228 
1.442182600923 
1.449896471037 
1.458518494093 
1.430213018649 
1.448660049732 
1.413196289992 
1.408592593918 
1.374235660145 
1.367733331077 
1.369401586203 
1.380804358566 
1.402721905449 
1.381191159594 
1.375924693746 
1.381327877074 
1.382589523317 
1.323764868363 
1.355329673700 
1.372265599320 
1.343363417221 
1.352585620187 
1.392512646533 
1.397154910770 
1.388435050646 
1.390302393004 
1.355576303392 
1.423707583074 
1.420390996571 
1.419681600535 
1.416554181121 
1.405113188760 
1.432588740308 
1.451469386117 
1.400255801191 
1.367327273010 
1.366637472518 
1.395621014515 
1.395556841978 
1.429560659494 
1.430608155565 
1.414321810587 
1.419581542118 
1.437292330096 
1.394834603373 
1.412147840497 
1.469711416822 
1.445234845111 
1.447075810026 
1.447775959692 
1.380246946333 
1.380529442764 
1.567007374396 
1.577267435479 
1.595998719594 
1.548257274906 
1.535733705039 
1.519344073713 
1.551500874519 
1.588395732959 
1.546716802405 
1.534509528409 
1.530774300978 
1.503314096129 
1.477367807433 
1.489213606880 
1.466320074104 
1.467938522125 
1.489975958561 
1.463500711239 
1.481245285607 
1.559131476606 
1.581318664401 
1.584215395123 
1.582832600012 
1.568465551465 
1.500793571076 
1.478012379122 
1.470788122728 
1.454549120701 
1.451424597216 
1.470938436952 
1.451439319616 
1.448109787056 
1.435101867806 
1.389263448099 
1.404055717654 
1.398808397008 
1.485864250958 
1.452056829527 
1.440330145961 
1.391652935602 
1.412977861123 
1.411167520491 
1.388488923023 
1.360759185497 
1.375259979650 
1.361831364772 
1.357774190304 
1.359589433181 
1.350735603096 
1.373772196970 
1.375588995921 
1.307983197404 
1.292385325279 
1.364423973294 
1.417413509828 
1.423433373216 
1.459354525974 
1.479158231305 
1.461121382535 
1.402627589902 
1.408596178516 
1.429335072886 
1.404482637695 
1.420167643297 
1.414626578682 
1.379418144657 
1.313078617608 
1.336806739038 
1.329745511912 
1.339486038141 
1.364037715662 
1.360584114949 
1.315569506924 
1.303662359894 
1.280200368960 
1.378137544465 
1.408335293868 
1.398918019025 
1.398918019025 
1.398918019025 
1.383170737420 
1.384016227597 
1.386990479331 
1.422809618688 
1.420345271520 
1.448395518212 
1.457200192006 
1.434845590950 
1.435823144948 
1.425544896448 
1.428129040928 
1.457266047894 
1.502850597066 
1.470893042450 
1.509012238204 
1.599473844073 
1.608837938704 
1.533699773808 
1.509095900309 
1.508348431512 
1.553573519449 
1.513764243078 
1.518005586881 
1.492829176518 
1.492435906876 
1.482825832027 
1.466311367673 
1.466845021633 
1.526542191747 
1.514525111862 
1.503809388769 
1.515598661437 
1.537025660153 
1.534433768133 
1.604794060317 
1.643936333571 
1.648102777644 
1.650903258309 
1.671667537555 
1.641028661651 
1.603414820524 
1.572288079597 
1.545675052830 
1.544124802909 
1.580509683340 
1.544129896288 
1.570141303998 
1.530248144488 
1.743889551335 
1.760347251838 
1.768750631877 
1.729639672232 
1.737896075181 
1.737843685121 
1.708699150784 
1.665344101563 
1.659104752027 
1.720918488012 
1.697352559371 
1.671843570437 
1.629741448537 
1.643855408941 
1.643855408941 
1.631079655220 
1.595739924664 
1.583160158216 
1.620418019245 
1.651012552984 
1.626801798012 
1.646157874635 
1.628397350033 
1.624083697521 
1.688111814577 
1.722392845884 
1.676612391457 
1.683280030364 
1.639423403168 
1.627645692117 
1.581815467934 
1.519350534507 
1.544154483138 
1.518346930637 
1.518346930637 
1.518325844918 
1.572014100579 
1.551868655510 
1.548547223701 
1.589592127312 
1.597885781561 
1.658958899303 
1.638278316504 
1.636904106040 
1.658186554810 
1.656609200285 
1.682184447087 
1.689063289814 
1.640041467379 
1.634977291398 
1.723844275320 
1.624144082128 
1.651358496146 
1.616145134480 
1.635953272968 
1.665777774631 
1.716515146055 
1.666746458070 
1.664789046610 
1.633769581055 
1.546879900399 
1.541393902146 
1.546660175004 
1.520084035149 
1.535057496041 
1.567048641493 
1.460949167244 
1.452172470194 
1.509505589929 
1.545059146947 
1.574770094921 
1.570085569340 
1.571286197411 
1.575822253248 
1.575822253248 
1.549847302539 
1.501310107635 
1.486725520788 
1.453074489476 
1.458010879269 
1.441446420156 
1.438091804531 
1.390076479521 
1.475654486528 
1.421569344854 
1.418142230893 
1.432989433029 
1.465985436789 
1.462468888090 
1.452586928383 
1.454195453150 
1.470953736750 
1.512283924588 
1.481637590770 
1.479792314170 
1.445451033541 
1.424602991989 
1.425138995435 
1.459976236790 
1.451165563196 
1.415361531243 
1.419991341876 
1.387992226789 
1.397271616181 
1.414092347749 
1.427654308733 
1.414502449424 
1.467402508607 
1.477265240396 
1.466974655472 
1.453527258926 
1.462379285655 
1.462708047002 
1.459423476519 
1.459360176651 
1.472396872956 
1.427746001321 
1.516261362727 
1.446015908754 
1.455708965615 
1.373731243077 
1.417842535256 
1.418323772990 
1.421895088651 
1.420740897871 
1.446809748220 
1.466544214886 
1.436745684790 
1.445794861986 
1.425029587024 
1.524031027414 
1.487581693603 
1.461218527108 
1.484841865270 
1.470893534924 
1.468914469459 
1.463043812970 
1.458810378668 
1.427631462148 
1.433151723967 
1.433151723967 
1.436205913439 
1.442442352554 
1.446503410269 
1.419105406342 
1.460791353982 
1.481261544710 
1.480081622502 
1.470097796202 
1.533160656637 
1.532390810299 
1.521477962041 
1.522339520231 
1.581563896696 
1.454886850007 
1.491354762136 
1.522700485585 
1.511016558320 
1.520819871646 
1.508937507105 
1.518822392858 
1.532224436379 
1.569358150302 
1.621224150722 
1.615986601455 
1.652806082146 
1.654762914847 
1.608371842883 
1.617339681162 
1.505739377012 
1.512097646497 
1.500588384650 
1.492609969013 
1.473571666534 
1.448736450746 
1.449987287899 
1.430466402828 
1.405613522785 
1.410049956723 
1.405342724311 
1.421296764979 
1.410670027725 
1.391663236905 
1.385965589828 
1.460614370701 
1.458146460658 
1.428339497905 
1.390450654708 
1.355296803380 
1.384690312360 
1.360401938684 
1.357212451283 
1.357212451283 
1.361877049898 
1.360534001173 
1.358419466118 
1.430633845619 
1.438230424511 
1.464263120500 
1.482945669104 
1.441392825901 
1.433977969301 
1.452825128123 
1.434785536446 
1.415483553042 
1.444992879307 
1.437474037109 
1.531675197167 
1.543443825694 
1.467890491189 
1.478343147366 
1.503620757417 
1.522512471026 
1.474993949210 
1.497509622738 
1.508383565193 
1.485423419546 
1.466793446864 
1.513871456368 
1.523787991933 
1.400723496715 
1.410290830233 
1.399239863747 
1.452388547121 
1.458671522997 
1.465219887319 
1.447145779913 
1.467577515437 
1.491032633340 
1.495458895729 
1.493748495164 
1.480264366528 
1.492298756384 
1.496700241175 
1.513257021651 
1.508119614309 
1.547310949696 
1.539013515232 
1.513711580008 
1.525139172490 
1.558081179237 
1.484508756562 
1.489290365207 
1.506327146222 
1.464257604499 
1.461437759154 
1.449550226167 
1.388736447930 
1.529235337178 
1.525739223178 
1.556292955418 
1.631154787785 
1.648477365908 
1.646226033489 
1.524934365092 
1.518622875701 
1.514865722905 
1.523591593282 
1.526527129844 
1.636141530011 
1.611004915681 
1.618231859748 
1.617382399385 
1.570390306584 
1.579183472998 
1.564421776997 
1.560888855304 
1.559283376432 
1.592841652156 
1.592841652156 
1.592841652156 
1.577804132834 
1.577804132834 
1.578013533047 
1.591163337227 
1.591163337227 
1.596974791922 
1.608523368695 
1.604912669287 
1.591430271468 
1.629549997778 
1.509081636169 
1.513751393868 
1.525427778821 
1.520444544721 
1.516508306636 
1.507066475523 
1.543967823854 
1.521757390746 
1.478965628800 
1.630401098400 
1.582618768396 
1.574680407856 
1.547709292559 
1.516687192084 
1.519029500529 
1.534402220468 
1.560932017701 
1.571423889627 
1.565260673338 
1.587299922264 
1.632432458267 
1.637234444369 
1.610680244580 
1.606998899029 
1.583082075564 
1.593973347220 
1.608971512239 
1.608940313733 
1.634442178786 
1.561991760662 
1.521447075542 
1.491081910144 
1.521521230934 
1.580398373157 
1.614219000220 
1.672414546387 
1.594504597009 
1.594195266415 
1.580091293296 
1.524658066131 
1.532313617335 
1.551072586971 
1.529652313524 
1.530947559893 
1.589395669568 
1.612855134324 
1.592220595960 
1.586805027737 
1.539859446853 
1.550362206055 
1.530127044138 
1.501226408598 
1.504491207505 
1.571503804005 
1.545436937088 
1.499447270571 
1.491144896511 
1.494412166756 
1.517648027676 
1.517648027676 
1.539306150958 
1.568176649669 
1.567311180457 
1.577998211970 
1.566179078763 
1.524295987183 
1.522220726884 
1.553206673270 
1.518438410817 
1.505159147441 
1.459671558794 
1.378978062304 
1.348574181989 
1.372726397560 
1.415861001501 
1.399812726499 
1.332365962032 
1.318391502764 
1.301974036934 
1.323531287273 
1.323531287273 
1.270673804781 
1.302045371268 
1.333788142262 
1.307482646095 
1.318298579586 
1.319808253291 
1.326572415382 
1.337858924808 
1.320240731189 
1.346372909860 
1.346357386738 
1.354178253024 
1.342320194742 
1.357280111848 
1.404032328973 
1.383382889278 
1.377923604242 
1.378661485592 
1.395811521710 
1.398900155992 
1.423006868544 
1.406260858972 
1.405039329147 
1.406150517051 
1.374271965031 
1.402527452156 
1.382199615334 
1.427081055978 
1.328592800932 
1.341563378727 
1.319974445953 
1.313848732355 
1.323812510846 
1.339632458677 
1.331233319718 
1.356828021042 
1.365088203461 
1.381643269014 
1.405860877177 
1.403171599881 
1.387330240241 
1.386454266273 
1.371283569418 
1.349541855985 
1.339978890071 
1.343763246184 
1.338467077544 
1.345854967355 
1.339465980900 
1.336552868964 
1.375864150521 
1.367771580639 
1.334667713949 
1.337101353168 
1.338172764316 
1.337057744196 
1.361017593213 
1.346081864172 
1.346081864172 
1.346081864172 
1.346081864172 
1.377810961695 
1.371683350138 
1.371092554725 
1.378678530582 
1.419291937847 
1.446513552062 
1.455709811804 
1.441212826936 
1.437307747870 
1.445346190983 
1.479128705063 
1.487290135500 
1.487929851127 
1.637073578347 
1.586659487988 
1.624089244920 
1.619000960179 
1.670825145421 
1.623260846765 
1.660410138746 
1.515251193210 
1.508266815908 
1.483270958328 
1.504816830436 
1.560389811669 
1.577345381861 
1.569818580727 
1.549280213810 
1.555789540423 
1.564818635309 
1.585195803212 
1.624888020258 
1.629155516317 
1.606219559641 
1.623529626466 
1.639099384077 
1.649504711415 
1.619471294201 
1.597605470184 
1.596951324378 
1.589894755317 
1.567572729276 
1.570370159831 
1.601304935743 
1.585995189995 
1.605170767587 
1.662628143478 
1.594323142006 
1.600075527294 
1.587900685922 
1.602630299981 
1.601914351891 
1.560404059548 
1.548019743097 
1.548464919850 
1.551947423667 
1.538238060251 
1.538238060251 
1.550189891165 
1.516929617286 
1.466050524180 
1.466050524180 
1.466050524180 
1.483125394650 
1.483125394650 
1.483125394650 
1.450101311803 
1.431039946192 
1.412294684858 
1.428898183083 
1.432635675894 
1.405094106990 
1.417347858651 
1.409014771738 
1.363842443598 
1.392698885299 
1.335536878873 
1.337739938641 
1.396828777552 
1.447947677006 
1.520106087171 
1.514582040070 
1.528989573570 
1.516768014347 
1.499082688915 
1.522663609674 
1.528354506247 
1.520882560067 
1.519931844577 
1.500408832787 
1.503348293139 
1.477640974490 
1.472169229070 
1.501900692585 
1.521774201866 
1.493316653876 
1.550576177119 
1.561661069030 
1.561661069030 
1.554829912396 
1.530641409412 
1.527241201112 
1.518785228997 
1.518665900953 
1.516359089516 
1.545880260145 
1.555384761736 
1.395958976350 
1.402957949834 
1.415340069845 
1.429500322895 
1.380408703304 
1.362081653576 
1.404633294547 
1.412147292145 
1.466715223857 
1.486933573441 
1.442043216077 
1.421948730010 
1.404550335673 
1.413927630464 
1.394754652854 
1.385771178259 
1.419382090013 
1.364515113948 
1.322398068489 
1.320492691195 
1.329359177465 
1.315821222609 
1.365199381556 
1.378639898961 
1.366479902470 
1.372130605162 
1.463676104866 
1.432416113522 
1.402964182587 
1.436290910394 
1.447682612674 
1.500816211507 
1.456320481041 
1.425199563482 
1.516553100881 
1.564413892154 
1.540010843261 
1.612357958031 
1.637122546430 
1.605775365482 
1.603115781864 
1.573728512826 
1.573362471942 
1.589953311731 
1.558983202425 
1.559178884200 
1.584510446517 
1.572190084231 
1.585140666271 
1.571868651579 
1.591055818926 
1.582095148246 
1.583054771423 
1.586005924755 
1.550077648390 
1.544947193321 
1.547954352793 
1.614949149448 
1.711814409153 
1.733368242526 
1.655780311706 
1.646338818750 
1.600641253171 
1.600819405909 
1.579807368692 
1.582713486741 
1.591053615961 
1.575511118920 
1.520836498769 
1.521298477254 
1.554310308341 
1.585462172223 
1.582089647396 
1.569431724819 
1.551081821992 
1.588817495043 
1.585831920625 
1.585315961761 
1.576467720316 
1.562726602174 
1.563839614659 
1.628417007255 
1.636192482518 
1.601776522148 
1.620087436884 
1.602253308876 
1.604846995696 
1.567030645586 
1.542605381251 
1.494096956965 
1.510266850813 
1.531684196484 
1.531684196484 
1.531684196484 
1.613071187137 
1.633285751471 
1.650110764857 
1.616210734783 
1.638504567792 
1.599002466858 
1.635190292988 
1.581019237490 
1.511382051018 
1.541617320687 
1.538462796931 
1.542145998357 
1.520692489480 
1.524569734687 
1.477903440426 
1.499501760818 
1.518965149701 
1.525445121926 
1.526130493991 
1.502630329167 
1.522310221183 
1.537703483547 
1.539293314542 
1.515187145367 
1.522049718727 
1.531860597111 
1.540167916663 
1.543929824245 
1.553949848554 
1.542034586974 
1.513936700475 
1.526956351181 
1.510262856866 
1.515547224910 
1.515547224910 
1.500349320568 
1.499458149260 
1.551794432810 
1.552438127579 
1.549364874533 
1.550030840835 
1.503739669297 
1.511786818624 
1.508837646491 
1.573488122543 
1.576673618939 
1.571317300103 
1.584174187477 
1.603641611097 
1.501237305731 
1.469866394122 
1.405071727380 
1.387623678763 
1.370900387071 
1.453288990441 
1.472320420660 
1.471949428150 
1.486233771967 
1.508622398956 
1.483844086034 
1.487538856079 
1.470660430319 
1.492674886371 
1.466366506912 
1.442927907168 
1.454702181544 
1.442404918866 
1.447026867269 
1.434098124571 
1.388600727166 
1.388410693028 
1.370935830237 
1.346020863981 
1.390456228752 
1.471288184457 
1.463403189989 
1.463762683085 
1.461621159180 
1.470863160167 
1.499160050083 
1.477609082122 
1.466575286744 
1.452186141117 
1.472321327843 
1.493833252244 
1.512724385742 
1.530757872287 
1.521547182998 
1.499598347311 
1.492087922546 
1.487475458915 
1.494981757253 
1.520906900346 
1.540604188989 
1.553925091055 
1.554246710078 
1.520842055817 
1.519990608041 
1.520293732047 
1.520293732047 
1.511454611941 
1.511454611941 
1.511454611941 
1.511454611941 
1.511454611941 
1.511454611941 
1.501280039449 
1.501280039449 
1.469652716523 
1.469652716523 
1.475671587597 
1.474359167792 
1.504175537090 
1.479466228174 
1.488881775506 
1.480933114510 
1.460297114313 
1.479680378277 
1.484150277373 
1.441041184413 
1.428516997040 
1.449876640338 
1.439296092576 
1.470332138191 
1.414406620788 
1.461177113564 
1.459168937269 
1.404918766966 
1.451855610291 
1.469512342255 
1.451401023285 
1.489971110661 
1.501250909214 
1.443129825339 
1.500623920240 
1.543487766721 
1.518185725685 
1.504535303331 
1.493223570530 
1.499312560383 
1.472117820974 
1.374400302883 
1.405755412697 
1.433105091163 
1.413613728764 
1.410440670018 
1.398708926217 
1.467653761115 
1.475727884331 
1.495291505389 
1.500290492284 
1.538645408665 
1.586724490136 
1.569773218025 
1.553318118604 
1.541535033726 
1.574414076186 
1.594720711663 
1.552598738930 
1.558271223934 
1.535477160531 
1.515412773321 
1.532907969947 
1.544807359458 
1.600988887497 
1.572890543390 
1.590530429987 
1.658453930867 
1.672601067300 
1.597316500109 
1.632265303174 
1.601998649646 
1.621034695225 
1.589133015610 
1.627536640946 
1.616293606327 
1.572038994344 
1.590166670099 
1.590166670099 
1.592839768593 
1.574698818232 
1.528940934745 
1.537742566533 
1.524214522112 
1.500797635081 
1.502444705040 
1.495616936265 
1.495112523701 
1.573474566603 
1.552591491606 
1.536398572899 
1.518268491581 
1.515508628850 
1.544742654979 
1.527845712350 
1.567327469766 
1.511815499296 
1.524787466148 
1.521047903922 
1.512856148374 
1.472730147529 
1.416166580180 
1.471066881394 
1.457561815631 
1.499677823943 
1.502248866263 
1.445591809019 
1.475546325516 
1.418590397175 
1.415821742150 
1.490007984607 
1.496132283182 
1.526215320545 
1.506365646808 
1.558814783898 
1.511881748276 
1.511190076507 
1.564604466591 
1.609886060827 
1.611809046358 
1.622944436989 
1.642896560043 
1.586159088639 
1.643575229322 
1.677842967680 
1.562415090761 
1.552827274157 
1.544698321599 
1.539106236679 
1.548260467601 
1.576008866688 
1.576998737627 
1.511551343501 
1.480576398461 
1.527661037021 
1.452031294637 
1.457658230452 
1.468346490606 
1.430677199048 
1.441248159668 
1.457439044949 
1.484511530806 
1.487791955543 
1.487941660265 
1.474084479283 
1.471041999058 
1.438319567730 
1.428585290640 
1.437727949671 
1.399977942430 
1.383177091115 
1.412697182565 
1.427004499754 
1.419397400716 
1.499470595184 
1.487033091493 
1.481408353817 
1.481673439643 
1.498540277627 
1.501093772462 
1.541964058407 
1.576476810796 
1.596207153821 
1.561882291007 
1.552637039163 
1.560429829267 
1.563236060218 
1.592437310931 
1.566884614774 
1.571985298171 
1.580672429690 
1.571731754768 
1.577121657153 
1.549371919175 
1.551443240310 
1.556395908438 
1.558557538397 
1.594023617310 
1.579112717069 
1.601093842711 
1.637719241769 
1.691862341576 
1.694143552790 
1.657371003789 
1.653630081645 
1.661622609415 
1.704617227333 
1.754806987761 
1.735847650059 
1.726986469791 
1.642049573037 
1.745288523319 
1.672150113794 
1.695555314762 
1.627914978954 
1.621290246114 
1.616843850260 
1.550282781397 
1.553568321843 
1.537383816555 
1.470710843848 
1.470710843848 
1.484754922097 
1.473725893753 
1.489794516103 
1.494235538269 
1.444238225850 
1.428768091887 
1.378143409790 
1.304956843496 
1.379757887069 
1.390639642487 
1.407808216945 
1.437702590014 
1.436278563295 
1.458281024488 
1.464980090088 
1.447871673245 
1.468818928483 
1.475868368685 
1.467656964503 
1.464401248877 
1.500738339851 
1.531201693600 
1.530113171720 
1.523394794650 
1.523724094755 
1.558601637521 
1.559402302728 
1.560303908137 
1.556442507323 
1.551021064527 
1.529069309071 
1.510509524869 
1.475130174669 
1.477571121069 
1.487160975078 
1.465181347253 
1.461871080851 
1.477179910429 
1.554138870292 
1.556277507575 
1.567994532244 
1.584573811679 
1.545657004125 
1.526434684471 
1.520429046641 
1.362169606917 
1.378359020273 
1.409516587118 
1.386916051949 
1.413758562119 
1.348926350726 
1.464560985229 
1.465352414861 
1.434150336123 
1.513205783903 
1.543571530779 
1.515424371054 
1.526252044839 
1.537135271562 
1.536399686518 
1.532138452097 
1.553475578560 
1.552315862916 
1.542744281312 
1.559063929153 
1.565564042102 
1.552714076538 
1.590886321023 
1.590886321023 
1.582994031164 
1.582994031164 
1.579240489093 
1.590365098514 
1.597509631116 
1.433096902223 
1.399068164469 
1.409732006915 
1.517206502295 
1.452513390755 
1.435106374644 
1.409904526470 
1.431930190264 
1.412491680306 
1.366111248231 
1.405267660054 
1.491861482765 
1.476970048498 
1.482168614657 
1.444747973013 
1.429459505594 
1.374963184306 
1.390226008058 
1.388136884137 
1.421634388125 
1.398130275979 
1.368638670257 
1.418757169048 
1.433709870988 
1.417385030071 
1.415369977125 
1.428967708103 
1.438096261128 
1.460412780951 
1.468993902483 
1.448847657399 
1.463073806664 
1.472957384553 
1.439399656817 
1.355003995230 
1.346548273469 
1.353076309041 
1.394392606199 
1.489878900115 
1.495232547133 
1.514039920735 
1.463903935499 
1.448798961232 
1.432145885383 
1.444890153070 
1.462017929692 
1.467326965676 
1.458155420420 
1.458155420420 
1.469237461718 
1.466772530339 
1.486696386944 
1.482569625346 
1.536515812883 
1.576212649748 
1.415498896605 
1.415958560245 
1.418229423609 
1.438722555273 
1.452600946973 
1.449762251352 
1.453889485069 
1.438564218555 
1.449237683731 
1.436089416589 
1.459332419904 
1.402769891119 
1.436033694744 
1.457548189264 
1.475864507403 
1.455269965299 
1.523366172992 
1.489115413012 
1.511876843247 
1.399179184681 
1.380912717205 
1.372512417717 
1.425873277171 
1.445991704967 
1.424824970168 
1.419536444230 
1.433877511678 
1.513367588009 
1.517704444170 
1.512307774368 
1.552486436184 
1.515418265714 
1.485527001850 
1.494730413980 
1.465431021988 
1.428013803634 
1.493741858367 
1.520931992194 
1.589450978437 
1.686198774445 
1.631328242358 
1.627958885587 
1.513770386232 
1.490037739576 
1.550463517226 
1.525465395791 
1.590029861036 
1.561873620054 
1.583011108615 
1.590810525489 
1.590109696701 
1.659620533022 
1.655594094176 
1.723472095252 
1.730273541936 
1.689799567427 
1.702953321829 
1.676186471175 
1.706051908000 
1.749629553178 
1.719027497423 
1.643394054286 
1.663833868710 
1.646063939000 
1.645038576232 
1.675480571930 
1.696695652901 
1.770269270927 
1.684193894073 
1.715549520354 
1.710013490386 
1.702619929521 
1.666951260345 
1.684297532793 
1.659213024705 
1.606074965998 
1.671138497434 
1.657852904500 
1.675313246017 
1.679383712605 
1.688866772647 
1.626049030166 
1.671441208494 
1.672081426277 
1.611558866196 
1.571054338168 
1.544902376700 
1.519888716509 
1.509575538836 
1.532648209360 
1.490977645772 
1.499810377700 
1.453532163099 
1.485180956244 
1.501008002801 
1.495991249796 
1.488042186324 
1.505192255445 
1.531561336876 
1.512756756312 
1.502006433717 
1.514074397353 
1.554775440323 
1.577132735955 
1.588889195657 
1.552571963252 
1.523257490508 
1.497652420497 
1.505185386375 
1.503567581316 
1.443968487020 
1.360764775973 
1.366389750714 
1.329922044249 
1.380597190791 
1.346369516964 
1.365583435768 
1.364879959822 
1.413086252840 
1.369875419512 
1.461925679930 
1.483915644811 
1.502446340565 
1.507700298480 
1.452835771641 
1.451811078688 
1.458809778270 
1.458912671800 
1.473532769191 
1.485004198337 
1.485488181661 
1.491520550429 
1.530422567894 
1.579352531856 
1.598888793048 
1.583076038557 
1.574388509504 
1.577935905874 
1.572107158112 
1.618229737648 
1.607024720576 
1.580806757403 
1.571644149516 
1.570094808051 
1.580047927321 
1.582769282553 
1.629451379614 
1.571124888739 
1.576611962032 
1.561547306602 
1.579684829488 
1.607061905393 
1.607061905393 
1.607835501655 
1.602343578415 
1.634824046601 
1.620608881416 
1.619375647114 
1.625151107293 
1.625151107293 
1.630173495402 
1.572620016351 
1.534591831218 
1.468458730746 
1.479544144196 
1.420778030448 
1.422990936794 
1.454356623470 
1.452912311246 
1.452912311246 
1.454021516170 
1.439766070662 
1.389717626784 
1.400988456977 
1.369024799215 
1.313689333654 
1.294129100217 
1.285544230643 
1.357959631479 
1.296030089190 
1.367032034159 
1.364529301944 
1.337924527609 
1.360461062100 
1.357403016381 
1.431921652143 
1.456789261437 
1.436521966225 
1.429828716031 
1.447459567576 
1.447548978335 
1.471821570366 
1.550981338025 
1.555944635974 
1.562979816155 
1.533179767436 
1.533179767436 
1.533179767436 
1.540102607690 
1.539136229107 
1.549805315401 
1.546292502748 
1.545113438808 
1.541589693634 
1.552520308266 
1.528621928844 
1.540107792065 
1.541485728684 
1.523583319379 
1.519649888768 
1.490580247257 
1.513488015276 
1.499066453174 
1.426134731134 
1.465559829567 
1.434127061111 
1.447144314328 
1.437138402499 
1.425851633580 
1.454455613798 
1.458698760059 
1.458698760059 
1.434116605409 
1.434484034947 
1.487406227266 
1.473735529193 
1.441310809541 
1.380250471401 
1.364872928531 
1.396420027212 
1.434086165750 
1.351011656254 
1.336645094252 
1.391862203610 
1.389969315850 
1.309121408080 
1.291076065640 
1.319892732996 
1.357744174882 
1.332271529394 
1.392283137155 
1.397611800446 
1.404096859272 
1.401437810394 
1.361503933239 
1.381818335070 
1.366936944903 
1.336636232077 
1.446755522730 
1.421340027446 
1.407922989549 
1.398608165265 
1.390101760183 
1.372573552590 
1.368524072038 
1.353805682427 
1.383785872348 
1.394186875113 
1.546823405718 
1.540847529889 
1.547452024001 
1.560898036467 
1.549338888005 
1.552083848585 
1.542961326239 
1.544639111575 
1.545480210500 
1.516761836437 
1.521887372209 
1.506804802280 
1.519628632631 
1.542816750233 
1.533753957218 
1.517405991271 
1.541785421584 
1.539726461091 
1.562358569126 
1.566065782348 
1.558177076560 
1.484873876342 
1.511782322062 
1.513157564306 
1.492440747390 
1.506622494458 
1.499261939044 
1.477741120201 
1.464534637721 
1.477738070589 
1.471938347918 
1.475175212437 
1.495399933697 
1.528909432379 
1.513203906829 
1.539408402634 
1.528688388812 
1.533419264522 
1.506981651843 
1.531756453631 
1.504579544068 
1.542474531408 
1.507789559398 
1.500156915497 
1.464719267049 
1.447861857349 
1.458214766874 
1.430533416007 
1.454819309423 
1.458273286562 
1.446004581918 
1.471096338698 
1.447842712801 
1.430825287554 
1.435332013982 
1.429400427094 
1.447623075039 
1.500580890453 
1.481909644237 
1.465740869263 
1.464526075726 
1.462567849513 
1.458014612048 
1.454242991110 
1.467869645597 
1.437162378708 
1.408287119603 
1.399009606782 
1.448587949813 
1.465469148389 
1.467230405460 
1.487220038092 
1.534144293017 
1.512950847344 
1.482042429681 
1.457948208178 
1.482103896398 
1.467301935230 
1.465920499117 
1.440540635138 
1.449617101120 
1.452475472774 
1.417362804688 
1.446441459737 
1.406321934014 
1.355207579502 
1.423113113562 
1.448685382596 
1.431698237284 
1.425167175013 
1.448297169295 
1.466228842447 
1.428967394431 
1.463103828636 
1.434486440732 
1.396191101631 
1.419716574468 
1.448913790488 
1.450667274876 
1.415498476579 
1.408862287819 
1.423939771649 
1.488588581252 
1.489161530788 
1.477655917335 
1.478476152654 
1.464625902219 
1.463331138654 
1.457203127539 
1.457203127539 
1.456877576480 
1.456047566795 
1.442810708531 
1.486805950070 
1.496696256040 
1.491340519893 
1.499080523427 
1.515105325999 
1.517536650640 
1.514356677956 
1.514356677956 
1.494769986510 
1.508483112741 
1.469961210459 
1.463018098699 
1.473976171535 
1.423438593872 
1.423623145526 
1.424790495314 
1.429349832349 
1.427370894819 
1.433548068799 
1.426696837117 
1.452608040191 
1.378594354429 
1.405177089616 
1.494314598701 
1.511172219544 
1.491096042073 
1.517467748165 
1.473207498024 
1.510960688586 
1.469379321463 
1.516489378825 
1.523963542096 
1.535981184478 
1.542530408517 
1.553835746418 
1.482465185039 
1.530797342468 
1.538886139983 
1.570959203035 
1.620146853647 
1.611627136376 
1.612938754662 
1.533570206938 
1.514327959518 
1.493161849888 
1.524220906767 
1.567653415296 
1.572123610734 
1.601861776361 
1.590529748284 
1.578804983395 
1.520069753353 
1.532141589443 
1.542074049040 
1.546025047416 
1.548238199872 
1.548687632087 
1.548790321736 
1.548408882522 
1.580392321281 
1.553657754826 
1.541652254729 
1.530734067130 
1.551754938390 
1.574752468085 
1.581263266277 
1.568691797182 
1.550723934660 
1.546731042073 
1.624420746935 
1.586430431669 
1.584952623356 
1.583535688597 
1.622882226197 
1.627745336436 
1.566647696502 
1.582929323904 
1.601193966949 
1.641116169368 
1.609542607972 
1.642669577589 
1.687234161480 
1.665310860588 
1.645339079259 
1.649238717250 
1.627665592378 
1.702148569627 
1.702089173734 
1.678825733124 
1.641743187164 
1.600856015877 
1.632841652840 
1.620147144302 
1.613118417069 
1.644161394592 
1.582028751067 
1.585570560313 
1.578300098829 
1.598430132864 
1.587826054540 
1.599707242260 
1.533376371261 
1.534869679733 
1.526462628705 
1.529919226381 
1.524821436348 
1.556505962033 
1.592457372503 
1.596642037605 
1.572370889051 
1.625108189457 
1.611659493814 
1.625313988007 
1.656504305173 
1.632927093889 
1.611405050193 
1.625013542553 
1.613566875129 
1.596694151048 
1.565819415705 
1.550192144658 
1.552179026359 
1.545955521491 
1.544682964926 
1.527939958838 
1.514256193615 
1.469837057186 
1.461357520147 
1.436313216997 
1.450538351908 
1.471003195722 
1.493446279920 
1.507365484352 
1.519113800561 
1.498619343533 
1.373304285767 
1.346954293764 
1.354572754178 
1.595232605439 
1.597973335047 
1.600267183755 
1.586520595177 
1.585061142303 
1.525325530309 
1.562088237820 
1.574805043642 
1.625159082269 
1.623496135096 
1.601407551578 
1.600650576755 
1.583621183119 
1.606800699076 
1.666050908008 
1.660640294793 
1.662646674584 
1.633208858918 
1.621779357388 
1.617359628440 
1.605161178933 
1.491272305506 
1.476679459434 
1.510523732848 
1.530221862607 
1.535836070322 
1.508022619036 
1.496321351970 
1.459819626407 
1.438338496427 
1.429646560602 
1.433062806492 
1.401702223842 
1.411783052518 
1.275651510596 
1.345383796173 
1.332679557322 
1.297107825042 
1.331407285429 
1.355588377955 
1.352085935377 
1.392405384193 
1.379295049114 
1.373802148327 
1.389198391651 
1.406828953909 
1.451195447089 
1.451321896056 
1.507624081064 
1.503147323746 
1.501299127682 
1.504081525586 
1.437971448969 
1.442402847552 
1.608932596158 
1.582942233674 
1.543526161096 
1.500894023495 
1.542689325928 
1.576784822616 
1.570260633224 
1.563290209277 
1.563290209277 
1.539432217710 
1.542734596277 
1.539729066638 
1.555242914495 
1.575669665167 
1.554836591231 
1.573148950153 
1.563973201332 
1.571679927997 
1.569355350765 
1.573239717067 
1.609550027373 
1.611136050669 
1.667084838713 
1.667084838713 
1.667084838713 
1.666855415968 
1.672918980788 
1.668456052559 
1.661877609216 
1.609984751313 
1.600234560240 
1.586401562931 
1.586401562931 
1.580560516706 
1.580560516706 
1.580380844701 
1.578535000936 
1.578535000936 
1.581784671335 
1.503736639151 
1.573385576916 
1.563637921373 
1.535501355859 
1.673629457147 
1.656101422550 
1.657691360779 
1.628918773689 
1.715183900009 
1.640416223367 
1.634000248809 
1.564648510959 
1.531791051921 
1.551108440017 
1.551252529828 
1.580377678571 
1.597104507714 
1.486014574275 
1.487435342123 
1.477752795314 
1.539402536721 
1.523047468716 
1.488773141648 
1.539291388728 
1.554856030470 
1.591556374791 
1.583699996619 
1.515858984617 
1.487808591896 
1.557175009613 
1.553472732917 
1.551832556236 
1.558393802033 
1.585067935330 
1.568220542395 
1.567091948254 
1.570065685050 
1.527694168323 
1.545807848446 
1.544905137232 
1.529398051206 
1.555309862466 
1.568297045674 
1.586792004147 
1.573310606179 
1.546098949389 
1.505632894429 
1.532450016336 
1.529440857828 
1.528080191224 
1.535332378063 
1.587809260573 
1.569213532062 
1.588120872874 
1.568914173566 
1.635983294909 
1.658740211229 
1.636896035072 
1.669860981831 
1.812233165265 
1.754631733879 
1.764437886369 
1.756209727873 
1.739170941048 
1.700145420199 
1.721439829830 
1.679464622739 
1.682549156979 
1.636203675278 
1.709693992089 
1.651528555213 
1.647272332952 
1.694636582025 
1.707461822825 
1.708628787527 
1.647317284487 
1.579391216985 
1.614032696300 
1.560107413733 
1.631018522091 
1.670722070245 
1.666763284439 
1.710759118276 
1.622403770920 
1.659222033276 
1.701598679581 
1.693707395204 
1.689903269711 
1.702091987214 
1.732732136752 
1.698330771251 
1.693421774435 
1.687847445127 
1.673662929164 
1.678348892799 
1.649960432015 
1.646482617456 
1.601614746164 
1.651461081001 
1.658834456242 
1.628631788194 
1.628602677747 
1.661821535859 
1.638066950047 
1.634068019466 
1.626492231494 
1.564900221332 
1.565923630066 
1.581506576760 
1.592584795229 
1.575981779171 
1.539565125242 
1.499872969165 
1.514503082958 
1.478809360901 
1.409229227142 
1.403447053990 
1.462279190951 
1.435687674786 
1.425409884771 
1.412482040284 
1.413958848917 
1.417784888953 
1.357579946667 
1.356276840788 
1.385499025440 
1.458789570498 
1.462069532904 
1.455373372249 
1.483638074672 
1.499035013558 
1.522524342322 
1.526063249348 
1.509010254699 
1.523284666103 
1.482227462486 
1.449633578135 
1.433691231620 
1.475462615065 
1.468723771298 
1.476885698965 
1.424424828694 
1.345645975723 
1.426055897537 
1.430680697120 
1.438108131165 
1.356859917369 
1.344720672908 
1.360960022203 
1.341735763198 
1.361734434819 
1.437421055551 
1.384695444895 
1.424841230805 
1.424372778386 
1.423044808630 
1.516361413904 
1.555025642014 
1.606667706499 
1.595418048362 
1.608689994534 
1.596912031145 
1.596912031145 
1.586236109960 
1.628776491563 
1.576205029665 
1.603062135599 
1.630997150167 
1.600307773577 
1.655442777949 
1.623720406295 
1.595883549926 
1.670588369391 
1.688770358862 
1.666785418385 
1.686334728765 
1.672726592293 
1.662087082921 
1.554397465081 
1.558787257220 
1.469853503810 
1.512964417967 
1.504692576549 
1.504692839372 
1.525640593649 
1.525640593649 
1.531467476328 
1.533456393358 
1.519538803757 
1.647959042081 
1.617178423674 
1.655482841995 
1.596363241829 
1.520842159503 
1.582649863073 
1.555646094140 
1.546017143963 
1.633387289263 
1.535335661992 
1.522077289856 
1.500832387731 
1.520875503019 
1.513077276408 
1.512715498110 
1.512715498110 
1.499293315212 
1.520284077960 
1.466376080628 
1.479495394321 
1.423478658116 
1.419974001154 
1.406288372320 
1.421306246282 
1.423668242809 
1.420209264130 
1.458511756161 
1.479769502932 
1.472046646831 
1.475910924536 
1.477114111111 
1.474627881833 
1.479392332548 
1.469430511013 
1.372446470993 
1.357345414466 
1.352396832512 
1.332330866034 
1.290810092313 
1.364456866462 
1.301953165698 
1.312706495136 
1.333279293959 
1.413314996748 
1.348309996531 
1.400022585119 
1.379161348506 
1.423210589502 
1.426261049883 
1.469413848294 
1.473588241254 
1.521325055498 
1.533563327728 
1.499572549624 
1.517077134636 
1.486958020169 
1.552934992744 
1.548614428137 
1.573226102134 
1.572892982664 
1.574184326299 
1.596410581832 
1.612740658232 
1.611651876637 
1.598139840314 
1.640170031502 
1.619163498669 
1.610295518732 
1.602203491181 
1.625947766373 
1.650277386671 
1.647211382013 
1.738111105050 
1.695412881426 
1.755369166375 
1.746970994630 
1.724981333598 
1.706732540549 
1.794542500685 
1.702976107459 
1.715921631091 
1.671558196275 
1.628029814000 
1.607610112256 
1.543040591062 
1.546145659911 
1.534420531116 
1.522467442860 
1.511090634292 
1.569762214973 
1.552384841328 
1.584303809793 
1.584452200491 
1.571490420889 
1.570777632674 
1.565402464315 
1.537320062597 
1.578817896688 
1.569615444597 
1.537218995524 
1.527412281240 
1.511978723420 
1.499871634888 
1.505485839914 
1.502221637986 
1.513426527751 
1.538561808717 
1.535097802442 
1.552355182303 
1.576168185127 
1.573615980675 
1.579143592780 
1.577826923493 
1.578686053159 
1.574449033890 
1.574575201338 
1.573588339997 
1.579337778833 
1.567751874136 
1.503140119109 
1.487628262229 
1.523783124440 
1.476421061909 
1.502977963577 
1.474609649179 
1.499744768494 
1.493907640161 
1.497737055937 
1.498138560627 
1.531143189061 
1.547480326618 
1.545661213555 
1.617107218238 
1.610694737362 
1.589885331508 
1.565251402385 
1.523699448944 
1.522673190673 
1.506599424145 
1.499264411143 
1.549625499444 
1.535994007167 
1.522982486640 
1.515973065461 
1.525339754747 
1.525339754747 
1.527191705041 
1.519557786226 
1.510544513887 
1.569535775445 
1.590744362257 
1.585755210747 
1.522155738112 
1.527108765367 
1.538067734898 
1.520590916682 
1.521689399752 
1.549574678658 
1.548129025591 
1.532647822026 
1.554906816930 
1.591022241010 
1.601564285380 
1.582906949329 
1.565062975295 
1.599083067711 
1.590358087386 
1.578030740026 
1.578030740026 
1.572525947608 
1.603365594214 
1.578533145068 
1.482123180526 
1.457510115414 
1.450648073533 
1.483799135432 
1.521591487252 
1.521509652519 
1.491791373490 
1.447541492879 
1.437645280416 
1.452945924217 
1.454502231211 
1.456419603845 
1.455859504614 
1.455584613970 
1.463289516216 
1.415110984083 
1.389311395044 
1.389040308356 
1.389040308356 
1.363754670887 
1.382063143444 
1.379633568352 
1.353454127092 
1.291947468369 
1.394048759645 
1.381585647725 
1.359776445900 
1.383488217928 
1.342702644014 
1.344782772944 
1.285507351126 
1.392062698854 
1.393027143572 
1.425686272709 
1.502906459626 
1.510190080910 
1.561772162955 
1.506319064427 
1.517960345995 
1.510339822451 
1.562151417316 
1.544305950272 
1.538760469926 
1.541089842373 
1.548795067798 
1.548795067798 
1.551441974019 
1.511802476622 
1.508685030196 
1.526652918238 
1.531492229312 
1.500497475283 
1.539147652183 
1.461013036462 
1.493806450350 
1.473254978398 
1.476247230631 
1.516968890060 
1.509971931549 
1.522985339281 
1.496840036679 
1.444594100052 
1.475853750102 
1.479522653787 
1.474313398981 
1.486453498777 
1.479754751175 
1.440334845853 
1.462439250553 
1.476332423453 
1.493203408247 
1.537060095586 
1.478999231920 
1.485854443413 
1.489684606778 
1.558237213284 
1.530054593758 
1.411884934821 
1.455884832613 
1.463561719049 
1.444370086771 
1.393513513017 
1.391158246112 
1.389457772694 
1.381388220584 
1.432945649168 
1.448474946888 
1.426265548054 
1.458777670024 
1.444673538603 
1.457210588725 
1.530031155856 
1.529182744146 
1.549419770888 
1.487207058757 
1.512821395383 
1.495512168618 
1.511022215213 
1.498253119901 
1.503390038005 
1.449739709987 
1.484437605092 
1.495454840146 
1.486533048120 
1.530063602179 
1.543136644078 
1.531748874735 
1.537677446193 
1.565483986180 
1.559798818177 
1.509269905246 
1.511235515495 
1.530114023005 
1.594121929617 
1.593956699109 
1.586584322252 
1.544311663662 
1.535621222737 
1.514776869908 
1.448780805421 
1.458478437557 
1.437015505765 
1.532118487329 
1.565089056441 
1.509736167039 
1.533088363988 
1.537956253402 
1.511144480487 
1.312644371451 
1.388835790765 
1.397028888664 
1.389450523671 
1.413229047383 
1.398886507798 
1.409255138550 
1.409255138550 
1.400190214469 
1.449029931318 
1.475974025884 
1.480951470903 
1.456154108290 
1.403475838142 
1.423435731401 
1.338484124967 
1.369278262838 
1.487524225894 
1.575938389168 
1.571629938347 
1.503440561473 
1.520297377706 
1.536130954831 
1.450492113219 
1.551630369966 
1.548775535475 
1.543986991161 
1.578674617521 
1.538270660666 
1.518557904848 
1.525590039830 
1.518700010525 
1.519730707441 
1.502511744790 
1.478035307467 
1.469954586916 
1.472128730294 
1.441454143069 
1.461250333139 
1.432866801001 
1.533202535490 
1.564887252156 
1.564887252156 
1.579015369127 
1.601531865656 
1.654379843854 
1.693832521096 
1.705039396870 
1.613902980912 
1.582995568639 
1.565325490649 
1.555611704467 
1.594326012490 
1.607369810721 
1.534718255391 
1.606757816161 
1.593835689953 
1.606589947090 
1.606589947090 
1.606589947090 
1.605444418473 
1.651096078631 
1.683907920650 
1.687303239169 
1.689990281975 
1.680183234210 
1.728616418593 
1.755312868611 
1.772920262858 
1.681542464971 
1.706346461528 
1.685454140983 
1.662122503602 
1.646745814543 
1.637091902618 
1.637851803919 
1.464512653884 
1.427000899908 
1.447643849880 
1.487793014668 
1.541731313163 
1.590158690145 
1.609934982306 
1.573443688447 
1.617342309397 
1.576130054986 
1.578742744251 
1.555876935131 
1.652959373509 
1.668922157542 
1.618034114331 
1.660525687443 
1.587151366795 
1.622794973573 
1.549071343034 
1.487989268552 
1.467773120222 
1.505036854438 
1.523266096398 
1.552023036309 
1.528147171310 
1.532453621817 
1.537034868679 
1.535716297998 
1.512617713558 
1.505280217540 
1.535222532287 
1.504974814169 
1.509883882568 
1.545953193188 
1.501567202944 
1.477052334045 
1.462776502254 
1.508760061495 
1.558988315811 
1.558559422638 
1.561043506269 
1.555663591373 
1.569145319254 
1.527054378657 
1.479580703527 
1.482396886463 
1.469695344008 
1.474964334869 
1.450575404696 
1.451281725126 
1.447157735917 
1.436819588587 
1.431175863927 
1.454199395733 
1.454199395733 
1.422451690101 
1.421110972654 
1.391534405399 
1.348678648920 
1.389019142643 
1.407962590842 
1.477975217365 
1.491132260890 
1.538363558080 
1.489742396486 
1.489153447366 
1.440245631871 
1.437376130289 
1.461818670177 
1.411549027807 
1.424596736240 
1.432787537696 
1.440019311725 
1.464111898181 
1.462842092278 
1.522374316918 
1.516950663330 
1.501741739392 
1.536987549511 
1.532560416018 
1.490265967538 
1.494563851753 
1.535954130837 
1.585038631517 
1.618442847395 
1.637169207766 
1.637836104344 
1.643494023148 
1.583410361923 
1.607444113803 
1.622270004223 
1.620923043517 
1.616616628208 
1.610816225374 
1.619306758674 
1.607069141895 
1.649850637762 
1.653922344014 
1.636210679719 
1.619592879150 
1.561428827106 
1.534675519997 
1.528093734168 
1.540524465569 
1.557473086289 
1.555989764885 
1.539769379246 
1.505288747789 
1.527944133185 
1.544510384800 
1.574092974113 
1.548269801185 
1.530131742352 
1.524156518219 
1.565410377010 
1.567864739616 
1.562494344599 
1.557241699470 
1.555119301962 
1.559201794345 
1.564515375012 
1.571001234353 
1.581101237432 
1.590806643251 
1.607474303287 
1.617353481591 
1.559650455690 
1.526154337173 
1.557771670323 
1.568773181852 
1.642500270146 
1.642005548632 
1.646881173025 
1.641811371224 
1.686210901727 
1.690141592025 
1.757380568496 
1.660801498395 
1.683207593735 
1.681496342542 
1.663743170480 
1.635818739342 
1.615358301675 
1.619445405493 
1.540412563440 
1.543648281003 
1.583802757259 
1.611604655240 
1.516526553178 
1.505794577397 
1.508953856775 
1.511618566819 
1.542175720804 
1.555435210251 
1.571756743870 
1.580769663163 
1.488152951444 
1.519301086075 
1.481869829012 
1.431526928230 
1.471989991210 
1.481408988589 
1.442577037945 
1.436447234411 
1.360384670486 
1.408713709762 
1.442967744813 
1.423156942155 
1.501124996676 
1.492411317206 
1.520841379249 
1.596929961243 
1.603559746287 
1.572998360978 
1.554849694342 
1.562196060404 
1.555673916015 
1.539681065756 
1.527941956271 
1.508219813856 
1.528011683465 
1.536570029241 
1.520440512624 
1.515713814362 
1.506168761874 
1.498198251148 
1.510959847492 
1.501457216567 
1.459526314533 
1.486893199663 
1.474985714329 
1.472811263680 
1.579311203933 
1.579328164794 
1.566500744700 
1.593661620640 
1.579610526048 
1.643664870874 
1.643738196401 
1.641524570117 
1.619360622819 
1.665864168372 
1.678178429594 
1.638710543140 
1.651887213017 
1.628833762230 
1.628833762230 
1.628659290012 
1.628659290012 
1.621416224659 
1.625565042296 
1.684705939328 
1.656865048411 
1.686091403869 
1.688416391111 
1.720119405045 
1.693477414129 
1.683121167620 
1.683121167620 
1.656773351693 
1.654477837316 
1.626760315565 
1.595155597459 
1.574084583345 
1.567458043178 
1.539985329241 
1.546228471174 
1.591175632378 
1.618588597573 
1.624941480513 
1.667235833570 
1.684036569662 
1.691497390433 
1.696009514378 
1.663186354929 
1.713497981175 
1.713497981175 
1.628752983121 
1.592701442012 
1.619576149911 
1.625699768639 
1.597422497770 
1.616267099617 
1.588177464052 
1.565481397676 
1.566868164192 
1.615846216347 
1.694037670246 
1.631444784234 
1.638641144309 
1.639400992975 
1.605023243217 
1.601967210906 
1.605918701741 
1.568283073898 
1.637707803324 
1.617088034069 
1.620983268268 
1.604935586438 
1.589977736846 
1.584105749061 
1.521720629600 
1.467309071544 
1.493751572659 
1.518523653298 
1.517662762478 
1.498132900470 
1.495214757247 
1.629614594009 
1.535626269186 
1.561691053761 
1.606730015883 
1.595163621826 
1.602824217653 
1.598748630951 
1.606552605517 
1.643546526619 
1.645733899476 
1.678857043323 
1.702029461049 
1.659271582414 
1.659271582414 
1.596022150363 
1.545032560145 
1.544357585920 
1.592039434795 
1.702977995564 
1.667217259334 
1.692377753062 
1.656159701816 
1.638176409092 
1.622904918630 
1.625363751449 
1.565111035087 
1.554886779399 
1.555466227935 
1.539653853335 
1.570983092263 
1.537912968153 
1.544679610029 
1.561807759048 
1.596130705065 
1.577497101728 
1.553818797023 
1.566060759816 
1.554450619393 
1.563511231728 
1.580392832202 
1.543835009025 
1.549443294444 
1.544355300082 
1.577785052673 
1.542621195045 
1.558265829832 
1.593870857967 
1.615057439011 
1.628309348535 
1.657240226449 
1.587506983801 
1.640785736493 
1.598696730563 
1.607959551033 
1.709577264435 
1.652633940913 
1.681247050446 
1.678946242736 
1.676750920760 
1.645818316124 
1.619447172362 
1.636717541596 
1.638924803470 
1.563599262682 
1.568787723895 
1.600164142363 
1.584685660310 
1.590263544630 
1.563966127116 
1.521064647023 
1.498363172590 
1.501107676052 
1.498950254504 
1.486055420354 
1.479824400146 
1.511720766226 
1.487746008242 
1.462042423175 
1.426379286713 
1.414532912255 
1.417895314043 
1.399656610938 
1.404684272865 
1.415157433959 
1.373056998934 
1.375847587409 
1.412956554241 
1.389137743792 
1.410648068867 
1.405080954625 
1.438493305179 
1.362536617405 
1.431244936979 
1.451183319736 
1.518004409422 
1.538615499317 
1.480679748440 
1.445198549162 
1.461972483087 
1.457192302527 
1.463152887769 
1.463117990884 
1.459616101090 
1.453338838228 
1.491421995440 
1.482689185787 
1.469197959503 
1.468832638045 
1.515243546884 
1.527532470672 
1.545715210038 
1.489642860696 
1.447362177097 
1.427689328990 
1.476603505036 
1.502385859631 
1.458915879173 
1.464136146554 
1.425769042908 
1.423620504567 
1.479236364654 
1.481952462277 
1.437225012816 
1.442941370865 
1.440361235373 
1.429197210527 
1.463933675558 
1.487217710621 
1.464475628987 
1.560297199488 
1.627167874365 
1.655358132258 
1.602801652520 
1.595737274899 
1.524131166602 
1.535343535844 
1.575710086220 
1.621087100100 
1.622295015608 
1.642895526205 
1.634951291970 
1.638671805960 
1.652223372246 
1.663282090048 
1.689552158108 
1.688232978396 
1.627204624076 
1.625198442347 
1.625290448238 
1.629369342738 
1.645896843586 
1.664691591293 
1.685985136957 
1.692981906238 
1.667569752149 
1.669505955754 
1.732182870445 
1.711779369845 
1.673145968818 
1.666765986775 
1.672268914019 
1.623364841495 
1.614642142883 
1.634513766951 
1.667443483963 
1.651877116934 
1.675336129414 
1.673780911177 
1.666330361723 
1.631426661289 
1.628928349605 
1.624222642921 
1.597663043341 
1.558109341297 
1.562028476325 
1.595770872484 
1.647450007670 
1.601432045919 
1.594849006344 
1.645161829142 
1.637934628551 
1.591884667055 
1.554345160684 
1.560319994807 
1.540690565417 
1.494561507624 
1.480626116222 
1.491059069864 
1.485631550663 
1.494828215377 
1.471535618745 
1.477498248733 
1.473937939976 
1.476620226705 
1.408599424488 
1.400052863460 
1.424036810634 
1.457125747341 
1.433768366633 
1.434049643431 
1.449578855745 
1.457927681988 
1.580077282457 
1.580077282457 
1.581513651794 
1.562604191268 
1.562811028368 
1.592560218913 
1.585652373763 
1.583273479218 
1.620881674685 
1.653751756885 
1.617451288336 
1.591599792919 
1.549413996625 
1.550226152794 
1.560265684034 
1.522277277005 
1.476121395071 
1.456572713883 
1.303954327496 
1.400782002681 
1.379689943327 
1.416195733768 
1.422501703868 
1.418072751510 
1.418072751510 
1.412532631181 
1.430006573869 
1.405568420696 
1.410048636960 
1.406116727499 
1.421366129515 
1.476768015692 
1.507148840059 
1.511240315314 
1.515779734792 
1.494274925972 
1.511563212708 
1.516087301736 
1.514332176838 
1.512020386206 
1.493337851288 
1.489056949872 
1.508393287166 
1.508393287166 
1.510474780018 
1.497086209403 
1.463999379238 
1.465863768687 
1.462864061921 
1.456786546561 
1.452602331253 
1.545372301428 
1.544707948496 
1.531394894149 
1.504957904629 
1.494223256243 
1.497259294627 
1.516263738961 
1.526045395956 
1.543774210460 
1.511945153887 
1.511902540983 
1.534541011447 
1.507876744373 
1.548826816451 
1.487868298689 
1.495079060372 
1.443523724944 
1.506782000701 
1.495296140087 
1.490072895092 
1.492668861448 
1.492631563623 
1.489773213018 
1.491241398158 
1.505943226186 
1.512908124269 
1.501894615737 
1.512654715717 
1.485652532789 
1.493301102878 
1.495089396063 
1.515239812709 
1.517097164518 
1.574360433222 
1.552811919396 
1.599810590917 
1.577847802010 
1.514577629599 
1.507571689208 
1.479478627700 
1.489414572968 
1.487388974254 
1.595698640588 
1.727961398733 
1.682695510125 
1.659708619086 
1.640493216728 
1.635955066390 
1.674694000383 
1.649461020988 
1.678685028198 
1.686952586471 
1.605910265277 
1.614826680930 
1.589930855545 
1.674410081744 
1.626217563074 
1.599933385451 
1.611291853491 
1.609414597948 
1.622216383550 
1.704532494415 
1.682409019220 
1.676363357159 
1.702452816584 
1.764175245224 
1.773359321485 
1.791360913759 
1.741091021518 
1.740840017465 
1.715870489287 
1.683653614241 
1.735425872248 
1.767611278163 
1.728955882097 
1.675188177591 
1.800648672046 
1.824682278384 
1.627829657070 
1.630222474557 
1.629996557535 
1.704998708960 
1.620681288394 
1.623694741028 
1.612049852102 
1.520356285109 
1.520356285109 
1.520356285109 
1.516138977882 
1.541816276992 
1.544561182661 
1.549068069391 
1.559061707965 
1.575374387960 
1.622586143536 
1.564943102773 
1.627590476461 
1.616218825269 
1.670579375486 
1.670579375486 
1.690236933607 
1.719384461821 
1.653774869625 
1.671049634207 
1.651257969271 
1.644842450286 
1.696610131112 
1.672426334236 
1.688490429616 
1.651214261513 
1.688103165912 
1.647610180841 
1.609563842872 
1.623317685083 
1.575324603387 
1.586650584804 
1.581136828348 
1.536117989149 
1.535409691502 
1.537201772158 
1.534633009850 
1.540442831197 
1.525518392894 
1.520911045197 
1.530086998242 
1.515033242751 
1.521875332977 
1.522673465171 
1.522663380996 
1.526676988064 
1.569041187899 
1.600343853495 
1.619723924804 
1.597946431487 
1.610836077811 
1.601005585744 
1.582156800603 
1.624379120235 
1.602813362242 
1.622049826103 
1.631053603556 
1.614627228865 
1.627037058023 
1.629161939493 
1.596276659719 
1.630830140013 
1.630830140013 
1.563509898725 
1.566193281605 
1.558853579079 
1.505334590141 
1.554176759576 
1.517198295209 
1.447317553666 
1.446753659489 
1.453767536424 
1.481822820385 
1.408248303735 
1.472250191390 
1.435038817245 
1.466619803507 
1.434033207470 
1.475700185483 
1.544499504248 
1.527902586795 
1.543705453635 
1.566824050637 
1.533759608110 
1.500738423045 
1.497939854361 
1.447779631781 
1.472194284896 
1.477981325189 
1.456577336300 
1.421029328275 
1.428998766505 
1.451682231593 
1.495464000764 
1.472490281163 
1.433210334340 
1.438958732042 
1.464643519199 
1.479939454746 
1.468940281411 
1.468066188945 
1.466381868656 
1.465558037190 
1.458557662493 
1.370589001028 
1.374201000741 
1.382540212604 
1.394665509608 
1.392248232706 
1.427046550023 
1.449623197422 
1.451889708155 
1.457262315357 
1.477703634094 
1.615215232699 
1.617906997098 
1.594610090836 
1.606927794297 
1.599150333015 
1.603072576348 
1.603025035008 
1.603912794118 
1.604649405750 
1.594149354258 
1.622618512736 
1.614873452384 
1.569088291860 
1.532134043806 
1.534593414918 
1.596702179968 
1.596780331154 
1.598702125300 
1.611894025175 
1.577242559520 
1.571312709379 
1.567017242080 
1.511642735382 
1.511389952667 
1.540232629194 
1.537430065418 
1.534658781462 
1.517398372748 
1.513614252712 
1.508872860374 
1.549903537966 
1.519847446650 
1.512432635710 
1.410290624857 
1.407151779911 
1.410710155615 
1.406862363455 
1.457679185220 
1.453301966946 
1.447087072248 
1.482955125638 
1.498615302356 
1.563492492065 
1.565788616460 
1.537258038578 
1.584292721403 
1.570005421339 
1.573959090622 
1.594690477809 
1.512251955250 
1.531546303550 
1.540525287001 
1.512204859188 
1.521841798670 
1.533092632496 
1.527370566956 
1.527617630568 
1.538946446281 
1.569011994474 
1.575572995299 
1.505331415479 
1.506897234956 
1.521603764748 
1.498833825017 
1.477813702536 
1.486714229865 
1.524766723728 
1.529829117749 
1.540614305338 
1.558182770944 
1.544442259070 
1.581427266601 
1.637428149176 
1.563504318000 
1.542778388287 
1.524897121317 
1.473050714563 
1.484480093039 
1.424910445358 
1.534115804365 
1.573735437277 
1.590030520032 
1.586561402543 
1.607265155645 
1.648262031113 
1.674675142935 
1.633930683369 
1.562362296424 
1.521993957637 
1.473699902188 
1.475817875915 
1.479578996473 
1.456555740679 
1.440897715133 
1.439648666781 
1.481706800063 
1.546507148600 
1.548585463817 
1.565088640358 
1.549462745272 
1.564695472241 
1.540921050323 
1.523198898041 
1.488192188877 
1.484511408083 
1.506211170940 
1.460174240583 
1.564911764586 
1.603283058476 
1.656224154279 
1.660452122464 
1.692067480554 
1.722096090291 
1.659609514371 
1.681690487693 
1.639766687889 
1.658749471873 
1.659179605741 
1.665698093857 
1.727183538019 
1.727182914007 
1.704585266865 
1.713685786235 
1.666126316030 
1.641300527493 
1.667548945434 
1.639138065816 
1.428685169343 
1.424197579869 
1.418557168073 
1.418232845117 
1.442716768643 
1.428658244563 
1.430113537873 
1.453798039426 
1.508300291290 
1.433972303810 
1.355099378045 
1.355911274572 
1.365383943683 
1.355983562389 
1.331522131795 
1.310370558113 
1.336087182534 
1.297557116784 
1.318656191374 
1.299225016347 
1.276558308365 
1.317436184824 
1.307169827696 
1.337661797976 
1.405608707720 
1.451403931705 
1.392501867291 
1.389762935161 
1.389762830834 
1.389762830834 
1.331385362302 
1.390189851432 
1.392917171460 
1.387989473239 
1.387989473239 
1.393581694178 
1.396718818969 
1.410432781769 
1.362925147725 
1.387075211291 
1.303027391962 
1.310216831896 
1.259685989543 
1.312085811405 
1.356743560520 
1.320644333267 
1.369976218267 
1.339444653137 
1.330408620555 
1.274814152164 
1.418572281890 
1.436965292574 
1.389927663427 
1.313237450300 
1.345881021255 
1.373373640969 
1.418233337167 
1.361971850250 
1.366850175356 
1.369336523477 
1.388480008648 
1.447419120346 
1.437254922294 
1.432643942210 
1.377911922292 
1.463014812892 
1.451171273486 
1.418031018639 
1.412316160644 
1.386994289144 
1.394769625319 
1.398483892181 
1.432993058512 
1.480012574691 
1.486949232432 
1.460218243301 
1.387215799006 
1.419044828403 
1.467780995608 
1.481478332418 
1.503505454137 
1.507768687105 
1.478613776836 
1.432514148709 
1.455912616953 
1.469367109916 
1.506423978872 
1.506479151497 
1.485042216069 
1.435299126344 
1.457535477532 
1.440129286945 
1.432444500638 
1.412619982536 
1.593425510785 
1.591987702932 
1.608777257357 
1.645239455028 
1.645239455028 
1.641093570861 
1.689006939030 
1.704415551950 
1.793405326948 
1.719464565493 
1.778740480006 
1.732592490292 
1.716837608494 
1.728136328080 
1.895981646281 
1.842721039494 
1.791104081440 
1.844444056084 
1.923546387600 
1.915530080593 
1.935614387365 
1.768945961610 
1.881749032433 
1.886275779622 
1.815229809129 
1.916985158440 
1.925616498810 
1.790601116112 
1.957058937694 
1.813606647530 
1.818345515670 
1.930740204441 
1.845322447826 
1.805247138733 
1.774827187507 
1.710899439779 
1.649053320582 
1.738313190594 
1.719987879276 
1.684766353394 
1.651591170179 
1.682323821494 
1.637429304610 
1.598919443785 
1.554853886181 
1.539474433228 
1.516429287968 
1.507828883963 
1.523251255885 
1.490125073482 
1.558860987984 
1.523423727040 
1.551084869743 
1.497319621350 
1.407277929384 
1.465176108085 
1.419786743674 
1.434234453605 
1.434234453605 
1.300517209062 
1.328018175639 
1.328261624420 
1.300980355353 
1.273642450593 
1.292269987810 
1.270822089110 
1.344632126374 
1.392103659031 
1.344289377590 
1.329224760263 
1.370653545705 
1.392614033286 
1.381055616978 
1.297532520872 
1.354220987712 
1.386330997177 
1.422352321280 
1.375098584307 
1.400387367571 
1.410497214319 
1.407655809529 
1.417649957547 
1.498545237947 
1.492732871134 
1.543801182583 
1.502128515613 
1.532730124918 
1.521433297820 
1.489548809017 
1.491224265655 
1.466256178705 
1.446242550178 
1.435895006300 
1.476930373306 
1.596416777063 
1.590248113485 
1.525622577561 
1.505421760664 
1.489505009798 
1.564326143023 
1.462041590059 
1.501435631252 
1.485982383717 
1.453805246875 
1.457008034527 
1.347217605972 
1.349143669403 
1.377113661850 
1.370892026828 
1.405385490898 
1.416369359362 
1.381589983272 
1.414356726170 
1.425670057826 
1.429241329285 
1.445662077474 
1.456548150942 
1.477673414012 
1.472968877258 
1.496066075288 
1.548184823483 
1.538565501149 
1.512091678202 
1.536404989781 
1.482668559277 
1.553725687653 
1.520764755283 
1.524136977842 
1.509723931802 
1.514047741536 
1.477954403040 
1.455920760996 
1.453486755047 
1.454809215862 
1.490603318031 
1.511122435597 
1.491560279812 
1.477152068694 
1.448065692778 
1.454460236900 
1.489594540903 
1.485285884041 
1.527560652358 
1.528974673810 
1.575828687947 
1.569612059864 
1.546021373983 
1.573151079342 
1.561494479099 
1.557769914242 
1.560479818035 
1.545402062912 
1.544596898070 
1.510668941141 
1.501478224852 
1.488458654380 
1.476495922655 
1.464022546307 
1.464022546307 
1.472889059900 
1.456815095281 
1.463968112720 
1.453547211277 
1.476327781340 
1.486095286353 
1.501688302650 
1.508177145202 
1.461770856833 
1.466995103969 
1.482591848153 
1.481649434739 
1.504495166166 
1.659303907272 
1.540913129455 
1.545830645947 
1.588918513490 
1.652978352489 
1.623021692287 
1.615452609904 
1.591128655206 
1.572788736214 
1.581880570829 
1.552585994190 
1.534763121115 
1.518323232830 
1.508728916985 
1.488841358675 
1.496421270792 
1.588321072456 
1.609248924597 
1.578718303866 
1.626797008571 
1.636617891307 
1.636617891307 
1.628756294548 
1.615481552683 
1.645851921894 
1.668521641719 
1.651812058425 
1.696384553028 
1.682574905988 
1.706038305031 
1.698643001586 
1.693826121491 
1.716293037241 
1.724778972807 
1.733344766692 
1.735078131138 
1.741246489772 
1.715017148946 
1.722553591196 
1.752744429222 
1.735866386248 
1.671363455044 
1.695806365235 
1.739347476864 
1.636669757057 
1.645255085392 
1.639127487185 
1.601350904889 
1.611261566330 
1.696061259097 
1.696061259097 
1.695112075561 
1.677488252191 
1.697268523870 
1.640445254203 
1.630579890590 
1.629216238773 
1.441599608865 
1.561512802543 
1.545576578117 
1.560921103205 
1.594834381048 
1.612713246441 
1.617273978785 
1.607435236825 
1.629562767522 
1.668917280314 
1.680099727049 
1.641106375695 
1.621563954440 
1.523200021165 
1.519374674919 
1.542320785669 
1.643137368450 
1.528122352894 
1.511842683232 
1.478436905453 
1.478758682078 
1.453737078015 
1.454586870228 
1.451652324075 
1.461476832564 
1.493016647544 
1.470005414892 
1.387732540819 
1.472288619827 
1.463837207611 
1.444212915404 
1.482582517968 
1.470669576815 
1.536984340014 
1.528698413396 
1.508497110816 
1.526158584486 
1.523406628201 
1.536498509132 
1.536498509132 
1.551708573445 
1.544863415323 
1.568139788990 
1.568139788990 
1.536125993073 
1.447918585214 
1.446467400044 
1.492765923240 
1.511031548582 
1.538473183640 
1.558158872024 
1.535819185271 
1.500002668924 
1.609833145340 
1.622843112042 
1.636798340357 
1.630836645352 
1.627427095266 
1.617828937900 
1.653895441446 
1.661092837771 
1.668604627012 
1.642748142994 
1.675039939011 
1.679646017597 
1.677208869568 
1.703740460403 
1.740613177425 
1.757081584147 
1.649001857484 
1.625995630512 
1.588744391630 
1.595604134341 
1.522311336299 
1.528190787623 
1.561911364787 
1.558009580922 
1.557349754765 
1.576048025152 
1.577129921237 
1.522429006009 
1.522429006009 
1.519606373875 
1.502521161963 
1.604013536157 
1.561203486555 
1.542927999583 
1.571111576777 
1.529991145804 
1.528986596000 
1.521205796502 
1.611627489699 
1.551463040844 
1.478955024764 
1.471657780370 
1.482066579638 
1.476721495856 
1.474750065329 
1.564690749983 
1.553953919060 
1.517285853933 
1.580694877388 
1.594798141076 
1.635645218541 
1.649676295929 
1.773554799663 
1.671493041689 
1.701395648791 
1.654561158295 
1.633665905311 
1.723723866358 
1.746676415716 
1.682386734255 
1.642391382235 
1.572322508211 
1.587538798346 
1.594252867811 
1.593545570370 
1.575704304115 
1.571180652154 
1.556071617089 
1.559457899703 
1.528918296598 
1.535746615236 
1.521775382220 
1.534277234166 
1.502145781577 
1.466413829008 
1.478263325967 
1.486225233132 
1.489633835943 
1.494523707080 
1.492371408347 
1.488451988371 
1.469450858035 
1.469450858035 
1.501623608701 
1.537410525997 
1.553030517001 
1.533446267366 
1.514633764495 
1.524628362572 
1.522310274356 
1.518165657226 
1.534052940608 
1.567307714714 
1.506782717567 
1.489663291916 
1.487508304121 
1.495738329950 
1.496689212701 
1.492329216573 
1.518992639401 
1.532907342199 
1.541617743859 
1.530258566824 
1.529075130554 
1.530380309491 
1.478545988184 
1.467242849750 
1.478373503334 
1.476559438937 
1.472027081875 
1.506119551887 
1.540705009640 
1.565974306565 
1.586704842839 
1.578008914615 
1.554491745132 
1.519333805785 
1.529172932629 
1.512567781737 
1.523915715159 
1.524344909472 
1.523439513433 
1.539373690068 
1.539373690068 
1.548489197715 
1.530113984503 
1.589658966617 
1.579676407559 
1.599546209995 
1.591618012993 
1.589484092919 
1.581174578359 
1.633761370062 
1.617803528491 
1.642098412800 
1.588129076249 
1.585075339284 
1.588940732697 
1.602588226647 
1.657515028849 
1.693594091847 
1.692933567116 
1.671126618740 
1.636596624312 
1.655691360105 
1.647718977481 
1.658613004104 
1.630231626771 
1.647901198506 
1.669310679579 
1.667871301338 
1.617873117680 
1.658325269563 
1.640064166972 
1.644865844821 
1.658174150743 
1.608904791732 
1.642026898023 
1.628476180831 
1.610096549675 
1.610780781484 
1.622710559618 
1.631822367410 
1.542390972120 
1.541883451592 
1.545361048049 
1.552202611842 
1.545804037209 
1.611618750821 
1.629031398928 
1.599776674377 
1.601291157762 
1.562058104741 
1.596622190854 
1.617311084497 
1.596347588776 
1.586765676000 
1.585470049481 
1.525906810876 
1.526458571267 
1.574480530296 
1.548097372371 
1.557152421320 
1.558072312242 
1.611519768543 
1.615419826924 
1.617096324010 
1.604975634840 
1.599231108733 
1.592804607224 
1.614343887737 
1.605645051965 
1.619265952750 
1.623617419369 
1.602502388733 
1.612504772319 
1.583009313775 
1.586460529778 
1.542080979228 
1.550050300190 
1.553301178419 
1.554800800228 
1.571571178205 
1.592439526650 
1.558562876757 
1.558562876757 
1.560418129893 
1.540061693941 
1.543180706817 
1.554848529079 
1.563595362180 
1.531369005609 
1.516612569848 
1.489526012760 
1.489526012760 
1.455570274935 
1.457222805159 
1.356300987872 
1.397735352417 
1.347931599127 
1.380776156149 
1.380720533257 
1.396202407274 
1.383716240287 
1.439859716412 
1.421077316589 
1.394091991864 
1.450395109862 
1.413861072196 
1.394188314889 
1.435374680217 
1.422247669266 
1.454740061361 
1.454482834376 
1.437931079725 
1.439281972452 
1.439700375787 
1.435654720095 
1.426820566823 
1.444627508886 
1.434207400114 
1.395553431963 
1.402612163251 
1.399441247275 
1.500996490933 
1.448913031509 
1.447884755353 
1.496055108864 
1.488702172012 
1.491719044208 
1.485444682863 
1.446860281105 
1.442338932515 
1.445699344747 
1.406164235870 
1.435062475488 
1.471256050172 
1.472508050147 
1.477032785468 
1.484305182345 
1.494590735327 
1.441356828065 
1.437540193805 
1.432890693321 
1.444068053778 
1.425207659264 
1.423051658991 
1.460175809440 
1.469415654411 
1.480518144915 
1.472551525852 
1.430731261840 
1.450149914405 
1.476811749003 
1.433865515199 
1.388820912660 
1.405683875962 
1.388236407604 
1.371428582236 
1.449584674604 
1.446584474305 
1.425081425926 
1.402733243626 
1.411356682727 
1.403377799368 
1.346356259183 
1.339038586963 
1.362173228105 
1.381911572171 
1.383273060581 
1.413093548791 
1.368596331556 
1.455663917201 
1.456243572788 
1.363791106236 
1.432463775239 
1.439034976221 
1.393086882051 
1.386635314768 
1.432794754146 
1.454647871322 
1.399782532762 
1.362014200446 
1.325962343816 
1.339231230182 
1.374375554418 
1.346947129157 
1.360814087427 
1.335085442883 
1.326552232868 
1.332351248370 
1.355985583288 
1.324840348499 
1.361467526441 
1.438612266621 
1.417897666353 
1.389583015307 
1.415055823044 
1.360490247708 
1.391556529481 
1.381610089107 
1.489066505319 
1.559425890272 
1.559588540450 
1.549591026574 
1.525276459162 
1.493271372883 
1.512123047854 
1.493011971898 
1.464746244159 
1.501979717266 
1.554816997458 
1.566735157734 
1.550230310146 
1.534553474516 
1.551805370300 
1.528550783689 
1.580858338127 
1.572440839181 
1.550945923756 
1.579174996851 
1.540209196229 
1.564276876639 
1.567405639466 
1.570429224812 
1.564962758061 
1.561979971716 
1.606200777208 
1.616176681911 
1.623472785102 
1.675685929363 
1.656576562528 
1.705891098988 
1.705891098988 
1.761329436106 
1.761503602414 
1.828683666929 
1.828831954051 
1.776379985190 
1.683968937242 
1.697267326924 
1.686553044653 
1.737994556596 
1.675523709486 
1.609160606318 
1.587463191541 
1.543827111508 
1.508387127572 
1.476305064328 
1.458639589917 
1.465412997000 
1.446636666276 
1.441866429991 
1.451261839958 
1.453978146923 
1.453126126423 
1.613742927975 
1.648920716640 
1.599439130067 
1.592897112373 
1.592837858793 
1.585386658840 
1.588253518430 
1.594426108895 
1.626967608981 
1.671413599548 
1.680381844003 
1.681614237531 
1.683274254860 
1.723379850617 
1.685844501608 
1.653072296813 
1.654999490291 
1.668680904795 
1.652749395381 
1.701335280093 
1.602789035972 
1.549837856312 
1.515063234251 
1.520052596777 
1.506290653104 
1.458365992857 
1.446969827757 
1.458243988739 
1.458873147905 
1.487834079459 
1.490755963653 
1.488758368047 
1.494912303806 
1.507904354251 
1.516492232452 
1.445643927534 
1.504221527374 
1.487040763584 
1.471458581130 
1.451354886855 
1.468799259561 
1.455277003186 
1.537554439586 
1.537653653112 
1.532703443892 
1.524189524710 
1.512074745226 
1.509172197909 
1.550927107955 
1.581029785861 
1.587638984050 
1.578015567099 
1.582442038597 
1.601619687977 
1.614649143599 
1.575859861012 
1.566029279364 
1.590036178871 
1.579873473760 
1.552171239791 
1.521582166663 
1.499303733906 
1.482931482474 
1.482931482474 
1.520317209912 
1.538717139510 
1.546886808336 
1.572885403601 
1.589015232856 
1.597770318618 
1.629238271343 
1.582146120586 
1.627741599855 
1.607645664515 
1.608171287234 
1.604120642985 
1.560752016176 
1.593686736613 
1.593686736613 
1.572505153819 
1.614863930308 
1.673328939014 
1.613538492155 
1.668094019602 
1.660080637544 
1.660080637544 
1.660146157858 
1.689261398370 
1.667098322898 
1.689888048945 
1.802690650876 
1.790592676326 
1.787180379043 
1.793815351677 
1.635837316024 
1.611930431524 
1.591892100107 
1.653756767873 
1.674636275944 
1.646304904196 
1.596924909437 
1.604352651737 
1.585575629030 
1.549162201391 
1.574706987843 
1.575568361761 
1.542489757075 
1.535330397979 
1.556902572542 
1.576980448843 
1.577483623788 
1.571295479568 
1.571315116800 
1.560363356381 
1.547391240781 
1.561202000034 
1.605521176142 
1.561396354299 
1.558670358703 
1.553265204952 
1.542061403879 
1.577119459581 
1.563319650023 
1.521025927694 
1.522087689556 
1.523928067557 
1.523928067557 
1.512541619489 
1.517222322148 
1.546364701866 
1.519525412437 
1.524244610014 
1.511468901728 
1.515263312318 
1.545271270490 
1.552128748305 
1.532942182009 
1.572266877815 
1.578505098553 
1.576768077080 
1.571567032304 
1.563074242888 
1.579187293932 
1.505165712921 
1.504643940018 
1.523558967041 
1.513140843087 
1.519978148038 
1.533786979572 
1.452583235553 
1.510566978258 
1.500573948828 
1.529144535089 
1.510566251475 
1.516318489440 
1.509444014181 
1.507228189110 
1.495329916696 
1.488841265365 
1.492322575063 
1.483445592360 
1.483119264872 
1.490505928292 
1.490505928292 
1.490505928292 
1.487753049881 
1.488145125314 
1.506030254588 
1.501701880657 
1.503648424202 
1.515320704196 
1.513457194101 
1.532316328240 
1.521413502074 
1.505375076717 
1.513256965016 
1.494022869306 
1.477968936539 
1.469209447438 
1.440591063841 
1.444030430938 
1.443366676212 
1.425753129682 
1.428520710751 
1.404771434111 
1.464117614031 
1.462370583979 
1.493344766202 
1.590541366655 
1.540887077464 
1.554018473868 
1.529548537412 
1.547429575113 
1.555995699514 
1.481983869922 
1.523075073800 
1.536460063340 
1.656829798024 
1.609480907097 
1.655100236320 
1.632282828064 
1.634714740004 
1.624270304972 
1.644303696389 
1.578540889595 
1.626875097427 
1.563770773306 
1.570596024260 
1.511639059090 
1.513518386848 
1.503571921208 
1.521421555809 
1.515704744252 
1.497631956064 
1.481263861406 
1.521515870723 
1.521630127518 
1.522499241748 
1.515304380064 
1.503148404525 
1.505227334889 
1.520083260331 
1.542414142246 
1.520079297317 
1.516132092020 
1.547226464913 
1.526715868431 
1.526715868431 
1.523361645796 
1.518746922703 
1.520563669614 
1.521736075628 
1.515980504662 
1.501516925808 
1.499410136193 
1.500943997797 
1.507653879888 
1.506376279483 
1.480293296895 
1.495611938034 
1.480739103509 
1.487134262231 
1.520445631534 
1.552423159114 
1.555748937066 
1.551716008898 
1.548564765820 
1.516936680737 
1.507711341707 
1.534199882187 
1.527975405748 
1.522889649568 
1.524020696297 
1.470175828577 
1.477747833433 
1.482053174344 
1.500208083962 
1.494187868230 
1.483414964935 
1.496185899872 
1.515805473118 
1.558254592146 
1.564864023455 
1.589772796813 
1.603684371592 
1.564177659365 
1.553207652152 
1.540373252581 
1.548137283490 
1.564723413905 
1.543334080707 
1.531997512634 
1.530961174923 
1.505139621061 
1.498620622081 
1.555116594036 
1.555116594036 
1.564188005771 
1.605259026031 
1.622724478967 
1.647965477229 
1.630222502932 
1.698590318389 
1.700164591951 
1.692383872897 
1.733509025730 
1.697070798655 
1.698570478359 
1.716220943600 
1.740877696455 
1.802596829146 
1.737532531965 
1.753478280617 
1.788226157410 
1.759491860833 
1.801011058679 
1.870740959161 
1.803090405671 
1.827729739364 
1.789173171329 
1.823704574058 
1.765072786947 
1.770772491239 
1.752507343574 
1.715891877872 
1.757364284370 
1.693751666343 
1.681784604200 
1.676679659009 
1.676635346924 
1.678783669773 
1.659079402701 
1.665002169924 
1.643330929290 
1.639742497400 
1.656007529735 
1.633148486684 
1.640675831421 
1.645676764744 
1.683954368136 
1.669023730705 
1.662136568850 
1.682737435761 
1.642521908674 
1.664313846826 
1.654437462209 
1.735725458795 
1.647736509977 
1.613979525039 
1.614918948402 
1.620774341740 
1.631808743367 
1.625404032925 
1.653145844641 
1.699328038864 
1.710658433888 
1.725365358279 
1.680066666145 
1.678594741158 
1.709854052660 
1.737845388809 
1.674933084175 
1.692783810149 
1.654556966182 
1.643919536903 
1.645721312805 
1.597526660819 
1.613540777811 
1.607659882952 
1.597681506941 
1.582972040101 
1.545947335272 
1.575552630980 
1.546456023360 
1.566846865202 
1.572434629081 
1.620838840202 
1.586182010242 
1.540196468422 
1.493803514529 
1.471817476605 
1.431815790261 
1.460163347109 
1.446551014430 
1.471760258117 
1.419492376060 
1.430554282635 
1.438562438895 
1.438562438895 
1.412945584659 
1.425136552576 
1.398413409822 
1.338137489111 
1.344675508554 
1.344675508554 
1.356531913457 
1.453842243972 
1.459950674387 
1.398706471955 
1.339185560692 
1.384032433552 
1.341348954301 
1.325978476545 
1.311976319648 
1.294973148937 
1.301264639107 
1.286507982679 
1.316652950417 
1.211637818372 
1.284255127300 
1.290202230688 
1.259299057862 
1.246473581891 
1.282177809511 
1.300559594243 
1.256060628971 
1.299499843333 
1.226879950032 
1.279799311453 
1.278034952296 
1.281623525451 
1.232920100893 
1.223074961536 
1.291190386506 
1.369300832714 
1.354394519834 
1.354807432853 
1.388346226502 
1.452546334878 
1.444256356468 
1.424654714837 
1.461864506219 
1.482853456761 
1.528568665882 
1.539991329046 
1.548995180340 
1.547169201591 
1.519564968926 
1.523429979107 
1.488657548580 
1.475198540055 
1.502695421575 
1.461919739480 
1.454233724026 
1.456277045394 
1.553707602039 
1.482993483144 
1.497043604054 
1.472539318612 
1.532323646315 
1.588808361989 
1.565641549555 
1.565132164431 
1.553280831762 
1.646236195291 
1.722215000449 
1.711470991774 
1.696848890437 
1.683861333204 
1.683869733774 
1.672151095266 
1.695471592569 
1.647490802452 
1.640288013759 
1.677892796362 
1.627015004360 
1.679150723894 
1.659549533598 
1.693340514357 
1.708403319514 
1.654604920889 
1.626082518552 
1.624003741545 
1.688565387270 
1.763771131203 
1.641082539672 
1.700378071359 
1.672049065092 
1.658256219855 
1.699773948482 
1.740599564481 
1.649074786752 
1.620827851399 
1.627262128636 
1.614632992737 
1.597461744750 
1.636052675361 
1.602829665969 
1.569194265428 
1.569194265428 
1.633726831575 
1.610716671514 
1.597303461170 
1.589360636068 
1.568130688190 
1.622577516267 
1.594976781200 
1.588697675924 
1.573116236524 
1.575911571733 
1.585628012772 
1.558999363954 
1.543988140659 
1.551445284763 
1.567803139991 
1.617011066610 
1.620140308743 
1.627273952799 
1.625552249042 
1.618948794267 
1.652809870033 
1.682848188721 
1.716331443897 
1.722293470652 
1.767880703186 
1.761452789099 
1.832781340848 
1.711435788557 
1.671716550048 
1.702553075441 
1.685331235315 
1.697943822884 
1.665409549484 
1.647071827987 
1.696625931440 
1.652773254571 
1.645715618900 
1.637313038412 
1.645975103538 
1.670658973827 
1.630882398612 
1.661246068801 
1.619181927985 
1.632863912892 
1.572794521218 
1.493497863997 
1.569053577516 
1.549267607760 
1.522568126970 
1.520791987539 
1.520791987539 
1.626823025749 
1.632620738600 
1.614045000935 
1.599789908470 
1.580313132337 
1.583075230883 
1.600090494770 
1.624297093149 
1.556265506688 
1.561757102979 
1.554906828146 
1.559822004838 
1.551043043648 
1.537028188305 
1.553178235150 
1.504594395047 
1.487095135915 
1.527799963242 
1.519935776967 
1.520816187551 
1.504594069682 
1.509152091009 
1.555467141174 
1.532815291306 
1.532815291306 
1.604987492207 
1.590924079136 
1.602886432742 
1.631789931842 
1.613195876212 
1.632671511614 
1.648296548023 
1.629260860763 
1.677112016433 
1.676965848043 
1.656819901055 
1.723289218470 
1.690452237597 
1.718129653671 
1.690136246600 
1.636249158473 
1.599981289115 
1.548103530110 
1.416646574084 
1.399238498720 
1.435839848220 
1.483391950789 
1.499456908194 
1.493361156678 
1.469986579540 
1.493953535220 
1.473342660567 
1.484575650554 
1.484575650554 
1.524941847328 
1.527614147448 
1.519326543815 
1.493017849513 
1.465071209192 
1.437292877724 
1.447662506070 
1.396786532440 
1.410499431227 
1.380404978320 
1.351069685959 
1.452563137524 
1.452969476240 
1.469579885018 
1.467324949325 
1.427151072583 
1.446426765255 
1.555108617322 
1.536798728012 
1.519260359747 
1.507589137127 
1.522185115511 
1.535468894436 
1.541002611853 
1.597795649474 
1.585950681198 
1.561816274695 
1.527094634676 
1.539575492843 
1.604089919965 
1.605549070899 
1.716605287954 
1.682132826902 
1.627526653179 
1.612865612296 
1.611785548379 
1.588598427867 
1.608220387173 
1.621432596756 
1.619588078353 
1.584862926078 
1.609481136165 
1.612679464509 
1.592317473245 
1.610550922261 
1.597402471835 
1.552120496348 
1.552257892148 
1.602729504719 
1.563773491944 
1.503208332536 
1.516117105602 
1.481091976039 
1.496160886586 
1.442010266975 
1.463905842679 
1.471023496020 
1.545658341458 
1.550569088758 
1.647738588162 
1.620152242638 
1.618758982103 
1.614988099595 
1.613595288520 
1.621473476476 
1.610780397914 
1.637638294310 
1.643839669099 
1.682886291466 
1.658335474144 
1.639142242908 
1.629791720410 
1.653585480007 
1.622623456096 
1.676333809696 
1.660271888312 
1.674911904536 
1.640799230218 
1.662125815769 
1.641022266076 
1.661265430318 
1.650613712108 
1.601735572254 
1.526353002302 
1.549613087719 
1.524794233861 
1.531551602289 
1.534340916794 
1.522599030799 
1.546824684548 
1.535967269003 
1.564757802357 
1.571511258327 
1.557673987085 
1.525644326616 
1.476767901365 
1.425684243263 
1.447266846558 
1.458457541400 
1.459023309544 
1.412473577243 
1.428323458112 
1.392594514780 
1.382229211883 
1.383306706094 
1.429582747563 
1.445130360709 
1.402330219189 
1.297805752743 
1.306484476870 
1.326338090825 
1.321644020292 
1.301407503865 
1.245433591311 
1.328028709127 
1.329253500789 
1.327821798140 
1.383990620529 
1.368188737653 
1.379184452289 
1.415775575346 
1.495235311611 
1.496051598598 
1.545904766782 
1.516561259982 
1.518172484354 
1.507634237846 
1.510959659265 
1.547322629461 
1.540202493545 
1.594576509321 
1.509205590425 
1.459250527452 
1.475356563170 
1.460681547216 
1.395958474043 
1.400643628789 
1.386331865799 
1.410626487054 
1.418887571035 
1.421295809531 
1.470782507919 
1.432161282076 
1.341049893599 
1.380067652856 
1.449460094755 
1.462983249547 
1.480072073164 
1.468451724899 
1.561237276758 
1.575070373618 
1.579830001047 
1.555229530150 
1.494364001141 
1.394402036552 
1.400387277251 
1.398738484660 
1.403040331709 
1.406281122049 
1.431326451383 
1.392951939197 
1.388573168018 
1.440072197867 
1.399021911047 
1.410161708682 
1.442784806007 
1.380492884288 
1.408047521099 
1.442516131761 
1.448051709323 
1.537333353642 
1.552203112769 
1.566724643517 
1.555528038101 
1.528999552022 
1.527094947103 
1.639784079013 
1.559771309896 
1.607329969724 
1.624559338854 
1.672460950715 
1.687302699640 
1.668985611432 
1.742739623200 
1.629946476748 
1.606087235387 
1.612316057819 
1.606768119133 
1.552213304136 
1.538607126098 
1.516707198806 
1.513591660554 
1.513906496575 
1.497002759186 
1.496121284704 
1.499071311082 
1.502747686323 
1.501140416433 
1.509520743483 
1.509971743033 
1.507285124710 
1.507285124710 
1.508510523751 
1.518651055023 
1.521167050892 
1.505847198631 
1.493785497942 
1.507676852901 
1.541565817658 
1.578828748941 
1.572354072447 
1.548907871482 
1.579022370399 
1.531142143595 
1.471166394578 
1.474183693635 
1.460125798386 
1.535524047629 
1.538720571694 
1.518934673011 
1.602835705625 
1.533587097065 
1.472878260372 
1.469805831621 
1.498498451268 
1.513611326720 
1.513072453669 
1.492470962957 
1.474076524878 
1.484471474009 
1.525244864609 
1.517044539625 
1.474737143480 
1.507313529247 
1.431692804012 
1.401729608500 
1.519027846619 
1.510852450502 
1.535974373989 
1.533326499364 
1.529032259874 
1.529032259874 
1.515402241743 
1.494545084055 
1.477398645707 
1.481218294726 
1.486219047932 
1.466708474246 
1.468778236128 
1.524200482818 
1.543243519143 
1.541239897075 
1.537149366024 
1.509664576171 
1.717387599000 
1.733275217716 
1.630132637622 
1.689313277747 
1.685116366839 
1.658365368825 
1.654142274852 
1.696348543311 
1.682820591980 
1.693890042140 
1.639673218991 
1.643202689065 
1.654014699181 
1.659589275496 
1.577125368102 
1.628283165375 
1.628964910036 
1.604632933138 
1.628465923848 
1.629639334981 
1.640744560518 
1.680160556646 
1.651235590568 
1.551361740409 
1.543936832452 
1.571389511282 
1.567851524081 
1.530954237711 
1.592040279430 
1.594030656692 
1.576367280062 
1.595419733804 
1.584862611927 
1.623374031438 
1.691895694877 
1.722750499122 
1.567255067155 
1.581835545128 
1.561413675928 
1.557343967093 
1.548458310762 
1.572814157070 
1.536134272170 
1.332766819348 
1.311956138071 
1.349425384444 
1.349425384444 
1.338656435814 
1.311330330599 
1.254704789930 
1.297040158657 
1.304693154287 
1.339706410718 
1.328504817861 
1.374772839460 
1.385497364985 
1.395213013972 
1.374438528904 
1.388958871860 
1.395310687340 
1.385156285589 
1.514136328327 
1.546129051639 
1.536932939058 
1.502780448013 
1.477345926028 
1.469981246249 
1.501763343414 
1.517506522682 
1.517506522682 
1.519255599134 
1.512743772512 
1.482550007308 
1.344203465664 
1.429795351140 
1.435152781694 
1.445509276368 
1.399435309443 
1.413030472355 
1.439603812135 
1.498810829067 
1.429060645594 
1.337850325695 
1.348014311844 
1.361233980678 
1.444098507334 
1.463157512147 
1.468977702248 
1.450297785795 
1.443332118809 
1.457802057944 
1.488450715340 
1.481158727709 
1.462317527296 
1.446129629537 
1.455158933602 
1.476772922673 
1.478697985025 
1.498992898175 
1.499044885624 
1.509820489226 
1.473340388872 
1.491537115211 
1.495434210132 
1.495367299321 
1.486065905588 
1.544971207537 
1.619959522771 
1.641820644690 
1.605295376262 
1.584467095866 
1.522249245144 
1.550225970702 
1.561726870983 
1.568796626106 
1.570903650308 
1.548159199140 
1.565529275365 
1.562343293441 
1.571640357274 
1.548333010056 
1.549189535807 
1.562600124169 
1.540636539246 
1.540649545921 
1.541343870059 
1.544796499257 
1.551490861856 
1.527222113486 
1.530767267752 
1.538417514213 
1.546814417224 
1.559611665972 
1.570326694809 
1.541126084755 
1.549411497308 
1.565922510453 
1.565922510453 
1.526976541633 
1.526976541633 
1.436919950326 
1.479018878632 
1.506308541416 
1.483216341806 
1.472367211063 
1.379723658761 
1.438231166096 
1.438013459135 
1.474612356208 
1.497515524233 
1.496127796252 
1.485597858331 
1.478704470185 
1.459131320786 
1.470024628376 
1.463862118701 
1.454618369468 
1.479142109524 
1.459832530796 
1.389936124123 
1.396573775491 
1.360795276491 
1.360795276491 
1.409456026301 
1.403435314064 
1.403435314064 
1.359101650588 
1.460145676375 
1.432850185790 
1.438161927013 
1.454669955012 
1.479034260694 
1.479034260694 
1.480127254121 
1.482783440774 
1.478415183047 
1.483087367084 
1.400233733933 
1.428834583968 
1.446842709900 
1.468982920215 
1.452040778572 
1.419881658276 
1.435283572058 
1.426966045532 
1.411535893769 
1.360260561137 
1.355956803337 
1.353564214176 
1.339742983364 
1.352032010158 
1.350584373397 
1.376358773706 
1.373145343328 
1.373145343328 
1.373145343328 
1.365885970351 
1.376554137218 
1.358100246261 
1.370811190524 
1.353849999151 
1.386602392701 
1.409752089948 
1.425268679997 
1.475662756181 
1.562912429568 
1.576599777402 
1.575348976618 
1.567223633995 
1.525181237944 
1.525181237944 
1.469045855195 
1.469045855195 
1.469232131946 
1.447722899543 
1.447910378049 
1.448049032483 
1.498187190295 
1.512712642951 
1.476102449951 
1.509506414509 
1.508983555214 
1.507634718291 
1.517437515959 
1.503289480759 
1.482952456626 
1.439142027684 
1.455712795264 
1.463375799205 
1.471176600549 
1.450954498040 
1.461250611237 
1.482404987638 
1.465487655260 
1.461455145401 
1.463837387649 
1.450077984891 
1.516340292610 
1.513435964375 
1.516654835459 
1.544982138092 
1.513601568842 
1.494704260543 
1.442262884795 
1.447941556790 
1.430389975744 
1.373759910510 
1.387162101897 
1.418965984902 
1.379696124168 
1.393282568057 
1.402126085177 
1.371172166446 
1.461654137125 
1.481035797023 
1.475199297093 
1.499085854332 
1.396811747642 
1.419471582680 
1.362434606605 
1.336063127870 
1.380964378225 
1.347463365697 
1.351476894993 
1.387124959422 
1.355914156636 
1.395838496764 
1.437832368484 
1.450233504735 
1.478817205776 
1.463315983040 
1.470661357344 
1.483271164824 
1.465332148485 
1.463384128388 
1.450548461861 
1.472118817938 
1.470775343590 
1.486288889345 
1.479093251251 
1.469825725779 
1.529607852448 
1.538864012639 
1.551412497172 
1.504637288880 
1.518991278893 
1.502397180665 
1.459105582797 
1.469069283975 
1.462217754642 
1.457754722072 
1.465068082500 
1.465852264943 
1.468655685353 
1.451859509369 
1.484542525623 
1.476790380716 
1.504434597688 
1.516971399062 
1.445234180087 
1.430513861410 
1.444542390035 
1.473322230719 
1.447502424563 
1.476989021837 
1.487477306126 
1.524655654522 
1.612367131195 
1.589092853001 
1.587212284925 
1.584323895384 
1.593219744688 
1.604782549112 
1.604782549112 
1.583763489761 
1.585407279480 
1.587863970480 
1.610614202612 
1.585853165190 
1.590832922686 
1.616706764240 
1.604450007512 
1.646172227088 
1.596774861028 
1.594847322370 
1.599518890034 
1.585173837872 
1.519171513488 
1.524612307996 
1.519041820093 
1.572310263380 
1.642199382175 
1.644194983503 
1.641362892811 
1.638645817945 
1.640445952904 
1.700780827841 
1.702429434185 
1.776683505700 
1.740650812170 
1.726373380051 
1.693710948454 
1.665695421039 
1.690078942495 
1.695970103014 
1.672969594146 
1.700422019711 
1.709716138092 
1.680356050309 
1.682128800607 
1.620238658606 
1.599036412753 
1.601698501863 
1.611642437676 
1.649159351399 
1.655469868398 
1.591723534868 
1.583774534683 
1.623155828826 
1.585092352205 
1.549155613613 
1.560640037132 
1.513507173671 
1.513913769778 
1.471858087956 
1.469894749236 
1.454045070827 
1.454045070827 
1.470491486278 
1.453317295706 
1.432623834515 
1.479563060472 
1.465498314395 
1.488962894162 
1.475840225595 
1.421316962653 
1.450302269588 
1.491003870293 
1.388713490388 
1.408307843257 
1.375459674795 
1.404534025116 
1.419875177337 
1.422167253524 
1.526043466355 
1.528228393822 
1.452308502714 
1.455347612934 
1.481305463819 
1.514165920808 
1.514586227388 
1.556133570619 
1.513645146112 
1.712098419132 
1.658672505436 
1.669547800358 
1.661037052110 
1.667403253678 
1.663211651437 
1.619539653926 
1.628745444528 
1.616254614899 
1.654041461872 
1.651342582135 
1.617843070369 
1.652043466961 
1.549587666966 
1.579742050912 
1.531500720595 
1.458170069531 
1.528181269613 
1.523698065970 
1.487478258963 
1.363701230706 
1.361145746228 
1.444043318386 
1.451954151137 
1.427318249031 
1.390228164911 
1.358981359169 
1.312927200922 
1.323694593128 
1.375198159843 
1.360833381926 
1.336027454536 
1.302109048140 
1.376103278716 
1.371420726237 
1.385845953917 
1.401293789930 
1.342230146048 
1.403695243086 
1.417826757662 
1.418842670551 
1.439449253890 
1.446106030291 
1.440426657599 
1.429802449994 
1.362920007190 
1.382706094478 
1.278478841964 
1.355654533859 
1.412541776796 
1.419545779716 
1.381960161780 
1.330025990635 
1.342500598115 
1.388897743509 
1.364644607934 
1.378936139429 
1.367223722502 
1.362760046913 
1.355017412102 
1.357215904265 
1.373358824143 
1.406253348038 
1.445185036235 
1.467935215166 
1.517683122378 
1.567462000160 
1.618964842423 
1.616716599668 
1.636150103369 
1.643955379716 
1.666925232901 
1.668952666241 
1.668346712254 
1.602160199684 
1.628988364685 
1.629492006881 
1.619875562423 
1.631273730504 
1.590235074132 
1.580806739950 
1.562460034621 
1.588153963627 
1.617290130805 
1.608894216208 
1.625627504483 
1.590079668884 
1.610127216045 
1.633770832662 
1.690580446538 
1.691510580335 
1.639935328130 
1.640899601483 
1.632718237121 
