-10476.730894098644 
-10476.939082748464 
-10476.928239217956 
-10476.783401742605 
-10476.694458487587 
-10476.554207408890 
-10476.559323307554 
-10476.286074817959 
-10476.199443346528 
-10476.277982447500 
-10476.347930370552 
-10476.335104007248 
-10476.336570731251 
-10476.504732482255 
-10476.486734554290 
-10476.486407043731 
-10476.432424778099 
-10476.403978693161 
-10476.456356057402 
-10476.598484722432 
-10476.598484722432 
-10476.696289630243 
-10476.724385535423 
-10476.875350704371 
-10476.635569128252 
-10476.830158424666 
-10476.733870450578 
-10476.585592374075 
-10476.477812722138 
-10476.353339727671 
-10476.269694637040 
-10476.498053704472 
-10476.324852319443 
-10476.282598929884 
-10476.108657387056 
-10476.106216088534 
-10476.119919336754 
-10476.118725891412 
-10476.889331172039 
-10476.793112977719 
-10476.300902840463 
-10476.283323989861 
-10476.066565156358 
-10476.365379376846 
-10476.371627712679 
-10476.341269595214 
-10476.144211091445 
-10476.400190006856 
-10476.230733849097 
-10476.471927117975 
-10476.526904939066 
-10476.571538679987 
-10476.486622305809 
-10476.495849518125 
-10475.913331441387 
-10475.948049431478 
-10475.415557674902 
-10475.756143847871 
-10475.859334725281 
-10476.018598215634 
-10475.970005258567 
-10475.965273623293 
-10475.733079338585 
-10476.259093201646 
-10476.409791762748 
-10476.550202028195 
-10476.157466873470 
-10476.632523578184 
-10477.026194498585 
-10476.464873616475 
-10476.642325218147 
-10476.529696858775 
-10476.605724303075 
-10476.540996372658 
-10476.586189565063 
-10477.029069775910 
-10477.108063824773 
-10476.967741288090 
-10477.463127179279 
-10477.252423873764 
-10477.445704188829 
-10477.335495971636 
-10477.245575157331 
-10477.088855600750 
-10477.319843714795 
-10476.926709658548 
-10476.832871665021 
-10477.211459401498 
-10477.277142125298 
-10477.141928497715 
-10476.810626929473 
-10476.751257255308 
-10476.746510619276 
-10476.823182826321 
-10475.343305124074 
-10475.639953157235 
-10475.694261620121 
-10475.744702916996 
-10475.588628469945 
-10475.454429730837 
-10475.889587475096 
-10475.892528990787 
-10475.513466482043 
-10475.518622359488 
-10475.527708144635 
-10475.319043351790 
-10475.858460068062 
-10475.711724039707 
-10475.518620901126 
-10475.812373312783 
-10476.090461773532 
-10475.897780467356 
-10476.179840074154 
-10476.055634271819 
-10476.121326660646 
-10475.882802183169 
-10475.576636015361 
-10475.576636015361 
-10475.214757065154 
-10475.471067902932 
-10476.082545644806 
-10476.045468139881 
-10476.116544296699 
-10476.132235667308 
-10475.995655651108 
-10476.204688734253 
-10476.401475992341 
-10476.487510672414 
-10476.454420119448 
-10476.115134504344 
-10476.017480503255 
-10475.844679547510 
-10475.922127253727 
-10475.984508144111 
-10475.592137778991 
-10476.261409602870 
-10476.448988467888 
-10476.384532747639 
-10476.011343424458 
-10476.105819266779 
-10476.075093088248 
-10475.894701573319 
-10476.705679877807 
-10476.669314913599 
-10476.443207958166 
-10476.472061997429 
-10476.467211382938 
-10476.530486308735 
-10476.530486308735 
-10476.589246722162 
-10476.570186840121 
-10476.499627236228 
-10476.588686053559 
-10476.195290765592 
-10476.076168065845 
-10476.089221161385 
-10476.377322447779 
-10476.385578742449 
-10476.420620110121 
-10476.503511035311 
-10476.622135252670 
-10476.839138172716 
-10477.012287873151 
-10477.013025552631 
-10477.138549244584 
-10476.859941782972 
-10476.743188882210 
-10476.888715839221 
-10476.044560857741 
-10476.021624494322 
-10476.280223259271 
-10476.037737242739 
-10476.451576783609 
-10476.309482394945 
-10475.997785534782 
-10476.019587103408 
-10475.697718355683 
-10475.470495990956 
-10475.619762496686 
-10475.384457200360 
-10475.534580272451 
-10475.523096418230 
-10475.486247652338 
-10475.528043443926 
-10475.558699135549 
-10475.558699135549 
-10475.504976299322 
-10475.248996220660 
-10476.540724722077 
-10476.546109084849 
-10476.882805251827 
-10476.643370696993 
-10476.637098032979 
-10476.538112481505 
-10476.057490091389 
-10476.049626672597 
-10475.987347253464 
-10476.125255244484 
-10476.200981527825 
-10476.232299879130 
-10476.208654226097 
-10476.263960216464 
-10476.296072028701 
-10476.498152119928 
-10476.460397682853 
-10476.554265812902 
-10476.799028292098 
-10476.856873087154 
-10476.833449726957 
-10476.897243801603 
-10476.859100480238 
-10476.859100480238 
-10476.870927556140 
-10476.870927556140 
-10476.847437880946 
-10476.938705805193 
-10476.832477469059 
-10476.615840286076 
-10476.604028007008 
-10476.590028244380 
-10476.551859600679 
-10476.675112424071 
-10476.231580799929 
-10476.211813400345 
-10476.579205903927 
-10476.585552784367 
-10475.860400762123 
-10475.913703789489 
-10475.951250324089 
-10476.033419252195 
-10476.228908432802 
-10476.240890979985 
-10476.363583526188 
-10476.470651420397 
-10476.690008084135 
-10476.707019884931 
-10476.464998012085 
-10476.505177588202 
-10476.316434722929 
-10476.466263705828 
-10476.655870582374 
-10476.883462039184 
-10476.700116963970 
-10476.746401414757 
-10476.761116788164 
-10476.846102435849 
-10476.867647729478 
-10476.914499645804 
-10476.833907783588 
-10476.762344117122 
-10476.618271761214 
-10476.573463118799 
-10476.715539785111 
-10476.749937178227 
-10476.919590723433 
-10476.911771160741 
-10476.985945926004 
-10476.999083991166 
-10476.979981403592 
-10476.348976224892 
-10475.969330786815 
-10475.857185365272 
-10476.277171615488 
-10476.364932452310 
-10476.422197675345 
-10476.150210264841 
-10476.044781319866 
-10476.027125663471 
-10476.113345256201 
-10476.583650390448 
-10476.621038402540 
-10476.649508826993 
-10476.595626698141 
-10476.595626698141 
-10476.663068863740 
-10476.702609641354 
-10476.702609641354 
-10476.743553132661 
-10476.387465780719 
-10476.230601471663 
-10476.230601471663 
-10476.190571418367 
-10475.513221481091 
-10475.213854796179 
-10475.215666692604 
-10475.127530028767 
-10475.263022530622 
-10475.074916051366 
-10475.038056299145 
-10475.194875565587 
-10475.142976584113 
-10474.971838206460 
-10475.007969599414 
-10474.828849432810 
-10474.979411527218 
-10474.928003231769 
-10474.677887341661 
-10475.072854683902 
-10475.043587340870 
-10475.408638751800 
-10475.453331445275 
-10475.735070813331 
-10475.625451336768 
-10475.823662021743 
-10475.506114589234 
-10475.401232586919 
-10475.671989148730 
-10475.449525247355 
-10475.941519505148 
-10476.054544912113 
-10475.808696808512 
-10476.210376560710 
-10476.376122123689 
-10475.828135684080 
-10475.877743060324 
-10475.468105520702 
-10475.624039337921 
-10475.762727317402 
-10475.694059272899 
-10475.579769780856 
-10475.352734777702 
-10475.910180991750 
-10476.003528327328 
-10475.980439905990 
-10476.280634794593 
-10476.302957371045 
-10476.431530234468 
-10476.503999750248 
-10476.511571798645 
-10476.355546606559 
-10476.065080863684 
-10476.052880838177 
-10475.871929868012 
-10476.011005684062 
-10476.031512631866 
-10476.155448091407 
-10476.285029935079 
-10476.285029935079 
-10476.239541351286 
-10476.338304713769 
-10476.402132178593 
-10476.424190241367 
-10475.977059199371 
-10476.007507993878 
-10476.071282212453 
-10476.428942457787 
-10476.402162731489 
-10476.410874084975 
-10476.334851345666 
-10476.377948767367 
-10476.408396740375 
-10476.429316289335 
-10476.436147279943 
-10476.596891559828 
-10476.642372566812 
-10476.563160534857 
-10476.656810425899 
-10476.479700938915 
-10476.479184366610 
-10476.396627782773 
-10476.396627782773 
-10476.396627782773 
-10476.051859315829 
-10476.023503460368 
-10476.029974673413 
-10475.869634222732 
-10475.419884381854 
-10475.653487171132 
-10475.725201282934 
-10475.913619631929 
-10475.991826897018 
-10476.142718141802 
-10476.077669851109 
-10475.843719594193 
-10475.745695537980 
-10475.920130056913 
-10477.328013034738 
-10477.161894525614 
-10477.244796430978 
-10476.898754699205 
-10476.874167192396 
-10476.557372601656 
-10476.501859490500 
-10476.383416551862 
-10476.306212651289 
-10476.240896491865 
-10476.361097249133 
-10476.361097249133 
-10476.460401777749 
-10476.269758633056 
-10476.621778033754 
-10477.330807434542 
-10477.010656560809 
-10476.754725119979 
-10476.731444901841 
-10476.793268934682 
-10476.973437623456 
-10476.985231426353 
-10476.940726748198 
-10477.076872359758 
-10477.058233914691 
-10476.987442644944 
-10477.020893964727 
-10476.867275867437 
-10476.776172710379 
-10476.176426339811 
-10476.271348209961 
-10476.032010590063 
-10476.043862484747 
-10476.338054692220 
-10476.515514591920 
-10476.538125503064 
-10476.617537118684 
-10476.770113404948 
-10476.186762945361 
-10476.227432584985 
-10476.257038653534 
-10476.298371881157 
-10476.373287338169 
-10476.344784085431 
-10476.469425889993 
-10476.536621691785 
-10475.785548409178 
-10476.320664044601 
-10476.165734212042 
-10476.506264584483 
-10476.527310076457 
-10476.729962066134 
-10476.699455185013 
-10476.431070902430 
-10476.473542468806 
-10476.411190013974 
-10476.999549377339 
-10477.007545852730 
-10476.711025609458 
-10476.756102134736 
-10477.035681662011 
-10476.804705414226 
-10476.694297730070 
-10477.018784011741 
-10477.361679073700 
-10477.290031644212 
-10477.290031644212 
-10477.335279851066 
-10477.299926385112 
-10477.184378490881 
-10477.238692894272 
-10476.646395086209 
-10476.676259208676 
-10476.700871471678 
-10476.771144752569 
-10476.855630336835 
-10476.935139616398 
-10476.844980950787 
-10476.905494635754 
-10477.197689491652 
-10477.273082697910 
-10477.344590756036 
-10477.379159920560 
-10477.570738192469 
-10477.454073270117 
-10477.390833990732 
-10477.441238748585 
-10477.202375748608 
-10476.680101916449 
-10476.580754436927 
-10476.669198780557 
-10476.652385307945 
-10476.620122354851 
-10476.326269137147 
-10476.565628638400 
-10476.527079503601 
-10476.551824627002 
-10476.673006627285 
-10476.670573589670 
-10476.503060292880 
-10476.504546236001 
-10476.487087424839 
-10476.494252436780 
-10476.482623514903 
-10476.587463459362 
-10476.563188373129 
-10476.596622158311 
-10476.555380634185 
-10476.495466604361 
-10476.329403504493 
-10476.311487673900 
-10476.245173236121 
-10476.169132967034 
-10476.316708129554 
-10476.551723059714 
-10476.375684603345 
-10476.373019572231 
-10476.463208763873 
-10476.127534285437 
-10476.224378290148 
-10476.273302668982 
-10476.141335920576 
-10476.124628678623 
-10476.090709961001 
-10475.771704036164 
-10475.763487559681 
-10475.753347819202 
-10475.737407685734 
-10475.854377168273 
-10475.450110294983 
-10475.634213802348 
-10475.009560261777 
-10475.520218413469 
-10475.656996252745 
-10475.720630012200 
-10475.646890955681 
-10476.134444505509 
-10476.099071086244 
-10476.059618374209 
-10476.231682852764 
-10476.205091380492 
-10476.364366958504 
-10476.550956515226 
-10476.631996680808 
-10476.558599240951 
-10476.304889841569 
-10476.321072980472 
-10476.321072980472 
-10476.406759100832 
-10476.409692030489 
-10476.429895223004 
-10476.367229780266 
-10476.399743688251 
-10476.372095024723 
-10476.372095024723 
-10476.731094976820 
-10476.841028116824 
-10476.813160225987 
-10476.577712823277 
-10476.619707082424 
-10476.671380909349 
-10477.013099542130 
-10477.210605789694 
-10476.896495077739 
-10477.058580952451 
-10476.971823809146 
-10477.244748961064 
-10477.289128104961 
-10477.276327433297 
-10477.103029567437 
-10477.379387595533 
-10477.417583033692 
-10477.323773054224 
-10476.965660403032 
-10476.892785699822 
-10476.803990868284 
-10476.908733917144 
-10476.824090874085 
-10476.743452637460 
-10477.136778133463 
-10477.024680505339 
-10476.974455983382 
-10477.518943262356 
-10477.314179722005 
-10477.488737626863 
-10477.399784881005 
-10477.416527994965 
-10477.504210786599 
-10477.093236924649 
-10477.093236924649 
-10477.143490426914 
-10476.993823574192 
-10476.884264195718 
-10476.820538849515 
-10476.742860847224 
-10476.635124834276 
-10476.724420676481 
-10476.668296506172 
-10476.758161772810 
-10476.763963314334 
-10476.902594247134 
-10477.174614509117 
-10476.847819356284 
-10476.717756219721 
-10476.974868592715 
-10477.063084366902 
-10477.054158166884 
-10476.794159669025 
-10476.753956049582 
-10476.757959051904 
-10476.605128199186 
-10476.635372304676 
-10476.938106389513 
-10476.843238205098 
-10476.990778827565 
-10477.099635385988 
-10476.883299451287 
-10476.785913053021 
-10476.799787780819 
-10476.832839762119 
-10476.706530705354 
-10476.650619974411 
-10476.599536269510 
-10476.854008282489 
-10476.781682662513 
-10476.435926046432 
-10476.463358031246 
-10476.493990443994 
-10476.334163767777 
-10476.340709368835 
-10476.413140662506 
-10476.191446485331 
-10475.926726646758 
-10475.992530212025 
-10476.208480883372 
-10476.216551188976 
-10476.289584947559 
-10476.704389280303 
-10476.767684878807 
-10476.572053254671 
-10476.510342536656 
-10476.459585031656 
-10476.437107282834 
-10476.673980672793 
-10476.711749345290 
-10476.757122293584 
-10476.802010661926 
-10476.822958558590 
-10476.953806514684 
-10476.981497760862 
-10476.704936618633 
-10476.573502328241 
-10476.509142530500 
-10476.460145151419 
-10476.330598571642 
-10476.352076999972 
-10476.564732852779 
-10476.602496575917 
-10476.623962913920 
-10476.531564842593 
-10476.592611419328 
-10476.259932353736 
-10476.311427565204 
-10476.166565506663 
-10476.553821400779 
-10476.683726332041 
-10476.696113501672 
-10476.465941558603 
-10476.747636577420 
-10476.449860858409 
-10476.552134109321 
-10476.711110416487 
-10477.094568530702 
-10477.899740478559 
-10477.598298822471 
-10477.739295560181 
-10477.377920176385 
-10477.883800365686 
-10478.266975163731 
-10478.176806445581 
-10478.182097501845 
-10478.643256067990 
-10476.174152139383 
-10476.472987205643 
-10476.125301513430 
-10476.493394489684 
-10476.715294825453 
-10476.663170039814 
-10476.637984720242 
-10476.078398107878 
-10476.134366743212 
-10476.044423045383 
-10475.787905118579 
-10475.830440311349 
-10475.891008572828 
-10475.796240453417 
-10475.768964699060 
-10475.928401334504 
-10475.877073996789 
-10475.992069865955 
-10476.452729416973 
-10476.389472789660 
-10476.296587291123 
-10476.549245825963 
-10476.630379999830 
-10476.595737778996 
-10476.711846568513 
-10476.643135620268 
-10476.368449484757 
-10476.233524784086 
-10476.328342357050 
-10476.323693860379 
-10477.561632543498 
-10477.913248904371 
-10477.683027976573 
-10478.013321247190 
-10478.080441670434 
-10478.002058729297 
-10477.394189458266 
-10477.748031747835 
-10477.621447260135 
-10478.075600673314 
-10477.852259250707 
-10477.819402066050 
-10477.893347996047 
-10477.632412846882 
-10477.720237338086 
-10477.720237338086 
-10477.524334385940 
-10477.203273603289 
-10477.194135445165 
-10477.048099835554 
-10477.095616239987 
-10477.290488601891 
-10477.041952752590 
-10476.821258250295 
-10476.806048614029 
-10476.814014337335 
-10476.934717111822 
-10477.238479563253 
-10477.019648300899 
-10477.118987348884 
-10477.139786870010 
-10477.110445763401 
-10476.721525482113 
-10476.724205957291 
-10476.715384264991 
-10476.762491987967 
-10476.737691854887 
-10476.622666407344 
-10476.686711909546 
-10476.703040011878 
-10476.271299908778 
-10476.295450991896 
-10476.024373076003 
-10476.015733469148 
-10476.265562340963 
-10476.162299889475 
-10476.169225490279 
-10475.996000656331 
-10476.107367497212 
-10475.989145641581 
-10476.348017107652 
-10476.244874924680 
-10476.508366129390 
-10476.738809572900 
-10476.709229230933 
-10476.538470165558 
-10476.650947368362 
-10476.388071399166 
-10476.410288193445 
-10476.399292305849 
-10476.411564983804 
-10476.212818900329 
-10476.299346548409 
-10476.261698665110 
-10475.996866519019 
-10476.007776197499 
-10475.970210234813 
-10476.341663420264 
-10476.059995682368 
-10476.111844724237 
-10476.198760786749 
-10476.134054265296 
-10476.192830612748 
-10476.112765853903 
-10475.974393676599 
-10475.873418355986 
-10475.816110396800 
-10475.958807652125 
-10475.669011282627 
-10475.924794012109 
-10476.344721278932 
-10476.534074500469 
-10476.439589365635 
-10476.338314430983 
-10476.715054180180 
-10476.780384189224 
-10476.851948232590 
-10476.599136703528 
-10476.386210889696 
-10476.406611252010 
-10476.297081656492 
-10476.235301521439 
-10475.955080041615 
-10475.814010846250 
-10475.478978896595 
-10475.973531749067 
-10475.959216344521 
-10475.960096470846 
-10475.975296796008 
-10476.041336456139 
-10476.026433846453 
-10475.953402447854 
-10475.865758361228 
-10475.837908105406 
-10476.083432257563 
-10475.888410182373 
-10475.827985246906 
-10475.638390015474 
-10476.002022014763 
-10476.002022014763 
-10475.930960334372 
-10475.788027147406 
-10475.959031016848 
-10475.948582760713 
-10476.001188718528 
-10476.016139322095 
-10476.018975129015 
-10476.018975129015 
-10476.037412085818 
-10476.146211618447 
-10476.150935336920 
-10476.137063053067 
-10476.169963207729 
-10476.111841344082 
-10476.125686483359 
-10476.135976065068 
-10476.135976065068 
-10476.215882481903 
-10476.298612361112 
-10476.273959194705 
-10476.103457790587 
-10476.259215173004 
-10476.497829661774 
-10476.430336893472 
-10476.152187650370 
-10476.134219444055 
-10476.143450499456 
-10476.149153057087 
-10476.131617318424 
-10476.103374596731 
-10476.133239821389 
-10476.143291548538 
-10476.269578202062 
-10476.001932223026 
-10475.933328672672 
-10475.970451909827 
-10475.967001056109 
-10476.202151222615 
-10476.259322500024 
-10476.223747550186 
-10476.214447568596 
-10476.176975118098 
-10476.179738358840 
-10476.124205398159 
-10476.108801750041 
-10476.121569130879 
-10476.307975234125 
-10476.043307507611 
-10476.692913742441 
-10476.764685321241 
-10476.813528494042 
-10476.826475308737 
-10476.748894518829 
-10476.740532672045 
-10476.737048237170 
-10476.739358527346 
-10476.763118645498 
-10476.790292138696 
-10476.782819376240 
-10476.770914761175 
-10476.839486296014 
-10476.684073783294 
-10476.742829046296 
-10476.791772824778 
-10476.402784700129 
-10476.227811312760 
-10476.245899253998 
-10476.520034562887 
-10476.546523628160 
-10476.307042381812 
-10476.074877830135 
-10476.096651573847 
-10476.159819027471 
-10476.737555327809 
-10477.161203347308 
-10477.016908990900 
-10476.992123216769 
-10476.567337054494 
-10476.821842247715 
-10476.862527751306 
-10476.862527751306 
-10476.910400858229 
-10476.795233809937 
-10477.005925176569 
-10476.975857147647 
-10476.795039536475 
-10476.778103812863 
-10476.730490724613 
-10476.774164386094 
-10476.804846606497 
-10477.056694478466 
-10477.042024189164 
-10477.158919689320 
-10477.158919689320 
-10477.043271769933 
-10477.057815434320 
-10476.884003244137 
-10476.962764197973 
-10477.187518094906 
-10476.850730480814 
-10476.610151623889 
-10476.613983256000 
-10476.654535959367 
-10476.934493969973 
-10476.936237935925 
-10476.935391543040 
-10476.981217663397 
-10476.981217663397 
-10477.104029034559 
-10477.074463378474 
-10477.257895428575 
-10477.309529790378 
-10477.168765149576 
-10477.328430010217 
-10476.861530757938 
-10477.109077500365 
-10476.794125662134 
-10476.794125662134 
-10476.795922897880 
-10476.802744519415 
-10476.802744519415 
-10476.740038229584 
-10476.366690435128 
-10476.360180392168 
-10476.064225334441 
-10475.769894085872 
-10475.809954961660 
-10475.705721044438 
-10475.863906661612 
-10475.983288673144 
-10475.931177233902 
-10475.790732860636 
-10475.867212926622 
-10475.852658052976 
-10476.060373939965 
-10476.111299731718 
-10476.172970607347 
-10476.050984806372 
-10476.003917734964 
-10476.141275495369 
-10476.055335926691 
-10475.853183565026 
-10476.987330694230 
-10477.564120764266 
-10477.604075032436 
-10477.067288719698 
-10477.085825026581 
-10476.560602159738 
-10476.554681143803 
-10476.653432220586 
-10476.799365045275 
-10476.814022499391 
-10476.822415360250 
-10476.636217454172 
-10476.430230727019 
-10476.477153157166 
-10475.967791745194 
-10475.859715152306 
-10475.836769147789 
-10475.808540928632 
-10475.458142275274 
-10475.665555922436 
-10475.361270836765 
-10475.462604583441 
-10475.669416397328 
-10475.642176504083 
-10475.887993375880 
-10475.748900126426 
-10475.653924544487 
-10475.598625123563 
-10475.398544368461 
-10475.313054324914 
-10475.376681396448 
-10475.997719187275 
-10475.759941635715 
-10475.923179253723 
-10475.968508971986 
-10476.292579363355 
-10477.160523545224 
-10476.846216455035 
-10476.990143643463 
-10476.613412060920 
-10476.513841566950 
-10476.538242580831 
-10476.552173108759 
-10476.552173108759 
-10476.556552385355 
-10476.720179578415 
-10476.509957185401 
-10476.504300617851 
-10476.465897075923 
-10476.450183089681 
-10476.053965352672 
-10475.986148823891 
-10476.014522368558 
-10476.041009855246 
-10476.193741408513 
-10476.231364941437 
-10476.048531609358 
-10475.998233212067 
-10475.733479970630 
-10475.514349831614 
-10475.444453190194 
-10475.160057939514 
-10475.383915853563 
-10475.223537836924 
-10475.527708982216 
-10475.451633649660 
-10475.464729524312 
-10475.188166598729 
-10475.140666442865 
-10475.428694692460 
-10475.504994620987 
-10475.738752370777 
-10476.309299885599 
-10476.321243120767 
-10476.364784939578 
-10475.758853811509 
-10475.654667106213 
-10475.580732028657 
-10476.179120396795 
-10475.500126869736 
-10475.415458508394 
-10475.595028655478 
-10475.780939969782 
-10475.658550098698 
-10475.309076733411 
-10475.329010988633 
-10475.394366611743 
-10475.907239192382 
-10475.838504080590 
-10475.862232932936 
-10475.882081667016 
-10475.640414430467 
-10475.752140053746 
-10475.570293476947 
-10476.082722724896 
-10476.130200188962 
-10475.553340869563 
-10475.838282885639 
-10475.799707455211 
-10476.077520602143 
-10475.953110423055 
-10476.099050081915 
-10476.156558210661 
-10476.262428647527 
-10476.323747927408 
-10476.164730550796 
-10476.118621856986 
-10476.194908412590 
-10476.123419966336 
-10476.276931264652 
-10476.235812950696 
-10476.161150822409 
-10476.186650456870 
-10476.150255069671 
-10476.386065864823 
-10476.497344647498 
-10476.432578779033 
-10476.282755618851 
-10476.516671452826 
-10476.514471678573 
-10476.533961617719 
-10476.437564039352 
-10476.491966831305 
-10476.582686499918 
-10476.377267810065 
-10476.318049270960 
-10476.306474449877 
-10476.298916587129 
-10476.351990203915 
-10475.989559775760 
-10475.771553359067 
-10475.742875182854 
-10475.814170877067 
-10476.159281688353 
-10476.244834825964 
-10475.964669600933 
-10476.699673742458 
-10476.858727572924 
-10476.947444940992 
-10477.357250451309 
-10477.463600123336 
-10477.599235385680 
-10477.749003468696 
-10477.564793605410 
-10477.480107321928 
-10477.556696811696 
-10477.353088739337 
-10477.307954555929 
-10477.486704526324 
-10477.412759586236 
-10477.364177376709 
-10477.340187722571 
-10477.616646445451 
-10477.445228177086 
-10477.463318143509 
-10477.564031591013 
-10477.313426239709 
-10477.608844175096 
-10477.633067832725 
-10477.428215279830 
-10477.574576364872 
-10477.450837816337 
-10477.454049800195 
-10477.626376821676 
-10477.780582608060 
-10477.652254809291 
-10477.204385306946 
-10476.870557437414 
-10477.088243071159 
-10476.939942583374 
-10477.242289292797 
-10476.816465711137 
-10476.485526286931 
-10476.486460497839 
-10476.482795860617 
-10476.640233833710 
-10476.649930014011 
-10476.561520550431 
-10476.543536783458 
-10476.374263978872 
-10476.685217168555 
-10476.753813066194 
-10476.692243607387 
-10476.689093172641 
-10476.674397255276 
-10476.599745917683 
-10476.750212817489 
-10476.702017217362 
-10477.039545920559 
-10476.709603774863 
-10476.803863168288 
-10476.798429718092 
-10476.839704951777 
-10476.847930580745 
-10476.833580986116 
-10476.813499499718 
-10476.532290639445 
-10476.673904156058 
-10476.702121588063 
-10476.672304537531 
-10476.775842456349 
-10476.733157760531 
-10476.835548831517 
-10476.792979956936 
-10476.582730310185 
-10476.901346409892 
-10476.936775016604 
-10476.989035123521 
-10477.167725699543 
-10477.032259837195 
-10476.599287180443 
-10476.671964505349 
-10476.642623021989 
-10476.773778417244 
-10476.754408279596 
-10476.747443822280 
-10476.747443822280 
-10476.776041367397 
-10476.881242213492 
-10476.883721924934 
-10477.042824103064 
-10476.681485251207 
-10476.530842893364 
-10476.557512530349 
-10475.929052341213 
-10475.993425936605 
-10476.108068848715 
-10476.029979561999 
-10475.700095344224 
-10475.938032353364 
-10475.938032353364 
-10475.891845522219 
-10475.672227031077 
-10475.683777362856 
-10476.072254537430 
-10476.224689438775 
-10476.429447477030 
-10476.235527323788 
-10476.326996081900 
-10476.242630524530 
-10476.405681415139 
-10476.455566923805 
-10476.445082544826 
-10476.438103809915 
-10476.665007018024 
-10476.639175952061 
-10476.642324652101 
-10476.665417803673 
-10476.665417803673 
-10476.664383413246 
-10476.619140005978 
-10476.568205141786 
-10476.460456778805 
-10476.519190925161 
-10476.465125721272 
-10476.468681600902 
-10476.557866097795 
-10476.454907845342 
-10476.275850540258 
-10476.332821775664 
-10476.097652114604 
-10476.269125006977 
-10476.094754462960 
-10476.170369715330 
-10476.015057609618 
-10475.949592191871 
-10476.194705129505 
-10476.246793328255 
-10476.292697920660 
-10476.323366060846 
-10476.325218658882 
-10476.317897735751 
-10476.105062270624 
-10476.015935898960 
-10475.646976639426 
-10476.065048944003 
-10476.084350236482 
-10476.154385585991 
-10475.956685049992 
-10476.061825503633 
-10476.087539728544 
-10475.906509823095 
-10476.211405268830 
-10476.054876177390 
-10476.145227063929 
-10475.475765564885 
-10475.028265976505 
-10475.242323765557 
-10475.216217675337 
-10475.315143671583 
-10475.369634775967 
-10475.442098482728 
-10475.299984395224 
-10475.650380099951 
-10475.417888993388 
-10475.278823617109 
-10474.702676820219 
-10475.260142973639 
-10475.254155402201 
-10475.659266520654 
-10475.802171521258 
-10475.850052607278 
-10475.957597726745 
-10476.049160316868 
-10476.040785795412 
-10475.921209253449 
-10476.122952642494 
-10475.758819228658 
-10475.830284025702 
-10476.182142410464 
-10476.273078311207 
-10476.079050096845 
-10476.255378989666 
-10476.251716883698 
-10476.178042367548 
-10475.857132391700 
-10475.831901998225 
-10476.001741942380 
-10476.051544411217 
-10476.011573855252 
-10475.974189129651 
-10476.126912640457 
-10476.406056267913 
-10476.624746882355 
-10476.788235559634 
-10476.812012970644 
-10476.682127028706 
-10476.720858549310 
-10476.625456559490 
-10476.287774678251 
-10476.406629901952 
-10476.251204922431 
-10475.671513426663 
-10475.547755000965 
-10475.229952492868 
-10475.872241844170 
-10475.762876529097 
-10475.803242201202 
-10475.867381482596 
-10475.577605540997 
-10475.729172116502 
-10475.580935034945 
-10475.767598697359 
-10476.593272751681 
-10476.357348269497 
-10476.681672851488 
-10476.853119144447 
-10476.752506965016 
-10476.724623043430 
-10477.099387047236 
-10477.113559584883 
-10476.983331449966 
-10476.875759136559 
-10476.876818944576 
-10476.901026972944 
-10476.789190451178 
-10476.663182192420 
-10476.656180636630 
-10476.569930160455 
-10476.874011462565 
-10476.868693001454 
-10476.780418781993 
-10476.802674375902 
-10476.771521789393 
-10476.678220511736 
-10476.996605734623 
-10476.720992954935 
-10476.861077426940 
-10476.846234300807 
-10477.089548076929 
-10477.117717803152 
-10477.032100892427 
-10476.802615632569 
-10476.874643242316 
-10476.892531897469 
-10476.827332220286 
-10476.804712207952 
-10476.800968987485 
-10476.774116359684 
-10476.777288709587 
-10476.783906245824 
-10476.787129478524 
-10476.749660894324 
-10476.784778331737 
-10476.755508645585 
-10476.755508645585 
-10476.755508645585 
-10476.755508645585 
-10476.755508645585 
-10476.755508645585 
-10476.662546457283 
-10476.709818448655 
-10477.057730171420 
-10477.294047856360 
-10477.515157605809 
-10477.150482435007 
-10476.863660487874 
-10476.726787146628 
-10476.822029876355 
-10476.564402073094 
-10476.203112552088 
-10476.252804944497 
-10476.123241561718 
-10476.076997267342 
-10476.575427563843 
-10476.328168579872 
-10476.269740395810 
-10476.310560468130 
-10476.072722171846 
-10476.283616110337 
-10476.449113375729 
-10476.379814289772 
-10476.714477490188 
-10476.427303828435 
-10476.503844166327 
-10476.216902963231 
-10476.441531446115 
-10476.572074954154 
-10476.460687932498 
-10476.467781969077 
-10476.486838157813 
-10476.479197315522 
-10476.701379972175 
-10476.842467531989 
-10476.699213369182 
-10476.552580014746 
-10476.599252184547 
-10477.464302769542 
-10477.353111071476 
-10477.339435563255 
-10477.098130597451 
-10476.921691433161 
-10476.744237516741 
-10476.897563615525 
-10476.446841849813 
-10476.330845542885 
-10476.235188915454 
-10476.210907455099 
-10476.263921550719 
-10476.124835541163 
-10476.245546687873 
-10476.321260780212 
-10476.516054394675 
-10476.548694730764 
-10476.501382673961 
-10476.491584467320 
-10476.446965339417 
-10476.419296714565 
-10476.419296714565 
-10476.347013145711 
-10476.321444161784 
-10476.321444161784 
-10476.250349312826 
-10476.303053502890 
-10476.358817812854 
-10476.368438811838 
-10476.272665544489 
-10475.443135003834 
-10475.342516521861 
-10475.466658093394 
-10475.515836583802 
-10475.267816504251 
-10475.467117179520 
-10475.081100412071 
-10475.274962926605 
-10475.357154712279 
-10475.249988973990 
-10475.414852500464 
-10475.305817346363 
-10475.518109192508 
-10477.693613338457 
-10477.592596277365 
-10477.459609247417 
-10477.174783566614 
-10476.544114347023 
-10476.489305599227 
-10476.418028554668 
-10476.802141335087 
-10476.065503375532 
-10476.065057011543 
-10475.870586238638 
-10476.172695789312 
-10476.172695789312 
-10476.212036954434 
-10476.289587708034 
-10476.222024477467 
-10476.148542525501 
-10476.361441692774 
-10476.402502827359 
-10476.507534231227 
-10476.653714150299 
-10476.670681883355 
-10476.642339668259 
-10476.500439853035 
-10476.574448771928 
-10476.575254976733 
-10476.800434406232 
-10476.862585604154 
-10476.877399562372 
-10476.877399562372 
-10476.764806377725 
-10476.781971303040 
-10476.839594572433 
-10476.928618991979 
-10476.682431148145 
-10476.713936692613 
-10476.538374470494 
-10476.555352546613 
-10476.460090935167 
-10476.519061062001 
-10476.913002867943 
-10476.878440286215 
-10477.045718618849 
-10477.090732899829 
-10477.011281618376 
-10477.034236299734 
-10477.024365621901 
-10476.984800278698 
-10477.019145236978 
-10477.142463705552 
-10476.965457589840 
-10477.019899986004 
-10477.024869737053 
-10477.024869737053 
-10477.380840447448 
-10476.918903264843 
-10476.941676763372 
-10477.198636255356 
-10477.079178217846 
-10477.638681374972 
-10477.456029895626 
-10477.438181318088 
-10477.374605005863 
-10477.265690407387 
-10477.317900647542 
-10477.044551174928 
-10477.113632693512 
-10477.202671290594 
-10477.183071888443 
-10477.246328889716 
-10477.309781706455 
-10477.381966949069 
-10477.223509258198 
-10477.198202714175 
-10477.196538578788 
-10476.927868260453 
-10477.006719888386 
-10476.511595989870 
-10476.403035438785 
-10476.441981791368 
-10476.444448310902 
-10476.445686153620 
-10476.460172215744 
-10476.592219827613 
-10476.127046966600 
-10476.114182120362 
-10475.961080759136 
-10476.063118585882 
-10476.106418180951 
-10476.194119643753 
-10476.666798896291 
-10476.788586492810 
-10476.827099357426 
-10477.016592714574 
-10476.322874220781 
-10476.310937406175 
-10476.187828634307 
-10476.187828634307 
-10476.174765931852 
-10476.218464015765 
-10476.068543032812 
-10476.119146888654 
-10476.156489527708 
-10476.210313503720 
-10476.142700117629 
-10475.988515747535 
-10476.489669114997 
-10476.365227489081 
-10475.958964671912 
-10476.011379022595 
-10475.956065943359 
-10476.880310976023 
-10476.799378241998 
-10476.672365875673 
-10476.674331912374 
-10476.613380351806 
-10476.572986114179 
-10477.089669851510 
-10477.254858360346 
-10477.253864163309 
-10477.562214159128 
-10477.545991152578 
-10477.569969478885 
-10477.918417095365 
-10477.625230859901 
-10477.651374716117 
-10477.797461063303 
-10477.964321951544 
-10477.996902536130 
-10477.640177679099 
-10477.045795598013 
-10477.055913292519 
-10477.585070901641 
-10477.165932602777 
-10477.347169394203 
-10477.304084924981 
-10477.300495053387 
-10477.299911795290 
-10477.184160705798 
-10476.970130315762 
-10477.290930105783 
-10477.303645457587 
-10477.076691474040 
-10476.886075537492 
-10476.785775542756 
-10476.811250111714 
-10476.721312583048 
-10477.175788370399 
-10477.408818428941 
-10476.710375214479 
-10476.704514671854 
-10476.639787852757 
-10476.647941821484 
-10476.849988972568 
-10476.858778780052 
-10476.858778780052 
-10476.796088776642 
-10477.018145278344 
-10476.668296558490 
-10476.572771482193 
-10476.270057950096 
-10476.739320110044 
-10476.791175266537 
-10476.752627655824 
-10476.762815207880 
-10476.631507225340 
-10476.609028975408 
-10476.089983593072 
-10475.940768317749 
-10476.402714002374 
-10476.392938498584 
-10476.390507261895 
-10476.376480687131 
-10476.157258306415 
-10476.106696077255 
-10475.770596080638 
-10475.569813228130 
-10475.733674657733 
-10475.544329484861 
-10475.718001532210 
-10476.079829204746 
-10476.033081401132 
-10476.042390431201 
-10476.154611966633 
-10476.139903830666 
-10476.176825588916 
-10476.055264336073 
-10475.894705737679 
-10477.021556306656 
-10477.045914287393 
-10476.905886130553 
-10476.895294636621 
-10476.884864030317 
-10476.890080671874 
-10476.890080671874 
-10476.867067787543 
-10476.752403109807 
-10476.713362758392 
-10476.923115324813 
-10476.780286672718 
-10476.561792465538 
-10476.626716615618 
-10476.773633709650 
-10476.639718288861 
-10476.564352970965 
-10476.540892233405 
-10476.540892233405 
-10476.619781029764 
-10476.615861434413 
-10476.580458261980 
-10476.568864255696 
-10476.637638799109 
-10476.464110020863 
-10476.514420150883 
-10476.528384054787 
-10476.511230321879 
-10476.475092834882 
-10476.502374454665 
-10476.414797509506 
-10476.390052016468 
-10476.394110547551 
-10475.993288188114 
-10476.020383348670 
-10476.019728075926 
-10476.199024086860 
-10476.054108018545 
-10476.046578812226 
-10476.055508594398 
-10475.997857714490 
-10475.836235820658 
-10475.968613821755 
-10476.093557510052 
-10476.429718304369 
-10476.186419744212 
-10476.251057006353 
-10476.572076050281 
-10476.559542388455 
-10476.372451995974 
-10476.243817668492 
-10476.341255669313 
-10476.501912261840 
-10476.669633212647 
-10476.928606676716 
-10476.811519158688 
-10476.817845098241 
-10476.825573402743 
-10476.599095834479 
-10476.230599136939 
-10475.961070267953 
-10475.955563703235 
-10475.980051359486 
-10475.987382685811 
-10476.060310938150 
-10476.029432357800 
-10476.007422158367 
-10475.824198378745 
-10476.264643044091 
-10476.329184714681 
-10476.393539804185 
-10476.657468940157 
-10476.560401293589 
-10476.527421276507 
-10476.849073034336 
-10476.729735291219 
-10476.698904650171 
-10476.757980687409 
-10476.594241851966 
-10476.864477952873 
-10476.991783529716 
-10477.518099603692 
-10477.256009005818 
-10477.307765345286 
-10477.489167117255 
-10477.499072400833 
-10477.736683885390 
-10477.376744919444 
-10477.335360992434 
-10477.219015349099 
-10476.511996706742 
-10477.070490544318 
-10476.972704839603 
-10476.678516397555 
-10476.995320333124 
-10477.023634454421 
-10477.034812749000 
-10476.835935579680 
-10476.743300108374 
-10477.232801188507 
-10476.924428352762 
-10476.905896335618 
-10476.749562065310 
-10476.787696650697 
-10476.955988651867 
-10476.873835196850 
-10476.948066696192 
-10476.937070861763 
-10477.187847908475 
-10477.228187738492 
-10477.239943863047 
-10477.134352163341 
-10477.104258030946 
-10477.436903590511 
-10477.451367449734 
-10477.419664446918 
-10477.562413151914 
-10477.331519215131 
-10477.004769156809 
-10477.128850513622 
-10477.128850513622 
-10477.347782348734 
-10477.259020615385 
-10477.503073436259 
-10477.628781114372 
-10477.416337036097 
-10477.393773843109 
-10477.190628499959 
-10477.413262830440 
-10477.413262830440 
-10477.362371749110 
-10477.284543577818 
-10477.549475515039 
-10477.312929860920 
-10477.221929908723 
-10477.216588454101 
-10477.278081676155 
-10477.010014908885 
-10476.883167426640 
-10476.948573841779 
-10476.933592281894 
-10476.944949493723 
-10477.003450249980 
-10476.849954275947 
-10476.759533641249 
-10476.691454963109 
-10476.789526840163 
-10476.861256408569 
-10476.878205927900 
-10476.736152937654 
-10477.079202333181 
-10477.145507262278 
-10477.229007184345 
-10477.333643763484 
-10477.634722534573 
-10477.684917387824 
-10477.851252617853 
-10477.738419198158 
-10477.856096241077 
-10477.814266882087 
-10477.814266882087 
-10477.344151502315 
-10477.173080810669 
-10477.221427712493 
-10477.225343920174 
-10477.349770412080 
-10477.580805028720 
-10477.314375607613 
-10477.569737990423 
-10478.011474879460 
-10478.087185117081 
-10478.126389237048 
-10478.210019434948 
-10478.313248882279 
-10478.748231099795 
-10478.928298229413 
-10478.835669086176 
-10478.824110164538 
-10478.854036930494 
-10478.688340205215 
-10478.021645201932 
-10478.147923683775 
-10478.585371295063 
-10478.585371295063 
-10478.339633240856 
-10477.910562591704 
-10478.022856407755 
-10478.083518142712 
-10476.448681917665 
-10476.413268044311 
-10476.227203484637 
-10475.780012862608 
-10475.809287994085 
-10475.714292950765 
-10475.851269090263 
-10475.887797130157 
-10475.896490586638 
-10475.681824982639 
-10475.944385976591 
-10476.193329068219 
-10476.191844351504 
-10476.157652305475 
-10476.253221345552 
-10476.311469030681 
-10476.342323333420 
-10476.398308492657 
-10476.397881767052 
-10476.436720642047 
-10476.586105741455 
-10476.579354913692 
-10476.310677163581 
-10476.037368532907 
-10476.161174504337 
-10476.117730530392 
-10476.160023594275 
-10476.182888458321 
-10476.179239802939 
-10476.454110068260 
-10476.430822538967 
-10476.435365372108 
-10476.660058172945 
-10476.712956077814 
-10476.839848817448 
-10477.141511647551 
-10476.966006552622 
-10476.696839807555 
-10476.771217597323 
-10476.945143609442 
-10476.984864113801 
-10476.918400235452 
-10476.839207006798 
-10476.870865946434 
-10476.712131860757 
-10476.609461198866 
-10476.498475053357 
-10476.652643621492 
-10476.654129782601 
-10476.350778464957 
-10476.316750854407 
-10476.617547202050 
-10476.622378677293 
-10476.620829279967 
-10476.734664092426 
-10476.840959575366 
-10476.801292224203 
-10476.924757497596 
-10476.524093012235 
-10476.974879556752 
-10477.112739331251 
-10477.248709591679 
-10477.202441754411 
-10477.196720158699 
-10477.174920244001 
-10477.516429316629 
-10478.009766984833 
-10478.227005457555 
-10478.349994238344 
-10477.623164323060 
-10478.083407784494 
-10478.295974049584 
-10478.512026975914 
-10477.475488642105 
-10477.737319443548 
-10477.184126480171 
-10477.355678098995 
-10477.395420030240 
-10477.627902061688 
-10477.986608574636 
-10477.925468808126 
-10477.504274993393 
-10477.118655994676 
-10476.990966738134 
-10476.482083830453 
-10476.455791993611 
-10476.787546767599 
-10476.473445520789 
-10476.613279522277 
-10476.280674253012 
-10476.322994744643 
-10476.523932481448 
-10476.569860010028 
-10476.720609556140 
-10476.894842562306 
-10476.590173302069 
-10476.410313381559 
-10476.830696228924 
-10477.048595282862 
-10477.057740805694 
-10476.898202879634 
-10476.943008119695 
-10476.973619791828 
-10477.076968195010 
-10476.702040079517 
-10476.687573614745 
-10476.879964242225 
-10476.912924916744 
-10476.828934016687 
-10476.670609263341 
-10476.693551732940 
-10476.712796008303 
-10476.703302392947 
-10476.725700702675 
-10476.687912754722 
-10476.362543847936 
-10476.480505147527 
-10476.464933420822 
-10476.383426935854 
-10476.373476185698 
-10476.419280732818 
-10476.328830852632 
-10476.369066504632 
-10476.375819045728 
-10476.391035665609 
-10476.372526958115 
-10476.290076376128 
-10475.934837086079 
-10476.046162121320 
-10475.697870051556 
-10475.564708190996 
-10475.820577511011 
-10476.024962124591 
-10476.083128593818 
-10475.962560826147 
-10475.799024882417 
-10475.642091663691 
-10475.586910089751 
-10475.997341055230 
-10475.999489531161 
-10476.099129001546 
-10476.099129001546 
-10476.273378717286 
-10476.077467556628 
-10476.218142729214 
-10476.156481805767 
-10476.060691624463 
-10475.874005587088 
-10475.956290347009 
-10475.980993480938 
-10475.906858569053 
-10475.849189162473 
-10475.727270659070 
-10475.727270659070 
-10475.759020917560 
-10475.800573505101 
-10475.663588135749 
-10475.845141247151 
-10475.852035884905 
-10475.802016697522 
-10475.721925400177 
-10475.721925400177 
-10475.799778934830 
-10475.788094498916 
-10475.763652243648 
-10475.884362693074 
-10475.779969984274 
-10475.833467939348 
-10475.622237750698 
-10475.905015241988 
-10475.334476158176 
-10475.689119186591 
-10475.738209244530 
-10475.929258847549 
-10475.682075763809 
-10475.806756444952 
-10475.713026199841 
-10475.722257116342 
-10475.778221759505 
-10475.887631076492 
-10475.556415475283 
-10474.958716112857 
-10475.403440098376 
-10474.811365881982 
-10474.948448129115 
-10474.792069069890 
-10474.463470036093 
-10474.313305766584 
-10474.787716244045 
-10475.171583991823 
-10474.890182957459 
-10475.063934873357 
-10475.274777901162 
-10474.870031061771 
-10475.323664203521 
-10475.250182012116 
-10475.256074895335 
-10475.265673573133 
-10475.187490361224 
-10475.868340948340 
-10475.734646674166 
-10476.069020891391 
-10476.161399137751 
-10476.196838383212 
-10476.163782009293 
-10476.126329911776 
-10475.933478488671 
-10476.363959304113 
-10476.434793195349 
-10476.268320684958 
-10476.468900642858 
-10476.725082642388 
-10476.736692094750 
-10477.017582792894 
-10476.826450372437 
-10476.911109057630 
-10476.923815094493 
-10476.895486795298 
-10477.014766749982 
-10476.985897599632 
-10477.035691814548 
-10477.001639678205 
-10476.821799556827 
-10476.640746730787 
-10476.657230944289 
-10476.528113222746 
-10476.634309117031 
-10476.634309117031 
-10476.669006770850 
-10476.928300273530 
-10476.871340910273 
-10476.907000739993 
-10476.986779793138 
-10476.848388411205 
-10476.642203281088 
-10476.755512500797 
-10477.007759010123 
-10477.078589975001 
-10476.865832144094 
-10476.884622412150 
-10476.700548882818 
-10476.709882915478 
-10476.885089966074 
-10476.998768839183 
-10477.037081072089 
-10477.015840629465 
-10476.942004361897 
-10477.214983675991 
-10476.998147543542 
-10476.583522323957 
-10476.590515715805 
-10476.620894973961 
-10476.851729104963 
-10476.966375106944 
-10476.828102909431 
-10476.793549094502 
-10476.721009501105 
-10476.194996629141 
-10476.032707427565 
-10476.157902649406 
-10476.032980843283 
-10476.901665040949 
-10477.037212379873 
-10477.306460984122 
-10477.257002662607 
-10477.257002662607 
-10477.387616996886 
-10477.417914579166 
-10477.202985090680 
-10477.230431244805 
-10477.174424041283 
-10477.053641110722 
-10476.989915073438 
-10476.768723154226 
-10477.227164637270 
-10477.216070839422 
-10477.234209453383 
-10477.288480997686 
-10478.378527407438 
-10477.874466216435 
-10477.995485843874 
-10477.979028458234 
-10477.189099826663 
-10477.080284187175 
-10477.053965333082 
-10476.975615819745 
-10476.683442979433 
-10476.827948323145 
-10476.868142063991 
-10477.001256570151 
-10476.687728031582 
-10476.569537302348 
-10476.230133093244 
-10476.468994259656 
-10476.392653804314 
-10476.230166645224 
-10476.245041057724 
-10476.493804834488 
-10476.316751331648 
-10476.693702463688 
-10476.820401159339 
-10476.696030963330 
-10476.524386176308 
-10476.469095837865 
-10476.760066532082 
-10476.650538016356 
-10476.637862028554 
-10476.649020160683 
-10476.332605834041 
-10476.358694658487 
-10476.465632511348 
-10477.350280207511 
-10477.589182427029 
-10477.582198679109 
-10477.860860705105 
-10477.690039130674 
-10477.555624195411 
-10477.910941824919 
-10477.687879549419 
-10477.752805850560 
-10477.990438807783 
-10477.754144555862 
-10477.900104482729 
-10477.761394722176 
-10477.567101651019 
-10477.522857235404 
-10477.560093649545 
-10477.507327823798 
-10477.507327823798 
-10477.273700058111 
-10477.311765345215 
-10477.305180531686 
-10477.095656791857 
-10477.094882841662 
-10476.639367681459 
-10476.624902760013 
-10476.965851818541 
-10477.033555058651 
-10476.824874455247 
-10476.778895973805 
-10476.897573384804 
-10476.929144735055 
-10476.964959397315 
-10477.003600015760 
-10476.747113625508 
-10476.760943426092 
-10476.989297928447 
-10476.973344790473 
-10477.073750184800 
-10477.107860913231 
-10477.082005407936 
-10477.075265397505 
-10477.111535783855 
-10477.361282507505 
-10477.312411007910 
-10477.474984975293 
-10477.520155773989 
-10477.766423398662 
-10477.409984167030 
-10477.335946549203 
-10477.313189345259 
-10477.404562044683 
-10477.331212906218 
-10476.748307643507 
-10476.549466964740 
-10476.390015172674 
-10476.155376199549 
-10476.460609018863 
-10476.479216936741 
-10476.429871463086 
-10476.451540445882 
-10476.572314447307 
-10476.621316833638 
-10476.476286655663 
-10475.794716093196 
-10475.944803847588 
-10476.080471011601 
-10475.868576274759 
-10476.050437409529 
-10476.587708275438 
-10476.628793304209 
-10476.724455774714 
-10476.738264501810 
-10476.835268921914 
-10476.987718910585 
-10476.911524832865 
-10477.205897636153 
-10476.317558667399 
-10476.487609937438 
-10476.467450403597 
-10476.414431425230 
-10476.441533461275 
-10476.399818866794 
-10476.416410754280 
-10476.450567107438 
-10476.729636164087 
-10476.851077832460 
-10476.797387397119 
-10476.785293827086 
-10476.785293827086 
-10476.731843495398 
-10476.715113716296 
-10476.771255030915 
-10476.771255030915 
-10476.463997157780 
-10476.234209219218 
-10476.206167501578 
-10476.239863400102 
-10476.178979273020 
-10476.222627492847 
-10476.329228909772 
-10476.335548745225 
-10475.959717007408 
-10476.089032338037 
-10476.103886363817 
-10475.957253392855 
-10475.897908690156 
-10475.605608330401 
-10475.728268387651 
-10475.730840197966 
-10475.654209920769 
-10475.174029196827 
-10475.169345693113 
-10475.202514363154 
-10475.428012735199 
-10475.276879514087 
-10475.236509780612 
-10475.440606109558 
-10475.495240095755 
-10475.249266648276 
-10475.381939278575 
-10475.356927038600 
-10475.424199272940 
-10475.749821914464 
-10476.022969541931 
-10475.809982680263 
-10475.830822693528 
-10475.706416150340 
-10475.641963226682 
-10475.399326217510 
-10475.570401921177 
-10475.542056223201 
-10475.564703442882 
-10475.804537994747 
-10475.585419248753 
-10475.938466451033 
-10475.987575177183 
-10475.964905265533 
-10475.990466175057 
-10475.996254538019 
-10476.030374865079 
-10476.030374865079 
-10476.082971181249 
-10476.062590512995 
-10476.090048276754 
-10476.176153205630 
-10476.254155013425 
-10476.371861059582 
-10476.601209742090 
-10476.574611907117 
-10476.622812744239 
-10476.791748280963 
-10476.698908661065 
-10476.714824366773 
-10476.751926653051 
-10476.537666592916 
-10476.583873959496 
-10476.605007804957 
-10476.579902840967 
-10476.568895707242 
-10476.341845833271 
-10476.414533468820 
-10476.456682603957 
-10476.038756444483 
-10476.486716123991 
-10476.578139393796 
-10476.519627942551 
-10476.682232297433 
-10476.733812788932 
-10476.752202452624 
-10476.705824385599 
-10476.474332752103 
-10476.161548920216 
-10476.161548920216 
-10475.898466230614 
-10475.578410433505 
-10475.807078063226 
-10475.921299424159 
-10475.816163956868 
-10475.652019609452 
-10475.305481191277 
-10475.466642948046 
-10475.726340937023 
-10475.521107864723 
-10475.091415661438 
-10475.241484124423 
-10475.780768569735 
-10475.933382464174 
-10475.462832114552 
-10475.419499684063 
-10475.528454495687 
-10475.422759375973 
-10475.753229936432 
-10476.016797825550 
-10476.151079946416 
-10475.976555976815 
-10476.139093093938 
-10476.148072891900 
-10476.108351275150 
-10476.068252716592 
-10475.935333801483 
-10475.999708587260 
-10476.145325994930 
-10476.325560262563 
-10476.202182964114 
-10476.144529351765 
-10475.999597374353 
-10476.117561305775 
-10476.380908347508 
-10476.128978743545 
-10476.411170070605 
-10476.593877376177 
-10476.942000509483 
-10476.823095015132 
-10476.614895966413 
-10476.477611712857 
-10476.422310243381 
-10476.488397378262 
-10476.453634543497 
-10476.363846866856 
-10476.243261378249 
-10476.374007271006 
-10476.476388643670 
-10476.470339899919 
-10476.312945610391 
-10476.418886809552 
-10476.468494809356 
-10476.717827850927 
-10476.673991808266 
-10476.772264659370 
-10476.885187025113 
-10477.021850943720 
-10476.884737645889 
-10476.732442383516 
-10476.852078256527 
-10476.276270874841 
-10476.037515008853 
-10476.025497106259 
-10476.025497106259 
-10476.064975838159 
-10476.277077912366 
-10476.291712920973 
-10476.185948748858 
-10475.296790813187 
-10475.442765475460 
-10475.192182759858 
-10475.491271579353 
-10475.198897208760 
-10475.680235307984 
-10475.789309333411 
-10476.315324938323 
-10476.400858211873 
-10476.488452412766 
-10476.735099646112 
-10477.463596441048 
-10477.407337766574 
-10477.050928954173 
-10476.801617651274 
-10476.620286828089 
-10476.621928895951 
-10477.040411055992 
-10477.232044213302 
-10477.309058176761 
-10477.280622329423 
-10477.590974884355 
-10477.803622825953 
-10477.297592282097 
-10477.314443664638 
-10477.407883055144 
-10477.200460764812 
-10477.133443018249 
-10477.345876700210 
-10477.022645027660 
-10477.259602107570 
-10477.178201150437 
-10477.229217921811 
-10477.378647477557 
-10477.355612471672 
-10477.554200970731 
-10477.096302138145 
-10477.053294289073 
-10476.903281165529 
-10477.148860553292 
-10477.020162861863 
-10477.147113210702 
-10477.230819386536 
-10477.396117751261 
-10476.745879100634 
-10476.695614019991 
-10476.815958770965 
-10476.808014859864 
-10476.627881006802 
-10476.655379964119 
-10476.628832768693 
-10476.554822344127 
-10476.672597869694 
-10476.911441475837 
-10476.815714245789 
-10476.602916461246 
-10476.524590363455 
-10476.532173175990 
-10476.324992798800 
-10476.456462838640 
-10476.375003251434 
-10476.555428997894 
-10476.413277233823 
-10476.402217935931 
-10476.431000845461 
-10476.400658858183 
-10476.398159641780 
-10476.463494740976 
-10476.503610909842 
-10476.503610909842 
-10476.069089376570 
-10475.897513582107 
-10476.021412816101 
-10475.921189285245 
-10475.973259199265 
-10475.796052766602 
-10475.775992823232 
-10475.826098993231 
-10475.774698771873 
-10476.001715970597 
-10475.992275777533 
-10475.946983684857 
-10475.895692065666 
-10475.936271830051 
-10476.069313496759 
-10476.289378502728 
-10476.378849038190 
-10476.389836608305 
-10476.264668691638 
-10476.358922564770 
-10476.416194552174 
-10476.377066348288 
-10475.978915812690 
-10476.056610050373 
-10475.941881821020 
-10475.941881821020 
-10476.006629180623 
-10475.900722996235 
-10476.026944382460 
-10476.735654832384 
-10476.723185159737 
-10477.051431156697 
-10476.795189200822 
-10476.840296435841 
-10476.572032812350 
-10476.541823246995 
-10476.571942420891 
-10476.142578091543 
-10476.291861074173 
-10476.436751466301 
-10476.396707269365 
-10476.396707269365 
-10476.428129946604 
-10476.613614045562 
-10476.691521263247 
-10476.640188032346 
-10476.500908294736 
-10476.509164769763 
-10476.610982465292 
-10476.637467884913 
-10476.785061037346 
-10476.856495204816 
-10476.524447985503 
-10476.461899654938 
-10476.533550797099 
-10476.470183256453 
-10476.382543016010 
-10476.572974979033 
-10476.431085730706 
-10476.491073765139 
-10476.469974333664 
-10476.506955161502 
-10476.506955161502 
-10476.505009130880 
-10476.479426287797 
-10476.430954126448 
-10476.390086537018 
-10476.401508531375 
-10476.460442300742 
-10476.679820942451 
-10476.630360399035 
-10476.812016225751 
-10476.802458229584 
-10476.808838426483 
-10476.923084621143 
-10476.812621815958 
-10477.071955292231 
-10477.031034915581 
-10477.064668738070 
-10476.972916437826 
-10476.743696082749 
-10476.699927075457 
-10476.546453892466 
-10476.799123244204 
-10476.899507393586 
-10476.898468274618 
-10476.780652355503 
-10476.548903928464 
-10476.596492940147 
-10476.460783527607 
-10476.488782387865 
-10476.444242152111 
-10476.562506648288 
-10476.319209689585 
-10476.520589690377 
-10476.815319787584 
-10477.105619575987 
-10477.105619575987 
-10477.104363851469 
-10476.994106630846 
-10477.008361237618 
-10476.879297372112 
-10476.752372248815 
-10476.316312638181 
-10476.444362204631 
-10476.569249704362 
-10476.579295422356 
-10476.546157923935 
-10476.553949255820 
-10476.560207023722 
-10476.768072663008 
-10477.361209619565 
-10477.535144736639 
-10477.574705624476 
-10477.574705624476 
-10477.709700791735 
-10477.709700791735 
-10477.555390217820 
-10477.334895882350 
-10477.505591215844 
-10477.623087487775 
-10477.503758100813 
-10477.487416372554 
-10476.892962336338 
-10477.109885839182 
-10476.975481777194 
-10477.099487925498 
-10476.909617996233 
-10476.864676503999 
-10476.175366406904 
-10476.223122778301 
-10475.874145724381 
-10476.074865210820 
-10476.054956820875 
-10476.190417305894 
-10476.645457688961 
-10476.664585122426 
-10476.587537038748 
-10476.815205582383 
-10476.649085104817 
-10476.715801041601 
-10476.824829929878 
-10477.097283341331 
-10476.829038702530 
-10476.755018508675 
-10476.794133773768 
-10476.729410809196 
-10476.927276806609 
-10476.929579356220 
-10476.851151973558 
-10476.699796599920 
-10476.510641956431 
-10476.404868865491 
-10476.902445930584 
-10476.764819175747 
-10476.809752668943 
-10476.878212834577 
-10476.895322998642 
-10477.523868880699 
-10477.140548315459 
-10477.270853734046 
-10477.254322992630 
-10477.328019697596 
-10477.246280371292 
-10477.136496244138 
-10477.170274389095 
-10477.091600345859 
-10477.062089753917 
-10476.959229984399 
-10476.949150684495 
-10476.834191267506 
-10476.858120730782 
-10476.872768693504 
-10476.999006875840 
-10476.899087881719 
-10476.661919932987 
-10476.344153720944 
-10476.248987371639 
-10476.319098797032 
-10476.284435139554 
-10476.167604280256 
-10476.255892376654 
-10476.123187845422 
-10476.120705286157 
-10476.152002513116 
-10476.578607252666 
-10476.526826184912 
-10476.526826184912 
-10476.667958813478 
-10476.665661829305 
-10476.668124227283 
-10476.673829964077 
-10476.427487129125 
-10476.249505500102 
-10476.342653248264 
-10476.421668152969 
-10476.301266779232 
-10476.366827356127 
-10476.362031773309 
-10476.393596198463 
-10476.554418388261 
-10476.593574342689 
-10476.593574342689 
-10476.575185581103 
-10476.581217768575 
-10476.847015177706 
-10476.847015177706 
-10476.817103888685 
-10476.809996373846 
-10476.747786216825 
-10476.930810019632 
-10476.929726999693 
-10476.945543387021 
-10476.760638250909 
-10476.776110261017 
-10476.718837468658 
-10476.716683053628 
-10476.716683053628 
-10476.741189014107 
-10476.709337406910 
-10476.554812702592 
-10476.688160910275 
-10476.430350829658 
-10475.918742146683 
-10475.634985333045 
-10475.876163576659 
-10475.953513393193 
-10475.906717616745 
-10475.867704223634 
-10475.716289387523 
-10475.462675259740 
-10475.593165028526 
-10475.682972546838 
-10475.766705397251 
-10475.785712190511 
-10475.765778310930 
-10475.989724203662 
-10475.726662280198 
-10475.625542724825 
-10475.396968088324 
-10475.074393096056 
-10475.636182841172 
-10475.526386484782 
-10475.503237891075 
-10475.603509389022 
-10475.897619981310 
-10476.156119334166 
-10476.161967829041 
-10476.177893661854 
-10476.171133380600 
-10476.268869379350 
-10476.488496915752 
-10476.488330387467 
-10476.502778431808 
-10476.424820508368 
-10476.360918067012 
-10476.372060443975 
-10476.282255068534 
-10476.070556589024 
-10475.877883653193 
-10476.216775307958 
-10476.480780580685 
-10476.354730703864 
-10476.491718287227 
-10476.767315699053 
-10476.791315224407 
-10476.681792855463 
-10476.463267037772 
-10476.120288132221 
-10475.959073883545 
-10475.992574979584 
-10475.754915093241 
-10475.627531441989 
-10475.579209794621 
-10475.370670614149 
-10476.164839100729 
-10476.443741102743 
-10476.557489085368 
-10476.489647502736 
-10476.606145662485 
-10476.803262862941 
-10476.843811221417 
-10476.964637264780 
-10476.484851340874 
-10476.506262178451 
-10476.564403933831 
-10476.024095507100 
-10476.071646195614 
-10476.413431534840 
-10476.318237307762 
-10476.241839939081 
-10476.069871134194 
-10476.139492990698 
-10476.207646987723 
-10475.986768327946 
-10476.113057209748 
-10476.324091620239 
-10476.414736796665 
-10475.890154569088 
-10476.033034531309 
-10476.042307051503 
-10476.355560410140 
-10476.274905055107 
-10476.179996324716 
-10476.178810752721 
-10476.486196499805 
-10476.636358537116 
-10476.415917399341 
-10476.397874884036 
-10476.121717594157 
-10476.177990601012 
-10476.171011829880 
-10476.096667146292 
-10476.008891157218 
-10475.955752650772 
-10476.070582511935 
-10476.266205667969 
-10477.284106395979 
-10476.954038514070 
-10477.001927834292 
-10476.542206916642 
-10476.561532150525 
-10476.493736585317 
-10476.448858821444 
-10476.436755800161 
-10476.418697769937 
-10476.235008860296 
-10476.112914868076 
-10475.853340163938 
-10475.904313951993 
-10476.003978516990 
-10476.051064635429 
-10475.928930918735 
-10476.032862908049 
-10476.143882739319 
-10476.320624429469 
-10476.374667916893 
-10476.438499530432 
-10476.204709581431 
-10476.200024192092 
-10476.221995995851 
-10475.940533857898 
-10476.007850470687 
-10476.155271214517 
-10476.028975846335 
-10476.116084308471 
-10475.904139795490 
-10474.972193437159 
-10475.113908178133 
-10475.208561674921 
-10475.123870393256 
-10475.443594017606 
-10475.394448417865 
-10475.409582002691 
-10475.723538597023 
-10476.103970266873 
-10476.141008600713 
-10476.228533592595 
-10476.253993877626 
-10476.161610924441 
-10476.424578968534 
-10476.663669692171 
-10476.717221251802 
-10476.599376875070 
-10476.581303729323 
-10476.617904612813 
-10476.447640075316 
-10476.451755480408 
-10476.567412633114 
-10476.664958668038 
-10476.687264702674 
-10476.697561037048 
-10476.891200134722 
-10476.658162846732 
-10476.558545663151 
-10476.691417417211 
-10476.544536284719 
-10476.522203532621 
-10476.474636599514 
-10476.359751231621 
-10476.280284278271 
-10476.533592952221 
-10476.524264725820 
-10476.350112443981 
-10476.225727344234 
-10476.117018972709 
-10476.311475660479 
-10476.018610929303 
-10476.021570365501 
-10476.042790631913 
-10476.128955103033 
-10476.432035474560 
-10476.603608048767 
-10476.476365917921 
-10476.378746621765 
-10476.354728258088 
-10476.133977432002 
-10476.093370077873 
-10476.649318496520 
-10476.350531263224 
-10476.328242250693 
-10476.176055163007 
-10476.199196896636 
-10476.376691052270 
-10476.236924848163 
-10475.995179642819 
-10475.826831673052 
-10475.755833009203 
-10475.980664110373 
-10475.957002554182 
-10475.973485500643 
-10477.737227023759 
-10477.641940259949 
-10477.592761538881 
-10477.756469411630 
-10477.670562501004 
-10478.077199243084 
-10477.924813438303 
-10477.653975920652 
-10477.704853901874 
-10477.758951744714 
-10478.487303555195 
-10478.237216446392 
-10478.159921870607 
-10478.330272950776 
-10477.470964218679 
-10477.946113037779 
-10477.873817207841 
-10477.940963646408 
-10477.382459071916 
-10477.772635059951 
-10477.425114315078 
-10477.164828517483 
-10477.165126790165 
-10477.768321317015 
-10477.130129623969 
-10477.483557123845 
-10477.651145166012 
-10477.960644035875 
-10477.796030304087 
-10477.660494923335 
-10477.529149401294 
-10477.124343172592 
-10477.326760943017 
-10477.369693250435 
-10477.439101605210 
-10476.969486650283 
-10476.644243127734 
-10476.654168299363 
-10476.662271581745 
-10476.962998178369 
-10477.009585995236 
-10477.350945834032 
-10477.349238956498 
-10477.219234439897 
-10477.204567483077 
-10477.363982253006 
-10477.293562936291 
-10477.222913261472 
-10477.111116336997 
-10477.023844628195 
-10476.974879539621 
-10476.955588306766 
-10476.923173796853 
-10476.923173796853 
-10476.795720223303 
-10476.750536279353 
-10477.060832866942 
-10476.797760714804 
-10476.816377302757 
-10476.817901486083 
-10476.824816649645 
-10476.697579679192 
-10476.322655611930 
-10476.248229203731 
-10476.401806902639 
-10476.408281038877 
-10476.707264407145 
-10476.628644510094 
-10476.681848739265 
-10476.498129692940 
-10476.496715760377 
-10476.319616679211 
-10476.387070491011 
-10476.581221723149 
-10476.341617600367 
-10476.227405930747 
-10476.111556269268 
-10475.843490711894 
-10475.818013591625 
-10475.834988939832 
-10475.816737927267 
-10475.692764416257 
-10475.903392683827 
-10475.918469523382 
-10476.131323139793 
-10476.215570261475 
-10476.341640080638 
-10476.335041604276 
-10476.459554084851 
-10476.428749438586 
-10476.488492723049 
-10476.424388382382 
-10476.167133309867 
-10475.842526475553 
-10476.217837235352 
-10476.000390759695 
-10476.020279037601 
-10475.904628403991 
-10475.800906434890 
-10475.873696869741 
-10475.988903827665 
-10475.879670605447 
-10476.050671286406 
-10476.101867372565 
-10476.234877837574 
-10476.108265200342 
-10476.607817543420 
-10476.484265906041 
-10476.556062161431 
-10476.520927264279 
-10476.342952637327 
-10476.452567739974 
-10476.116241830527 
-10476.018689864613 
-10476.457147499541 
-10476.215596992912 
-10476.002251061251 
-10475.753954656921 
-10475.636272076898 
-10475.749413335834 
-10475.369777108046 
-10475.630354054552 
-10475.336799042079 
-10475.889791491158 
-10475.876393365335 
-10476.047506602275 
-10475.997739479812 
-10475.982689514878 
-10476.259711369994 
-10476.486016108502 
-10476.452600011831 
-10476.221119152729 
-10476.143083419225 
-10476.238675572718 
-10476.310663344148 
-10476.500541492096 
-10476.602688253521 
-10477.058394020063 
-10477.186879230123 
-10477.111449374215 
-10476.796239510459 
-10477.202386469959 
-10477.107855481836 
-10477.166609333701 
-10476.883150096719 
-10477.234906206026 
-10477.028884444662 
-10477.171143424004 
-10477.112101132847 
-10477.100156882090 
-10476.985615207608 
-10476.934302702632 
-10476.453416321019 
-10476.221089625093 
-10476.381513508300 
-10476.758950717067 
-10476.523287834087 
-10476.785331909025 
-10476.866541824698 
-10476.871176563125 
-10476.871176563125 
-10476.938490908236 
-10476.938490908236 
-10476.758318882068 
-10476.528615919169 
-10476.528615919169 
-10476.521039568988 
-10475.996951379464 
-10476.012960330288 
-10476.012960330288 
-10475.968544446820 
-10475.953891407373 
-10475.941402874876 
-10475.927320467677 
-10475.930773486187 
-10475.930773486187 
-10475.967704429193 
-10475.960603361251 
-10476.089018037346 
-10476.052131410077 
-10476.046797629131 
-10476.045059067039 
-10476.085299702696 
-10476.086361373971 
-10475.986287280557 
-10475.880566904483 
-10475.755005649306 
-10475.755005649306 
-10476.856281090131 
-10477.019697474316 
-10477.124709551070 
-10476.820898785794 
-10477.204512145556 
-10476.773507853979 
-10477.041517854976 
-10477.060933332888 
-10476.858052655049 
-10476.901491799634 
-10476.930116241807 
-10477.048396102113 
-10477.076708334142 
-10477.020276752259 
-10477.345575497458 
-10477.310530733044 
-10477.278310069525 
-10477.354522850945 
-10476.965499141163 
-10477.017220946786 
-10476.864614325148 
-10477.000300890646 
-10476.969984288457 
-10477.091283617483 
-10477.168658074954 
-10476.979060900179 
-10477.024126424081 
-10477.061034351438 
-10477.074818419896 
-10477.033837047582 
-10476.815426228510 
-10476.790397360219 
-10476.818190554510 
-10476.815906707174 
-10476.278065048080 
-10476.278065048080 
-10476.220022809317 
-10476.458996921980 
-10476.259947459201 
-10476.466027431841 
-10476.474892100821 
-10476.683665453540 
-10476.751882884490 
-10476.756726613126 
-10476.822339210064 
-10476.650671540316 
-10476.612211679194 
-10476.479597294870 
-10476.509661812010 
-10476.454020152300 
-10476.312045863846 
-10476.125256309930 
-10476.169524739380 
-10476.259088998646 
-10476.015488769735 
-10475.979958456388 
-10476.091091459704 
-10476.104310638371 
-10476.284144912353 
-10476.527181610629 
-10476.527181610629 
-10476.534626563174 
-10476.551536565139 
-10476.526998524441 
-10476.720288432029 
-10476.625917448311 
-10476.578670628473 
-10476.693616222914 
-10476.823650043007 
-10476.769566950898 
-10476.922211649893 
-10476.792568924151 
-10476.980417852936 
-10477.084759017756 
-10476.665188767975 
-10475.594278082126 
-10476.238177408330 
-10476.433204922891 
-10476.160282785917 
-10476.295997411538 
-10476.393393252378 
-10476.516977840376 
-10476.902372028497 
-10476.781213793580 
-10476.547351007934 
-10477.057767636426 
-10477.443660834757 
-10477.351982935788 
-10477.476837790891 
-10477.587726458574 
-10477.359272728831 
-10477.494641015572 
-10477.355589024126 
-10476.417960884286 
-10476.188771542762 
-10476.184262081813 
-10476.362414039791 
-10476.300131008375 
-10476.418976813404 
-10476.509226934559 
-10477.091792919493 
-10476.928704581951 
-10477.245307591988 
-10477.034464364468 
-10477.002261388001 
-10476.823985625897 
-10476.566172466213 
-10476.710423583649 
-10477.308141579480 
-10477.119080940140 
-10477.055346322681 
-10476.934181286209 
-10476.702260395472 
-10476.509873521372 
-10476.510496738872 
-10476.550846408290 
-10476.231636979512 
-10476.249400432587 
-10476.268174227493 
-10476.221052248458 
-10476.306081387198 
-10476.324289398803 
-10476.448539023746 
-10476.216924307946 
-10476.310211337957 
-10476.322169055004 
-10476.488392521764 
-10476.621446762221 
-10476.466106516957 
-10476.424456615836 
-10476.571312634018 
-10476.635599008825 
-10476.678729243698 
-10476.773989031461 
-10477.116581756221 
-10477.079260700817 
-10477.246119372128 
-10476.551634611886 
-10476.175885613302 
-10476.106489057487 
-10476.255599547718 
-10475.913772425645 
-10476.039812966585 
-10476.037048157254 
-10475.880573708981 
-10476.308944356791 
-10476.287116961270 
-10476.012758064946 
-10476.336515359491 
-10476.369291069272 
-10476.383544912884 
-10476.655593793119 
-10476.660459441371 
-10476.626898431179 
-10476.514882778039 
-10476.505443359909 
-10476.525071440195 
-10476.592380998962 
-10476.615245542880 
-10476.427859761601 
-10476.378821088430 
-10476.636574783870 
-10476.535576350514 
-10476.767200237553 
-10476.749999343554 
-10476.607170199264 
-10476.405974764035 
-10476.479235297586 
-10476.437513898487 
-10476.381649270392 
-10476.450490321691 
-10476.455975290379 
-10476.486502252037 
-10476.494297212123 
-10476.560954831972 
-10476.487668197748 
-10476.435403297024 
-10476.528100316489 
-10476.555594606505 
-10476.417139938752 
-10476.415950971863 
-10476.651361589447 
-10476.559226433039 
-10476.559226433039 
-10476.559226433039 
-10476.559226433039 
-10476.559226433039 
-10476.559226433039 
-10476.902249522942 
-10476.902249522942 
-10476.902003919655 
-10477.037499886861 
-10477.313916118022 
-10477.053941315400 
-10477.165059776731 
-10477.051811148431 
-10477.144014587178 
-10476.483384116158 
-10476.285487748450 
-10476.219729991741 
-10475.919588513980 
-10475.989064986332 
-10476.088597843363 
-10476.769880885759 
-10477.143369508362 
-10477.116854433238 
-10476.955237151147 
-10476.955237151147 
-10476.957844590501 
-10476.729344507552 
-10477.111997605694 
-10477.051788362327 
-10476.903323364053 
-10476.997732661737 
-10476.828362112497 
-10476.567404856030 
-10476.661801770057 
-10476.986292754182 
-10476.958080524870 
-10477.098913290703 
-10476.616737638067 
-10476.516408537027 
-10476.866468506656 
-10477.060051468839 
-10477.121054699041 
-10477.118682809445 
-10477.212522037773 
-10477.203137429189 
-10477.250088020553 
-10477.272578097909 
-10477.829168116621 
-10477.832771080904 
-10477.693735616338 
-10477.489028492684 
-10477.099661703069 
-10477.271721036759 
-10477.349570116279 
-10477.542126470247 
-10477.244209965611 
-10476.686113305324 
-10476.675575067593 
-10476.558618849023 
-10476.546509011112 
-10476.673757205455 
-10476.712206631319 
-10476.718853036820 
-10476.339295387899 
-10476.351075329441 
-10476.372041119039 
-10476.456997214509 
-10476.397812077181 
-10476.392602097992 
-10476.444781442600 
-10476.512361708710 
-10476.435043654381 
-10476.506476220391 
-10476.595365322310 
-10476.622744245662 
-10476.582366296534 
-10476.692057406062 
-10476.718860670138 
-10476.688114348757 
-10476.690472035287 
-10476.706536772672 
-10476.866818127794 
-10476.816340328396 
-10476.733282561090 
-10476.857886152919 
-10476.884529048601 
-10476.968133780434 
-10477.560939571866 
-10477.589499185551 
-10477.549219204340 
-10477.259090463318 
-10477.266972257123 
-10477.097055561164 
-10476.933815688628 
-10476.567610039869 
-10476.720179268837 
-10476.943376537738 
-10476.838006642229 
-10476.937568836194 
-10476.586864011017 
-10476.442869752909 
-10475.630365002244 
-10475.632712633136 
-10475.755028943768 
-10475.377865017022 
-10475.384332844031 
-10475.384332844031 
-10475.384332844031 
-10475.281637641883 
-10474.965581394317 
-10475.149814138909 
-10475.168052706656 
-10475.231919998787 
-10475.485360570401 
-10476.261168684021 
-10476.206917570662 
-10476.130983263458 
-10476.119273957180 
-10476.732169887309 
-10476.953045602286 
-10477.139148717526 
-10476.989371580014 
-10477.616417214136 
-10477.616003220417 
-10477.641079946110 
-10477.945957302334 
-10478.116731020209 
-10478.318579228737 
-10478.127039574016 
-10477.964363280491 
-10478.041721208039 
-10477.573818282110 
-10477.869935789235 
-10478.180941249073 
-10477.934609435601 
-10477.879767407836 
-10477.938669952449 
-10477.719618357827 
-10477.537458342180 
-10477.395230510863 
-10477.115189367938 
-10477.020249768173 
-10477.283364876739 
-10477.704871286795 
-10477.537698520948 
-10477.434315080180 
-10477.382187181742 
-10477.040990877096 
-10477.205457110689 
-10477.320590752977 
-10477.477587332203 
-10477.142276443366 
-10477.064489192860 
-10477.116721428849 
-10477.267249638835 
-10477.060924507950 
-10476.968508457874 
-10476.850014964217 
-10477.138527940650 
-10476.905248525189 
-10476.981659898636 
-10476.856991639886 
-10476.719853503017 
-10476.575931955707 
-10476.657547175018 
-10476.379407720884 
-10476.609252282195 
-10476.841908556858 
-10476.814814315614 
-10476.804242052627 
-10476.759602595392 
-10476.519006611856 
-10476.477955210732 
-10476.579843038297 
-10476.396299471760 
-10476.338279173286 
-10476.614262523950 
-10476.725472489170 
-10476.898878323816 
-10476.707524449494 
-10476.643354572971 
-10476.730613143411 
-10476.717275885729 
-10476.651444851921 
-10476.726661195980 
-10476.667471787809 
-10476.938454792231 
-10476.884227798853 
-10476.632462958425 
-10477.279974480376 
-10477.244919962081 
-10477.189270211546 
-10477.233833139100 
-10476.179825459511 
-10476.065337608134 
-10476.019225064068 
-10476.187269806449 
-10476.040919116274 
-10476.418610207997 
-10476.518729172243 
-10476.523682270967 
-10476.653665009002 
-10476.423807785786 
-10476.270183733626 
-10476.396495422712 
-10476.358443939971 
-10476.426290362244 
-10476.158561120297 
-10476.322815517426 
-10476.266909352053 
-10476.027802306142 
-10476.391731132111 
-10476.099853392705 
-10476.243529373576 
-10476.422930707142 
-10476.432126193997 
-10476.381740536828 
-10476.284055544949 
-10476.607056319666 
-10476.418148186973 
-10476.461095272034 
-10476.615539784661 
-10476.576699396979 
-10476.028139551025 
-10476.082270712759 
-10476.042858864736 
-10476.813175612735 
-10477.178039018763 
-10477.429014140414 
-10477.193017067475 
-10478.247972497900 
-10478.332823197030 
-10477.616730011043 
-10477.010569581462 
-10477.211602556183 
-10476.697242689257 
-10476.118308995863 
-10476.169030055968 
-10476.288915640915 
-10476.651342587913 
-10477.201130893693 
-10477.088633372021 
-10476.846768438098 
-10476.419517276639 
-10476.352777400280 
-10476.391189799517 
-10476.395352150175 
-10476.267741161797 
-10476.376576417695 
-10476.550221357937 
-10476.477694279512 
-10476.517018171695 
-10476.525492476132 
-10476.592881699682 
-10476.542499550340 
-10476.724273718200 
-10476.566358192862 
-10476.480213284827 
-10476.494886910365 
-10476.526874692661 
-10476.634175755758 
-10476.555508578727 
-10476.606413122645 
-10476.263365995470 
-10476.047210278302 
-10476.241752741631 
-10476.116507888742 
-10476.422110055008 
-10476.372321877625 
-10476.281344837664 
-10476.194718385776 
-10476.282141450947 
-10476.101079608079 
-10476.298894053054 
-10476.109147565572 
-10475.978246382212 
-10475.973902659001 
-10475.855149526467 
-10475.792019137589 
-10475.717762124588 
-10475.574106785660 
-10475.672572374004 
-10475.852358632050 
-10475.665337376902 
-10475.628829356479 
-10476.051653964365 
-10476.002212785408 
-10478.172491250327 
-10476.977902898052 
-10476.343632701568 
-10476.057721768077 
-10476.404500254548 
-10476.662153323079 
-10476.287562917192 
-10476.294879170076 
-10476.424846202968 
-10476.245796884454 
-10476.446520931237 
-10476.242957148468 
-10475.846482216435 
-10476.036749036501 
-10475.758688508009 
-10475.857637882904 
-10475.896826073718 
-10475.931447891064 
-10475.920897609518 
-10476.402784568567 
-10476.529206191030 
-10476.537090039486 
-10476.267963253777 
-10476.403139038475 
-10476.379853489456 
-10476.330095486330 
-10476.160023476512 
-10476.330551452278 
-10476.464485342547 
-10476.155114144707 
-10476.222551445057 
-10476.294159105611 
-10475.747719052382 
-10475.928214434523 
-10475.619001722398 
-10476.263436653186 
-10476.037029045276 
-10476.048177343364 
-10476.164653018663 
-10476.470802812290 
-10476.534317037400 
-10476.591841760714 
-10476.481420426357 
-10476.459152202144 
-10476.526428781219 
-10476.912577152687 
-10476.944278217361 
-10476.929428574933 
-10476.836238432259 
-10476.498927706491 
-10476.440293384676 
-10476.433258579988 
-10476.461039896460 
-10476.473107205631 
-10476.798372258563 
-10476.761254420830 
-10476.876776690018 
-10476.945913674474 
-10476.906817874458 
-10476.982661004411 
-10476.805187597345 
-10476.884138651521 
-10477.068480436708 
-10477.367670457919 
-10477.396444197433 
-10476.653566482366 
-10476.631591242151 
-10476.584983286684 
-10476.576196073507 
-10476.589772786574 
-10476.677944418005 
-10476.592737824954 
-10476.188487817928 
-10476.272446010011 
-10476.255752879071 
-10476.262903288884 
-10476.121090387356 
-10476.403535866069 
-10476.545432656058 
-10476.349145710887 
-10476.359485529565 
-10476.373617380339 
-10476.373617380339 
-10476.264953413765 
-10476.289544712610 
-10476.354814059361 
-10476.234893099881 
-10476.495836562563 
-10476.376088467345 
-10476.382318862157 
-10476.390658564913 
-10476.508998420410 
-10476.537782231479 
-10476.554288049418 
-10476.611840586816 
-10476.627857993295 
-10476.683436725005 
-10476.105006406584 
-10476.257437308863 
-10476.046994715127 
-10476.060177268519 
-10475.428827070162 
-10475.558427408685 
-10475.617199718248 
-10475.631946432159 
-10475.700236374365 
-10475.709806093037 
-10475.831001232707 
-10475.900080281475 
-10475.806154141175 
-10475.356296594489 
-10475.872175478906 
-10475.636975108318 
-10475.869725688348 
-10475.567918763876 
-10475.144352178517 
-10475.182580814824 
-10475.464521650201 
-10476.113114828357 
-10476.073028239811 
-10475.956430103068 
-10475.956430103068 
-10475.846628603305 
-10475.448899146102 
-10476.190764784880 
-10476.168293882321 
-10476.285012934361 
-10476.327442390017 
-10476.233228281428 
-10476.504814972030 
-10476.268000628486 
-10476.217800475679 
-10476.366756053454 
-10475.990613508424 
-10476.158911299553 
-10476.296411457944 
-10476.351601414139 
-10476.158572612678 
-10476.209132000693 
-10476.205050047800 
-10476.028204271630 
-10476.025930033466 
-10476.082065955006 
-10476.098680765333 
-10476.144223239226 
-10475.790419986699 
-10475.613870903137 
-10475.700689291491 
-10475.551521487356 
-10475.919185255067 
-10476.064702745396 
-10476.015964911605 
-10476.230686359942 
-10476.100152428680 
-10476.097373806258 
-10476.669189793816 
-10476.680888721894 
-10476.552920814425 
-10476.536016831689 
-10476.494935852070 
-10476.499780297379 
-10476.527916878689 
-10476.202133742074 
-10476.596054867334 
-10476.261295784958 
-10476.252471125354 
-10476.272763658699 
-10476.257645953296 
-10476.547864361868 
-10476.843829725052 
-10476.802212285960 
-10476.661328685796 
-10476.707530883023 
-10476.779198645054 
-10476.914474575795 
-10476.785062970928 
-10476.875060655064 
-10476.819637734372 
-10476.729384904816 
-10476.745135588388 
-10476.538939990038 
-10475.817939771116 
-10475.748269354786 
-10475.984090234879 
-10475.968859923150 
-10476.114102870957 
-10476.327456494122 
-10476.226092203884 
-10475.965041571135 
-10475.634746003047 
-10475.481167912627 
-10475.532584078046 
-10475.894165913440 
-10475.850551293948 
-10475.979753288671 
-10475.825820929165 
-10476.062483902797 
-10475.910860902126 
-10476.200468161389 
-10476.259591609483 
-10476.332834292423 
-10476.258157184402 
-10476.399410868153 
-10476.353923191386 
-10476.333141238902 
-10476.470765184678 
-10476.844324019825 
-10476.786756872547 
-10476.762822618495 
-10476.898603484335 
-10476.802369128318 
-10477.128367232412 
-10476.724335332645 
-10476.726058620292 
-10476.922889315128 
-10477.005278561217 
-10476.968827991670 
-10477.120235585255 
-10476.790116042281 
-10476.834407558288 
-10476.877934614649 
-10476.846605176122 
-10476.764793149872 
-10476.590408378732 
-10476.637456892811 
-10476.680961174388 
-10476.649724475968 
-10476.367350836765 
-10476.396420044755 
-10476.243604545945 
-10476.318806047591 
-10476.563024587449 
-10476.452698466017 
-10476.435470510716 
-10476.339213597561 
-10476.637927684256 
-10476.608687515685 
-10476.385453898665 
-10476.769359073112 
-10476.651790965376 
-10476.653922343696 
-10476.795616906053 
-10476.935454246606 
-10476.824314889245 
-10476.789239883628 
-10476.871944697423 
-10476.782095934637 
-10476.723734122261 
-10477.007561749177 
-10476.733431787979 
-10476.687841556872 
-10476.632338364250 
-10476.697732371791 
-10476.629890578322 
-10476.637764360334 
-10476.835713504530 
-10476.850199670700 
-10476.697029589277 
-10476.556301240473 
-10476.662187088372 
-10476.993834230183 
-10476.702398873818 
-10476.597004626577 
-10476.564636277548 
-10476.521271080615 
-10476.396033890507 
-10476.500053772510 
-10476.105451562469 
-10476.218581975507 
-10476.039497259568 
-10475.976440888780 
-10476.014391260982 
-10476.146634737632 
-10476.238277649194 
-10476.186734154446 
-10476.285475966510 
-10476.295819825002 
-10476.469373604847 
-10476.563969492163 
-10476.531222478159 
-10476.765634532334 
-10476.747553296285 
-10475.997207779972 
-10476.018723153053 
-10476.012727636471 
-10476.171954687936 
-10476.152737201277 
-10475.995141566153 
-10476.080684972565 
-10475.977637762155 
-10475.823477830658 
-10476.036432415271 
-10477.104611331453 
-10476.857854948623 
-10476.891343154713 
-10476.636186046528 
-10476.585254884116 
-10476.168663812885 
-10476.140224734261 
-10476.075703564597 
-10475.981739882774 
-10475.961450183457 
-10475.989580107240 
-10475.984707452970 
-10476.254594832599 
-10476.434852323728 
-10476.424423762937 
-10476.534387163993 
-10476.841172437835 
-10476.743197832484 
-10476.507420774988 
-10476.433165657407 
-10476.131870622678 
-10475.788888393225 
-10475.723038838791 
-10475.990843212041 
-10476.111239175973 
-10475.782725807798 
-10475.441765470838 
-10475.758409457181 
-10475.706860014216 
-10475.615958926752 
-10475.718860044512 
-10475.539872105197 
-10475.771148349020 
-10475.684915415224 
-10475.684915415224 
-10475.519044419909 
-10475.598751577807 
-10475.584674265248 
-10475.664333446664 
-10475.513923138240 
-10475.508470258486 
-10475.776643198629 
-10475.622691013015 
-10475.746483778999 
-10475.619554122612 
-10475.801831034827 
-10475.823978308377 
-10476.063686426631 
-10476.174389635618 
-10476.235348978691 
-10475.835067166063 
-10475.993914827821 
-10475.973035223169 
-10475.909142358438 
-10475.759962426060 
-10475.826073054528 
-10476.239216434549 
-10476.182756932752 
-10476.180990215071 
-10476.329443050827 
-10476.272023074029 
-10476.270237219456 
-10476.117973677119 
-10476.166902223116 
-10476.033075639956 
-10476.280744583164 
-10476.294292621562 
-10476.400624883168 
-10476.233808195904 
-10476.233808195904 
-10476.182833496689 
-10476.228146156756 
-10476.245670949465 
-10476.229943422779 
-10475.922951567345 
-10476.103926949268 
-10476.051271200800 
-10476.034288796885 
-10475.928477560872 
-10476.137675127076 
-10475.664530969070 
-10475.864135265134 
-10475.837041185994 
-10475.798402091483 
-10476.771575590015 
-10476.757189223115 
-10476.616974001246 
-10476.238829459604 
-10476.283977859133 
-10476.425715912412 
-10476.446551047517 
-10476.593224478549 
-10476.780687042994 
-10476.634502825809 
-10476.627785141192 
-10476.517281634253 
-10476.577129092606 
-10476.539143196418 
-10476.715913924654 
-10476.713910088156 
-10476.681783423133 
-10476.699557634292 
-10476.736816525516 
-10476.600465656844 
-10476.587267866882 
-10476.467711883011 
-10476.502204543709 
-10476.566308297817 
-10476.516526150785 
-10476.004185729469 
-10476.020703378721 
-10476.147604573069 
-10475.826310544726 
-10475.838605552161 
-10475.990272880406 
-10475.996009364333 
-10476.079699277125 
-10476.152922930931 
-10476.294756259858 
-10475.977254028658 
-10475.896993241495 
-10475.837342208335 
-10475.923645939691 
-10475.919079161358 
-10475.914711228485 
-10475.962095118484 
-10476.142888426231 
-10476.155648259539 
-10476.155648259539 
-10476.569642776962 
-10476.639472211549 
-10476.561936561222 
-10476.771869940152 
-10476.825043783510 
-10476.829178274200 
-10476.801298214385 
-10476.788537835153 
-10477.097329567394 
-10476.764055364309 
-10476.693927221811 
-10476.666965498094 
-10476.688250951522 
-10476.736685447961 
-10476.599597124281 
-10476.631724171146 
-10476.498512957885 
-10476.487388625103 
-10476.618491051977 
-10476.575698076094 
-10476.166871896630 
-10476.174271346148 
-10475.604145239455 
-10475.778993519854 
-10475.747330127586 
-10475.859723939191 
-10475.969937762597 
-10475.874734065634 
-10476.239723477294 
-10476.332876090803 
-10476.369817526222 
-10476.336393093321 
-10476.371813952994 
-10476.170384746163 
-10476.196989162634 
-10476.031015659171 
-10476.270911111829 
-10475.943737106982 
-10475.617981225925 
-10475.536903210948 
-10475.398473919806 
-10475.556268588207 
-10475.732664578949 
-10475.885392990866 
-10475.798590522329 
-10475.798590522329 
-10475.425210183084 
-10475.569363248636 
-10475.595880306812 
-10476.401885101681 
-10476.401885101681 
-10476.302935033413 
-10476.323996252548 
-10476.406116968770 
-10475.966745360736 
-10476.080852306584 
-10475.822143335094 
-10475.822143335094 
-10475.782728728371 
-10475.782728728371 
-10476.071702198300 
-10476.032612746307 
-10475.706329418623 
-10475.675125012132 
-10476.260811418053 
-10475.792137316979 
-10476.073016639033 
-10476.042502215845 
-10476.180808456356 
-10476.180808456356 
-10476.284813016062 
-10476.336854646142 
-10476.631198289797 
-10476.790887024905 
-10476.818248487920 
-10476.692973322431 
-10476.876696492993 
-10476.738693566593 
-10476.592549807481 
-10476.568373123589 
-10476.380356586586 
-10476.645038491857 
-10476.422778251575 
-10476.473005798365 
-10476.491057684008 
-10476.344985434214 
-10476.412108139497 
-10476.558286667936 
-10476.770323645706 
-10476.830061400744 
-10476.710104737549 
-10476.713703536185 
-10476.716035160083 
-10476.923271191892 
-10476.844885767785 
-10476.808387854542 
-10476.592288006366 
-10476.553557310519 
-10476.364912897441 
-10476.347449189983 
-10476.229904709984 
-10476.142023552582 
-10476.273277631022 
-10476.457353711841 
-10476.106101436317 
-10476.317756216285 
-10476.316251940279 
-10476.356824658187 
-10476.499482238320 
-10476.410310517973 
-10476.548613580431 
-10476.359659106349 
-10476.506396939169 
-10476.532284892981 
-10476.518856582548 
-10476.492286732462 
-10476.482908848195 
-10476.956266274725 
-10476.981871501997 
-10476.979432922708 
-10476.737569107083 
-10476.643422150255 
-10476.982170770711 
-10476.951647039428 
-10477.050620759948 
-10477.030228447449 
-10476.869897657240 
-10476.869897657240 
-10477.059412861347 
-10477.059412861347 
-10476.905591314811 
-10476.866775338687 
-10476.850007744924 
-10476.810365179372 
-10477.040548758549 
-10477.018197389723 
-10476.902317415557 
-10476.779786044108 
-10476.430922826390 
-10476.523630488726 
-10476.736987662161 
-10476.492173423265 
-10476.413679460458 
-10477.093507895384 
-10477.093507895384 
-10476.521664105310 
-10476.843293684056 
-10476.907484637095 
-10477.158365549934 
-10477.156394759326 
-10477.248764340267 
-10477.058253163521 
-10477.008565545102 
-10476.803451597743 
-10476.671854896298 
-10476.646909852470 
-10476.600499045668 
-10476.530920318150 
-10476.545462401788 
-10476.456255002677 
-10476.431960270560 
-10476.300322889145 
-10476.063471147629 
-10476.321833764670 
-10477.074726108774 
-10476.627274715291 
-10476.758260426341 
-10476.283667934407 
-10476.671598434941 
-10476.659919325040 
-10476.489003129833 
-10476.118369837426 
-10475.890933349317 
-10475.919892586830 
-10475.855301409985 
-10476.431226700173 
-10476.586416880493 
-10476.254353250160 
-10476.255691782779 
-10476.468825491234 
-10476.846282476905 
-10476.832599837471 
-10476.460965513092 
-10476.546090741496 
-10476.570290036352 
-10476.708278666072 
-10476.841660357692 
-10477.117401068601 
-10477.117401068601 
-10477.091594514006 
-10477.076397998962 
-10477.055783128431 
-10476.922430670789 
-10477.029234852112 
-10477.018856243132 
-10476.927721545384 
-10476.975000815299 
-10476.843722408506 
-10476.714649367408 
-10476.608293782650 
-10476.718543394920 
-10476.780559117515 
-10476.586626394334 
-10476.427272185767 
-10476.412732387578 
-10476.755823024703 
-10476.535386293708 
-10476.397005259774 
-10476.418732293234 
-10476.383470651481 
-10476.436255568746 
-10476.573548614098 
-10477.266109431657 
-10477.110654302498 
-10476.776693802338 
-10476.835847992250 
-10476.789435938252 
-10476.854984854628 
-10476.946085118769 
-10476.701573982567 
-10476.236838833172 
-10476.439930056737 
-10477.291906882245 
-10476.980277397668 
-10477.007271666111 
-10476.926954296989 
-10477.046990722303 
-10476.918567724168 
-10476.715251025737 
-10476.709910488498 
-10476.690384474719 
-10476.488983162952 
-10476.296326782060 
-10476.277364402980 
-10476.348308597444 
-10476.168868461407 
-10476.609291768895 
-10476.398718441102 
-10476.577301029711 
-10476.718934429191 
-10476.987891793118 
-10476.708956771434 
-10476.724541665079 
-10476.731678986012 
-10476.725471683760 
-10476.695467089565 
-10476.728435194982 
-10477.010218900927 
-10476.921412763893 
-10476.704044886523 
-10476.662587433140 
-10476.825998227594 
-10476.704008563675 
-10476.745558125100 
-10476.744783825154 
-10476.473440373693 
-10476.510394297395 
-10476.589783212510 
-10476.584791198384 
-10476.550925995860 
-10476.563654187376 
-10476.559002523942 
-10476.387126577418 
-10476.450723862717 
-10476.536879659392 
-10476.504587521711 
-10476.523560239379 
-10476.718258690789 
-10476.677169592296 
-10476.640780156022 
-10476.646788175622 
-10476.633667942200 
-10476.443021936297 
-10476.447359590622 
-10476.493249906105 
-10476.666739891642 
-10476.666739891642 
-10476.666739891642 
-10476.666739891642 
-10476.576879690718 
-10476.576879690718 
-10476.568759669794 
-10476.687329778759 
-10476.687329778759 
-10476.662474295843 
-10476.710424827652 
-10476.809133450361 
-10476.810534268587 
-10476.813111773372 
-10476.833145972254 
-10476.756125654652 
-10476.807465755755 
-10476.887089642927 
-10476.845181629733 
-10476.746394573454 
-10476.673902452363 
-10477.174506667243 
-10477.037745193618 
-10476.947256107620 
-10476.967523109206 
-10477.036516024938 
-10476.524751162395 
-10476.455798945235 
-10476.290451274779 
-10476.755150441817 
-10476.759759221703 
-10477.050864622035 
-10477.180206689594 
-10476.981525555188 
-10477.322402715301 
-10477.178457324078 
-10477.358047264073 
-10476.823934360389 
-10477.018132353405 
-10477.221795671112 
-10477.351897437235 
-10477.454712062494 
-10477.500678281383 
-10476.722814752207 
-10476.843782335343 
-10476.955004825262 
-10476.849432738312 
-10476.923470015623 
-10477.023094282373 
-10477.462321950185 
-10477.766688908456 
-10478.002937278960 
-10477.692298624619 
-10477.480711257171 
-10477.618529290583 
-10477.776614343675 
-10476.088615553952 
-10476.089248914659 
-10476.581777732130 
-10476.281824558973 
-10476.180619722600 
-10476.076838397228 
-10475.928159730107 
-10475.932690090098 
-10476.256578939781 
-10476.216993249715 
-10476.066769662435 
-10475.807248307154 
-10476.117294585003 
-10476.106912620387 
-10475.886369290472 
-10475.947888911902 
-10476.090023472600 
-10475.840943310495 
-10475.760586060163 
-10475.802782662540 
-10475.809352939727 
-10475.616520213393 
-10476.005714963267 
-10476.166823903457 
-10476.159673390157 
-10476.171333663669 
-10476.011487477184 
-10475.840032749107 
-10476.030795438734 
-10475.592053040078 
-10475.495850347492 
-10475.595105511284 
-10475.143805004453 
-10475.424383087069 
-10475.608252015221 
-10475.533526171774 
-10475.346747380840 
-10475.058194883009 
-10475.367623707254 
-10475.404900233159 
-10475.107111153728 
-10475.259660122800 
-10474.662689220379 
-10474.502340375257 
-10474.803752388336 
-10474.579035428440 
-10474.888168460911 
-10475.454205748611 
-10475.274799878702 
-10475.359340778352 
-10475.210274765044 
-10475.336759919086 
-10475.621186549946 
-10475.496939313856 
-10475.312591645283 
-10475.535994197664 
-10475.115337233139 
-10475.056388305824 
-10475.295424647004 
-10475.200785848825 
-10475.021064678001 
-10475.344054852727 
-10475.149839509910 
-10475.279242854034 
-10475.094177072995 
-10474.768061761150 
-10475.074671773049 
-10475.033146236399 
-10475.112758489557 
-10474.795502999794 
-10475.332845964913 
-10475.318774270378 
-10475.334627998669 
-10475.376047448632 
-10475.234083745941 
-10475.249867031445 
-10475.236608373891 
-10475.267149198178 
-10476.144434401756 
-10476.203362670252 
-10476.175356596381 
-10476.197064066255 
-10476.292589711327 
-10476.046871079001 
-10476.040088117474 
-10476.328678454705 
-10476.417038337784 
-10476.387144996495 
-10476.054967754797 
-10475.953309069608 
-10475.863161338144 
-10475.930434948934 
-10475.943549792562 
-10475.858181092426 
-10476.071277525212 
-10476.091649367863 
-10476.010621832242 
-10475.921498714120 
-10475.924204868465 
-10475.929329853172 
-10476.137182264431 
-10476.043409566708 
-10476.205744920706 
-10476.297161363031 
-10476.274580025020 
-10476.452999131716 
-10476.407199462392 
-10476.520489146824 
-10477.042481936540 
-10477.040799976849 
-10477.280524324633 
-10477.090566440664 
-10477.390301367492 
-10477.357965472182 
-10477.641402865524 
-10477.481916138973 
-10477.565003395262 
-10477.363943658056 
-10478.199649818896 
-10478.531687554465 
-10478.062269825303 
-10477.905633028238 
-10477.966910616022 
-10477.869577691736 
-10477.746843661474 
-10478.893969566530 
-10477.943325399567 
-10478.190996210464 
-10477.896629721568 
-10478.094264502484 
-10477.839203729511 
-10477.913237329212 
-10477.913237329212 
-10477.592666827029 
-10477.641227515815 
-10477.750604384328 
-10477.505960185446 
-10478.049312923029 
-10477.772571108073 
-10477.702591343785 
-10478.219871229299 
-10478.421501602932 
-10478.099668166493 
-10477.524141970116 
-10477.484590235712 
-10477.501778709044 
-10477.694162637099 
-10477.694690498631 
-10477.630230560904 
-10477.564271016689 
-10477.564369311263 
-10477.545812290980 
-10477.043152646724 
-10477.157449644877 
-10477.240353624225 
-10477.038425128310 
-10476.994670583250 
-10476.759904869290 
-10476.641178270014 
-10476.748320591980 
-10476.698462723063 
-10476.798117885957 
-10476.783428572464 
-10476.787602259890 
-10476.821385771251 
-10476.480777725497 
-10476.667911246641 
-10476.804962962642 
-10476.882947857548 
-10477.134783513662 
-10476.933926154246 
-10476.705050649254 
-10476.430330417499 
-10476.544522151235 
-10476.851795871818 
-10476.876551672973 
-10476.754625748878 
-10476.694528850679 
-10476.404985051862 
-10476.108648557763 
-10476.519529373212 
-10476.183541210108 
-10476.235024347941 
-10475.995602409172 
-10475.912603455623 
-10475.939067772058 
-10475.418656105636 
-10475.687507191657 
-10475.322633893407 
-10475.532611467483 
-10475.652119886920 
-10475.823222681613 
-10475.228626071999 
-10475.750801562619 
-10475.746168110674 
-10476.102744586338 
-10476.022246072742 
-10475.806418929358 
-10476.156460226379 
-10476.062710511325 
-10475.801561022328 
-10475.801561022328 
-10475.602268131452 
-10475.556204751285 
-10475.820596477539 
-10475.748728575871 
-10475.391549345939 
-10475.177877723201 
-10474.900866198584 
-10474.814730155349 
-10475.230396736422 
-10474.869016933240 
-10475.211638979568 
-10475.103089198572 
-10475.087348961581 
-10475.017117480231 
-10474.919882841636 
-10474.470479072754 
-10474.416599478220 
-10474.380909359536 
-10474.678524651577 
-10475.471584840809 
-10475.366887913531 
-10475.604279158926 
-10475.617957140243 
-10475.658254515371 
-10475.703538906548 
-10476.044189659269 
-10476.096286263162 
-10476.332770616396 
-10476.822871103588 
-10476.853042572095 
-10476.853042572095 
-10476.857439432688 
-10476.877416627240 
-10476.838712036722 
-10476.843840691918 
-10476.926150012830 
-10476.926150012830 
-10476.888390875780 
-10476.945232743928 
-10476.948016235212 
-10476.948136589972 
-10476.677200095563 
-10476.637423782457 
-10476.551448438244 
-10476.564737128301 
-10476.503834953337 
-10475.921680972646 
-10476.254255835234 
-10476.226717184692 
-10476.255760167638 
-10476.539535553007 
-10476.769296597282 
-10476.885228476975 
-10476.915862787138 
-10476.794148423649 
-10476.816933000506 
-10476.688964084553 
-10476.689673403604 
-10476.765661914758 
-10476.741200736344 
-10476.728389776848 
-10476.343898615160 
-10476.396699080620 
-10476.339091565093 
-10475.995999364261 
-10475.602204772313 
-10475.590564130249 
-10475.780043924076 
-10475.727546474262 
-10475.718168677371 
-10476.076040708303 
-10475.934603851141 
-10476.243373792526 
-10476.666291038538 
-10476.834687738648 
-10476.838314055922 
-10477.110313656334 
-10476.542090282619 
-10476.446340485658 
-10476.978193421670 
-10477.122166052810 
-10477.030861679990 
-10477.030861679990 
-10476.834684896985 
-10476.778867276575 
-10476.495639022272 
-10476.474973428869 
-10476.527109108258 
-10476.445304329323 
-10476.490083952116 
-10476.019123288175 
-10475.904646319988 
-10475.920468388318 
-10476.069312421017 
-10475.902636683924 
-10475.872681549125 
-10475.794842898886 
-10475.434684859421 
-10475.582823480421 
-10475.371655117855 
-10475.502298985835 
-10475.816905238633 
-10475.759626352323 
-10475.773101290222 
-10475.593228872747 
-10475.704076095319 
-10475.587833790538 
-10475.563047524287 
-10475.736462330156 
-10475.514431015803 
-10475.665757804496 
-10475.269308861003 
-10475.233631993644 
-10475.548578051983 
-10475.867608670731 
-10475.427219454088 
-10475.650389909502 
-10475.829565546523 
-10475.792329070167 
-10476.005531536615 
-10476.144323852068 
-10475.936714729041 
-10475.820563437161 
-10475.865920390035 
-10476.057432014752 
-10475.764267761078 
-10475.788377380872 
-10476.125114747210 
-10475.939832106487 
-10476.125929954040 
-10476.286466025096 
-10476.305744555222 
-10476.603268620553 
-10476.623142823473 
-10476.648526181907 
-10476.669309449584 
-10476.609854352842 
-10476.607367770621 
-10476.427932517812 
-10476.333353376027 
-10476.304558505273 
-10476.256615309665 
-10476.429536995120 
-10476.520486027945 
-10476.520723228727 
-10476.581306590935 
-10476.644501585382 
-10476.570539063965 
-10476.491400585375 
-10476.535155997708 
-10476.470040522219 
-10476.740613317241 
-10476.602975295591 
-10476.668445701993 
-10476.741812963861 
-10476.552479406046 
-10476.532777409258 
-10476.364193785503 
-10476.381935428639 
-10476.268121740028 
-10476.126692593918 
-10476.117047332649 
-10476.254234255986 
-10476.302279903861 
-10475.820245682480 
-10475.726693759998 
-10475.716817696806 
-10475.984439475404 
-10475.860189515015 
-10475.885502724857 
-10475.866442711762 
-10475.359207067639 
-10475.987120392843 
-10476.228735343928 
-10476.820440060434 
-10476.838644181615 
-10476.865055405720 
-10476.690192527702 
-10476.519061821507 
-10476.343070315152 
-10476.397097223653 
-10476.156672199144 
-10475.682845169260 
-10475.682845169260 
-10475.336018210819 
-10475.311758721704 
-10475.780266336777 
-10475.782292373675 
-10476.280658264985 
-10476.436757667803 
-10476.315621747859 
-10477.078064930529 
-10476.989901490591 
-10477.163694081435 
-10477.066982605780 
-10476.159758380605 
-10476.158226238822 
-10476.253700537072 
-10476.167483457777 
-10476.004454517119 
-10476.128190877005 
-10475.951921430089 
-10475.890691797760 
-10475.954032120759 
-10475.941505984403 
-10475.918517807402 
-10476.158981414528 
-10476.211869056982 
-10476.403809115724 
-10476.448510297829 
-10476.396174066245 
-10476.114031532210 
-10475.725331935828 
-10475.344488127146 
-10475.690919069088 
-10476.149583770046 
-10476.217545706511 
-10475.919201219613 
-10475.925592336445 
-10475.792053352687 
-10475.758070885360 
-10475.888701386973 
-10475.921926473462 
-10475.809376021945 
-10475.659310087760 
-10475.925890100538 
-10475.664321888647 
-10475.727625390686 
-10475.696970616009 
-10475.897363877695 
-10475.907816057854 
-10475.875857077952 
-10475.789930943987 
-10475.865786451530 
-10475.506653086266 
-10475.600238755251 
-10476.565529258283 
-10477.109711211046 
-10477.050244996064 
-10477.081064363514 
-10476.847984144948 
-10476.836749434502 
-10476.433149981240 
-10476.051286496078 
-10475.922284140035 
-10475.796000682920 
-10475.900492545019 
-10476.140519135683 
-10475.995011604044 
-10476.009328046468 
-10476.179309174502 
-10476.592044362113 
-10476.431151006924 
-10476.237116942630 
-10476.279641428217 
-10475.974977630962 
-10475.886304128366 
-10476.092836133967 
-10476.071051834871 
-10476.355864896059 
-10476.391776490726 
-10476.459959907066 
-10476.330230107844 
-10476.676056613122 
-10476.329131073020 
-10476.506475721619 
-10476.801698537271 
-10476.779526149081 
-10477.377869139696 
-10477.120397850487 
-10477.228280972880 
-10477.277795422491 
-10477.365275184535 
-10476.939582496234 
-10476.983140411789 
-10476.870488679237 
-10476.865605525083 
-10476.865605525083 
-10476.800563292854 
-10476.610824203402 
-10476.030272895681 
-10476.250834947206 
-10476.733946261555 
-10476.684264156738 
-10476.506442843021 
-10476.308031353943 
-10476.182625176971 
-10475.914948409463 
-10476.019865651608 
-10476.406679329009 
-10476.224316517577 
-10476.517125468001 
-10476.672233771464 
-10476.605990624639 
-10476.261401429616 
-10476.334943146339 
-10476.339207012310 
-10476.156470592688 
-10476.062272159017 
-10476.096862744216 
-10476.099479249733 
-10476.378585153945 
-10476.854161588892 
-10476.314865998866 
-10475.758139295405 
-10475.931489255165 
-10475.933442593749 
-10475.928971286072 
-10475.880096503890 
-10475.873177810183 
-10475.625041502151 
-10476.456264360510 
-10476.740980390707 
-10476.282021054951 
-10477.119548389952 
-10477.002091346591 
-10476.831264102315 
-10476.935802429778 
-10477.143080048341 
-10477.229385771296 
-10476.773659111062 
-10476.841237352510 
-10476.745871546100 
-10476.669743763421 
-10476.888731443896 
-10477.310577956443 
-10477.085276986756 
-10477.455320813986 
-10477.403767458016 
-10477.134392665434 
-10477.163726392773 
-10477.079144398160 
-10476.900857364437 
-10476.839461804504 
-10476.667394394737 
-10476.689774610559 
-10476.656392651843 
-10477.030814435675 
-10476.835853326249 
-10476.848505580203 
-10476.708489018543 
-10476.708489018543 
-10476.619345771434 
-10476.433308663165 
-10476.457047945831 
-10476.438084139851 
-10476.589793604468 
-10476.338305732295 
-10476.287425716619 
-10476.300159567945 
-10476.167211515572 
-10476.347246910147 
-10476.537178995244 
-10476.493455761356 
-10475.820181788384 
-10475.980476040582 
-10475.972696324565 
-10475.894424210026 
-10476.158630415632 
-10476.272531491244 
-10476.297699445829 
-10476.886301092500 
-10476.379039839827 
-10476.378356551670 
-10476.348590467811 
-10476.116680890251 
-10476.171036657157 
-10476.154376158542 
-10476.218805792167 
-10476.182032374629 
-10476.227011128558 
-10476.476856290483 
-10476.484568003620 
-10476.561052158135 
-10476.576178988727 
-10476.625618584932 
-10476.548580250384 
-10476.556677210210 
-10476.559624725804 
-10476.551475815075 
-10476.229138792622 
-10476.276122945887 
-10476.225660182152 
-10476.194908354339 
-10475.969355034829 
-10476.113586388889 
-10475.957402326054 
-10475.828151081263 
-10475.372329515198 
-10475.537737899112 
-10475.493201977859 
-10475.668800241770 
-10475.498689250069 
-10475.411789523634 
-10475.415012530577 
-10475.608322270258 
-10475.450724825509 
-10475.763236288873 
-10475.910636902840 
-10475.808092132231 
-10475.783341139124 
-10475.546364114085 
-10475.582900736721 
-10475.618522901397 
-10475.502893627250 
-10475.758406932991 
-10475.639851081201 
-10475.605667371601 
-10475.279417235633 
-10475.664248653738 
-10475.663396387557 
-10475.384579565893 
-10475.920584797244 
-10475.673340562666 
-10475.927125224824 
-10476.370149002689 
-10476.588219995181 
-10476.646459406378 
-10476.673231817347 
-10476.660566915234 
-10476.759923097554 
-10476.613641405333 
-10476.509079057272 
-10476.409956307594 
-10475.873342758021 
-10475.811936255299 
-10476.014080065808 
-10476.198960486665 
-10476.526713276091 
-10476.589457298713 
-10476.604208261193 
-10476.612104341111 
-10476.400889689032 
-10476.368483837477 
-10476.295474045535 
-10476.435698782339 
-10476.200235111462 
-10476.334444449267 
-10476.427354211968 
-10476.402986406498 
-10476.431902238643 
-10476.194561344219 
-10476.048675889266 
-10475.979177063115 
-10476.349628914253 
-10476.384283674908 
-10476.351370627057 
-10476.307556861058 
-10476.731315302501 
-10476.729457697036 
-10476.454700597267 
-10476.464936227705 
-10476.376022680908 
-10476.643011198023 
-10476.680109715408 
-10476.730925615844 
-10476.444600239267 
-10476.442604959702 
-10476.239586879676 
-10476.020404508563 
-10476.145997002290 
-10475.992583903690 
-10476.071876576312 
-10476.122664954544 
-10476.284277989736 
-10476.154727140025 
-10476.271144100874 
-10476.165257143857 
-10475.715744058174 
-10475.765309795639 
-10475.555055193232 
-10475.758578783732 
-10476.021941861361 
-10476.389707516439 
-10476.347643208093 
-10476.485064173465 
-10476.661211639643 
-10476.398943245937 
-10476.642759269824 
-10476.613201812183 
-10476.657680209340 
-10476.166032030378 
-10476.137721348558 
-10476.070603100328 
-10476.230634995136 
-10476.422714329001 
-10476.326287157348 
-10476.588069585536 
-10476.559792603797 
-10476.654535771626 
-10476.531538672392 
-10476.335906491551 
-10476.335906491551 
-10476.411788029254 
-10476.540768976640 
-10476.663830872270 
-10476.722566407518 
-10476.695626997474 
-10476.688752614564 
-10476.679208972831 
-10476.644861413413 
-10476.671437528081 
-10476.671437528081 
-10476.685286161664 
-10476.611180395917 
-10476.602413159279 
-10476.606422189483 
-10476.604480973758 
-10476.640773782658 
-10476.623818663460 
-10476.599162540095 
-10476.740917151645 
-10476.774723502840 
-10476.839090462458 
-10476.769799938502 
-10476.809042552617 
-10476.720206181004 
-10476.737296290190 
-10476.859043886172 
-10476.976547743900 
-10477.017797812023 
-10477.066511392160 
-10476.942169252154 
-10476.906617304217 
-10477.008216087623 
-10477.071869722797 
-10477.035507763587 
-10477.002092106683 
-10476.873756484229 
-10476.908939894745 
-10476.588981960207 
-10476.856035346134 
-10476.803839608565 
-10476.816436678988 
-10476.956296134897 
-10476.943641692118 
-10476.791552143117 
-10476.789254744059 
-10476.877087633267 
-10476.777404020642 
-10476.516239976732 
-10476.851594789310 
-10476.884876108930 
-10476.867308716704 
-10477.185771494629 
-10477.061049964501 
-10477.262494146551 
-10477.253996640065 
-10477.180322203867 
-10477.184262956060 
-10477.160498411624 
-10477.153154466110 
-10477.192821738267 
-10477.336883885109 
-10477.246806937996 
-10477.054060009878 
-10477.135693972785 
-10477.175943860817 
-10476.855069795176 
-10476.865875492707 
-10476.763740733397 
-10476.646673041738 
-10476.688071767228 
-10476.869313634626 
-10476.889732521886 
-10477.063459015721 
-10476.934428683224 
-10476.887402254819 
-10476.623370492158 
-10476.584007811576 
-10476.577298706339 
-10476.612718064394 
-10476.327291335881 
-10476.345758652706 
-10476.402697562591 
-10476.343010764976 
-10476.544468709728 
-10476.512893736075 
-10476.556953499361 
-10476.645687949800 
-10476.671646769651 
-10476.326250921828 
-10476.383304253744 
-10476.424039531063 
-10476.254183868736 
-10476.270498710745 
-10476.118165542182 
-10476.416682085128 
-10476.315386731168 
-10476.359927605499 
-10476.267483108917 
-10476.403631895701 
-10476.482149582063 
-10476.460968855059 
-10476.423845010084 
-10476.066944300816 
-10476.240079068803 
-10477.422187361677 
-10477.605025562279 
-10477.722982546120 
-10477.515145859183 
-10477.381577673685 
-10477.403829563200 
-10477.149345789974 
-10477.011311690021 
-10477.054152238357 
-10477.056298687594 
-10476.975097270624 
-10477.123363832381 
-10477.273412009661 
-10476.789097376841 
-10476.561832316276 
-10476.523158328750 
-10476.397554338670 
-10476.324786688789 
-10476.369127868567 
-10476.263175729304 
-10476.369183357328 
-10476.154037677112 
-10475.915319561513 
-10476.092170712276 
-10476.066939217957 
-10476.071731489217 
-10476.131699456930 
-10476.317754675303 
-10476.364314384871 
-10476.478075817711 
-10476.351013496058 
-10475.805061671532 
-10475.914935632147 
-10476.087445781985 
-10475.917862236520 
-10475.907148522609 
-10475.919531263029 
-10475.857104489902 
-10476.079245709871 
-10476.012876758314 
-10475.899712788390 
-10476.009034497845 
-10476.011348024444 
-10476.027615967158 
-10476.244161923059 
-10476.169563596564 
-10476.355108026553 
-10475.752505272108 
-10475.917680618590 
-10475.917680618590 
-10476.125761947274 
-10476.444002173739 
-10476.593206164174 
-10476.780036369235 
-10476.738712938844 
-10476.747810868173 
-10476.961145723215 
-10476.891855343843 
-10476.874253013251 
-10476.596618159087 
-10477.127875326461 
-10477.139991538525 
-10476.887053025745 
-10476.850531540967 
-10476.741989185086 
-10476.643442348282 
-10476.752640072622 
-10477.184850296961 
-10476.888497261876 
-10476.334464036632 
-10476.337254678403 
-10476.346992675226 
-10476.493852238320 
-10476.530902446462 
-10476.510965299383 
-10476.530908436305 
-10476.427789823307 
-10475.968802365653 
-10476.267475259210 
-10476.438691583146 
-10476.305512751422 
-10476.257437743767 
-10476.304960811967 
-10476.506271845512 
-10476.458283866921 
-10476.348402731748 
-10476.326077741161 
-10476.120107235021 
-10476.375980877734 
-10476.387503492979 
-10476.071571366307 
-10476.307934920458 
-10476.189879064108 
-10476.229765974151 
-10476.136393462573 
-10477.026887111197 
-10476.692731089535 
-10476.931031157099 
-10477.304586418632 
-10477.318941602474 
-10477.473207535686 
-10477.366477238293 
-10477.257643930807 
-10477.237415068677 
-10477.165797479058 
-10477.207202862164 
-10477.131631442344 
-10476.750148416577 
-10476.515176831159 
-10476.326533442380 
-10476.444593955715 
-10476.596404895789 
-10476.802764548083 
-10477.196187592426 
-10477.191830150725 
-10477.037274548038 
-10476.879536771949 
-10476.650911500647 
-10476.313899456973 
-10476.028589298196 
-10476.403768598148 
-10475.624920375010 
-10475.565388111738 
-10475.203778004803 
-10475.196840594392 
-10475.411225361597 
-10475.577204155359 
-10475.069432675382 
-10475.438472487249 
-10475.485832401326 
-10475.504903808431 
-10475.727535293128 
-10475.769444733447 
-10475.842584685393 
-10476.566868997048 
-10476.518577730330 
-10476.964132127881 
-10476.814688026823 
-10476.871543955684 
-10476.927908757163 
-10476.822084039995 
-10477.020655023191 
-10477.168924883172 
-10477.301700045206 
-10477.211931763786 
-10476.601901894959 
-10476.507186440407 
-10476.635030825601 
-10476.906167784220 
-10476.920261980400 
-10476.850874765703 
-10476.937056631650 
-10476.664211309871 
-10476.684161238432 
-10476.807983719025 
-10476.612262586206 
-10476.579571497785 
-10476.583890231983 
-10476.635216214858 
-10476.630306685527 
-10476.630306685527 
-10476.563249191890 
-10476.619481579322 
-10476.844698039955 
-10477.426483888936 
-10477.347678258449 
-10477.290544509162 
-10477.425718068542 
-10477.575634986946 
-10477.421787356199 
-10477.467899645511 
-10477.516685750041 
-10478.044909623246 
-10478.048271399501 
-10477.874735707930 
-10477.754177330786 
-10477.987480151000 
-10477.582193624326 
-10477.756556311424 
-10478.007720867719 
-10478.103075386423 
-10477.890031159619 
-10478.033847932493 
-10478.251399498769 
-10478.218411492504 
-10477.897596844407 
-10478.178441827045 
-10478.117121646923 
-10477.763430539813 
-10477.810109100332 
-10477.552167059835 
-10477.261899424291 
-10477.573271508454 
-10477.554898904775 
-10477.449344155155 
-10477.433840006173 
-10477.379206023925 
-10477.212870783656 
-10477.879018794461 
-10477.969296665877 
-10477.975654789996 
-10477.705890254401 
-10477.427415464736 
-10477.380562492392 
-10477.573907983688 
-10476.757830076785 
-10476.659977339346 
-10476.700916330145 
-10476.665791428390 
-10476.664269021965 
-10476.681480423651 
-10476.697061869938 
-10476.664583571383 
-10476.602726510335 
-10476.570672680218 
-10476.632597227390 
-10476.361313951787 
-10476.419277518236 
-10476.414399666230 
-10476.428408513699 
-10476.415717081865 
-10476.245293048469 
-10476.334990709904 
-10476.255060458161 
-10476.205983040263 
-10476.288505636870 
-10476.310727145561 
-10476.443843808636 
-10476.313295017584 
-10476.348143831347 
-10476.439844001063 
-10476.458448512065 
-10476.071639733327 
-10475.964706048540 
-10475.980836737584 
-10476.404670829303 
-10476.285983857219 
-10476.282500509238 
-10476.281061421012 
-10476.547023043773 
-10476.194416182740 
-10476.317610490141 
-10476.239340116572 
-10476.149100809575 
-10476.097067580435 
-10476.191883118499 
-10475.962092098234 
-10475.925984904054 
-10475.368400271585 
-10475.169737096618 
-10475.483547410202 
-10475.481355144775 
-10474.933502119660 
-10475.387695859579 
-10475.570870000236 
-10474.902179441342 
-10475.263715146633 
-10475.509399019429 
-10475.606811486072 
-10475.579816843439 
-10475.638484531632 
-10475.789072639269 
-10476.190955806942 
-10476.472624922397 
-10476.554800023561 
-10476.764841713213 
-10476.352560661331 
-10476.648567885695 
-10476.655232725976 
-10476.722987876634 
-10476.754432835585 
-10476.567540986260 
-10476.531253761452 
-10476.530143247079 
-10476.500232946140 
-10476.647902629153 
-10476.974560781360 
-10476.985831952119 
-10476.869522263305 
-10476.520730920032 
-10476.310151634454 
-10476.716234859345 
-10476.717814414977 
-10476.721905553166 
-10476.623997260112 
-10476.588451683690 
-10476.550754289046 
-10476.802664800656 
-10476.951088426407 
-10476.874250925475 
-10477.034511595046 
-10477.049164874867 
-10476.967951453860 
-10476.998715676093 
-10476.750863448131 
-10476.707872542069 
-10476.632227498370 
-10476.542225811903 
-10476.858173176914 
-10476.979092349002 
-10476.985461288361 
-10477.166226763640 
-10477.327955683817 
-10477.249814780460 
-10477.174670725604 
-10477.096474126281 
-10477.115065056671 
-10476.951502297743 
-10476.910187542106 
-10477.109139574486 
-10477.395690892359 
-10476.767298449819 
-10476.702458785938 
-10476.657906752598 
-10476.538169516585 
-10476.469151565152 
-10476.530094196492 
-10476.462701995093 
-10476.383903578413 
-10476.397584177335 
-10476.338446359432 
-10476.181498778638 
-10476.307168208295 
-10476.263894282920 
-10476.313888193607 
-10476.295629208305 
-10476.409148381526 
-10476.431599853657 
-10476.149579672319 
-10475.360603901696 
-10475.706682949849 
-10475.554532246126 
-10475.323474126622 
-10475.300265032491 
-10475.602002728541 
-10475.735662351919 
-10475.281271225385 
-10475.419475852033 
-10475.328732606200 
-10475.581941324488 
-10475.470558051453 
-10475.301793040997 
-10475.388874223996 
-10475.443337542325 
-10474.922490897510 
-10475.122599440263 
-10474.818352621283 
-10475.467943602984 
-10475.429130876730 
-10475.319182781213 
-10475.538870611279 
-10475.229165043440 
-10475.123753206493 
-10475.351611310905 
-10474.887021975490 
-10474.896751484721 
-10475.101398407905 
-10475.543252635667 
-10475.789197785381 
-10475.552054969841 
-10475.966247045768 
-10475.906096206585 
-10476.176071481275 
-10476.315967552502 
-10476.384164650712 
-10476.512230431255 
-10476.381759199043 
-10476.456525156138 
-10476.403254176787 
-10476.318257384872 
-10476.450709596511 
-10476.330760654628 
-10476.576450999186 
-10476.515147383901 
-10476.490375685402 
-10476.535242704625 
-10476.529536126973 
-10476.589247945554 
-10476.668697662497 
-10476.293266486558 
-10476.149397447378 
-10476.656652729760 
-10476.618233176951 
-10476.562399877948 
-10476.561945593963 
-10476.467798973152 
-10476.951573038030 
-10477.143237995993 
-10477.143237995993 
-10477.161500430831 
-10476.946400833096 
-10477.172562069127 
-10477.101504492550 
-10477.334759068855 
-10477.150983798980 
-10477.244693319211 
-10477.389494748937 
-10477.371105556776 
-10477.435302003420 
-10477.422351572108 
-10477.348864816386 
-10477.412286822200 
-10477.708829455167 
-10477.052281457865 
-10477.072807976914 
-10477.580198705084 
-10477.124570909771 
-10477.225795287140 
-10476.980517063657 
-10477.069698156816 
-10476.901628544019 
-10476.876203982238 
-10476.722287546678 
-10476.851463462110 
-10476.804963971792 
-10476.775529647279 
-10476.714518698715 
-10476.892387890879 
-10476.923479088469 
-10476.871110891216 
-10476.838536339368 
-10476.728395467520 
-10476.374694998261 
-10477.111509232029 
-10477.133954001907 
-10476.914679566444 
-10476.593940769826 
-10476.597393107602 
-10476.617337605327 
-10476.538045053536 
-10476.526733387773 
-10476.541961800689 
-10476.656189113110 
-10476.685070805077 
-10476.890649262565 
-10476.626782655592 
-10476.682920348752 
-10476.705344857040 
-10476.560034068591 
-10476.607569314592 
-10476.312815304418 
-10475.891456402511 
-10475.783834214490 
-10475.727261087663 
-10475.801063068719 
-10476.054431747621 
-10476.058291627640 
-10476.040520102983 
-10476.003807671532 
-10476.007713649040 
-10476.018624466731 
-10475.724915274386 
-10475.679270582867 
-10475.688366577642 
-10476.012676989460 
-10475.599825956308 
-10475.573633123813 
-10475.923803433359 
-10475.790802310319 
-10475.693096396528 
-10475.928960803329 
-10475.935766554350 
-10475.811415756280 
-10476.195396279678 
-10476.297392949846 
-10476.516561775312 
-10476.479876220288 
-10476.314164544399 
-10476.299139970444 
-10476.373362554312 
-10476.352850412661 
-10476.288004361249 
-10476.241484171784 
-10476.216149714153 
-10476.249940266771 
-10476.183828662381 
-10476.080883913621 
-10476.106848975754 
-10476.277323579252 
-10476.223964316603 
-10476.281969471140 
-10476.207424103943 
-10476.363388061704 
-10476.323939541995 
-10476.172717176916 
-10476.295369914671 
-10476.345968044587 
-10476.161242532908 
-10476.212368080700 
-10476.300367136570 
-10476.233062027040 
-10476.233205717162 
-10476.288223298028 
-10476.302984800563 
-10476.300389160364 
-10476.241675240926 
-10476.271757488765 
-10476.437507913059 
-10476.473537421889 
-10476.511747455355 
-10475.984823855695 
-10475.942628567635 
-10476.024171948004 
-10476.021117618384 
-10475.904051595377 
-10476.018340062181 
-10475.831651823344 
-10475.785152586623 
-10476.185428422530 
-10476.330456800841 
-10476.313030277568 
-10476.636182727365 
-10476.624421365359 
-10476.509263717167 
-10476.515009996954 
-10476.667260446238 
-10476.828254310907 
-10477.325789554328 
-10477.150720654308 
-10477.599044645047 
-10477.647619369758 
-10477.710423850305 
-10477.483286910779 
-10477.647958845875 
-10477.194136742381 
-10477.363806549736 
-10477.169885181389 
-10477.115618859507 
-10477.132317844571 
-10477.364770824441 
-10477.063042343862 
-10477.156880696455 
-10476.894314102210 
-10476.952465225313 
-10476.961097675583 
-10476.802439097191 
-10476.864173558886 
-10476.505437115395 
-10476.411912662192 
-10476.707647859428 
-10476.781841608163 
-10476.762070254095 
-10476.775058322586 
-10476.664743167827 
-10477.042188348272 
-10476.952590040379 
-10477.249072382707 
-10477.375424972188 
-10477.348615317589 
-10477.238565057994 
-10476.875485400536 
-10476.829037565019 
-10476.630321115152 
-10476.417838987516 
-10476.381238662945 
-10476.009439487229 
-10475.819220301810 
-10476.789696638140 
-10476.804077737979 
-10476.597259396814 
-10476.638336009933 
-10476.536595766658 
-10476.729058567213 
-10476.987037091169 
-10477.612497617663 
-10477.662751982754 
-10477.800321794459 
-10478.114436437112 
-10477.796751706019 
-10477.881749529071 
-10478.050541088161 
-10478.121595987410 
-10478.227392361301 
-10478.130046281038 
-10478.214218063820 
-10478.039966901781 
-10477.720957400614 
-10477.925372531323 
-10477.721581882806 
-10478.133594606852 
-10477.750750193311 
-10478.147713648799 
-10478.000142318000 
-10477.737198564299 
-10477.728744003936 
-10477.765950819385 
-10477.067456222801 
-10477.381127704817 
-10477.352433691423 
-10477.207979749308 
-10477.152218307889 
-10478.200833584735 
-10478.202857012144 
-10477.733737014585 
-10478.142697091642 
-10477.202738605545 
-10477.190394660673 
-10477.159929697536 
-10477.219683119760 
-10477.121569323195 
-10477.071319590483 
-10477.066092358004 
-10476.728816032473 
-10476.721294953102 
-10476.971669836039 
-10477.123464866603 
-10477.045555770081 
-10477.061781337607 
-10476.746283797427 
-10476.710325604468 
-10476.689450692460 
-10476.329980049770 
-10476.752721506147 
-10476.725920506056 
-10476.904034382844 
-10476.928926358214 
-10476.900721614413 
-10477.159066642282 
-10477.079708577559 
-10477.161393042707 
-10477.268373580868 
-10477.136558477059 
-10477.136558477059 
-10477.250271400506 
-10477.320740339648 
-10477.222946116997 
-10477.209858732029 
-10477.215378856501 
-10477.359731426275 
-10477.120174683268 
-10476.747760680400 
-10476.727228994556 
-10476.955248792032 
-10477.122454164773 
-10477.592984323199 
-10477.368163248106 
-10477.682547568709 
-10477.425669756207 
-10477.306829582365 
-10477.222635671369 
-10476.952050358203 
-10476.931210717927 
-10476.928365956383 
-10477.056525540658 
-10476.867956589642 
-10476.962341167846 
-10476.982514860205 
-10477.272351839516 
-10477.145350735171 
-10477.153929044058 
-10477.148013413553 
-10477.167946492968 
-10477.767548055877 
-10477.773661982128 
-10477.715676525268 
-10477.569412377854 
-10477.243689610537 
-10477.292233612681 
-10477.312381433512 
-10477.330449274206 
-10477.374372373464 
-10477.561730822195 
-10477.540428931237 
-10477.592774425100 
-10477.720617012090 
-10477.409421965947 
-10477.537862040099 
-10477.129126418557 
-10477.268018669552 
-10477.309286012407 
-10477.070190635377 
-10477.243836429032 
-10476.944537993373 
-10477.019672876087 
-10477.184584863327 
-10477.146527864670 
-10477.509714688356 
-10477.350184604324 
-10477.236042666915 
-10477.312218371093 
-10477.205000911235 
-10477.459620282685 
-10477.631988283876 
-10477.212948305702 
-10477.261834231051 
-10476.847287424911 
-10477.039738449119 
-10476.836928352126 
-10476.844206627189 
-10476.615646415270 
-10476.725168589184 
-10476.896715235187 
-10476.895189923502 
-10476.902753270217 
-10476.667526168056 
-10476.557112846669 
-10476.690895291209 
-10476.356239850307 
-10476.400641541801 
-10476.190550132020 
-10476.227207881913 
-10476.337608622474 
-10476.340865182196 
-10476.440692233535 
-10476.495383002219 
-10476.441533351048 
-10476.420341246039 
-10476.362448164733 
-10476.577784087673 
-10476.276927299890 
-10476.368355980207 
-10476.613710251026 
-10476.587049614927 
-10476.752170025242 
-10476.799448230147 
-10476.855662096496 
-10476.911003725703 
-10476.754388647501 
-10476.746796792346 
-10476.609682131681 
-10476.798025987129 
-10477.003994682143 
-10477.084193491675 
-10477.212404178361 
-10477.529859666945 
-10477.336518116719 
-10477.629289568538 
-10477.638476014303 
-10478.011033357594 
-10478.011033357594 
-10478.011056215280 
-10477.875103192444 
-10477.707651699910 
-10477.453315641345 
-10477.420917401516 
-10477.207531555548 
-10477.260700888524 
-10477.692980328789 
-10477.487026444469 
-10477.825312898685 
-10477.495392761546 
-10477.874756689516 
-10477.873950083627 
-10477.777080989303 
-10477.666427029213 
-10477.082645017183 
-10476.942957838439 
-10477.252630953706 
-10477.033387405949 
-10477.045299757789 
-10477.050597035006 
-10477.016699465403 
-10477.046215805840 
-10476.715291070705 
-10476.498604563230 
-10476.640341176973 
-10476.571684584096 
-10476.648073388993 
-10476.645662382456 
-10476.815198657641 
-10477.016754852264 
-10477.102785766576 
-10477.054459018807 
-10477.058196387079 
-10477.270172095676 
-10477.114352217304 
-10477.351010998498 
-10477.182545218227 
-10477.342983946352 
-10477.010838584820 
-10477.087873589671 
-10477.335466008470 
-10477.281732775877 
-10477.364357844033 
-10478.215603247783 
-10478.350508933021 
-10478.350279204080 
-10478.531021514355 
-10478.081294181009 
-10478.389064875499 
-10478.362777297400 
-10478.251470555335 
-10477.857738988068 
-10477.806926720772 
-10477.730924839494 
-10477.963154339943 
-10477.960153621227 
-10478.009742241071 
-10478.042490489534 
-10477.842181102631 
-10477.944894907525 
-10478.157905378461 
-10478.447445316126 
-10478.143260672061 
-10478.089162748180 
-10478.151537762082 
-10477.844689115031 
-10477.821966280808 
-10477.942110583908 
-10476.832179510822 
-10477.001389598154 
-10476.945750695444 
-10477.413496078325 
-10476.794368304572 
-10476.810751876872 
-10476.629393058898 
-10476.942692318265 
-10477.030105248592 
-10476.806267685812 
-10476.752040188047 
-10476.584689113210 
-10476.722711967097 
-10476.274999012183 
-10476.266644327077 
-10476.151485056689 
-10476.246886813313 
-10476.204303692366 
-10475.703612564377 
-10475.734574900847 
-10475.906081164743 
-10475.901083897654 
-10475.878055856201 
-10475.806436596504 
-10476.055734740714 
-10476.434245444403 
-10476.140406824903 
-10476.055063094682 
-10476.313108555611 
-10476.423732792146 
-10476.367148454166 
-10476.288354626126 
-10476.462033000775 
-10476.287391425181 
-10475.964496371100 
-10476.196302528830 
-10476.265486874987 
-10476.311311647185 
-10476.199694497031 
-10476.307548499684 
-10476.516723023838 
-10476.446063626028 
-10476.955292655286 
-10476.885059610164 
-10476.813019120294 
-10476.888250845739 
-10476.826492271053 
-10476.952699221225 
-10477.025918464997 
-10477.028953769102 
-10477.157915835120 
-10476.788632733695 
-10476.850706174100 
-10477.040455188953 
-10476.952468190457 
-10476.194328266027 
-10476.262683255178 
-10476.204817356585 
-10475.995339113711 
-10476.276861598493 
-10476.464260996945 
-10476.367957121200 
-10476.338361859191 
-10476.444913281684 
-10476.390363974811 
-10476.282121097582 
-10475.895591706663 
-10476.043920379874 
-10476.111403145042 
-10476.087447728733 
-10476.072537806043 
-10476.320492857994 
-10476.285200609507 
-10476.229756398523 
-10476.901151081869 
-10476.884608487324 
-10477.033585456429 
-10476.991412783336 
-10477.088238063232 
-10477.186786059117 
-10477.221958086509 
-10477.015600559951 
-10476.789681338680 
-10476.689257359069 
-10476.813210692375 
-10476.782931677575 
-10476.657471097731 
-10476.655331654598 
-10476.636045525633 
-10476.629792958844 
-10476.609635805533 
-10476.390805283585 
-10476.270765371504 
-10476.344302004356 
-10476.349659697753 
-10476.352072755084 
-10476.505925174471 
-10476.502303993946 
-10476.554423898389 
-10476.527579045225 
-10476.487058042931 
-10476.487058042931 
-10476.394869782273 
-10476.488635913181 
-10476.475631084199 
-10476.424750066602 
-10476.894794103155 
-10476.864523011929 
-10476.506778195162 
-10476.630483117799 
-10476.412638768317 
-10476.303011142780 
-10476.295048795857 
-10476.324000977362 
-10476.082578773659 
-10475.922000499655 
-10475.735681642644 
-10476.057927782802 
-10476.208600681866 
-10476.221982847388 
-10476.439686340171 
-10476.726435012171 
-10476.744663807685 
-10477.111324124533 
-10477.049894930358 
-10477.024821928990 
-10476.910710316990 
-10476.923977492736 
-10477.001606232707 
-10477.533148210276 
-10477.503729395088 
-10477.486197649599 
-10477.452365852476 
-10477.522237412672 
-10477.579393044047 
-10478.059514171890 
-10477.476725680161 
-10477.498793925564 
-10477.425594421349 
-10477.383197969346 
-10477.276971622869 
-10477.569548606025 
-10477.507956364772 
-10477.268142567153 
-10477.185741155788 
-10477.116259713244 
-10477.050175669119 
-10477.278091857286 
-10476.789624647870 
-10476.671760942823 
-10476.828315513929 
-10476.480149419293 
-10476.501469701707 
-10476.490482664502 
-10476.543305950809 
-10476.445016647847 
-10476.485261420814 
-10476.837768197189 
-10476.370545496527 
-10476.630567286380 
-10476.721115946173 
-10476.716969161327 
-10476.630603433769 
-10476.609008824891 
-10476.618919477609 
-10476.681416338459 
-10476.333693022414 
-10476.554380099748 
-10476.756740032144 
-10476.760821193362 
-10476.717285887451 
-10476.893617185855 
-10476.834005765593 
-10476.828198281757 
-10476.847920053400 
-10476.830077862362 
-10477.006592694737 
-10476.814013867188 
-10477.170407042462 
-10477.055748653122 
-10477.099766163323 
-10477.402734348925 
-10477.563430112878 
-10477.647862318356 
-10477.565841323527 
-10477.527093950994 
-10477.226964334543 
-10477.442030220587 
-10476.827995075586 
-10476.782259762300 
-10476.570653708430 
-10476.561352104070 
-10476.681827841419 
-10476.776110212375 
-10477.080916209585 
-10477.331534043780 
-10477.391790144129 
-10477.044264280652 
-10476.884312325557 
-10476.970355050498 
-10476.880969456644 
-10476.525709539637 
-10476.468716568481 
-10476.474230464970 
-10476.600467583688 
-10476.567972175340 
-10476.904527600082 
-10476.930561919125 
-10476.785848409245 
-10476.744058573453 
-10477.282604896836 
-10477.262150022400 
-10477.470500213252 
-10477.190808488209 
-10476.953431247261 
-10477.244691238198 
-10477.216123927123 
-10477.061195498834 
-10476.658550875658 
-10476.599061431996 
-10476.570104440738 
-10476.617648208554 
-10476.703070627022 
-10476.997489176765 
-10476.813023653156 
-10476.765013372384 
-10476.621726716998 
-10476.606133052428 
-10476.608817880513 
-10476.387398343255 
-10476.482346755856 
-10476.586666763335 
-10476.552868894352 
-10476.191200736161 
-10476.016153193119 
-10475.988559523506 
-10475.956819533474 
-10475.728272544417 
-10475.686270240063 
-10475.645581179182 
-10475.801322090971 
-10476.026711199733 
-10476.070124478425 
-10476.136746010699 
-10476.162834498751 
-10475.157134513578 
-10475.793269117137 
-10475.766080343867 
-10476.062236577611 
-10475.986470805376 
-10475.970748223697 
-10475.864025765659 
-10475.943542212026 
-10476.109924440461 
-10476.488039388771 
-10476.300088159187 
-10476.342647451051 
-10476.407411233817 
-10476.868136123619 
-10477.074023550540 
-10477.239602065896 
-10477.216563545344 
-10477.127737104847 
-10477.295163341749 
-10477.285333348409 
-10477.097721889246 
-10476.505901624174 
-10476.796614494277 
-10476.601008081792 
-10476.446974531833 
-10476.642641201868 
-10476.520651660396 
-10476.357859368214 
-10475.922079483935 
-10475.894868894395 
-10476.008466324312 
-10476.060382293705 
-10476.430353697393 
-10476.273162515337 
-10476.478661967396 
-10476.556020975378 
-10476.596059980347 
-10478.219933091554 
-10477.836164226612 
-10478.154730703045 
-10477.993823750567 
-10477.613050551508 
-10477.827817047535 
-10477.911865587839 
-10477.741756985004 
-10478.088564972497 
-10477.904128635835 
-10477.912257208687 
-10478.192966424233 
-10477.815388599778 
-10477.703645391144 
-10477.825587108537 
-10477.815401219204 
-10477.551869224249 
-10477.461960106148 
-10477.885948551206 
-10477.859232009418 
-10477.822419831982 
-10477.645286485031 
-10477.540308081248 
-10478.487665570085 
-10477.970193037496 
-10477.580583939349 
-10477.716174920211 
-10477.932407647353 
-10477.955883172002 
-10477.674711240245 
-10477.262735494813 
-10477.276711150856 
-10477.292124119602 
-10477.205416491948 
-10477.198644757638 
-10477.175647540091 
-10477.175647540091 
-10477.011795944456 
-10476.948606776901 
-10477.014761149125 
-10477.076934713194 
-10477.272160585788 
-10477.401634751899 
-10477.362858695047 
-10477.399047871701 
-10477.097885805286 
-10477.097396449310 
-10477.090468434177 
-10477.167027088721 
-10477.199457251307 
-10477.054009655369 
-10477.315039900352 
-10477.338489892825 
-10477.416398414478 
-10477.172234185175 
-10477.190982805916 
-10477.175302297084 
-10476.994179466041 
-10477.074839052906 
-10477.046347870917 
-10476.959523525828 
-10477.010025272179 
-10476.991615674757 
-10477.007082409720 
-10477.001851774114 
-10476.926440081865 
-10476.854865159121 
-10476.707142749150 
-10476.860911248326 
-10476.361546843078 
-10477.120747063685 
-10477.166079178596 
-10476.966033096578 
-10477.455115119019 
-10477.208235211678 
-10477.491793124991 
-10478.057832349718 
-10477.999064196028 
-10477.964136223223 
-10478.232322552538 
-10477.951324768776 
-10477.951324768776 
-10477.744293842083 
-10477.419606493369 
-10477.482731181497 
-10477.042034446442 
-10477.122450344714 
-10476.976851559602 
-10476.731291590271 
-10476.768899095010 
-10476.703563595960 
-10477.094096498857 
-10477.045550381430 
-10477.037690248944 
-10476.036624964361 
-10476.036184401612 
-10476.130285366064 
-10476.023019763348 
-10476.014431522379 
-10476.085119465717 
-10475.835511313537 
-10476.178475368937 
-10476.183467821904 
-10476.132920211294 
-10476.132657595632 
-10476.168090433721 
-10475.651697385287 
-10475.962098113370 
-10476.177422729666 
-10475.990011764181 
-10476.220531991883 
-10476.292650348229 
-10476.120709598257 
-10476.522130968906 
-10476.446151293178 
-10476.316996827509 
-10476.187381279657 
-10476.218687070272 
-10476.491735954560 
-10476.491735954560 
-10476.681747933982 
-10476.717744402727 
-10476.615518568045 
-10476.283354747935 
-10476.196959371129 
-10476.231423869949 
-10476.161188773778 
-10476.241931030025 
-10476.243751247792 
-10476.911877955830 
-10476.857822337288 
-10476.893294448206 
-10477.027199137796 
-10476.970367694843 
-10476.969377436371 
-10476.971026486906 
-10477.018753755803 
-10477.157161475929 
-10476.993343783362 
-10476.987499688737 
-10476.940585857879 
-10476.873424339768 
-10477.268045298159 
-10477.158269476582 
-10477.588689055872 
-10477.499403511112 
-10477.639356956155 
-10477.781120958225 
-10477.384999048769 
-10477.499322555608 
-10477.553162831531 
-10477.488597936441 
-10477.707020844020 
-10477.563276632072 
-10477.678698330736 
-10477.237510159752 
-10477.141745056888 
-10477.193836461660 
-10477.294296942047 
-10477.446443473842 
-10477.462598024647 
-10477.609524751817 
-10477.761778557358 
-10478.198297298479 
-10478.257131028928 
-10477.992495616112 
-10477.698419720518 
-10477.771171659751 
-10477.554920688121 
-10477.648407678062 
-10476.942986297530 
-10476.705544876841 
-10476.785444024308 
-10476.727103694540 
-10476.833988104017 
-10476.699626046140 
-10476.760136070739 
-10476.461930027746 
-10476.450873274893 
-10476.470932326263 
-10476.390550086368 
-10476.399454898701 
-10476.917088173612 
-10476.685614642627 
-10476.621343638702 
-10476.458278546132 
-10476.458278546132 
-10476.456859000877 
-10476.464317748008 
-10476.520915886555 
-10476.530057777960 
-10476.597565653321 
-10476.651108553102 
-10476.773727667505 
-10476.625803389788 
-10476.487995666570 
-10476.525992080051 
-10476.378261390173 
-10476.741716626846 
-10476.650275104954 
-10476.484987381004 
-10476.482940200705 
-10476.370971152794 
-10476.142093979994 
-10475.740184645951 
-10476.256246850773 
-10476.240712539944 
-10476.099601180376 
-10476.191531346172 
-10476.246709242470 
-10476.411333146338 
-10476.525181954024 
-10476.138120925611 
-10476.280893709027 
-10476.397967454901 
-10476.181370426813 
-10476.645114146862 
-10476.529954025178 
-10476.110204547440 
-10476.204228941086 
-10475.952000027102 
-10475.976400086247 
-10475.982731249735 
-10476.132830823370 
-10475.878419919367 
-10475.798774550567 
-10475.602458934356 
-10475.490064194679 
-10475.465492122377 
-10475.485410708336 
-10475.569781281118 
-10475.604814083024 
-10475.514088453529 
-10475.557673515292 
-10475.291954311773 
-10475.565432974143 
-10475.052139575422 
-10475.094391787037 
-10475.288756585453 
-10474.690322283301 
-10474.838806595035 
-10474.986708530865 
-10475.024625191685 
-10475.276494326503 
-10475.528340505987 
-10475.369784165659 
-10475.501355320241 
-10475.305161261140 
-10475.313039549414 
-10475.438156770053 
-10475.508907609195 
-10475.343594901909 
-10475.506054739370 
-10475.496692055141 
-10475.615785793618 
-10475.821778376941 
-10475.605319865639 
-10475.204716941809 
-10475.373018955488 
-10475.557693184955 
-10475.474426668645 
-10476.007216576199 
-10476.055134450453 
-10476.100358273961 
-10475.774412426954 
-10475.525423177307 
-10475.614224477362 
-10475.447245113197 
-10475.620518196518 
-10475.911845886527 
-10475.351131861449 
-10475.517140501886 
-10475.578749118386 
-10475.741062867073 
-10475.959693893143 
-10475.907217747401 
-10475.583200778143 
-10475.392191004737 
-10475.408262137422 
-10475.423983268529 
-10475.224283654119 
-10475.089789694533 
-10476.810182573770 
-10476.821614650529 
-10476.850207058616 
-10477.078288174069 
-10476.866618617198 
-10476.867337006202 
-10476.908710627575 
-10476.908710627575 
-10476.817859661003 
-10476.900840090497 
-10476.818335980757 
-10476.961994627327 
-10477.035437299606 
-10476.933893145395 
-10476.757733328821 
-10476.757242280144 
-10476.756702155888 
-10476.754849622754 
-10476.722725883739 
-10476.786825825084 
-10476.475612828061 
-10476.502962236744 
-10476.576817452667 
-10476.634265269320 
-10477.628934777043 
-10477.541152517098 
-10477.328055342419 
-10476.989910292508 
-10477.487766020515 
-10477.232849114886 
-10477.266540275306 
-10477.386455518355 
-10477.386455518355 
-10477.330290044412 
-10477.329014964338 
-10477.212858915929 
-10477.205789834887 
-10477.039915021884 
-10477.348933218669 
-10477.088044761924 
-10477.247665150124 
-10477.218248859330 
-10477.288442835012 
-10477.016015347052 
-10476.968991682625 
-10477.068211782134 
-10477.145026617274 
-10477.142431031170 
-10477.162074787137 
-10477.162074787137 
-10477.056894543766 
-10476.899337804893 
-10477.036165985826 
-10476.943859458615 
-10477.148849772448 
-10477.136046170597 
-10478.007204388259 
-10477.552922510495 
-10477.788835100580 
-10478.136378624222 
-10477.712579129508 
-10478.076752689518 
-10477.892588865810 
-10478.322731527825 
-10477.511367514620 
-10477.458255070174 
-10477.550016555741 
-10477.398338168699 
-10477.284877892673 
-10477.599131970534 
-10477.599131970534 
-10477.377778430666 
-10477.271932065518 
-10477.685767051556 
-10477.385150574139 
-10477.894811940256 
-10477.491161862647 
-10477.461847456612 
-10477.610016755963 
-10477.613184117816 
-10477.525519337565 
-10477.418558736523 
-10477.073132128584 
-10477.157614099104 
-10476.886214854261 
-10476.921216236220 
-10476.725119394669 
-10476.844818211895 
-10476.664118419983 
-10476.718975876634 
-10476.400212476980 
-10476.584841986967 
-10476.233125173931 
-10476.295810222560 
-10475.479789042216 
-10475.466344018745 
-10475.487804088241 
-10475.477739447169 
-10475.359910730464 
-10475.228465061440 
-10475.486405631287 
-10475.545948231318 
-10475.364273888519 
-10475.884140349908 
-10475.697424659915 
-10475.671580432807 
-10475.702441166788 
-10475.667574111574 
-10475.596767142477 
-10476.028294931646 
-10476.035299133475 
-10475.941673790610 
-10475.923990825997 
-10475.903892747894 
-10475.900274440748 
-10475.916076690512 
-10475.802241417518 
-10475.544930472679 
-10475.862156823971 
-10475.900964676801 
-10475.936101133282 
-10475.846856874306 
-10475.992157356406 
-10476.007075594827 
-10475.920927904612 
-10475.736521844929 
-10476.109688475392 
-10476.164577052517 
-10476.345750690327 
-10476.499500302887 
-10476.211519080205 
-10476.223687523257 
-10476.520165352595 
-10476.615296091191 
-10476.709803644844 
-10476.870204955911 
-10477.318640468995 
-10477.341628829146 
-10476.822321007456 
-10476.897923718867 
-10476.995571202180 
-10476.932912036173 
-10476.926141077363 
-10476.886137189214 
-10477.197464384832 
-10476.990654727957 
-10476.858442556917 
-10476.952457811734 
-10476.580438360226 
-10476.420598500272 
-10476.472601143658 
-10476.434339171619 
-10476.577146679187 
-10476.717826416731 
-10476.625255852541 
-10476.648948044112 
-10476.664823910207 
-10476.856471413579 
-10476.546150892817 
-10476.518965921479 
-10476.169170538584 
-10475.672224737944 
-10475.718449381320 
-10475.779863125976 
-10475.763571748115 
-10475.770767006774 
-10475.896235914981 
-10475.998655680985 
-10475.994530843211 
-10475.903649063916 
-10475.903649063916 
-10475.910398382786 
-10475.950375890619 
-10475.993328404433 
-10476.073261846519 
-10476.059921305376 
-10476.059921305376 
-10476.079074505653 
-10476.143787589803 
-10476.104871196594 
-10476.234619055651 
-10476.042991419172 
-10476.152135934715 
-10476.229344722704 
-10476.310824187514 
-10476.533312177136 
-10476.557536227790 
-10476.352945942581 
-10475.722918932757 
-10475.414478242274 
-10475.246958744749 
-10475.425909008620 
-10475.573771999379 
-10475.369615632364 
-10475.336884074122 
-10475.672262564120 
-10475.690848525512 
-10475.581522750554 
-10476.413042244183 
-10477.001687528966 
-10476.884931070465 
-10476.759712239247 
-10477.150934119381 
-10477.291725498511 
-10477.479527765659 
-10477.521659229446 
-10477.729066595564 
-10477.704391882993 
-10477.433477600907 
-10477.472419755444 
-10477.085995666117 
-10477.092677889354 
-10476.115949665842 
-10476.313881069755 
-10476.092360920808 
-10475.842983834718 
-10475.997027260144 
-10476.181448470683 
-10476.215749455690 
-10475.291592725287 
-10475.228392942869 
-10475.328171992087 
-10475.164887366771 
-10475.314440951608 
-10475.304980800141 
-10475.412235208451 
-10475.548476217829 
-10475.932455359276 
-10476.283550470211 
-10475.927112413088 
-10475.745519929320 
-10475.690081474044 
-10475.381198512294 
-10475.349367641769 
-10476.173478142879 
-10476.880482440522 
-10477.364112240090 
-10477.177487017763 
-10477.037785474145 
-10477.118820296899 
-10476.518148406238 
-10476.430697877415 
-10476.231035338102 
-10476.256417037726 
-10476.182092155772 
-10476.330860431424 
-10476.168231236854 
-10476.399283753788 
-10476.492954735275 
-10477.370823879648 
-10477.198618962362 
-10476.817542584662 
-10476.987005730776 
-10476.249109356713 
-10475.760760593112 
-10475.788760608542 
-10475.969341502576 
-10475.851035217440 
-10475.742095345766 
-10475.758944277133 
-10475.494308668238 
-10475.523191360444 
-10475.823151279805 
-10475.570866029169 
-10475.781406164091 
-10475.781406164091 
-10475.783098042464 
-10475.762138792510 
-10475.931249735646 
-10475.702086789090 
-10475.969941229889 
-10475.952696018372 
-10476.037141553245 
-10475.734218495361 
-10475.917447081798 
-10476.131557219345 
-10476.082867775198 
-10476.192176268942 
-10476.218871794292 
-10476.327902687710 
-10476.048632248237 
-10476.102081942570 
-10476.171383951052 
-10476.181635035449 
-10476.215929433643 
-10476.033006761505 
-10476.207627616956 
-10476.245085194818 
-10476.148231997113 
-10476.205945782414 
-10476.200369364307 
-10476.032588128752 
-10476.207286399454 
-10476.129539604510 
-10476.128450393566 
-10476.120394731928 
-10476.124725948262 
-10476.169007015496 
-10476.169007015496 
-10476.169007015496 
-10476.170844921315 
-10476.188939881447 
-10475.746974881486 
-10475.746974881486 
-10475.866039313401 
-10475.785018025457 
-10475.786705350716 
-10475.927945714837 
-10475.840080928558 
-10476.111743549902 
-10476.035549189608 
-10475.950079901562 
-10476.156622021957 
-10476.156601703740 
-10476.058347221486 
-10476.077733512209 
-10476.027611533720 
-10476.203722279113 
-10476.214512149856 
-10476.221798905977 
-10476.251105987914 
-10476.166328688407 
-10476.480689550686 
-10476.428849197389 
-10476.773519087588 
-10476.722049330028 
-10476.434094773962 
-10476.399117230070 
-10476.767782987152 
-10476.913646233381 
-10476.649214753359 
-10476.229677150910 
-10476.150740520839 
-10476.267747063275 
-10476.571949469717 
-10476.772850159399 
-10476.721091842703 
-10476.773587158777 
-10477.137655997827 
-10477.186676116249 
-10477.144688404698 
-10477.167155264971 
-10477.308911489814 
-10477.568658671027 
-10477.401638177906 
-10477.161496305966 
-10477.055434950385 
-10477.911806519423 
-10477.602219846629 
-10477.746295669403 
-10477.629647929229 
-10477.461085815954 
-10477.413902656270 
-10477.358460188259 
-10477.025921761709 
-10477.183783114257 
-10476.850711014458 
-10476.832694481702 
-10476.736573927201 
-10476.318252025727 
-10476.469470839231 
-10476.328891085754 
-10476.499570031474 
-10476.334022504516 
-10476.143445456924 
-10476.342216692319 
-10476.447090272011 
-10476.548794157157 
-10476.838929151134 
-10476.737048616826 
-10476.862600281742 
-10477.632544243117 
-10477.742896022364 
-10477.916737949363 
-10477.952571773749 
-10476.918817926609 
-10476.742724985565 
-10476.097053847823 
-10476.216364277572 
-10475.795317080501 
-10475.655917884867 
-10476.108558838845 
-10476.030098890973 
-10475.949818511628 
-10476.257178554395 
-10476.284671038946 
-10476.252957465862 
-10476.024330646829 
-10475.961424035844 
-10476.066211249279 
-10475.987494638510 
-10475.892905993607 
-10475.969234709883 
-10475.929555753324 
-10476.089115786406 
-10475.915674634112 
-10476.126251395581 
-10476.001513867883 
-10475.972595150835 
-10476.039656570441 
-10476.032514193517 
-10476.093505828121 
-10476.185559590276 
-10476.101455631433 
-10476.101455631433 
-10476.230563651578 
-10476.152293595067 
-10476.223151126944 
-10476.337514198385 
-10476.337514198385 
-10476.341146882489 
-10476.689770190826 
-10476.666308880524 
-10476.627066656656 
-10476.629290428402 
-10476.665273032120 
-10476.704811769381 
-10476.907809478309 
-10476.774381354458 
-10476.721995631835 
-10476.887179058718 
-10477.187126757264 
-10477.398510361290 
-10477.061832479691 
-10477.056259120092 
-10477.039503257505 
-10477.024973970625 
-10476.853598550326 
-10476.794562630797 
-10476.885459856319 
-10476.823546488917 
-10476.876432588011 
-10476.842215771607 
-10476.921138472006 
-10476.749111358369 
-10477.036068878890 
-10476.926393411282 
-10476.283932586637 
-10476.118833840015 
-10476.171053084092 
-10476.131257656241 
-10475.945803343518 
-10476.149324323460 
-10476.456568812546 
-10476.524239761811 
-10476.603027452116 
-10476.576379205640 
-10476.915601070839 
-10476.769355956811 
-10476.523967621917 
-10476.421048855333 
-10476.427758942076 
-10476.725514486659 
-10477.106499898053 
-10477.029586799588 
-10476.856233182594 
-10477.268469292509 
-10477.272451839310 
-10477.291413328798 
-10477.189640905057 
-10476.976511993696 
-10476.950406546535 
-10476.812692010517 
-10476.812158881530 
-10476.705811059601 
-10476.845366880372 
-10476.770464398185 
-10476.130271328491 
-10476.228225022773 
-10476.232676430085 
-10477.500738038416 
-10477.166979159651 
-10477.565056466639 
-10477.386265506751 
-10477.328794671372 
-10477.129511042223 
-10477.491896783500 
-10477.329953579963 
-10478.066739688058 
-10478.311954731653 
-10477.925673776717 
-10477.924034192933 
-10477.951956589328 
-10477.569980070080 
-10477.253857055233 
-10477.331186981120 
-10477.225779682567 
-10477.228253512125 
-10477.052571322954 
-10477.353832866957 
-10477.162468619692 
-10477.330003601610 
-10476.995177872444 
-10476.886117213910 
-10477.085871881991 
-10477.081955307574 
-10477.069857931783 
-10477.069144065783 
-10477.233498551683 
-10477.223526955922 
-10477.129391196677 
-10477.282080639592 
-10477.334370776680 
-10477.252118450684 
-10477.261300298613 
-10477.037390073623 
-10476.964513020248 
-10476.987648144997 
-10477.096693274592 
-10477.367862557367 
-10477.096034063054 
-10476.975723985257 
-10476.696379281197 
-10476.588641225737 
-10477.053820885210 
-10477.019426218130 
-10477.219015474515 
-10476.941899005968 
-10476.948738351568 
-10476.876100044850 
-10476.680504669219 
-10476.841496613493 
-10476.900208508099 
-10476.580555320274 
-10476.590892631782 
-10476.590892631782 
-10476.527304042447 
-10476.300023972395 
-10476.300023972395 
-10476.318710761596 
-10476.275507282076 
-10476.266776082524 
-10476.350170396865 
-10476.159992875198 
-10476.099122217824 
-10476.220845749798 
-10476.220845749798 
-10476.396231297198 
-10476.094156972522 
-10476.094156972522 
-10476.074869094064 
-10476.076140494328 
-10475.989984304320 
-10475.891189735436 
-10476.034029396040 
-10476.008584327043 
-10476.076502967873 
-10475.946812076994 
-10476.193363270502 
-10476.017005014790 
-10476.059469821434 
-10476.020793627846 
-10475.625302688630 
-10476.163798267606 
-10475.928724707448 
-10475.606528826842 
-10475.772565354495 
-10476.123977630416 
-10476.157603970589 
-10476.296270672299 
-10476.276235061270 
-10476.276235061270 
-10476.416496547910 
-10476.211158407965 
-10476.361362542628 
-10476.347409212933 
-10476.287245050324 
-10476.567750037610 
-10476.946059312608 
-10476.925141582073 
-10477.021989223753 
-10476.911236773340 
-10476.865563123358 
-10476.497184460619 
-10476.600681809177 
-10476.856106631978 
-10477.154340101008 
-10477.211090376335 
-10477.269005324306 
-10477.683471456590 
-10477.546847712127 
-10477.259884808085 
-10477.342963331203 
-10477.192879622571 
-10476.577436739246 
-10476.573396242204 
-10476.571727877050 
-10476.527104570039 
-10476.175623107927 
-10476.566241262226 
-10477.019923246118 
-10477.056026543258 
-10477.264394994250 
-10477.154157726205 
-10476.833619128785 
-10476.498656983777 
-10476.636023025176 
-10476.752354402124 
-10477.130926454161 
-10476.940716691750 
-10476.632893469716 
-10476.579681952608 
-10476.187607672911 
-10476.001292865598 
-10476.166200071344 
-10475.197395034038 
-10475.296107900253 
-10475.403334691611 
-10475.393871216877 
-10475.415072709522 
-10475.935731571479 
-10475.758853149804 
-10475.793504767007 
-10475.810745655441 
-10475.697355131508 
-10475.780037075927 
-10475.803291629662 
-10475.410530698568 
-10475.566079934833 
-10475.598512899414 
-10475.746453472198 
-10475.730767626019 
-10475.744456125760 
-10475.838929065092 
-10475.479815217072 
-10475.474562576952 
-10475.253427136820 
-10475.274357873326 
-10475.714962608270 
-10475.592616890985 
-10475.544570965010 
-10475.608329278404 
-10475.483092238032 
-10475.855855586411 
-10475.542174065644 
-10475.602097872314 
-10475.602097872314 
-10475.536505304217 
-10475.457042379461 
-10475.740580292748 
-10476.137082773212 
-10476.192430402332 
-10476.220605876511 
-10475.825295211045 
-10475.889603744406 
-10476.089431049273 
-10476.243510121403 
-10476.141558704305 
-10476.128283759261 
-10475.994197085705 
-10475.734140633220 
-10475.704919205215 
-10476.467877470970 
-10476.469476117980 
-10476.544888374639 
-10476.499266579753 
-10476.464556571149 
-10476.244842959593 
-10476.498879791554 
-10476.498879791554 
-10476.536228150040 
-10475.959236008781 
-10475.948054163306 
-10475.820978687661 
-10475.862556248814 
-10475.802333196465 
-10475.978899504315 
-10475.972249125600 
-10475.704567418517 
-10475.769848521264 
-10475.768781075898 
-10475.768781075898 
-10475.809850512089 
-10475.679426842131 
-10475.569678708229 
-10475.572732944825 
-10475.712439004750 
-10475.716910951673 
-10475.857918717244 
-10476.048845353638 
-10476.047383578752 
-10475.968182988643 
-10475.935289030236 
-10475.935289030236 
-10475.791618708095 
-10475.476107634580 
-10475.487593822880 
-10475.477539813624 
-10475.648790122759 
-10475.905267756742 
-10475.656162422778 
-10475.680841272399 
-10475.682732999521 
-10475.187105716159 
-10475.208698389541 
-10474.958335988733 
-10475.267866772334 
-10475.187491964023 
-10475.295403972390 
-10475.586331541399 
-10475.664736246363 
-10475.569779465472 
-10475.575068813914 
-10475.470282520240 
-10476.019335329418 
-10476.233593527722 
-10476.487936518048 
-10476.402685535253 
-10476.412910768771 
-10476.494957109555 
-10476.800682194011 
-10476.733210342798 
-10476.729491803464 
-10476.697697635262 
-10476.672428576638 
-10476.648654093498 
-10476.691821943259 
-10476.810604441422 
-10476.647701100583 
-10476.894700048304 
-10477.020507524036 
-10477.114250786930 
-10477.239921172013 
-10477.199770080211 
-10477.222703863827 
-10477.188286256705 
-10477.294077506534 
-10477.182143203981 
-10477.160225253847 
-10477.208278656499 
-10477.140873232316 
-10477.114830174431 
-10477.009850183817 
-10477.095690376898 
-10476.986299795999 
-10476.975952894634 
-10476.891919810103 
-10476.774403791598 
-10476.781127508237 
-10476.646361837737 
-10476.349161393837 
-10476.065398575434 
-10475.947905551202 
-10475.844541960645 
-10475.738340522450 
-10475.583080328544 
-10475.629472328937 
-10475.608641410707 
-10475.755608438552 
-10475.781697279859 
-10475.862762271396 
-10476.032238102343 
-10476.710324117079 
-10476.499418578802 
-10476.295947779457 
-10476.172110091697 
-10476.307538316216 
-10476.060827329264 
-10476.248783045596 
-10476.099709393995 
-10476.372230924700 
-10476.618549313231 
-10476.965933726087 
-10476.939828380149 
-10477.209119133582 
-10476.779981671536 
-10476.582002887892 
-10476.555654724658 
-10476.717011053483 
-10476.656977794224 
-10476.595792585751 
-10476.537760261630 
-10476.317619916799 
-10476.315010703296 
-10476.264958517559 
-10476.394534253335 
-10476.721725810412 
-10476.544658451998 
-10476.562146636408 
-10476.582706487899 
-10476.558453229783 
-10476.553014237148 
-10476.616245309680 
-10476.553604790204 
-10476.544082063117 
-10476.686304314882 
-10476.264171006811 
-10476.223291869081 
-10476.517834586528 
-10476.272320951610 
-10476.373393083726 
-10476.499739792005 
-10476.537490257726 
-10476.506565201740 
-10476.616334678818 
-10476.431078018648 
-10476.321083957353 
-10476.273437255166 
-10476.254031481192 
-10476.169153518960 
-10476.134632129359 
-10476.256810843041 
-10476.212932883262 
-10476.073324158187 
-10476.443121388253 
-10476.860074885311 
-10476.589363207495 
-10476.569372910342 
-10476.365984767532 
-10476.472095607523 
-10476.466267637068 
-10476.507083527984 
-10476.666440044619 
-10476.755319913018 
-10476.867602644154 
-10476.999363801546 
-10476.917886822528 
-10477.006727969168 
-10477.146914502100 
-10476.828623513473 
-10476.859022159031 
-10476.862948399268 
-10477.173672787569 
-10477.103266564603 
-10476.858917314723 
-10476.833123932111 
-10476.920540649240 
-10476.494319507414 
-10476.428250836389 
-10476.428958136014 
-10476.428958136014 
-10476.428958136014 
-10476.396131744286 
-10476.394485424171 
-10476.426930686703 
-10476.391400985440 
-10476.400383380269 
-10476.724774531236 
-10476.658862425811 
-10476.739239199202 
-10476.811511227421 
-10476.814073146075 
-10476.749742797936 
-10476.441867844604 
-10476.357892490661 
-10476.274874673527 
-10475.982620377554 
-10475.896171083035 
-10476.008389397904 
-10475.721933801755 
-10475.949805249797 
-10475.995400933905 
-10476.453274057691 
-10476.588395643583 
-10476.524627999945 
-10476.456791365712 
-10476.474609550225 
-10476.383538777542 
-10476.511068058762 
-10476.596761114808 
-10476.539013458838 
-10476.620594216558 
-10476.607657069706 
-10476.752836968095 
-10476.534000895921 
-10476.631832698728 
-10476.805819040868 
-10476.587129132497 
-10476.508211235836 
-10476.581304997017 
-10476.454305735184 
-10476.585891908608 
-10476.333057370084 
-10476.048731539448 
-10476.153507088624 
-10476.161604413575 
-10476.370900530226 
-10476.282539211245 
-10475.927770569695 
-10476.086507844277 
-10475.988892277994 
-10476.025719926560 
-10476.230295219691 
-10476.304618684760 
-10476.381658080485 
-10475.756904845523 
-10475.589730085838 
-10475.910625640625 
-10476.168563073283 
-10475.947288021041 
-10475.589297750057 
-10475.344331407583 
-10475.725801038030 
-10475.666429760464 
-10475.666429760464 
-10475.543598976281 
-10475.750164233994 
-10475.915217845217 
-10475.812823961689 
-10475.722258656522 
-10475.646919162775 
-10475.687020998523 
-10475.836026937252 
-10475.767375248775 
-10475.829784076937 
-10475.767766802936 
-10476.163823675313 
-10476.267122078467 
-10476.283939767949 
-10476.315133497212 
-10475.087917751189 
-10475.411954760875 
-10475.528543969727 
-10475.172396044794 
-10475.172396044794 
-10475.156119522924 
-10475.415732773898 
-10475.760917587526 
-10475.763873644411 
-10475.845205782041 
-10475.807029007790 
-10475.486450911258 
-10475.377890940432 
-10475.102794284563 
-10475.414545479800 
-10475.396966582404 
-10475.149699666412 
-10475.269156237428 
-10475.540458680216 
-10475.698115690844 
-10475.711589303080 
-10475.588438475843 
-10475.289928130911 
-10475.164193115139 
-10474.711196423683 
-10475.207150665612 
-10474.900099738054 
-10475.153069480275 
-10475.007979548331 
-10474.919534512166 
-10476.649780951084 
-10476.700712779158 
-10476.759172952734 
-10476.881552191442 
-10476.796358387490 
-10476.862346377411 
-10476.946855974616 
-10476.926681861931 
-10476.612811358504 
-10476.565619920360 
-10476.521572562158 
-10476.561476942943 
-10476.553518740513 
-10476.547131112231 
-10476.547131112231 
-10476.751198974434 
-10476.367497397896 
-10476.297047832621 
-10476.285648918485 
-10476.431075285651 
-10476.310967844487 
-10476.397696209580 
-10476.517049992799 
-10476.594347787777 
-10476.624912194764 
-10476.583829029596 
-10476.408133543466 
-10476.336055568996 
-10476.489995825024 
-10476.700436795489 
-10476.594078542825 
-10476.588999728645 
-10476.467622451910 
-10475.976653251439 
-10475.721224800229 
-10475.740359649040 
-10475.565961129083 
-10475.616291403858 
-10475.729701830873 
-10476.370738415142 
-10476.515969350219 
-10476.564812609464 
-10476.594045450493 
-10476.376539750128 
-10476.370237018653 
-10476.429417483152 
-10476.473545785049 
-10476.426402770057 
-10476.294187852918 
-10476.308771135115 
-10476.292073369077 
-10476.407024511869 
-10476.251242396540 
-10476.228503813147 
-10476.220611380066 
-10476.254749330858 
-10476.461436832304 
-10476.665718559605 
-10476.688027158672 
-10476.641895610064 
-10476.208086052275 
-10475.491072759211 
-10475.553476499319 
-10475.780842977381 
-10476.002958990975 
-10475.994676683711 
-10475.904695187564 
-10475.839639601698 
-10475.945753759946 
-10475.725367617437 
-10476.090773307958 
-10475.921131416206 
-10475.793964219321 
-10475.830384600209 
-10475.936214016929 
-10476.112379710225 
-10476.162992446942 
-10476.023766210245 
-10475.813802031533 
-10475.844903491592 
-10475.844903491592 
-10475.852947246596 
-10475.893463767619 
-10476.013225497700 
-10475.966822586612 
-10475.825668926296 
-10475.841131028630 
-10476.046458636229 
-10476.072803818957 
-10476.120688449468 
-10476.156588102745 
-10476.413134532326 
-10476.416222176202 
-10476.400308676588 
-10476.133120543142 
-10476.064273976863 
-10476.034445634969 
-10475.881639086123 
-10476.024507776634 
-10476.009135714990 
-10476.144824365338 
-10476.205134474958 
-10476.233262421689 
-10476.296587536290 
-10476.480773496678 
-10476.318950466237 
-10476.291174304646 
-10476.161114155817 
-10475.807394861760 
-10475.927136104929 
-10475.863449019485 
-10475.747072265436 
-10475.933251404056 
-10475.904224073091 
-10476.167689069260 
-10476.169014613721 
-10475.937662944189 
-10475.739376621612 
-10475.762343767401 
-10475.882123913854 
-10475.968541460783 
-10476.213097650983 
-10475.385711203437 
-10476.064159645312 
-10476.238211619726 
-10476.228293397291 
-10476.094899132369 
-10476.154886065138 
-10476.100688243972 
-10476.193624811072 
-10475.947933815789 
-10475.931649297587 
-10475.931649297587 
-10475.806872522737 
-10475.795295114274 
-10475.796878696199 
-10476.064795704520 
-10475.858268516349 
-10476.108710830445 
-10476.058227753107 
-10476.184708378833 
-10476.088434173404 
-10475.922597465167 
-10476.070348044006 
-10476.156910870661 
-10476.392593492272 
-10476.599610112517 
-10476.638163880876 
-10476.602091801449 
-10476.575845023523 
-10476.663714763199 
-10476.708221277457 
-10476.990863210438 
-10477.000029306937 
-10476.999115862229 
-10476.622415935912 
-10476.262707262778 
-10476.193270947879 
-10476.475331716190 
-10476.395988478504 
-10475.828935015938 
-10475.834265870264 
-10475.814755033312 
-10475.639458243659 
-10475.772312028232 
-10475.754803421838 
-10475.595834894626 
-10475.836440535713 
-10475.829830509780 
-10475.719348476927 
-10475.273292532942 
-10475.536989141094 
-10475.482145222770 
-10475.652097585687 
-10475.690350493574 
-10475.494811642082 
-10475.336321146293 
-10475.233907482227 
-10475.146879449443 
-10475.324802573303 
-10475.439425029963 
-10475.881123091376 
-10476.081039968365 
-10476.078695450835 
-10476.499834870778 
-10476.484710814346 
-10476.477823880112 
-10476.473977669037 
-10477.237729395642 
-10476.891822619062 
-10477.061109104829 
-10477.778478594008 
-10477.224001041881 
-10477.857258459018 
-10476.726601705886 
-10476.752180807360 
-10476.729758588885 
-10476.037639563634 
-10476.114714346477 
-10475.875519255682 
-10475.944251083956 
-10475.973594503610 
-10475.761324206804 
-10475.733283165397 
-10475.897263572086 
-10475.841511524550 
-10476.000983835986 
-10476.228775276688 
-10476.151452812806 
-10476.151452812806 
-10476.151452812806 
-10476.194247411411 
-10476.194247411411 
-10476.167167712225 
-10476.252607916205 
-10476.252607916205 
-10476.284238939454 
-10476.083313051684 
-10476.111486528322 
-10476.120143211963 
-10475.958257868419 
-10476.178823901888 
-10476.018498644306 
-10475.968585284616 
-10475.717085704719 
-10475.726914915498 
-10475.749123534115 
-10475.915009323939 
-10475.405945941729 
-10476.131533155494 
-10477.153045845494 
-10476.996129482965 
-10477.008838298558 
-10476.876461828149 
-10476.761553492879 
-10476.721903083584 
-10476.874290501486 
-10476.989778363470 
-10476.924474603260 
-10476.909186627523 
-10476.891243984246 
-10476.395768342607 
-10476.220440731020 
-10476.365452385642 
-10476.158718975352 
-10476.038976068981 
-10476.019587769331 
-10475.987419258381 
-10476.096823071250 
-10475.999969351713 
-10475.762930882589 
-10475.890348108860 
-10476.077807300708 
-10476.064233344639 
-10475.805960068048 
-10475.573049926086 
-10475.371908294048 
-10475.725350719396 
-10475.757682614450 
-10475.601454696764 
-10475.756785841821 
-10475.748446608508 
-10475.581668189401 
-10475.792981861725 
-10475.759752251615 
-10475.818298075676 
-10476.080132414936 
-10476.029861271871 
-10476.262634610706 
-10476.387700158622 
-10476.337183934853 
-10476.061247884001 
-10475.878876404038 
-10475.851612696553 
-10476.373315521738 
-10476.411617111778 
-10476.230581763730 
-10476.204724319503 
-10476.237443475015 
-10476.435690725259 
-10476.435690725259 
-10476.118575206348 
-10476.891143359107 
-10476.933567577929 
-10476.975746001168 
-10476.856704104739 
-10476.720389599752 
-10476.719592796964 
-10476.847598140421 
-10477.098122071089 
-10476.810427936249 
-10477.138616544811 
-10476.677863519973 
-10476.629999189867 
-10476.743386496802 
-10476.813235998483 
-10477.116108225060 
-10477.017680915505 
-10477.191178669793 
-10477.143288527508 
-10477.048180227592 
-10477.048180227592 
-10477.020241337392 
-10477.086343957058 
-10476.953361973241 
-10476.990178426764 
-10477.003861522966 
-10477.068275326988 
-10477.056311019418 
-10477.070625232678 
-10477.089272500642 
-10477.062071811404 
-10477.063264472286 
-10476.990578241064 
-10477.015857531815 
-10477.007710476446 
-10476.842368869919 
-10477.060014985331 
-10477.130425679265 
-10477.334526865212 
-10477.384202909134 
-10477.303578435063 
-10477.172478641600 
-10477.263548645089 
-10477.199807899775 
-10477.289900546779 
-10477.643550162406 
-10477.584774397810 
-10477.580268431397 
-10477.339307838773 
-10477.481064741978 
-10477.371094967462 
-10477.308697364526 
-10477.408924986239 
-10477.438570485865 
-10477.378050700248 
-10477.422076521329 
-10477.428387254588 
-10477.500140044644 
-10477.696148565092 
-10477.514687553263 
-10477.501731440243 
-10477.354762080229 
-10477.224381393033 
-10477.237956965970 
-10477.227408159340 
-10477.214166596059 
-10477.190006317278 
-10477.226810465765 
-10477.231688595604 
-10477.236653595946 
-10477.192594133150 
-10476.964640767612 
-10477.069010269408 
-10477.085000204830 
-10477.053318866272 
-10477.038224155769 
-10477.043095132505 
-10477.015069691137 
-10476.945614791097 
-10476.945614791097 
-10476.945614791097 
-10476.945614791097 
-10476.916118183048 
-10476.942418016031 
-10477.179097191014 
-10477.138747911040 
-10477.312084312276 
-10477.229186299521 
-10477.271145711855 
-10477.313885901669 
-10477.344311182826 
-10477.179874004978 
-10477.177927644871 
-10477.068120166403 
-10476.728443878985 
-10476.540234368236 
-10476.354563406991 
-10476.583187644823 
-10476.608043797831 
-10476.546807104129 
-10476.541838911769 
-10476.784598752216 
-10476.491797626188 
-10476.271829163068 
-10476.552285508336 
-10476.552315229135 
-10476.211912504134 
-10476.473537938555 
-10476.271883445273 
-10476.337292689208 
-10476.885782228921 
-10476.885230419446 
-10476.753139534787 
-10477.033657046797 
-10477.297829945403 
-10476.873954945104 
-10476.754915695752 
-10476.906719173201 
-10476.953313006425 
-10476.710772585733 
-10476.735073719636 
-10476.770215278422 
-10476.556402370556 
-10476.713430569152 
-10476.564494828874 
-10476.224754309564 
-10476.223226207358 
-10476.361066446514 
-10476.544304499532 
-10476.564353904949 
-10476.592742073351 
-10476.673849692990 
-10476.738787628417 
-10476.728174808102 
-10476.714714478108 
-10476.699827023562 
-10476.697527750573 
-10476.689960204703 
-10476.522311778341 
-10476.522311778341 
-10476.446773676240 
-10476.385971082023 
-10476.192469789652 
-10476.192469789652 
-10476.192469789652 
-10476.320343617070 
-10476.320343617070 
-10476.320343617070 
-10476.268718701411 
-10476.112826420860 
-10476.059595625247 
-10476.091630286464 
-10476.148090213621 
-10476.169453024271 
-10476.413664048659 
-10476.377298170861 
-10476.173659005510 
-10476.116361556016 
-10476.153635181268 
-10476.197217512590 
-10476.332372539293 
-10476.488342199307 
-10476.782248550111 
-10476.786478009573 
-10476.660083817316 
-10476.497374904866 
-10476.394187265945 
-10476.305188408318 
-10476.365052675239 
-10476.245995569096 
-10476.148310584269 
-10476.089331304845 
-10476.440522976629 
-10476.479057004461 
-10476.563052462008 
-10476.753123816045 
-10476.561626696172 
-10476.372271026623 
-10476.134518642046 
-10476.213138711761 
-10476.213138711761 
-10476.220483605668 
-10476.292649036443 
-10476.290828194460 
-10476.388870997689 
-10476.388441989038 
-10476.378170994603 
-10476.301608322561 
-10476.067783541430 
-10476.991171905856 
-10477.138055832604 
-10476.970533080239 
-10476.920817471599 
-10476.995751172852 
-10477.259035334884 
-10477.219514624794 
-10477.514899624653 
-10477.330897054368 
-10477.292621551242 
-10477.405085887189 
-10477.385666641867 
-10477.230610412284 
-10477.175914940404 
-10477.141758525548 
-10477.161809171828 
-10477.161048115311 
-10477.300882150450 
-10477.463487188357 
-10477.464102754127 
-10477.821591502072 
-10477.734503927059 
-10477.798474117126 
-10477.802864241530 
-10478.164664058373 
-10477.991664888650 
-10477.396771627653 
-10477.536275096594 
-10477.788397908069 
-10477.344597900928 
-10477.338317351430 
-10477.601755754593 
-10477.184299236431 
-10477.169334468224 
-10477.020647993391 
-10477.234832592299 
-10476.994045111638 
-10477.398322244804 
-10477.244890535108 
-10477.096984466667 
-10477.193515893199 
-10477.676894878074 
-10477.477466864701 
-10477.421529810304 
-10477.298997706126 
-10477.209941522946 
-10477.307381220546 
-10477.371399530259 
-10477.402642528714 
-10477.456725248094 
-10477.362108769279 
-10477.194709594978 
-10477.136824113200 
-10477.154477218512 
-10477.371337857048 
-10477.158647139329 
-10477.190680030721 
-10477.463356686339 
-10477.721499421188 
-10477.494565797289 
-10477.157742775446 
-10477.378954755492 
-10476.955600854117 
-10477.045757159012 
-10477.057753463063 
-10477.205846783037 
-10477.436511075090 
-10477.254764487834 
-10477.094147498552 
-10477.033072333381 
-10477.178346232195 
-10476.867111309341 
-10476.888752812863 
-10476.890416277200 
-10477.008663431501 
-10477.231464701437 
-10477.411874194149 
-10477.400462807966 
-10477.119591792070 
-10477.391110073277 
-10477.252919671524 
-10477.018592275605 
-10477.067464873020 
-10476.742006164191 
-10476.779229825117 
-10476.525688811480 
-10476.452174081638 
-10476.637584835966 
-10476.815136924324 
-10477.318595531424 
-10477.280488844239 
-10477.081914928029 
-10477.081914928029 
-10477.081914928029 
-10476.162860022978 
-10475.962066326470 
-10475.972548023396 
-10475.952605523438 
-10475.472564194093 
-10475.741263737251 
-10475.676330623506 
-10475.321566752000 
-10476.120272966760 
-10475.619077546964 
-10475.531230152699 
-10475.410449401958 
-10475.676359145849 
-10475.715001995464 
-10475.920573225794 
-10475.930792145995 
-10475.811734698244 
-10475.921559104067 
-10475.720615409315 
-10475.737979040252 
-10475.606529567993 
-10475.353960753913 
-10475.661041719059 
-10475.506976054372 
-10475.551261677349 
-10475.531587055400 
-10475.524117183906 
-10475.551746885461 
-10475.411360071847 
-10475.878371521310 
-10475.681810084314 
-10475.681454144256 
-10475.651332980475 
-10475.658926173061 
-10475.658926173061 
-10475.734690277242 
-10475.682649369792 
-10476.103566502494 
-10475.872403546196 
-10475.991515802185 
-10475.961731476587 
-10475.999908702563 
-10476.013923585309 
-10475.894064777436 
-10475.634136327191 
-10475.687505265307 
-10475.635003921736 
-10475.668235031337 
-10475.667121837358 
-10475.833184669245 
-10475.933032383729 
-10476.518244449162 
-10476.373221883061 
-10476.328839769669 
-10476.421226293267 
-10476.496095355491 
-10476.506819210990 
-10476.524111887793 
-10476.519096846700 
-10476.585827975483 
-10476.689117301899 
-10476.841329419030 
-10476.863064849618 
-10476.356846711147 
-10476.239715004609 
-10476.185165397004 
-10476.146321162933 
-10476.116885533424 
-10476.119661892830 
-10476.074599763258 
-10475.903276283874 
-10475.931515859516 
-10475.621914046866 
-10475.751318634058 
-10475.947484376060 
-10475.809791678927 
-10475.933830513677 
-10475.968950094089 
-10475.926606679201 
-10475.886873202020 
-10476.279218019494 
-10476.320818312955 
-10476.427967187063 
-10476.421232026298 
-10476.363828699730 
-10476.381203721507 
-10476.502900253650 
-10476.365424632140 
-10476.298528241075 
-10476.220414584506 
-10476.233347731719 
-10476.252864433529 
-10476.263014116166 
-10476.048813925072 
-10475.953457967697 
-10476.164569308836 
-10476.101440521476 
-10476.075751658906 
-10476.075747994715 
-10476.075747994715 
-10476.046963876379 
-10476.046963876379 
-10476.046963876379 
-10476.046963876379 
-10476.046963876379 
-10476.046963876379 
-10476.026858004901 
-10476.026858004901 
-10475.976046348234 
-10475.976046348234 
-10476.006341491757 
-10475.993764940251 
-10476.148725278159 
-10476.479595375306 
-10476.410755647064 
-10476.645763430719 
-10476.821352914129 
-10476.674888423782 
-10476.767147474613 
-10476.732115127254 
-10476.803541219151 
-10476.719499800560 
-10476.758013885437 
-10476.665781607566 
-10476.386513952370 
-10476.627331955397 
-10476.738640605214 
-10476.401865925054 
-10475.954266017052 
-10476.083547410135 
-10476.381956784957 
-10476.330303411523 
-10476.206808349683 
-10476.408522540369 
-10477.031912311282 
-10477.222715476659 
-10477.130672263873 
-10477.241856572002 
-10477.410191232349 
-10477.239859277266 
-10477.477871259860 
-10477.229686637316 
-10477.279127122058 
-10477.029954595993 
-10477.155879704385 
-10477.141549079366 
-10476.516173178316 
-10476.620316321952 
-10476.770865447057 
-10476.565058116365 
-10476.682954623699 
-10476.827281140733 
-10477.030966733577 
-10477.025330917511 
-10477.313348926164 
-10477.395362936722 
-10477.091367373963 
-10477.561460019020 
-10477.366713692640 
-10477.413094785967 
-10477.315483980214 
-10477.222967590591 
-10477.131863074059 
-10477.688120307337 
-10477.828458624344 
-10477.532005680489 
-10476.966700490691 
-10476.822364471604 
-10477.183098697224 
-10476.832667023995 
-10476.909472476582 
-10476.904135357985 
-10477.102523849744 
-10477.056064712180 
-10476.359191117734 
-10475.897862169411 
-10475.852058383365 
-10476.016988205702 
-10476.016988205702 
-10476.304054564593 
-10476.637073592487 
-10476.398001112717 
-10476.393819295807 
-10476.374932901963 
-10476.231830032291 
-10476.318658440548 
-10476.226646832183 
-10476.195744839250 
-10476.381332248755 
-10476.160085764453 
-10476.346783723971 
-10476.235701303902 
-10476.215192731201 
-10476.388576653069 
-10476.447283750780 
-10476.480799764620 
-10476.318081674535 
-10476.340591830787 
-10476.294337593949 
-10476.335601022538 
-10476.212745499408 
-10476.132153978184 
-10475.995757905388 
-10475.913288428219 
-10476.005162557696 
-10476.176441397341 
-10476.095514510791 
-10476.210393739027 
-10476.617514208974 
-10476.935642682502 
-10477.264203150249 
-10477.199484357314 
-10477.110722625997 
-10477.062394437728 
-10477.205825017627 
-10477.457049824254 
-10477.578800793357 
-10477.200599395077 
-10477.339575312057 
-10477.441277701431 
-10477.839996936587 
-10477.828591781783 
-10477.421168129789 
-10477.200701063141 
-10477.319049191494 
-10477.670707710691 
-10477.453324864571 
-10477.676849452058 
-10477.745115519900 
-10477.262787745787 
-10477.562006677639 
-10477.152247418555 
-10477.109947266334 
-10476.979908793941 
-10476.942990193495 
-10476.920074087462 
-10476.749637402458 
-10476.829010646969 
-10476.843634000459 
-10476.855689101807 
-10476.851660403219 
-10476.862061328336 
-10476.801661059742 
-10476.801408315956 
-10476.771888006308 
-10476.775626791778 
-10476.762046957652 
-10476.982321745485 
-10477.114989416343 
-10477.141260927181 
-10477.066756601600 
-10477.029451724864 
-10477.045117600903 
-10477.097714786971 
-10477.389653797443 
-10477.261923600881 
-10477.263849831152 
-10477.287051891633 
-10477.027740026018 
-10476.970977137560 
-10476.790712229033 
-10477.030504597909 
-10477.072651941944 
-10476.882065936317 
-10476.819214620316 
-10476.880488730199 
-10476.853970071950 
-10476.996766707573 
-10477.202227007967 
-10477.097919068725 
-10477.152094964169 
-10476.876535761281 
-10477.029290604560 
-10477.187727818777 
-10477.307877130246 
-10477.525010905298 
-10477.538539065095 
-10477.353453663311 
-10477.177203799765 
-10477.144466214932 
-10476.585654516692 
-10476.850091023714 
-10476.026378264956 
-10476.593853564338 
-10476.525167173373 
-10476.587552665056 
-10476.900871334858 
-10477.053080720054 
-10477.045323498229 
-10477.079335777782 
-10476.924463297499 
-10476.946327795255 
-10476.706858386804 
-10477.395008626352 
-10477.091516341030 
-10476.987035841685 
-10476.837333164442 
-10476.568339798887 
-10476.567698722611 
-10476.672579767748 
-10477.038612104490 
-10477.038612104490 
-10476.945179897833 
-10476.953818367434 
-10476.851751275082 
-10476.825659033997 
-10477.113337126581 
-10477.089412514826 
-10477.188287172621 
-10477.312005666228 
-10477.189868406118 
-10477.112683061574 
-10476.943914481839 
-10476.752942996969 
-10476.728116511551 
-10476.543423430292 
-10476.581939720940 
-10476.675258104957 
-10476.488955752306 
-10476.664045716843 
-10475.999207756198 
-10475.994541771854 
-10476.421986638607 
-10476.311606156294 
-10476.250967120348 
-10476.035518737432 
-10476.034490104093 
-10476.187335369179 
-10475.855539587770 
-10475.866949141935 
-10475.809567682216 
-10475.799191644435 
-10475.847418885225 
-10475.940685405923 
-10475.975478852559 
-10476.083815262098 
-10476.103979972127 
-10476.140102543390 
-10476.169614034499 
-10476.338365815674 
-10475.696683164455 
-10475.748989489231 
-10475.608364006623 
-10475.600102532957 
-10475.603641371839 
-10475.715919032169 
-10475.820355270582 
-10475.882270365779 
-10476.217671685072 
-10476.511820107593 
-10475.946288768824 
-10475.904074922646 
-10475.688140341847 
-10475.790423313785 
-10475.845282738273 
-10475.703864862211 
-10476.012270985771 
-10476.145441283918 
-10476.238530247982 
-10476.266366489577 
-10476.404028392748 
-10476.445565755886 
-10476.432394080259 
-10476.179418101376 
-10476.179993096301 
-10476.278054756087 
-10476.485296128963 
-10476.405358658400 
-10476.486829832769 
-10476.514516470881 
-10476.514516470881 
-10476.494081354567 
-10476.494081354567 
-10476.519156587112 
-10476.585249169451 
-10476.418589365605 
-10477.355916043247 
-10477.474189922697 
-10477.452905187187 
-10477.196074901150 
-10477.148466438732 
-10477.512522068597 
-10477.569685021381 
-10477.407219587352 
-10477.441754276655 
-10477.417150883684 
-10477.095935687908 
-10476.767191357105 
-10476.734828251643 
-10476.844389251661 
-10476.840544064698 
-10476.814769111434 
-10477.325766689706 
-10477.426389899050 
-10477.345345261769 
-10477.265115922004 
-10477.379204011888 
-10477.849888846675 
-10477.432365816496 
-10477.535766304973 
-10477.763867050377 
-10477.626646519015 
-10477.414675794689 
-10477.371558912851 
-10477.348018874907 
-10477.337393355592 
-10477.357573828225 
-10476.781263896526 
-10476.737362062697 
-10477.064345235982 
-10477.432008070920 
-10477.906830132944 
-10477.700379048982 
-10477.869216607805 
-10477.327603379768 
-10477.758903188682 
-10477.681156465644 
-10477.663174143283 
-10477.075568934053 
-10477.064022683213 
-10476.948247430355 
-10477.181238022082 
-10477.028819642735 
-10477.284564409860 
-10477.284564409860 
-10477.359129571327 
-10477.256946485124 
-10477.395529758369 
-10476.780056281616 
-10476.803282124114 
-10476.816420702602 
-10476.158725167066 
-10476.218164222219 
-10476.217046566642 
-10476.175775334268 
-10476.078121897093 
-10476.019905494783 
-10476.017995947832 
-10476.018579394413 
-10476.124413687157 
-10476.063085600768 
-10475.982997794325 
-10476.013113724150 
-10476.127882354436 
-10476.218916127704 
-10476.168504783132 
-10476.360356623942 
-10477.356642739946 
-10477.341242065031 
-10477.228259569034 
-10477.352025398945 
-10477.203052364694 
-10477.335147588125 
-10477.208782663958 
-10477.309871756199 
-10477.183019007121 
-10477.359667005594 
-10477.286355796756 
-10476.970789940471 
-10476.908100183200 
-10476.982416730716 
-10476.758431516793 
-10476.753699209810 
-10476.570953399812 
-10476.531260009318 
-10476.588988245019 
-10476.664982768685 
-10476.617198317876 
-10476.844779560204 
-10476.756899863125 
-10475.727255114782 
-10475.814320833950 
-10475.566887554263 
-10476.128182591627 
-10475.935669055729 
-10476.241694747157 
-10476.355829817499 
-10476.364677190277 
-10476.398110380205 
-10476.494817408058 
-10476.716721110115 
-10476.679582169791 
-10477.149107579082 
-10476.984064282266 
-10477.215634829263 
-10477.214442880899 
-10476.958750423515 
-10477.113716926217 
-10476.964021349251 
-10477.031676407465 
-10477.153808416075 
-10476.915030118276 
-10476.756693297029 
-10476.849525336303 
-10476.853193028808 
-10476.851219369242 
-10476.436202408360 
-10476.776991762783 
-10477.022577572088 
-10476.906332439798 
-10476.712777263254 
-10476.620097972789 
-10476.175000967285 
-10475.513988039334 
-10475.203496018703 
-10476.124226029855 
-10476.111688297091 
-10475.749741495842 
-10475.903539504636 
-10476.037490082172 
-10476.033635767044 
-10476.016343048286 
-10475.891166061900 
-10475.985681659071 
-10475.971947130052 
-10476.008398946829 
-10475.734793275175 
-10476.275435666967 
-10476.160009371308 
-10476.467535104375 
-10476.279604634889 
-10476.292533891723 
-10476.373234655190 
-10476.492232054085 
-10476.523791262505 
-10476.457390007297 
-10476.502085339254 
-10476.470861567246 
-10476.712405231541 
-10476.585296570785 
-10476.744090722807 
-10476.551075922562 
-10476.571348105857 
-10476.272115851929 
-10475.937533434968 
-10475.745065725790 
-10475.995796026851 
-10475.992627113663 
-10475.873964538467 
-10475.885346690460 
-10476.012818443500 
-10476.085920339441 
-10475.744257727503 
-10475.825497060519 
-10475.811651166423 
-10475.913069931872 
-10475.815453427276 
-10475.970043316654 
-10475.823497560907 
-10475.977284952483 
-10475.927401598157 
-10476.011451289365 
-10475.295673339362 
-10475.367328569251 
-10475.505935109630 
-10475.129464542237 
-10475.113967987027 
-10475.367734897591 
-10475.321619527880 
-10475.103894361626 
-10475.537510377530 
-10475.435555255834 
-10475.815585041370 
-10475.394783066893 
-10476.646258588986 
-10476.560008355898 
-10476.689040114066 
-10476.681930723395 
-10476.705353842573 
-10476.639225478479 
-10476.406286048923 
-10476.448380124346 
-10476.339824814275 
-10476.075176806035 
-10476.068938173996 
-10476.304451560822 
-10476.221316795007 
-10476.189152769924 
-10476.279287589030 
-10476.299244451500 
-10476.315809781476 
-10476.287858454009 
-10476.381401548004 
-10476.381401548004 
-10476.387579910668 
-10476.303919589018 
-10476.381536604480 
-10476.411017090544 
-10476.414769940573 
-10476.382234418978 
-10476.382234418978 
-10476.366949969699 
-10475.690001294666 
-10475.984934007034 
-10475.561073634050 
-10475.685987578876 
-10475.751501265047 
-10476.041266172075 
-10476.108971107309 
-10476.016501433369 
-10476.016501433369 
-10476.051858386392 
-10476.257986836668 
-10475.921675645697 
-10476.096411803035 
-10476.592815111680 
-10476.532779502200 
-10476.337948217855 
-10476.286385200550 
-10476.337292588621 
-10476.425930357598 
-10476.582906767160 
-10476.570241644922 
-10476.673946810664 
-10476.658212346734 
-10476.712343565014 
-10476.499779967684 
-10476.462468110571 
-10476.501026702537 
-10476.391184760712 
-10476.473599588138 
-10476.315565955656 
-10476.360148073847 
-10476.204918534902 
-10476.110713970453 
-10476.071391681748 
-10476.194261402145 
-10476.194261402145 
-10476.194261402145 
-10476.152069238969 
-10476.169966753692 
-10476.113377717320 
-10476.197259641276 
-10476.194161014497 
-10476.280100654387 
-10476.270996901372 
-10475.682507702162 
-10475.899647048571 
-10476.205231520624 
-10476.332573069643 
-10476.013703172737 
-10475.977838764395 
-10475.875328085143 
-10475.901546338140 
-10475.632185811677 
-10476.131754953034 
-10476.283252587753 
-10476.371023902180 
-10476.500540037077 
-10476.551033351308 
-10476.342234648469 
-10476.374866673981 
-10476.374866673981 
-10476.086940699532 
-10475.873711957423 
-10475.632511685977 
-10475.596059561705 
-10476.053052407209 
-10476.244765226404 
-10475.662455462983 
-10475.854621864442 
-10475.936032833619 
-10475.816340110372 
-10475.894904282417 
-10475.706570865968 
-10475.690895033777 
-10476.269412357877 
-10476.323532984545 
-10476.188412244592 
-10476.250814128260 
-10476.362615473090 
-10476.121574215764 
-10476.088700731398 
-10475.974053206275 
-10475.976206267927 
-10476.100221747905 
-10476.007002602428 
-10476.172952211315 
-10476.178568029463 
-10476.157673021715 
-10476.202392507421 
-10476.247720196270 
-10476.123370089175 
-10476.022179091628 
-10476.302213740122 
-10476.244755274043 
-10476.247307800304 
-10476.366842978219 
-10475.909981743607 
-10476.130694712629 
-10476.250824947449 
-10476.162162642122 
-10476.189633126904 
-10476.403916374158 
-10476.435422059871 
-10476.369760196127 
-10476.373452845124 
-10476.725327080323 
-10476.579143103507 
-10476.749512229109 
-10476.764352987773 
-10476.652541184920 
-10476.761679631556 
-10477.008648947769 
-10477.205714382124 
-10477.328534989607 
-10477.056552248061 
-10477.286846061645 
-10477.325326466427 
-10477.398584852474 
-10477.322665005195 
-10476.993177688255 
-10476.946312984664 
-10477.027495867182 
-10476.940550272440 
-10476.979500109972 
-10477.023586453344 
-10477.139172720190 
-10477.250558369635 
-10477.349469192088 
-10477.211838510611 
-10477.056166189368 
-10477.339924806731 
-10476.995995729254 
-10477.148527245859 
-10477.052423389679 
-10477.166215670077 
-10477.196077438799 
-10477.160343014131 
-10477.024909335565 
-10476.726235023418 
-10476.902556457029 
-10476.911648578798 
-10477.065547524806 
-10476.885025612677 
-10476.701616436465 
-10476.314623478213 
-10476.398619926711 
-10476.030198064287 
-10475.919641494118 
-10475.952764350202 
-10475.925874715234 
-10475.986493202423 
-10475.765937033682 
-10475.651411624789 
-10475.789684608379 
-10475.501831229125 
-10475.402368296334 
-10475.479316953271 
-10475.558914856410 
-10475.600497700656 
-10475.592564056789 
-10476.304303615376 
-10476.363191449795 
-10476.407186436583 
-10476.285889580186 
-10476.665029195348 
-10476.800717365481 
-10476.989595840152 
-10476.902891803104 
-10476.973972053185 
-10477.043450700872 
-10477.427281221655 
-10477.778474392515 
-10477.333492035619 
-10477.120516919931 
-10477.238325175131 
-10477.439180334279 
-10477.471038918044 
-10477.304229748390 
-10476.886121295993 
-10476.555778021791 
-10476.954096804611 
-10477.192765275271 
-10477.611145600358 
-10477.038351761079 
-10476.703710030673 
-10476.765089388055 
-10476.907284532599 
-10476.803345921524 
-10476.847354404013 
-10477.059448045167 
-10477.277170618336 
-10477.267870845699 
-10477.549234690803 
-10477.327345859961 
-10477.759421730474 
-10477.511110032086 
-10477.498292400900 
-10477.536739333278 
-10477.937119959866 
-10477.869469545920 
-10477.869565594818 
-10477.638001501098 
-10477.733069904796 
-10477.896121896292 
-10477.511894145178 
-10477.486589859820 
-10477.486589859820 
-10477.553357965269 
-10477.634122576308 
-10477.626676141088 
-10477.656619523781 
-10477.769465888934 
-10477.412133676362 
-10477.409146779764 
-10477.403313501498 
-10477.752525997343 
-10477.658636417849 
-10477.658636417849 
-10477.565309657464 
-10477.740435507463 
-10477.231163598437 
-10477.557133207738 
-10477.326707000739 
-10477.625509898486 
-10477.687694416445 
-10477.574772638338 
-10477.578822302956 
-10477.729354924752 
-10477.647824156602 
-10477.702039060025 
-10477.406765232510 
-10477.703588124888 
-10477.474465070483 
-10476.989808936765 
-10477.214158487643 
-10477.435591061201 
-10477.605172472484 
-10477.670933320045 
-10477.486708823484 
-10477.779618492110 
-10477.323726806670 
-10477.278205317312 
-10477.147816085564 
-10477.298809803018 
-10477.122272173276 
-10477.178815829846 
-10477.171197286825 
-10477.285298839242 
-10476.906010303257 
-10476.915371520974 
-10476.748409950829 
-10477.083037766151 
-10477.133594215778 
-10477.037090199250 
-10476.461789967831 
-10476.566442034857 
-10476.568985650916 
-10476.607397566895 
-10476.719188211253 
-10476.982926916642 
-10476.914570503679 
-10476.629095056218 
-10476.560063505394 
-10476.570606016412 
-10476.638610053704 
-10476.666218233289 
-10476.683884791681 
-10476.551364447543 
-10476.744299525784 
-10476.903754621029 
-10477.548286341435 
-10477.528300385558 
-10477.266877563299 
-10477.068968603218 
-10477.364754436518 
-10477.610222459158 
-10477.271700870851 
-10477.465783587902 
-10477.457976359396 
-10477.953308943859 
-10477.628376743003 
-10477.577831959605 
-10477.484322160750 
-10477.970802332675 
-10478.215721508492 
-10477.842672618606 
-10477.942971053199 
-10478.034192542040 
-10478.346442227941 
-10478.159322430194 
-10478.554654270563 
-10478.254448674530 
-10477.688009037371 
-10477.574190730162 
-10477.617657062481 
-10477.363201394612 
-10477.499554682283 
-10477.562322243441 
-10477.143745319307 
-10477.261038336523 
-10477.077067432663 
-10477.172071952615 
-10477.303426343922 
-10477.384232023800 
-10477.556024476382 
-10477.275219196667 
-10477.297768696917 
-10477.141384631479 
-10477.272994232748 
-10477.177604547478 
-10477.310233645885 
-10477.322820631185 
-10477.147700029549 
-10477.520941216048 
-10477.777906543937 
-10477.725827667757 
-10477.578334846501 
-10477.431686717640 
-10477.509478956143 
-10477.277570857317 
-10476.662992720747 
-10476.744385025224 
-10476.776521510006 
-10476.828864008508 
-10476.726323784502 
-10476.745121274502 
-10476.817383315842 
-10476.866330292454 
-10476.887307014971 
-10476.865856451352 
-10476.977306621227 
-10476.767455751342 
-10476.558359446581 
-10476.560987210276 
-10476.244660360309 
-10476.096756703282 
-10475.975135478315 
-10476.010055885868 
-10475.810042383722 
-10475.918239025570 
-10475.666160195891 
-10475.876604866358 
-10475.891962874597 
-10475.904678629702 
-10475.726602336888 
-10475.773121834716 
-10475.569631104883 
-10475.753647178959 
-10476.722832381884 
-10476.756612560708 
-10476.688593586905 
-10476.486136485140 
-10476.506359571500 
-10476.641551718476 
-10476.497298701765 
-10476.483560663932 
-10476.782833160216 
-10476.767757548196 
-10477.433870758843 
-10477.430643751481 
-10477.359193331147 
-10477.112700253794 
-10477.075962094499 
-10477.139111790406 
-10477.147910863734 
-10477.161849625671 
-10477.608808601030 
-10477.546612392634 
-10477.537711703240 
-10477.552781132679 
-10477.393159058613 
-10477.737951845296 
-10477.635927108406 
-10477.719697767305 
-10477.769526562299 
-10477.550389062075 
-10477.770156757169 
-10477.817019389806 
-10478.192015147401 
-10477.701299697295 
-10477.483328272812 
-10477.373984233784 
-10477.891386381019 
-10477.276202470510 
-10477.197476948599 
-10477.330049635928 
-10477.777522912378 
-10477.639335138965 
-10477.663588694038 
-10477.611215464385 
-10477.751198278849 
-10477.945225335454 
-10478.024106843166 
-10477.937013617669 
-10477.485384324635 
-10477.299771181048 
-10477.630139194178 
-10477.660576893293 
-10477.519441935148 
-10477.558668080419 
-10477.324066526044 
-10477.332979840172 
-10477.242934264315 
-10477.285124996297 
-10477.291738374759 
-10477.260005145397 
-10477.436488280935 
-10476.991501819537 
-10476.654985055307 
-10476.581431003437 
-10476.581431003437 
-10476.589510524311 
-10476.801978425365 
-10476.793019828803 
-10476.815391342436 
-10476.867012788331 
-10476.840800629898 
-10476.896465146980 
-10476.755907904710 
-10476.813877171551 
-10476.784889196653 
-10476.673296819681 
-10476.599039078197 
-10476.482402494838 
-10476.360678702675 
-10476.360678702675 
-10476.360678702675 
-10476.308707397933 
-10476.320109359340 
-10476.316599810467 
-10476.903023495806 
-10476.936324195811 
-10477.025495984290 
-10477.103806291236 
-10477.103806291236 
-10477.219439775186 
-10477.219439775186 
-10477.209324851066 
-10477.215669864752 
-10477.215669864752 
-10477.389219124412 
-10477.581593187737 
-10476.067600934695 
-10476.120877412801 
-10476.238443507355 
-10476.122143164963 
-10476.608917384820 
-10476.552819748575 
-10477.099075313852 
-10476.804840703151 
-10476.496029736130 
-10475.856322377129 
-10476.562673366865 
-10476.541911958468 
-10476.542792963952 
-10476.541329912530 
-10477.129742217585 
-10477.298197229611 
-10476.131834097949 
-10476.323492227808 
-10476.191942000436 
-10476.268179378971 
-10475.819318979651 
-10475.880986476550 
-10475.686650277976 
-10475.108862890704 
-10475.366734220843 
-10475.586321010829 
-10475.926732913937 
-10475.559399123696 
-10475.420768849539 
-10475.559807706151 
-10475.542960930046 
-10475.482768307556 
-10475.338855928239 
-10475.800801323881 
-10475.943618753399 
-10475.918641256338 
-10475.775648827972 
-10475.671805605658 
-10475.679425857261 
-10475.956825200810 
-10475.600465782512 
-10475.486382592802 
-10475.896720823350 
-10475.739664282739 
-10475.611672032619 
-10475.647351142459 
-10475.825269593977 
-10475.915965070264 
-10476.009374402785 
-10475.916383031994 
-10476.066641256584 
-10476.041440328809 
-10475.854337068165 
-10476.257986113475 
-10476.198175894846 
-10476.055041260395 
-10476.111429329554 
-10476.400573748217 
-10475.847247454281 
-10475.929097514050 
-10476.274461530506 
-10476.459917374910 
-10476.560702828334 
-10476.538187191281 
-10476.747545212842 
-10476.616790903161 
-10476.644530192196 
-10476.368950004909 
-10476.342720629897 
-10475.227643461738 
-10475.562794437186 
-10475.569873028851 
-10475.339684602102 
-10475.559932445567 
-10475.366073363963 
-10475.691641249783 
-10475.212836432303 
-10475.720718788591 
-10476.156237804158 
-10476.108850318888 
-10475.894710833629 
-10475.692044419488 
-10475.908573355699 
-10475.701288443875 
-10475.634985391573 
-10475.648065190871 
-10475.977809739315 
-10475.898246245455 
-10475.526454681130 
-10475.582069747554 
-10475.662828752322 
-10475.660572839086 
-10475.843665954522 
-10476.025507921893 
-10476.422438245247 
-10476.423168945412 
-10476.140382892050 
-10476.237143028053 
-10476.390237087844 
-10476.346870238594 
-10476.353633823006 
-10476.134272767806 
-10476.441607221006 
-10476.656183136778 
-10476.276841608385 
-10476.286820615285 
-10476.203584431407 
-10475.763568087978 
-10476.154218166792 
-10476.447862504139 
-10476.531214124598 
-10476.428782147354 
-10476.219994033048 
-10476.308261217830 
-10476.463900490469 
-10476.129701222288 
-10476.315983067974 
-10476.317131140966 
-10476.469874721370 
-10476.447215496957 
-10476.630941772635 
-10476.778695675919 
-10476.579345723841 
-10476.580315671568 
-10476.607274447677 
-10476.446439143188 
-10476.980581178812 
-10477.037292710813 
-10477.239124387219 
-10476.954521091682 
-10477.152515741216 
-10477.284947045528 
-10477.106898418717 
-10476.986729609145 
-10477.055379670939 
-10477.082071186940 
-10477.584907017252 
-10477.477949770828 
-10477.684973817099 
-10477.305816011019 
-10477.708872591496 
-10477.932371656927 
-10477.694371669822 
-10477.410711736104 
-10476.642319690578 
-10477.035669272178 
-10477.113892654465 
-10477.007026832280 
-10477.058230731678 
-10477.016238051379 
-10476.732876776796 
-10476.878893061496 
-10476.525843120227 
-10476.426717280592 
-10476.410474299502 
-10476.414523649650 
-10475.620306232235 
-10475.330916910194 
-10475.429325462534 
-10475.532264132318 
-10475.563071206539 
-10475.563071206539 
-10475.572810913482 
-10475.606944929217 
-10475.600920913494 
-10475.817893632488 
-10475.621758514771 
-10475.685067200826 
-10475.460895265865 
-10475.583996646537 
-10476.109367648069 
-10476.278243875546 
-10476.118244286270 
-10476.056984904848 
-10476.038402245873 
-10476.019005533613 
-10476.072602906079 
-10476.131530583356 
-10475.928804040746 
-10476.467426556061 
-10476.255930333840 
-10476.137791170182 
-10475.931661231310 
-10475.959742262448 
-10475.959742262448 
-10475.904872133746 
-10475.883829738892 
-10476.299043017563 
-10475.507228781653 
-10475.785680154786 
-10475.639699887695 
-10475.677277064264 
-10475.660102923523 
-10475.586420280551 
-10476.020097643923 
-10475.925097356538 
-10476.318692634186 
-10476.363268103216 
-10476.566649398723 
-10476.621480242691 
-10476.585634567271 
-10476.510323325720 
-10476.510350794240 
-10476.510350794240 
-10476.456914660770 
-10476.424014948212 
-10476.831800186992 
-10476.765273283252 
-10476.698869242846 
-10476.470770171358 
-10476.519016518469 
-10476.650649362837 
-10476.575374525833 
-10476.569131049855 
-10476.639264699501 
-10476.693859606976 
-10476.678595337300 
-10476.738790361791 
-10476.774238816040 
-10476.706887558870 
-10476.634092851766 
-10476.878862499982 
-10476.997803890066 
-10476.915220862707 
-10476.697287201881 
-10476.669056014016 
-10476.635056537616 
-10476.568948603415 
-10476.633418383848 
-10476.631064789579 
-10476.579537436637 
-10476.389429987532 
-10475.785583317640 
-10476.152729920592 
-10475.848774506889 
-10475.973247571463 
-10475.880509972649 
-10476.048931086450 
-10476.039326521839 
-10476.136976671754 
-10476.318195768967 
-10476.368530026621 
-10476.581880546184 
-10476.415833179621 
-10476.961849330924 
-10476.851398750458 
-10476.854144825606 
-10476.653880456148 
-10476.737924582756 
-10476.746983348796 
-10475.595215948129 
-10475.888056061667 
-10475.950221903260 
-10475.285033420234 
-10475.421083685505 
-10475.972874187028 
-10475.726814216046 
-10475.471364249217 
-10475.103912648538 
-10475.157738553451 
-10474.546714860606 
-10474.790472450240 
-10474.496673105925 
-10474.682225764907 
-10475.059480711592 
-10475.034454519364 
-10474.645082465382 
-10475.361956477907 
-10475.048363655831 
-10475.135665308138 
-10475.761147678997 
-10475.186426863169 
-10475.392154272988 
-10475.320486164490 
-10475.594326850303 
-10475.028056075680 
-10475.241249412235 
-10474.897276967247 
-10475.514982585575 
-10475.358176246456 
-10475.318524169996 
-10475.581221238923 
-10476.388368026961 
-10476.628920524583 
-10476.579055674538 
-10476.663220803146 
-10476.456154343861 
-10476.598494133694 
-10476.488419784308 
-10475.738116248898 
-10475.830594633619 
-10475.739254078104 
-10475.351067129423 
-10475.562506955122 
-10475.618939037129 
-10475.646365513738 
-10476.068082116304 
-10476.135812220486 
-10476.128003121630 
-10476.170968963128 
-10476.130643965458 
-10476.210394224385 
-10476.269131662624 
-10476.263397632179 
-10476.292717805292 
-10476.205545809451 
-10476.587496967319 
-10476.347786628548 
-10476.247661582858 
-10476.422583558831 
-10476.531008963470 
-10476.503398803101 
-10476.501658815105 
-10476.176136435100 
-10476.024410942209 
-10476.083180726155 
-10476.279279217753 
-10476.515443811864 
-10476.358387842165 
-10476.397827759251 
-10476.132782587832 
-10475.941401396356 
-10475.860961890756 
-10476.028604568619 
-10475.996264948231 
-10475.793770436083 
-10475.801541022558 
-10475.935011718311 
-10475.789285881958 
-10475.891302898759 
-10475.973663564926 
-10476.148858330982 
-10475.977473730778 
-10475.977473730778 
-10476.207923766189 
-10476.284721967591 
-10476.272865562114 
-10476.728782244531 
-10476.692858861661 
-10476.690014685570 
-10476.535396779260 
-10476.438990623434 
-10476.580783218682 
-10476.583941401675 
-10476.574644820599 
-10476.412679454595 
-10476.409478786085 
-10476.389904746371 
-10476.541874701217 
-10476.524915037287 
-10476.570640625454 
-10476.530464091202 
-10476.324385999407 
-10476.251598514778 
-10476.151825949795 
-10476.131367825596 
-10476.131367825596 
-10476.199536193648 
-10476.296657497673 
-10476.513306338220 
-10477.263443998181 
-10477.113976797558 
-10477.374087953609 
-10477.334324616031 
-10477.011496015675 
-10476.981971819330 
-10476.881706683460 
-10476.533409205505 
-10476.547318744797 
-10476.723796323911 
-10476.725530544507 
-10476.711429784653 
-10476.724410562951 
-10477.166893814956 
-10477.134132707824 
-10476.899892186941 
-10475.593961246877 
-10475.588348177251 
-10475.588348177251 
-10475.856951182392 
-10475.840226606137 
-10475.887688548977 
-10475.783766291152 
-10475.945854340249 
-10475.826603484851 
-10475.788250418920 
-10475.883082986931 
-10476.242559877353 
-10475.897789208344 
-10475.898948958018 
-10475.669383939770 
-10475.940100146121 
-10476.104787608694 
-10475.723561643494 
-10476.043225324303 
-10476.155980069301 
-10476.104446714595 
-10476.008166922929 
-10475.715475499539 
-10475.638664200551 
-10475.870508070986 
-10476.049354288378 
-10476.108771993147 
-10476.109653286756 
-10476.121401814604 
-10476.121401814604 
-10476.118098676796 
-10475.954752883701 
-10476.020677024122 
-10476.097214538231 
-10475.944244648279 
-10475.659285682123 
-10475.641457335834 
-10476.034479419661 
-10476.234026930109 
-10476.436416302186 
-10476.449173960755 
-10476.373394234841 
-10476.341835794130 
-10476.573515210483 
-10476.838408974874 
-10476.458309785166 
-10476.483097908033 
-10476.035242344464 
-10476.045954924004 
-10475.991330619770 
-10476.175346126263 
-10476.149634597577 
-10476.356913069534 
-10476.453520177238 
-10476.513447890251 
-10476.438596658223 
-10476.522481414486 
-10476.488979450078 
-10476.758822085698 
-10476.295898915449 
-10476.398599163524 
-10476.433566123464 
-10476.470990359207 
-10476.979227584790 
-10477.011721260047 
-10476.932700124282 
-10477.169549236656 
-10477.183156039651 
-10477.355833231968 
-10477.412332239879 
-10477.124478290049 
-10476.840628000995 
-10476.975139619786 
-10477.363531483576 
-10477.032483494286 
-10477.142204467118 
-10477.571274024798 
-10477.359140006381 
-10477.421486470674 
-10477.133553637579 
-10477.329539358643 
-10477.142138861720 
-10477.214621967107 
-10477.125507849409 
-10477.197538414423 
-10477.018082210338 
-10476.909838805308 
-10476.782675629151 
-10476.597584451938 
-10476.111052724800 
-10476.077752052804 
-10475.950522112216 
-10476.411380332087 
-10476.344987138160 
-10477.284192205554 
-10478.031697645431 
-10477.865608090557 
-10478.041076373105 
-10477.771791653906 
-10477.754100499285 
-10477.229586838028 
-10477.484398004566 
-10477.339612215092 
-10477.534396571446 
-10477.339268713267 
-10477.397551362559 
-10477.257687051220 
-10476.911829901062 
-10477.029904200088 
-10477.083411134012 
-10476.890736988729 
-10476.894312853407 
-10477.189141207569 
-10476.927976747802 
-10476.907628704264 
-10476.980827098996 
-10476.954244549192 
-10476.986918983508 
-10476.669051752575 
-10476.669051752575 
-10476.869530561262 
-10476.724529567971 
-10476.834552218914 
-10476.711045170874 
-10476.606018674338 
-10476.580685457498 
-10475.486954836486 
-10475.813045514866 
-10476.006266129813 
-10476.033168471411 
-10476.485677863488 
-10476.502685028243 
-10477.124811412858 
-10477.025693345544 
-10477.034615316270 
-10476.094059239922 
-10476.787757545102 
-10476.927666445174 
-10476.230193531883 
-10476.283499084566 
-10475.709568380465 
-10475.956177689590 
-10475.931221828201 
-10476.127156678098 
-10475.992404047714 
-10476.096125362577 
-10475.847360619920 
-10476.202664742563 
-10475.983235509348 
-10475.880831885526 
-10475.791827730189 
-10475.565485172516 
-10475.235002808158 
-10475.520783612212 
-10475.520783612212 
-10475.582519293490 
-10475.590048098531 
-10475.739122074448 
-10475.748012073835 
-10475.689517114452 
-10475.643143468369 
-10475.374617725409 
-10475.575773574219 
-10475.657233468863 
-10475.758395819244 
-10475.762144231423 
-10475.644516800434 
-10476.088653125744 
-10476.172258095528 
-10476.404631335123 
-10476.404631335123 
-10476.404631335123 
-10476.383647299266 
-10476.206381423410 
-10476.279173165014 
-10476.275698467278 
-10476.276917479576 
-10476.261320141668 
-10476.248429958954 
-10475.617125569472 
-10475.515517204189 
-10476.331678505419 
-10476.064263193199 
-10476.134795584292 
-10475.720727575612 
-10475.888833060428 
-10475.900404363831 
-10476.083943219355 
-10477.325458350533 
-10477.382548770052 
-10477.143043748254 
-10477.514565324818 
-10477.022905169750 
-10477.036270505396 
-10477.002520321257 
-10476.820809195680 
-10476.970869482464 
-10477.057398839332 
-10477.100623795688 
-10477.031030062752 
-10476.908272688233 
-10476.985728267071 
-10476.853750386163 
-10476.506195234790 
-10476.581487299693 
-10476.837181053972 
-10476.601084408268 
-10476.559056416159 
-10476.636373748968 
-10476.419243788167 
-10476.535390017314 
-10476.715350747625 
-10476.621201255644 
-10476.734728273255 
-10476.710828333416 
-10476.713214287820 
-10476.524011945090 
-10476.490562820662 
-10476.518855313192 
-10476.447525726542 
-10476.295978174481 
-10476.560302517924 
-10476.535468729026 
-10476.447745379819 
-10476.308468982363 
-10476.498508538301 
-10476.715652680679 
-10476.837144502560 
-10477.184823734198 
-10477.155918576927 
-10477.207113358243 
-10476.737921429522 
-10476.688212656089 
-10476.682664793734 
-10476.580133413188 
-10476.557472460889 
-10476.437558291527 
-10476.449176261032 
-10476.522405373875 
-10476.472893735783 
-10476.479913679079 
-10476.550762316734 
-10476.550762316734 
-10476.548873466454 
-10476.516104273329 
-10476.408506260961 
-10476.315693454160 
-10476.370907870012 
-10476.547611670603 
-10476.545198320349 
-10476.383684052476 
-10476.562862005188 
-10476.365844568461 
-10476.346453809354 
-10476.472450366982 
-10476.455076257560 
-10476.294956488167 
-10476.715716635161 
-10477.033627978042 
-10477.110648949956 
-10477.211421543318 
-10477.128068804597 
-10477.127814038282 
-10477.681236167498 
-10477.614142296017 
-10477.503557836802 
-10477.830414111331 
-10477.905022341321 
-10477.290922975444 
-10477.145375165441 
-10476.798500531741 
-10476.680590094553 
-10476.733125921337 
-10477.128658375857 
-10477.223160246223 
-10477.099008068224 
-10476.876665312924 
-10476.928260445731 
-10476.908428187409 
-10476.958264203533 
-10477.010383158673 
-10476.964588354071 
-10476.265628733621 
-10476.413559624838 
-10476.156724332968 
-10475.959848399514 
-10476.039812552535 
-10475.877499606266 
-10476.283297677601 
-10476.267743676390 
-10476.288629809223 
-10476.390191603970 
-10476.514060089392 
-10476.447468278135 
-10476.449897441102 
-10476.108846183835 
-10476.064294835847 
-10476.261708875390 
-10475.956738640771 
-10476.049857318487 
-10476.195375602072 
-10475.898992916391 
-10476.123772718971 
-10476.174951300027 
-10476.253498554554 
-10476.198873637079 
-10476.147559602017 
-10476.020405035124 
-10476.087377547814 
-10476.094390945502 
-10476.071613718876 
-10476.002382491202 
-10475.953054724998 
-10476.034507478564 
-10475.862814780552 
-10475.918067433531 
-10475.596593212313 
-10475.276315257113 
-10475.704760170609 
-10475.742120188128 
-10475.640445927482 
-10475.697741372080 
-10475.551394663651 
-10475.870722653062 
-10475.957446327151 
-10475.895764175388 
-10475.817405102878 
-10475.832377602657 
-10475.985981139129 
-10476.090927560064 
-10476.075736716586 
-10475.889181713428 
-10476.090709959630 
-10476.050773368243 
-10476.064120631519 
-10476.096786531894 
-10476.097827409651 
-10476.068013180722 
-10476.494169317029 
-10476.473979029244 
-10476.357775672406 
-10476.714594932493 
-10476.736759431602 
-10476.966636026760 
-10476.853492184080 
-10476.958932973284 
-10476.917522963759 
-10476.998119351481 
-10477.387837072471 
-10477.243057908125 
-10477.136484248591 
-10476.896967609384 
-10476.463748649947 
-10476.183865496285 
-10476.368076167910 
-10476.311772665440 
-10476.440298250507 
-10476.256157680655 
-10476.229528651986 
-10476.518999546886 
-10476.555011908276 
-10476.404841815131 
-10476.614626373697 
-10476.680642758340 
-10477.002672851180 
-10476.961005786827 
-10477.147253604318 
-10477.087544231401 
-10477.166629545358 
-10477.020666418673 
-10477.103099763797 
-10477.101268560045 
-10477.093326713211 
-10477.082419292316 
-10476.929592440931 
-10477.056435900167 
-10477.485570757977 
-10477.315443559415 
-10477.434998447050 
-10477.396382773470 
-10477.146963203020 
-10477.105997723806 
-10477.058179405962 
-10476.954426066284 
-10477.015254619457 
-10477.347908296062 
-10477.348488338579 
-10477.318714012945 
-10477.242414436956 
-10477.314179715504 
-10477.363928843617 
-10477.204108946440 
-10477.180057662930 
-10477.298658360207 
-10477.298658360207 
-10477.297171249691 
-10477.297171249691 
-10477.270452736539 
-10477.235354110813 
-10477.194845476552 
-10476.695115491404 
-10476.735374681748 
-10476.581900398563 
-10477.029544532277 
-10477.059004946408 
-10477.039877946148 
-10477.039877946148 
-10476.900484577503 
-10477.071670296229 
-10477.195324159560 
-10477.514311210045 
-10477.442410646599 
-10477.448508400150 
-10477.299432723237 
-10477.280626778758 
-10476.898918516332 
-10477.167645656007 
-10477.022921390113 
-10477.247294643865 
-10477.028281819332 
-10477.099125768038 
-10477.148150128636 
-10477.247144379795 
-10477.585260331743 
-10477.585260331743 
-10477.444081988227 
-10477.258357177256 
-10477.477727706266 
-10477.685822293535 
-10477.530159941372 
-10477.609154307009 
-10476.925886621046 
-10476.854012534230 
-10476.896764826361 
-10476.871647527478 
-10476.142272194928 
-10476.242842952930 
-10476.445105013578 
-10476.530122853694 
-10476.575588837386 
-10476.539390202137 
-10476.599475343915 
-10476.917913777199 
-10476.803384667130 
-10476.719169976283 
-10476.704682914771 
-10476.663473784447 
-10476.638688871028 
-10476.634890716361 
-10476.830973513597 
-10476.774545587750 
-10476.371138052709 
-10476.388917405413 
-10476.372789013043 
-10476.727677439258 
-10476.819804790699 
-10476.599215665723 
-10476.186382901611 
-10476.153496562962 
-10476.424405563519 
-10476.089991610947 
-10476.119710617297 
-10476.056714219323 
-10476.114283289233 
-10475.650680854327 
-10475.585051440436 
-10475.640642850800 
-10475.503077024896 
-10476.072050795738 
-10476.072050795738 
-10476.357184633811 
-10477.027182138589 
-10477.027648303683 
-10476.908651891021 
-10476.499774563155 
-10476.518699804534 
-10476.385959007474 
-10476.278826490679 
-10476.921567380607 
-10476.975587291452 
-10477.000088821807 
-10476.973806403776 
-10477.130268922012 
-10477.233317967562 
-10476.923971362405 
-10476.890269280468 
-10476.914858747814 
-10476.937615591996 
-10476.952323997612 
-10476.959459731728 
-10477.143378240218 
-10477.250323780485 
-10477.150359736843 
-10477.121537291439 
-10477.129128081659 
-10476.991987237940 
-10477.167635429581 
-10477.167006438769 
-10477.300327173161 
-10477.406729437094 
-10477.029831241322 
-10477.050995681340 
-10477.228613575517 
-10477.127874187048 
-10477.110883299951 
-10476.922505380860 
-10477.199504046610 
-10477.453535703293 
-10477.970818944055 
-10477.566452101330 
-10477.641495028858 
-10477.292933185679 
-10477.479929699712 
-10477.552184111011 
-10477.602735877141 
-10477.528095862168 
-10476.740011523756 
-10476.416057914525 
-10476.048455244383 
-10475.971614254902 
-10475.909826087567 
-10476.284022936405 
-10476.502127247368 
-10476.435756540137 
-10476.500052466645 
-10476.677365508976 
-10476.610943383263 
-10476.804200137640 
-10476.837738539081 
-10476.406833984847 
-10476.410859607144 
-10476.367216916864 
-10476.355487760384 
-10476.701990360283 
-10476.610583192889 
-10476.554833363907 
-10476.494139105298 
-10476.439929794744 
-10476.440843762881 
-10476.747038587109 
-10476.551968825072 
-10475.866418061340 
-10475.790230534034 
-10475.819209988471 
-10475.938981175725 
-10475.870598402562 
-10476.224206778203 
-10475.913687210879 
-10475.900229080933 
-10476.092399902464 
-10475.742738830231 
-10475.798965192105 
-10475.967836436081 
-10475.818729482262 
-10475.965237304159 
-10475.789511309633 
-10475.729146808819 
-10475.764488055876 
-10475.536851360379 
-10475.802977446278 
-10475.826004720540 
-10476.011038206590 
-10476.436335180462 
-10476.435048647492 
-10477.035262073718 
-10476.671282803351 
-10476.412755857700 
-10476.309588256781 
-10476.259198729318 
-10476.343695954924 
-10476.669045456341 
-10476.626000174127 
-10476.472372481563 
-10476.526871014114 
-10476.492614790286 
-10476.577228469207 
-10476.608231058448 
-10476.585026021719 
-10476.522455777118 
-10476.499851100141 
-10476.593121721751 
-10476.757219130590 
-10476.685995061784 
-10476.662563122978 
-10476.652715192455 
-10476.522448550229 
-10476.260732174638 
-10476.073405946086 
-10476.517418024274 
-10476.407147379072 
-10476.069035421695 
-10476.090516354274 
-10476.176805297659 
-10475.938462843398 
-10476.172159035516 
-10475.600247010609 
-10475.946083890169 
-10476.010692547301 
-10476.025915452690 
-10475.949780046765 
-10476.326552810038 
-10476.999526710990 
-10477.046502804249 
-10477.409775379796 
-10477.365638215069 
-10476.990108432865 
-10476.862864737192 
-10476.921944254889 
-10476.955152809158 
-10476.588469636165 
-10476.722417977855 
-10476.767977985504 
-10476.463149936730 
-10476.442858445151 
-10476.419444201199 
-10476.482950719414 
-10476.433079149150 
-10476.109928911117 
-10476.261159314381 
-10476.569985576689 
-10476.367729708531 
-10476.523478053577 
-10476.493871079112 
-10476.567157540569 
-10476.380391766559 
-10476.740832585867 
-10476.726428652519 
-10476.615694446740 
-10476.558173800757 
-10476.627364556105 
-10476.775745916299 
-10476.772786184059 
-10477.036711947130 
-10476.818785804329 
-10476.830888270468 
-10476.894125740371 
-10476.726801702112 
-10476.991868593650 
-10477.164252183878 
-10477.358825434960 
-10477.047024350413 
-10477.288189998701 
-10476.985952573688 
-10476.884754492783 
-10476.854188322959 
-10476.695720099691 
-10476.845497005381 
-10476.878904143197 
-10477.165082567482 
-10476.820486022323 
-10477.092126023477 
-10477.030356231422 
-10477.573324755786 
-10477.426630365248 
-10477.216592116662 
-10477.167994006430 
-10477.120826566001 
-10476.943515846186 
-10475.931743263578 
-10475.931743263578 
-10475.921058206015 
-10475.965149628399 
-10475.913779118691 
-10475.918825111197 
-10475.895217493831 
-10475.971821502308 
-10475.960643118338 
-10475.983099678906 
-10475.806628034888 
-10476.078012951604 
-10476.414084454278 
-10476.389650235291 
-10476.226172598481 
-10476.182648889888 
-10476.035606261772 
-10475.997100660441 
-10476.114372766891 
-10475.828790018650 
-10475.668540054867 
-10475.929658392888 
-10475.886657996300 
-10475.942073857545 
-10475.942073857545 
-10476.269096771281 
-10476.348507910818 
-10476.509023550765 
-10476.520196192265 
-10476.573559080723 
-10476.533931622873 
-10476.434635912998 
-10476.426091131998 
-10476.425280596472 
-10476.407216646721 
-10476.421639044886 
-10476.709886850362 
-10476.706230305284 
-10476.570114703252 
-10476.580913669452 
-10476.428128902853 
-10476.345914666321 
-10476.380169391281 
-10476.380169391281 
-10476.444276753127 
-10476.586545232054 
-10476.618352276790 
-10476.616812327413 
-10476.539167243032 
-10476.591092587369 
-10476.744770262685 
-10476.676343676525 
-10476.642073073128 
-10476.606576878039 
-10476.589488200128 
-10476.485400137957 
-10476.459896602377 
-10476.416987110482 
-10476.476494058612 
-10476.571488759389 
-10476.606597802835 
-10476.561137573395 
-10476.609393029399 
-10476.773029733671 
-10476.657992635626 
-10476.692979815763 
-10476.708165840540 
-10476.647002618651 
-10476.601983879767 
-10476.583412953012 
-10476.535774682132 
-10476.460662398080 
-10476.445306142470 
-10476.367780446330 
-10476.354530306146 
-10476.073414381919 
-10476.054997178926 
-10476.067051446611 
-10476.337914193151 
-10476.351101590910 
-10476.357808929401 
-10476.413437278356 
-10476.375650776290 
-10476.486104680855 
-10476.044060731496 
-10475.944022619347 
-10476.237654066505 
-10476.257772608114 
-10476.360758099443 
-10476.352891171246 
-10476.383654755538 
-10476.485268569166 
-10476.595053887995 
-10476.817800709883 
-10476.507625906610 
-10476.285820368548 
-10476.311424399466 
-10476.169450119070 
-10476.082619831332 
-10475.876587853132 
-10475.682846308568 
-10475.598549082337 
-10475.562899807876 
-10476.348637966115 
-10476.350657896639 
-10476.043008336977 
-10476.363377114600 
-10476.265022593574 
-10475.730479153874 
-10475.666485271819 
-10475.803768772712 
-10475.638142636311 
-10475.665712669892 
-10475.586173066085 
-10475.713467895925 
-10475.779653066029 
-10475.716102341017 
-10475.638315509295 
-10475.460544076306 
-10475.442026836339 
-10475.306751229524 
-10475.137778678067 
-10475.366890439043 
-10475.373264089802 
-10475.265798720318 
-10475.405798824540 
-10475.893087644441 
-10475.139923961868 
-10475.275158857397 
-10476.036724630387 
-10475.957754301586 
-10475.955214488165 
-10475.867825706477 
-10476.302255129756 
-10476.425914886195 
-10476.461587449861 
-10476.055466301614 
-10476.055466301614 
-10476.055466301614 
-10476.106203604642 
-10476.077264434651 
-10475.893170246571 
-10476.154754302788 
-10475.995312061732 
-10475.971021128431 
-10476.081984703093 
-10476.249686774314 
-10476.029268770510 
-10476.028863797233 
-10475.625705801680 
-10475.625705801680 
-10475.607062981762 
-10475.637085594077 
-10476.154080328180 
-10476.142870349327 
-10476.265500582182 
-10476.555475744457 
-10476.412800296948 
-10476.487932508162 
-10476.776473999986 
-10476.918971149347 
-10476.763542219731 
-10476.921961831911 
-10477.003543525820 
-10476.743048232443 
-10476.252146883066 
-10476.458616699460 
-10476.549104779022 
-10476.310499924573 
-10476.304607485239 
-10476.440760405698 
-10476.279515428560 
-10476.277956161573 
-10476.225931828394 
-10476.179611703432 
-10476.165902971779 
-10476.101596077067 
-10476.184681538576 
-10476.219859441990 
-10476.219971913448 
-10476.183800235456 
-10476.116916146479 
-10475.937955446556 
-10475.691113729450 
-10475.756030277344 
-10475.714785062723 
-10475.595715289561 
-10475.308440705336 
-10476.551471844828 
-10476.569818381520 
-10476.620054823668 
-10476.662850197468 
-10476.776770488563 
-10476.420892216060 
-10476.440912794045 
-10476.556169169977 
-10476.630526651372 
-10476.630526651372 
-10476.452689306805 
-10476.508618050917 
-10476.299586494950 
-10476.001702416328 
-10475.859657110117 
-10475.630736780915 
-10476.270564981167 
-10476.278123028183 
-10476.290734394621 
-10476.338143200001 
-10476.266466316687 
-10476.555483601505 
-10476.669448693607 
-10476.654186814483 
-10476.975995734083 
-10476.823870423046 
-10477.071661105618 
-10477.059713556137 
-10476.977399115973 
-10476.693902276033 
-10476.452419626756 
-10476.108325562109 
-10476.139085384002 
-10475.891581350190 
-10476.263736176188 
-10476.200771244306 
-10476.410027443964 
-10476.560395780576 
-10476.405973347590 
-10476.415184051615 
-10475.823348366535 
-10476.072786431010 
-10476.140441602853 
-10475.943197718041 
-10476.159329187696 
-10476.352065311010 
-10476.419511613511 
-10476.424775243475 
-10476.455675442228 
-10476.420025233372 
-10476.548389709926 
-10475.761738216335 
-10475.937546805513 
-10476.070252370624 
-10476.215031702008 
-10476.185257477893 
-10476.300857191814 
-10476.048427018601 
-10476.053740710706 
-10476.048774065921 
-10475.909993497487 
-10475.891409085218 
-10475.907132085897 
-10476.097719232854 
-10475.764716065878 
-10476.101739605694 
-10476.121083663214 
-10476.120196471335 
-10476.116147315439 
-10476.149861578560 
-10476.162911896721 
-10476.137633418924 
-10476.144456959746 
-10476.382752147963 
-10476.438431682705 
-10476.456554785927 
-10476.397630766778 
-10476.403827368822 
-10476.482559490982 
-10476.380177094787 
-10476.752051429443 
-10476.792164983353 
-10476.930226163262 
-10477.262442740930 
-10477.270012754270 
-10477.373410032322 
-10477.155081493647 
-10477.126658858340 
-10477.008379211053 
-10476.965196102166 
-10477.386781430228 
-10476.845020324503 
-10476.558077436652 
-10476.547468749997 
-10477.645846003155 
-10477.688807007095 
-10477.111435974963 
-10477.159626443448 
-10477.097796287522 
-10477.424523326416 
-10477.482524062845 
-10477.240916336968 
-10477.066452153087 
-10476.838588503431 
-10476.929655902612 
-10477.639409513211 
-10477.739046072442 
-10477.202098347079 
-10477.105598946448 
-10476.922791518295 
-10477.103685327624 
-10476.958341584928 
-10476.999622668534 
-10477.366638144969 
-10477.039839095074 
-10477.203015112369 
-10477.115762504593 
-10477.323192346837 
-10477.166977704976 
-10477.209972482402 
-10477.267873140539 
-10477.786156723083 
-10477.785043125010 
-10477.697875275324 
-10477.522784246679 
-10477.382465903971 
-10477.454121306651 
-10477.667204955998 
-10478.326698964041 
-10478.182338842520 
-10477.889730983714 
-10478.460480690737 
-10478.183986356444 
-10478.157441374593 
-10477.566856315250 
-10477.302134084872 
-10477.523418847390 
-10477.640586674965 
-10477.452258787711 
-10477.902431556524 
-10477.483283768835 
-10478.110407130800 
-10477.865621032601 
-10477.912880905800 
-10477.843114096142 
-10477.814016021579 
-10478.067801289089 
-10477.825869165628 
-10478.084772644452 
-10477.139881196961 
-10477.136316276017 
-10477.197470585948 
-10477.163084133779 
-10476.996300524754 
-10477.051103285574 
-10476.515892468895 
-10476.675891224328 
-10476.402521492228 
-10476.327149969984 
-10476.470943217751 
-10476.357784878117 
-10476.410549274371 
-10476.638503512366 
-10476.518902504284 
-10476.663236861132 
-10476.367525238498 
-10476.239894221322 
-10476.173362138319 
-10475.848723458117 
-10476.295494929696 
-10476.101169642898 
-10476.163927649117 
-10475.817783456952 
-10475.731213362669 
-10476.240098365157 
-10476.004632021171 
-10476.313661906965 
-10476.319394574968 
-10476.428916405121 
-10476.458074458556 
-10476.750841437406 
-10476.721602451451 
-10476.683803158285 
-10476.724799595206 
-10476.762291678593 
-10476.889834863146 
-10477.266617423638 
-10477.172170190450 
-10477.120123839748 
-10477.121011593435 
-10476.978244868289 
-10476.869766833130 
-10476.795556940284 
-10476.567094716316 
-10476.592209601904 
-10477.043881370460 
-10476.707365503493 
-10477.032762125180 
-10476.649693227098 
-10476.592071120667 
-10476.591440828033 
-10476.777146072876 
-10476.946615650631 
-10476.663042022750 
-10476.716491659296 
-10476.703338847939 
-10476.609555703646 
-10476.709659877090 
-10476.710053263769 
-10476.721402996729 
-10476.698170201273 
-10476.284235310790 
-10476.202538724003 
-10476.395710663795 
-10476.427507536962 
-10476.470854735931 
-10476.470814330993 
-10476.470814330993 
-10476.357572301977 
-10476.543519273704 
-10476.553470468345 
-10476.498131151366 
-10476.498131151366 
-10476.498505901243 
-10476.376300716674 
-10476.360222616828 
-10475.733789031747 
-10475.926754312857 
-10475.959323333065 
-10475.991950426380 
-10475.900772058976 
-10475.999657160184 
-10475.933315970873 
-10475.816445800583 
-10475.959693782705 
-10475.877758395116 
-10475.723438507190 
-10475.381763622376 
-10475.887238526686 
-10475.906148901920 
-10475.876444109383 
-10475.695309258603 
-10475.966405574056 
-10476.026723076497 
-10475.991990452678 
-10475.845113754645 
-10475.866136781424 
-10475.794154968678 
-10476.112802593623 
-10475.793386120054 
-10475.816105973478 
-10475.813120697263 
-10475.393212227580 
-10475.729280832235 
-10475.572389571022 
-10475.639030742701 
-10475.576081037671 
-10475.740420213873 
-10475.490041261319 
-10475.341783778171 
-10475.574209024007 
-10476.008983334319 
-10476.024163950804 
-10475.872063371780 
-10476.140103824153 
-10476.747016797779 
-10476.868982298918 
-10476.899106003384 
-10477.008054245394 
-10477.111893646172 
-10476.786606837919 
-10476.682403407207 
-10476.655680382411 
-10476.609276424879 
-10476.573679458359 
-10476.764460003653 
-10476.435712381162 
-10476.781925588954 
-10476.687572637376 
-10476.718465681257 
-10477.016561385302 
-10476.851517932106 
-10476.945528451328 
-10476.758351120718 
-10476.747474815731 
-10476.751514299080 
-10476.751514299080 
-10476.598976762683 
-10476.588229607176 
-10476.614364609046 
-10477.032470037395 
-10476.893317852648 
-10477.051049743653 
-10476.771829011259 
-10476.734638969438 
-10476.750853141821 
-10476.479595692244 
-10477.080838741340 
-10476.864295680023 
-10477.257437374486 
-10477.368566466113 
-10477.085429654522 
-10476.718068836770 
-10476.876476330897 
-10476.701926283584 
-10477.372874196250 
-10477.410271167568 
-10477.309162200901 
-10477.445512075336 
-10477.055872831763 
-10477.541568181034 
-10476.755054125859 
-10477.118401155856 
-10477.189385944679 
-10477.214769657192 
-10477.460079840590 
-10477.436564404985 
-10477.387574910863 
-10477.161355667680 
-10477.551566593003 
-10477.395772099817 
-10477.026173958648 
-10476.842682460363 
-10477.264419993289 
-10476.748037814841 
-10476.507105106853 
-10476.282022106872 
-10476.607349833726 
-10476.645861118634 
-10476.635608854685 
-10476.322943748881 
-10475.967966440807 
-10476.062147118573 
-10476.076888667974 
-10476.310491243825 
-10476.188657250616 
-10476.153020971951 
-10476.668684072132 
-10476.797365322447 
-10476.720984354621 
-10476.720984354621 
-10477.529184610259 
-10477.451467081260 
-10477.186677342297 
-10477.376721250086 
-10477.478284812139 
-10478.097967297550 
-10478.164958387420 
-10477.638299900305 
-10477.222905063738 
-10477.507909783813 
-10477.416622711256 
-10477.275462180771 
-10477.177964689006 
-10477.276290460322 
-10477.534257491312 
-10478.578769559481 
-10478.569106449464 
-10478.617120036204 
-10478.452698247553 
-10478.335335772830 
-10478.052785384496 
-10478.241298562265 
-10478.264599548287 
-10477.597626660416 
-10477.675274715049 
-10477.766558373833 
-10477.725144855021 
-10477.258710709331 
-10477.433904882892 
-10478.024014187466 
-10477.795913231506 
-10477.705977873724 
-10478.205210177348 
-10477.654119023864 
-10477.427270231223 
-10476.971346791855 
-10476.970573572687 
-10476.856127803663 
-10476.903577720863 
-10477.127033082943 
-10477.270138104637 
-10476.914096865088 
-10476.716014594756 
-10476.299710465784 
-10476.216179020183 
-10476.219074752655 
-10475.367524288620 
-10475.373394255412 
-10475.468082524409 
-10475.463964249402 
-10475.407133254306 
-10475.442820358800 
-10475.014274552308 
-10475.165649015233 
-10474.551193212408 
-10474.653336068643 
-10474.937810480205 
-10475.288748403917 
-10474.931672574307 
-10474.904449315511 
-10475.256479315105 
-10475.195142122548 
-10475.277992241954 
-10475.140933061009 
-10475.194535072324 
-10474.989204934483 
-10475.468172762723 
-10475.612608094661 
-10475.360491463411 
-10475.408195353331 
-10475.292543661577 
-10475.507854932273 
-10475.608258955475 
-10475.573034499384 
-10475.622776137980 
-10475.853762226179 
-10476.040013830148 
-10476.470492027864 
-10476.537472759179 
-10476.631009514833 
-10476.733383242874 
-10476.693570502652 
-10476.625387296672 
-10476.686995974336 
-10476.742697107289 
-10476.741073762498 
-10476.723502467139 
-10476.541908719508 
-10476.480599088509 
-10476.677230415846 
-10476.710321160292 
-10476.709171065260 
-10476.706391685686 
-10476.533125898950 
-10476.155201555426 
-10476.117186803658 
-10476.246416220802 
-10476.796751551683 
-10476.717868456773 
-10476.717868456773 
-10476.546208833992 
-10476.505600123743 
-10476.554204384696 
-10476.688779744869 
-10476.553247158941 
-10476.533576585378 
-10476.118393707735 
-10476.085240809029 
-10475.495224086268 
-10475.533590694122 
-10475.713915024964 
-10475.501862085424 
-10475.616788178811 
-10474.968405464197 
-10475.769555297844 
-10475.451508251630 
-10475.409788614588 
-10475.646907500552 
-10475.565146249201 
-10475.715154663867 
-10475.837901927693 
-10475.932169983998 
-10475.650251983503 
-10475.740799669289 
-10475.796987502126 
-10475.808144344548 
-10475.634148179550 
-10475.679872953528 
-10476.049403964500 
-10476.475769639124 
-10476.502879293566 
-10476.375378283274 
-10476.315763430117 
-10476.395493334829 
-10476.395493334829 
-10476.477301681007 
-10476.471312650125 
-10476.231901401645 
-10475.956894280000 
-10475.808071529751 
-10475.702193171783 
-10475.926544061709 
-10476.058820070755 
-10476.114024457082 
-10476.075616291406 
-10476.113267048593 
-10476.088940210766 
-10476.042167253094 
-10476.098448249000 
-10476.289555139811 
-10476.252204852359 
-10476.764615153093 
-10476.868245217736 
-10476.604890109717 
-10476.291626695785 
-10476.312105944806 
-10476.388514576935 
-10476.465800689348 
-10476.406416755783 
-10475.926612793048 
-10475.924133252620 
-10475.962541599569 
-10476.473810997863 
-10476.473810997863 
-10476.554159920457 
-10476.568576133928 
-10477.085317885085 
-10477.239625132526 
-10476.996044070291 
-10476.928906692761 
-10476.431863778434 
-10476.389427269469 
-10476.409422683317 
-10476.449229050128 
-10476.907317539099 
-10476.786586646747 
-10476.713539789072 
-10476.399710271004 
-10476.440561870397 
-10476.893858399073 
-10477.041291028245 
-10477.168745309584 
-10476.457637765225 
-10476.944813859953 
-10476.927863118552 
-10476.872802738111 
-10476.730340440434 
-10477.058400325266 
-10477.083824668078 
-10477.099729772321 
-10476.708156346820 
-10476.949781075487 
-10476.938200190671 
-10476.917222425360 
-10477.131197125951 
-10477.024110154876 
-10476.991728111194 
-10476.962416454546 
-10476.275386675241 
-10476.047617910343 
-10476.079541091342 
-10476.041367665102 
-10475.856556669703 
-10475.865140123646 
-10475.965587912202 
-10475.909328759704 
-10475.779718153386 
-10475.754903892579 
-10476.037609654484 
-10476.037609654484 
-10475.790337952703 
-10476.124028525519 
-10475.859592668157 
-10475.859592668157 
-10475.893735617905 
-10475.131735327213 
-10475.220757053785 
-10475.089048724385 
-10475.171099663192 
-10475.209972939694 
-10475.219384445712 
-10474.950835612461 
-10475.109553231461 
-10476.305831617228 
-10476.261369616363 
-10476.066148121687 
-10476.096140425199 
-10476.230884190350 
-10476.225658150319 
-10476.167933154287 
-10476.662581377153 
-10476.630012710011 
-10476.688214490820 
-10477.207471833670 
-10477.177701762030 
-10477.260976350259 
-10477.487969829215 
-10477.318571522210 
-10477.330494302625 
-10476.646626853240 
-10476.639841458085 
-10476.491336962377 
-10476.459531033153 
-10476.411033409066 
-10476.281315828091 
-10476.284504202944 
-10476.439847214977 
-10476.465340865187 
-10476.483497521960 
-10476.479374017550 
-10476.407291040121 
-10476.407291040121 
-10476.407942162950 
-10476.604405774253 
-10476.840376043110 
-10477.161686464440 
-10477.546836890051 
-10477.617671837594 
-10477.569608589287 
-10477.634659635582 
-10478.106852848076 
-10478.159155579771 
-10477.664130131732 
-10477.507757666186 
-10477.414255247379 
-10477.237191942881 
-10477.532851557047 
-10477.589293886280 
-10477.272808907632 
-10477.217950949205 
-10477.206497375097 
-10477.355624942400 
-10477.115780144135 
-10477.136987291195 
-10477.252820092655 
-10477.074524756294 
-10477.241990276641 
-10476.998759431939 
-10476.831523174949 
-10476.657008646571 
-10476.944071937554 
-10476.926692799143 
-10476.586966679391 
-10476.791712477030 
-10476.890421257460 
-10476.957752715740 
-10476.811714529220 
-10476.786855621998 
-10476.917837857569 
-10476.905367775673 
-10476.908687580644 
-10477.051526368603 
-10476.903992190328 
-10476.863282717946 
-10476.825054244189 
-10477.004457422052 
-10476.875073338870 
-10476.929184967292 
-10476.878772617883 
-10476.913084921145 
-10476.907962879546 
-10476.827420048814 
-10476.842305250955 
-10476.788835200821 
-10476.904389430687 
-10476.904389430687 
-10476.838357710218 
-10477.266247215535 
-10477.281841384314 
-10476.664384549997 
-10476.825130935542 
-10476.359877684201 
-10476.643220063444 
-10476.576245278893 
-10476.568694503339 
-10476.426299834397 
-10476.166099313663 
-10476.723700425309 
-10476.794938009993 
-10476.756668399083 
-10476.666499958164 
-10476.575079599885 
-10476.468861664604 
-10476.592445385837 
-10476.669647427902 
-10476.791894894273 
-10476.801045063950 
-10476.790061725165 
-10476.843729109827 
-10476.793530229863 
-10476.725775660903 
-10476.862661933206 
-10476.707195247069 
-10477.008040618894 
-10476.605164293635 
-10476.632705708524 
-10476.714170892459 
-10476.724186015686 
-10476.684229276123 
-10476.633223933608 
-10476.711433921046 
-10476.770657354798 
-10476.551205706124 
-10476.790150987941 
-10476.832423239932 
-10476.881076319796 
-10476.881076319796 
-10476.690943836480 
-10476.717007874407 
-10476.362055974876 
-10476.368172587141 
-10476.587028556600 
-10476.553607075259 
-10476.585716117163 
-10476.581548212003 
-10476.637590262411 
-10476.477626034430 
-10476.091461952337 
-10476.224495387474 
-10476.074163892996 
-10476.083798093054 
-10476.096460360352 
-10476.395726283852 
-10476.371805553537 
-10476.308175427028 
-10476.511178144137 
-10476.218594155727 
-10476.528067451653 
-10476.600282122845 
-10476.638105976841 
-10476.482988370215 
-10476.422702338912 
-10476.684615128122 
-10476.672730259401 
-10476.724866371129 
-10476.862923614672 
-10476.722299733910 
-10477.100594853548 
-10477.058742706118 
-10476.794581079441 
-10477.025083619636 
-10476.893926617859 
-10477.255242632604 
-10477.259922350235 
-10476.843810278351 
-10476.847426119315 
-10477.266282270388 
-10477.256657499122 
-10477.316739624222 
-10477.148660284200 
-10477.304836424921 
-10477.145779882119 
-10476.748999116493 
-10476.731687950043 
-10476.765304005859 
-10476.814058641188 
-10477.006726126441 
-10477.089516549962 
-10476.855566938886 
-10476.863874225037 
-10476.794015870528 
-10476.409675817367 
-10476.353905282251 
-10475.996382141111 
-10476.130973497458 
-10476.177562273950 
-10476.183379719119 
-10476.226160848446 
-10476.227271411373 
-10476.484893014538 
-10476.519990321267 
-10476.222197929779 
-10476.229633893239 
-10476.181056552035 
-10476.203505500440 
-10476.192926568776 
-10476.211069416720 
-10476.058377818912 
-10475.729534183061 
-10475.912960555454 
-10475.795632291905 
-10476.004112396977 
-10475.946987750427 
-10476.019600726471 
-10475.916615926684 
-10475.825888158024 
-10475.791493795999 
-10475.765037419907 
-10475.765037419907 
-10475.794191061475 
-10475.796350187709 
-10475.718185696031 
-10475.641906347904 
-10476.051806844793 
-10476.234729499800 
-10476.152762427200 
-10476.287608068234 
-10476.287608068234 
-10476.528561732568 
-10476.789744860052 
-10477.098304278534 
-10476.482825810777 
-10476.559628629073 
-10476.451126001675 
-10476.451549159456 
-10476.378179331989 
-10476.475856875953 
-10476.476790134191 
-10476.406105489563 
-10476.088487254381 
-10476.362213198183 
-10476.319617923025 
-10476.483641336597 
-10476.361258091041 
-10476.477019757231 
-10476.120015673348 
-10476.113648110453 
-10475.850450682761 
-10475.816540540556 
-10475.939593183177 
-10475.948326281597 
-10475.698498224572 
-10475.632257384914 
-10475.732240957230 
-10475.782960374041 
-10475.933358982595 
-10475.986462910685 
-10476.087901577674 
-10476.015992168925 
-10476.014559026480 
-10475.748485306112 
-10475.590167658058 
-10475.706328436358 
-10475.624193072368 
-10475.289265983636 
-10475.810306789006 
-10475.888154082753 
-10475.486973027731 
-10475.553176516847 
-10475.529798424910 
-10475.411372682465 
-10476.073693543067 
-10476.023502002725 
-10476.017384624338 
-10475.460048034996 
-10475.650401880031 
-10475.616210119826 
-10475.603715995556 
-10475.183471218985 
-10475.217803192179 
-10475.675797543858 
-10475.545798171404 
-10475.392839429564 
-10475.368857227089 
-10475.074515359247 
-10475.516465294173 
-10475.344590471099 
-10475.263702865755 
-10475.076428170201 
-10475.935793525370 
-10475.919521360987 
-10475.731860118702 
-10476.010845492103 
-10475.934877112519 
-10475.593262323062 
-10475.672572772761 
-10475.664520862763 
-10476.099917116540 
-10475.936383122456 
-10475.875823327571 
-10476.043670645451 
-10476.082761792593 
-10476.069037026955 
-10476.055384445614 
-10475.553351171848 
-10476.044426003551 
-10475.600634997072 
-10475.458709186185 
-10476.114906891071 
-10476.071803480896 
-10475.922583718120 
-10475.782670801136 
-10475.967345695080 
-10475.840984592627 
-10475.600225540329 
-10475.724836224070 
-10475.654390655867 
-10475.824356080297 
-10475.896696245529 
-10475.762215211776 
-10475.924967140960 
-10475.935381568774 
-10475.902171194277 
-10475.802505293866 
-10475.837405217488 
-10475.709353732525 
-10475.818401619168 
-10475.910056673429 
-10475.570604189727 
-10475.333082683490 
-10475.917454352297 
-10475.682982466442 
-10475.811017548855 
-10475.768874131239 
-10475.921054190318 
-10475.974489636572 
-10475.968397462235 
-10475.899818268857 
-10476.137447789102 
-10475.936671114201 
-10475.793067900027 
-10476.321853966756 
-10476.047742328396 
-10476.194210036025 
-10476.053373676012 
-10475.903333861794 
-10475.888758625137 
-10476.125778796402 
-10475.723014705965 
-10475.667021967913 
-10475.620849415904 
-10475.596223123024 
-10475.734475447989 
-10475.570482336165 
-10475.976914076929 
-10475.883060762848 
-10475.988311078310 
-10475.969504751271 
-10475.953022941863 
-10475.975662812154 
-10475.901947792267 
-10475.905083379088 
-10475.938336243053 
-10475.879357129397 
-10476.095935133111 
-10475.988635642032 
-10475.988635642032 
-10475.977795715664 
-10475.970427150291 
-10475.735449177515 
-10475.615029736082 
-10475.882368100582 
-10476.008164323493 
-10476.202386758720 
-10476.291789470508 
-10475.622995754855 
-10475.441576169547 
-10475.494241078171 
-10475.024777361861 
-10474.954272556644 
-10475.174359507677 
-10475.795938535613 
-10475.764201280937 
-10475.876205350733 
-10475.420375241163 
-10475.429247764114 
-10475.449106049713 
-10475.486622195398 
-10475.605248676884 
-10477.314555093466 
-10477.146262488915 
-10476.895742471926 
-10476.800298857115 
-10476.799448980524 
-10476.794502167835 
-10476.827215668998 
-10476.835669538896 
-10476.727254934094 
-10476.700480905794 
-10476.708518024656 
-10476.644773324038 
-10476.611805332177 
-10476.662657917877 
-10476.483306010980 
-10476.500432731205 
-10476.504581920666 
-10476.527022276836 
-10476.502573005462 
-10476.655878876551 
-10476.655449039321 
-10476.492562404317 
-10476.542476101997 
-10476.422384352551 
-10476.766954841798 
-10476.741755002913 
-10476.851629137094 
-10476.798982076034 
-10476.576437108133 
-10476.531100951754 
-10476.504876118124 
-10476.506812761309 
-10476.498785319051 
-10476.493061620193 
-10476.305624814762 
-10475.532874752538 
-10475.737340311536 
-10475.648182759202 
-10475.533567662904 
-10475.523585779249 
-10476.130880355808 
-10476.151197813922 
-10476.144807601939 
-10476.142778261928 
-10476.280590783041 
-10476.266677635069 
-10475.905110762196 
-10475.863548166064 
-10475.702966331108 
-10475.750437583620 
-10475.800603126072 
-10475.713064885913 
-10475.709357816804 
-10475.533243295517 
-10475.826863117123 
-10475.839417520299 
-10476.000003970030 
-10476.086788262923 
-10476.284679140648 
-10476.046705600535 
-10476.172755751959 
-10476.195750228302 
-10476.218824472706 
-10476.218824472706 
-10476.258535066670 
-10476.114422228706 
-10476.128957672516 
-10475.862871778218 
-10475.562463899831 
-10475.653937551391 
-10475.776617612950 
-10476.204397754469 
-10475.837859696496 
-10476.000447652596 
-10476.016193922860 
-10476.239253213900 
-10476.444682654464 
-10476.287020446975 
-10476.287020446975 
-10476.368268627504 
-10476.582785209972 
-10476.562209134567 
-10476.553381818261 
-10476.384429255297 
-10476.363110785049 
-10476.363110785049 
-10476.370210790763 
-10476.382584996876 
-10476.362775242180 
-10476.153358145650 
-10475.964796537486 
-10476.294078038758 
-10475.991705989127 
-10475.991872735411 
-10476.267781017705 
-10476.430428472195 
-10476.014540286445 
-10476.061662471449 
-10475.915895923097 
-10475.844464067357 
-10475.631320136061 
-10475.566343752846 
-10475.598777346046 
-10475.865495365453 
-10476.020778951364 
-10475.899938502685 
-10476.043895522796 
-10475.978692768400 
-10475.864736011057 
-10475.816596523424 
-10475.861779552899 
-10475.651529323684 
-10475.658872648626 
-10476.051496495913 
-10476.246595610528 
-10476.239021645621 
-10476.490684214012 
-10476.437977580339 
-10476.462382024352 
-10476.484395570347 
-10476.463225650101 
-10476.371462473480 
-10476.379029099411 
-10476.419674563318 
-10476.487690808217 
-10476.443405499860 
-10476.443405499860 
-10476.508603109902 
-10476.597883483611 
-10476.706104131792 
-10476.732070464404 
-10476.443085842498 
-10476.368840790921 
-10476.569771955510 
-10476.633282565756 
-10476.481959471796 
-10476.657757649049 
-10476.382272728733 
-10476.557690772188 
-10476.602507610532 
-10476.423534576516 
-10476.424956473365 
-10475.624312945656 
-10475.883581012591 
-10475.781636355150 
-10475.533420334792 
-10475.916675352302 
-10475.587054990025 
-10475.890902662244 
-10475.264631974325 
-10475.806082214036 
-10475.731002170289 
-10475.713497451166 
-10475.960261073706 
-10475.849808961866 
-10475.610647759757 
-10475.532372180847 
-10475.617656386106 
-10475.740322453994 
-10475.746256824594 
-10475.471533017682 
-10475.506198400542 
-10475.585602131036 
-10475.585602131036 
-10475.585602131036 
-10475.580353449532 
-10475.544104003789 
-10475.573959141535 
-10475.484466145399 
-10475.530954279953 
-10475.452778970506 
-10475.466485926390 
-10475.294618588276 
-10475.351552291084 
-10475.233408439401 
-10475.371490782221 
-10475.690212120788 
-10475.824817821489 
-10475.799628977831 
-10475.880232579686 
-10475.951711442469 
-10475.948097725495 
-10475.951056954475 
-10475.953176647503 
-10475.870016037701 
-10475.763478219083 
-10475.620996570833 
-10475.818317877587 
-10477.292689971106 
-10477.178092768607 
-10477.102399674293 
-10477.119629615281 
-10477.236343647346 
-10477.679230146883 
-10477.699518112287 
-10477.301271747247 
-10477.440633896091 
-10477.969482039705 
-10477.260863582995 
-10477.558097047357 
-10477.235783137865 
-10477.671335375431 
-10477.561971409814 
-10478.181171515833 
-10478.016335133034 
-10478.659127000892 
-10478.185462537058 
-10478.302590548845 
-10479.001474772431 
-10478.757142322256 
-10478.471298702681 
-10478.792346492146 
-10478.037921549436 
-10478.515674548098 
-10478.374353599573 
-10478.625454539620 
-10478.610769354949 
-10478.426553343341 
-10478.598058238205 
-10478.432638762732 
-10478.356693268828 
-10478.645929559034 
-10478.502002898598 
-10477.844510500789 
-10477.791845746435 
-10477.540407534079 
-10477.873944824536 
-10477.873944824536 
-10477.837973970501 
-10478.072161161632 
-10478.029201995514 
-10477.926997350100 
-10477.741771445762 
-10478.312889611125 
-10478.141238595064 
-10478.174050684927 
-10478.084290113698 
-10478.107847831883 
-10477.502398211007 
-10477.557305194036 
-10477.692924296942 
-10477.581183646049 
-10478.320875272184 
-10478.136435477041 
-10478.328260454764 
-10478.294655404883 
-10478.283384021744 
-10477.741337287413 
-10477.789838731847 
-10478.144818869332 
-10477.887182560326 
-10478.083911260481 
-10477.872687067624 
-10478.257924448621 
-10477.482475255843 
-10477.742096970060 
-10477.696529535240 
-10477.845744695203 
-10478.063629723214 
-10477.992514304140 
-10477.562801702514 
-10478.225505367260 
-10477.335821050443 
-10477.428519242356 
-10477.738861654845 
-10477.489773352074 
-10477.870076092646 
-10477.890137901588 
-10477.646413337367 
-10477.563724370251 
-10477.964177890452 
-10477.988761667044 
-10477.685611814073 
-10477.970634898618 
-10478.210082515925 
-10478.314857293179 
-10478.314857293179 
-10478.152227621102 
-10478.356626094919 
-10478.622651015858 
-10477.887313947038 
-10477.655202786031 
-10476.383615756689 
-10476.364875991496 
-10476.401157373537 
-10475.993600003503 
-10475.995954371900 
-10475.992157754832 
-10475.919647714829 
-10475.801158558217 
-10475.712431304231 
-10476.034571208162 
-10475.632922262681 
-10475.577430841959 
-10475.556358103679 
-10475.413841239651 
-10476.011454581334 
-10476.099114729699 
-10475.509821516283 
-10475.980107206464 
-10475.536422683643 
-10475.684954261085 
-10475.617591717826 
-10475.661505995824 
-10475.546137503103 
-10475.350800496266 
-10475.443609061840 
-10475.428615694982 
-10475.287632901433 
-10475.548475889324 
-10475.780334903973 
-10475.805684758647 
-10475.635131205143 
-10475.825640673334 
-10475.999344315644 
-10475.803516859130 
-10475.832288840154 
-10475.616741977321 
-10475.622467712883 
-10475.526063280713 
-10475.917525385375 
-10476.163114300871 
-10475.874226493344 
-10476.174541323453 
-10476.107101856118 
-10476.102872048179 
-10476.042242320957 
-10476.030087652314 
-10476.307031542015 
-10476.206917993370 
-10476.115959045475 
-10476.156862945003 
-10476.061429628329 
-10475.964492934418 
-10475.788012692983 
-10475.814052865919 
-10475.784751423489 
-10475.835087909820 
-10475.701563038583 
-10475.703989343889 
-10475.519451047567 
-10475.505531009476 
-10475.326714300822 
-10475.469401478629 
-10475.421192097294 
-10475.407370594217 
-10475.650677924126 
-10475.564969514997 
-10475.772027333540 
-10475.787721516270 
-10476.247636771448 
-10476.476004186345 
-10476.561757012887 
-10476.398517515539 
-10476.274083228354 
-10476.429069703439 
-10476.611230049362 
-10476.805454607738 
-10476.774568151557 
-10477.051789743075 
-10477.467311838791 
-10477.282020154587 
-10477.147783735101 
-10477.345994929192 
-10477.169868611891 
-10476.838566860300 
-10476.791667142579 
-10476.808362932905 
-10476.808362932905 
-10476.791398766060 
-10477.063016058746 
-10477.075767269618 
-10477.182487389106 
-10477.046297989415 
-10477.046297989415 
-10477.074426776324 
-10477.552218085521 
-10477.503128184537 
-10477.766538436637 
-10477.650839840242 
-10477.457195534385 
-10477.277051035051 
-10477.570938460671 
-10477.702747055935 
-10477.386589914900 
-10477.447574520789 
-10477.720896798894 
-10477.294001998402 
-10477.524263540778 
-10477.144493937521 
-10476.945642824447 
-10477.039879138039 
-10477.017797926037 
-10476.925223313227 
-10476.860427860500 
-10477.017549000602 
-10476.951769186879 
-10477.071731174601 
-10477.158693680891 
-10477.175096585910 
-10477.440045463936 
-10477.460237176712 
-10477.147323471252 
-10476.575884870603 
-10476.235843319568 
-10476.284609818587 
-10476.279974472855 
-10476.749048910455 
-10476.991334154587 
-10477.363454764163 
-10477.330936972776 
-10477.415283785500 
-10477.266119215981 
-10477.374818603666 
-10477.858154924583 
-10477.687865009751 
-10477.535969386106 
-10477.681679565723 
-10477.577849250076 
-10477.236707308803 
-10477.106723777604 
-10477.184389670012 
-10477.385418019472 
-10476.894368412060 
-10476.772998461236 
-10477.432428743188 
-10477.843423343014 
-10477.361024356258 
-10477.371477132780 
-10477.993068186850 
-10477.745693560353 
-10477.255125116852 
-10477.275800490896 
-10477.174302215079 
-10476.990159204837 
-10477.219774691317 
-10476.985827190518 
-10477.015716185972 
-10477.005129461728 
-10477.093769737523 
-10477.112396337528 
-10477.307077347594 
-10477.211286949076 
-10477.121288032446 
-10477.050443027634 
-10476.858090067144 
-10477.070026010417 
-10476.561878322907 
-10476.114436154590 
-10475.704400179389 
-10476.020697253531 
-10475.974754958474 
-10476.135791236569 
-10475.938769229351 
-10475.621362405340 
-10475.946138464524 
-10475.929621265823 
-10475.942190115155 
-10475.830849890266 
-10475.718985886322 
-10475.682809769094 
-10475.823763218777 
-10475.776652968651 
-10475.080946217178 
-10475.203743795362 
-10475.432905592612 
-10476.105153494598 
-10476.410408409105 
-10476.844434056458 
-10476.844434056458 
-10477.155068548131 
-10477.094926639002 
-10476.986947485691 
-10476.975653956395 
-10477.237192518247 
-10477.417098634132 
-10477.567976547949 
-10476.907847159187 
-10476.761291393208 
-10476.698304456904 
-10476.867898231701 
-10476.925471145243 
-10476.847703454107 
-10476.868559059221 
-10476.861790395282 
-10476.821258706401 
-10476.781712411543 
-10476.737835040758 
-10476.708764388966 
-10476.765121490835 
-10477.152526841661 
-10477.027773519190 
-10476.755336361381 
-10476.757050208585 
-10476.627342178816 
-10476.600798216043 
-10475.862364293109 
-10476.193325037035 
-10476.262304844300 
-10475.989348798030 
-10476.107681429670 
-10476.034564132646 
-10476.112558170795 
-10476.548484680634 
-10476.494545696951 
-10476.614428375660 
-10476.796711451918 
-10476.755585190684 
-10476.727315465852 
-10476.922256922649 
-10476.844974150970 
-10476.886604312482 
-10477.000702681256 
-10476.886264763994 
-10476.580323101671 
-10476.499994637876 
-10476.782422293523 
-10476.752929481998 
-10476.694431472924 
-10476.616915958581 
-10476.616915958581 
-10476.488906038856 
-10476.563783726780 
-10476.635210116041 
-10476.661598561281 
-10476.534644952353 
-10476.529618530685 
-10476.629670199090 
-10476.489890056117 
-10476.418856123424 
-10476.345066233209 
-10476.202468194077 
-10476.236119087969 
-10476.203141460717 
-10476.361714418279 
-10476.215688890161 
-10476.303983664404 
-10476.248299174566 
-10476.189574636814 
-10476.181324869254 
-10476.214137297755 
-10476.302942935152 
-10476.199195562907 
-10476.181620758414 
-10476.176001132957 
-10476.176001132957 
-10476.433110814643 
-10476.802750048202 
-10476.805191209420 
-10476.840350924998 
-10476.631736341480 
-10476.661944825397 
-10476.632868563938 
-10476.676471600036 
-10476.681085778691 
-10476.665497452321 
-10477.088618962671 
-10477.143497688998 
-10477.143667714246 
-10476.843981347260 
-10476.887351477391 
-10476.846910949740 
-10476.803500838048 
-10476.795496714785 
-10475.993440811046 
-10476.042507398137 
-10476.371518746091 
-10476.604114336465 
-10476.359321380553 
-10476.418210016960 
-10475.934651167465 
-10475.897635422689 
-10475.616496956141 
-10475.760532499793 
-10475.760532499793 
-10476.873545296658 
-10476.728073693939 
-10476.708889293723 
-10476.832422361820 
-10476.264087517689 
-10476.318186982495 
-10476.093940629802 
-10476.191916842494 
-10476.414790589275 
-10476.193852024258 
-10476.496732262247 
-10476.287601594560 
-10476.281671962999 
-10476.440813169858 
-10476.452263623853 
-10476.418600991512 
-10476.489356835120 
-10476.667577513404 
-10476.614783057221 
-10476.734007666166 
-10476.777913486445 
-10476.684556742535 
-10476.623674791550 
-10476.645143768037 
-10476.788627909278 
-10476.868408309181 
-10477.123372010221 
-10477.100104810053 
-10476.757141424770 
-10476.774865965264 
-10476.598573635672 
-10476.642471469657 
-10476.457658637430 
-10476.373769089540 
-10476.271957957049 
-10476.256796788321 
-10476.225303073197 
-10476.083835064559 
-10476.555093753666 
-10476.624169766563 
-10476.566926381054 
-10476.598126935300 
-10476.807264530355 
-10476.894365469678 
-10477.042879147601 
-10477.025036535795 
-10477.161715780238 
-10476.991027164057 
-10477.138876940793 
-10476.927100725727 
-10477.062868069464 
-10477.090893828696 
-10477.193142399783 
-10477.100322276605 
-10477.390639249103 
-10477.272688882522 
-10477.334815902272 
-10477.464945476298 
-10477.392045270633 
-10477.195583588049 
-10477.190055966015 
-10477.204918017218 
-10477.095375255782 
-10477.065724989676 
-10476.905685131202 
-10476.971765933295 
-10477.157502168066 
-10477.170534058270 
-10477.188088567591 
-10477.091918172360 
-10477.502658578573 
-10477.202903603766 
-10477.545393970409 
-10477.215783859558 
-10477.649059463827 
-10477.534392026846 
-10477.406306430479 
-10477.185670406270 
-10477.527420688693 
-10477.424021572428 
-10476.976726484083 
-10476.649095269799 
-10476.504026332113 
-10475.303216684593 
-10476.001578460684 
-10476.427343907337 
-10476.512324584324 
-10476.470270053504 
-10476.413372698857 
-10476.405394233088 
-10476.380322655141 
-10476.279400322881 
-10476.288797952164 
-10476.338273492391 
-10476.156652027976 
-10476.289852132240 
-10476.207855228318 
-10476.133239777111 
-10476.206217745073 
-10476.140603432015 
-10475.919114763381 
-10475.840736264285 
-10475.788893022842 
-10475.705262511856 
-10475.735160949496 
-10475.571031456346 
-10475.930314112273 
-10476.194192927489 
-10476.056066495497 
-10476.066735022652 
-10476.102592384950 
-10476.249728829640 
-10476.277040940349 
-10476.397097684352 
-10476.378811542716 
-10476.473994781642 
-10476.253123716029 
-10476.243922642328 
-10476.266348578552 
-10476.363277833545 
-10476.461835223005 
-10476.326345100219 
-10476.311942026530 
-10476.247701985956 
-10476.244603510750 
-10476.288800767636 
-10476.101217253976 
-10475.849764163666 
-10476.568134230703 
-10476.643796286749 
-10476.729559942138 
-10475.916434497049 
-10476.248997239292 
-10475.824078593954 
-10475.828862776236 
-10475.894468140779 
-10475.949240606216 
-10475.958710422865 
-10476.018378806759 
-10476.019439279569 
-10475.878239689815 
-10475.742091937174 
-10475.734084297863 
-10475.889068028417 
-10476.114474982027 
-10475.922829171532 
-10475.911742045162 
-10475.934929859855 
-10476.103815189414 
-10476.515697467839 
-10476.476502099687 
-10476.426112110992 
-10476.515894360624 
-10476.659911188683 
-10477.051333396055 
-10476.928927708661 
-10476.755289308980 
-10476.706736829454 
-10476.736026707036 
-10476.552304077011 
-10476.194478900041 
-10475.924080867808 
-10476.045149100080 
-10476.470143847198 
-10476.794612254949 
-10476.969060225480 
-10476.923406329051 
-10476.795838106671 
-10476.803445457441 
-10476.841293098631 
-10476.831693847666 
-10476.584111930784 
-10476.504633799808 
-10476.520555649220 
-10476.468782320489 
-10476.538785808365 
-10476.389996796819 
-10475.155137346481 
-10475.681651180626 
-10475.605563368978 
-10475.720151785032 
-10475.609317074379 
-10475.930713802632 
-10475.567715518060 
-10475.464033902106 
-10475.738810251733 
-10475.899641122511 
-10476.222922264720 
-10476.139219769753 
-10476.242966148409 
-10476.040928984505 
-10475.961600150236 
-10476.098208842966 
-10475.931651088595 
-10475.933949433347 
-10475.921976895052 
-10475.933746915900 
-10476.098164487134 
-10476.017535865260 
-10476.035664515475 
-10475.987902821202 
-10475.987902821202 
-10476.139620177437 
-10476.113310483377 
-10476.122290380796 
-10476.237607036741 
-10476.258668000879 
-10476.221973080312 
-10476.262504194297 
-10476.093655128958 
-10476.099694194960 
-10476.187176648871 
-10476.266080758498 
-10476.535787508044 
-10476.601912877331 
-10476.819543464593 
-10476.607652362665 
-10476.538270683668 
-10476.599498044232 
-10476.508523166873 
-10476.605599135604 
-10476.984685257563 
-10477.225056815038 
-10477.141828047663 
-10477.318965330685 
-10477.382469411819 
-10476.711615293179 
-10477.089942834036 
-10477.308575733437 
-10477.273817802208 
-10477.115214717145 
-10477.086481630427 
-10477.126374890993 
-10476.629212211608 
-10476.912203143616 
-10476.844943230433 
-10476.988761571014 
-10476.855158040642 
-10476.720922887509 
-10476.580185509596 
-10476.602382093239 
-10476.602382093239 
-10476.785221360173 
-10476.904454751048 
-10477.144714041078 
-10477.224493448788 
-10477.009154762891 
-10476.971101703284 
-10477.057521593579 
-10476.807487365793 
-10476.646498103470 
-10476.681292604189 
-10476.664194891669 
-10476.769919999921 
-10476.281385463097 
-10475.841787454990 
-10476.384384978193 
-10475.994554469871 
-10476.218476089945 
-10476.385382225564 
-10476.465024604926 
-10476.333281682728 
-10476.060394486991 
-10476.164394206930 
-10476.188607765936 
-10476.178673239525 
-10476.423367825311 
-10475.896967453027 
-10475.708011109380 
-10475.859425304752 
-10475.830282914867 
-10477.066022178531 
-10477.448953680811 
-10477.490276656636 
-10477.493491916997 
-10477.864426735408 
-10478.316791330160 
-10478.186977435376 
-10478.028813384522 
-10477.458421132877 
-10477.675976868510 
-10477.586009657112 
-10477.575641795256 
-10477.761922425414 
-10477.843884578409 
-10478.257876222982 
-10477.940805306796 
-10478.176412092063 
-10478.484269648365 
-10478.953559901101 
-10478.619682083843 
-10478.799163301388 
-10478.609687664131 
-10478.818567190323 
-10478.405465594664 
-10478.589968889224 
-10478.289024977805 
-10478.433182687993 
-10478.338116714333 
-10477.921768462029 
-10477.921768462029 
-10477.914841421205 
-10477.601161496870 
-10477.627912752807 
-10477.017889987954 
-10476.849344201539 
-10476.990820326588 
-10476.898793656565 
-10476.933618717569 
-10477.850621011014 
-10477.535929738904 
-10477.485806784127 
-10477.345635840127 
-10477.503972815430 
-10477.089040123174 
-10477.100125840103 
-10477.256391874922 
-10477.098272761421 
-10477.153716587982 
-10476.930130414368 
-10476.754624493418 
-10476.923827278744 
-10477.132175527066 
-10477.132175527066 
-10477.262945312839 
-10477.115273975123 
-10476.900291762164 
-10476.253436899842 
-10476.723587385673 
-10476.668984238779 
-10476.694158164122 
-10476.860654998463 
-10476.872220445379 
-10477.013281338530 
-10476.758556163923 
-10476.980984327671 
-10476.604220665005 
-10476.663596586970 
-10476.436411831481 
-10477.116045748249 
-10477.188762553174 
-10477.142545890159 
-10477.090024107027 
-10477.042521868259 
-10477.136490561190 
-10477.242800556223 
-10477.289975835509 
-10477.015574252553 
-10476.915464479103 
-10476.860610238158 
-10477.040919824844 
-10477.244297569163 
-10477.393168955732 
-10477.391271357536 
-10477.075769931032 
-10477.139412496352 
-10477.052440636140 
-10477.048603529851 
-10477.075211375672 
-10476.689517000261 
-10476.489038429958 
-10476.376762042069 
-10476.572528709790 
-10476.852598864367 
-10476.641498022402 
-10474.747639862950 
-10474.529547717486 
-10474.808843625129 
-10474.664192623435 
-10474.619298741303 
-10474.888264382764 
-10474.789411618527 
-10474.718139584227 
-10474.996523654238 
-10474.796409956125 
-10474.997075434290 
-10475.188550466442 
-10475.311406341678 
-10475.312202018926 
-10475.268391643636 
-10475.231226123053 
-10475.381608798747 
-10475.512416348622 
-10475.426458374583 
-10475.519459784471 
-10475.522418557190 
-10475.497178173884 
-10475.276962422317 
-10475.399841735654 
-10475.360651876321 
-10475.100463569583 
-10475.100463569583 
-10475.082262015243 
-10475.082262015243 
-10475.007437603463 
-10475.375542183354 
-10475.441944556809 
-10475.709765873386 
-10475.785102133133 
-10476.130160916373 
-10476.216068003308 
-10476.291764734076 
-10476.252236444234 
-10476.415183937972 
-10476.106975789624 
-10476.101757770366 
-10475.693759621530 
-10475.612971565730 
-10475.788303280586 
-10475.664622136188 
-10475.521829174237 
-10475.648759118640 
-10475.631777944651 
-10475.490893006898 
-10475.349606322012 
-10475.139814109687 
-10475.139814109687 
-10475.225780260640 
-10475.192963808731 
-10475.192963808731 
-10474.563587079243 
-10475.007721166507 
-10474.600408823833 
-10475.123799533469 
-10474.929948351786 
-10474.935231769254 
-10474.935231769254 
-10475.047945069198 
-10475.121265430711 
-10475.412990276422 
-10475.025596012050 
-10475.144472101105 
-10475.104032475296 
-10475.331061296351 
-10475.562356911387 
-10475.790966797013 
-10475.585606778113 
-10475.775173735447 
-10475.688874145890 
-10476.079125543503 
-10476.673090148659 
-10476.699796556602 
-10476.697262514910 
-10476.724845686931 
-10476.705953200937 
-10476.748194402428 
-10476.826930473391 
-10476.839227520830 
-10476.839227520830 
-10476.839227520830 
-10476.801544243550 
-10476.773139207740 
-10476.624782933288 
-10476.630748055373 
-10476.703067171366 
-10477.089787237692 
-10477.051587148064 
-10476.991067665673 
-10476.834646494161 
-10476.409769919534 
-10476.431734029682 
-10476.418725299403 
-10476.501914684881 
-10476.398315507615 
-10476.398315507615 
-10476.778547039825 
-10476.778547039825 
-10476.737586350393 
-10476.648992545535 
-10476.662745203066 
-10476.676615795806 
-10476.501849087575 
-10476.363548201269 
-10476.440241452337 
-10476.430866735078 
-10476.470437230992 
-10476.430184832121 
-10476.488170337014 
-10476.686148145100 
-10476.694547507435 
-10476.841194162007 
-10476.739269247040 
-10476.879256960292 
-10476.827650625164 
-10476.804102968064 
-10476.836722146538 
-10476.879087652336 
-10477.011734895961 
-10477.136064458071 
-10477.020075829270 
-10477.128262743328 
-10477.002665972619 
-10476.947431200077 
-10477.090896078354 
-10476.868726593273 
-10476.592300336535 
-10476.736841497512 
-10476.749959660458 
-10476.778748903816 
-10476.721200814960 
-10476.643543216605 
-10476.541530895815 
-10476.415569859846 
-10476.293917567891 
-10476.433554746482 
-10476.408327743209 
-10476.335726130865 
-10476.840835171193 
-10476.792251451599 
-10476.705226838985 
-10476.605676476122 
-10476.474151870609 
-10476.565704720673 
-10476.478958108724 
-10476.331734663156 
-10476.463257111558 
-10476.355772190009 
-10476.387038134586 
-10476.416452566027 
-10476.502314356427 
-10476.777603475834 
-10476.763472617846 
-10476.762835806850 
-10476.377244349129 
-10476.688866809893 
-10476.887469027508 
-10476.804017377155 
-10476.982501654906 
-10476.869154626354 
-10477.103790725712 
-10477.025820811987 
-10477.257824449891 
-10477.310610634229 
-10477.143196006798 
-10477.456455747479 
-10477.466701114745 
-10477.412357038173 
-10477.620328173232 
-10477.235852209071 
-10477.452122312883 
-10477.357349925223 
-10477.131603466451 
-10477.225483488806 
-10477.102660634031 
-10477.134925130846 
-10477.108835459629 
-10477.209225059059 
-10477.012205024119 
-10477.080691115332 
-10477.249939283784 
-10477.017559334263 
-10477.095806443691 
-10477.132598233615 
-10477.087086223210 
-10476.739762527919 
-10476.380683989164 
-10476.273756297560 
-10476.379781508702 
-10476.429985315583 
-10476.569441368318 
-10476.357936199660 
-10476.285197934678 
-10476.137214620154 
-10476.109626600779 
-10476.547488094635 
-10476.710218990860 
-10476.576132345339 
-10476.576132345339 
-10476.614217680204 
-10476.729988669840 
-10476.502397196946 
-10476.652591450065 
-10476.659259334376 
-10476.592243756357 
-10476.605783841740 
-10476.502060639243 
-10476.774745312619 
-10476.673189634090 
-10476.463204764670 
-10476.462558834570 
-10476.640497864573 
-10476.482732589035 
-10476.547205012377 
-10476.180736558703 
-10476.108872051889 
-10476.272529468708 
-10476.265124650790 
-10476.186403560932 
-10476.272247228768 
-10476.291169225606 
-10476.203921784840 
-10475.916427235552 
-10476.136028685405 
-10476.065072673109 
-10476.044417871266 
-10476.415664244210 
-10476.335967134466 
-10476.318017116302 
-10476.265078524711 
-10476.270570311301 
-10476.201187094508 
-10476.170450029796 
-10476.328908676147 
-10476.621832740710 
-10476.022513459662 
-10476.144182229298 
-10476.135805233795 
-10476.392712427452 
-10476.496125020454 
-10476.440289519755 
-10476.267975599874 
-10476.475214849681 
-10476.159848441233 
-10476.813841175161 
-10476.889828853129 
-10476.891054948792 
-10476.528002275831 
-10476.587251537625 
-10476.648090397150 
-10476.658669665110 
-10476.566368856125 
-10476.566368856125 
-10476.155867746671 
-10476.458975110692 
-10476.545569950544 
-10476.665081743058 
-10476.624260788458 
-10476.602288079101 
-10476.516652245566 
-10476.481414899323 
-10476.487484712205 
-10476.474350728853 
-10477.165061466943 
-10476.825093225109 
-10477.036725390721 
-10476.962196584953 
-10476.948605420137 
-10477.081908754079 
-10477.112355600180 
-10477.154288606420 
-10477.244727151743 
-10476.874048390931 
-10477.012750655000 
-10476.721355571863 
-10476.674787881844 
-10476.905976523478 
-10477.345509572273 
-10476.325338170782 
-10476.598122245683 
-10476.960443652004 
-10476.979713021228 
-10477.478444850301 
-10477.395020641938 
-10477.699756448555 
-10478.314538731414 
-10477.907918546105 
-10477.702765212985 
-10477.645041742207 
-10476.759017338709 
-10477.322273732878 
-10477.272749130840 
-10477.240823410346 
-10477.401685029285 
-10478.092383423987 
-10477.812861341425 
-10477.929622968923 
-10478.050098367808 
-10476.832389036870 
-10476.467751187647 
-10476.529611438227 
-10476.391163671355 
-10476.491548374244 
-10476.555429560192 
-10476.559413867497 
-10476.524580681387 
-10477.019956951299 
-10476.793049115588 
-10477.026652740486 
-10477.101770530689 
-10476.933181959826 
-10476.731627329918 
-10476.655807487217 
-10476.733792499770 
-10476.715166855469 
-10476.322430895738 
-10476.100082526104 
-10476.052830415243 
-10476.074595064707 
-10476.181248507037 
-10476.140222024165 
-10476.118790150540 
-10476.283139706811 
-10476.022039003692 
-10476.126775906392 
-10476.141596831749 
-10475.988851413038 
-10476.133793159544 
-10476.089261937079 
-10476.050240373317 
-10476.169615022078 
-10476.174651416180 
-10476.257292824383 
-10476.332119341956 
-10476.917649608826 
-10476.875134470383 
-10476.843124210693 
-10476.738216246124 
-10476.741294757963 
-10476.799881482020 
-10476.589837095144 
-10476.489938645725 
-10476.397692670240 
-10476.197255099269 
-10476.510363980813 
-10476.417656904654 
-10476.252461426700 
-10476.267593374187 
-10476.236161709414 
-10476.108826405241 
-10476.043215334197 
-10475.968246935858 
-10475.951332407050 
-10476.066007830386 
-10476.330534283479 
-10476.219726728466 
-10476.264335442323 
-10476.303734754933 
-10476.342714481156 
-10476.333048506265 
-10476.066482935570 
-10475.658340538241 
-10475.965280782999 
-10475.863177184301 
-10475.895181066773 
-10475.445618856013 
-10475.407641037144 
-10474.810139693300 
-10474.985136029865 
-10474.920471668689 
-10474.810743203398 
-10474.811228481707 
