6747.218662690409 
6746.889992540846 
6746.723163652894 
6746.980129332514 
6747.216397224015 
6747.384630811446 
6747.558338955673 
6748.051759226448 
6748.364110026570 
6748.260278280776 
6748.305922691839 
6748.324845928069 
6748.344343906513 
6747.979920516738 
6747.950939272610 
6747.975229359373 
6748.140444482429 
6748.218744229777 
6748.103999209085 
6747.733054029011 
6747.733054029011 
6747.446009458151 
6747.462063629014 
6747.083662903210 
6747.517853056820 
6746.926693087696 
6747.166522517045 
6747.460031293976 
6747.588174295092 
6747.908210276339 
6748.171950854906 
6747.653000902850 
6748.124397241261 
6748.374831748027 
6748.919476711380 
6748.904466722931 
6748.884099093243 
6748.901591987688 
6747.110491237104 
6747.524986290214 
6748.700307678748 
6748.790193578801 
6749.342390617302 
6748.697881018917 
6748.335375880729 
6748.429887150733 
6748.934730496230 
6748.563972967032 
6748.916031510282 
6748.253607223049 
6747.915922440377 
6747.797004568571 
6747.936383971170 
6747.879349716764 
6749.404923515694 
6749.325556640867 
6751.083582286943 
6750.137396254493 
6749.945401828963 
6749.597680766979 
6749.707023601037 
6749.575166177227 
6750.261310610420 
6749.056189572124 
6748.661802468310 
6748.351881972244 
6749.305845915436 
6748.049976655692 
6747.076565379715 
6748.522733721077 
6747.952025332752 
6748.237955112012 
6748.116133280398 
6748.190485372354 
6748.142063419353 
6747.124192649007 
6746.900263850014 
6747.267788795447 
6746.147715041280 
6746.631113753040 
6746.218546417732 
6746.423209689297 
6746.718043487891 
6747.017296638438 
6746.618913398407 
6747.631544498896 
6747.882318967633 
6746.897021424409 
6746.797134966834 
6747.008051952471 
6747.758238510005 
6747.809948594573 
6747.824951949580 
6747.637202773192 
6750.792351116501 
6750.133494361572 
6750.081267412873 
6749.978900977064 
6750.207552940857 
6750.892842970986 
6749.840099110777 
6749.846121485398 
6750.947156804402 
6750.965178953409 
6750.926678301325 
6751.368412827564 
6750.206077399327 
6750.610788831071 
6751.157885972739 
6750.355347021853 
6749.573294661794 
6750.266375819506 
6749.321059117060 
6749.445667289105 
6749.374374458293 
6749.968006166871 
6750.736773038981 
6750.736773038981 
6751.526427412474 
6750.760746148575 
6749.398340742851 
6749.453036170446 
6749.289505333568 
6749.255461094752 
6749.886707486928 
6749.610048603749 
6749.210737144325 
6748.929400473673 
6748.806585923717 
6749.528382142860 
6749.641517299346 
6750.211574396488 
6750.121021018152 
6749.923900702606 
6751.291465653202 
6749.193553570277 
6748.648151938849 
6748.777774920840 
6749.666331502771 
6749.519964500460 
6749.549084701729 
6749.982132755730 
6747.730225040977 
6747.931686491241 
6748.440285558765 
6748.405303802406 
6748.418973464160 
6748.243712130668 
6748.243712130668 
6748.107320491734 
6748.165968049108 
6748.235122009282 
6748.104286359404 
6748.985739812068 
6749.339259914334 
6749.292856450171 
6748.737624859694 
6748.752913824086 
6748.590672933155 
6748.342319792268 
6748.002736759205 
6747.457673449451 
6747.066188443897 
6747.060024878201 
6746.675980077124 
6747.268810172479 
6747.458306063222 
6747.114467323585 
6748.961615913628 
6749.019395266945 
6748.416161488425 
6748.959934644684 
6748.084302637693 
6748.436423441227 
6749.098065697302 
6749.064584583718 
6749.697484310319 
6750.132921594408 
6750.040022272003 
6750.602860041137 
6750.022751156686 
6750.034987036430 
6750.062243719123 
6750.030368174206 
6749.964495684942 
6749.964495684942 
6750.125016057621 
6750.739713532308 
6748.146888971429 
6748.149808742808 
6747.123868988373 
6748.002139281303 
6748.018899024694 
6748.252049723968 
6749.357675376290 
6749.299887596409 
6749.415432231832 
6749.140027725380 
6748.965146471868 
6748.850393803424 
6748.928534451007 
6748.567518511187 
6748.577036370081 
6747.957689917461 
6748.081737311940 
6747.822771107341 
6747.020623591810 
6746.913314465742 
6746.975533626156 
6746.847845713080 
6746.916293720786 
6746.916293720786 
6746.875002137056 
6746.875002137056 
6746.926481825640 
6746.527423085269 
6746.937202377383 
6747.469950032299 
6747.515760348952 
6747.509104802317 
6747.711339876676 
6747.346535098992 
6748.640450721947 
6748.678557865650 
6748.066501182914 
6748.051413261564 
6750.104847135596 
6749.911154432219 
6749.882592872006 
6749.527479264345 
6749.374992531300 
6749.351295901932 
6749.111524354282 
6748.751491807520 
6748.190508926079 
6748.241329829705 
6748.678815157269 
6748.661405048319 
6748.914542142980 
6748.410107482555 
6747.893384416043 
6747.315336898821 
6747.723306534664 
6747.595060905413 
6747.418229110132 
6747.132376691318 
6747.134642930097 
6747.031167276841 
6747.107371347483 
6747.135771691323 
6747.845765494552 
6747.893140651233 
6747.447506520169 
6747.335290279278 
6747.116295170796 
6746.928909033199 
6746.617417803854 
6746.535493497829 
6746.674053539086 
6748.499912903608 
6749.243526283801 
6749.560775481206 
6748.652166605236 
6748.378663200761 
6748.144827615628 
6748.985945683927 
6749.227341410799 
6749.298638875172 
6749.064519458051 
6748.037611818446 
6747.995985019125 
6747.756950810709 
6747.923230615533 
6747.923230615533 
6747.712582635011 
6747.612766389878 
6747.612766389878 
6747.514533827777 
6748.405182600809 
6748.720301397036 
6748.720301397036 
6748.801080059094 
6750.333365486579 
6751.075743291416 
6751.172103748424 
6751.270649218353 
6750.908612055563 
6751.340557370893 
6751.419169545552 
6751.027412271271 
6751.205779736802 
6751.553622294723 
6751.433778942186 
6751.615195220271 
6751.298834317515 
6751.426174867031 
6751.855013823429 
6751.057037259553 
6751.161380151180 
6750.370077665614 
6750.255472750553 
6749.765919276302 
6749.982698415664 
6749.574208441420 
6750.451083460413 
6750.621340544501 
6749.951181038467 
6750.463918678860 
6749.001551375873 
6748.782136316097 
6749.327541524124 
6748.346309978583 
6747.984494984313 
6749.331682206765 
6749.302304845867 
6750.174491862513 
6749.770401905836 
6749.410080339562 
6749.641226987565 
6749.851843374384 
6750.120373922391 
6748.947541470739 
6748.817154128566 
6748.874529818961 
6748.168520213921 
6747.970404872507 
6747.918184638787 
6747.710299383773 
6747.765886332891 
6748.069759829674 
6748.890880253533 
6748.885436985383 
6749.268762648444 
6748.881218689925 
6748.818734324637 
6748.495722799729 
6748.171826455969 
6748.171826455969 
6748.503844333542 
6748.228309033526 
6748.167974450021 
6748.176517809654 
6749.511278778621 
6749.496363159661 
6749.443265593709 
6748.634348777125 
6748.631539864338 
6748.340501515767 
6748.581111053874 
6748.668656043775 
6748.622196776737 
6748.576175489861 
6748.370054814563 
6747.801472100328 
6747.717868695620 
6747.823460361943 
6747.542916241781 
6748.057650561038 
6748.034845469753 
6748.084875166223 
6748.084875166223 
6748.084875166223 
6748.667170984992 
6748.733954358707 
6748.701525850880 
6749.701979786458 
6750.848332145838 
6749.977303802650 
6749.896058183368 
6749.486616151215 
6749.302594854933 
6748.927288711680 
6749.039465969823 
6749.623908393592 
6749.813287163507 
6749.524814504438 
6746.617495793556 
6746.920827500941 
6746.798671557152 
6747.712937137212 
6747.744606522209 
6748.280628390658 
6748.686622028290 
6748.876201583746 
6749.154184150182 
6749.200106791111 
6749.048699902985 
6749.048699902985 
6748.759275855805 
6749.201122027127 
6748.194118756773 
6746.126032425876 
6746.990556862163 
6747.465739659725 
6747.544004074947 
6747.345925692262 
6746.868061858368 
6746.637235690534 
6746.820358987318 
6746.409703636415 
6746.508527196145 
6746.560863205660 
6746.336542188860 
6746.815764768496 
6747.155525652689 
6748.979909159814 
6748.612153611258 
6749.085312095303 
6749.211760934993 
6748.414065244997 
6747.870070548621 
6747.787245043080 
6747.753890699048 
6747.273242249873 
6748.740410402962 
6748.695122903182 
6748.706936200007 
6748.534182765349 
6748.339383732148 
6748.370671980884 
6748.086659810848 
6747.947598280145 
6749.469418166360 
6748.408985644854 
6748.429214996980 
6747.718013447763 
6747.553498450528 
6747.098813165046 
6747.201261383981 
6747.851195065906 
6747.798308995651 
6747.885953094253 
6746.498056450753 
6746.494467404891 
6747.216058034084 
6747.299134915256 
6746.509071267219 
6747.143941103375 
6747.420867533938 
6746.683036856650 
6746.045818784683 
6746.215525067450 
6746.215525067450 
6746.100342928085 
6746.243603887119 
6746.336765611999 
6746.220922102863 
6747.809058814361 
6747.746709365799 
6747.606491243308 
6747.445236544567 
6747.384808793385 
6747.227998643937 
6747.425111583779 
6747.310448366839 
6746.460441831409 
6746.267000875258 
6746.220800708042 
6745.981151650125 
6745.557791252895 
6745.832603729707 
6745.979098500086 
6745.902787401124 
6746.379082299542 
6747.705078913758 
6747.959037207391 
6747.776645056322 
6747.819935294689 
6747.895568303376 
6748.476574153061 
6748.171332149578 
6748.321202892625 
6748.156923552252 
6747.681504401396 
6747.733290194289 
6748.220215257070 
6748.383295475115 
6748.439678653636 
6748.103952463260 
6748.020721618116 
6747.799990028415 
6747.842314667774 
6747.731376387058 
6747.675884090506 
6747.733159523084 
6748.379689363454 
6748.595598903376 
6748.847334018287 
6749.127562924888 
6748.882054118676 
6748.211287353420 
6748.593013595607 
6748.600322175717 
6748.451499780286 
6749.257149632735 
6749.007929105360 
6748.839696313318 
6749.126475638745 
6749.152024694175 
6749.237430795944 
6749.793170190490 
6749.653879703074 
6749.610667814307 
6749.585682665206 
6749.313250164868 
6750.268091352829 
6750.181887512457 
6751.739226714347 
6750.699839323303 
6750.388371977625 
6750.178167413760 
6750.272297275741 
6748.958222115238 
6749.027748717715 
6749.139242427076 
6748.800414404814 
6748.999937279413 
6748.567991138557 
6748.134630261328 
6747.952325257273 
6748.093587493570 
6748.816689609579 
6748.685919005670 
6748.685919005670 
6748.456430482824 
6748.473867081857 
6748.357407689205 
6748.430011409215 
6748.317927970159 
6748.351665098146 
6748.351665098146 
6747.532598395726 
6747.268553821540 
6747.353085264227 
6747.835687075164 
6747.763978973774 
6747.645717870704 
6746.386363151099 
6745.989910240992 
6746.933622643800 
6746.670930064613 
6746.792162208174 
6745.981671512610 
6745.860696709968 
6746.039621031965 
6746.542928228399 
6745.727039325001 
6745.751473217072 
6746.076273329627 
6746.938695278212 
6746.997113747667 
6747.169783912127 
6746.853991080682 
6747.178813303398 
6747.532505848139 
6746.722567939561 
6746.889664084402 
6747.016121767687 
6745.927893495879 
6746.277837441329 
6745.828602159936 
6746.022759156072 
6746.011793970898 
6745.864690015431 
6746.692050004240 
6746.692050004240 
6746.457699299778 
6746.937689954268 
6747.174493256263 
6747.281414080276 
6747.530744181045 
6747.775510493663 
6747.679193099721 
6747.735183679706 
6747.447027211050 
6747.432821230696 
6747.073871095116 
6746.359354901138 
6747.232095134270 
6747.459225167636 
6746.813574715327 
6746.594595588875 
6746.530954574696 
6747.029097625712 
6747.061697547329 
6747.154465459882 
6747.413408051060 
6747.419409488667 
6746.616179476533 
6746.918532447835 
6746.470650797612 
6746.188366801141 
6746.971615739004 
6747.125507042877 
6747.103541172829 
6747.048739931535 
6747.421570293339 
6747.541861094723 
6747.596410619134 
6747.035796286007 
6747.547404648405 
6748.296935107489 
6748.123800593902 
6748.061283159635 
6748.410918527189 
6748.451263417714 
6748.305697105513 
6749.286808068486 
6749.901849670867 
6749.729147333255 
6749.036544862017 
6749.033611183723 
6748.863947584374 
6747.961090835613 
6747.871127221045 
6748.259455721733 
6748.416912462348 
6748.162788202278 
6748.001653045298 
6747.718688626386 
6747.602181673699 
6747.449778552298 
6747.361839412507 
6747.291687733301 
6746.891984631075 
6746.812724955967 
6747.649037521910 
6747.994007933085 
6748.199741359641 
6748.297408304762 
6748.557676989593 
6748.509735744777 
6747.987844874383 
6747.991173740184 
6747.955219195543 
6748.179947013999 
6747.919188995905 
6748.604565212056 
6748.448199554477 
6748.703565220033 
6747.812377859133 
6747.450565194637 
6747.482509859336 
6748.146665202062 
6747.418104127052 
6748.238315673764 
6747.937849740483 
6747.519133754462 
6746.597108257851 
6744.502522629724 
6745.330200098004 
6744.932259942580 
6745.853751621217 
6744.341546715945 
6743.172594048569 
6743.445307121292 
6743.420523066359 
6742.300519029382 
6748.994582893004 
6748.260205516397 
6749.070700629867 
6748.356886556124 
6747.910526953280 
6748.057111216835 
6748.113770028481 
6749.302162297314 
6749.135125161505 
6749.384568053652 
6750.243561108674 
6750.067042157539 
6749.919955126346 
6750.123192502330 
6750.102721283918 
6749.734506858009 
6749.895410427160 
6749.760712408449 
6748.781212514521 
6749.034207395135 
6749.246133521261 
6748.563422968479 
6748.398001996273 
6748.533076712215 
6748.246302339117 
6748.305313655980 
6749.038073912167 
6749.447284935193 
6749.256329024383 
6749.349030954487 
6746.379286023438 
6745.729873400657 
6746.190461895686 
6745.587656171386 
6745.583195042454 
6745.695708604511 
6746.843729728516 
6746.032602651101 
6746.266406728515 
6745.230952105684 
6745.620512717002 
6745.651549999852 
6745.443208478825 
6745.984791347677 
6746.005379556997 
6746.005379556997 
6746.297467176907 
6746.895172916958 
6746.905170849255 
6747.204432131217 
6747.065623905986 
6746.263047170777 
6746.231048644424 
6746.865588155687 
6746.994550118008 
6747.010652837225 
6746.689379748651 
6745.841270182034 
6746.425661116490 
6746.248796864405 
6746.194664142978 
6746.018630801249 
6747.292913015455 
6747.549667890286 
6747.554307797212 
6747.537853788161 
6747.594414309554 
6747.681483196914 
6747.492217119247 
6747.452743199482 
6748.543560995076 
6748.562965564496 
6749.229028829981 
6749.205767369184 
6748.585731087046 
6748.837654038339 
6748.820835553561 
6749.238037172008 
6749.188496509115 
6749.417723765379 
6748.555623916338 
6748.715538767679 
6748.044585750255 
6747.482512013738 
6747.574063634253 
6748.092047515596 
6747.744431681260 
6748.457123259439 
6748.393034744216 
6748.468568158856 
6748.393768619450 
6748.981977716106 
6748.776087191090 
6748.830749549164 
6749.265799273787 
6749.153755273939 
6749.199578036528 
6748.435460865516 
6749.191793107037 
6749.122080691648 
6748.835168590220 
6748.941874839064 
6748.877004244474 
6749.144188794780 
6749.385361092977 
6749.653531493719 
6749.711341603816 
6749.384819895626 
6749.994631327594 
6749.341880669047 
6748.669923667654 
6748.297762360223 
6748.574656413586 
6749.066769160355 
6748.304436153182 
6748.043358602067 
6747.837177878811 
6748.634513475165 
6748.877281871150 
6748.909120762997 
6749.239401060727 
6749.490241187198 
6750.173088749859 
6750.418066382858 
6751.010654613846 
6749.476016864405 
6749.503071471132 
6749.501940539500 
6749.513010741808 
6749.318666274679 
6749.333111360595 
6749.558547849472 
6749.618841995016 
6749.679119868987 
6749.271863568728 
6749.796419515482 
6749.991344894699 
6750.504207332350 
6749.670608983062 
6749.670608983062 
6749.718870515191 
6750.036391889846 
6749.733340685001 
6749.757273352949 
6749.548591394468 
6749.521332634547 
6749.540040065884 
6749.540040065884 
6749.482410101230 
6749.534171768182 
6749.507777625628 
6749.553905030683 
6749.450846402625 
6749.601070956102 
6749.546872659349 
6749.708441357278 
6749.708441357278 
6749.336458368595 
6749.154512000054 
6749.204371337074 
6749.833379210582 
6749.587507869861 
6749.000460222203 
6749.111045746873 
6749.825259438485 
6749.854746259911 
6749.804670726699 
6749.648737599243 
6749.713969357136 
6749.919185365528 
6749.723320379102 
6749.951893499860 
6749.611895258583 
6750.540343200936 
6750.518843936817 
6750.668018896918 
6750.486964032099 
6750.171967558994 
6749.960026399976 
6749.917175518203 
6749.984847263258 
6750.247364086800 
6749.843868482752 
6750.070057590547 
6750.161228374820 
6750.044555282326 
6749.671613566491 
6750.615878075540 
6747.538663195917 
6747.362410503805 
6747.229532644185 
6747.232449616687 
6747.414407487750 
6747.434587786984 
6747.447805012744 
6747.429647306945 
6747.363683287012 
6747.318154232190 
6747.319017205080 
6747.024050183957 
6746.897942417607 
6747.543505657256 
6747.307596798571 
6747.281551964364 
6748.224096584071 
6748.596562854047 
6748.942049694339 
6748.173593149875 
6748.230904328822 
6748.926199228868 
6749.350247542077 
6749.153421069895 
6748.926918446155 
6747.336339046308 
6746.401587271838 
6746.816055295726 
6746.922928837381 
6747.948007044774 
6747.434090201468 
6747.403235203054 
6747.403235203054 
6747.367800014037 
6747.652590653475 
6747.113629839159 
6747.142472203728 
6747.436049375521 
6747.518180363581 
6747.549742724054 
6747.630690871909 
6747.465110893215 
6746.678978733173 
6746.753083828557 
6746.446765075875 
6746.446765075875 
6746.888218290835 
6746.771802589003 
6747.153098970538 
6746.896436147220 
6746.318162982717 
6746.999927529445 
6747.488577075052 
6747.476107209890 
6747.367742625362 
6746.875191846587 
6746.869754689745 
6746.873705461174 
6746.796764004649 
6746.796764004649 
6746.417770381609 
6746.597106077848 
6746.046043661708 
6746.012189457556 
6746.416374938062 
6746.160840664624 
6747.287605462129 
6746.791121416161 
6747.609738753768 
6747.609738753768 
6747.605054065815 
6747.603496582811 
6747.603496582811 
6747.730407249029 
6748.629647191763 
6748.630304757890 
6749.179530318531 
6749.858841545776 
6749.655349442396 
6750.017356570864 
6749.605433039917 
6749.296020435695 
6749.350264576747 
6749.752313361986 
6749.571747132612 
6749.651224547932 
6749.234367596861 
6749.066742382417 
6748.949555215569 
6749.316453246937 
6749.521201549173 
6749.138475535067 
6749.342635852306 
6749.692193699269 
6746.928452958921 
6745.617973330794 
6745.493570081235 
6746.830590322711 
6746.722649850149 
6747.824556740427 
6747.647208403982 
6747.454342572273 
6747.285639258065 
6747.224688536166 
6747.219407559784 
6747.797267011101 
6748.181195938359 
6748.306032606632 
6749.248559923913 
6749.457918831245 
6749.560836673072 
6749.703829149896 
6750.464447178980 
6749.999060721043 
6750.657676957168 
6750.481680376209 
6750.123338151917 
6749.955661244732 
6749.502186949368 
6749.667641405032 
6749.919194695780 
6750.114602833203 
6750.716965125876 
6750.968329976580 
6750.855378078823 
6749.414534824094 
6749.889211693658 
6749.651426776853 
6749.541860382071 
6748.957855956524 
6746.784415874004 
6747.585116672262 
6747.270967244419 
6748.308001790506 
6748.435424886284 
6748.450192581600 
6748.427789022106 
6748.427789022106 
6748.412317860209 
6748.143352767251 
6748.738401521096 
6748.731241485058 
6748.809056388964 
6748.810139408207 
6749.762254872430 
6749.896122636671 
6749.875973482543 
6749.723500359475 
6749.527708854925 
6749.373536517720 
6749.850526839791 
6750.059391824254 
6750.586659091354 
6750.943261310503 
6751.258928120088 
6751.992355433636 
6751.385487696280 
6751.693710434324 
6750.867012277385 
6750.884796147087 
6751.001105041241 
6751.691522592575 
6751.721141606859 
6751.168881193509 
6751.079952652313 
6750.364367981657 
6748.963327322939 
6748.988829214055 
6748.755459007356 
6750.165374589070 
6750.189028897947 
6750.363730399023 
6748.897661399024 
6750.654019172221 
6750.967970142104 
6750.499912099679 
6749.926862264954 
6750.193449707322 
6750.828366158490 
6750.776004923377 
6750.562392247349 
6749.427386316112 
6749.711891523270 
6749.657604136844 
6749.537138033839 
6750.174920164012 
6749.827537896834 
6750.275197607868 
6749.755537989102 
6749.647779905448 
6751.168746945880 
6750.319809664016 
6750.589570144342 
6749.850473652799 
6750.142316323407 
6750.026661255051 
6749.872189842562 
6749.483479857785 
6749.522409398113 
6749.730499980920 
6749.943838930524 
6749.649257005478 
6749.812135670094 
6749.733243824792 
6749.564539897732 
6749.919609901802 
6749.897035142366 
6749.816507903784 
6749.118910115243 
6748.870990001291 
6749.094766638304 
6749.596075360074 
6748.890762373220 
6748.860468208914 
6748.758448267144 
6748.934970042191 
6748.883619192357 
6748.723630740962 
6748.990621899730 
6749.175132118003 
6749.181370045561 
6749.115587098418 
6748.960975404158 
6749.872728628633 
6750.221197374192 
6750.298217992167 
6750.128998579703 
6749.285023949227 
6749.288442881367 
6750.187702644971 
6748.129583498708 
6747.806512099867 
6747.399698872092 
6746.103399067913 
6745.912981350476 
6745.602038455859 
6745.311505580908 
6745.855841332119 
6746.036460750151 
6745.746152147196 
6746.114419911677 
6746.201653888325 
6745.874423803731 
6746.078086267693 
6746.250634606201 
6746.286708470810 
6745.466766255781 
6746.014695765123 
6746.008670257525 
6745.794536433045 
6746.425832351469 
6745.841059600176 
6745.761086168086 
6746.209486302817 
6745.944993827344 
6746.164708194755 
6746.000442883218 
6745.542857397332 
6745.074341766197 
6745.161494700871 
6746.504310857666 
6747.512570979375 
6746.955442455221 
6747.311832973613 
6746.287770712484 
6747.437228669093 
6748.395627290778 
6748.408092066741 
6748.374870794092 
6748.044343212217 
6748.080059729249 
6748.162273877791 
6748.142178021222 
6748.709805556859 
6748.072103816422 
6747.844420493023 
6748.103485813673 
6748.123551839562 
6748.263249933836 
6748.288851626335 
6748.056500683825 
6748.218858388306 
6746.705545207191 
6747.537505098201 
6747.387421590876 
6747.409417845276 
6747.315940900034 
6747.280214392703 
6747.280995220711 
6747.347677341087 
6748.100689308490 
6747.676767712269 
6747.580884087314 
6747.539095201691 
6747.221382535207 
6747.119051411854 
6746.854157049224 
6747.040038378534 
6747.682183003367 
6746.896005253481 
6746.806366260098 
6746.726983747327 
6746.173286977758 
6746.594004642337 
6747.836434235434 
6747.676606192344 
6747.796520670275 
6747.505218983544 
6747.542965790601 
6747.654411572546 
6747.654411572546 
6747.581886800494 
6747.381482048506 
6747.583760048455 
6747.297902954488 
6747.828117874696 
6748.086248586031 
6748.076056017786 
6749.338714899586 
6749.199218917293 
6748.942800362974 
6749.090552263713 
6749.837319159044 
6749.332947711645 
6749.332947711645 
6749.401020724526 
6749.789681023248 
6749.740175174225 
6748.888358636532 
6748.621801968445 
6747.958474660410 
6748.201143731305 
6747.989832725655 
6748.120027483471 
6747.903280525094 
6747.700406031881 
6747.718206391554 
6747.737979950389 
6747.020602550447 
6746.948327673883 
6746.954604243302 
6746.896056314765 
6746.896056314765 
6746.908157151776 
6747.125406535910 
6747.287950293586 
6747.396423832596 
6747.318739980759 
6747.413005839787 
6747.513893055594 
6747.352072014377 
6747.639416009730 
6748.167532114264 
6747.917439578526 
6748.441674410618 
6748.187932106950 
6748.937423032726 
6748.553371740689 
6748.831446701115 
6748.997505052666 
6748.612473410723 
6748.633199502318 
6748.458739942655 
6748.604415630453 
6748.482942606814 
6748.491592750310 
6748.899316204259 
6749.145311060441 
6750.046535262170 
6749.081154756640 
6749.207402504997 
6748.984605742846 
6749.375376306368 
6748.975546347932 
6748.824872242747 
6749.216095599865 
6749.518109271698 
6749.946934934622 
6749.478232509177 
6751.162208215375 
6752.101272044094 
6751.552925917346 
6751.628292516681 
6751.322816730544 
6751.183374823769 
6751.415023895167 
6751.829675316673 
6750.926937300377 
6751.644283883316 
6751.902939346718 
6753.291060085469 
6751.672096258844 
6751.713530469608 
6750.624229291088 
6750.182020024483 
6750.111665428883 
6749.777552587217 
6749.533457024007 
6749.980509601872 
6750.379223473467 
6749.693896679039 
6750.573078955380 
6750.349562657952 
6749.316859283515 
6749.036431911290 
6749.481254997673 
6748.930230066758 
6748.892190631726 
6748.961220692448 
6749.901713228470 
6749.858492300756 
6749.394864321485 
6749.454151328535 
6749.671551556738 
6749.875882621828 
6749.262463938187 
6748.396253770125 
6747.658268584851 
6747.272444353443 
6747.102114870210 
6747.365304757581 
6747.562584616166 
6747.997668270797 
6748.942687297328 
6748.612139185493 
6749.117918306224 
6750.565089510756 
6750.967574487846 
6751.782482163514 
6750.008594242314 
6750.334759911028 
6750.088685482049 
6749.940459082218 
6750.734034479965 
6750.323687266189 
6750.597236480608 
6750.123897054700 
6748.088588653776 
6748.629931871126 
6747.907606852010 
6747.493834379537 
6747.675175820324 
6747.597946781801 
6746.365852413790 
6746.535924666865 
6746.769845005715 
6747.048960381318 
6747.161356089438 
6747.053073595036 
6747.406283742995 
6747.737149209923 
6748.164137786142 
6748.363248704303 
6747.722531992154 
6747.756304089319 
6747.896176011446 
6747.798189597151 
6747.868954771995 
6748.017119204831 
6747.367985010155 
6748.290662326170 
6748.072534808804 
6748.010835700904 
6747.566546634354 
6747.248307254048 
6747.214266535902 
6747.710294952939 
6747.527717365439 
6747.495190544932 
6747.570766022789 
6747.270366125790 
6747.281049244323 
6747.359622083785 
6747.352855209272 
6747.338340221065 
6747.328860269513 
6747.405850805838 
6747.312908022745 
6747.372332747226 
6747.372332747226 
6747.372332747226 
6747.372332747226 
6747.372332747226 
6747.372332747226 
6747.595101689453 
6747.466739853242 
6746.704718207900 
6746.134149527807 
6745.669288883864 
6746.647124214021 
6747.368457916432 
6747.710462030802 
6747.357821605488 
6748.131252022450 
6748.994364772499 
6748.827720300675 
6749.243808088648 
6749.380189111934 
6748.221148687678 
6749.085571049453 
6749.034604670436 
6748.921014284336 
6749.498090858865 
6748.954405885402 
6748.501689151241 
6748.376794468953 
6747.782734105283 
6748.444084848194 
6748.097317140064 
6748.998686476521 
6748.696595184073 
6748.288662511508 
6748.480059120046 
6748.470245010594 
6748.407507014324 
6748.417643170013 
6747.788525738923 
6747.375802338916 
6747.804209394738 
6748.063948007604 
6747.918039986825 
6745.993571812740 
6746.251461732639 
6746.244085292978 
6746.896056224229 
6747.307769470831 
6748.114659484087 
6747.709587175057 
6748.832729130143 
6749.018065573203 
6749.288834633407 
6749.315916107719 
6749.083192415334 
6749.311425419657 
6749.054170530780 
6748.816824839315 
6748.304679235672 
6748.233123735442 
6748.347798093200 
6748.389994990745 
6748.410771319398 
6748.499861270149 
6748.499861270149 
6748.640232307148 
6748.695371135658 
6748.695371135658 
6748.850013195921 
6748.561092711371 
6748.418039026014 
6748.394369797767 
6748.625918293604 
6750.677179966640 
6750.887999040583 
6750.676632815489 
6750.516505789638 
6751.090426230523 
6750.704291538204 
6751.731087965336 
6751.334582618880 
6751.065443917668 
6751.360753952260 
6750.978156054409 
6751.256305283668 
6750.679462592422 
6745.795379862828 
6746.021771158130 
6746.322081508854 
6746.975072033545 
6748.626135474305 
6748.701182714761 
6748.843789212092 
6747.737272810740 
6749.660439705876 
6749.666538856633 
6750.302884617884 
6749.143695131425 
6749.143695131425 
6749.081858969723 
6748.863929885944 
6749.029704541274 
6749.195830436661 
6748.614813329438 
6748.503586361964 
6748.389943302738 
6748.024656424395 
6747.957482171220 
6748.107994419581 
6748.568313690123 
6748.171742072125 
6748.170097539901 
6747.704635351344 
6747.604436072180 
6747.586317647500 
6747.586317647500 
6747.863158246838 
6747.829036483731 
6747.481834932242 
6747.274638492946 
6747.786900042297 
6747.730061488023 
6747.950295123339 
6747.940368087081 
6748.193726982584 
6748.058717839663 
6747.009193733207 
6747.121410443140 
6746.750220079629 
6746.740253146077 
6747.010943868720 
6747.082463902458 
6747.148670722313 
6747.215372919411 
6747.132226929722 
6746.950073895317 
6747.135246328689 
6747.001854458680 
6746.990042212197 
6746.990042212197 
6746.188344843074 
6747.161282698892 
6747.191249348974 
6746.621973858390 
6746.994937717259 
6745.840471691137 
6746.206095622576 
6746.344822209477 
6746.514887387965 
6746.874159669918 
6746.805126682268 
6747.355080573195 
6747.406316822966 
6747.092726334590 
6747.134106941686 
6746.976756164622 
6746.996733533018 
6746.878453562723 
6747.120602741833 
6747.072251881660 
6747.073549375541 
6747.840286774746 
6747.715156344972 
6748.654373809545 
6748.659018375791 
6748.590947770603 
6748.577711990150 
6748.582303257967 
6748.456953361577 
6748.117768127320 
6749.309094947882 
6749.314264115995 
6749.689321367770 
6749.359165692144 
6749.186793055658 
6749.155163646622 
6747.959707655758 
6747.655781508262 
6747.565118611469 
6747.029155458140 
6748.543222004071 
6748.516109969479 
6748.821566687383 
6748.821566687383 
6748.866093155223 
6748.715106692352 
6749.099850935787 
6749.068201756177 
6748.854738629148 
6748.736289160371 
6748.912490575600 
6749.139102926118 
6748.227887465976 
6748.628379522313 
6749.728023816679 
6749.711407594487 
6750.091821191708 
6747.234197140244 
6747.414621913312 
6747.859863199439 
6747.858144826431 
6747.861017936145 
6747.851788217309 
6746.752547436765 
6746.326850415305 
6746.317033860348 
6745.687269978478 
6745.722552251166 
6745.648078387976 
6744.698583264979 
6745.417914697263 
6745.392426502057 
6744.903317321064 
6744.376108865703 
6744.316438942330 
6745.308495640174 
6746.937188532052 
6746.940498127520 
6745.924596740018 
6747.036056248181 
6746.627916195728 
6746.712463900470 
6746.718693157878 
6746.741627282524 
6746.957956301422 
6747.452699574827 
6746.914536154171 
6746.735696484960 
6747.368677532846 
6747.530877595751 
6747.691704176628 
6747.796596894475 
6748.052713861081 
6746.564847132774 
6745.907256320277 
6747.399629509468 
6747.417006807787 
6747.539286034759 
6747.462327949610 
6746.983841152959 
6746.907693044641 
6746.907693044641 
6747.124352689100 
6746.737463157101 
6747.448778444249 
6747.726261029352 
6748.388548660971 
6747.425580680619 
6747.303653393868 
6747.356484431220 
6747.345212747002 
6747.651969945876 
6747.473950371907 
6748.703704050868 
6749.226621983088 
6748.071640615674 
6748.100466492719 
6748.054789880583 
6748.098734708120 
6748.522111328378 
6748.713063824362 
6749.645287615415 
6750.005438079183 
6749.763568622070 
6750.165621626995 
6749.785389382792 
6749.343405074354 
6749.462396317092 
6749.441910348103 
6749.020180645166 
6749.051939009792 
6748.843987530508 
6749.177400943007 
6749.567067501873 
6746.906535397026 
6746.731937679243 
6747.016711166789 
6747.232535443172 
6747.242443190070 
6747.227387409842 
6747.227387409842 
6747.498293902815 
6747.693004930304 
6747.802988595908 
6747.204165408933 
6747.551597118435 
6748.122526602101 
6748.001416181253 
6747.608969382290 
6747.971089502622 
6748.097994518739 
6748.176945311206 
6748.176945311206 
6747.939138862716 
6747.969273039497 
6748.083858518840 
6748.124478588127 
6747.936466822383 
6748.273202550732 
6748.184775673918 
6748.146802371468 
6748.188456046160 
6748.241113843917 
6748.161176544243 
6748.380978764353 
6748.524215293959 
6748.514356091000 
6749.744090455809 
6749.699284714036 
6749.701766454012 
6749.213904206897 
6749.631162885186 
6749.656653222923 
6749.769142279926 
6749.993817831196 
6750.484598277447 
6750.132002647518 
6750.060070686661 
6749.217777736334 
6749.935618545220 
6749.519572834079 
6748.395647617933 
6748.382290044181 
6748.950438558287 
6749.365010336479 
6749.035391603335 
6748.547309739719 
6748.069694098764 
6747.522738918782 
6747.686999111801 
6747.667661344847 
6747.670145200566 
6748.441297857261 
6749.198341163251 
6749.963839333382 
6750.075980414210 
6749.871259926258 
6749.748250892311 
6749.558750643668 
6749.641581704897 
6749.799588051889 
6750.327091023551 
6749.152617141582 
6748.893672165475 
6748.764393186028 
6748.321773730401 
6748.489568574601 
6748.592606643295 
6747.908966113083 
6748.097456682616 
6748.260781964375 
6748.080548647572 
6748.682778270679 
6748.141802647821 
6747.660197792445 
6746.398263332422 
6746.825109906855 
6746.679072401506 
6746.358706911486 
6745.899313170302 
6745.359399279812 
6746.312185357074 
6746.521011641734 
6746.965141844742 
6748.714998354236 
6747.136591457461 
6747.467579805597 
6748.081385337010 
6747.323384984228 
6747.244723992387 
6747.204538526139 
6747.789419514021 
6747.961483075776 
6747.003072602322 
6747.485266783950 
6747.219977998971 
6747.564353005386 
6747.710152320071 
6747.516270052743 
6747.647902360929 
6747.499137057853 
6747.302446668733 
6746.600525061513 
6746.482079508586 
6746.355390986299 
6746.255258586018 
6746.342472040936 
6745.442582571814 
6745.368193895205 
6745.573735197619 
6745.078992695629 
6745.615713149611 
6746.615105836843 
6746.170343737274 
6746.170343737274 
6745.654088770703 
6745.969041635019 
6745.329642678746 
6744.927799924761 
6745.634704300536 
6745.743698257105 
6746.231392050438 
6745.594284271105 
6745.594284271105 
6745.747294902863 
6746.031655237933 
6745.369929219576 
6746.068804886985 
6746.208373792291 
6746.214131699919 
6745.874631403496 
6746.810235056677 
6747.088394860206 
6746.885724947532 
6746.927166919313 
6746.894026306244 
6746.846113118137 
6747.067557734644 
6747.388962568538 
6747.600337279906 
6747.137899778527 
6747.037428669573 
6747.006731063118 
6747.338604493793 
6746.410972989655 
6746.386181415686 
6746.234622404427 
6746.174772103774 
6745.335576505256 
6745.102154864140 
6744.793381158196 
6745.013084324333 
6744.785537779302 
6744.907312671310 
6744.907312671310 
6746.162465686822 
6746.536298221785 
6746.407617796165 
6746.688058646847 
6746.352379301222 
6745.761828517316 
6746.328554648119 
6745.676849205884 
6744.605019711773 
6744.154115269730 
6744.110595738297 
6743.817343386543 
6743.825031430286 
6742.646493151429 
6742.186179384640 
6742.481514731870 
6742.574096021388 
6742.502164865849 
6743.121420383199 
6744.862122485403 
6744.608240614785 
6743.417454140123 
6743.417454140123 
6744.066513894474 
6745.034071923281 
6744.788166019225 
6744.623480306514 
6748.772681506063 
6748.804564707099 
6749.270617686977 
6750.170657194251 
6750.099746314681 
6750.490411815459 
6750.177342329768 
6749.971150417196 
6749.931145915577 
6750.286242553164 
6749.439684322339 
6748.948926649897 
6748.965012998900 
6748.969575847877 
6748.781461666496 
6748.939189139069 
6748.881938492176 
6748.679203219495 
6748.726028759213 
6748.436329671331 
6748.109172278374 
6748.185316001348 
6749.040709860613 
6749.752499913908 
6749.428636313999 
6749.842736945916 
6749.511088799948 
6749.591317363175 
6749.587273306690 
6748.859544912696 
6748.842441821815 
6748.772236757915 
6748.351670364280 
6748.231793917627 
6747.948335184979 
6746.924689040316 
6747.390889411930 
6747.886764151028 
6747.681704695891 
6747.086006773367 
6746.857430394268 
6747.066587810181 
6747.075978033822 
6746.620529914683 
6747.303237370278 
6747.561157707809 
6747.899137866600 
6747.531404115967 
6747.567042682509 
6748.178817879808 
6748.396051691762 
6747.547421209847 
6747.528655901009 
6747.541757473995 
6747.139154573719 
6747.101818678939 
6747.206470398998 
6746.687969830758 
6748.436963377116 
6747.386124770459 
6747.175080786772 
6747.056164295488 
6747.141693138426 
6747.102245068386 
6747.058378071702 
6746.264944244575 
6744.690921132745 
6744.192850061032 
6743.801572478563 
6745.672792140595 
6744.645616993086 
6744.052738019168 
6743.453816738126 
6746.142792412078 
6745.748772968016 
6746.926351452487 
6746.505057639082 
6746.444128929952 
6745.732811273981 
6744.553192105173 
6744.641911675281 
6745.764439783988 
6747.150601499352 
6747.397386700438 
6748.622952750839 
6748.760770317930 
6747.861305650388 
6748.609617670791 
6748.237316124425 
6748.946977369487 
6748.965628063349 
6748.228115122573 
6748.088282822970 
6747.689380655445 
6746.592946671404 
6747.665777691986 
6748.136805185623 
6747.726394366516 
6747.033140543856 
6747.014950178045 
6747.339235712678 
6747.167096983264 
6747.111456869755 
6746.934464313384 
6747.861933896974 
6747.996786335048 
6747.489300216956 
6747.372820826656 
6747.598515321391 
6747.806895900241 
6747.897037966153 
6747.861213095766 
6747.862306270753 
6747.818739119022 
6747.852837394798 
6748.760784994905 
6748.469956159377 
6748.518932825543 
6748.509874801295 
6748.505186464231 
6748.397659475127 
6748.647238689578 
6748.574506067541 
6748.507205426342 
6748.469435460451 
6748.514713152807 
6748.612390411087 
6749.567788982405 
6749.249401213190 
6750.177768148847 
6750.499595134456 
6749.878832644337 
6749.469361919764 
6749.323639330442 
6749.507722885995 
6749.911162993279 
6750.296305518032 
6750.182653481696 
6749.258813465509 
6749.195994291321 
6748.975568678749 
6748.975568678749 
6748.634288903510 
6749.102526912672 
6748.837624751431 
6748.934722460586 
6749.127267151826 
6749.610199512651 
6749.424496372783 
6749.334645752680 
6749.490562578689 
6749.702410762252 
6750.016578569659 
6750.016578569659 
6749.937013652937 
6749.843854031285 
6750.148268079868 
6749.702487544264 
6749.726856420685 
6749.861438786986 
6750.060105263996 
6750.060105263996 
6749.868236315257 
6749.905687147460 
6749.929433676236 
6749.648316993263 
6749.924909532159 
6749.745201439951 
6750.319315048829 
6749.625002290544 
6751.272906998850 
6750.287852173838 
6750.158489638561 
6749.675884662045 
6750.030298484348 
6749.650706066392 
6749.395797411936 
6749.380653746315 
6749.349889325146 
6749.111968172080 
6749.994113605268 
6751.387799095124 
6750.509641861099 
6751.795280185649 
6751.480821587673 
6751.822191295630 
6752.329020782655 
6752.729915777970 
6751.388111063927 
6750.730709241759 
6751.274352099143 
6750.778993737502 
6750.585332141515 
6751.400392501868 
6750.461321864093 
6750.452737136393 
6750.346681522481 
6750.334636676808 
6750.510414578327 
6749.173803080978 
6749.711935079556 
6749.197868048402 
6748.879297920353 
6748.643302487332 
6748.693632812301 
6748.731718094800 
6749.083235615424 
6748.056224787912 
6748.084975555235 
6748.638638857852 
6748.113491468936 
6747.603610065913 
6747.561749490050 
6746.929166335276 
6747.419525762134 
6747.260393029615 
6747.276655997275 
6747.306411615233 
6747.015515906457 
6747.074115589951 
6746.965971207937 
6746.951217075417 
6747.475518506258 
6747.825481816870 
6748.026874052682 
6748.392214773423 
6747.931502553450 
6747.931502553450 
6747.754043997257 
6747.181643039451 
6747.371691239054 
6747.301333746050 
6747.116215357800 
6747.539080975353 
6747.991737481299 
6747.738452747772 
6746.967684594353 
6746.827188303836 
6747.432643802495 
6747.336574356606 
6747.789693081116 
6747.766358955788 
6747.401488886318 
6746.518483997743 
6746.285609260914 
6746.371918165901 
6746.941388642149 
6746.296081232072 
6746.963222672583 
6747.904753052037 
6747.914651779289 
6747.831227034580 
6747.153298436465 
6746.765169506144 
6747.094838691771 
6747.395854964295 
6747.614971692530 
6748.871542149874 
6749.333367283719 
6749.034987656365 
6749.248559615527 
6747.169749984465 
6746.830487433949 
6746.292032703063 
6746.345445803130 
6746.345445803130 
6745.974860669419 
6745.847468074027 
6746.281261800958 
6746.227975306730 
6746.320226594734 
6746.665583317234 
6746.989214306059 
6747.474535634667 
6746.474416144725 
6746.500462374257 
6746.687826094289 
6746.647964539904 
6743.447884481475 
6744.704719754347 
6744.366099307654 
6744.223795048473 
6746.083366078233 
6746.447149148313 
6746.611636018381 
6746.979358700274 
6747.777832487040 
6747.387244713744 
6747.394899235420 
6747.028384927592 
6747.558926211051 
6748.035878383078 
6748.396955655500 
6748.028329316688 
6748.291447610231 
6748.773778286283 
6748.781603358318 
6747.957599183028 
6748.408507259915 
6747.484177088234 
6747.174547300989 
6747.513868862275 
6747.883561005259 
6748.029380902754 
6747.096836730138 
6747.124194830961 
6747.282253115007 
6747.232808655378 
6748.281179422184 
6747.977944618909 
6747.525349837725 
6745.755227167629 
6745.013546535875 
6745.116203886198 
6744.398600688370 
6744.841950161594 
6745.254823984529 
6744.313929772708 
6744.866475908583 
6744.644903909219 
6744.002034498807 
6744.558524758825 
6744.156857959316 
6744.556523300230 
6745.135856675485 
6745.299715194574 
6745.193111454403 
6745.372828844706 
6745.372828844706 
6746.011766803669 
6745.526599042384 
6745.631318999053 
6746.172026838028 
6745.789200514007 
6746.836436506674 
6746.965175356251 
6746.502469141744 
6746.273951234731 
6746.794458797013 
6746.926054653847 
6746.340475341898 
6746.425165461439 
6746.357591737018 
6746.080082936845 
6746.746779437774 
6746.655361981587 
6746.041936067563 
6746.416477345378 
6746.228148435683 
6746.176338264509 
6746.109697425583 
6746.181094935505 
6746.040328867360 
6745.381507637183 
6745.758199548609 
6745.243093779158 
6745.041233682660 
6744.380216394071 
6745.502332834538 
6745.659669753776 
6745.702014294101 
6745.465452656645 
6745.527658193846 
6747.409322718951 
6747.768707309615 
6748.123041466813 
6748.548730551146 
6747.917854239672 
6747.858663339713 
6747.923570963462 
6748.090049499853 
6747.487587392340 
6747.357656433379 
6747.870937799824 
6749.748272030780 
6749.393033732611 
6748.719877027374 
6749.169715405787 
6748.641575981183 
6747.571352823216 
6747.791956505373 
6747.540530271584 
6747.530731725832 
6747.217427532136 
6746.796757496669 
6747.077165771549 
6746.221990161724 
6748.601826209484 
6748.262599550882 
6748.221938098814 
6748.340488926518 
6748.260534195307 
6748.334026278938 
6748.253941457489 
6748.026322385373 
6747.531624247989 
6747.323241210179 
6747.455862524530 
6747.512268229889 
6747.512268229889 
6747.628498330301 
6747.741471556599 
6747.629967281864 
6747.629967281864 
6748.371015029604 
6748.960595432539 
6749.013582084490 
6748.932367228608 
6748.996140630828 
6748.918314516450 
6748.573168778570 
6748.559722647414 
6749.440533992275 
6748.978692234117 
6748.964664017904 
6749.195791994624 
6749.277514541900 
6749.827197245742 
6749.586420306193 
6749.568755651732 
6749.579791061546 
6750.407450929710 
6750.416076828643 
6750.362176446132 
6749.765655222417 
6750.172147309720 
6750.255960154482 
6749.955632929006 
6749.740146429012 
6750.285519177375 
6749.984306279198 
6750.025588385261 
6749.805067526273 
6749.301068621741 
6748.693125717125 
6748.956766773956 
6748.968131082504 
6749.588252044450 
6749.681742343409 
6750.035818601659 
6749.826915804895 
6749.780608997956 
6749.653342026792 
6749.037789649431 
6749.612417058186 
6748.944573797447 
6748.794930790214 
6748.888008305654 
6748.757254611352 
6748.686322124923 
6748.693822661201 
6748.693822661201 
6748.656992156933 
6748.704197009151 
6748.639274681189 
6748.533670965887 
6748.470673410868 
6748.261891041800 
6747.477218192348 
6747.509728601379 
6747.284766087936 
6746.939302079050 
6747.374811259624 
6747.418322757158 
6747.131651280219 
6747.854630144081 
6747.727853780275 
6747.662198147078 
6747.751870272916 
6747.772857860062 
6748.338419670927 
6748.154287786308 
6748.239847112973 
6749.190943383664 
6747.884839410533 
6747.748723577799 
6747.880254749757 
6747.323762660074 
6747.103473199969 
6746.926143162955 
6746.686680063027 
6747.509690586174 
6748.111538848551 
6748.111538848551 
6749.120590176552 
6749.848665848847 
6749.394903572760 
6749.002764147632 
6749.193649934750 
6749.462971841486 
6750.340181113517 
6749.962047628760 
6749.481825881012 
6749.788398969416 
6750.876270617674 
6750.806444685117 
6749.607538182431 
6749.273048079187 
6750.423921174436 
6750.514407103003 
6750.284702868512 
6750.443250314876 
6749.735870521953 
6748.729201557663 
6748.628707911349 
6749.130526568134 
6748.923142114864 
6749.018846370332 
6749.093924308622 
6749.086070911063 
6749.400327183319 
6749.223682714483 
6749.017916866361 
6748.445623085931 
6748.745800976581 
6749.022696600300 
6749.154353537086 
6748.854866441321 
6748.376738227374 
6748.997696923810 
6748.316483850232 
6747.791781678258 
6747.073189347273 
6747.239802759222 
6747.484830292156 
6747.810061053944 
6747.980840790816 
6747.817006918569 
6747.871224141545 
6748.137780653554 
6748.422887902244 
6748.151672891459 
6747.996590123627 
6748.011344750611 
6748.344106965278 
6748.230768732436 
6748.060049811641 
6747.665629282559 
6747.735507023843 
6747.493060813317 
6747.277799977598 
6746.945209330760 
6747.264068386020 
6747.714737127746 
6747.507062236435 
6749.041827064314 
6749.774912458532 
6749.665862022763 
6749.665862022763 
6749.611775906051 
6748.803764858577 
6748.705326070694 
6748.967617866369 
6751.269700385051 
6750.911895130178 
6751.555146680526 
6750.980732819963 
6751.743833300018 
6750.386997250534 
6750.114431614416 
6748.794305337374 
6748.651123064856 
6748.386547869791 
6747.942367199643 
6745.983211979662 
6746.205164066169 
6746.893265845189 
6747.436049031035 
6747.878229789527 
6747.881466814067 
6746.940790634593 
6746.452927195821 
6746.106844951226 
6746.146396297379 
6745.526321560304 
6745.011444785931 
6746.168041912611 
6746.138045962073 
6745.714658045476 
6746.264484419524 
6746.199449587107 
6745.594492139980 
6746.522845148638 
6745.918108803417 
6746.032349436050 
6746.047744319436 
6745.662862722218 
6745.846681318570 
6745.461518861499 
6746.695350416398 
6746.809113501284 
6747.237924471066 
6746.651050415408 
6746.918135075067 
6746.267596183705 
6746.137914695181 
6745.470226980005 
6747.218940520974 
6747.319443259599 
6747.012315049792 
6746.934540373226 
6747.397695570865 
6747.113434166147 
6747.393049719951 
6747.594763999988 
6747.253726626813 
6746.739269478281 
6746.991013350353 
6747.422623662694 
6747.607121689798 
6747.633035591885 
6748.172420598350 
6747.813951733649 
6747.902192696871 
6747.699463712484 
6748.099911483697 
6747.975240042453 
6747.897989475110 
6747.950594137757 
6748.121395041220 
6748.141694586880 
6747.988960245243 
6747.988960245243 
6749.178959549487 
6749.771314328445 
6749.495945655741 
6749.708232539932 
6749.689980464842 
6750.190796016528 
6750.271466364114 
6750.070327513378 
6750.213234153151 
6749.654306351709 
6749.736585130977 
6749.875696174613 
6749.875910424795 
6749.761097576930 
6749.291600393834 
6748.614676831503 
6748.462011240808 
6748.469562466174 
6748.873686925216 
6748.638940292325 
6748.519762888547 
6748.598947620976 
6749.636408313146 
6749.449406060512 
6749.673722475326 
6749.673722475326 
6749.504805037642 
6749.585297442093 
6749.334692682862 
6747.669623688307 
6747.626834535099 
6746.750278807656 
6747.465499512014 
6747.358931562744 
6747.888295253458 
6748.109234435330 
6747.961549303929 
6748.823902019559 
6748.479673023528 
6748.049558307609 
6748.143557106542 
6748.143557106542 
6748.252914189522 
6747.782778191043 
6747.557716032477 
6747.721446328440 
6748.062652114935 
6748.041744591806 
6747.822182327833 
6747.768942841868 
6747.335697244514 
6747.186762441867 
6748.181571502704 
6748.161679185180 
6747.810463653713 
6748.267066465334 
6748.530541670993 
6748.354425968217 
6748.656780161135 
6748.534720607748 
6748.582726187950 
6748.518085232420 
6748.518085232420 
6748.492802939271 
6748.564647233634 
6748.630036720209 
6748.799175822781 
6748.764376562049 
6748.430419293660 
6747.823462737842 
6747.889494713062 
6747.437383407670 
6747.733522306989 
6747.743890069012 
6747.411673940134 
6747.666740924985 
6747.125375814184 
6747.134769127194 
6747.091212500389 
6747.225298248850 
6747.624341368314 
6747.714898313755 
6747.888126061212 
6747.209351669568 
6746.981649602671 
6746.972011486018 
6747.292664897323 
6747.709630231770 
6747.635385121675 
6748.022593161016 
6747.951206748955 
6748.034792058518 
6747.702558641983 
6748.211557036023 
6747.849202075195 
6746.874798944343 
6746.452463936705 
6746.452463936705 
6746.585875223821 
6746.842787474814 
6746.812397958587 
6747.183621578632 
6747.522857852669 
6748.598103309473 
6748.211428152848 
6747.807404087004 
6747.901154122822 
6748.225736027348 
6748.305839353467 
6748.254925722463 
6747.673340566240 
6746.042293401876 
6745.632563804205 
6745.492702780067 
6745.492702780067 
6745.302407534333 
6745.302407534333 
6745.691614377361 
6746.165577341969 
6745.725564861569 
6745.494254053670 
6745.743406205077 
6745.800389539148 
6747.340845592577 
6746.913942616526 
6747.245750016424 
6747.065883375031 
6747.856657221181 
6747.831880334526 
6749.020019066571 
6748.774254975324 
6749.573694168333 
6749.079892043782 
6749.039994903127 
6748.752426862842 
6747.545497606142 
6747.599474359242 
6747.828790670264 
6747.373667050143 
6747.807817171341 
6747.665961797607 
6747.338961272739 
6746.719806834251 
6747.216417699862 
6747.418808782085 
6747.374342200676 
6747.642486862659 
6747.080305907343 
6747.330904728326 
6747.364318330717 
6747.613956748306 
6748.091421287284 
6748.351867871828 
6747.086960493372 
6747.368027785541 
6747.209414147595 
6747.085889098908 
6747.043830606240 
6745.569455602319 
6746.599477803489 
6746.432042520687 
6746.433958829656 
6746.266573902049 
6746.301605964023 
6746.531556254150 
6746.515882222090 
6746.746120792945 
6746.809275542048 
6747.068557838775 
6747.113846808321 
6747.324113129655 
6747.239119594758 
6747.208195203321 
6746.945911552355 
6747.230303481922 
6747.585379243909 
6748.403631493946 
6748.596920015847 
6748.404630541709 
6748.435374065061 
6748.649994723977 
6748.517805512994 
6748.928160710686 
6748.932017497803 
6748.811858079394 
6748.320521159375 
6748.605431116276 
6748.605431116276 
6748.140310796637 
6748.140281970896 
6748.129088759585 
6748.051023040470 
6748.537092367297 
6748.942883896487 
6748.669918581668 
6748.440009821441 
6748.658467927169 
6748.470940881063 
6748.540761187303 
6748.460123567878 
6748.024903655031 
6747.997428321905 
6747.997428321905 
6748.034418512822 
6748.022989871128 
6747.284893298940 
6747.284893298940 
6747.355851648601 
6747.331907038428 
6747.506992271923 
6746.992607088355 
6747.105262549073 
6747.024335945451 
6747.590745214236 
6747.582411701142 
6747.666102878747 
6747.671256976705 
6747.671256976705 
6747.554761541719 
6747.587630583809 
6747.941511713866 
6747.586697216011 
6748.281649759337 
6750.111252474539 
6751.090101821953 
6750.329601630938 
6750.062317276523 
6750.357811181433 
6750.487742307334 
6750.891206504139 
6751.443560959455 
6751.061239785486 
6750.679938384147 
6750.409090838729 
6750.354778263570 
6750.417046167935 
6749.729509202823 
6750.496232409382 
6750.823312788863 
6751.257581630177 
6751.983457160643 
6750.539443138898 
6750.796630722895 
6750.933445891052 
6750.641030912194 
6749.794459311939 
6749.020256469767 
6749.041733290550 
6749.016890278396 
6749.048442454111 
6748.894390255573 
6748.347741491988 
6748.347941357055 
6748.248603840581 
6748.405329019365 
6748.694559466828 
6748.692018571244 
6749.036346341112 
6749.446553313193 
6749.826165398327 
6748.808481187819 
6748.224886921601 
6748.532370427522 
6747.987025586115 
6747.402457146936 
6747.546098157002 
6747.733651019959 
6748.378887923892 
6749.182906297830 
6749.628804383448 
6749.432360645361 
6750.008900379490 
6750.188579303868 
6750.253580803884 
6750.503683505491 
6748.754371079199 
6747.931491317773 
6747.604935697608 
6747.658333374266 
6747.430699766495 
6747.228944089748 
6747.230784696938 
6746.876387706671 
6747.909725846866 
6747.928866924586 
6747.625645021967 
6749.136052851733 
6748.916236514081 
6747.930255729576 
6748.282101725428 
6748.434025958220 
6748.828564288142 
6748.733340190893 
6748.590409735697 
6748.906313897460 
6748.777558347734 
6748.257027535079 
6748.163905355338 
6749.204310501663 
6749.048161305494 
6749.049250821733 
6748.324931870553 
6748.701036959749 
6748.935279244544 
6748.935224315879 
6747.941538942812 
6747.561276305826 
6748.242135333461 
6748.341317451150 
6749.193730504940 
6749.078747303804 
6749.276172993565 
6749.315143262056 
6749.487648344947 
6749.625244483138 
6749.284467422507 
6748.779178832999 
6746.619714419647 
6747.425940953296 
6747.255782455302 
6748.406418722367 
6748.371680146535 
6748.604521494790 
6748.694283620976 
6748.782660622693 
6748.933963757823 
6749.139768220215 
6749.589982681606 
6750.252663030037 
6750.100467704613 
6749.733867117741 
6749.511226362123 
6749.769050778711 
6749.525078039850 
6749.263927790224 
6748.899889973096 
6748.900618862374 
6748.601089290073 
6749.243359935339 
6749.171066413971 
6748.824395039889 
6749.673315934948 
6749.518577094479 
6749.107585762272 
6749.434202919218 
6749.016834699521 
6749.319958440038 
6751.621984239086 
6751.533627879685 
6751.414911785753 
6751.498014765689 
6750.679402454925 
6750.769401762818 
6750.726665950102 
6750.015226716204 
6749.357934556448 
6749.336892749518 
6749.006206843897 
6749.032605678422 
6749.208256374579 
6748.373699024320 
6747.884831112491 
6747.829560262678 
6748.216195703078 
6748.280530336454 
6748.162856889381 
6748.447405539206 
6748.393006932450 
6748.151787512464 
6748.056173507686 
6748.045401754882 
6747.988848436887 
6747.494776773080 
6747.995886322725 
6748.120062740998 
6747.943588887485 
6748.183182532061 
6748.221110135019 
6748.356793264676 
6748.678297800971 
6748.976332147992 
6748.322882052333 
6748.322091160873 
6748.849071332842 
6749.094296340067 
6749.261806391120 
6748.779964361522 
6749.429573692531 
6749.416536197539 
6749.393317457644 
6749.022101896392 
6748.368093837253 
6747.883736279519 
6748.199430468713 
6748.421034592413 
6748.510743958295 
6748.917076791352 
6749.141824902856 
6747.474787436038 
6748.091813829429 
6748.163613261203 
6748.553930181198 
6748.597581898653 
6748.249295316551 
6748.668775713219 
6749.349989816858 
6749.804905026084 
6749.974875374762 
6749.471997147443 
6749.384902606689 
6749.364522006560 
6744.932870711727 
6745.138434477045 
6745.273480100996 
6745.017515613507 
6745.165250111972 
6744.098702472044 
6744.429554531938 
6745.070691294962 
6744.915249152357 
6744.734723315771 
6742.906797143440 
6743.715877508282 
6743.911893304379 
6743.507283919348 
6745.844632481014 
6744.633698595590 
6744.696789236114 
6744.514075238114 
6745.972325372861 
6745.117680196387 
6746.074949878893 
6746.705893035069 
6746.694584193772 
6744.951929119285 
6746.428008922218 
6745.536759059720 
6744.905481088068 
6744.143531214824 
6744.631709625409 
6744.956516399755 
6745.140008718341 
6746.241925365375 
6745.824194596538 
6745.625880524706 
6745.443453110443 
6746.681699094739 
6747.282923255907 
6747.241744375823 
6747.195797167270 
6746.452859962539 
6746.321462081105 
6745.364372702405 
6745.533547800648 
6746.001906125735 
6746.044552891925 
6745.877330962001 
6746.137567331361 
6746.344014594600 
6746.509157994426 
6746.809953914723 
6746.938790379745 
6746.995288517932 
6747.052339641437 
6747.052339641437 
6747.509202468616 
6747.636667314515 
6746.937759048884 
6747.594502952931 
6747.578595168516 
6747.581117806149 
6747.537266785893 
6747.836869597576 
6748.595569902902 
6748.647933503455 
6748.262942112751 
6748.149555438774 
6747.584498684744 
6747.778120830540 
6747.413315513672 
6747.854964646167 
6747.854823619444 
6748.362109318655 
6748.221550169602 
6747.700412438733 
6748.498008368199 
6748.767663665815 
6748.914183317895 
6749.682817608043 
6749.847422487825 
6749.792715612025 
6749.852205424173 
6750.033204382820 
6749.540585905685 
6749.571399879981 
6749.170179585522 
6749.001513135064 
6748.749183698903 
6748.524703984245 
6748.272681281693 
6748.354799815526 
6748.091349923942 
6748.433424334024 
6749.111003235447 
6749.671589546187 
6748.813490718909 
6749.510424275986 
6749.533377854669 
6749.889474603699 
6750.173850983542 
6749.978724351068 
6749.629206366294 
6749.959010323741 
6749.709635108033 
6749.580349164205 
6749.144604204266 
6749.457868087072 
6748.114152995092 
6748.528517309936 
6748.312357297405 
6748.484817962345 
6749.026770381232 
6748.879761434148 
6749.706181998968 
6749.930339858145 
6748.704796193391 
6749.298892932864 
6749.929766597641 
6750.656926473112 
6750.862773579599 
6750.574374757726 
6751.927665117913 
6750.823648393755 
6751.722454718572 
6750.159716470466 
6750.476163927041 
6749.991279579522 
6750.089846740592 
6750.215200847086 
6749.481765861512 
6748.711559809313 
6748.747989205074 
6749.685046999954 
6749.636923085991 
6749.194339241400 
6748.944710152701 
6748.615682960205 
6748.208043071262 
6746.751656147211 
6746.343932105164 
6746.453392645700 
6747.255473148424 
6746.013159694212 
6746.318471989338 
6746.213558516531 
6747.015223257962 
6746.212641997095 
6746.985520249888 
6746.485814452150 
6746.527819827746 
6746.495418552261 
6746.616424776385 
6746.660769683665 
6747.652908628976 
6748.587164621997 
6748.104676155538 
6747.204299551561 
6747.893936567201 
6747.315874566857 
6747.056954368213 
6747.031457766211 
6747.031457766211 
6746.793343919048 
6746.793343919048 
6747.340227994916 
6748.000344559682 
6748.000344559682 
6748.008136309299 
6749.240539989064 
6749.204884690066 
6749.204884690066 
6749.314228550028 
6749.354610867949 
6749.394282438448 
6749.417786153209 
6749.390049451050 
6749.390049451050 
6749.298396697925 
6749.317599529122 
6748.987972331221 
6749.070062761765 
6749.099365680522 
6749.109329002474 
6748.849299670754 
6748.830958659923 
6749.243742563500 
6749.457325888191 
6749.824927759510 
6749.824927759510 
6746.542586794362 
6746.408079369451 
6746.153281266576 
6746.873647551247 
6745.971987188629 
6747.184251850967 
6746.178598621224 
6746.302971968129 
6746.874320705050 
6746.711645625853 
6746.670549839187 
6746.386138938006 
6746.378489240975 
6746.650183947854 
6745.592904377121 
6745.717341819772 
6745.809924346429 
6745.426463400750 
6746.552415883872 
6746.240858901899 
6746.657153681750 
6746.208134276349 
6746.210087195273 
6745.962983736365 
6745.805187463970 
6746.455813977452 
6746.117275048633 
6746.125108301702 
6746.118236294835 
6746.097937185207 
6746.861988169643 
6747.212722815134 
6747.150143165210 
6746.969157574313 
6748.352867509536 
6748.352867509536 
6748.397740217374 
6747.816491012454 
6748.348728311614 
6747.462532691705 
6747.612445686211 
6746.881917404843 
6746.846446026063 
6746.929229026630 
6746.794643650006 
6747.322348925164 
6747.257245804604 
6747.739494884045 
6747.610421626739 
6747.828616492080 
6748.110628541946 
6748.534825308159 
6748.473480801717 
6748.310154785766 
6749.019090402669 
6749.009076324075 
6748.861998766890 
6748.818122562631 
6748.496885645957 
6747.999998768952 
6747.999998768952 
6747.979267731916 
6747.861842786155 
6747.841994152690 
6747.467726333745 
6747.735530820236 
6747.844967224924 
6747.435662176550 
6747.200512284722 
6747.336479981264 
6746.911655470434 
6747.297153724180 
6746.917579513407 
6746.512914523199 
6747.577287348794 
6750.674241723452 
6749.097968164979 
6748.554306674549 
6749.230383370277 
6749.113702364143 
6748.763610203950 
6748.406549148331 
6747.472280454102 
6747.924441128504 
6748.366064599561 
6747.353650413001 
6746.464771109170 
6746.621080785595 
6746.363173070728 
6746.165149063750 
6746.694383108930 
6746.279241866458 
6746.717790565384 
6748.517523695291 
6749.054855806792 
6749.100091243389 
6748.810622515768 
6748.962480849824 
6748.670569717116 
6748.683745688862 
6747.191188264661 
6747.364534791017 
6746.544823584587 
6746.438956784740 
6746.682192039460 
6746.562782774152 
6747.295484626938 
6747.031796582697 
6745.500926982812 
6746.028634824784 
6746.168966494361 
6746.597790376401 
6747.253139632277 
6747.838626754740 
6747.784871641069 
6747.785669372964 
6748.593848891502 
6748.534042257809 
6748.530888450724 
6748.658968136602 
6748.547604324231 
6748.468158314888 
6748.130661810830 
6748.553445144161 
6748.261502438740 
6748.236312192290 
6747.656129437983 
6747.578175900179 
6747.975039793553 
6748.081043723208 
6747.712427111447 
6747.657896380785 
6747.573026924631 
6747.309194054692 
6746.470882422464 
6746.362166378497 
6745.919033236273 
6747.946736689898 
6748.855025612613 
6749.015829991697 
6748.674474297590 
6749.522920916656 
6749.307966770829 
6749.313176267212 
6749.719309399690 
6748.868930008312 
6748.940839181382 
6749.501945886869 
6748.680227854237 
6748.595759214152 
6748.515722788959 
6747.849996854840 
6747.870665620768 
6747.777359433963 
6748.206715955699 
6748.141616211215 
6748.083948503340 
6747.941325281955 
6747.886876906832 
6748.168926664495 
6748.380543222568 
6747.625695891435 
6747.873843084860 
6747.081944635273 
6747.149729789407 
6747.526300504786 
6747.947695142855 
6747.876818012255 
6747.926223435717 
6748.079731273326 
6747.896158060234 
6747.821136209697 
6747.738517061780 
6747.724093132700 
6747.628288172123 
6747.742280821188 
6747.983476232693 
6747.753534989253 
6747.686907331163 
6748.052880788932 
6747.794645690768 
6747.442672572638 
6747.543030967165 
6747.543030967165 
6747.543030967165 
6747.543030967165 
6747.543030967165 
6747.543030967165 
6746.475754533102 
6746.475754533102 
6746.475698907038 
6746.126050244786 
6745.588926747011 
6746.315314318884 
6746.007259353461 
6746.378774069575 
6746.006146039174 
6747.868142093703 
6748.202133390029 
6748.557728501693 
6749.385492784703 
6749.076141580183 
6748.915228187137 
6747.409917377187 
6746.566724123813 
6746.675441527422 
6747.114658261648 
6747.114658261648 
6747.233079006633 
6747.794471568652 
6746.957457254288 
6747.132105733102 
6747.523568120089 
6747.278767894905 
6747.729315902399 
6748.381134245586 
6748.110546716033 
6747.647644891809 
6747.720476936457 
6747.305906391182 
6748.750112216667 
6748.783043151289 
6747.821546384796 
6747.324029230891 
6747.352617561597 
6747.306957605947 
6747.228331469015 
6747.368102876688 
6747.558536938772 
6747.525181888094 
6745.756989325165 
6745.754611185840 
6746.095767767802 
6746.436413474852 
6747.070300314243 
6746.779469161149 
6746.668345209611 
6746.320765338166 
6746.732828451104 
6747.863346435640 
6747.818840737708 
6747.800976048222 
6747.747029340461 
6747.436545941026 
6747.351745705950 
6747.467143400025 
6748.578802549689 
6748.563950205633 
6748.494659383967 
6748.284656828253 
6748.401667874281 
6748.417463776188 
6748.216621322335 
6748.065883331694 
6748.277629175867 
6748.232362345906 
6747.848800578918 
6747.748779327662 
6747.811724637455 
6747.527287844845 
6747.459042265074 
6747.549423163035 
6747.730946423920 
6747.714144448025 
6747.135813917902 
6747.014530606365 
6747.218981491199 
6746.999330099241 
6746.840064410269 
6746.758461104553 
6745.182479946338 
6745.097746929559 
6745.220449635607 
6745.938162336991 
6745.721188834493 
6746.032661386941 
6746.358184190427 
6747.732340852104 
6747.366919556087 
6746.723069502154 
6747.010252068560 
6746.782027973660 
6747.911773490079 
6748.302972342404 
6750.335042701590 
6750.419101592795 
6750.082580278324 
6751.118138610826 
6751.081149187514 
6751.081149187514 
6751.081149187514 
6751.138788571275 
6752.046932028186 
6751.551229537599 
6751.445379259169 
6751.286323423189 
6750.511853037373 
6748.731133695538 
6748.941092707068 
6749.012668454210 
6748.991557179233 
6747.692454848737 
6747.328779667365 
6747.008656503957 
6747.422139245104 
6745.760641941180 
6745.724856961557 
6745.674067747621 
6745.002443362844 
6744.705558459580 
6744.235839583082 
6744.525995584450 
6745.053480042806 
6744.906371623770 
6745.822818699357 
6744.971440385081 
6744.227765023874 
6744.887711572671 
6745.005498808090 
6744.697007194804 
6745.025445944618 
6745.405086670785 
6745.772554424183 
6746.501795974621 
6746.744859310234 
6746.158308716134 
6745.292666037180 
6745.603737957394 
6745.840606562369 
6745.856736047664 
6746.854300853443 
6746.341938306998 
6746.063453071981 
6745.525343164675 
6746.452780437874 
6746.667180340151 
6746.516878979046 
6746.490330989857 
6746.891677867070 
6747.149227266135 
6747.292038141954 
6746.529854480995 
6747.041745719855 
6746.812421902014 
6747.099616353713 
6747.519047623600 
6748.178189657723 
6747.962813334454 
6748.660790361949 
6748.264052790812 
6747.718267934108 
6747.765016206358 
6747.470394920600 
6747.647821285013 
6748.187122313478 
6748.367981896550 
6748.406848319441 
6748.681982875180 
6748.817173547164 
6748.082510475119 
6747.500749807454 
6747.117967150389 
6747.740981547906 
6747.721847203157 
6747.557447081585 
6747.563585675741 
6747.659365163733 
6747.597573618405 
6747.770654652540 
6747.129804267576 
6747.370900813653 
6747.992916625851 
6746.306741100419 
6746.290844756697 
6746.455934729861 
6746.326143933565 
6748.799120034170 
6748.978664019856 
6749.167481539961 
6748.640900692305 
6749.413977907422 
6748.523198190636 
6748.132744294727 
6748.117481213274 
6747.777720087772 
6748.452256872248 
6748.726828572588 
6748.551726203510 
6748.652541785150 
6748.487991952079 
6749.171958798976 
6748.785518740744 
6748.897725568816 
6749.452470675414 
6748.388843043365 
6749.152351022790 
6748.720364588328 
6748.106167451831 
6748.040650344829 
6748.217789106186 
6748.624648599423 
6747.823506797754 
6748.536185986943 
6748.232120254571 
6747.939973289142 
6748.025465653374 
6749.455588368471 
6749.230056782108 
6749.296205430975 
6747.301326473404 
6746.832633375293 
6746.552290345760 
6746.994224032170 
6743.739269109084 
6743.665750174072 
6745.611922720439 
6746.781743909184 
6746.388509558484 
6747.702657526926 
6749.105455361664 
6749.061042383091 
6748.711007210225 
6747.637474697541 
6746.367578181716 
6746.751764008926 
6747.100607609495 
6748.277124011724 
6748.341669162942 
6748.177448623224 
6748.252195546996 
6748.623791946736 
6748.407475907858 
6747.926186250209 
6747.952465866244 
6747.886991041361 
6748.040724375747 
6748.014700911016 
6747.944529564083 
6747.551545372258 
6747.930124061138 
6748.011307511533 
6747.956472059571 
6747.875647045258 
6747.637067552231 
6747.816736156022 
6747.699764865371 
6748.558364566487 
6748.982158599087 
6748.363226080492 
6748.680218589607 
6747.970448237862 
6748.126484976598 
6748.347010363408 
6748.428798672877 
6748.294197476052 
6748.814661230449 
6748.439432812055 
6748.986119889123 
6749.303733301357 
6749.435322450464 
6749.711442089499 
6749.877465003100 
6750.057781016189 
6750.144074690741 
6749.959298163351 
6749.491745236965 
6749.929070205926 
6749.977436533099 
6749.132725154109 
6749.322857992011 
6744.175982207618 
6746.741340527661 
6748.519948974756 
6749.183328369893 
6748.639700959438 
6747.833283386254 
6748.302735803557 
6748.422857581346 
6748.059236490650 
6748.418664456423 
6747.958369725729 
6748.671582248523 
6749.679096262666 
6749.153105454858 
6749.987132571277 
6749.756614630409 
6749.630532311704 
6749.735216822856 
6749.815335419582 
6748.255015602232 
6747.980587255123 
6747.966961962730 
6748.520525932870 
6747.868066827075 
6748.152683479564 
6748.309037066857 
6748.739758150403 
6748.407439225452 
6748.137920066576 
6748.986555514070 
6748.812209539580 
6748.540833655567 
6749.511200318873 
6749.160881620385 
6750.122555526133 
6748.763523575649 
6748.862238127622 
6748.945272425110 
6748.346298690893 
6747.406929204356 
6747.296610341343 
6747.468854354550 
6747.657720518725 
6747.561902337666 
6747.479278061303 
6746.299468024654 
6746.243645371785 
6746.336124597486 
6746.897344008915 
6747.512055617527 
6747.766573193288 
6747.851394653680 
6748.019004772270 
6747.955668855055 
6747.126383386170 
6747.241122836938 
6746.948782785907 
6746.764075676402 
6746.833900126167 
6746.670719309948 
6747.216775700641 
6747.074863879775 
6746.485940745590 
6746.279018255282 
6746.073605453920 
6747.718091570147 
6747.781012796979 
6748.008104927944 
6748.025456962739 
6747.985660005132 
6747.717832854244 
6747.936382012713 
6748.947022146976 
6748.689511484000 
6748.713763194003 
6748.777712982585 
6749.057421844294 
6748.419020360255 
6748.091618577023 
6748.549663932022 
6748.456341700166 
6748.412422467100 
6748.412422467100 
6748.692978555297 
6748.685749594871 
6748.458208369233 
6748.836120799744 
6748.238506993697 
6748.464912797913 
6748.343571413529 
6748.321747543181 
6748.114222824569 
6747.988456225522 
6747.970691877915 
6747.710049274941 
6747.737457524518 
6747.749824646550 
6748.908244353502 
6748.560450097016 
6748.731036611559 
6748.701531051589 
6750.423541586769 
6750.132043915308 
6749.980748189787 
6749.692762779562 
6749.566760663756 
6749.616850065419 
6749.230184459248 
6749.126811092264 
6749.405748742971 
6750.645992527247 
6749.486321956133 
6750.037526311956 
6749.629275296246 
6750.384849153416 
6751.357968292396 
6751.117711239705 
6750.441865743615 
6748.970963050439 
6749.030958104487 
6749.379470572871 
6749.379470572871 
6749.667654281010 
6750.663127213204 
6748.827713938688 
6749.072562881202 
6748.801884276992 
6748.474982719160 
6748.699696540713 
6748.288267099808 
6748.848864313278 
6748.925408671654 
6748.578416076852 
6749.545433581555 
6749.232546026143 
6748.802396362526 
6748.704368126703 
6749.265265195962 
6749.156319081108 
6749.146406438492 
6749.566877584449 
6749.589044163806 
6749.570257964742 
6749.317239656196 
6749.187945011972 
6750.140723102452 
6750.594349193904 
6750.434172825032 
6750.906040106391 
6749.987539586278 
6749.527408363433 
6749.626381255039 
6749.013286015667 
6749.470144240728 
6749.421769429799 
6748.090590592088 
6748.046274402444 
6748.298112948693 
6748.339148356857 
6748.347504233783 
6748.360138052481 
6748.260262712253 
6749.165018192011 
6748.278442094242 
6749.430056423798 
6749.283614530618 
6749.302971280415 
6749.245221544215 
6748.347098175550 
6747.651062131354 
6747.758703345140 
6748.226911684022 
6747.987419514471 
6747.788317208395 
6747.524024989864 
6747.744681448613 
6747.567486912205 
6747.801561032611 
6748.144606850245 
6748.043167246745 
6748.526038900548 
6750.058047084874 
6750.161622063432 
6749.669532111838 
6749.659265718734 
6749.333589860820 
6748.859687714597 
6748.900026861314 
6749.168581005883 
6750.280202527277 
6750.515335261039 
6750.396825154779 
6750.083997825633 
6750.374646954174 
6750.133741815307 
6750.316582046826 
6749.692187012796 
6750.133584867362 
6749.184579896326 
6748.882598736106 
6748.691038476461 
6748.858433005439 
6748.448539557402 
6748.579146321641 
6748.755005209605 
6748.510377395626 
6747.583383582236 
6747.754554550457 
6747.785801187446 
6747.412677453817 
6747.532552406119 
6746.611408423645 
6747.331927145065 
6747.332502256842 
6746.744441018635 
6746.556215726027 
6746.642551879931 
6746.106200592384 
6746.946800206497 
6746.874975479091 
6747.096268593190 
6747.125343030848 
6747.323168101179 
6747.820351460942 
6747.895303408037 
6747.426282737480 
6747.555635644093 
6748.272618014224 
6748.209801453258 
6748.628949368929 
6748.392353060302 
6748.001073843165 
6748.279113826425 
6748.255300321678 
6748.554538844373 
6747.977154973018 
6748.019909075384 
6748.610807470345 
6747.523816194338 
6747.858952670726 
6747.917203602186 
6747.496184528125 
6747.106845965569 
6747.218739332875 
6747.423685732249 
6747.238906244865 
6747.476067781191 
6747.571705691736 
6746.985361795976 
6747.715306943240 
6747.807568071842 
6747.967352402930 
6747.824725633969 
6748.048057027677 
6748.092186864522 
6747.779668051784 
6747.662335423498 
6748.091576811275 
6748.518753704886 
6748.259581572170 
6747.457063796664 
6748.150691226787 
6748.449278659788 
6748.362588127539 
6748.421438988522 
6748.748070649394 
6748.579016360872 
6749.537486305592 
6749.011524669754 
6749.433139379369 
6749.588530802302 
6749.536320095844 
6749.069480820740 
6748.862482687693 
6749.078562406238 
6748.651357197780 
6748.622841992380 
6748.258515339643 
6748.060821327351 
6748.126783369135 
6747.744485068736 
6747.759481652943 
6749.499904600323 
6749.356675772196 
6749.352681454857 
6749.046423547363 
6749.134507144152 
6749.618137401096 
6749.483519274086 
6749.772081466300 
6750.179363946473 
6749.466035630202 
6746.959729974325 
6747.447966358275 
6747.399266628211 
6748.136760464257 
6748.192354198658 
6749.161078107614 
6749.147164374825 
6749.218699935316 
6749.492351054016 
6749.560782176865 
6749.480874491443 
6749.560992410225 
6748.867100883449 
6748.080886960964 
6748.092177445550 
6747.846879044972 
6746.979006318131 
6747.249613206757 
6747.883557404304 
6748.112716615578 
6748.975344058277 
6749.707593644541 
6749.996373241408 
6749.361209271917 
6749.227782873827 
6750.134556295335 
6750.780277241528 
6749.993104042303 
6750.060158912744 
6750.308965559747 
6749.974513798800 
6750.524866292409 
6749.988751352912 
6750.083237777243 
6750.083237777243 
6750.687490026394 
6750.396048433805 
6750.398916443347 
6750.280265823009 
6750.559006623073 
6750.520641834636 
6749.965519443754 
6750.331767684272 
6749.983882223941 
6750.275663184348 
6749.890068509249 
6749.963287886563 
6749.227233598225 
6748.806758773329 
6748.637293997259 
6749.470607244640 
6749.143343283126 
6749.151745709836 
6749.323728616771 
6749.590689222850 
6749.448769808514 
6748.805309921971 
6748.977254704425 
6748.982644056743 
6748.749028406175 
6748.938994367977 
6749.102717977185 
6749.427105594863 
6749.305307318617 
6749.528493705267 
6748.917621496152 
6748.920270705451 
6748.569124259379 
6749.003002297837 
6749.003002297837 
6749.336342569504 
6749.186808795479 
6749.041457415582 
6749.023236010621 
6749.581219373428 
6749.141838709600 
6749.297463236513 
6749.362028678782 
6749.820094600948 
6749.158288992136 
6750.276240776418 
6749.782653111868 
6749.825766829957 
6749.967308221381 
6747.384468361575 
6747.421483698031 
6747.896569102702 
6748.958983942782 
6748.891420800448 
6748.484604228071 
6748.356589185471 
6748.061571811822 
6747.537745071873 
6748.023948276964 
6748.065025614997 
6748.483448922237 
6748.202747922365 
6748.143467594935 
6747.714381999609 
6747.629086865613 
6747.725614903259 
6747.643312197238 
6747.543058179545 
6747.774207084653 
6747.734044120464 
6748.008584996485 
6747.867139404576 
6747.566107201724 
6747.962560289237 
6749.627277687832 
6749.492265158321 
6749.178089528167 
6750.013493267224 
6749.975484886532 
6749.450844281351 
6749.345918119578 
6749.148697736227 
6748.985265269049 
6748.659262445698 
6749.404630985635 
6749.647727259751 
6749.815756854362 
6749.533134896990 
6749.534867489599 
6749.510133188681 
6749.475283501383 
6749.149028244422 
6749.176729083450 
6749.176729083450 
6748.093597738291 
6748.004011744313 
6748.158472659937 
6747.498721742684 
6747.374070643728 
6747.387081775243 
6747.575853652790 
6747.467116269825 
6746.818888241635 
6747.590851792273 
6747.645843220842 
6747.559671848485 
6747.485295408929 
6747.414179703903 
6747.828636258288 
6747.748538547670 
6748.146499640953 
6748.175276250977 
6747.788976539689 
6747.819003665249 
6748.800422316217 
6748.813470424780 
6750.231925805284 
6749.778839325413 
6749.887295760827 
6749.671824660304 
6749.345840612584 
6749.412607334248 
6748.430345391621 
6748.396875357562 
6748.280814915518 
6748.411560192275 
6748.346310272000 
6748.733136191097 
6748.593047880208 
6749.216445077545 
6748.486022333088 
6749.388863087716 
6750.056687909825 
6750.193884389130 
6750.368018183366 
6750.259660940050 
6749.971753083981 
6749.708731993992 
6749.940204721414 
6749.940204721414 
6750.947171540130 
6750.600993006055 
6750.482020772284 
6748.639105091293 
6748.639105091293 
6748.889190197876 
6748.829904266656 
6748.660504421570 
6749.711566924385 
6749.463437831249 
6750.195198964983 
6750.195198964983 
6750.293851507410 
6750.293851507410 
6749.543501632695 
6749.644319119273 
6750.550966541824 
6750.762875279561 
6748.990454308177 
6750.105517525428 
6749.520490317381 
6749.567746366887 
6749.152544850687 
6749.152544850687 
6748.909512304692 
6748.780182591443 
6747.957481623202 
6747.563461990507 
6747.518663722736 
6747.865372749000 
6747.722480217535 
6747.880293283532 
6748.122923272059 
6748.329606003411 
6748.747198466562 
6747.987724399174 
6748.447171452544 
6748.292170290294 
6748.226375052393 
6748.787095079544 
6748.681821381389 
6748.339743323607 
6747.980880905165 
6747.844359355014 
6748.121384463689 
6748.122085100720 
6748.053219860269 
6747.556022999168 
6747.658730558476 
6747.730135728552 
6748.305291997490 
6748.310921295336 
6748.925654598702 
6749.038929388809 
6749.097552123114 
6749.457684404111 
6749.102931423335 
6748.620627994438 
6749.555098276155 
6748.630852478504 
6748.638759986618 
6748.519932707303 
6748.193963037043 
6748.469473002950 
6748.112943344647 
6748.550858229332 
6748.241553785578 
6748.137799699643 
6747.974516098910 
6748.035743697985 
6748.016729366155 
6746.692681423047 
6746.769067141026 
6747.070694915499 
6747.545032376035 
6747.728518661961 
6746.920265892796 
6746.763605961607 
6746.450491064982 
6746.555723202674 
6746.950600748512 
6746.950600748512 
6746.470137646696 
6746.470137646696 
6746.962064345042 
6746.998581020540 
6746.952260823949 
6747.118188353997 
6746.410423706642 
6746.396369285405 
6746.792169409995 
6747.231118495006 
6747.987836363769 
6747.903261164424 
6747.341395233790 
6748.203390714164 
6748.484376689754 
6746.525939805354 
6746.525939805354 
6747.666657369427 
6747.087898313059 
6747.258425321490 
6746.605677683221 
6746.612097895131 
6746.323629947745 
6746.853074794183 
6747.001742856457 
6747.489974128624 
6747.995618930571 
6747.997027563006 
6748.237240180446 
6748.249421594373 
6748.247802717613 
6748.485321943838 
6748.605585894645 
6749.019828199224 
6749.591448986473 
6748.916144788279 
6746.992076919736 
6747.943868018478 
6747.496020533677 
6748.726142716423 
6747.670944696088 
6747.661068779372 
6748.073126539844 
6749.063078506025 
6749.740909842410 
6749.617151434691 
6749.832939360577 
6748.677727494035 
6748.283941647442 
6749.148144476268 
6749.145371490587 
6748.696708630939 
6747.973520814837 
6747.830007818728 
6748.435236315281 
6748.249937464216 
6748.154357106298 
6747.709855953145 
6747.380949694261 
6746.771340747147 
6746.771340747147 
6746.675450708735 
6746.792143141789 
6746.923252913596 
6747.232057426524 
6746.954411565808 
6746.976085000095 
6747.229801301314 
6747.166468094851 
6747.535982418694 
6747.846893213583 
6748.088639902945 
6747.794364946189 
6747.619240414806 
6748.093045949855 
6748.547352327397 
6748.629915328485 
6747.894866591320 
6748.477896193008 
6748.638944043480 
6748.688292522507 
6748.824557008425 
6748.660294730358 
6748.477199620780 
6746.417010754047 
6746.791066311311 
6747.560885118786 
6747.267174027151 
6747.277577256341 
6746.849727953080 
6746.879367955398 
6747.578937932169 
6748.752159864892 
6748.347614144573 
6746.456120434379 
6747.190918242083 
6747.070359003275 
6747.341680257776 
6747.098103798715 
6747.122310229281 
6747.685827417167 
6747.708946548644 
6747.758818232481 
6748.116035665513 
6748.607523244183 
6748.648046812893 
6748.535914354888 
6748.990744389971 
6748.158581318417 
6748.772168984197 
6748.325932610079 
6747.891947517628 
6747.163525224564 
6747.757326131431 
6747.717187056000 
6747.689106162974 
6747.670482408276 
6747.717960922752 
6747.809538352561 
6747.130719025196 
6747.445626999758 
6747.973483120859 
6748.044692021342 
6747.807329566360 
6748.058499786918 
6747.995042199817 
6747.947789312912 
6748.563700975245 
6748.496700705811 
6748.134981085975 
6748.144423660804 
6748.201059530261 
6748.108470137997 
6748.113023222306 
6748.530416922750 
6748.362739019527 
6748.154874655617 
6748.248122669545 
6748.208266785180 
6747.643442065996 
6747.669566958682 
6747.697273947419 
6747.538517859787 
6747.489692480528 
6748.106217409598 
6748.090394915503 
6748.058203285069 
6747.611859341368 
6747.611859341368 
6747.611859341368 
6747.611859341368 
6747.843686106419 
6747.843686106419 
6747.880080413701 
6747.610131926770 
6747.610131926770 
6747.653252531838 
6747.521734140577 
6747.230461987606 
6747.227226330404 
6747.221244495634 
6747.174672741283 
6747.233176292373 
6747.202659756877 
6747.118759859878 
6747.331082838336 
6747.600526710716 
6747.688029606525 
6746.634787872006 
6746.954215591807 
6747.148269161460 
6747.173030597092 
6746.864581342409 
6748.209204852154 
6748.536137799896 
6748.853925489073 
6747.436677926468 
6747.176359181047 
6746.788568955959 
6746.573661786604 
6747.012578526235 
6746.116842192321 
6746.460593885801 
6745.903377705432 
6747.369731787702 
6746.464394293209 
6746.055884036547 
6745.769937422410 
6745.430407672325 
6745.448576511515 
6747.670563457083 
6747.260386538162 
6746.994531548506 
6747.290235321811 
6747.149766779721 
6746.792103315534 
6745.677094563249 
6744.852934454349 
6744.248990800143 
6744.935055939693 
6745.321844844716 
6745.245299682927 
6744.835604173260 
6749.344266029364 
6749.348093206287 
6748.424105997001 
6748.939068556401 
6749.179613868218 
6749.599359927396 
6750.236412429602 
6750.119979837013 
6749.065828050485 
6749.222447363351 
6749.734801116874 
6750.560028545490 
6749.674110732212 
6749.341886426350 
6749.667386889892 
6749.376710190199 
6748.810545516810 
6749.268266665999 
6749.721803447774 
6749.644737072482 
6749.647903220373 
6749.885296231088 
6749.380116075348 
6748.853210865975 
6748.872707424698 
6748.905600682556 
6749.150997313607 
6749.774960426808 
6749.435827153982 
6750.658770776705 
6750.912091348991 
6750.574752922501 
6751.598439029684 
6750.900276011260 
6750.457477905327 
6750.573990247928 
6751.149766616620 
6751.824857644732 
6751.055971027376 
6751.025003958501 
6751.708465422002 
6751.231632316249 
6752.663252368111 
6753.000245157052 
6752.215870923623 
6752.773451341146 
6752.173575401148 
6751.033130048177 
6751.470710390672 
6751.326752210468 
6751.778732695633 
6751.396278412306 
6750.529702183642 
6750.638225196728 
6751.045253728268 
6750.512184167882 
6751.502314020634 
6751.653299641962 
6751.098358462989 
6751.202396513036 
6751.489713130547 
6750.764373112054 
6751.346386739720 
6750.884634555307 
6751.331727137108 
6752.042341782163 
6751.419951393336 
6751.818730046685 
6751.642257242155 
6752.471567350263 
6751.024362684791 
6751.054835648266 
6751.045225616473 
6750.875822979977 
6751.190366233996 
6751.239930945158 
6751.248776192710 
6750.902094761939 
6748.873837820996 
6748.825151334874 
6748.841465951852 
6748.776423343042 
6748.772009405807 
6749.374252162998 
6749.213212004435 
6748.569394322595 
6748.566863371146 
6748.646601644203 
6749.457155195052 
6749.726015181812 
6750.134615292749 
6750.178477334888 
6750.107544038432 
6750.304323974645 
6749.351889206415 
6749.290139300009 
6749.472663320578 
6749.695620620650 
6749.696676439453 
6749.544766597238 
6749.081877057532 
6749.394959745168 
6748.877582602031 
6748.717266800099 
6748.740589444279 
6748.103631689939 
6748.281035246403 
6748.193229067931 
6747.201534759932 
6747.146453793895 
6746.535449362725 
6747.015391045235 
6746.370581362235 
6746.488984283256 
6745.953797500021 
6746.211067583707 
6745.883459471181 
6746.246305970358 
6744.506044332064 
6743.673267685313 
6744.716740565596 
6745.335203268004 
6745.208102990546 
6745.280038199707 
6745.558835334006 
6743.043940510679 
6745.125483724010 
6744.533142930381 
6745.167380561867 
6744.822391099024 
6745.360875263545 
6745.196272405744 
6745.196272405744 
6745.892653821973 
6745.753472883297 
6745.514767296283 
6746.055521139767 
6744.835990578763 
6745.392298759803 
6745.473941974296 
6744.173549482245 
6743.724149289122 
6744.395231403318 
6745.729355919458 
6745.857741476474 
6745.784589780696 
6745.468010035728 
6745.521125268503 
6745.666192630059 
6746.014880036251 
6745.996533033443 
6745.973500880131 
6747.163760858973 
6746.888727054858 
6746.750731033068 
6747.145526033248 
6747.387411405861 
6748.215612664827 
6748.393051872743 
6748.725174790576 
6748.765230445092 
6748.229790472396 
6748.336580345974 
6748.268876746406 
6748.216142856844 
6749.211887965023 
6748.541306674151 
6748.352159305036 
6747.971541094713 
6747.443608886072 
6747.711809703763 
6748.201817066893 
6748.999629836877 
6748.562841808833 
6747.976823345506 
6748.076870446114 
6747.959189557772 
6747.722029042980 
6748.619163423602 
6749.447125198472 
6748.172389179385 
6749.004214054587 
6748.727849605920 
6749.241039017075 
6749.407028781778 
6749.283556009986 
6750.369074414179 
6749.888597076100 
6751.017668526633 
6750.432431551541 
6750.419343187002 
6750.008715518933 
6751.121714011281 
6749.853667477962 
6749.824913815160 
6749.070713834437 
6749.384029463532 
6749.929894665494 
6749.269745642589 
6749.850360533627 
6750.591486758644 
6750.591486758644 
6751.042005821074 
6751.213648641064 
6750.589563957387 
6751.051318620463 
6751.604638227177 
6752.368318262575 
6753.039302546461 
6753.360220130394 
6752.332809926828 
6753.422205637554 
6752.379839645260 
6752.322426332947 
6752.224868887668 
6752.476070353593 
6752.783336146244 
6753.639396846607 
6753.638862954237 
6753.769804724436 
6752.877678203506 
6750.700659886198 
6750.957777374941 
6750.282782072615 
6750.260886118615 
6750.198465285604 
6749.992159266475 
6749.037843676917 
6748.876271675999 
6748.315136722428 
6747.205146688616 
6747.217489768398 
6747.217489768398 
6747.204040058972 
6747.149393481543 
6747.264403822977 
6747.323808500658 
6747.136597708797 
6747.136597708797 
6747.223842975919 
6747.071263886097 
6747.059880854563 
6747.059462738311 
6747.790721295233 
6747.783616514914 
6747.887759029523 
6747.910047912073 
6748.301877765122 
6749.691149821761 
6748.803244954191 
6748.803718744240 
6748.831452193203 
6748.041259256312 
6747.466922044825 
6747.337789464787 
6747.255554498403 
6747.463045018971 
6747.331419263940 
6747.603017897150 
6747.541491241213 
6747.268699878051 
6747.339947525925 
6747.364508913042 
6748.308472874126 
6748.235655638236 
6748.375463814305 
6749.105929122125 
6750.054994509394 
6750.090640569584 
6749.697290008045 
6749.838502631608 
6749.928620129715 
6749.107547163406 
6749.452365642429 
6748.387694356847 
6747.366321503701 
6747.033482297810 
6746.965315630184 
6746.218335734927 
6747.792341883430 
6747.949973601479 
6746.419870103852 
6747.147704510270 
6747.553828517684 
6747.553828517684 
6748.025028917480 
6748.100308410745 
6748.361069182547 
6748.468581235239 
6748.405560323231 
6748.467878467733 
6748.165278271457 
6749.112668194250 
6749.370690710031 
6749.218857497012 
6749.118773556895 
6749.560180496744 
6749.603333374492 
6749.775070122788 
6750.663140263735 
6750.212646529670 
6750.778932831565 
6750.323013723026 
6749.778549385102 
6750.082911445701 
6750.135890271559 
6750.698359274737 
6750.393971959597 
6750.783494544098 
6750.813740708021 
6750.294983395634 
6750.749038644632 
6750.235267087060 
6751.123977066864 
6751.149879039953 
6750.380275262512 
6749.575886871137 
6750.251635348409 
6749.792680203495 
6749.325188945323 
6749.548051684539 
6749.057844989128 
6748.902495192614 
6749.405850690281 
6749.645756500803 
6749.636680547466 
6749.169805454524 
6749.815133712673 
6749.809840162629 
6748.811303341773 
6749.162888377919 
6748.895089106632 
6748.381408377612 
6748.563674312096 
6747.886877687269 
6747.878837961128 
6747.771155988801 
6747.730816010621 
6747.734370400641 
6747.854114936772 
6748.350383895799 
6748.574558280302 
6748.704131816040 
6748.860410268660 
6748.326847125879 
6748.120509969204 
6748.120869378972 
6748.057262677909 
6747.927296738241 
6747.678501511351 
6747.896730128004 
6747.782234189787 
6747.849925570467 
6747.320396698477 
6747.702818878934 
6747.617990285036 
6747.485809896681 
6748.025465541417 
6748.066261166928 
6748.462798734272 
6748.483805810395 
6748.732865565999 
6748.981814003790 
6748.944872284879 
6748.716733836124 
6748.615272308862 
6749.909965826813 
6750.136371659100 
6750.077634076370 
6749.497006234473 
6749.932617125604 
6749.899973762738 
6749.881979197073 
6751.212321482574 
6749.827085580692 
6749.213861625370 
6747.534026689512 
6747.497786355011 
6747.353953091110 
6748.066109473911 
6748.486192524137 
6748.991485807464 
6748.723186689134 
6749.220477222792 
6750.366437745310 
6750.366437745310 
6751.173338051154 
6751.266335007059 
6750.191799584364 
6750.183097977704 
6749.070237161428 
6748.515856635818 
6748.835632383209 
6746.967918291874 
6746.847547127649 
6746.340724433660 
6746.670691566135 
6748.951643303746 
6748.896446664533 
6748.464205639189 
6748.662626972208 
6748.991449066773 
6748.445734582127 
6748.775763562878 
6749.377738471320 
6749.210436126555 
6749.518582238423 
6749.752027820905 
6749.008684264981 
6748.981989213298 
6748.434399404010 
6748.312172156501 
6748.488984680673 
6749.227742777428 
6750.228836699089 
6751.068076956864 
6750.296916090808 
6749.195449269282 
6749.072061955222 
6749.921869157759 
6749.865059030094 
6750.236342397808 
6750.153024580753 
6749.723834230127 
6749.657905111522 
6749.742159615898 
6750.107686314072 
6749.369275069786 
6749.953885548258 
6749.834480408999 
6749.932787434942 
6749.557339020026 
6749.618791240156 
6749.522019867200 
6749.748953774029 
6749.521437239080 
6750.525612049922 
6750.141329744344 
6747.794215226905 
6746.517184109426 
6746.634833205577 
6746.609371592343 
6747.311450960200 
6747.338352358711 
6748.495270830039 
6749.466297629162 
6749.879935013457 
6750.239459556657 
6749.971769418883 
6749.246518360539 
6749.628374244427 
6749.607074069749 
6749.104096872556 
6748.059731871120 
6748.582922910211 
6749.162648320908 
6749.040046222586 
6749.907735890166 
6750.182548644362 
6749.554087236179 
6749.715717960580 
6748.849386236926 
6749.023452551241 
6748.807259044999 
6749.056649803651 
6748.275560234556 
6749.067197995629 
6748.558271161316 
6747.685574163533 
6747.753540583689 
6746.037168494679 
6746.642056217312 
6746.541276304241 
6746.343162881543 
6745.878970566904 
6746.838460521562 
6746.768471721581 
6746.702273460259 
6746.846355233441 
6746.846355233441 
6746.932188587737 
6747.682353003675 
6748.903754074793 
6748.734777829136 
6747.494639201032 
6747.565418916421 
6747.954366174645 
6748.655753434532 
6749.025549431954 
6749.700911678960 
6749.414581848732 
6748.407004615557 
6748.923266700354 
6748.079470312006 
6747.649416709953 
6747.752388953882 
6748.703017891423 
6748.589856208010 
6748.580994004068 
6749.005434359431 
6749.267578535359 
6749.149605114600 
6749.227973504867 
6748.281686676240 
6746.911610537398 
6748.564879316118 
6749.918259439682 
6749.533999505641 
6749.738860952151 
6749.675963039877 
6749.826234409072 
6749.850890065198 
6750.549688019925 
6748.512878999046 
6747.770087696046 
6748.736724375905 
6746.286859197677 
6746.729119255714 
6747.185795949350 
6746.825528534089 
6746.543586455688 
6746.336020542691 
6747.513920763710 
6747.488278786454 
6747.624307696590 
6748.076786494217 
6747.506839835093 
6746.419040416536 
6746.811878713717 
6745.877487161722 
6745.979687559195 
6746.248226591395 
6746.136134669456 
6746.272516360163 
6746.804663888120 
6746.927747398536 
6747.436882281019 
6747.419063582440 
6747.697475196073 
6746.684256025230 
6747.126753705959 
6747.081517690563 
6747.505926530634 
6747.505926530634 
6747.799046965683 
6748.230339383600 
6748.086184006310 
6748.129367534205 
6747.659358273063 
6748.372837051384 
6748.474048902539 
6748.310774947673 
6748.724797739771 
6748.331264984303 
6747.734211278714 
6747.874666125775 
6750.151512568676 
6749.692187493820 
6749.723300022507 
6749.906891322031 
6749.293535113168 
6748.863248439542 
6748.796507341075 
6747.344105828522 
6749.182689786617 
6749.182857990538 
6749.132153149870 
6749.770879816496 
6749.521565737916 
6749.531584033554 
6749.226959802777 
6749.379641986641 
6749.041731335589 
6748.302486631153 
6748.287449753239 
6748.166554044928 
6748.146017053796 
6748.080978942850 
6748.293344089469 
6748.293809915787 
6748.317270381679 
6748.369079269631 
6749.282853838457 
6749.092390976858 
6749.256203674555 
6749.264003292778 
6749.904947975278 
6749.488411148419 
6749.983589956934 
6750.331828917213 
6751.149870861671 
6750.727689363324 
6750.808690903714 
6750.413874330860 
6750.855149550579 
6751.117510678811 
6751.172246296514 
6750.597390514092 
6751.140371364878 
6750.549682804903 
6750.026781425092 
6750.476683408999 
6750.327876026923 
6751.270007801624 
6751.243582564038 
6750.974210018223 
6751.225427933207 
6750.534786282211 
6750.851016467276 
6751.031440490214 
6751.660993373001 
6750.591694469165 
6750.611334821851 
6751.155719588415 
6749.655627269854 
6750.585739118987 
6749.855033862226 
6748.675947632802 
6748.082777412811 
6747.916330095412 
6748.081918256134 
6748.095394453526 
6747.918923607935 
6748.603716984038 
6748.724988254505 
6749.055233178923 
6750.307982436732 
6750.470957134503 
6749.832681358235 
6749.361188644823 
6748.699532135242 
6748.530470661046 
6748.500532088080 
6748.462870135108 
6748.921000314065 
6749.123937977555 
6749.296958629985 
6748.934368503530 
6749.625691949131 
6749.167731809299 
6748.977743878298 
6749.037808085812 
6748.969517015057 
6749.581687693619 
6750.200038961510 
6750.373786969159 
6749.658536931266 
6749.251418461914 
6749.408562548862 
6749.616105158449 
6748.349867250333 
6748.452269673890 
6749.123699707655 
6749.028181853364 
6749.162202561937 
6748.318000138796 
6748.211391661013 
6748.106617955208 
6748.785806024173 
6748.591692283904 
6749.459685232810 
6749.953391830712 
6749.707501134219 
6750.016256013908 
6749.861356053206 
6749.545974088771 
6749.288784668554 
6749.680495663830 
6749.257126813933 
6749.387489476660 
6750.627737468443 
6750.240205877496 
6750.764330539235 
6750.118940523847 
6749.543923698505 
6748.534105930574 
6748.678083996900 
6748.191431091063 
6747.677283139793 
6748.456884904253 
6747.466278770448 
6747.576566435461 
6747.440451356787 
6749.026554444790 
6749.057913024071 
6749.012375657131 
6748.561655408826 
6747.886166158006 
6748.183970629971 
6747.391192220623 
6747.427755194039 
6747.320704867457 
6747.623004496481 
6748.100520832462 
6748.100520832462 
6747.963432885903 
6747.759153511321 
6747.366314644410 
6747.224657107122 
6747.300181938419 
6747.383976835667 
6747.412049166921 
6747.460451959331 
6747.368024817605 
6747.368024817605 
6747.249734294195 
6747.388937635646 
6747.423415669214 
6747.417710321205 
6747.663757379235 
6747.606867705094 
6747.647849859000 
6747.702412759010 
6747.470790971336 
6747.491703739791 
6747.262687100505 
6747.421347449174 
6747.315409376525 
6747.575241891545 
6747.513237753419 
6747.240766760469 
6747.047975450719 
6746.929468046432 
6746.754311614940 
6747.006636547971 
6747.163651618047 
6746.753647603320 
6746.488014875138 
6746.575508376942 
6746.751383985973 
6746.955448741455 
6746.851422133097 
6747.665330354326 
6747.129386708902 
6747.137603727602 
6747.116812265961 
6746.771198760739 
6746.904060692402 
6747.234100023920 
6747.281588253795 
6747.037721900814 
6747.288140867907 
6748.051142165623 
6747.355206675862 
6747.350930389858 
6747.407161859093 
6746.622900786849 
6746.838945745531 
6746.149356561573 
6746.156645481146 
6746.428363611540 
6746.432362216379 
6746.497535329233 
6746.522510873388 
6746.424170214531 
6746.188012850995 
6746.332937108634 
6746.831871588252 
6746.664883486927 
6746.563378770840 
6747.295686771388 
6747.456083906799 
6747.661535164190 
6748.102743376814 
6747.894781304754 
6747.209100159098 
6747.151717080614 
6746.664867411512 
6747.058372843166 
6746.846293144417 
6747.620214780962 
6747.749908778033 
6747.749184965107 
6747.811496336614 
6748.485520854377 
6748.579231838377 
6748.361315760414 
6748.500097840377 
6747.832188478476 
6747.951435980506 
6747.829828645066 
6747.719397904671 
6747.668491473496 
6748.621143720599 
6748.492135232754 
6748.483900609345 
6748.893184534203 
6748.749738891226 
6749.115495124384 
6748.360113064463 
6748.736487284057 
6748.658171683836 
6748.578110975153 
6748.089327664610 
6747.967219093812 
6747.994138315133 
6748.062181716688 
6749.023871781657 
6748.610349554282 
6745.858694466574 
6745.459977577799 
6744.808612899998 
6745.354114979002 
6745.780541859027 
6745.705015382612 
6746.279565487129 
6746.623835228311 
6746.354992475760 
6746.351255229374 
6746.548355512893 
6746.243086688552 
6745.695192506923 
6747.124617070951 
6747.457540314579 
6747.606814978166 
6747.934453029901 
6748.192193352957 
6748.198088816866 
6748.537138181839 
6748.247036669331 
6749.051885693931 
6749.700837988146 
6749.364239831512 
6749.378572749967 
6749.306919708163 
6749.001763660064 
6748.693497018511 
6748.618833951503 
6748.369564065573 
6748.697361015064 
6749.835569791288 
6749.549027317728 
6749.502457641961 
6750.179087177620 
6750.162952706817 
6749.918771366227 
6750.135441823061 
6749.438490310476 
6749.637309800919 
6749.836363095395 
6749.549712888691 
6749.544414014459 
6749.394455866754 
6748.718711988919 
6748.910070062971 
6748.518226197714 
6749.505391569316 
6749.166121508774 
6749.166121508774 
6748.723540479038 
6748.229147907956 
6747.844295589123 
6747.394204235505 
6747.363523970892 
6747.393806816440 
6746.872054183962 
6747.069286446434 
6747.080338586723 
6747.811949526828 
6746.933900142318 
6746.763190588064 
6747.270102912690 
6747.334528624260 
6747.663873705508 
6747.883544760309 
6747.695105023800 
6746.587360656818 
6747.477973456800 
6748.875313891521 
6748.863868593338 
6748.747491859403 
6748.322243504653 
6748.306809529619 
6748.461400646542 
6748.367472811178 
6748.596898251512 
6749.641461871899 
6748.841838255406 
6748.403540611977 
6748.785344825137 
6749.214221624614 
6749.039139124745 
6748.537094825302 
6748.603538595789 
6748.849330663911 
6748.813300811980 
6749.559699976147 
6748.993898396986 
6748.757326009247 
6749.539044447451 
6748.901369758782 
6749.211172255470 
6749.086094807702 
6749.268616574413 
6746.939078264876 
6747.597816419384 
6747.009212163378 
6746.080637448721 
6746.059085801384 
6745.690192795724 
6746.062232612672 
6746.313630423198 
6746.351379295565 
6746.527048806017 
6746.335625536763 
6746.555233468781 
6747.665827046311 
6747.945135798295 
6748.394220945116 
6748.177130578363 
6748.101197240575 
6747.478266505113 
6746.593552924745 
6746.608263705541 
6746.976407393850 
6747.505085606322 
6748.222233497203 
6748.990253175172 
6749.839305953516 
6748.636351420911 
6750.617186479104 
6750.763561639185 
6751.647187796233 
6751.515693581571 
6751.065907970653 
6750.530697125071 
6751.512367172208 
6750.583846439114 
6750.482654504362 
6750.732939981751 
6750.150045650946 
6749.742535952793 
6749.450898115290 
6747.720631990242 
6747.929965994812 
6746.747566937777 
6747.043967926576 
6746.920692249497 
6746.851422901896 
6747.193439269613 
6746.507250195118 
6746.230636999734 
6745.779660854237 
6746.075230629255 
6748.025994897467 
6748.304907182530 
6748.308829259739 
6747.711052714804 
6747.605180561021 
6747.809979422298 
6747.670053641318 
6748.382728162543 
6748.294225594595 
6747.993625222181 
6748.544887883088 
6748.626518368849 
6748.544551177746 
6748.353094728022 
6748.360918454703 
6748.360918454703 
6748.494919326532 
6748.425542954929 
6747.837823084704 
6746.217992343894 
6746.472711858121 
6746.620906463226 
6746.316303761638 
6745.894050689998 
6746.238042569988 
6746.054905496499 
6745.915313529254 
6744.548217514631 
6744.475150223587 
6744.889898137118 
6745.182711928532 
6744.589563093400 
6745.722865353049 
6745.323068105570 
6744.812259527295 
6744.443578719791 
6744.933297103710 
6744.586304729665 
6744.048023895683 
6744.215538063136 
6745.094720364434 
6744.389535920409 
6744.541323713644 
6745.367484753208 
6744.930288673302 
6745.525070346363 
6745.958522841502 
6745.243809064172 
6745.286721659114 
6745.559737329793 
6745.601759697792 
6745.687102398817 
6746.014942036251 
6744.209040604728 
6743.998915427677 
6743.953999726600 
6744.336930740691 
6745.262968864845 
6745.511204815464 
6744.857867241679 
6746.442532630841 
6746.749655046578 
6746.822890209396 
6746.854133527326 
6746.910930633873 
6746.896560105576 
6746.811933794116 
6746.987516456629 
6747.027632315624 
6747.165718485449 
6747.092693801412 
6747.751056189370 
6747.532509021177 
6747.509582337038 
6747.560146953958 
6747.636640594341 
6748.061848547836 
6747.904536818430 
6747.892020757453 
6748.070534454572 
6747.957480294821 
6747.855301614381 
6747.461963608029 
6747.882725861625 
6747.861372153749 
6747.638148287220 
6747.573307741638 
6748.589403173761 
6748.719585353749 
6748.703311770475 
6748.776712827726 
6749.239266249449 
6749.353337987482 
6749.407650451491 
6748.614441206822 
6749.572811622759 
6749.326584238815 
6749.465007085847 
6749.621213097330 
6749.804293490711 
6749.239228831179 
6749.719050667387 
6749.952152126409 
6751.680060897159 
6752.217833406334 
6751.338941841749 
6751.344954076565 
6752.925198526061 
6751.595691505627 
6751.004078683134 
6752.845671370033 
6751.745068324948 
6750.799234821536 
6750.518835148107 
6750.728965739187 
6750.553272418653 
6750.087599184048 
6748.787854935902 
6747.982923997535 
6747.575797023173 
6746.980068282149 
6748.182778970661 
6747.237358388573 
6746.995106719961 
6746.783104356937 
6746.642230252565 
6747.160284959787 
6747.419562131670 
6747.381761000684 
6747.447466256061 
6747.076586743161 
6746.325228546021 
6746.245608312284 
6746.779014513902 
6747.757401549114 
6748.329549075830 
6747.169209102562 
6747.200885814433 
6747.104771403472 
6747.234922241014 
6747.361304129603 
6747.713322512300 
6746.685620374751 
6746.458728689218 
6746.610543971291 
6745.931780364695 
6746.154754648534 
6746.360266535484 
6746.264163191010 
6746.808752541326 
6746.916252132459 
6747.198398907128 
6747.458729584346 
6746.809765181817 
6746.322499090664 
6746.642123390132 
6746.237366929226 
6746.055365454395 
6746.209122490269 
6746.240272102344 
6746.361962345042 
6746.285788820519 
6746.719168805737 
6746.808458024947 
6746.270620091823 
6745.631257636030 
6747.081827505845 
6747.388946024614 
6747.388391462225 
6747.718124378520 
6747.804334037908 
6747.750168101268 
6747.987497842726 
6748.194258083908 
6748.178634381185 
6748.218979176099 
6748.506381505384 
6748.366172835759 
6748.438838279193 
6748.365156460419 
6748.416975044571 
6748.305525699897 
6748.356517056548 
6749.001081723154 
6751.453468720380 
6750.469920289341 
6750.932410898438 
6751.464644064445 
6751.532066718860 
6750.691286254646 
6750.684038668704 
6751.781274883888 
6751.448992830263 
6751.714315522573 
6751.161147028385 
6751.424397039546 
6751.961506510570 
6751.737989212329 
6751.688201461170 
6753.316204193979 
6752.635436229543 
6753.656247538821 
6751.613825671354 
6751.740269407801 
6752.243552306118 
6751.500712326524 
6752.603669868610 
6752.883382346426 
6752.232301552713 
6753.187788390128 
6753.298635162360 
6752.582384949589 
6751.418944606858 
6750.711241735164 
6751.622256009919 
6750.392610603059 
6750.654417534630 
6749.851074416378 
6749.546337161291 
6749.250758454884 
6748.831506366900 
6749.234643310798 
6748.495269204129 
6748.547222293645 
6748.795919911455 
6748.276624302696 
6748.494676325736 
6747.960267203538 
6748.175202936287 
6748.248900698335 
6748.135216031796 
6748.138807271191 
6748.063976920311 
6747.765125266343 
6748.817250126650 
6749.119561885287 
6748.177580351070 
6748.214740028898 
6748.506991278697 
6748.528453064689 
6748.737717473775 
6747.143228045928 
6746.709146883933 
6746.709146883933 
6746.715395229052 
6747.245671256220 
6746.744397866900 
6746.859022160228 
6746.230219785696 
6746.688512749965 
6746.429796949794 
6746.141741947885 
6746.072012774806 
6745.958937496785 
6745.995321426712 
6746.180663839517 
6746.000833642188 
6745.227038174763 
6746.883153155154 
6746.847347747580 
6745.415569437258 
6746.723520113910 
6746.751435525171 
6747.239150751776 
6747.052099280310 
6747.648848633889 
6747.686332570940 
6748.102987139295 
6747.758456021375 
6747.877479398455 
6748.040145741650 
6748.074107173657 
6747.598016490945 
6747.525669871274 
6747.630926412942 
6747.729753353909 
6748.042911791569 
6748.886722898837 
6746.693342402339 
6746.663334728252 
6747.218022865435 
6748.013172058008 
6747.924982163471 
6747.874666121517 
6748.152124500416 
6748.151369130574 
6748.099949443720 
6747.821238304187 
6747.705579293402 
6747.074196803018 
6747.812278693356 
6747.710764770382 
6747.640570269806 
6747.966894297490 
6747.865271336143 
6748.641426755703 
6749.663195379309 
6750.043918545496 
6750.167913035782 
6750.055407396348 
6749.455322763882 
6749.447331792483 
6749.467822515321 
6749.518726969026 
6749.485220192703 
6749.260623206869 
6749.958565191546 
6750.027403188509 
6750.006788894266 
6749.196804302172 
6750.338918155351 
6750.402548451474 
6749.444544457585 
6749.714143512849 
6749.806550865532 
6749.308160185619 
6749.277254637456 
6749.524137376347 
6748.769120438760 
6748.483643832977 
6748.015500062651 
6748.146343224953 
6748.492326071131 
6748.564416385597 
6748.380880978637 
6748.437833589143 
6748.590260916894 
6748.893865927757 
6748.910359032776 
6748.844551797133 
6748.646685727536 
6748.802491637527 
6748.746919247516 
6748.517336793798 
6748.645438537669 
6748.557004182355 
6748.765179031864 
6748.437852894562 
6748.626602723732 
6748.806175297534 
6748.419625763903 
6748.251398044521 
6748.608808982916 
6748.487681860257 
6748.192469629243 
6748.263088677044 
6748.260840683392 
6748.212883968952 
6748.526281172479 
6748.467594036084 
6748.657210879828 
6748.501218839087 
6748.148962604470 
6748.036848001619 
6748.047282250038 
6749.318916284846 
6749.382608189295 
6749.224879468627 
6749.136025124898 
6749.580701057035 
6749.447733912080 
6749.878993776457 
6750.005050210084 
6749.102594329777 
6748.734608094334 
6748.786287206892 
6748.025948787245 
6748.099105696965 
6748.447378104759 
6748.438904057028 
6748.084456995889 
6747.667108563914 
6746.729345216076 
6747.059296428558 
6746.000330445628 
6745.434430549782 
6745.291749432563 
6745.732048111318 
6745.062750138324 
6746.289946984351 
6745.707745709386 
6746.202740405785 
6746.354330914712 
6746.364652893622 
6745.563249753988 
6746.435690584562 
6745.968098122309 
6746.568641928821 
6746.383289916434 
6746.370146655079 
6746.989777758689 
6746.746512099184 
6747.761180693674 
6748.030269293831 
6747.341354907509 
6747.156345364217 
6747.132351053895 
6747.088863049265 
6747.292712058779 
6746.588391689132 
6746.848432587702 
6746.029769496956 
6745.867694156919 
6745.984202159108 
6746.471806716775 
6747.387612149563 
6747.653642350083 
6748.099514337388 
6748.468457464313 
6748.493954473119 
6749.576529346757 
6750.047143624551 
6747.452904228980 
6747.384839923244 
6747.803786120312 
6747.751058026957 
6747.897473895327 
6747.619400536506 
6746.964579416867 
6745.757564341442 
6745.473245681661 
6745.074068858017 
6744.369222255508 
6745.109569524853 
6744.921481729251 
6744.556714683222 
6744.596768450330 
6744.372112350636 
6744.512124521345 
6744.280850662783 
6744.726845910407 
6745.499032627366 
6745.010359308397 
6745.397367931824 
6744.464641240389 
6745.254703490630 
6744.213545206022 
6744.736614229258 
6745.129208106238 
6745.265172437184 
6745.207962990768 
6746.909006402921 
6746.171710125373 
6746.122252067790 
6746.463284757321 
6746.611434246046 
6743.857508726192 
6743.905246117246 
6744.965694750944 
6743.996961606304 
6746.564201880386 
6746.605726576307 
6746.653341297038 
6746.504993306719 
6746.763006347878 
6746.941417879905 
6746.973086467179 
6747.709745143792 
6747.553510140738 
6746.964460295540 
6746.558392373581 
6746.725216637641 
6746.717087452061 
6747.517192085511 
6747.592487988085 
6747.699899412634 
6748.826940484932 
6747.817194149914 
6748.031856285379 
6747.563475402031 
6747.498566060203 
6747.576867371415 
6746.968112617458 
6747.309459680669 
6747.141171557705 
6746.825181386025 
6747.080888816708 
6747.080888816708 
6746.586734200640 
6746.436284581392 
6746.601562604107 
6746.635805787616 
6746.665559870547 
6746.360077259572 
6747.087095865654 
6747.914748642336 
6747.953484212653 
6747.416465340718 
6747.018975247616 
6745.890024839016 
6746.323500323570 
6745.584244673081 
6746.117001107676 
6746.377016722317 
6746.731323860506 
6747.270338883527 
6747.463706917188 
6747.441759521938 
6747.271566860247 
6747.569786941579 
6747.329376804822 
6747.208842621746 
6746.425785387499 
6746.721234236582 
6746.521989992069 
6746.525578547233 
6746.543578408737 
6744.859775341090 
6744.885609588407 
6745.359810675810 
6745.502801200934 
6746.198210966427 
6746.076163335267 
6746.025062571318 
6746.082281213775 
6745.991302534262 
6745.529642546228 
6745.518500454119 
6745.571404514965 
6745.516794234478 
6746.274171753598 
6746.040394748450 
6746.864988897159 
6746.834536423981 
6746.703878753061 
6747.201606571375 
6746.865232024109 
6747.576970797518 
6747.428892090159 
6747.065410223710 
6747.139742183221 
6746.230377039734 
6746.614249729631 
6746.933260574269 
6746.702933286050 
6746.979826424568 
6746.444858509106 
6745.891907814047 
6746.890160993576 
6746.753799406928 
6747.773610066346 
6747.334905581483 
6747.628619683107 
6747.759937270219 
6748.344350380012 
6748.045573742957 
6747.783475735192 
6747.677972402314 
6747.723603411349 
6748.080621200114 
6748.286258110348 
6747.976869574731 
6749.052917971663 
6748.790838125788 
6749.071579124042 
6748.936182359611 
6748.712176064436 
6748.687017245981 
6748.456511427529 
6748.318674564213 
6748.368109449127 
6748.205126343091 
6748.484960295546 
6747.916610014191 
6748.639506479577 
6748.537582212578 
6748.044864779582 
6748.193458552597 
6747.622234532477 
6747.380496435769 
6747.214074683490 
6747.079226078920 
6747.424210382377 
6747.410272215771 
6747.711129309912 
6747.197810667230 
6746.533104349561 
6746.364299863475 
6746.014269480111 
6745.201316821142 
6745.938093694628 
6745.149242961734 
6745.061599730430 
6744.188330791534 
6744.188330791534 
6744.193975895287 
6744.422886981851 
6744.861559621037 
6745.340007283188 
6745.486112402024 
6746.046059322563 
6745.806588050074 
6744.542049007872 
6745.326358563772 
6744.372838179533 
6745.376232563758 
6744.578131364870 
6744.509552469279 
6744.765431961619 
6745.099501129399 
6746.401895551064 
6746.629587736182 
6745.785199433514 
6746.401674885218 
6746.368279386623 
6746.340992623002 
6746.318355991543 
6746.398812661195 
6747.148258882166 
6747.635081477862 
6747.052998220589 
6747.299795594802 
6747.118974755549 
6747.115327689593 
6746.805384741260 
6746.164035220796 
6746.183419118632 
6746.419518252041 
6746.360189788652 
6745.692641768175 
6746.147567907116 
6745.507813981559 
6745.986065153002 
6745.468052176650 
6746.394904509606 
6746.061921055485 
6745.468745472665 
6745.640981380859 
6745.414127470763 
6743.215272127986 
6742.833464560795 
6742.817576700269 
6742.396308241006 
6743.692962716028 
6742.756580056317 
6742.833098330384 
6743.136665873444 
6744.212134807401 
6744.238296055704 
6744.446738132734 
6743.758762845363 
6743.822167379907 
6743.672536336259 
6743.637337303837 
6744.182881143623 
6743.852766681189 
6743.284369949593 
6742.473588978381 
6743.404434275213 
6743.573077680976 
6743.396199532886 
6744.449023398141 
6744.624234856150 
6744.245097450344 
6747.161132896975 
6746.759618865379 
6747.019888823104 
6745.790627891301 
6747.588264664128 
6747.527080223230 
6748.079038386954 
6747.367546727999 
6746.967565899814 
6747.457728701493 
6747.629077746248 
6748.086400913401 
6747.805770472462 
6749.190171125995 
6749.215338828345 
6749.560301535380 
6749.263493826609 
6749.411004757641 
6750.639366599201 
6750.511341553008 
6750.049368736622 
6750.195602256030 
6750.301953288693 
6750.506549997219 
6749.908371012285 
6748.801886537583 
6749.234068892213 
6749.415812776219 
6748.890155723728 
6748.477202356190 
6748.546396158041 
6748.821015008982 
6748.442067460403 
6748.814334488432 
6749.647815361836 
6749.443436262655 
6749.028394831939 
6749.009035767906 
6749.428404679068 
6749.047812517803 
6748.654656771957 
6748.677134283546 
6747.608424490152 
6747.724884391633 
6747.936777527580 
6747.625034849480 
6747.917154997687 
6747.376691601018 
6747.253215702330 
6747.319278766808 
6747.040286520692 
6747.909412453942 
6747.775200099985 
6747.543307769432 
6747.570309545034 
6749.530012462154 
6749.188547237504 
6749.169125468313 
6749.902393482167 
6749.078500092207 
6748.358488864889 
6748.653418302285 
6748.785927629920 
6748.412687591881 
6748.566218694319 
6748.814861104725 
6749.670675200518 
6749.106195247574 
6748.798608871706 
6748.859947449015 
6748.685206437215 
6748.289226340181 
6747.999238398552 
6748.195657959029 
6747.058697011772 
6747.118156824924 
6746.714487650346 
6746.821519622890 
6746.566862082089 
6746.225886643178 
6746.101793018011 
6746.462364388317 
6746.758448841276 
6747.108172334692 
6746.501066642608 
6746.595647835747 
6747.178799298181 
6747.207530430930 
6747.544744853969 
6747.708965544759 
6747.679791276792 
6748.222416377911 
6748.304888516042 
6748.153935252184 
6748.342529506374 
6748.274530957597 
6747.921927272041 
6747.914460781773 
6747.779868161532 
6747.831279713903 
6747.936504098968 
6747.936504098968 
6748.109863963949 
6748.099449475327 
6748.025356251154 
6747.891789141675 
6746.779340048881 
6746.778756315538 
6747.936199886379 
6747.743854827984 
6748.415158688470 
6748.847012129810 
6748.865788997862 
6748.749917693461 
6749.532699872952 
6750.126735653515 
6750.177813789613 
6749.419720102956 
6749.035387089844 
6749.006663597822 
6748.401085496326 
6747.755315218108 
6747.737043015808 
6747.015254365603 
6747.082015059757 
6747.115440457894 
6747.345784597904 
6747.314247213634 
6747.087847767065 
6745.704911590289 
6745.553173305698 
6745.873173565236 
6745.944861101844 
6745.780330637725 
6745.684020337518 
6744.703194373072 
6746.011743620884 
6745.975053062127 
6746.085686006699 
6746.187649610165 
6746.382715183610 
6745.764267594449 
6745.939899117826 
6746.073345411552 
6746.249993801079 
6746.500891497175 
6746.721353189060 
6746.348896904134 
6747.540998383892 
6747.892710017089 
6747.749116391485 
6748.580422803984 
6748.393671432488 
6748.416632119321 
6748.457175014333 
6748.591438773307 
6748.532835128263 
6747.903604031172 
6749.046111649314 
6748.435276081916 
6748.068067545594 
6748.080041670209 
6748.161717348462 
6748.200543807077 
6748.203767059465 
6748.064118536650 
6749.111103164138 
6748.477968660350 
6748.361580201984 
6748.364013776782 
6748.498266664754 
6747.856128404158 
6747.814107491893 
6747.880571678891 
6747.869271116097 
6747.965865818690 
6747.662819943200 
6747.882523912937 
6746.987712653091 
6747.167707357595 
6746.941658265294 
6746.319049527073 
6746.019877345503 
6745.817773163716 
6746.035796163105 
6746.089189415487 
6746.764567194008 
6745.964539562015 
6747.380168813666 
6747.342627037475 
6747.898646283278 
6747.734887430076 
6747.610308716012 
6747.415841694440 
6746.676473653544 
6746.063952941853 
6745.915274500300 
6746.845575964056 
6747.360508813983 
6747.172310186673 
6747.338477562780 
6748.246972441701 
6748.598758215991 
6748.559961622467 
6748.099735086432 
6748.199754834135 
6747.526281073639 
6747.481633227551 
6747.928008684266 
6747.960302512366 
6746.737415801276 
6746.802124255303 
6746.294244816407 
6746.963560666824 
6747.181234318365 
6746.393050970755 
6746.413422110265 
6746.751319377398 
6747.540760934951 
6748.043318675418 
6748.112771256799 
6748.007110282298 
6747.821699445535 
6747.037670718496 
6747.612609509255 
6747.740602543453 
6748.116746291962 
6748.184302996574 
6748.133816003500 
6748.860092666878 
6748.365201227783 
6748.128036974366 
6748.224775466092 
6749.306532077313 
6749.812488372812 
6749.883180099934 
6749.987024565149 
6750.669266628182 
6750.905589277443 
6751.026827995486 
6750.368623481037 
6750.067793711089 
6749.792740198559 
6749.379132132261 
6749.264743899128 
6752.177990584947 
6750.404425335474 
6750.480833609512 
6749.629480242294 
6749.835997433029 
6749.883874432292 
6750.086821210064 
6749.839819519600 
6749.355265891503 
6748.411760025534 
6748.728113700458 
6748.603713688502 
6748.480736107273 
6747.354504485046 
6746.874710672732 
6746.497609545689 
6746.254935197915 
6746.601137962893 
6746.124071236924 
6746.159815019600 
6746.777174988235 
6748.093362653679 
6747.434796740247 
6748.027237388191 
6748.536750447611 
6748.046737945154 
6748.290286306594 
6748.746673465023 
6749.587370708687 
6749.650050352662 
6749.328554211223 
6749.299642627005 
6748.139668872060 
6748.782516806601 
6748.260523787965 
6748.258346916765 
6748.061254970389 
6744.874226987042 
6745.230592518538 
6744.608892066148 
6744.885040535988 
6745.758668940908 
6745.293926199671 
6744.907885499816 
6745.276205645202 
6744.409187609866 
6744.859622270576 
6744.901697231030 
6744.434095717696 
6745.301701777695 
6745.585966222383 
6745.386601435307 
6745.346283533087 
6745.938804227742 
6746.111346145878 
6745.163460760345 
6745.217839089649 
6745.244808782579 
6745.599497668234 
6745.907096706605 
6743.793445617840 
6745.040599694585 
6745.899792760119 
6745.649840409112 
6745.247814384216 
6745.214526057520 
6746.298186244389 
6746.851947427027 
6746.835295002353 
6746.845726885634 
6747.030705147832 
6747.039464182080 
6747.184853133460 
6747.184853133460 
6747.532633980868 
6747.688651525826 
6747.586222609954 
6747.431428192053 
6746.788978142815 
6746.681507792755 
6746.601682219059 
6746.530265149090 
6747.280626538380 
6747.399583550462 
6747.420721224072 
6747.211171812042 
6747.065997089137 
6747.302671446094 
6746.626828254085 
6746.582434566237 
6746.438253942142 
6746.836436306492 
6746.797240316540 
6746.960844009838 
6747.188685700946 
6746.893060923619 
6746.963580986795 
6747.124902209563 
6747.001274878681 
6747.017455245172 
6746.991829164508 
6746.996492975900 
6747.213712080431 
6747.415548091091 
6747.823832345525 
6747.434185453862 
6748.736966145343 
6746.726612297639 
6746.869409417604 
6747.222428003657 
6746.229777135613 
6746.752545628805 
6745.815418475092 
6744.601953177679 
6744.686322060127 
6744.799073794352 
6744.174915683709 
6744.749209349384 
6744.749209349384 
6745.171352532262 
6745.860873043315 
6745.715401344044 
6746.849534407437 
6746.648777793564 
6747.221334336581 
6747.725134105118 
6747.689840806852 
6747.818142793901 
6746.975435450015 
6747.047443254956 
6747.082117486502 
6749.266981492980 
6749.250568219129 
6749.039320275163 
6749.277572654186 
6749.171387276073 
6749.108247394806 
6749.752425224811 
6748.805326225020 
6748.793261165304 
6748.988237215507 
6749.052452699354 
6748.959404391433 
6750.230645419824 
6749.389158126421 
6748.967422798836 
6749.401185240450 
6748.561242568030 
6748.432880900230 
6748.882000061230 
6747.853744986006 
6748.076290105637 
6748.367881654781 
6748.637792454163 
6748.585172555131 
6747.655191957974 
6747.655191957974 
6747.163262688337 
6747.251080032517 
6747.620073715183 
6748.461903287773 
6748.623260813293 
6748.529506826756 
6748.708824771656 
6748.258536858805 
6748.364297416055 
6747.051212384013 
6747.158003905351 
6747.045608434655 
6746.389497491974 
6746.511450138209 
6746.499606215601 
6746.351330742016 
6746.391707503596 
6746.289400347619 
6746.541800570935 
6746.535778925470 
6746.662421846798 
6746.863471942903 
6745.570223404873 
6745.950760279899 
6744.707284434801 
6744.907115988548 
6744.498480749294 
6744.096769022810 
6745.403135038538 
6745.058852143337 
6744.821144166445 
6745.010892531519 
6744.444632384886 
6745.029420349771 
6744.728814045148 
6746.007353988958 
6746.142295662898 
6746.005422852747 
6745.676398205553 
6745.235662285138 
6745.175316245204 
6744.956860663259 
6744.681390124761 
6743.573382500768 
6743.451989074853 
6744.117415085299 
6744.946591641769 
6744.733696210003 
6745.164469027893 
6744.889058615371 
6746.855016392456 
6747.471326290452 
6747.514542093768 
6747.729840038698 
6747.433149418054 
6747.999896935645 
6747.803046055724 
6748.434565380526 
6748.643785545584 
6748.486715858165 
6748.538964540510 
6748.511755436963 
6747.147540732545 
6747.649961144161 
6747.757671476850 
6748.179472892836 
6748.179472892836 
6748.188422640502 
6748.800297836453 
6748.613089582961 
6748.494970162346 
6748.443704087195 
6748.394034974010 
6748.269931511949 
6748.741695664364 
6749.180142694560 
6748.883581689177 
6749.364849965621 
6748.422183229726 
6748.622984478299 
6749.168990807516 
6748.984395731715 
6749.254976318342 
6749.699480002379 
6750.435257191821 
6749.127073817617 
6749.210504677286 
6749.552960193817 
6749.293521625164 
6749.118220358004 
6748.891538774930 
6748.553321920050 
6749.500110014540 
6749.295987691063 
6748.890149509117 
6749.461614677275 
6748.243641950437 
6748.497330705980 
6749.529866648820 
6749.171644460750 
6749.821493015566 
6749.777430489966 
6749.807399167247 
6749.385632164898 
6749.999354495149 
6750.132010473229 
6750.617973613604 
6750.924180365489 
6750.860651477878 
6750.824780297025 
6750.666242454824 
6750.604071453476 
6750.797334103935 
6750.637067590145 
6751.217097963012 
6750.304094246572 
6751.629571860087 
6751.477648777351 
6751.098187708349 
6752.599013499670 
6752.139128188787 
6752.235154342835 
6752.057258580194 
6751.445656875379 
6750.754557565126 
6751.041176962965 
6750.820059080143 
6751.257163203632 
6751.205820107432 
6750.908538429301 
6750.747582786146 
6751.151636024858 
6750.676771983391 
6750.698564021537 
6750.407178991654 
6750.059860702757 
6750.442522081516 
6751.366027047352 
6750.970454091354 
6750.311282641946 
6750.594153211941 
6749.339490537299 
6749.184758182100 
6749.001970956405 
6749.614793581721 
6750.370974475999 
6750.228130856552 
6750.745249462051 
6750.340618984148 
6749.673313246485 
6750.966836444043 
6750.571079060783 
6750.395879261258 
6750.021797026267 
6749.500439419739 
6749.537112485681 
6750.247161723280 
6750.629200127083 
6750.572766038861 
6750.575093906838 
6750.960220519490 
6751.261802649404 
6747.268922089188 
6747.061973702990 
6747.143871573142 
6746.504792487919 
6747.112756957657 
6747.111464674190 
6747.000134841177 
6747.000134841177 
6747.218716863465 
6747.029383672281 
6747.251882845237 
6746.949485252911 
6746.876429672677 
6746.924504737379 
6747.485343203725 
6747.595550829042 
6747.642499583736 
6747.643768239544 
6747.730738797604 
6747.551833666411 
6748.268765819898 
6748.195536262542 
6748.016442034358 
6748.285449019648 
6745.853969626677 
6745.935785233784 
6746.417509886770 
6747.144781898770 
6745.877253183708 
6746.483488845497 
6746.385844073941 
6746.103698078715 
6746.103698078715 
6746.252358717276 
6746.305003998523 
6746.718486063713 
6746.733472811393 
6747.066897639941 
6746.228573239482 
6746.981410510308 
6746.561203300262 
6746.626889364509 
6746.457759639035 
6746.992453662107 
6747.108558788215 
6746.804169571088 
6746.606496134597 
6746.605812344343 
6746.549968675977 
6746.549968675977 
6746.807461426864 
6747.386518529969 
6747.270711892671 
6747.390689217312 
6746.801572057528 
6746.703171738167 
6744.765997623290 
6745.767700950612 
6745.183457552684 
6744.351318290801 
6745.286039187359 
6744.440052340467 
6745.101756809234 
6744.195106945911 
6746.544200745016 
6746.281052636099 
6746.105102960162 
6746.443981924774 
6746.634727500127 
6746.047589163311 
6746.047589163311 
6746.288646718482 
6746.505498654549 
6745.549427431180 
6746.274033102889 
6744.946359117788 
6746.009973284126 
6745.396005088298 
6745.091611054011 
6745.127033497064 
6745.469927585636 
6745.712294698877 
6746.479321959416 
6746.186305462209 
6746.950695324321 
6746.816112724887 
6747.368886104510 
6747.016572325297 
6747.436959518763 
6747.281361174395 
6747.932643261299 
6747.511317017961 
6748.345625326719 
6748.308251033467 
6750.984458021863 
6751.026444040801 
6750.958140678783 
6750.928551996692 
6751.120786796331 
6751.238698426876 
6750.753432577421 
6750.674378402276 
6751.103249577739 
6749.631567146205 
6750.082163366947 
6750.162724046285 
6750.089014596635 
6750.167298323999 
6750.216804226947 
6749.143988848298 
6749.171025580504 
6749.302432595202 
6749.326609135929 
6749.340911773802 
6749.369860419096 
6749.408817283585 
6749.439588986723 
6750.095758582167 
6749.358446192618 
6749.425509721479 
6749.247021944833 
6749.435899964331 
6748.924405952198 
6749.096338685762 
6749.347165717116 
6749.713475324941 
6748.881568761986 
6748.765097768313 
6748.320484354398 
6748.034017610147 
6748.660726463061 
6748.629360240635 
6747.798485603972 
6747.646111320164 
6747.414368568971 
6746.869373291350 
6745.991034053569 
6746.016348903450 
6747.292459492865 
6746.984922610669 
6746.567123078838 
6746.674913286924 
6747.027576263237 
6747.115219748091 
6746.178028535964 
6746.653858514755 
6747.046387039646 
6746.895423390365 
6747.941417004344 
6748.200307405617 
6748.070144565931 
6748.238066466123 
6747.843202129751 
6747.569327913608 
6747.770293471095 
6747.709093737139 
6747.665828897015 
6747.033753246375 
6747.642646985551 
6747.755261909617 
6748.707461865382 
6750.379288227680 
6750.264479975835 
6750.203701657948 
6750.248062248374 
6750.218890317226 
6749.959369906232 
6749.639672403077 
6749.543297866577 
6749.735808311413 
6749.735808311413 
6749.712504340229 
6749.626501314914 
6749.559757506461 
6749.353270222933 
6749.384869504760 
6749.384869504760 
6749.310667802839 
6749.131334878733 
6749.262382823592 
6749.062385704008 
6749.448161990405 
6749.171038881507 
6748.902700651465 
6748.613716466924 
6747.985826798876 
6747.908309815009 
6748.442266835252 
6750.423258507971 
6751.169452004867 
6751.627418112945 
6751.135505889596 
6750.745288845085 
6751.195657050496 
6751.179740958395 
6750.403976987966 
6750.384513285222 
6750.557044003895 
6748.587796383291 
6747.087506589995 
6747.210192396943 
6747.691445904037 
6746.992017420326 
6746.683922044721 
6746.180112950880 
6745.997534733088 
6745.475891592489 
6745.510651228599 
6745.791756667071 
6745.562901915711 
6746.518361249928 
6746.546480185611 
6749.186382264785 
6748.708377962432 
6749.566955525402 
6750.479747843589 
6750.041966451397 
6749.486022757965 
6749.449207296570 
6751.598629754370 
6751.709585547513 
6751.380290693812 
6751.728914075527 
6751.311445353512 
6751.293430002319 
6751.080385234310 
6750.670615494364 
6749.872006842660 
6749.010887655363 
6750.016697399385 
6750.459150862631 
6750.649216002792 
6751.344411769369 
6751.392422638548 
6749.332969713271 
6747.338323087775 
6746.255969889338 
6746.877373308906 
6747.059612997014 
6746.979813010928 
6748.147306571390 
6748.434043219202 
6749.191229917368 
6748.851351444681 
6748.859266966097 
6748.276260634210 
6749.070284957757 
6748.331876872509 
6748.125976328080 
6745.914097857356 
6746.489729240127 
6747.313688197521 
6747.024545525634 
6748.636838463415 
6749.853435004346 
6749.804232240452 
6749.361746094922 
6749.603207941870 
6749.838376632786 
6750.064567436847 
6750.760755695684 
6750.563304578480 
6749.810204275283 
6750.554080651286 
6750.031776075572 
6750.031776075572 
6750.031890687661 
6750.154179731367 
6749.735316410050 
6750.065527668878 
6749.525657845786 
6749.535733046033 
6749.386751196858 
6750.156976316595 
6749.745095984958 
6749.265007258654 
6749.355493090448 
6749.225642314423 
6749.159266980731 
6748.945623400803 
6749.569341141777 
6749.402380032242 
6749.004064188793 
6748.966467943831 
6748.866581104573 
6749.176317212790 
6748.778568783560 
6748.597431560736 
6748.777828340995 
6748.678359831437 
6748.671507662177 
6749.177080508788 
6748.940475545254 
6749.114106837190 
6749.119114859102 
6749.167297983196 
6749.158016262885 
6749.030016802360 
6749.030016802360 
6749.030016802360 
6749.007993527991 
6748.981593885067 
6750.129731222989 
6750.129731222989 
6749.793672496596 
6749.874183347825 
6749.868435865323 
6749.512024860037 
6749.825712081693 
6749.126642669812 
6749.375728872245 
6749.498558177236 
6749.162679828116 
6749.258666554830 
6749.354961049618 
6749.294234390775 
6749.366645706462 
6748.842631849030 
6748.820803881260 
6748.804624108772 
6748.756414524747 
6748.910994810015 
6747.965076574566 
6748.091919678001 
6747.745298200009 
6747.881442939487 
6748.364153550690 
6748.485321762108 
6747.393469752625 
6747.201689032682 
6747.886045061197 
6749.038039303863 
6749.128723127982 
6748.640279862369 
6748.035357097628 
6747.550021007059 
6747.697420582575 
6747.469970263649 
6746.697819823939 
6746.465385464913 
6746.579272787664 
6746.520674479962 
6746.413470355606 
6745.584156886876 
6746.374942792174 
6746.893078436730 
6746.911661108640 
6744.725422688224 
6745.445238354542 
6745.185968770060 
6745.357251622931 
6745.761750819421 
6745.875404407356 
6746.065543311309 
6746.853207697448 
6746.380263592750 
6747.149221736501 
6747.175091108372 
6747.437225223935 
6748.297507811735 
6747.982924417143 
6748.384488123020 
6748.010913175054 
6748.425717574685 
6748.866353477732 
6748.401452905166 
6747.972336879121 
6747.888718700670 
6747.184583391717 
6747.237425971040 
6747.136230250089 
6745.533646999325 
6744.993955348562 
6744.777157712319 
6744.699453799001 
6747.234508476876 
6747.913544633088 
6749.717899765524 
6749.332974651415 
6750.446681005375 
6750.888115584316 
6749.643475431500 
6749.801493542073 
6750.070319514698 
6748.994415170416 
6748.980607436602 
6749.016227518792 
6749.297272165553 
6749.441330623228 
6749.228496408417 
6749.183485937932 
6749.488224121489 
6749.289832381452 
6749.509250684546 
6749.166594054517 
6749.587770322631 
6748.919836355037 
6749.196723058965 
6749.397078323389 
6749.132539461084 
6749.152146861683 
6749.029326754509 
6748.817493062973 
6749.062324212979 
6749.062324212979 
6748.817197436929 
6749.010423833087 
6748.820764153424 
6748.458048416453 
6748.458048416453 
6748.443831666536 
6747.804961353633 
6747.855541417136 
6747.904229542185 
6747.900350941070 
6747.705506498031 
6747.602521230858 
6747.272745325918 
6747.627087342522 
6747.806945540256 
6747.390535719897 
6746.551178351870 
6746.068688291157 
6746.699572542623 
6746.785490322754 
6746.736819513976 
6746.671218310762 
6747.073222184058 
6747.163720974223 
6746.863747074714 
6747.051365917864 
6746.923888962216 
6747.011398969514 
6746.918191392375 
6747.413741515579 
6746.846881741521 
6747.366680304362 
6748.976951672787 
6749.357166556834 
6749.250808961752 
6749.272864800580 
6749.494011510878 
6748.945671353357 
6748.028590388091 
6747.860152352056 
6747.623625673357 
6747.588167552734 
6746.830469967829 
6747.144287101748 
6748.054735504589 
6748.406024516779 
6748.397607707014 
6747.718270794723 
6746.740740986354 
6747.023833712420 
6747.467287610750 
6746.191073600700 
6746.234859182322 
6746.250895675617 
6746.598308195949 
6746.952771116558 
6746.978847173089 
6747.383455852467 
6747.394313972376 
6747.551816136355 
6747.222694765657 
6747.462357783234 
6749.024156514492 
6748.749758611258 
6748.954233046677 
6745.639026931535 
6746.466843354347 
6745.511252546059 
6745.852790941506 
6745.935694652978 
6746.308543689115 
6745.255178942502 
6745.764400827145 
6743.644166215110 
6743.042640970140 
6743.850101970444 
6743.810460900000 
6743.779156965342 
6744.964290006596 
6745.966096992696 
6745.896807763066 
6746.105837685140 
6746.083723493771 
6746.560491480001 
6745.744704243809 
6746.172392526948 
6745.687149487404 
6746.600637505481 
6746.846678427877 
6746.310594572135 
6746.323309533205 
6746.360603295576 
6746.436758916610 
6746.037160163972 
6746.049017583148 
6746.284164271648 
6745.901258104458 
6745.679222072238 
6746.045536613188 
6746.080934384495 
6746.640874611864 
6746.938543084581 
6746.867402239674 
6746.612664584823 
6745.954874841834 
6746.668071019099 
6746.944316675633 
6747.973747623093 
6748.119082047609 
6747.166091530094 
6747.251170445487 
6746.759966564053 
6747.588758509522 
6747.600247929589 
6747.729682555081 
6748.225520911288 
6747.715074006062 
6747.791827512705 
6748.632729684938 
6748.587434009904 
6748.587434009904 
6748.642625955355 
6749.432897584387 
6749.432897584387 
6749.205040252646 
6749.451901654097 
6749.501941485019 
6749.159950434407 
6749.680694795959 
6749.889616187475 
6749.471675285798 
6749.471675285798 
6748.798550385730 
6749.636147626615 
6749.636147626615 
6749.641602714061 
6749.659881558496 
6749.824141323048 
6750.055033441910 
6749.700055902841 
6749.684600572254 
6749.551746576157 
6749.829309897063 
6749.223078874167 
6749.693530142486 
6749.649473360832 
6749.743625680698 
6750.756196261986 
6749.027576788662 
6749.634063976819 
6750.427166048930 
6750.068674894139 
6749.149359299172 
6749.135438947968 
6748.835743339661 
6748.887740353575 
6748.887740353575 
6748.511538555450 
6748.970591415775 
6748.632641640644 
6748.760850960915 
6748.903711190688 
6748.312073820973 
6747.338040958456 
6747.384553800821 
6747.025252110800 
6747.339904060059 
6747.434912152955 
6748.567604112606 
6748.486984426708 
6747.423314572031 
6747.120136012436 
6746.925993557809 
6746.405383860159 
6745.370057792408 
6745.699667213025 
6746.392050863430 
6746.275481360665 
6746.602232821329 
6747.942944162365 
6748.275177086454 
6748.215490421948 
6748.274022983499 
6749.317191576705 
6748.583259118818 
6747.917416201944 
6747.867782611230 
6747.381746936920 
6747.712884785510 
6748.304811559107 
6748.978096804128 
6748.370213543489 
6748.029172156832 
6747.174809229416 
6747.673460838007 
6748.143773137656 
6748.258027905298 
6748.942954116025 
6749.310334563729 
6748.895771591705 
6751.327416458163 
6751.065906003300 
6750.888662233177 
6750.870441502267 
6750.996283148543 
6749.754302182472 
6750.369157167412 
6750.298633124176 
6750.352914964600 
6750.597867671200 
6750.362010843457 
6750.299356361191 
6751.132645757797 
6750.496371820551 
6750.438586543924 
6750.206045260201 
6750.256871279521 
6750.476115014560 
6749.972325296208 
6750.693370117124 
6750.845016115381 
6751.464719444813 
6750.988336534874 
6749.754353789583 
6750.050331683101 
6750.154875835439 
6749.947033911483 
6750.301358140949 
6749.321859866353 
6750.172597969433 
6750.172756488350 
6750.172756488350 
6750.245533932069 
6750.400038852657 
6749.722768761200 
6748.574916034970 
6748.476213351115 
6748.498213293135 
6749.281081788912 
6749.287083220219 
6748.836543709331 
6748.508111318343 
6748.745374865365 
6748.740433917766 
6749.079269141657 
6750.359082189800 
6750.478256591890 
6748.293378526750 
6748.412301451505 
6748.399371185652 
6748.060249879246 
6748.036807317234 
6748.352517790200 
6747.913347042409 
6747.913347042409 
6747.915633340128 
6749.486018428825 
6749.518520775220 
6749.672796861340 
6749.723315660584 
6749.880487863194 
6749.547202736904 
6749.557627711204 
6750.168530383307 
6749.981827730106 
6749.960929070223 
6749.960929070223 
6749.896619398258 
6750.029835287504 
6750.213016824868 
6750.180323209930 
6749.897136677065 
6749.726979677387 
6749.376212012429 
6748.974091008313 
6748.932365801252 
6749.225400384675 
6749.245811168352 
6749.245811168352 
6749.573268879730 
6750.386282726681 
6750.355768789836 
6750.340521478217 
6749.979321320870 
6749.362560581860 
6749.971215682818 
6749.775563458139 
6749.855441754254 
6751.028076140819 
6750.982831419489 
6751.685943306492 
6750.937593835745 
6751.162438321307 
6751.010600411792 
6750.255221494285 
6750.068108020845 
6750.218299549147 
6750.191857382342 
6750.346247556046 
6748.947486335982 
6748.388582707601 
6747.979664513277 
6748.092539011961 
6748.205759901911 
6748.014413210334 
6747.504975973148 
6747.613647209909 
6747.629014057557 
6747.869807505306 
6747.896478503154 
6748.110915559565 
6748.012686268149 
6747.647710395811 
6748.066814699425 
6747.349689762747 
6747.014154240313 
6746.540993835419 
6746.305566708792 
6746.379324245873 
6746.330779299171 
6746.409876712934 
6746.264632703640 
6746.653515239047 
6746.595823812066 
6746.489609956985 
6746.703849041231 
6746.689326772051 
6746.917793351165 
6746.773755557017 
6746.997940561185 
6747.058759403847 
6747.311086797589 
6747.525781717462 
6747.505167764775 
6747.812352340673 
6748.493164802695 
6748.879281746790 
6749.109672880837 
6749.317657463223 
6749.432107922664 
6749.751724728460 
6749.716891515640 
6749.554557100905 
6749.292240186515 
6749.352116120455 
6748.903948850687 
6748.623668780787 
6747.743490657444 
6748.225160617371 
6748.723514400222 
6748.951152395723 
6748.690514257161 
6749.303542953524 
6748.849757126850 
6749.098972848021 
6748.455086200957 
6747.551869027287 
6746.316080671482 
6746.083563528052 
6745.259434986172 
6746.779737959760 
6747.001934156220 
6747.163396009082 
6746.766473705045 
6746.796402439948 
6747.152427171129 
6747.510180893817 
6748.195615589603 
6748.200984616626 
6748.315068574318 
6748.051474403946 
6747.464542244605 
6747.970458758477 
6747.920252559111 
6747.925334333004 
6747.976985934330 
6747.869959461642 
6747.822571743800 
6747.935789169082 
6748.022278116755 
6747.529808444099 
6748.603692565665 
6748.681952710232 
6747.938143652144 
6748.631798616962 
6748.587611084774 
6748.318347199636 
6748.308788459386 
6748.375600953595 
6748.272782860373 
6748.856505950648 
6749.131622269487 
6749.271464187872 
6749.419480389536 
6749.572557710097 
6749.732821213386 
6749.392252731051 
6749.475992443503 
6750.289114371035 
6749.398551463420 
6748.440348011008 
6749.047036656115 
6748.989547996286 
6749.508560210259 
6748.960501779286 
6748.849267878133 
6748.664549843958 
6748.278649024931 
6748.012040210609 
6747.920255126958 
6747.532335699697 
6747.720155659672 
6747.514382824025 
6746.897594173416 
6747.534772229145 
6747.466962707735 
6747.438525881862 
6746.732806631462 
6746.925807602081 
6747.413388829379 
6747.494676998705 
6747.287709820807 
6748.395789301413 
6748.602980875046 
6748.584868645552 
6748.584868645552 
6748.584868645552 
6748.638640590442 
6748.641298885423 
6748.530967417510 
6748.524572680096 
6748.559572208187 
6747.738898482606 
6747.843915945899 
6747.637535449772 
6747.438405511110 
6747.377638576398 
6747.551468570333 
6748.274706361296 
6748.719883311109 
6748.732123172606 
6748.913631209212 
6749.178251705075 
6748.629465599017 
6749.087397160130 
6748.821860528970 
6748.821654692686 
6747.764885898189 
6747.370596777562 
6747.692367700142 
6747.912282005690 
6747.858277814424 
6748.186849636355 
6747.828985282787 
6747.578557979273 
6747.912493351515 
6747.766684919341 
6747.838112449002 
6747.551088306725 
6748.111299973624 
6747.899483220646 
6747.543477383549 
6748.269900536531 
6748.463205466599 
6748.274433334189 
6748.587369328462 
6748.280772607080 
6749.064081434964 
6749.635642340257 
6749.451169252617 
6749.417836628188 
6748.914466601033 
6749.085669838316 
6750.089518947296 
6749.428465743901 
6749.868493459970 
6749.847282016419 
6749.442450564399 
6749.207707232526 
6748.931075077462 
6750.491766151038 
6750.771136285607 
6750.003196656269 
6749.388753884394 
6749.851226839341 
6750.685948426130 
6751.454378275759 
6750.471114665133 
6750.795217834238 
6750.795217834238 
6750.843834149719 
6750.248201630225 
6749.724506069604 
6749.902612565078 
6750.107715732482 
6750.227851904109 
6750.204038096746 
6749.809358400278 
6749.965917491014 
6749.875115375191 
6750.043179389438 
6749.016792513617 
6748.841196319051 
6748.751304779506 
6748.831245827738 
6752.064051893748 
6751.311297851281 
6751.008938437517 
6752.215734648777 
6752.215734648777 
6752.263455148021 
6751.577425727652 
6750.722882766015 
6750.755129948048 
6750.378801593807 
6750.467084747404 
6751.302338764580 
6751.465620962770 
6752.238434526133 
6751.510702375202 
6751.526591023046 
6752.344622206836 
6751.852811803612 
6750.995933834666 
6750.727435023511 
6750.813434372517 
6750.973976833031 
6751.803025460818 
6752.010115339702 
6753.366339819062 
6752.292195110274 
6753.261955988944 
6752.354741364293 
6752.953357356519 
6753.247089457033 
6747.789842484935 
6747.786202627133 
6747.566061645695 
6747.446255845135 
6747.556002042510 
6747.442684368048 
6747.074424566449 
6747.139664092188 
6747.638570144153 
6747.928045603861 
6747.946434485931 
6747.845435538046 
6747.872275002012 
6747.830820538253 
6747.830820538253 
6747.161465502588 
6748.211986561066 
6748.350596776137 
6748.384237145633 
6747.958073580313 
6748.183443802635 
6747.899289880338 
6747.392407323337 
6747.382672101066 
6747.262654653285 
6747.427705728642 
6747.601941076466 
6747.964192143742 
6747.735325779236 
6747.118773058201 
6747.395187089573 
6747.391542476837 
6747.678868392325 
6748.562721147237 
6749.484592323549 
6749.678959649201 
6750.051854949060 
6749.936314235690 
6749.631950010115 
6748.040365925307 
6747.683853019967 
6747.527654241375 
6747.421477001248 
6747.658718729216 
6747.832066791911 
6747.827105213551 
6747.672320314201 
6747.696747586087 
6747.940406536112 
6747.857193002003 
6747.837965953080 
6747.672879120209 
6747.960449984834 
6748.061336062981 
6748.152070399420 
6747.983565127372 
6747.350830632756 
6747.092870472178 
6747.152012873757 
6747.384518229405 
6748.686887741999 
6750.367151779044 
6750.267387153817 
6749.701744378647 
6748.888422524598 
6748.969575110686 
6749.277423216134 
6749.409920916730 
6749.185827211631 
6749.663869798919 
6748.872569442408 
6749.231694097559 
6749.441902301808 
6749.386177857567 
6749.140728069706 
6748.562397992127 
6748.403548506031 
6748.655807458347 
6749.380074785405 
6749.290062692170 
6749.290062692170 
6749.277629877691 
6749.157441665560 
6748.939826365383 
6748.960622597679 
6749.456010751405 
6749.537796186351 
6748.974481666411 
6748.879630769266 
6748.801796440913 
6748.716738901654 
6748.005631399473 
6747.994111290326 
6748.073910407518 
6749.612502248116 
6749.801722465300 
6749.977852463217 
6750.007831863141 
6749.599080515675 
6749.661875540037 
6749.268557759833 
6749.105964352842 
6748.940094866984 
6748.784285624919 
6748.345184989736 
6748.599906053299 
6748.620182948232 
6749.005015630306 
6749.926640258213 
6749.727989082608 
6749.984997300472 
6750.247981413784 
6749.860344921669 
6749.956915584034 
6749.111865310671 
6749.108710153724 
6749.774757482288 
6750.400774416912 
6750.349989908559 
6749.967554980561 
6749.675941487024 
6748.932439356139 
6751.073650310708 
6749.483992590671 
6749.118803707175 
6749.147754188633 
6749.982309658811 
6749.758777914521 
6750.019728557378 
6749.602267396698 
6750.311373788036 
6750.367360648934 
6750.367360648934 
6750.527975695555 
6750.583434948946 
6750.587482613158 
6749.651451029679 
6750.276482578813 
6749.494259992516 
6749.750591345693 
6749.393455087405 
6749.641638717497 
6749.702430170553 
6749.459340708719 
6749.225901751965 
6748.737999659748 
6748.279895888289 
6748.161507350595 
6748.163429527061 
6748.128065386968 
6747.944093893875 
6747.769524963662 
6746.698848382227 
6746.639547675416 
6746.691476626448 
6747.565833387143 
6748.350858101647 
6748.462396686617 
6747.936057527128 
6748.114551143471 
6749.529832591568 
6749.571592878601 
6749.571203326407 
6750.187094545433 
6749.933771490454 
6750.079480777761 
6750.456770514591 
6749.967547719863 
6750.028936585210 
6750.333726939009 
6751.462500919470 
6750.879876413197 
6751.077982087114 
6750.576348711199 
6750.436417480515 
6750.940433494240 
6751.206522717887 
6751.539786816822 
6751.785143521259 
6751.365927707394 
6751.064870474184 
6749.841786407328 
6749.296547864183 
6749.243756325375 
6748.112267889484 
6748.136140287999 
6748.238996599905 
6748.241385603787 
6746.725791257663 
6747.438351309133 
6747.217811132928 
6745.326905175835 
6746.816608432059 
6745.604104853546 
6748.115670763511 
6748.083220374138 
6748.132855149453 
6749.509944911470 
6749.268548061211 
6749.813263455303 
6749.706607809801 
6749.616094935024 
6750.081465747990 
6750.149433754254 
6749.814247557760 
6749.917408168771 
6749.514372569058 
6748.998146818803 
6749.080990783556 
6749.080990783556 
6749.080990783556 
6749.003994812500 
6749.003994812500 
6749.060839933418 
6748.862047195154 
6748.862047195154 
6748.801003122517 
6749.417283776463 
6749.352255211938 
6749.171977999273 
6749.421347713443 
6748.819976466691 
6749.181574350720 
6749.205531591324 
6749.783972891226 
6749.936866642654 
6749.879591012344 
6749.616322271550 
6751.095355967996 
6749.355957053890 
6746.891502253682 
6747.174923525680 
6747.231323140571 
6747.498605137220 
6747.746591051710 
6747.776203478146 
6747.400874607451 
6747.085766458484 
6747.176061812949 
6747.206709846568 
6747.220921369022 
6748.628461576490 
6748.793561844665 
6748.154736334998 
6748.681239951814 
6748.853909915878 
6749.050544825118 
6748.871473271940 
6748.654142648929 
6748.867925635400 
6749.271087521105 
6749.297176448721 
6748.867179480344 
6748.912744091994 
6749.428999616072 
6749.996558582191 
6750.478072367435 
6749.754583201920 
6749.699610620508 
6749.900681414393 
6749.168072714937 
6749.163341996166 
6749.667228730273 
6749.293191042090 
6749.445888292657 
6749.375669157485 
6748.758371773999 
6748.766413779265 
6748.213332729270 
6747.841443342514 
6747.895211183848 
6748.901837794883 
6749.413016460923 
6749.483536373274 
6748.125786801070 
6748.087583617526 
6748.432517491100 
6748.627929182555 
6748.759701902733 
6748.238555061433 
6748.238555061433 
6749.138955919992 
6747.854175894340 
6747.695637842351 
6747.656103345008 
6747.890453876220 
6748.301720784922 
6748.358467853371 
6747.647767418943 
6747.186043599459 
6747.658288670354 
6746.993530041012 
6747.891561712982 
6747.912991193945 
6747.754314495540 
6747.571204642868 
6746.826808888237 
6747.246952692628 
6746.817375295890 
6746.959491449722 
6747.172210876994 
6747.172210876994 
6747.327654211718 
6747.077124747895 
6747.378069549742 
6747.284814752550 
6747.204480302476 
6747.065161735151 
6747.056295970368 
6747.006455116447 
6747.051257779676 
6747.068668773994 
6747.065045162536 
6747.276377567296 
6747.247709371486 
6747.235827939539 
6747.679697262662 
6747.306184596248 
6747.150478481951 
6746.735793511417 
6746.560431248031 
6746.698936355499 
6747.024783441268 
6746.798429955467 
6746.893949089691 
6746.761036970869 
6746.011795877721 
6746.042977082838 
6746.102587806858 
6746.544630742899 
6746.515409004087 
6746.713012930085 
6746.736117576850 
6746.701490210429 
6746.614391670533 
6746.716507165894 
6746.652907137933 
6746.643970595092 
6746.465503293754 
6746.205133356046 
6746.708989100617 
6746.692280432286 
6747.021711155880 
6747.362170372357 
6747.271563967551 
6747.353655077426 
6747.322495080453 
6747.352061283262 
6747.312225264734 
6747.284627785032 
6747.295831232049 
6747.436865522664 
6747.842509728640 
6747.405785604563 
6747.504179908504 
6747.555062702191 
6747.522620472654 
6747.521754921287 
6747.539451829704 
6747.756054508617 
6747.756054508617 
6747.756054508617 
6747.756054508617 
6747.766813417794 
6747.746260869507 
6747.168868944825 
6747.202424743230 
6746.776833900024 
6747.061408726277 
6747.061651059908 
6746.887674643335 
6746.879821493774 
6747.160611678884 
6747.222825886324 
6747.660643672203 
6748.279241787554 
6748.140880567478 
6748.965959431939 
6748.673776398252 
6748.736279190778 
6748.663738167284 
6748.299441693220 
6747.745194792396 
6748.405661584060 
6748.710002988141 
6748.096098393858 
6747.826462208372 
6748.668071300038 
6748.114818619319 
6748.682084599546 
6748.479187963741 
6747.304485951621 
6747.249430413367 
6747.474840190036 
6746.741169683944 
6746.109070922217 
6747.227159652301 
6747.538348682570 
6747.311670713583 
6747.014729742877 
6747.598043964666 
6747.547797752647 
6747.478733090256 
6748.011994409385 
6747.681639533878 
6748.050509637781 
6748.767761637127 
6748.761191010716 
6748.396945853538 
6747.868888932139 
6747.782532657587 
6747.722889641682 
6747.603130462198 
6747.557536618980 
6747.550480910611 
6747.666681574196 
6747.720620799019 
6747.725663424456 
6747.720857886998 
6748.199050569295 
6748.199050569295 
6748.390086366713 
6748.550152623661 
6748.982106130791 
6748.982106130791 
6748.982106130791 
6748.483670955507 
6748.483670955507 
6748.483670955507 
6748.876158714250 
6749.233914269712 
6749.260756798793 
6749.135494927935 
6749.057997825324 
6748.971435082498 
6748.409941687175 
6748.521572537217 
6749.173178366644 
6749.117142696626 
6749.002863510263 
6748.900925402300 
6748.623108990402 
6748.294559142339 
6747.479792370915 
6747.458838265667 
6747.800009769519 
6748.186076929143 
6748.458312240334 
6748.831287351653 
6748.722778619836 
6749.222341804794 
6749.478192812468 
6749.600204861883 
6748.566174387982 
6748.527731298138 
6748.432544172573 
6747.928798930328 
6748.466889340054 
6748.872103956691 
6749.521310747265 
6749.335014729754 
6749.335014729754 
6749.262491334720 
6749.039430990569 
6749.014487627572 
6748.766572381483 
6748.767035701771 
6748.779606191502 
6748.900936740416 
6749.524557917270 
6747.068082258278 
6746.758029924676 
6747.182952263052 
6747.315351734241 
6747.290427425327 
6746.685048850224 
6746.538335901135 
6745.792162800595 
6746.257224637134 
6746.333290327988 
6746.310543235075 
6746.083545032627 
6746.461779507704 
6746.564840176603 
6746.701296394135 
6746.664966713083 
6746.656257576925 
6746.164690236266 
6745.651423440697 
6745.624074952398 
6744.712258122880 
6744.987265951637 
6744.785903464136 
6744.763666309786 
6743.939614104200 
6744.409185846108 
6746.356921636955 
6746.049499434884 
6745.477791472639 
6746.541509546854 
6746.520547632244 
6745.889762862837 
6746.193102989379 
6746.283645739842 
6746.604624712708 
6746.054804678915 
6746.643082068431 
6745.610089170500 
6745.885866151261 
6746.338795471640 
6745.931635643316 
6744.496950515421 
6745.598323968705 
6745.691332451659 
6746.067962690740 
6746.323748917270 
6745.999765157299 
6745.902585489170 
6745.891181855843 
6745.769812411573 
6746.111884062755 
6746.465238553783 
6746.615796900369 
6746.586542894036 
6745.866865743122 
6746.329660389645 
6746.249410516772 
6745.621240713822 
6744.727861642911 
6745.431258722952 
6746.221898412671 
6745.748078857446 
6746.984367842577 
6746.728058387382 
6746.660231277368 
6746.292856181513 
6745.689874527799 
6746.111263248657 
6746.581426562256 
6746.767205234643 
6746.333828639382 
6747.189071919862 
6746.982420837388 
6746.970478632906 
6746.804261971182 
6746.380890615415 
6745.902023922903 
6745.929901360537 
6746.534475886179 
6745.871025578615 
6746.236885925594 
6746.803921946082 
6746.679395632943 
6747.630391743971 
6747.510718591965 
6748.095337544778 
6748.296359764985 
6747.767705286022 
6747.454855676662 
6746.214567268023 
6746.337960193355 
6746.726721988219 
6746.726721988219 
6746.726721988219 
6749.414957490490 
6749.774346138915 
6749.688010376684 
6749.710257146135 
6751.284922190385 
6750.421260422610 
6750.556903968101 
6751.512525559582 
6749.402404157176 
6750.712479199553 
6750.985320728922 
6751.204236879972 
6750.495949128255 
6750.317217345425 
6750.043681808128 
6750.007017859673 
6750.297643837993 
6749.956378760673 
6750.638337703693 
6750.532627141080 
6750.981689760181 
6751.671963742263 
6750.795258166532 
6750.989698456009 
6750.835517309943 
6750.880438166801 
6750.826429434600 
6750.735649272488 
6750.960218508833 
6749.806129146552 
6750.390002985556 
6750.532497011857 
6750.634909669162 
6750.676180024989 
6750.676180024989 
6750.465809881192 
6750.658686025381 
6749.800694364123 
6750.577823176964 
6750.147510161789 
6750.247118859445 
6749.978569158496 
6749.836059203909 
6750.068384041267 
6750.796658042934 
6750.650102034186 
6750.856227801487 
6750.988334130816 
6751.048046368943 
6750.918706016990 
6750.590433233894 
6749.347014869601 
6749.661299534473 
6749.476356273194 
6749.422361283399 
6749.209896914419 
6749.174177245482 
6749.262944503564 
6749.341586185119 
6749.429679949985 
6748.750460811068 
6748.018871648539 
6748.021135353330 
6749.127032554376 
6749.554582740760 
6749.608057552836 
6749.640110659308 
6749.758076396075 
6749.716017979886 
6749.493918085176 
6749.785232840665 
6749.710124603122 
6750.433092907646 
6750.080283274535 
6749.631971886487 
6749.825691443787 
6749.512439678793 
6749.461032318947 
6749.812187091267 
6749.968533314041 
6749.075596052318 
6748.920319849104 
6748.666013169093 
6748.725835663829 
6748.828103976223 
6748.889868481255 
6748.576376682405 
6748.909564609245 
6749.079675259244 
6749.137520067346 
6749.128875032514 
6749.104017689445 
6748.975110006782 
6749.544650903411 
6749.525615327051 
6749.007423379633 
6749.111379981753 
6749.149415073302 
6749.146883900770 
6749.146883900770 
6749.214187618006 
6749.214187618006 
6749.214187618006 
6749.214187618006 
6749.214187618006 
6749.214187618006 
6749.268158919031 
6749.268158919031 
6749.423477194923 
6749.423477194923 
6749.350593137056 
6749.384057591731 
6748.998771684734 
6748.485895947398 
6748.648142036404 
6747.921967613937 
6747.603506485129 
6748.097095261151 
6747.862810689830 
6747.983077861627 
6747.821390769120 
6747.981843348448 
6747.870814846752 
6748.279722433554 
6749.014913258436 
6748.164817748373 
6747.938267602959 
6748.975565760004 
6749.935427504220 
6749.622973950140 
6749.037861997497 
6749.116598176915 
6749.533322232521 
6748.493587680928 
6746.835628054005 
6746.372182567229 
6746.583539841414 
6746.299770919481 
6745.870931501362 
6746.329992794978 
6745.571668755615 
6746.420593241693 
6746.312184013023 
6746.792878951358 
6746.408429216669 
6746.552093836841 
6748.104129068599 
6747.845504470940 
6747.392965321412 
6747.822555607062 
6747.521381219319 
6747.267000185446 
6746.694157731518 
6746.729472325903 
6746.019737485836 
6745.841280134411 
6746.664125521850 
6745.435786179003 
6745.994309907856 
6745.890856601930 
6746.221112757456 
6746.516749836947 
6746.695175846436 
6745.250336350359 
6744.994026681032 
6745.655894407131 
6747.049173966848 
6747.579349158188 
6746.772136450386 
6747.442767696147 
6747.439926561111 
6747.424923016537 
6747.074174788157 
6747.130385742114 
6749.010402854643 
6749.950899809100 
6750.079184917327 
6749.311758452063 
6749.311758452063 
6748.635055777562 
6747.745092660772 
6748.390073363561 
6748.437417389358 
6748.424120759415 
6748.849397977595 
6748.616578611517 
6748.846172838338 
6748.908349190676 
6748.462257315647 
6749.095007534137 
6748.684896128156 
6749.007328509816 
6749.056819808576 
6748.610076848037 
6748.552572332222 
6748.403877781278 
6748.953043120762 
6749.188157321708 
6749.271380761604 
6749.116989613088 
6749.336927992267 
6749.453529153686 
6749.781657226976 
6750.041362265126 
6749.783995984745 
6749.207580812997 
6749.251242829308 
6748.951653092285 
6747.832527261363 
6746.816212671813 
6745.977600783725 
6746.123769488995 
6746.332354896133 
6746.434551359015 
6746.101966786596 
6745.829594446996 
6745.546668988402 
6746.605437825741 
6746.234779847962 
6745.887326449672 
6744.907383108789 
6745.085710040259 
6746.284604599884 
6746.647572062206 
6746.470488069384 
6745.290662884069 
6745.804460671145 
6745.138079544990 
6744.950812856966 
6746.327484662917 
6745.443051035129 
6746.441390075607 
6746.569014249323 
6746.983965239368 
6746.756373890833 
6746.928068057412 
6747.375524033013 
6747.027326164387 
6747.281188525368 
6747.291577695207 
6747.277918586881 
6747.209991148788 
6747.371387701102 
6747.373144278826 
6747.437985852451 
6747.430585716915 
6747.607786797656 
6747.231055629373 
6746.792785559241 
6746.706253479476 
6746.883553405673 
6746.981029431729 
6747.092439884605 
6746.938760082826 
6746.291584913777 
6746.613705001748 
6746.541805926733 
6746.491242297898 
6747.160322922721 
6747.322670806868 
6747.665468424938 
6747.015194784477 
6746.963586209069 
6747.520521783560 
6747.590019536696 
6747.423028842624 
6747.511580215406 
6747.169669617991 
6746.643807330025 
6746.782384481637 
6746.630531335801 
6747.413157297718 
6746.988376859120 
6746.483230369819 
6746.186929759922 
6745.644604517709 
6745.610686500085 
6746.101018574826 
6746.636929233969 
6746.670341713987 
6748.126734004939 
6747.442303103145 
6749.198126822284 
6747.684164869054 
6747.941630706029 
6747.959133536411 
6747.181388731173 
6746.640387995207 
6746.833225754268 
6746.704702336352 
6747.064013516204 
6746.889914309434 
6747.692581623715 
6745.862890660749 
6746.564474864373 
6746.853029448617 
6747.121574912281 
6747.977634007299 
6747.933763921750 
6747.646996724263 
6746.604832591656 
6746.604832591656 
6746.869167876431 
6746.837900099584 
6746.979617535381 
6747.026207824167 
6746.063648706407 
6746.454070217856 
6746.258901082628 
6745.708892909458 
6745.965492011528 
6746.148512469555 
6746.650333041873 
6746.970649546573 
6747.301789611569 
6747.757341964694 
6747.757343480663 
6747.527726633938 
6747.903112673290 
6747.336269268890 
6748.990137280557 
6748.973600389492 
6747.809208160302 
6748.029995180163 
6748.255672959453 
6748.949220185718 
6748.956258408256 
6748.700693659889 
6749.483318234837 
6749.594522357166 
6749.701366646325 
6749.726896795797 
6749.772504157828 
6749.595819374974 
6749.581315127205 
6749.416825864843 
6749.345768662218 
6749.241531215723 
6749.217384810499 
6748.763549074532 
6750.574952421925 
6750.409779290519 
6750.563855326206 
6750.592777746810 
6750.558792609530 
6750.299980670888 
6750.028634775103 
6750.014758613677 
6749.444773989672 
6748.785830485343 
6750.137936838747 
6749.976303927888 
6750.826554389817 
6750.648557140542 
6750.601679271816 
6750.828431487153 
6749.888720561113 
6749.466117360837 
6749.142503785018 
6749.046765401651 
6748.586061146363 
6748.801059271961 
6748.757054386824 
6749.604763487047 
6749.577771969040 
6749.074104449221 
6748.320410689258 
6748.427492651294 
6748.171360093827 
6748.076476939966 
6748.076476939966 
6748.118757367813 
6748.118757367813 
6748.062382256404 
6747.890889900652 
6748.335043507613 
6746.365516769688 
6746.069560127435 
6746.039571061804 
6746.767282108861 
6746.666045536646 
6745.758748211092 
6745.591208721163 
6745.926572357196 
6745.831306507504 
6745.925100978358 
6746.854868988838 
6747.650261499222 
6747.753595701360 
6747.577911280611 
6747.735977293094 
6747.744603391747 
6746.478278873067 
6746.252371605003 
6746.560706152949 
6746.649963281609 
6746.305316466633 
6745.188410469434 
6746.057705503273 
6745.773404269800 
6745.099851223719 
6745.356121693832 
6745.814720263314 
6745.933025646402 
6745.980473490598 
6746.046249783180 
6746.091722434050 
6747.604863820684 
6747.563539539326 
6746.973237860298 
6746.208189085799 
6744.971667515790 
6745.466769564242 
6744.832658948339 
6746.177639556663 
6745.305571542013 
6745.547683265125 
6745.829549497033 
6747.149878008390 
6747.263896518441 
6747.424945599062 
6746.983900976877 
6747.164690248834 
6746.615875485603 
6746.615875485603 
6746.484954792352 
6746.597190574433 
6746.163414070767 
6747.557087142596 
6747.473534092660 
6747.384359997554 
6748.924045123119 
6748.843116109482 
6748.911587111632 
6748.918688159862 
6749.226113659835 
6749.386329095370 
6749.393888266632 
6749.398141117596 
6749.155128269798 
6749.387616647913 
6749.887065929041 
6749.767606566707 
6749.319317840161 
6749.185741190374 
6749.293761658832 
6748.851631616600 
6746.220876016986 
6746.317813179143 
6746.486876303741 
6746.247936414044 
6746.588220417194 
6746.223738381285 
6746.442592706159 
6746.387120764773 
6746.708430580414 
6746.116143201522 
6746.237294042230 
6747.114333335714 
6747.321709077816 
6747.101257460484 
6747.574837145472 
6747.582701664787 
6747.965194227055 
6748.099227958980 
6748.032645906237 
6747.801481289728 
6747.761613961194 
6747.310250884829 
6747.582895203064 
6749.880591627923 
6749.827863053991 
6750.141644479392 
6748.755555181590 
6749.239915087305 
6748.583406650681 
6748.187305918630 
6748.209272884308 
6748.036060584768 
6747.875526794061 
6747.292539317391 
6747.609448184568 
6746.361047344359 
6746.835597972039 
6746.157324132496 
6746.145666289734 
6746.870350722210 
6746.449191629521 
6746.856526874781 
6746.631872320046 
6746.204982490396 
6746.832229540679 
6747.274897056408 
6747.007039245895 
6747.041369578240 
6747.048447562420 
6747.991012848105 
6747.364270826159 
6746.734739962501 
6747.010733619211 
6747.654573225195 
6747.872648798235 
6748.981553886391 
6750.273830447164 
6751.012245419108 
6748.969363366636 
6748.996433899495 
6749.801642674895 
6749.429145532639 
6749.117193373589 
6749.125054539495 
6749.139457273472 
6749.766123657657 
6749.573597057021 
6749.651882233354 
6749.538881306033 
6750.236900175664 
6748.849987081888 
6749.041239753645 
6748.373425936034 
6749.041657353378 
6749.103583834514 
6748.963905457418 
6748.715608798352 
6748.688841726276 
6748.832389058346 
6748.523148013048 
6748.600223381540 
6748.161026371858 
6748.349993056328 
6747.960446820447 
6748.555160950580 
6748.465677828191 
6749.365730559050 
6750.184078696401 
6750.649701948060 
6750.289033139160 
6750.223132891260 
6750.696454714043 
6750.378493079556 
6750.030374893983 
6749.763167091789 
6750.170701596150 
6749.971075069117 
6749.958430711424 
6749.792699193407 
6750.025562929119 
6749.713788831553 
6750.328847650493 
6749.913153491600 
6750.260505165041 
6749.864040932724 
6751.726632927282 
6751.511193483831 
6750.771247543117 
6751.869875985602 
6751.906581725203 
6751.275988220447 
6751.451393229505 
6752.033773081628 
6750.969775669612 
6751.314284815282 
6750.278474754981 
6751.239928677364 
6747.829402573569 
6747.986698023140 
6747.550464338953 
6747.562014629862 
6747.464568686819 
6747.724806136963 
6748.268884764582 
6748.163758672330 
6748.437773957746 
6749.329540031546 
6749.335667813823 
6748.820280076158 
6749.058157838928 
6749.238012079377 
6748.964028651254 
6748.911958283607 
6748.811837044619 
6748.897301693995 
6748.717498105852 
6748.717498105852 
6748.709868004651 
6748.865198323511 
6748.781235016610 
6748.644040411828 
6748.629569948590 
6748.736792077988 
6748.736792077988 
6748.780278738944 
6750.362965126900 
6749.635496607295 
6750.641603925536 
6750.240579589401 
6750.096804297885 
6749.464240693391 
6749.215077926468 
6749.437977067602 
6749.437977067602 
6749.327436352610 
6748.931492043597 
6749.581892633835 
6749.182968642086 
6747.922454711520 
6748.001198958706 
6748.582647007311 
6748.860335869526 
6748.679477824681 
6748.559014125917 
6748.300787283109 
6748.333307912252 
6748.008419708641 
6748.040641369670 
6747.934143165132 
6748.319880120718 
6748.270995715181 
6748.225804999076 
6748.693835486475 
6748.420293449983 
6748.818396410848 
6748.754447777976 
6749.197623128439 
6749.494437329668 
6749.627284656378 
6749.217798519458 
6749.217798519458 
6749.217798519458 
6749.368786477236 
6749.320577355936 
6749.590384624855 
6749.359987867398 
6749.377700300341 
6749.044295093868 
6749.084523237118 
6750.572387983948 
6749.965005485798 
6749.199378500696 
6748.984034826692 
6749.988736457053 
6749.940045415640 
6750.208777677462 
6749.862232116441 
6750.572279003585 
6749.235230660976 
6748.951163519081 
6748.693070984031 
6748.361197155396 
6748.247800853203 
6748.758454666890 
6748.643945289991 
6748.643945289991 
6749.414047489370 
6749.909871702090 
6750.286601718383 
6750.482371460494 
6749.559888589316 
6748.635381421973 
6749.822675013132 
6749.670391938658 
6749.504882165761 
6750.057954665666 
6749.937307473457 
6750.232055603437 
6750.282774204899 
6748.878869767629 
6748.679537783394 
6749.158584795705 
6748.973742073169 
6748.371693820362 
6749.063931468617 
6749.151754339950 
6749.538862216263 
6749.548283921717 
6749.576791548246 
6749.842526609086 
6749.418600951306 
6749.394136036100 
6749.260143225206 
6749.099946444928 
6748.965629540113 
6749.061455658111 
6749.388860392792 
6748.516740318627 
6748.647197906738 
6748.518173937794 
6748.474012290923 
6749.559753489357 
6749.063333685495 
6748.696718381434 
6748.956451943342 
6748.809716928079 
6748.350213173317 
6748.240813643012 
6748.395149762040 
6748.408234445063 
6747.583385387815 
6747.955045420613 
6747.637239507339 
6747.574242712844 
6747.832573617306 
6747.597840960673 
6746.872637970466 
6746.600931658631 
6746.450875789251 
6747.063014795457 
6746.579848426022 
6746.493861979817 
6746.318123745990 
6746.773731472815 
6747.579016571234 
6747.781631695823 
6747.382122194243 
6747.691667092256 
6747.639553908588 
6747.474945572170 
6747.238370875298 
6746.933839779396 
6746.870471076004 
6747.110342427637 
6747.207609742164 
6746.515550347956 
6747.205655706537 
6747.022789952138 
6747.204676234716 
6746.976136117588 
6746.841452134467 
6746.987862911420 
6747.366677789334 
6747.984560807305 
6747.411076157305 
6747.451980278509 
6747.070185980384 
6747.593698005170 
6748.205081588883 
6749.000066898741 
6748.861296750691 
6749.812560654318 
6750.074426347252 
6749.961612194670 
6749.908832523583 
6749.666681876662 
6750.225686170074 
6750.466266324959 
6750.090491550320 
6750.870732051748 
6751.193014854206 
6750.850429939961 
6750.640989748026 
6750.533261791026 
6750.542265544417 
6747.966415204375 
6747.893054595257 
6747.609722187314 
6748.154406392024 
6747.152697558766 
6746.897539719842 
6746.486770310709 
6746.782428271282 
6746.602394474809 
6746.498568805315 
6745.750691458302 
6744.886969826850 
6746.118845215400 
6746.896990851148 
6746.715464599818 
6746.151658396171 
6746.035632087740 
6746.391265872717 
6747.588948517428 
6748.647793214825 
6747.558741955417 
6747.102354304340 
6745.913574141528 
6747.418526601459 
6748.108648396931 
6747.995982188602 
6747.769184925374 
6747.810755836085 
6747.695436482940 
6747.135207544329 
6746.322665860406 
6746.389598914721 
6745.765667075419 
6746.221683282526 
6745.180303137975 
6745.667740468781 
6745.602333849741 
6745.497090047784 
6744.558168809707 
6744.694553436448 
6744.696081498531 
6745.341222868714 
6745.105781710779 
6744.862145486300 
6745.953509627224 
6746.029205824478 
6746.029205824478 
6745.869607936751 
6745.646554233313 
6745.708328698342 
6745.638385400694 
6745.438623306154 
6746.050569235673 
6746.166212245844 
6746.185288680502 
6745.459816124149 
6745.768222959232 
6745.768222959232 
6745.935705804208 
6745.433701077806 
6746.487014016236 
6745.709723045848 
6746.160353596488 
6745.304545141927 
6745.205198962319 
6745.537805785455 
6745.647897670502 
6745.279743251465 
6745.497227694177 
6745.527468884052 
6746.134462405890 
6745.396100431901 
6745.956785023104 
6747.369426499589 
6746.849595951927 
6746.259531699936 
6746.105297693775 
6745.919577840299 
6746.292123686208 
6745.686884580166 
6746.485386423642 
6746.626391464805 
6746.958303804197 
6746.636138226930 
6746.965319153985 
6746.821791264270 
6746.819723623061 
6746.618787410760 
6747.497880313508 
6747.492863202576 
6747.780572336598 
6747.184174125420 
6746.831977347036 
6746.954326958912 
6748.754944778236 
6748.570458383978 
6748.384160993693 
6748.433521833054 
6748.232212807443 
6747.591276607992 
6747.762791782277 
6748.453115272388 
6748.573157974296 
6748.566462862590 
6748.348008216208 
6748.344699952034 
6748.322836353052 
6748.617114146414 
6747.838939985387 
6747.526644544199 
6745.556700386426 
6745.614242955090 
6746.330121643531 
6746.784665347079 
6746.215543188337 
6745.819909774905 
6746.605903822391 
6746.158820951533 
6746.177304541747 
6744.845324793108 
6745.488562291848 
6745.508050759432 
6745.681250795924 
6744.385082814084 
6743.739395848994 
6744.809583310704 
6744.540140352212 
6744.246973038568 
6743.494064491078 
6743.849793513839 
6742.917751933143 
6743.788292646148 
6745.193899751689 
6745.528937646603 
6745.419254057754 
6746.101777090542 
6745.646142246530 
6745.491314094557 
6746.447790414385 
6746.096850506813 
6746.665796086686 
6746.399480488921 
6746.168478467131 
6745.917570400587 
6745.260776313668 
6746.142750510933 
6746.084370070231 
6746.508993774909 
6746.149293176852 
6746.375792667562 
6746.063972444491 
6745.790583250550 
6746.205377488681 
6745.469990332483 
6744.966155582787 
6744.887623610309 
6745.274718059184 
6745.656692240204 
6745.524221359587 
6746.107092550757 
6747.523913454512 
6747.426422157384 
6747.410690759378 
6747.321463653521 
6747.689214293312 
6747.656555932252 
6747.346288235534 
6747.184486836938 
6747.272022902989 
6747.229227137728 
6746.751925612160 
6747.063728827593 
6747.613902547547 
6747.600430708640 
6748.372460890107 
6748.786404230818 
6748.724907693685 
6748.671801109482 
6749.237531354605 
6748.997264644957 
6749.601520056206 
6749.200115287710 
6749.227276851788 
6749.462820601300 
6749.849969311301 
6749.946480209795 
6750.486174993222 
6750.080796998777 
6748.336149946887 
6748.339431810257 
6748.475471789013 
6748.896739866413 
6748.927286240371 
6748.502813451500 
6748.984728561919 
6748.956433188031 
6748.015023772911 
6748.052001591466 
6746.438781143041 
6746.432863944892 
6746.660306512980 
6747.193296980154 
6747.506448287605 
6747.351577242915 
6747.373176796959 
6747.149833690399 
6746.000081329758 
6746.140971862816 
6746.069704237838 
6746.131737338644 
6746.358917101448 
6745.483978148509 
6745.652190791433 
6745.409976980653 
6745.490447354058 
6746.040180631172 
6745.616012522871 
6745.561510237035 
6744.685327032137 
6745.859840315195 
6746.349611098597 
6746.566865849813 
6745.649711899423 
6747.001995297013 
6747.191806531114 
6746.961893913141 
6746.270233570154 
6746.449829787850 
6746.419960502157 
6746.412682051860 
6746.091957067506 
6745.553800768863 
6745.378932466324 
6745.527410428344 
6746.402451057610 
6746.752693430802 
6745.932928924650 
6746.146906381595 
6746.369041313519 
6746.491468080415 
6747.082626345781 
6747.095152840776 
6747.230050015318 
6747.069836946617 
6747.011744563461 
6746.911780472148 
6746.534007475978 
6747.431826984524 
6748.213997106251 
6748.261634330745 
6748.261634330745 
6748.203061030455 
6747.696608604624 
6747.701898398293 
6747.634064970884 
6747.628064968306 
6747.493333192485 
6747.383409523175 
6747.827048196264 
6747.754295969812 
6747.790462509756 
6748.050932244501 
6748.242495577418 
6748.534724049215 
6748.754310626146 
6748.754310626146 
6748.754310626146 
6748.893801568901 
6748.879410681750 
6748.929605767480 
6747.736841178653 
6747.507224122938 
6747.112135800594 
6746.963196376772 
6746.963196376772 
6746.753992141166 
6746.753992141166 
6746.778060791235 
6746.767226167062 
6746.767226167062 
6746.395239811867 
6745.765137535310 
6749.185391373037 
6749.106830761141 
6748.787906979304 
6748.909920353605 
6747.822596064208 
6747.924103825715 
6746.559155394065 
6747.492079606974 
6748.512956034972 
6750.230720747461 
6748.081893806364 
6748.067953688780 
6747.973304470316 
6747.978241683139 
6746.591907730559 
6746.120759685314 
6748.655089403384 
6748.233195056001 
6748.624717705637 
6748.468819717480 
6749.466005246129 
6749.416855675255 
6749.911917074181 
6751.227977042748 
6750.712624317526 
6750.167458189204 
6749.264657838797 
6749.946909161992 
6750.401408011046 
6750.171990071576 
6750.202646260214 
6750.225325860979 
6750.514109295896 
6749.608714569392 
6749.274706848539 
6749.318742561806 
6749.612068930482 
6749.885023129427 
6749.880330652716 
6749.382114730981 
6750.251540657810 
6750.389932674355 
6749.487160238584 
6749.886750268069 
6750.167382175774 
6750.135890244627 
6749.770517888036 
6749.568219859877 
6749.417293140451 
6749.607093327623 
6749.437921629430 
6749.437758959624 
6749.881876534336 
6748.761729918841 
6748.893303759898 
6749.217252877294 
6749.073687776774 
6748.502642290825 
6749.924519020624 
6749.716599223076 
6748.915172518192 
6748.361893956658 
6748.070719482636 
6748.161580113440 
6747.781468979762 
6748.163675567595 
6748.092309126134 
6748.405996191606 
6748.393356403234 
6751.389854217055 
6750.656131028444 
6750.608082097884 
6751.183704836644 
6750.625457397806 
6751.260434167217 
6750.398668363836 
6751.418312301768 
6750.190307102973 
6749.178406745818 
6749.270127517583 
6749.811559507994 
6750.398609442791 
6749.632386609876 
6750.247599561796 
6750.415474979758 
6750.385601067995 
6749.540605719782 
6749.665675539744 
6751.083769072808 
6750.727878415318 
6750.558728572189 
6750.549382555863 
6750.075788165956 
6749.586754479396 
6747.734330269703 
6747.835729649007 
6748.395968953493 
6748.200151018958 
6747.991667780495 
6748.191480318503 
6748.170896828713 
6748.338134258302 
6747.583604761615 
6747.086840086630 
6747.945611771538 
6748.276003428618 
6748.368097512892 
6749.393006688552 
6748.708087109289 
6748.070181878226 
6747.986652580302 
6748.092810278718 
6748.544904229955 
6748.381091746779 
6747.813207820550 
6748.870146047512 
6748.392997849697 
6748.417402584513 
6747.990636875735 
6748.071668643806 
6747.687886546210 
6747.294044744694 
6747.711273598237 
6747.706131539047 
6747.597025162180 
6747.954427463342 
6747.021406755067 
6746.439770292380 
6746.276672932358 
6746.843981484235 
6746.428740668713 
6746.192967605657 
6746.774203305876 
6747.114393291711 
6746.947949801885 
6746.911169084046 
6745.652144073003 
6745.844685974893 
6745.317008632182 
6746.312682338340 
6745.375597686146 
6744.689228052309 
6745.244159777099 
6746.166533986310 
6747.918719111268 
6746.912209304754 
6746.721193548423 
6746.943873053464 
6746.756084866160 
6746.802444439774 
6747.545901202318 
6747.110570414829 
6748.110122372169 
6748.391583803087 
6748.421925159216 
6748.343739697251 
6750.563169509831 
6751.557304963429 
6751.277109970319 
6751.004500398411 
6750.891564524266 
6750.891564524266 
6750.855466020766 
6750.679122938303 
6750.442264877555 
6749.922086016559 
6750.472521517705 
6750.279776193108 
6750.930148984102 
6750.547712818495 
6749.348678960536 
6748.870526426064 
6749.201986946566 
6749.378895361246 
6749.490970452407 
6749.509231400632 
6749.465679634190 
6749.111490885512 
6749.653806915961 
6748.108937647127 
6748.671987174404 
6749.015122268911 
6749.501717964086 
6749.345692947867 
6749.345692947867 
6749.438003643446 
6749.460304516018 
6748.524243079707 
6750.571063010438 
6749.810862205417 
6750.176673998380 
6750.405169527564 
6750.397687192945 
6751.025791208933 
6749.758873757327 
6750.166673157235 
6749.311822468000 
6749.028484152182 
6748.607105106028 
6748.268452518708 
6748.373792473370 
6748.519488722615 
6748.519429946186 
6748.519429946186 
6748.726744499466 
6748.821080704938 
6747.711891873504 
6747.850679817172 
6748.158856425304 
6748.445864421649 
6748.461941099976 
6748.145091060359 
6748.411814955801 
6748.457172328881 
6748.153141113654 
6747.987327346233 
6748.029562555174 
6747.893380807207 
6747.806759535380 
6747.810552360606 
6747.918766803133 
6747.306806038147 
6746.967415708517 
6747.073637558637 
6747.719578885985 
6747.729341390898 
6747.788453957821 
6747.987726251452 
6747.746035738376 
6747.761529675863 
6747.878015606493 
6748.536734537475 
6750.394882821909 
6749.446923710125 
6750.242153239836 
6749.875710098534 
6750.125444820334 
6749.510309348701 
6749.508919073567 
6749.106819470880 
6748.692616311738 
6748.539229205594 
6747.994409818981 
6748.327673727858 
6746.995719826721 
6747.265388719860 
6747.250955012201 
6747.709571715547 
6747.397811494224 
6747.334827297427 
6750.262513325545 
6749.588671206089 
6749.485523455239 
6751.278248988070 
6750.927827944455 
6749.665227040416 
6750.248836949563 
6750.850381047266 
6751.766762778001 
6751.677775733217 
6753.248891122832 
6752.578083134253 
6753.187066318392 
6752.792869258908 
6751.828441033535 
6751.902192771960 
6752.817926871784 
6750.829641905013 
6751.710299017200 
6751.512413856854 
6750.034126947771 
6751.393851316073 
6751.008235080847 
6751.179708244171 
6750.617116051557 
6751.983983398999 
6751.405262897139 
6752.525933133929 
6751.056158694539 
6751.617252349341 
6751.733027674134 
6751.022810763268 
6748.634020551734 
6747.891696215203 
6747.975979131832 
6747.638020583915 
6748.086003206472 
6747.563130563427 
6747.603494131094 
6749.240892382740 
6748.949615676099 
6749.322416592933 
6750.330587769470 
6749.858890408859 
6749.730329080956 
6749.560989911900 
6748.732866970189 
6748.625117335245 
6748.712639874333 
6748.535675433787 
6748.624013149767 
6748.433474303573 
6748.294902289267 
6748.283573896237 
6748.189673607905 
6748.526684717339 
6747.661528496831 
6748.120998233060 
6748.366566895570 
6748.012598255887 
6747.430728190016 
6747.665202036850 
6747.802614394991 
6748.597699673773 
6748.895090591009 
6748.861598058746 
6748.343913798186 
6747.577924890400 
6748.107985837414 
6748.021342154496 
6748.574054771562 
6749.130506656344 
6749.359657915707 
6749.017565611924 
6749.063670663828 
6749.554643309765 
6749.602253337371 
6749.538107050183 
6749.849736023131 
6749.561314521197 
6749.347511845036 
6748.894773578951 
6749.266261003992 
6749.266261003992 
6748.836024487561 
6748.665007102691 
6748.728049101433 
6747.538816916783 
6747.989892496502 
6747.981136950011 
6748.286910424967 
6748.509913144611 
6748.177482230458 
6748.038932445814 
6748.020216419312 
6748.609079348592 
6748.524461439079 
6748.559023224305 
6748.208026200849 
6748.330332499353 
6748.265754824101 
6748.349606886099 
6748.766488299492 
6748.995163568636 
6749.253141881984 
6749.297599135654 
6749.297599135654 
6749.172878372046 
6748.917010480642 
6748.437854110905 
6746.405086615402 
6746.727799798231 
6745.902087974121 
6746.091624235224 
6746.853017787224 
6746.969675748448 
6747.156778876989 
6747.778813997954 
6747.760733521494 
6747.358139179434 
6747.355297409341 
6747.402809590970 
6747.367249925079 
6746.129699800064 
6746.347808794953 
6746.861277106050 
6749.766818174120 
6749.772070492851 
6749.772070492851 
6749.331149783682 
6749.388181789923 
6749.326411204632 
6749.535793083141 
6749.130795028071 
6749.548094450207 
6749.589185643833 
6749.441489399621 
6748.804352811375 
6749.580965125997 
6749.555374703808 
6750.161267632905 
6749.564611454718 
6749.299339792661 
6750.527243353484 
6749.733419211125 
6749.308670183298 
6749.349432648300 
6749.503491629538 
6750.278005344606 
6750.357173598001 
6749.736355576758 
6749.119131481654 
6748.913467110668 
6748.840141287112 
6748.807323014100 
6748.807323014100 
6748.809572831587 
6749.164342531427 
6749.007357328493 
6748.866991375826 
6749.244226786681 
6749.973445461581 
6750.103824492561 
6749.197568030891 
6748.659550710770 
6748.284671233734 
6748.222665828425 
6748.577966407789 
6748.750615950098 
6748.266543589152 
6747.672079010305 
6748.956216468214 
6748.807169470993 
6749.798547249394 
6749.804008993164 
6749.957621917762 
6749.386423174169 
6749.368747033763 
6748.731272226661 
6748.435727038031 
6748.428835012221 
6748.627547542429 
6748.150887884523 
6748.305075151001 
6747.629330449961 
6748.762582430384 
6748.577006899467 
6748.377920783178 
6748.062422877983 
6746.742054459478 
6746.621789239341 
6746.699069846505 
6746.267402294206 
6746.230416706020 
6745.864903231866 
6745.743681801167 
6746.427896224301 
6747.251187922882 
6746.909386959338 
6745.677860881305 
6746.645511796170 
6746.637752987960 
6745.508950479868 
6745.924363646561 
6745.943857861965 
6746.811158901377 
6746.314935822082 
6746.723215878977 
6746.554761407099 
6746.773051223317 
6746.656292650576 
6747.094457115551 
6747.384172511578 
6747.973675431780 
6748.612177889096 
6750.042588847177 
6750.171849715703 
6750.561827969202 
6749.733367761000 
6749.696950423587 
6746.085370800560 
6744.385529665447 
6744.857897038591 
6744.579592121739 
6745.222116823562 
6745.218373350571 
6746.519955775791 
6746.012400475954 
6746.305352238778 
6745.858872117082 
6746.272923171213 
6746.138305142274 
6746.438434112545 
6747.236896932218 
6747.000562421977 
6746.849640370768 
6747.238936197808 
6747.240848540948 
6746.609692919082 
6747.352593836225 
6747.453687037174 
6747.213765969562 
6747.329846874698 
6747.273751591381 
6747.870179404428 
6747.870179404428 
6747.431796867026 
6747.751068640427 
6747.476073239202 
6747.706051180236 
6747.968924425011 
6748.132776962259 
6750.796849404811 
6749.869715095587 
6749.310368544814 
6749.879721171304 
6748.788996856505 
6748.563801816623 
6746.955237533324 
6747.118068804498 
6747.181809954162 
6749.285375417131 
6747.672321472730 
6747.292117531287 
6748.869629131259 
6748.576477069694 
6749.753647718624 
6749.103930722176 
6749.167372684730 
6748.665061664254 
6748.921992310542 
6748.769674412293 
6749.218495658147 
6748.485670420668 
6748.869078617852 
6749.073791691472 
6749.263780105236 
6749.602680557590 
6750.629760889461 
6750.046738596813 
6750.046738596813 
6749.938655984098 
6750.004182086382 
6749.542187810459 
6749.773167040319 
6749.872856985643 
6750.155733075791 
6750.731023820407 
6750.269493004511 
6750.059668668750 
6749.889620877191 
6749.745945294022 
6749.944050972958 
6748.734191656448 
6748.490824000106 
6747.923056655938 
6747.923056655938 
6747.923056655938 
6747.960787063080 
6748.617416264769 
6748.635906706903 
6748.719257195518 
6748.649264215624 
6748.683887424173 
6748.980854074845 
6750.515065615133 
6751.074572992745 
6748.888533199751 
6749.693594797129 
6749.498878136102 
6750.488614004776 
6750.076861689054 
6749.837887813223 
6749.409391418976 
6746.443000204990 
6746.380269257316 
6746.734045987236 
6745.780185583219 
6746.913237598670 
6746.796920596988 
6746.914907162350 
6747.491720867613 
6747.235471247013 
6747.007208293417 
6746.942052914705 
6747.191509229607 
6747.275490441808 
6747.068090463447 
6747.371986396382 
6748.086175637943 
6747.400515388101 
6746.840510759895 
6747.072960788963 
6747.324477179692 
6747.148335406034 
6747.528599796599 
6747.474912653933 
6747.162605966021 
6747.408417439434 
6747.237398431815 
6747.298827856920 
6747.287213418204 
6747.652342808256 
6747.846719959094 
6747.742673169932 
6747.782475196444 
6748.128519500064 
6747.482659436419 
6747.608130753119 
6747.739589306667 
6748.152392858635 
6747.589106124590 
6747.062200983523 
6746.706866117735 
6745.890255725993 
6745.906891338275 
6745.737740140971 
6747.147941436323 
6747.165417833324 
6747.175539011366 
6747.345813300260 
6747.464024694110 
6747.761540758961 
6747.733273817982 
6747.672019038237 
6747.769042223303 
6747.721283605885 
6747.611648570151 
6747.611648570151 
6747.660788727841 
6747.728664031129 
6747.973011936100 
6748.225756523980 
6748.041138125068 
6747.592327172904 
6747.770571394004 
6747.881294903003 
6747.565513938433 
6747.967372663253 
6747.845978144426 
6747.610540742387 
6747.643341735388 
6748.254467252495 
6747.617139907547 
6746.960859580610 
6746.605318284361 
6746.273994308840 
6746.573355182666 
6746.551144806876 
6745.008522320430 
6745.164722024412 
6745.476897105531 
6744.714944501387 
6744.657866605135 
6746.177540190680 
6746.482094577859 
6747.262348274876 
6747.632202107391 
6747.444541871247 
6746.406668007359 
6746.227655228965 
6746.589502028000 
6747.145383568681 
6746.950386207446 
6747.012400729579 
6746.866765395544 
6746.711048182841 
6746.795498855692 
6748.284609324917 
6747.882856004006 
6748.418200615001 
6748.740019779804 
6748.548701057897 
6748.791665119715 
6748.008931386481 
6748.052229002430 
6747.909482022274 
6747.761542799334 
6747.580517891485 
6747.627791675410 
6747.545498168292 
6748.515343983821 
6748.602810530939 
6748.266216713493 
6748.880191457681 
6748.867158612943 
6748.362134199738 
6748.988476888970 
6748.480542180404 
6748.392929190845 
6748.161793973177 
6748.208215827547 
6748.290697824786 
6748.414049128900 
6748.345555133751 
6748.291909190470 
6748.565144207758 
6748.742813663026 
6748.732485542138 
6748.643231287794 
6749.108619955964 
6749.144377253630 
6749.797033008733 
6750.492316201364 
6749.455071761035 
6749.379937151256 
6749.603224378125 
6749.481240778223 
6749.960020959265 
6749.386669433658 
6749.020086953572 
6749.349040490295 
6749.491013836795 
6749.439713235494 
6749.062945918839 
6748.802602996066 
6748.790478761486 
6749.148720377362 
6748.723066663070 
6748.765992989879 
6748.669943019886 
6748.619860056780 
6748.503508058157 
6748.484955787175 
6747.422171515765 
6747.494435516500 
6747.763447448765 
6747.642661204990 
6747.533512265047 
6746.810203767417 
6747.263720918589 
6746.789035226036 
6746.837646238913 
6746.519623494767 
6745.607272463823 
6746.120742963305 
6746.238757911273 
6746.843232108701 
6747.958618194129 
6748.708046712503 
6748.329140050369 
6748.500925387603 
6748.156234146946 
6748.626310463771 
6748.616295008881 
6748.080212328649 
6748.068007281789 
6748.231024956342 
6747.784266517012 
6747.624694459621 
6746.628524753703 
6746.727342752993 
6746.235598108848 
6746.399204654713 
6746.318536448963 
6746.730246923542 
6746.491457432385 
6746.483974291351 
6746.514706133730 
6746.505121251571 
6747.052513118008 
6746.677608417511 
6746.117432591685 
6746.481357119763 
6746.218563373602 
6746.193750656668 
6747.037145549016 
6747.080720488085 
6747.379431127302 
6747.660815597780 
6747.712211948538 
6746.744214387968 
6746.742750619909 
6746.959698027916 
6747.081888971195 
6746.903175879165 
6746.835611952115 
6747.137570971560 
6747.228780979480 
6746.951361974046 
6746.951361974046 
6746.953775998179 
6746.953775998179 
6746.989644210759 
6747.059338304418 
6747.181464699839 
6748.128554934535 
6748.173724197755 
6748.601512794109 
6747.883317952091 
6747.285503465785 
6747.330562084451 
6747.330562084451 
6747.640932550466 
6747.103511518313 
6746.788104969299 
6746.179712567077 
6746.324563253102 
6746.351651523119 
6746.721980704464 
6746.823649183438 
6747.702654917538 
6747.168376759309 
6747.555866874437 
6747.007003195959 
6747.461643596305 
6747.306116874786 
6747.220655708141 
6746.901412372780 
6746.207291139839 
6746.207291139839 
6746.416505064880 
6746.918333510371 
6746.284470543867 
6745.835473566990 
6746.089445931479 
6746.006537886361 
6747.512203735858 
6747.521652376802 
6747.475241241303 
6747.530577562815 
6749.508853330922 
6749.003841975898 
6748.735133205769 
6748.562201973804 
6748.586233644948 
6748.734230570223 
6748.602580205049 
6747.609635201786 
6747.681223858565 
6747.834716972265 
6747.894778979359 
6748.015050443825 
6748.131075013655 
6748.200462375115 
6747.876360981780 
6747.806782954559 
6748.864237037178 
6748.743378836911 
6748.720653214485 
6747.761063747260 
6747.546851909337 
6748.231153869110 
6749.055265983775 
6749.313861318918 
6748.795353758428 
6749.718413739706 
6749.599494095689 
6749.779518906585 
6749.663806472416 
6750.803614701489 
6750.965876694626 
6750.868491115638 
6751.329798154502 
6749.734090232372 
6749.734090232372 
6748.721099002348 
6747.325519313358 
6747.317198420777 
6747.598033195586 
6748.525000698587 
6748.386396213713 
6748.899637339837 
6749.091373125126 
6747.316011507385 
6747.164021721611 
6747.096203194922 
6747.119132248686 
6746.780091202452 
6746.521423340757 
6747.254704905454 
6747.422880988158 
6747.353282687238 
6747.295889873557 
6747.239082690132 
6747.180497814848 
6746.677423743519 
6746.588887621322 
6746.938216007019 
6746.952340211169 
6746.954017510909 
6747.240317803718 
6746.721199745642 
6746.717913116774 
6746.412156296463 
6746.188297404093 
6747.195604171938 
6747.146826951735 
6746.807699404504 
6747.013585513357 
6747.096025612192 
6747.465106116189 
6746.773331269092 
6746.260184297410 
6745.118206330063 
6745.907980442564 
6745.711673668760 
6746.556096477842 
6746.060690958386 
6745.886460756617 
6745.734911280365 
6745.706199904602 
6747.545675190193 
6748.347687479093 
6749.211644025952 
6749.471458852424 
6749.626400625821 
6748.544666773527 
6748.090322096074 
6748.254818325601 
6748.117292773209 
6747.658683458915 
6747.692586489219 
6747.381758068249 
6747.253439538409 
6748.344978639181 
6748.381850898708 
6748.461137178973 
6748.513815149514 
6747.672295927256 
6747.772261068078 
6748.073754953209 
6748.254017812190 
6748.524039357390 
6748.565323234799 
6747.525989289787 
6748.012737172124 
6749.760777459787 
6749.785062877385 
6749.769778020526 
6749.550352215701 
6749.700247932582 
6749.108060943839 
6749.927884369966 
6750.017432172413 
6749.565820842651 
6750.420515048985 
6750.189178515865 
6749.555310563154 
6749.956572213454 
6749.559091974261 
6750.115011776803 
6750.295332319029 
6750.196346435723 
6750.805461616829 
6750.093368699295 
6750.145370287692 
6749.730641227039 
6748.581951814938 
6748.539331970745 
6746.298835757930 
6747.136515585694 
6747.617866410144 
6748.242623717410 
6748.117102601989 
6747.981043856080 
6747.203605709635 
6747.201601987090 
6747.585112297518 
6747.481658772295 
6747.484511045905 
6747.181716531844 
6747.270047649253 
6747.260140352112 
6747.643442418346 
6747.752962852629 
6747.336112348931 
6746.892715174494 
6747.221683405129 
6747.307938044943 
6747.417916093839 
6747.949828138995 
6748.710402210939 
6749.187496557932 
6747.982170559098 
6748.230241873824 
6748.804519979363 
6748.691560331546 
6748.498074670654 
6749.132052964525 
6748.696708064434 
6750.281180284032 
6749.395208940787 
6749.240605681563 
6749.167738997611 
6749.422585288043 
6748.536427914136 
6746.975728243286 
6747.060659160433 
6746.191735102226 
6746.241929648787 
6747.306704659948 
6747.881692086209 
6747.682852756784 
6747.593992985187 
6748.272502601931 
6747.770473541105 
6747.553994172627 
6748.297760641800 
6748.280801203813 
6748.375737564153 
6748.208110944149 
6748.422068122853 
6749.394206488989 
6748.996460699488 
6748.492603530440 
6749.005467046512 
6748.445965934289 
6748.441717871709 
6748.223944694973 
6748.606716699270 
6747.716524444902 
6747.733760202173 
6748.022668912870 
6748.183927291246 
6747.858889324227 
6747.528106458611 
6747.576843235797 
6746.661272585780 
6747.176148136577 
6747.153903628798 
6746.968614567030 
6747.734921200147 
6747.359423557701 
6746.836747886736 
6746.100605253626 
6746.978767800209 
6746.176185268102 
6746.922065378159 
6747.078041885900 
6747.113141667352 
6747.520126962508 
6747.126578533181 
6747.036007293016 
6746.387112123574 
6747.364610774421 
6746.734771651280 
6746.874808110465 
6745.507186826305 
6745.988569890254 
6746.335323918179 
6746.485286207197 
6746.688831300402 
6747.068916450696 
6749.300000954101 
6749.300000954101 
6749.314661913494 
6749.254023815794 
6749.336626484722 
6749.273810413600 
6749.339353399174 
6749.303889557296 
6749.358734123080 
6749.197327332764 
6749.585451630660 
6748.836621321280 
6748.042699022920 
6748.111674051669 
6748.447172614009 
6748.688296251555 
6749.067185371576 
6749.087667216494 
6748.754683478323 
6749.829275085883 
6750.354726142850 
6749.729550397570 
6749.910233093257 
6749.816000227883 
6749.816000227883 
6748.985594750778 
6748.789257275630 
6748.389175373850 
6748.354464059575 
6748.374674782711 
6748.546696886690 
6748.637408334181 
6748.661845609861 
6748.696706209042 
6748.748891454970 
6748.624676364379 
6748.028630974339 
6747.921331740446 
6748.333799540163 
6748.314992784464 
6748.676466664292 
6748.889460653577 
6748.831074221035 
6748.831074221035 
6748.599916054481 
6748.201737948400 
6748.250967909929 
6748.251159706390 
6748.367830164154 
6748.234334626718 
6747.687463727008 
6747.774489400034 
6747.834468368513 
6747.915859972787 
6747.996568310708 
6748.239101714079 
6748.529976972419 
6748.674160622003 
6748.573773036927 
6748.225201457432 
6748.161110597224 
6748.218087900108 
6748.191497225039 
6747.752872639961 
6748.195397651492 
6747.982214114048 
6748.159258959166 
6748.205046837981 
6748.414127512368 
6748.560631938173 
6748.632302399184 
6748.776056328384 
6748.828047749782 
6748.935786418620 
6748.909526463840 
6749.795281677572 
6749.808211940780 
6749.761473989727 
6749.212338257845 
6749.188083964443 
6749.117058478470 
6748.932684603632 
6749.113571853938 
6748.744327165658 
6749.855338105020 
6750.060756255900 
6749.089376686651 
6749.023164637517 
6748.797881552754 
6748.868454710248 
6748.700989352407 
6748.527497953124 
6748.291573239741 
6747.844675769232 
6747.925719241179 
6748.583321500699 
6748.525125849429 
6748.862474413045 
6749.119924493309 
6749.385757367999 
6749.966286792484 
6750.069575370505 
6750.124894010756 
6748.241578217837 
6748.129973285804 
6748.507118877376 
6747.965526493611 
6748.426989179728 
6749.892736879679 
6749.970244631672 
6749.674562492944 
6750.167751699176 
6750.031278454081 
6750.227281212508 
6750.000184612494 
6749.703486727207 
6749.695438608461 
6749.995537982887 
6750.512980366638 
6750.510768124875 
6750.951674334593 
6751.395301585875 
6750.850985931529 
6750.884614013071 
6751.141370666497 
6750.881107775464 
6749.638237112919 
6750.933734772557 
6750.567075509287 
6748.718768041945 
6748.897977361671 
6748.920516709353 
6749.075415923578 
6748.218164240502 
6747.940803188869 
6747.850167516248 
6748.939001374652 
6748.939001374652 
6748.939001374652 
6748.807467146007 
6748.802171910368 
6749.371402788131 
6748.898241259279 
6749.239916803812 
6749.371181424272 
6749.220668034250 
6748.778914345214 
6749.077041922919 
6749.111797817356 
6750.305354259058 
6750.305354259058 
6750.432731031175 
6750.399928373617 
6749.149873197814 
6749.336449868591 
6749.031115653957 
6748.169592288766 
6748.426923949162 
6748.290138902221 
6747.615650388802 
6747.248960114032 
6747.767716514273 
6747.248985274628 
6747.090600057883 
6747.596532520133 
6748.934401773727 
6748.503284232896 
6748.241461171288 
6748.597178846897 
6748.508994288184 
6748.138653802005 
6748.668318951102 
6748.717173592890 
6748.728245139078 
6748.848848596101 
6748.910241714651 
6749.014630652153 
6748.831961563382 
6748.764822630164 
6748.764275987905 
6748.830566194295 
6748.889006221516 
6749.302326122354 
6749.725773706968 
6749.621502490369 
6749.693165319974 
6750.029137243073 
6750.502603492306 
6747.600457695034 
6747.629058547647 
6747.390107228313 
6747.252483786295 
6747.094158814688 
6748.213112649869 
6748.116315421297 
6747.854174335674 
6747.597046783597 
6747.597046783597 
6748.138419717581 
6747.910901036448 
6748.523874170833 
6748.986289074332 
6749.442248744088 
6750.087609161280 
6748.790576879946 
6748.765615030528 
6748.637724492781 
6748.513768539993 
6748.621258329064 
6747.796695146220 
6747.408338735736 
6747.551655972163 
6746.902930668123 
6747.216889916754 
6746.463974613132 
6746.557381112370 
6746.906565407467 
6747.612482741444 
6748.159773549266 
6749.014166280856 
6749.004556624122 
6749.601254810546 
6748.769348430567 
6748.938107533676 
6748.372628188137 
6748.471322932649 
6748.936675132760 
6748.798120583107 
6749.979405235781 
6749.358000986706 
6748.876572744747 
6749.256221851761 
6748.478661575771 
6748.122656617028 
6747.842430890568 
6747.843432979739 
6747.806388400280 
6747.850806481462 
6747.671299754792 
6749.625864500833 
6749.512060238834 
6748.963996467935 
6748.149852961006 
6748.079295917173 
6748.051654801260 
6748.748880169833 
6748.714219178965 
6748.814882002765 
6749.064780142365 
6749.295656317657 
6749.293281898158 
6748.876851712295 
6749.561123196274 
6748.794968036867 
6748.648782537729 
6748.648509735929 
6748.649046937585 
6748.603518740220 
6748.589455069381 
6748.825346323061 
6748.818676811999 
6748.288817361838 
6748.205838257988 
6748.187482547124 
6748.307273594600 
6748.295845925782 
6748.085066463569 
6748.312153255288 
6747.547540088839 
6747.482729481050 
6747.156024272485 
6746.277577055762 
6746.260632745690 
6746.139282743001 
6746.535189316406 
6746.613824792048 
6746.826160635874 
6747.081303558164 
6746.096698952995 
6747.203436799117 
6748.143039868590 
6748.149668623155 
6745.621277077764 
6745.533313275434 
6746.681004397314 
6746.580834290086 
6746.827728401327 
6746.109162767098 
6746.103210655278 
6746.745094049227 
6747.158092967099 
6747.712488926743 
6747.394584894167 
6746.047594778905 
6745.554001021518 
6746.670209413826 
6746.955307287681 
6747.369975821734 
6747.185800042783 
6747.616119728636 
6747.452676005935 
6746.468648197700 
6747.334062706745 
6746.987130867670 
6747.136970062688 
6746.696651621574 
6747.039032077942 
6746.979017087288 
6746.886567187419 
6745.827541090771 
6745.775905490378 
6745.704105450693 
6746.022489962553 
6746.344846351292 
6746.114779178383 
6745.513825530567 
6744.028574326564 
6744.277295938676 
6744.959399899333 
6743.599432623503 
6744.152130154872 
6744.001689012577 
6745.539759970483 
6746.197858172713 
6745.595835867102 
6745.450337927962 
6745.869067060973 
6744.810005183167 
6745.601906709820 
6743.765913599320 
6744.353269876847 
6744.127001343117 
6744.501314838933 
6744.562424556833 
6743.983046065434 
6744.969701672169 
6744.320006644343 
6746.591409806982 
6746.375244467747 
6746.252736215124 
6746.486461219009 
6747.021158540432 
6746.833080579991 
6748.464615219143 
6748.087666632997 
6748.798730252061 
6748.923353480913 
6748.408696053632 
6748.754831005288 
6748.603107783747 
6748.040020279040 
6748.374568957021 
6748.266438470448 
6748.759641266650 
6749.123926210204 
6749.247404863241 
6749.979666051091 
6748.812405702921 
6749.098716692354 
6748.956474460831 
6749.948062419418 
6750.330893910968 
6749.143389327603 
6749.721758348406 
6748.952645470958 
6748.963438168522 
6748.640661706442 
6748.552791966103 
6747.871169131429 
6747.950979201698 
6748.016701016872 
6747.916967000939 
6747.786308937193 
6747.426038134571 
6746.704364994140 
6746.793891245223 
6747.011634293080 
6747.022186345246 
6747.247349766962 
6747.427074990707 
6747.748772702839 
6748.258369591481 
6748.265858227906 
6747.052743308110 
6748.033846558516 
6746.915184148328 
6748.155216360168 
6748.373457318213 
6748.342723110495 
6748.041857564905 
6747.353449941538 
6748.190966742496 
6748.002641635815 
6747.940672027109 
6748.115915879886 
6747.846298901689 
6747.796037998583 
6747.679718699657 
6747.746315976901 
6748.388741368721 
6748.701585709653 
6748.255676523060 
6748.199678351342 
6748.100028128600 
6748.100162486337 
6748.100162486337 
6748.253310761364 
6747.879051854429 
6747.851446783373 
6747.976873871646 
6747.976873871646 
6747.972286354920 
6748.257045621415 
6748.467752302147 
6749.978761090581 
6749.518397330415 
6749.362420018098 
6749.289651950520 
6749.488208898381 
6749.308347974206 
6749.520216561266 
6749.792948358995 
6749.373776069308 
6749.574373949925 
6749.900994092662 
6750.737438789528 
6749.789451159215 
6749.749514238850 
6749.899452475610 
6750.325255541365 
6749.552632723955 
6749.343390954839 
6749.500893541007 
6749.883902020825 
6749.837391042763 
6749.881968894490 
6749.058351467633 
6749.797530420383 
6749.766572177156 
6749.770990175547 
6750.740381309567 
6750.056747451099 
6750.451689148485 
6750.135473478088 
6750.296713863807 
6749.961238831648 
6750.655597633667 
6751.151296803398 
6750.709719838177 
6749.717891487590 
6749.662645634446 
6750.028450681409 
6749.373313016240 
6747.852772175293 
6747.552701266789 
6747.468858308672 
6747.218803259361 
6747.082190350139 
6747.773315626210 
6747.886603780271 
6748.005890944574 
6748.133794356640 
6748.229592126842 
6747.778731088963 
6748.602583210197 
6747.467480267642 
6747.602229948278 
6747.905386416675 
6747.180387082261 
6747.689095641956 
6747.543048786776 
6748.005002278314 
6748.058873658104 
6748.018465155232 
6748.018465155232 
6748.374124971408 
6748.567116189282 
6748.422973796525 
6747.782944676451 
6748.121776293880 
6747.904323216243 
6748.482854805433 
6748.481776075471 
6748.419099054248 
6749.239861300453 
6747.590064945925 
6748.108680034896 
6747.193851811133 
6747.163780964035 
6747.733624814277 
6748.617861827422 
6747.948241085361 
6748.433975689889 
6746.698705750247 
6746.676088464688 
6746.975474292179 
6746.661681870159 
6747.335895886672 
6746.255506047907 
6748.058947739016 
6747.115823762663 
6747.016573870798 
6746.848132097611 
6746.234177273278 
6746.259806589476 
6746.261347871690 
6746.595092944959 
6745.712931130779 
6746.061618367132 
6746.857502644981 
6747.290985055615 
6746.350036109564 
6747.552767663622 
6748.076102232994 
6748.571109499410 
6747.641941552501 
6747.578428430217 
6747.646328954235 
6748.526616552786 
6749.158286688636 
6748.941704949021 
6748.826512994606 
6748.316301636990 
6748.575850718045 
6748.710832948956 
6747.602528643523 
6747.222058674068 
6747.287309249679 
6747.287309249679 
6745.319145521590 
6745.560177829731 
6746.255728955196 
6745.876969055002 
6745.573615404116 
6744.359575554843 
6744.221498591203 
6745.410999014522 
6746.497561388896 
6745.658571696141 
6745.842376663745 
6745.947971724808 
6746.223174197497 
6745.997601136913 
6745.230396657394 
6742.619791823067 
6742.703078286897 
6742.556954968113 
6742.955173587289 
6743.359197361699 
6744.090762234474 
6743.566821746241 
6743.437060636705 
6745.103190738296 
6744.874463353971 
6744.774402840603 
6744.944888644284 
6746.294949969822 
6745.950837737779 
6744.352533682387 
6744.906257761255 
6745.226341627434 
6743.988622123031 
6745.201779624218 
6745.722690285448 
6747.898155102413 
6747.780987221731 
6748.192606906591 
6747.905782404242 
6747.084757289076 
6746.673923915919 
6747.596009619154 
6747.968301755488 
6748.869516088669 
6749.008371014920 
6749.022087695431 
6751.761624843397 
6751.737765105780 
6751.440170690543 
6751.513904966111 
6751.557648783910 
6751.495771249388 
6752.812054980827 
6752.424479701402 
6753.921781613923 
6753.631925876432 
6752.843973855740 
6751.721648031739 
6752.667483858922 
6752.788816781022 
6751.757722968619 
6752.063309050340 
6751.830560111821 
6752.356736075726 
6752.224016099580 
6752.708770159589 
6751.631309231218 
6751.252340547760 
6751.858089975993 
6751.792439529841 
6752.203805082147 
6751.313540844914 
6750.970438272353 
6751.104457543423 
6750.961803961764 
6750.295724737284 
6749.940984024271 
6749.177982374894 
6748.898396359376 
6748.656884369995 
6748.361560731867 
6748.457112081844 
6748.757252033806 
6748.406757289403 
6748.162306761345 
6748.181070037516 
6748.204477947969 
6748.427120549903 
6748.670234510150 
6748.236184814150 
6748.109544251198 
6748.042464260991 
6747.983437664234 
6748.468246676101 
6749.452654134823 
6749.577048083586 
6749.205324600415 
6747.686009320794 
6747.855885719759 
6747.855885719759 
6748.272221395158 
6748.499089020388 
6748.334636922540 
6747.897631271315 
6748.351855735929 
6748.453585835097 
6750.144631303417 
6750.009783119560 
6751.372291904589 
6751.270332865470 
6750.666377435802 
6751.283500401092 
6750.762211360143 
6752.128378638855 
6750.030710226290 
6750.886632996840 
6751.082553842831 
6750.382162066894 
6750.561908091873 
6750.154939364692 
6749.837113182050 
6749.622783252936 
6750.296485214242 
6750.067850643190 
6749.674076300287 
6749.643154045638 
6750.017534059471 
6749.757108569525 
6748.901645946251 
6747.846052343280 
6747.722717161610 
6748.106836722117 
6748.127901226760 
6748.220476590027 
6748.220476590027 
6747.982963100009 
6748.055806652349 
6748.575543314531 
6749.233689989182 
6749.669537121046 
6749.931000244696 
6749.515277016183 
6749.148996229235 
6749.027818276279 
6749.146442434283 
6749.042948076763 
6749.121797452323 
6749.230344481800 
6749.197680138366 
6748.640827008388 
6748.710744673804 
6747.484062977425 
6747.160865015560 
6747.768747278270 
6748.336361884525 
6748.284505176542 
6747.763210901306 
6747.847488333167 
6747.643098236411 
6748.901955804894 
6748.920967673417 
6748.728759306462 
6747.822785295672 
6747.822785295672 
6747.649613875835 
6747.781323845540 
6746.638952332721 
6746.333732476538 
6746.749236293185 
6746.924890392082 
6748.747707649247 
6748.938756919007 
6749.015679238615 
6748.872954281561 
6747.729316781848 
6747.909969285430 
6748.018170407535 
6748.863540313692 
6748.805535617346 
6747.427061614080 
6747.042942323750 
6746.610809379222 
6748.628396866405 
6747.885750328629 
6747.878030710409 
6748.082419706562 
6748.418653626986 
6747.198790894083 
6747.184223490350 
6747.048383338220 
6747.932518306052 
6747.342707304819 
6747.365495488880 
6747.420003906158 
6746.831433438080 
6747.019838763148 
6747.097953114515 
6747.293957478116 
6748.864940656143 
6749.525480766727 
6749.583585624453 
6749.703685651208 
6750.213337319085 
6750.026865983206 
6749.757368103067 
6749.964755038604 
6750.214215152843 
6750.243050952880 
6749.508898324287 
6749.508898324287 
6750.316418921529 
6749.334572841096 
6750.171498813887 
6750.171498813887 
6749.891301610774 
6751.728488254523 
6751.489613330858 
6751.925828378655 
6751.724542176662 
6751.507317597524 
6751.417884146851 
6751.941025946661 
6751.702787194284 
6748.138390597378 
6748.179074827433 
6748.647146730295 
6748.645547120735 
6748.399490796151 
6748.424918565427 
6748.386398483295 
6747.488103022848 
6747.763964478758 
6747.466309986789 
6746.095960436104 
6746.381918795757 
6746.179117891321 
6745.637119835551 
6746.089524577542 
6746.057104321160 
6747.551395273957 
6747.652016338832 
6747.894525969305 
6747.969478937442 
6748.293972264716 
6748.619760669929 
6748.566615163700 
6748.189563488740 
6748.105658959385 
6748.017011626494 
6748.028637359346 
6748.291668449760 
6748.291668449760 
6748.276219406453 
6747.623851429707 
6747.042667086449 
6746.219702244643 
6745.244952859247 
6745.017658413311 
6745.383402223578 
6745.248009354767 
6744.184010539010 
6743.938939031195 
6745.182665951912 
6745.583201002238 
6745.802579558333 
6746.357416953987 
6745.778173871118 
6745.661595215544 
6746.682117471931 
6746.798767047131 
6746.940021565057 
6746.486126741854 
6746.835807180777 
6746.881845611510 
6746.555201148407 
6746.627854829236 
6746.499226956563 
6747.106496366008 
6747.417843843141 
6747.735080533595 
6747.106045800732 
6747.164042896786 
6747.786103279991 
6747.380913760355 
6747.344133852320 
6747.205497589965 
6747.638725113726 
6747.695943175552 
6747.304649284428 
6747.324067197411 
6747.313780987555 
6746.986067500502 
6747.412050979438 
6747.568883504974 
6747.514836961769 
6747.029548464933 
6747.427124958816 
6747.155879050809 
6747.264234531225 
6747.093114821486 
6747.051381682772 
6747.272253424746 
6747.147214301869 
6747.274720148378 
6746.970923007807 
6746.970923007807 
6747.177570490612 
6745.752312251501 
6745.884732408691 
6747.583072902387 
6747.130115023499 
6748.246937605451 
6747.533240532884 
6747.754770972942 
6747.715518943851 
6748.217247570728 
6748.849914287233 
6747.426269249754 
6747.396916412319 
6747.439661251687 
6747.572300896741 
6747.799169523149 
6748.204544707648 
6747.736871452219 
6747.502766557382 
6747.193828480091 
6747.289418475993 
6747.326883066857 
6747.339363960728 
6747.383673596921 
6747.568968401890 
6747.275455348832 
6747.658765378560 
6746.859294924653 
6748.032781280262 
6748.005905697023 
6747.827277543988 
6747.834426198784 
6747.957788834407 
6748.123509176913 
6747.889817893887 
6747.699335097443 
6748.146279268973 
6747.605691027500 
6747.496224647930 
6747.445076218920 
6747.445076218920 
6747.785740758622 
6747.724925493541 
6748.681048605909 
6748.666358515479 
6748.179814109099 
6748.253427917945 
6748.148489690310 
6748.152626625953 
6747.879941710826 
6748.360790329093 
6748.861256450698 
6748.479244936358 
6748.765771926086 
6748.826535194645 
6748.744230407051 
6747.870291843485 
6747.882885137063 
6748.030754329329 
6747.958283152761 
6748.506044821557 
6747.792273475250 
6747.648521101546 
6747.564407701755 
6747.959565626774 
6748.090697933661 
6747.474295745880 
6747.605727973744 
6747.717996611092 
6747.336169430775 
6747.770342481935 
6746.882505303650 
6746.987673366374 
6747.902088160858 
6747.431162520659 
6747.797801641698 
6746.794138152247 
6746.784500333452 
6747.839849698918 
6747.895422732974 
6746.748006081936 
6746.721299379743 
6746.670493902346 
6747.019419099728 
6746.609844510826 
6747.081025126041 
6747.976209723370 
6747.995806701751 
6747.895087247180 
6747.765680864239 
6747.438262546894 
6747.349262365124 
6747.671556286708 
6747.587419523516 
6747.767169441167 
6748.867575641461 
6748.961892871657 
6750.043830589702 
6749.706596861696 
6749.523340143426 
6749.518618102818 
6749.536406498321 
6749.364305670611 
6748.688122139893 
6748.592331669829 
6748.287175777766 
6748.501885619476 
6748.479414375507 
6748.424543646081 
6748.372015868978 
6748.267072716762 
6748.676238674062 
6749.399468351176 
6749.230098925897 
6749.229798514497 
6749.244906336538 
6749.405474293638 
6749.240053532304 
6749.533544564026 
6749.670617430186 
6749.738218926972 
6749.740802929574 
6749.740802929574 
6749.712466247067 
6749.737875551766 
6749.909689735675 
6750.110675874815 
6749.215424815859 
6748.460911931448 
6748.600285876800 
6748.333201245655 
6748.333201245655 
6747.793286640562 
6747.034851921505 
6746.279312124658 
6747.660923139710 
6747.369893614581 
6747.585112351961 
6747.583454469634 
6747.810425183962 
6747.404159871779 
6747.604519648530 
6747.471200635386 
6748.260775420011 
6747.880371779176 
6747.872048294924 
6747.532800429387 
6748.118805691879 
6747.823873040073 
6748.876180318171 
6748.897703929879 
6749.374896077745 
6749.480529255782 
6749.268757513059 
6749.232336349321 
6749.693883326547 
6749.712956193492 
6749.443025398541 
6749.485740541445 
6749.121397927186 
6748.825717839744 
6748.866772890287 
6749.173732273784 
6749.191423204099 
6749.927304542921 
6750.337658092367 
6750.065968356648 
6750.501444034415 
6751.299796650863 
6750.051507647711 
6749.818454738127 
6750.770126650698 
6750.621449208652 
6750.843217921633 
6751.185416345538 
6749.452700139438 
6749.599488059478 
6749.661507627347 
6750.780743330148 
6750.298488721774 
6750.370370528058 
6750.360572743908 
6751.412407502788 
6751.342102695477 
6750.087792289689 
6750.313160135740 
6750.732859357329 
6750.685683216017 
6751.237259234598 
6750.142070283929 
6750.544341882073 
6750.628186364130 
6750.929034495439 
6749.423967766573 
6749.273460081528 
6749.753207598671 
6749.170162460263 
6749.299275236983 
6749.994064707676 
6750.192164742021 
6750.217874513800 
6749.188158538543 
6749.587098437415 
6749.809126923780 
6749.539338928418 
6749.436321144845 
6749.516359309175 
6749.550350812269 
6750.894715133292 
6749.576201622004 
6750.772318655606 
6750.923068731446 
6749.216560266452 
6749.441817990813 
6749.594473200114 
6749.897071575455 
6749.438151628068 
6749.842756392073 
6750.588900200189 
6750.121993514267 
6750.342116543470 
6749.886652867908 
6749.736633316923 
6750.073062922232 
6749.702512738889 
6749.593984636293 
6749.691129985554 
6749.966017482918 
6749.934332045404 
6750.423213560925 
6750.094656122137 
6749.845485071787 
6750.459224264962 
6750.926666053323 
6749.793505806289 
6750.477285508907 
6750.132769829704 
6750.259051734897 
6749.970488541388 
6749.804926168464 
6749.822775159627 
6749.979205332010 
6749.210728602750 
6749.774736521242 
6750.000155997001 
6748.719772883349 
6749.414039365462 
6749.126754575520 
6749.438635014239 
6749.731332185183 
6749.802876806396 
6749.221605041888 
6750.291752187231 
6750.519922664693 
6750.528371566077 
6750.545999930153 
6750.204953792600 
6750.623001314366 
6749.696045663594 
6749.955905944949 
6749.677192575904 
6749.725620669007 
6749.747088614688 
6749.697415527370 
6749.846332133191 
6749.800045254806 
6749.692604183558 
6749.701299677253 
6749.130217463260 
6749.435986327435 
6749.435986327435 
6749.379674159934 
6749.594781948905 
6750.189189175333 
6750.332120531416 
6749.649951721115 
6749.403401397083 
6749.056522896779 
6748.835347196921 
6750.790027742119 
6751.428443639223 
6751.288113316292 
6752.384949478620 
6752.612688211197 
6752.190977677206 
6750.538963803839 
6750.687563931022 
6750.401950734141 
6751.578006834418 
6751.535082203497 
6751.556182135787 
6751.500822475895 
6750.928712756160 
6745.942099219244 
6746.601680451038 
6747.128762119572 
6747.255147897062 
6747.257418970440 
6747.271409678831 
6747.201372332381 
6747.245329704980 
6747.449770109111 
6747.602001800034 
6747.541641314566 
6747.647955199835 
6747.658511086657 
6747.434798032407 
6747.999827798681 
6748.038797918073 
6748.126698327455 
6748.059078939568 
6748.129578712080 
6747.733517435903 
6747.812046380014 
6748.391805206169 
6748.256230346305 
6748.772889736550 
6747.976006871766 
6748.060859890836 
6747.677411137708 
6747.745918884884 
6748.167383708588 
6748.296608685751 
6748.354255547239 
6748.361175030909 
6748.369078633898 
6748.424308558552 
6748.790203707226 
6750.944292390311 
6750.452163577426 
6750.545697793895 
6750.888402783631 
6750.797024609731 
6749.334683884894 
6749.268679443968 
6748.901030081059 
6748.900235517683 
6748.525862565250 
6748.502685297146 
6749.381166014819 
6749.364537573760 
6749.894012206900 
6749.823213179580 
6749.676216682692 
6749.823861921640 
6749.833218249533 
6750.251090950415 
6749.557249850699 
6749.854298193076 
6749.408044571505 
6749.421018316907 
6749.045315582601 
6749.536172034632 
6749.156153601408 
6749.011455048852 
6749.017453486882 
6749.017453486882 
6748.930838192940 
6749.283937664072 
6749.213694657017 
6750.002813399722 
6750.894036756990 
6750.597941660869 
6750.275444752720 
6749.037276834916 
6749.743258958309 
6749.249616254775 
6749.253341918359 
6748.545612167952 
6747.777000185212 
6748.258520832703 
6748.258520832703 
6748.106845342663 
6747.680646768128 
6747.593606584934 
6747.757166347983 
6747.891797308578 
6747.916463164975 
6747.916463164975 
6747.970427322274 
6747.784274376761 
6747.750331729317 
6748.268322247581 
6748.518481445146 
6747.959255993338 
6748.561591804821 
6748.530729126833 
6748.977543950995 
6748.843135348211 
6749.695686437070 
6749.800407363422 
6750.036409225030 
6750.260740221894 
6750.719192616512 
6750.843241418866 
6750.765009278140 
6750.199009372009 
6749.870075329956 
6750.166090655628 
6749.751166435046 
6749.719890020352 
6750.027986115075 
6750.165679617367 
6749.915167007354 
6750.375898588148 
6750.360733613304 
6749.364019105265 
6748.907362621814 
6748.966839101055 
6748.553448995232 
6748.543373927281 
6748.483382798012 
6748.431078165455 
6748.452785800568 
6748.589071577553 
6748.577675174864 
6748.482770506273 
6748.320172687961 
6748.474335824274 
6748.474335824274 
6748.108050902472 
6747.916158654605 
6747.783165506720 
6747.822439332473 
6748.494879554208 
6748.830008942627 
6748.338972147711 
6748.140616765683 
6748.398727336877 
6748.076393951432 
6748.425681837060 
6748.288610090149 
6748.102424787719 
6748.545923068828 
6748.502076297324 
6750.562266122344 
6750.018801321474 
6750.276552020135 
6750.949287441974 
6749.851030281407 
6750.534476332825 
6749.763817805761 
6751.038851203645 
6749.314550795308 
6749.540838228869 
6749.690360430951 
6749.144811171481 
6749.452907176680 
6750.046899846235 
6750.182534610351 
6750.029801414465 
6749.741704849571 
6749.669063413819 
6750.355262596218 
6750.308440704849 
6750.153472815360 
6750.153472815360 
6750.153472815360 
6750.153951976317 
6750.235160892476 
6750.211180608557 
6750.407548216415 
6750.302084090642 
6750.514680910894 
6750.486837662337 
6750.818202083048 
6750.689897039168 
6750.875499703167 
6750.520553355138 
6749.814781814616 
6749.607187547455 
6749.655155774652 
6749.495334234778 
6749.340750538018 
6749.458666106239 
6749.398062168114 
6749.386224858510 
6749.581089809865 
6749.917854727588 
6750.416225391197 
6749.908235253519 
6747.083378380525 
6747.412214169150 
6747.629353562269 
6747.317424966119 
6747.108776494860 
6745.718217766543 
6745.768510973294 
6746.329890228492 
6746.012712364690 
6744.767356158786 
6746.278841592969 
6745.472764124026 
6746.321435465145 
6745.145659809337 
6745.494850553468 
6744.092631183603 
6744.479214023191 
6742.953036774425 
6744.227240536989 
6743.807476538101 
6741.942530904226 
6742.609633416469 
6743.299078981035 
6742.204516467964 
6744.112740967629 
6742.832071559116 
6743.256971314251 
6742.515348177162 
6742.552267132789 
6743.095819102252 
6742.630294950016 
6743.087298251468 
6743.169290170358 
6742.476109768137 
6742.790189501868 
6744.469988414498 
6744.615599979331 
6745.368890237201 
6744.437852386036 
6744.437852386036 
6744.529541044491 
6743.852006938061 
6743.969321145520 
6744.261302199478 
6744.798118718270 
6743.153441716057 
6743.631759318372 
6743.529712295307 
6743.859993529361 
6743.782076303334 
6745.452343242976 
6745.294874315070 
6744.833583797714 
6745.130099444190 
6743.453591324110 
6743.828118159943 
6743.321282000092 
6743.423674198280 
6743.464149369966 
6744.851428338634 
6744.625853449539 
6743.578841912448 
6744.379120770155 
6743.917157281889 
6744.464673790928 
6743.343282585468 
6745.365949366980 
6744.452083665370 
6744.763861048869 
6744.421036003369 
6743.872574681367 
6744.178385810571 
6745.282844562217 
6743.855070121959 
6746.219642271137 
6745.953790115920 
6745.246972242840 
6745.828223874011 
6744.890820016090 
6744.767633095353 
6745.296742150835 
6745.279892843874 
6744.414784934774 
6744.424672216341 
6745.287516662740 
6744.363725610493 
6743.763025374047 
6743.448999683547 
6743.448999683547 
6743.882043221776 
6743.388847885826 
6742.701735860353 
6744.505409076647 
6745.013491836136 
6748.819624073857 
6748.880924466019 
6748.793933369219 
6749.994015008865 
6749.921565046323 
6749.951432433427 
6750.128950187865 
6750.269848102467 
6750.410601250171 
6749.616524491250 
6750.765810183368 
6750.832928752839 
6750.845561789324 
6751.279475829740 
6750.113203354502 
6749.768528587615 
6751.099124991481 
6749.985945293189 
6751.437165691961 
6750.868982819239 
6751.032570159352 
6750.996626216560 
6751.228976180359 
6751.888277875096 
6751.333439791081 
6751.355838878799 
6751.953933609708 
6751.149265226323 
6750.453943361844 
6750.507735768047 
6751.058189062777 
6750.572416770282 
6750.162771055077 
6750.676251696660 
6750.408655909336 
6750.887991399117 
6750.892351788565 
6751.230891659978 
6750.058541116499 
6749.283888765594 
6749.793987971954 
6748.915635598620 
6749.052617329410 
6749.108790617059 
6748.929187064913 
6749.032514831580 
6748.353023251731 
6748.468244633153 
6748.657098605455 
6748.624615808184 
6748.914000266196 
6749.048363564852 
6749.362225347165 
6749.370785919131 
6749.472874993822 
6749.310659757318 
6749.470756530320 
6749.521257983940 
6749.812551256017 
6750.137347943004 
6750.668361577561 
6750.311134538280 
6750.399557206159 
6750.308841995221 
6749.735181213691 
6749.890502131994 
6749.440697000697 
6749.398913721195 
6748.183179841188 
6747.776870014929 
6747.580434548504 
6748.000768141139 
6748.264258953257 
6748.001868369026 
6747.215742212667 
6747.194319705817 
6747.397842075682 
6746.982470531410 
6745.900860392870 
6746.413399153657 
6746.705661267493 
6746.173260959890 
6746.529818618439 
6747.246037558688 
6747.373901561042 
6747.341857511502 
6747.341857511502 
6747.399604214282 
6746.943960497078 
6746.843179438573 
6746.599522057225 
6746.893108254444 
6746.893108254444 
6746.922836938873 
6745.398571931644 
6745.549000186528 
6744.936833426780 
6745.565735734232 
6745.992703605267 
6746.341337128702 
6745.636860375287 
6745.416631029566 
6746.137760248712 
6745.953866036598 
6745.244779543352 
6746.363919913745 
6745.632332539927 
6746.305747967753 
6746.752815495642 
6746.571974735566 
6746.589187526197 
6746.790786906873 
6747.022301328038 
6746.597254370554 
6746.961113633942 
6746.537604343786 
6746.444058398737 
6746.407736103626 
6745.744417971770 
6745.971004285978 
6746.596681402894 
6747.891132962629 
6748.972924130027 
6748.773305785955 
6748.789259914992 
6747.703618098682 
6747.098738328546 
6746.012601248435 
6745.984515201045 
6745.927933201932 
6746.375520604252 
6746.117348546425 
6744.826948628866 
6745.287482945366 
6745.745622778761 
6745.342428880962 
6745.595193214683 
6746.449306736335 
6746.690834253735 
6746.450865969276 
6746.001718253719 
6747.582410923402 
6747.824441514524 
6746.076258452731 
6745.052166190362 
6746.112025517662 
6746.065379858043 
6744.932893208310 
6745.425083509828 
6746.580128083975 
6746.482059462302 
6746.563421763804 
6747.062688897186 
6746.585411262905 
6747.199974923896 
6747.219474674823 
6747.236434831620 
6747.005788855518 
6746.818372584014 
6746.460473780676 
6746.558876654639 
6746.770181299778 
6747.092480977185 
6747.371593020453 
6746.991835142031 
6748.263724980292 
6749.422486619746 
6750.339071361800 
6749.480220140757 
6749.611865578911 
6749.196729840161 
6749.442950185674 
6750.471924607309 
6749.565106322073 
6749.483042254588 
6749.348932231851 
6749.567725505492 
6749.626498595321 
6749.764677027735 
6749.626223314579 
6749.699967017116 
6751.468016458681 
6751.065677046792 
6750.538162278373 
6748.664197083647 
6747.774510049409 
6746.935842874516 
6746.935842874516 
6746.354581052370 
6746.562330871629 
6746.677566042534 
6746.704798773988 
6746.235959711871 
6745.674234149058 
6745.587360092108 
6747.308567617287 
6747.562391322404 
6747.794518973332 
6747.213133656719 
6747.251195782738 
6747.366588027650 
6747.337824947094 
6747.249530854068 
6747.317976559472 
6747.500969068953 
6747.826297356525 
6747.997551181335 
6747.725993007869 
6746.551578985066 
6746.775146442300 
6747.438071323000 
6747.493420546536 
6747.886572326923 
6747.899206771825 
6749.546629280987 
6748.809159656791 
6748.677798007089 
6749.230871518159 
6748.956929143534 
6749.182979138061 
6748.993528516532 
6748.203242429206 
6748.341043910543 
6748.013906034214 
6747.641352538481 
6747.727618260859 
6747.721033439708 
6747.250637242119 
6747.328364142353 
6747.328487270849 
6746.877595934678 
6747.233594450420 
6747.932103704782 
6748.173357599770 
6747.334201027986 
6747.347603113042 
6747.629978577314 
6747.789562886209 
6747.789562886209 
6748.047480744951 
6747.914302965483 
6747.850903384216 
6747.967684814197 
6748.455378141130 
6748.352236397699 
6748.003784563228 
6748.317008884586 
6748.428183938933 
6748.627008528180 
6749.132036487943 
6748.931078315803 
6749.016144265795 
6748.713469433496 
6748.994194022866 
6748.734094398593 
6748.662140992326 
6748.793100492796 
6748.848485244572 
6748.762699189934 
6748.475543145291 
6748.746082615130 
6748.809418866877 
6748.954608792816 
6748.954608792816 
6748.324118650481 
6747.382658173959 
6747.338347644420 
6747.288341063258 
6748.109997496704 
6748.055607592559 
6748.173015406876 
6747.919473000101 
6748.040379028204 
6748.053108674595 
6746.820582365899 
6746.698967443399 
6746.745665581060 
6747.394811334571 
6747.222893894671 
6747.245932308626 
6747.347947247009 
6747.376311268439 
6749.663038473580 
6749.590972532464 
6748.799355975448 
6748.279710993354 
6748.890408626377 
6748.726487514724 
6749.933720719214 
6750.141262472696 
6750.852363569494 
6750.444901450623 
6750.444901450623 
6747.854502917597 
6748.024071936931 
6748.214146300985 
6747.861674735117 
6749.514126069292 
6749.183436665527 
6749.947712525060 
6749.504123482800 
6748.864213407129 
6749.512307531222 
6748.428185441364 
6748.975259689893 
6748.950270766980 
6748.606757093556 
6748.561113302680 
6748.688007171036 
6748.482909935331 
6748.058767661967 
6748.120949417495 
6747.930899674122 
6747.817949488125 
6747.842318850119 
6747.979104353102 
6747.970136614340 
6747.691440469116 
6747.504054598390 
6747.044523409320 
6746.979714190014 
6747.789311378067 
6747.482572716277 
6748.119246988040 
6748.314273570673 
6748.098949958608 
6748.329252208153 
6748.485702942186 
6748.533161251848 
6748.659045958182 
6748.887424102276 
6747.929186646383 
6747.828863161852 
6748.047368140983 
6747.977098248607 
6747.325635764920 
6747.223168907091 
6746.900887070929 
6747.013803809448 
6746.512918998606 
6746.986969045114 
6746.473832621595 
6747.082302437343 
6746.465599077440 
6746.245041067303 
6745.968948667449 
6746.242768108877 
6745.471739623452 
6745.830129004626 
6745.671486539859 
6745.443222888124 
6745.661993630587 
6746.119272148509 
6746.183604313741 
6746.111519585341 
6746.618801969482 
6746.688875118210 
6747.090767997295 
6747.092966494504 
6746.594744623856 
6746.607011719712 
6746.572882403526 
6746.768480418557 
6745.504179200887 
6746.330931619125 
6745.363893913304 
6746.282917453598 
6745.285850431034 
6745.558718216115 
6745.942826449950 
6746.425766930097 
6745.565162399092 
6745.902139304093 
6746.733478322570 
6747.784844158314 
6748.261868308186 
6750.180963493365 
6748.531961911549 
6747.678998289496 
6747.418189515008 
6747.505397192282 
6747.662756331246 
6747.885049363245 
6747.882161820639 
6748.092423802887 
6748.063025095073 
6747.965059547038 
6748.610458554247 
6748.437134926044 
6748.764956383353 
6748.997544678485 
6748.797647411263 
6748.833566110181 
6749.391263303394 
6749.391921819044 
6749.719284579543 
6750.033150860985 
6749.964425060803 
6750.338904306594 
6749.433348857722 
6748.850810986356 
6749.162990015978 
6749.214382892804 
6749.122097972258 
6748.837912324501 
6748.845383807882 
6748.637936611353 
6748.630473798146 
6748.344185098573 
6748.816631392732 
6748.815008374662 
6748.775788608125 
6748.526492395214 
6748.258056146663 
6748.423497949268 
6748.471001341270 
6748.623348732038 
6748.757229512160 
6748.617027084070 
6749.111136266966 
6749.689885442137 
6748.391052893670 
6748.040282563921 
6747.716808892255 
6749.636558428073 
6748.776007792891 
6749.373208162640 
6749.404529936905 
6749.174983878262 
6749.056685181045 
6749.112592632398 
6749.154414275489 
6749.177163356001 
6749.607804417138 
6749.993759084276 
6749.995769846785 
6749.355693529214 
6749.000180176265 
6749.642996995766 
6749.672143223886 
6749.620697911369 
6749.204398797769 
6748.036367662370 
6748.173896029747 
6748.337981732647 
6748.053321767639 
6747.726256576806 
6746.775758183387 
6747.176300215021 
6747.552840108703 
6747.714769703137 
6747.660148654762 
6748.041851628170 
6748.575248032479 
6749.351199824669 
6749.173916692160 
6748.111340103790 
6747.184831426225 
6746.847633594577 
6746.914949396762 
6747.312742614395 
6747.289502639666 
6747.185491347567 
6747.114347206833 
6747.658944771515 
6747.818386072731 
6747.752958613210 
6747.897865010880 
6747.606044757221 
6747.845326269903 
6751.312343906900 
6750.160070129424 
6750.367095426060 
6750.165956788853 
6750.427681818461 
6749.582999435514 
6750.360484841884 
6750.649245797088 
6749.919942742735 
6749.653837970407 
6749.032429811862 
6749.247965839009 
6748.968231107583 
6749.646688265452 
6749.768736668681 
6749.406430476776 
6749.835852588489 
6749.821110374419 
6749.857128971526 
6749.794530216760 
6749.455747472399 
6749.652338457149 
6749.609309737310 
6749.790870801949 
6749.790870801949 
6749.286790721834 
6749.371402796588 
6749.400102556985 
6749.121057345633 
6749.039219741728 
6749.102352634447 
6748.933504701090 
6749.524107600734 
6749.450709700712 
6749.143506229693 
6749.003185894431 
6748.408360970889 
6748.411024402943 
6747.942149470486 
6748.520991620118 
6748.693774610860 
6748.555457422416 
6749.072654485267 
6748.482489667194 
6747.397297465723 
6746.856620724741 
6746.930019750919 
6746.363905532144 
6746.154708421242 
6747.592591973889 
6746.587091069610 
6745.856332688407 
6745.972487047175 
6746.467260432623 
6746.750160709718 
6746.696906831387 
6747.974591746161 
6746.821179521836 
6747.040679829354 
6746.632255698479 
6746.982113191011 
6747.415684238720 
6747.668535321088 
6747.613235669327 
6747.613235669327 
6747.084506124372 
6746.736096957338 
6745.907420395121 
6745.739692942231 
6746.414331519115 
6746.649216949191 
6746.481050726106 
6747.341452468228 
6747.564882114237 
6747.491949798939 
6747.609578462821 
6747.280918275415 
6748.332290395913 
6749.163380403481 
6747.791609093041 
6748.917303559877 
6748.298114793537 
6747.991911688044 
6747.800203649510 
6748.020667925068 
6748.588253395586 
6748.361775185028 
6748.519821202553 
6748.528911545939 
6748.004986657036 
6749.294164793091 
6749.532460184639 
6749.261416492538 
6749.413185988895 
6746.958204386729 
6746.524479134783 
6746.422306761450 
6746.377988580319 
6745.665021759553 
6744.614501365478 
6744.861118310653 
6745.206194021058 
6746.617129751265 
6746.126448475363 
6746.535385201955 
6746.700990454525 
6746.209001863902 
6745.744322882572 
6744.811192463192 
6745.446312882403 
6744.800073501696 
6743.991839790058 
6742.879208072659 
6743.471476335058 
6743.088043530759 
6743.513419228983 
6743.077453987802 
6744.110037142060 
6743.702746545786 
6744.370911348610 
6743.810006676697 
6744.056281842290 
6745.084956454962 
6745.084956454962 
6744.952672425591 
6745.685955283129 
6745.744062202876 
6747.324681658275 
6747.716722306646 
6747.289527657637 
6747.551429759593 
6747.396658615225 
6745.399661373394 
6746.024832367755 
6745.946972868095 
6746.299901044974 
6745.980098944528 
6747.036428701126 
6746.879466562966 
6746.510735097798 
6746.867283065216 
6746.759680679091 
6747.215245174302 
6747.725900207315 
6747.238173735122 
6746.574756498478 
6746.574756498478 
6746.291935799737 
6746.698710338007 
6747.312592659555 
6748.556283490514 
6747.467464211655 
6747.587288437159 
6747.550197364125 
6746.959879359531 
6747.039211870936 
6746.771763296547 
6747.349031872036 
6746.892689339195 
6747.802997567014 
6747.636623814323 
6748.271417551404 
6746.873534214935 
6746.707994356873 
6746.756343226766 
6746.886069092262 
6747.006441065863 
6746.996270118242 
6746.780907145136 
6746.667079382054 
6747.403801310179 
6747.639668451196 
6747.948304286553 
6747.286685297618 
6746.791805629443 
6746.504259320897 
6746.508738086879 
6747.159920623797 
6746.814818234037 
6747.028532853238 
6746.957020776339 
6746.879858651794 
6747.708403763649 
6748.233273105747 
6748.754419110925 
6748.307329223569 
6747.823048001159 
6748.327246396349 
6752.560292432243 
6753.005367041889 
6752.467673292161 
6752.822987699345 
6752.933494714963 
6752.161837880586 
6752.414163170700 
6752.574599404786 
6751.937272888083 
6752.450944056683 
6752.059154288987 
6751.784474821842 
6751.449025521317 
6751.447053504742 
6751.600669906675 
6751.715740847550 
6751.322488847063 
6750.979287340474 
6751.190843791571 
6750.987255709327 
6750.987651784479 
6751.055949757130 
6751.700111160479 
6751.229459357758 
6751.339348285596 
6751.983793025246 
6751.983793025246 
6752.209794926110 
6752.209794926110 
6752.097768916199 
6751.233253545139 
6750.974018479790 
6750.368010044324 
6750.131649753986 
6749.278025792116 
6749.074638881900 
6748.898479931818 
6748.925124475611 
6748.615497497545 
6749.328876684373 
6749.183737244472 
6750.287871931853 
6750.479022149858 
6750.048236248214 
6750.365794641948 
6750.732199326370 
6750.378735789942 
6750.311135557085 
6750.485462875168 
6750.710698214939 
6751.119096796410 
6751.119096796410 
6750.937976386359 
6751.009469627485 
6751.009469627485 
6752.697811061359 
6751.718903628527 
6752.599543837037 
6751.452103015199 
6752.026033173451 
6752.029516758379 
6752.029516758379 
6751.704783379574 
6751.444487560811 
6750.737609616462 
6751.663295949326 
6751.208062794813 
6751.356206356510 
6750.750260861415 
6750.209267716702 
6749.588983129564 
6750.007401700518 
6749.607867222283 
6749.830889950440 
6749.077105980554 
6747.529612706716 
6747.466610052044 
6747.472307922000 
6747.386208954006 
6747.470679920706 
6747.307864461329 
6747.125155647323 
6747.084815861741 
6747.084815861741 
6747.084815861741 
6747.269349498678 
6747.347296781681 
6747.695016564889 
6747.721167433617 
6747.596663202333 
6746.618705922373 
6746.900071041792 
6747.035817452196 
6747.494940340773 
6748.663429266551 
6748.683036102103 
6748.704309783666 
6748.529102981000 
6748.860844583755 
6748.860844583755 
6747.791671436858 
6747.791671436858 
6747.917192523734 
6747.928389333133 
6747.892947707477 
6747.869370789273 
6748.253386263197 
6748.537886701102 
6748.299957751495 
6748.105395293223 
6747.947179371708 
6748.058738826056 
6747.964444369998 
6747.450900854574 
6747.462208617796 
6746.992031569100 
6747.309364454646 
6746.999976227104 
6747.109476993911 
6747.209897929541 
6747.173650526731 
6747.011561651143 
6746.766463758814 
6746.484702881041 
6746.666182344408 
6746.358409135238 
6746.804437366185 
6746.921138457677 
6746.563872179100 
6747.187158562056 
6747.884786642556 
6747.466795280503 
6747.266645236537 
6747.316580986860 
6747.508051247439 
6747.728486757976 
6747.813079387032 
6748.103503596700 
6748.497463285822 
6748.160587489615 
6748.230674479800 
6748.285942689809 
6747.173316850115 
6747.315581687352 
6747.176444634583 
6747.469463187196 
6747.752531470849 
6747.681248083681 
6748.021351023195 
6748.321229980241 
6747.977813931839 
6748.378004778250 
6748.330237218483 
6748.378928995709 
6748.067839083652 
6747.365066603377 
6747.452668908330 
6747.443507734612 
6748.515715833864 
6747.704007363594 
6747.168144397087 
6747.293776305992 
6747.049078133205 
6747.258839710554 
6746.720179104258 
6746.915700040400 
6746.405212395831 
6746.350737143822 
6746.801435801025 
6746.052976720024 
6746.053208536386 
6746.110967074042 
6745.738865453585 
6746.663797332371 
6746.013500700436 
6746.198274486024 
6746.784208364009 
6746.541272056174 
6746.829365208970 
6746.816393480187 
6746.883753035161 
6746.634113554948 
6747.120470457126 
6747.027290523580 
6746.636078936675 
6747.233346152170 
6747.092031493714 
6746.936576696402 
6747.092252035431 
6747.706605330751 
6748.265356630670 
6748.833904929789 
6748.577208626433 
6748.563955886684 
6748.258914955668 
6748.848557637305 
6749.439459024411 
6749.752908598099 
6749.736502991179 
6748.363245038751 
6748.047243394023 
6748.262397170195 
6748.262397170195 
6748.083923698518 
6747.776154802729 
6748.323502037935 
6747.870734299610 
6747.891257283460 
6748.031081877480 
6747.978040568972 
6748.258411638736 
6747.576192965044 
6747.835447056279 
6748.199778472766 
6748.240762482137 
6747.768368732194 
6748.149711292292 
6747.881311068637 
6748.744228212203 
6749.091878607328 
6748.747510381687 
6748.764157497098 
6748.982568328797 
6748.705400188032 
6748.667393015209 
6748.884926522757 
6749.605537211135 
6749.168146640787 
6749.320507168686 
6749.253090708620 
6748.249265606069 
6748.561687642262 
6748.572804276165 
6748.684039113999 
6748.701774660131 
6748.948299530709 
6749.034592719190 
6748.643118267007 
6748.133524997439 
6749.185744930362 
6748.954098937908 
6748.971139126270 
6748.319083230990 
6748.225707709027 
6748.425325097134 
6748.813573820482 
6748.244096424199 
6748.946538559986 
6747.070294842038 
6746.894390052427 
6746.902649279120 
6748.002220629543 
6747.786084987980 
6747.756627318640 
6747.727191044797 
6747.913065209214 
6747.913065209214 
6748.963477869759 
6748.174082862294 
6747.795145326520 
6747.568043631994 
6747.518683390266 
6747.593637170451 
6747.733666234188 
6747.921180836360 
6748.030721744645 
6748.075034309931 
6746.500695000828 
6747.277020927687 
6746.783807301086 
6747.006734014759 
6747.097692547903 
6746.768059847066 
6746.710968398975 
6746.630868743007 
6746.325650372553 
6747.318918849523 
6747.253951934040 
6747.875087859908 
6747.994487581800 
6747.332214518311 
6746.126656034674 
6747.873665799048 
6747.683445658243 
6746.634119839599 
6746.767115307031 
6745.605112922282 
6745.860270273344 
6744.743993567281 
6742.927474228668 
6743.707465447977 
6744.690951709625 
6744.868881428206 
6747.425086120857 
6745.981546389612 
6746.071860106677 
6746.403680876124 
6745.942472443181 
6744.368583989553 
6744.954900542424 
6744.653628426496 
6744.295185137164 
6747.383964871315 
6748.342197761659 
6748.118232402990 
6748.622590970106 
6748.310526125281 
6748.190239137779 
6748.228909505187 
6748.285790344925 
6746.882880886938 
6747.522072555836 
6746.910325385758 
6746.664303761712 
6746.958285450844 
6747.502142246235 
6747.745968834382 
6747.348303957389 
6747.441772858605 
6748.508951728149 
6749.308585062027 
6749.316659058457 
6749.251209751921 
6748.976615190028 
6749.090303083302 
6749.144557091665 
6748.703576467551 
6749.367410586857 
6749.090231022393 
6748.942854907062 
6749.290929244395 
6749.037715411599 
6749.053858356071 
6749.133720784142 
6749.018234180723 
6748.746535773248 
6748.584152623417 
6748.504796491635 
6747.147806262918 
6746.953667611144 
6746.957089729666 
6747.231706997218 
6747.255941221390 
6747.133154730081 
6747.906095685824 
6748.132707214620 
6748.432970679134 
6748.933248187467 
6748.601190451818 
6748.739975565969 
6749.075863015591 
6749.086093052380 
6749.141049191395 
6749.525439751040 
6749.743908178883 
6749.937335125466 
6749.865789073021 
6749.657517692604 
6748.949441694617 
6749.391499354203 
6749.474503735703 
6749.312035986974 
6749.217126208547 
6749.326480980625 
6749.683507349392 
6750.706317280655 
6749.637464067678 
6749.906941266861 
6749.823741546139 
6750.994513385143 
6751.299843942661 
6752.636891916542 
6752.390794015967 
6752.622786042388 
6752.942599115469 
6752.945913739474 
