# time Tc_folded Tref_folded model model_err 
2453115.032645 0.000000 0.000000    -0.000000     1.575653 
2453116.746773 0.000000 0.000000     0.000000     1.575653 
2453118.460901 0.000000 0.000000    -0.000000     1.575653 
2453120.175029 0.000000 0.000000    -0.000000     1.575653 
2453121.889157 0.000000 0.000000    -0.000000     1.575653 
2453123.603285 0.000000 0.000000    -0.000000     1.575653 
2453125.317413 0.000000 0.000000    -0.000000     1.575653 
2453127.031540 0.000000 0.000000    -0.000000     1.575653 
2453128.745668 0.000000 0.000000    -0.000000     1.575653 
2453130.459796 0.000000 0.000000    -0.000000     1.575653 
2453132.173924 0.000000 0.000000    -0.000000     1.575653 
2453133.888052 0.000000 0.000000    -0.000000     1.575653 
2453135.602180 0.000000 0.000000    -0.000000     1.575653 
2453137.316308 0.000000 0.000000    -0.000000     1.575653 
2453139.030436 0.000000 0.000000    -0.000000     1.575653 
2453140.744564 0.000000 0.000000    -0.000000     1.575653 
2453142.458692 0.000000 0.000000    -0.000000     1.575653 
2453144.172820 0.000000 0.000000    -0.000000     1.575653 
2453145.886948 0.000000 0.000000    -0.000000     1.575653 
2453147.601076 0.000000 0.000000    -0.000000     1.575653 
2453149.315204 0.000000 0.000000    -0.000000     1.575653 
2453151.029331 0.000000 0.000000    -0.000000     1.575653 
2453152.743459 0.000000 0.000000    -0.000000     1.575653 
2453154.457587 0.000000 0.000000    -0.000000     1.575653 
2453156.171715 0.000000 0.000000    -0.000000     1.575653 
2453157.885843 0.000000 0.000000    -0.000000     1.575653 
2453159.599971 0.000000 0.000000    -0.000000     1.575653 
2453161.314099 0.000000 0.000000    -0.000000     1.575653 
2453163.028227 0.000000 0.000000    -0.000000     1.575653 
2453164.742355 0.000000 0.000000    -0.000000     1.575653 
2453166.456483 0.000000 0.000000    -0.000000     1.575653 
2453168.170611 0.000000 0.000000    -0.000000     1.575653 
2453169.884739 0.000000 0.000000    -0.000000     1.575653 
2453171.598867 0.000000 0.000000    -0.000000     1.575653 
2453173.312995 0.000000 0.000000     0.000000     1.575653 
2453175.027122 0.000000 0.000000    -0.000000     1.575653 
2453176.741250 0.000000 0.000000    -0.000000     1.575653 
2453178.455378 0.000000 0.000000    -0.000000     1.575653 
2453180.169506 0.000000 0.000000    -0.000000     1.575653 
2453181.883634 0.000000 0.000000    -0.000000     1.575653 
2453183.597762 0.000000 0.000000    -0.000000     1.575653 
2453185.311890 0.000000 0.000000    -0.000000     1.575653 
2453187.026018 0.000000 0.000000    -0.000000     1.575653 
2453188.740146 0.000000 0.000000    -0.000000     1.575653 
2453190.454274 0.000000 0.000000    -0.000000     1.575653 
2453192.168402 0.000000 0.000000    -0.000000     1.575653 
2453193.882530 0.000000 0.000000    -0.000000     1.575653 
2453195.596658 0.000000 0.000000    -0.000000     1.575653 
2453197.310786 0.000000 0.000000    -0.000000     1.575653 
2453199.024913 0.000000 0.000000    -0.000000     1.575653 
2453200.739041 0.000000 0.000000    -0.000000     1.575653 
2453202.453169 0.000000 0.000000    -0.000000     1.575653 
2453204.167297 0.000000 0.000000    -0.000000     1.575653 
2453205.881425 0.000000 0.000000    -0.000000     1.575653 
2453207.595553 0.000000 0.000000    -0.000000     1.575653 
2453209.309681 0.000000 0.000000    -0.000000     1.575653 
2453211.023809 0.000000 0.000000    -0.000000     1.575653 
2453212.737937 0.000000 0.000000    -0.000000     1.575653 
2453214.452065 0.000000 0.000000    -0.000000     1.575653 
2453216.166193 0.000000 0.000000    -0.000000     1.575653 
2453217.880321 0.000000 0.000000    -0.000000     1.575653 
2453219.594449 0.000000 0.000000    -0.000000     1.575653 
2453221.308577 0.000000 0.000000    -0.000000     1.575653 
2453223.022704 0.000000 0.000000    -0.000000     1.575653 
2453224.736832 0.000000 0.000000    -0.000000     1.575653 
2453226.450960 0.000000 0.000000    -0.000000     1.575653 
2453228.165088 0.000000 0.000000     0.000000     1.575653 
2453229.879216 0.000000 0.000000     0.000000     1.575653 
2453231.593344 0.000000 0.000000    -0.000000     1.575653 
2453233.307472 0.000000 0.000000    -0.000000     1.575653 
2453235.021600 0.000000 0.000000    -0.000000     1.575653 
2453236.735728 0.000000 0.000000    -0.000000     1.575653 
2453238.449856 0.000000 0.000000    -0.000000     1.575653 
2453240.163984 0.000000 0.000000    -0.000000     1.575653 
2453241.878112 0.000000 0.000000    -0.000000     1.575653 
2453243.592240 0.000000 0.000000    -0.000000     1.575653 
2453245.306368 0.000000 0.000000    -0.000000     1.575653 
2453247.020495 0.000000 0.000000    -0.000000     1.575653 
2453248.734623 0.000000 0.000000    -0.000000     1.575653 
2453250.448751 0.000000 0.000000    -0.000000     1.575653 
2453252.162879 0.000000 0.000000    -0.000000     1.575653 
2453253.877007 0.000000 0.000000    -0.000000     1.575653 
2453255.591135 0.000000 0.000000    -0.000000     1.575653 
2453257.305263 0.000000 0.000000    -0.000000     1.575653 
2453259.019391 0.000000 0.000000    -0.000000     1.575653 
2453260.733519 0.000000 0.000000    -0.000000     1.575653 
2453262.447647 0.000000 0.000000    -0.000000     1.575653 
2453264.161775 0.000000 0.000000    -0.000000     1.575653 
2453265.875903 0.000000 0.000000    -0.000000     1.575653 
2453267.590031 0.000000 0.000000    -0.000000     1.575653 
2453269.304159 0.000000 0.000000    -0.000000     1.575653 
2453271.018286 0.000000 0.000000    -0.000000     1.575653 
2453272.732414 0.000000 0.000000    -0.000000     1.575653 
2453274.446542 0.000000 0.000000    -0.000000     1.575653 
2453276.160670 0.000000 0.000000    -0.000000     1.575653 
2453277.874798 0.000000 0.000000    -0.000000     1.575653 
2453279.588926 0.000000 0.000000    -0.000000     1.575653 
2453281.303054 0.000000 0.000000    -0.000000     1.575653 
2453283.017182 0.000000 0.000000    -0.000000     1.575653 
2453284.731310 0.000000 0.000000     0.000000     1.575653 
2453286.445438 0.000000 0.000000     0.000000     1.575653 
2453288.159566 0.000000 0.000000    -0.000000     1.575653 
2453289.873694 0.000000 0.000000    -0.000000     1.575653 
2453291.587822 0.000000 0.000000    -0.000000     1.575653 
2453293.301950 0.000000 0.000000    -0.000000     1.575653 
2453295.016077 0.000000 0.000000    -0.000000     1.575653 
2453296.730205 0.000000 0.000000    -0.000000     1.575653 
2453298.444333 0.000000 0.000000    -0.000000     1.575653 
2453300.158461 0.000000 0.000000    -0.000000     1.575653 
2453301.872589 0.000000 0.000000    -0.000000     1.575653 
2453303.586717 0.000000 0.000000    -0.000000     1.575653 
2453305.300845 0.000000 0.000000    -0.000000     1.575653 
2453307.014973 0.000000 0.000000    -0.000000     1.575653 
2453308.729101 0.000000 0.000000    -0.000000     1.575653 
2453310.443229 0.000000 0.000000    -0.000000     1.575653 
2453312.157357 0.000000 0.000000    -0.000000     1.575653 
2453313.871485 0.000000 0.000000    -0.000000     1.575653 
2453315.585613 0.000000 0.000000    -0.000000     1.575653 
2453317.299741 0.000000 0.000000    -0.000000     1.575653 
2453319.013868 0.000000 0.000000    -0.000000     1.575653 
2453320.727996 0.000000 0.000000    -0.000000     1.575653 
2453322.442124 0.000000 0.000000    -0.000000     1.575653 
2453324.156252 0.000000 0.000000    -0.000000     1.575653 
2453325.870380 0.000000 0.000000    -0.000000     1.575653 
2453327.584508 0.000000 0.000000    -0.000000     1.575653 
2453329.298636 0.000000 0.000000    -0.000000     1.575653 
2453331.012764 0.000000 0.000000    -0.000000     1.575653 
2453332.726892 0.000000 0.000000    -0.000000     1.575653 
2453334.441020 0.000000 0.000000    -0.000000     1.575653 
2453336.155148 0.000000 0.000000    -0.000000     1.575653 
2453337.869276 0.000000 0.000000    -0.000000     1.575653 
2453339.583404 0.000000 0.000000    -0.000000     1.575653 
2453341.297532 0.000000 0.000000     0.000000     1.575653 
2453343.011659 0.000000 0.000000     0.000000     1.575653 
2453344.725787 0.000000 0.000000    -0.000000     1.575653 
2453346.439915 0.000000 0.000000    -0.000000     1.575653 
2453348.154043 0.000000 0.000000    -0.000000     1.575653 
2453349.868171 0.000000 0.000000    -0.000000     1.575653 
2453351.582299 0.000000 0.000000    -0.000000     1.575653 
2453353.296427 0.000000 0.000000    -0.000000     1.575653 
2453355.010555 0.000000 0.000000    -0.000000     1.575653 
2453356.724683 0.000000 0.000000    -0.000000     1.575653 
2453358.438811 0.000000 0.000000    -0.000000     1.575653 
2453360.152939 0.000000 0.000000    -0.000000     1.575653 
2453361.867067 0.000000 0.000000    -0.000000     1.575653 
2453363.581195 0.000000 0.000000    -0.000000     1.575653 
2453365.295323 0.000000 0.000000    -0.000000     1.575653 
2453367.009450 0.000000 0.000000    -0.000000     1.575653 
2453368.723578 0.000000 0.000000    -0.000000     1.575653 
2453370.437706 0.000000 0.000000    -0.000000     1.575653 
2453372.151834 0.000000 0.000000    -0.000000     1.575653 
2453373.865962 0.000000 0.000000    -0.000000     1.575653 
2453375.580090 0.000000 0.000000    -0.000000     1.575653 
2453377.294218 0.000000 0.000000    -0.000000     1.575653 
2453379.008346 0.000000 0.000000    -0.000000     1.575653 
2453380.722474 0.000000 0.000000    -0.000000     1.575653 
2453382.436602 0.000000 0.000000    -0.000000     1.575653 
2453384.150730 0.000000 0.000000    -0.000000     1.575653 
2453385.864858 0.000000 0.000000    -0.000000     1.575653 
2453387.578986 0.000000 0.000000    -0.000000     1.575653 
2453389.293114 0.000000 0.000000    -0.000000     1.575653 
2453391.007241 0.000000 0.000000    -0.000000     1.575653 
2453392.721369 0.000000 0.000000    -0.000000     1.575653 
2453394.435497 0.000000 0.000000    -0.000000     1.575653 
2453396.149625 0.000000 0.000000    -0.000000     1.575653 
2453397.863753 0.000000 0.000000     0.000000     1.575653 
2453399.577881 0.000000 0.000000    -0.000000     1.575653 
2453401.292009 0.000000 0.000000    -0.000000     1.575653 
2453403.006137 0.000000 0.000000    -0.000000     1.575653 
2453404.720265 0.000000 0.000000    -0.000000     1.575653 
2453406.434393 0.000000 0.000000    -0.000000     1.575653 
2453408.148521 0.000000 0.000000    -0.000000     1.575653 
2453409.862649 0.000000 0.000000    -0.000000     1.575653 
2453411.576777 0.000000 0.000000    -0.000000     1.575653 
2453413.290905 0.000000 0.000000    -0.000000     1.575653 
2453415.005032 0.000000 0.000000    -0.000000     1.575653 
2453416.719160 0.000000 0.000000    -0.000000     1.575653 
2453418.433288 0.000000 0.000000    -0.000000     1.575653 
2453420.147416 0.000000 0.000000    -0.000000     1.575653 
2453421.861544 0.000000 0.000000    -0.000000     1.575653 
2453423.575672 0.000000 0.000000    -0.000000     1.575653 
2453425.289800 0.000000 0.000000    -0.000000     1.575653 
2453427.003928 0.000000 0.000000    -0.000000     1.575653 
2453428.718056 0.000000 0.000000    -0.000000     1.575653 
2453430.432184 0.000000 0.000000    -0.000000     1.575653 
2453432.146312 0.000000 0.000000    -0.000000     1.575653 
2453433.860440 0.000000 0.000000    -0.000000     1.575653 
2453435.574568 0.000000 0.000000    -0.000000     1.575653 
2453437.288696 0.000000 0.000000    -0.000000     1.575653 
2453439.002823 0.000000 0.000000    -0.000000     1.575653 
2453440.716951 0.000000 0.000000    -0.000000     1.575653 
2453442.431079 0.000000 0.000000    -0.000000     1.575653 
2453444.145207 0.000000 0.000000    -0.000000     1.575653 
2453445.859335 0.000000 0.000000    -0.000000     1.575653 
2453447.573463 0.000000 0.000000    -0.000000     1.575653 
2453449.287591 0.000000 0.000000    -0.000000     1.575653 
2453451.001719 0.000000 0.000000    -0.000000     1.575653 
2453452.715847 0.000000 0.000000    -0.000000     1.575653 
2453454.429975 0.000000 0.000000    -0.000000     1.575653 
2453456.144103 0.000000 0.000000    -0.000000     1.575653 
2453457.858231 0.000000 0.000000    -0.000000     1.575653 
2453459.572359 0.000000 0.000000    -0.000000     1.575653 
2453461.286487 0.000000 0.000000    -0.000000     1.575653 
2453463.000614 0.000000 0.000000    -0.000000     1.575653 
2453464.714742 0.000000 0.000000    -0.000000     1.575653 
2453466.428870 0.000000 0.000000    -0.000000     1.575653 
2453468.142998 0.000000 0.000000    -0.000000     1.575653 
2453469.857126 0.000000 0.000000    -0.000000     1.575653 
2453471.571254 0.000000 0.000000    -0.000000     1.575653 
2453473.285382 0.000000 0.000000    -0.000000     1.575653 
2453474.999510 0.000000 0.000000    -0.000000     1.575653 
2453476.713638 0.000000 0.000000    -0.000000     1.575653 
2453478.427766 0.000000 0.000000    -0.000000     1.575653 
2453480.141894 0.000000 0.000000    -0.000000     1.575653 
2453481.856022 0.000000 0.000000    -0.000000     1.575653 
2453483.570150 0.000000 0.000000    -0.000000     1.575653 
2453485.284278 0.000000 0.000000    -0.000000     1.575653 
2453486.998405 0.000000 0.000000    -0.000000     1.575653 
2453488.712533 0.000000 0.000000    -0.000000     1.575653 
2453490.426661 0.000000 0.000000    -0.000000     1.575653 
2453492.140789 0.000000 0.000000    -0.000000     1.575653 
2453493.854917 0.000000 0.000000    -0.000000     1.575653 
2453495.569045 0.000000 0.000000    -0.000000     1.575653 
2453497.283173 0.000000 0.000000    -0.000000     1.575653 
2453498.997301 0.000000 0.000000    -0.000000     1.575653 
2453500.711429 0.000000 0.000000    -0.000000     1.575653 
2453502.425557 0.000000 0.000000    -0.000000     1.575653 
2453504.139685 0.000000 0.000000    -0.000000     1.575653 
2453505.853813 0.000000 0.000000    -0.000000     1.575653 
2453507.567941 0.000000 0.000000    -0.000000     1.575653 
2453509.282069 0.000000 0.000000    -0.000000     1.575653 
2453510.996196 0.000000 0.000000    -0.000000     1.575653 
2453512.710324 0.000000 0.000000    -0.000000     1.575653 
2453514.424452 0.000000 0.000000    -0.000000     1.575653 
2453516.138580 0.000000 0.000000    -0.000000     1.575653 
2453517.852708 0.000000 0.000000    -0.000000     1.575653 
2453519.566836 0.000000 0.000000    -0.000000     1.575653 
2453521.280964 0.000000 0.000000    -0.000000     1.575653 
2453522.995092 0.000000 0.000000    -0.000000     1.575653 
2453524.709220 0.000000 0.000000    -0.000000     1.575653 
2453526.423348 0.000000 0.000000    -0.000000     1.575653 
2453528.137476 0.000000 0.000000    -0.000000     1.575653 
2453529.851604 0.000000 0.000000    -0.000000     1.575653 
2453531.565732 0.000000 0.000000    -0.000000     1.575653 
2453533.279860 0.000000 0.000000    -0.000000     1.575653 
2453534.993987 0.000000 0.000000    -0.000000     1.575653 
2453536.708115 0.000000 0.000000    -0.000000     1.575653 
2453538.422243 0.000000 0.000000    -0.000000     1.575653 
2453540.136371 0.000000 0.000000    -0.000000     1.575653 
2453541.850499 0.000000 0.000000    -0.000000     1.575653 
2453543.564627 0.000000 0.000000    -0.000000     1.575653 
2453545.278755 0.000000 0.000000    -0.000000     1.575653 
2453546.992883 0.000000 0.000000    -0.000000     1.575653 
2453548.707011 0.000000 0.000000    -0.000000     1.575653 
2453550.421139 0.000000 0.000000    -0.000000     1.575653 
2453552.135267 0.000000 0.000000    -0.000000     1.575653 
2453553.849395 0.000000 0.000000    -0.000000     1.575653 
2453555.563523 0.000000 0.000000    -0.000000     1.575653 
2453557.277651 0.000000 0.000000    -0.000000     1.575653 
2453558.991778 0.000000 0.000000    -0.000000     1.575653 
2453560.705906 0.000000 0.000000    -0.000000     1.575653 
2453562.420034 0.000000 0.000000    -0.000000     1.575653 
2453564.134162 0.000000 0.000000    -0.000000     1.575653 
2453565.848290 0.000000 0.000000    -0.000000     1.575653 
2453567.562418 0.000000 0.000000    -0.000000     1.575653 
2453569.276546 0.000000 0.000000    -0.000000     1.575653 
2453570.990674 0.000000 0.000000    -0.000000     1.575653 
2453572.704802 0.000000 0.000000    -0.000000     1.575653 
2453574.418930 0.000000 0.000000    -0.000000     1.575653 
2453576.133058 0.000000 0.000000    -0.000000     1.575653 
2453577.847186 0.000000 0.000000    -0.000000     1.575653 
2453579.561314 0.000000 0.000000    -0.000000     1.575653 
2453581.275442 0.000000 0.000000    -0.000000     1.575653 
2453582.989569 0.000000 0.000000    -0.000000     1.575653 
2453584.703697 0.000000 0.000000    -0.000000     1.575653 
2453586.417825 0.000000 0.000000    -0.000000     1.575653 
2453588.131953 0.000000 0.000000    -0.000000     1.575653 
2453589.846081 0.000000 0.000000    -0.000000     1.575653 
2453591.560209 0.000000 0.000000    -0.000000     1.575653 
2453593.274337 0.000000 0.000000    -0.000000     1.575653 
2453594.988465 0.000000 0.000000    -0.000000     1.575653 
2453596.702593 0.000000 0.000000    -0.000000     1.575653 
2453598.416721 0.000000 0.000000    -0.000000     1.575653 
2453600.130849 0.000000 0.000000    -0.000000     1.575653 
2453601.844977 0.000000 0.000000    -0.000000     1.575653 
2453603.559105 0.000000 0.000000    -0.000000     1.575653 
2453605.273233 0.000000 0.000000    -0.000000     1.575653 
2453606.987360 0.000000 0.000000    -0.000000     1.575653 
2453608.701488 0.000000 0.000000    -0.000000     1.575653 
2453610.415616 0.000000 0.000000    -0.000000     1.575653 
2453612.129744 0.000000 0.000000    -0.000000     1.575653 
2453613.843872 0.000000 0.000000    -0.000000     1.575653 
2453615.558000 0.000000 0.000000    -0.000000     1.575653 
2453617.272128 0.000000 0.000000    -0.000000     1.575653 
2453618.986256 0.000000 0.000000    -0.000000     1.575653 
2453620.700384 0.000000 0.000000    -0.000000     1.575653 
2453622.414512 0.000000 0.000000    -0.000000     1.575653 
2453624.128640 0.000000 0.000000    -0.000000     1.575653 
2453625.842768 0.000000 0.000000    -0.000000     1.575653 
2453627.556896 0.000000 0.000000    -0.000000     1.575653 
2453629.271024 0.000000 0.000000    -0.000001     1.575653 
2453630.985151 0.000000 0.000000    -0.000001     1.575653 
2453632.699279 0.000000 0.000000    -0.000001     1.575653 
2453634.413407 0.000000 0.000000    -0.000001     1.575653 
2453636.127535 0.000000 0.000000    -0.000001     1.575653 
2453637.841663 0.000000 0.000000    -0.000001     1.575653 
2453639.555791 0.000000 0.000000    -0.000001     1.575653 
2453641.269919 0.000000 0.000000    -0.000000     1.575653 
2453642.984047 0.000000 0.000000    -0.000000     1.575653 
2453644.698175 0.000000 0.000000    -0.000000     1.575653 
2453646.412303 0.000000 0.000000    -0.000000     1.575653 
2453648.126431 0.000000 0.000000    -0.000000     1.575653 
2453649.840559 0.000000 0.000000    -0.000000     1.575653 
2453651.554687 0.000000 0.000000    -0.000000     1.575653 
2453653.268815 0.000000 0.000000    -0.000000     1.575653 
2453654.982942 0.000000 0.000000    -0.000000     1.575653 
2453656.697070 0.000000 0.000000    -0.000000     1.575653 
2453658.411198 0.000000 0.000000    -0.000001     1.575653 
2453660.125326 0.000000 0.000000    -0.000001     1.575653 
2453661.839454 0.000000 0.000000    -0.000001     1.575653 
2453663.553582 0.000000 0.000000    -0.000001     1.575653 
2453665.267710 0.000000 0.000000    -0.000001     1.575653 
2453666.981838 0.000000 0.000000    -0.000001     1.575653 
2453668.695966 0.000000 0.000000    -0.000000     1.575653 
2453670.410094 0.000000 0.000000    -0.000000     1.575653 
2453672.124222 0.000000 0.000000    -0.000000     1.575653 
2453673.838350 0.000000 0.000000    -0.000000     1.575653 
2453675.552478 0.000000 0.000000     0.000000     1.575653 
2453677.266606 0.000000 0.000000     0.000000     1.575653 
2453678.980733 0.000000 0.000000    -0.000000     1.575653 
2453680.694861 0.000000 0.000000    -0.000000     1.575653 
2453682.408989 0.000000 0.000000    -0.000001     1.575653 
2453684.123117 0.000000 0.000000    -0.000001     1.575653 
2453685.837245 0.000000 0.000000    -0.000001     1.575653 
2453687.551373 0.000000 0.000000    -0.000002     1.575653 
2453689.265501 0.000000 0.000000    -0.000002     1.575653 
2453690.979629 0.000000 0.000000    -0.000002     1.575653 
2453692.693757 0.000000 0.000000    -0.000002     1.575653 
2453694.407885 0.000000 0.000000    -0.000001     1.575653 
2453696.122013 0.000000 0.000000    -0.000001     1.575653 
2453697.836141 0.000000 0.000000    -0.000001     1.575653 
2453699.550269 0.000000 0.000000    -0.000000     1.575653 
2453701.264397 0.000000 0.000000    -0.000000     1.575653 
2453702.978524 0.000000 0.000000    -0.000000     1.575653 
2453704.692652 0.000000 0.000000    -0.000000     1.575653 
2453706.406780 0.000000 0.000000    -0.000001     1.575653 
2453708.120908 0.000000 0.000000    -0.000001     1.575653 
2453709.835036 0.000000 0.000000    -0.000001     1.575653 
2453711.549164 0.000000 0.000000    -0.000001     1.575653 
2453713.263292 0.000000 0.000000    -0.000001     1.575653 
2453714.977420 0.000000 0.000000    -0.000001     1.575653 
2453716.691548 0.000000 0.000000    -0.000001     1.575653 
2453718.405676 0.000000 0.000000    -0.000001     1.575653 
2453720.119804 0.000000 0.000000    -0.000001     1.575653 
2453721.833932 0.000000 0.000000    -0.000001     1.575653 
2453723.548060 0.000000 0.000000    -0.000001     1.575653 
2453725.262188 0.000000 0.000000    -0.000001     1.575653 
2453726.976315 0.000000 0.000000    -0.000001     1.575653 
2453728.690443 0.000000 0.000000    -0.000000     1.575653 
2453730.404571 0.000000 0.000000    -0.000000     1.575653 
2453732.118699 0.000000 0.000000     0.000000     1.575653 
2453733.832827 0.000000 0.000000     0.000000     1.575653 
2453735.546955 0.000000 0.000000    -0.000000     1.575653 
2453737.261083 0.000000 0.000000    -0.000001     1.575653 
2453738.975211 0.000000 0.000000    -0.000001     1.575653 
2453740.689339 0.000000 0.000000    -0.000002     1.575653 
2453742.403467 0.000000 0.000000    -0.000003     1.575653 
2453744.117595 0.000000 0.000000    -0.000003     1.575653 
2453745.831723 0.000000 0.000000    -0.000003     1.575653 
2453747.545851 0.000000 0.000000    -0.000003     1.575653 
2453749.259979 0.000000 0.000000    -0.000002     1.575653 
2453750.974106 0.000000 0.000000    -0.000002     1.575653 
2453752.688234 0.000000 0.000000    -0.000001     1.575653 
2453754.402362 0.000000 0.000000    -0.000001     1.575653 
2453756.116490 0.000000 0.000000    -0.000001     1.575653 
2453757.830618 0.000000 0.000000    -0.000001     1.575653 
2453759.544746 0.000000 0.000000    -0.000001     1.575653 
2453761.258874 0.000000 0.000000    -0.000001     1.575653 
2453762.973002 0.000000 0.000000    -0.000001     1.575653 
2453764.687130 0.000000 0.000000    -0.000001     1.575653 
2453766.401258 0.000000 0.000000    -0.000001     1.575653 
2453768.115386 0.000000 0.000000    -0.000002     1.575653 
2453769.829514 0.000000 0.000000    -0.000002     1.575653 
2453771.543642 0.000000 0.000000    -0.000002     1.575653 
2453773.257770 0.000000 0.000000    -0.000002     1.575653 
2453774.971897 0.000000 0.000000    -0.000002     1.575653 
2453776.686025 0.000000 0.000000    -0.000002     1.575653 
2453778.400153 0.000000 0.000000    -0.000002     1.575653 
2453780.114281 0.000000 0.000000    -0.000002     1.575653 
2453781.828409 0.000000 0.000000    -0.000001     1.575653 
2453783.542537 0.000000 0.000000    -0.000001     1.575653 
2453785.256665 0.000000 0.000000    -0.000000     1.575653 
2453786.970793 0.000000 0.000000     0.000000     1.575653 
2453788.684921 0.000000 0.000000     0.000000     1.575653 
2453790.399049 0.000000 0.000000    -0.000000     1.575653 
2453792.113177 0.000000 0.000000    -0.000001     1.575653 
2453793.827305 0.000000 0.000000    -0.000001     1.575653 
2453795.541433 0.000000 0.000000    -0.000002     1.575653 
2453797.255561 0.000000 0.000000    -0.000003     1.575653 
2453798.969688 0.000000 0.000000    -0.000004     1.575653 
2453800.683816 0.000000 0.000000    -0.000004     1.575653 
2453802.397944 0.000000 0.000000    -0.000004     1.575653 
2453804.112072 0.000000 0.000000    -0.000003     1.575653 
2453805.826200 0.000000 0.000000    -0.000003     1.575653 
2453807.540328 0.000000 0.000000    -0.000002     1.575653 
2453809.254456 0.000000 0.000000    -0.000001     1.575653 
2453810.968584 0.000000 0.000000    -0.000001     1.575653 
2453812.682712 0.000000 0.000000    -0.000001     1.575653 
2453814.396840 0.000000 0.000000    -0.000001     1.575653 
2453816.110968 0.000000 0.000000    -0.000001     1.575653 
2453817.825096 0.000000 0.000000    -0.000002     1.575653 
2453819.539224 0.000000 0.000000    -0.000002     1.575653 
2453821.253352 0.000000 0.000000    -0.000002     1.575653 
2453822.967479 0.000000 0.000000    -0.000002     1.575653 
2453824.681607 0.000000 0.000000    -0.000002     1.575653 
2453826.395735 0.000000 0.000000    -0.000003     1.575653 
2453828.109863 0.000000 0.000000    -0.000003     1.575653 
2453829.823991 0.000000 0.000000    -0.000003     1.575653 
2453831.538119 0.000000 0.000000    -0.000003     1.575653 
2453833.252247 0.000000 0.000000    -0.000003     1.575653 
2453834.966375 0.000000 0.000000    -0.000003     1.575653 
2453836.680503 0.000000 0.000000    -0.000002     1.575653 
2453838.394631 0.000000 0.000000    -0.000002     1.575653 
2453840.108759 0.000000 0.000000    -0.000001     1.575653 
2453841.822887 0.000000 0.000000    -0.000000     1.575653 
2453843.537015 0.000000 0.000000     0.000000     1.575653 
2453845.251143 0.000000 0.000000     0.000000     1.575653 
2453846.965270 0.000000 0.000000    -0.000000     1.575653 
2453848.679398 0.000000 0.000000    -0.000001     1.575653 
2453850.393526 0.000000 0.000000    -0.000002     1.575653 
2453852.107654 0.000000 0.000000    -0.000003     1.575653 
2453853.821782 0.000000 0.000000    -0.000004     1.575653 
2453855.535910 0.000000 0.000000    -0.000004     1.575653 
2453857.250038 0.000000 0.000000    -0.000004     1.575653 
2453858.964166 0.000000 0.000000    -0.000004     1.575653 
2453860.678294 0.000000 0.000000    -0.000003     1.575653 
2453862.392422 0.000000 0.000000    -0.000002     1.575653 
2453864.106550 0.000000 0.000000    -0.000002     1.575653 
2453865.820678 0.000000 0.000000    -0.000001     1.575653 
2453867.534806 0.000000 0.000000    -0.000001     1.575653 
2453869.248934 0.000000 0.000000    -0.000001     1.575653 
2453870.963061 0.000000 0.000000    -0.000002     1.575653 
2453872.677189 0.000000 0.000000    -0.000002     1.575653 
2453874.391317 0.000000 0.000000    -0.000002     1.575653 
2453876.105445 0.000000 0.000000    -0.000002     1.575653 
2453877.819573 0.000000 0.000000    -0.000003     1.575653 
2453879.533701 0.000000 0.000000    -0.000003     1.575653 
2453881.247829 0.000000 0.000000    -0.000003     1.575653 
2453882.961957 0.000000 0.000000    -0.000003     1.575653 
2453884.676085 0.000000 0.000000    -0.000004     1.575653 
2453886.390213 0.000000 0.000000    -0.000004     1.575653 
2453888.104341 0.000000 0.000000    -0.000004     1.575653 
2453889.818469 0.000000 0.000000    -0.000004     1.575653 
2453891.532597 0.000000 0.000000    -0.000003     1.575653 
2453893.246725 0.000000 0.000000    -0.000003     1.575653 
2453894.960852 0.000000 0.000000    -0.000002     1.575653 
2453896.674980 0.000000 0.000000    -0.000001     1.575653 
2453898.389108 0.000000 0.000000    -0.000000     1.575653 
2453900.103236 0.000000 0.000000     0.000000     1.575653 
2453901.817364 0.000000 0.000000     0.000000     1.575653 
2453903.531492 0.000000 0.000000    -0.000000     1.575653 
2453905.245620 0.000000 0.000000    -0.000001     1.575653 
2453906.959748 0.000000 0.000000    -0.000002     1.575653 
2453908.673876 0.000000 0.000000    -0.000003     1.575653 
2453910.388004 0.000000 0.000000    -0.000003     1.575653 
2453912.102132 0.000000 0.000000    -0.000004     1.575653 
2453913.816260 0.000000 0.000000    -0.000003     1.575653 
2453915.530388 0.000000 0.000000    -0.000003     1.575653 
2453917.244516 0.000000 0.000000    -0.000002     1.575653 
2453918.958643 0.000000 0.000000    -0.000002     1.575653 
2453920.672771 0.000000 0.000000    -0.000001     1.575653 
2453922.386899 0.000000 0.000000    -0.000001     1.575653 
2453924.101027 0.000000 0.000000    -0.000002     1.575653 
2453925.815155 0.000000 0.000000    -0.000002     1.575653 
2453927.529283 0.000000 0.000000    -0.000002     1.575653 
2453929.243411 0.000000 0.000000    -0.000002     1.575653 
2453930.957539 0.000000 0.000000    -0.000003     1.575653 
2453932.671667 0.000000 0.000000    -0.000003     1.575653 
2453934.385795 0.000000 0.000000    -0.000003     1.575653 
2453936.099923 0.000000 0.000000    -0.000003     1.575653 
2453937.814051 0.000000 0.000000    -0.000003     1.575653 
2453939.528179 0.000000 0.000000    -0.000004     1.575653 
2453941.242307 0.000000 0.000000    -0.000004     1.575653 
2453942.956434 0.000000 0.000000    -0.000004     1.575653 
2453944.670562 0.000000 0.000000    -0.000004     1.575653 
2453946.384690 0.000000 0.000000    -0.000004     1.575653 
2453948.098818 0.000000 0.000000    -0.000004     1.575653 
2453949.812946 0.000000 0.000000    -0.000003     1.575653 
2453951.527074 0.000000 0.000000    -0.000002     1.575653 
2453953.241202 0.000000 0.000000    -0.000001     1.575653 
2453954.955330 0.000000 0.000000    -0.000000     1.575653 
2453956.669458 0.000000 0.000000     0.000000     1.575653 
2453958.383586 0.000000 0.000000    -0.000000     1.575653 
2453960.097714 0.000000 0.000000    -0.000000     1.575653 
2453961.811842 0.000000 0.000000    -0.000001     1.575653 
2453963.525970 0.000000 0.000000    -0.000002     1.575653 
2453965.240098 0.000000 0.000000    -0.000002     1.575653 
2453966.954225 0.000000 0.000000    -0.000003     1.575653 
2453968.668353 0.000000 0.000000    -0.000003     1.575653 
2453970.382481 0.000000 0.000000    -0.000003     1.575653 
2453972.096609 0.000000 0.000000    -0.000002     1.575653 
2453973.810737 0.000000 0.000000    -0.000002     1.575653 
2453975.524865 0.000000 0.000000    -0.000002     1.575653 
2453977.238993 0.000000 0.000000    -0.000002     1.575653 
2453978.953121 0.000000 0.000000    -0.000002     1.575653 
2453980.667249 0.000000 0.000000    -0.000002     1.575653 
2453982.381377 0.000000 0.000000    -0.000002     1.575653 
2453984.095505 0.000000 0.000000    -0.000002     1.575653 
2453985.809633 0.000000 0.000000    -0.000002     1.575653 
2453987.523761 0.000000 0.000000    -0.000003     1.575653 
2453989.237889 0.000000 0.000000    -0.000003     1.575653 
2453990.952016 0.000000 0.000000    -0.000003     1.575653 
2453992.666144 0.000000 0.000000    -0.000003     1.575653 
2453994.380272 0.000000 0.000000    -0.000003     1.575653 
2453996.094400 0.000000 0.000000    -0.000003     1.575653 
2453997.808528 0.000000 0.000000    -0.000004     1.575653 
2453999.522656 0.000000 0.000000    -0.000004     1.575653 
2454001.236784 0.000000 0.000000    -0.000004     1.575653 
2454002.950912 0.000000 0.000000    -0.000004     1.575653 
2454004.665040 0.000000 0.000000    -0.000004     1.575653 
2454006.379168 0.000000 0.000000    -0.000003     1.575653 
2454008.093296 0.000000 0.000000    -0.000002     1.575653 
2454009.807424 0.000000 0.000000    -0.000001     1.575653 
2454011.521552 0.000000 0.000000    -0.000001     1.575653 
2454013.235680 0.000000 0.000000    -0.000000     1.575653 
2454014.949807 0.000000 0.000000    -0.000001     1.575653 
2454016.663935 0.000000 0.000000    -0.000002     1.575653 
2454018.378063 0.000000 0.000000    -0.000003     1.575653 
2454020.092191 0.000000 0.000000    -0.000004     1.575653 
2454021.806319 0.000000 0.000000    -0.000005     1.575653 
2454023.520447 0.000000 0.000000    -0.000006     1.575653 
2454025.234575 0.000000 0.000000    -0.000007     1.575653 
2454026.948703 0.000000 0.000000    -0.000006     1.575653 
2454028.662831 0.000000 0.000000    -0.000006     1.575653 
2454030.376959 0.000000 0.000000    -0.000005     1.575653 
2454032.091087 0.000000 0.000000    -0.000004     1.575653 
2454033.805215 0.000000 0.000000    -0.000003     1.575653 
2454035.519343 0.000000 0.000000    -0.000003     1.575653 
2454037.233471 0.000000 0.000000    -0.000003     1.575653 
2454038.947598 0.000000 0.000000    -0.000003     1.575653 
2454040.661726 0.000000 0.000000    -0.000003     1.575653 
2454042.375854 0.000000 0.000000    -0.000003     1.575653 
2454044.089982 0.000000 0.000000    -0.000003     1.575653 
2454045.804110 0.000000 0.000000    -0.000003     1.575653 
2454047.518238 0.000000 0.000000    -0.000004     1.575653 
2454049.232366 0.000000 0.000000    -0.000004     1.575653 
2454050.946494 0.000000 0.000000    -0.000005     1.575653 
2454052.660622 0.000000 0.000000    -0.000005     1.575653 
2454054.374750 0.000000 0.000000    -0.000006     1.575653 
2454056.088878 0.000000 0.000000    -0.000006     1.575653 
2454057.803006 0.000000 0.000000    -0.000006     1.575653 
2454059.517134 0.000000 0.000000    -0.000005     1.575653 
2454061.231262 0.000000 0.000000    -0.000004     1.575653 
2454062.945389 0.000000 0.000000    -0.000003     1.575653 
2454064.659517 0.000000 0.000000    -0.000002     1.575653 
2454066.373645 0.000000 0.000000    -0.000001     1.575653 
2454068.087773 0.000000 0.000000    -0.000001     1.575653 
2454069.801901 0.000000 0.000000    -0.000002     1.575653 
2454071.516029 0.000000 0.000000    -0.000004     1.575653 
2454073.230157 0.000000 0.000000    -0.000007     1.575653 
2454074.944285 0.000000 0.000000    -0.000011     1.575653 
2454076.658413 0.000000 0.000000    -0.000016     1.575653 
2454078.372541 0.000000 0.000000    -0.000020     1.575653 
2454080.086669 0.000000 0.000000    -0.000022     1.575653 
2454081.800797 0.000000 0.000000    -0.000023     1.575653 
2454083.514925 0.000000 0.000000    -0.000022     1.575653 
2454085.229053 0.000000 0.000000    -0.000018     1.575653 
2454086.943180 0.000000 0.000000    -0.000015     1.575653 
2454088.657308 0.000000 0.000000    -0.000011     1.575653 
2454090.371436 0.000000 0.000000    -0.000008     1.575653 
2454092.085564 0.000000 0.000000    -0.000006     1.575653 
2454093.799692 0.000000 0.000000    -0.000005     1.575653 
2454095.513820 0.000000 0.000000    -0.000005     1.575653 
2454097.227948 0.000000 0.000000    -0.000006     1.575653 
2454098.942076 0.000000 0.000000    -0.000006     1.575653 
2454100.656204 0.000000 0.000000    -0.000007     1.575653 
2454102.370332 0.000000 0.000000    -0.000008     1.575653 
2454104.084460 0.000000 0.000000    -0.000010     1.575653 
2454105.798588 0.000000 0.000000    -0.000012     1.575653 
2454107.512716 0.000000 0.000000    -0.000013     1.575653 
2454109.226844 0.000000 0.000000    -0.000014     1.575653 
2454110.940971 0.000000 0.000000    -0.000015     1.575653 
2454112.655099 0.000000 0.000000    -0.000014     1.575653 
2454114.369227 0.000000 0.000000    -0.000013     1.575653 
2454116.083355 0.000000 0.000000    -0.000011     1.575653 
2454117.797483 0.000000 0.000000    -0.000008     1.575653 
2454119.511611 0.000000 0.000000    -0.000005     1.575653 
2454121.225739 0.000000 0.000000    -0.000002     1.575653 
2454122.939867 0.000000 0.000000    -0.000001     1.575653 
2454124.653995 0.000000 0.000000    -0.000002     1.575653 
2454126.368123 0.000000 0.000000    -0.000005     1.575653 
2454128.082251 0.000000 0.000000    -0.000013     1.575653 
2454129.796379 0.000000 0.000000    -0.000024     1.575653 
2454131.510507 0.000000 0.000000    -0.000037     1.575653 
2454133.224635 0.000000 0.000000    -0.000049     1.575653 
2454134.938762 0.000000 0.000000    -0.000059     1.575653 
2454136.652890 0.000000 0.000000    -0.000064     1.575653 
2454138.367018 0.000000 0.000000    -0.000062     1.575653 
2454140.081146 0.000000 0.000000    -0.000055     1.575653 
2454141.795274 0.000000 0.000000    -0.000045     1.575653 
2454143.509402 0.000000 0.000000    -0.000034     1.575653 
2454145.223530 0.000000 0.000000    -0.000024     1.575653 
2454146.937658 0.000000 0.000000    -0.000017     1.575653 
2454148.651786 0.000000 0.000000    -0.000014     1.575653 
2454150.365914 0.000000 0.000000    -0.000013     1.575653 
2454152.080042 0.000000 0.000000    -0.000013     1.575653 
2454153.794170 0.000000 0.000000    -0.000015     1.575653 
2454155.508298 0.000000 0.000000    -0.000018     1.575653 
2454157.222426 0.000000 0.000000    -0.000021     1.575653 
2454158.936553 0.000000 0.000000    -0.000026     1.575653 
2454160.650681 0.000000 0.000000    -0.000030     1.575653 
2454162.364809 0.000000 0.000000    -0.000035     1.575653 
2454164.078937 0.000000 0.000000    -0.000039     1.575653 
2454165.793065 0.000000 0.000000    -0.000041     1.575653 
2454167.507193 0.000000 0.000000    -0.000040     1.575653 
2454169.221321 0.000000 0.000000    -0.000037     1.575653 
2454170.935449 0.000000 0.000000    -0.000031     1.575653 
2454172.649577 0.000000 0.000000    -0.000024     1.575653 
2454174.363705 0.000000 0.000000    -0.000016     1.575653 
2454176.077833 0.000000 0.000000    -0.000008     1.575653 
2454177.791961 0.000000 0.000000    -0.000001     1.575653 
2454179.506089 0.000000 0.000000     0.000001     1.575653 
2454181.220217 0.000000 0.000000    -0.000003     1.575653 
2454182.934344 0.000000 0.000000    -0.000016     1.575653 
2454184.648472 0.000000 0.000000    -0.000038     1.575653 
2454186.362600 0.000000 0.000000    -0.000065     1.575653 
2454188.076728 0.000000 0.000000    -0.000095     1.575653 
2454189.790856 0.000000 0.000000    -0.000121     1.575653 
2454191.504984 0.000000 0.000000    -0.000137     1.575653 
2454193.219112 0.000000 0.000000    -0.000140     1.575653 
2454194.933240 0.000000 0.000000    -0.000130     1.575653 
2454196.647368 0.000000 0.000000    -0.000110     1.575653 
2454198.361496 0.000000 0.000000    -0.000085     1.575653 
2454200.075624 0.000000 0.000000    -0.000062     1.575653 
2454201.789752 0.000000 0.000000    -0.000044     1.575653 
2454203.503880 0.000000 0.000000    -0.000033     1.575653 
2454205.218008 0.000000 0.000000    -0.000029     1.575653 
2454206.932135 0.000000 0.000000    -0.000030     1.575653 
2454208.646263 0.000000 0.000000    -0.000034     1.575653 
2454210.360391 0.000000 0.000000    -0.000040     1.575653 
2454212.074519 0.000000 0.000000    -0.000047     1.575653 
2454213.788647 0.000000 0.000000    -0.000055     1.575653 
2454215.502775 0.000000 0.000000    -0.000066     1.575653 
2454217.216903 0.000000 0.000000    -0.000076     1.575653 
2454218.931031 0.000000 0.000000    -0.000086     1.575653 
2454220.645159 0.000000 0.000000    -0.000093     1.575653 
2454222.359287 0.000000 0.000000    -0.000095     1.575653 
2454224.073415 0.000000 0.000000    -0.000091     1.575653 
2454225.787543 0.000000 0.000000    -0.000081     1.575653 
2454227.501671 0.000000 0.000000    -0.000066     1.575653 
2454229.215799 0.000000 0.000000    -0.000048     1.575653 
2454230.929926 0.000000 0.000000    -0.000028     1.575653 
2454232.644054 0.000000 0.000000    -0.000009     1.575653 
2454234.358182 0.000000 0.000000     0.000003     1.575653 
2454236.072310 0.000000 0.000000     0.000004     1.575653 
2454237.786438 0.000000 0.000000    -0.000010     1.575653 
2454239.500566 0.000000 0.000000    -0.000042     1.575653 
2454241.214694 0.000000 0.000000    -0.000089     1.575653 
2454242.928822 0.000000 0.000000    -0.000143     1.575653 
2454244.642950 0.000000 0.000000    -0.000196     1.575653 
2454246.357078 0.000000 0.000000    -0.000236     1.575653 
2454248.071206 0.000000 0.000000    -0.000253     1.575653 
2454249.785334 0.000000 0.000000    -0.000246     1.575653 
2454251.499462 0.000000 0.000000    -0.000217     1.575653 
2454253.213590 0.000000 0.000000    -0.000176     1.575653 
2454254.927717 0.000000 0.000000    -0.000131     1.575653 
2454256.641845 0.000000 0.000000    -0.000095     1.575653 
2454258.355973 0.000000 0.000000    -0.000070     1.575653 
2454260.070101 0.000000 0.000000    -0.000059     1.575653 
2454261.784229 0.000000 0.000000    -0.000059     1.575653 
2454263.498357 0.000000 0.000000    -0.000066     1.575653 
2454265.212485 0.000000 0.000000    -0.000076     1.575653 
2454266.926613 0.000000 0.000000    -0.000088     1.575653 
2454268.640741 0.000000 0.000000    -0.000102     1.575653 
2454270.354869 0.000000 0.000000    -0.000118     1.575653 
2454272.068997 0.000000 0.000000    -0.000137     1.575653 
2454273.783125 0.000000 0.000000    -0.000156     1.575653 
2454275.497253 0.000000 0.000000    -0.000173     1.575653 
2454277.211381 0.000000 0.000000    -0.000182     1.575653 
2454278.925508 0.000000 0.000000    -0.000182     1.575653 
2454280.639636 0.000000 0.000000    -0.000171     1.575653 
2454282.353764 0.000000 0.000000    -0.000149     1.575653 
2454284.067892 0.000000 0.000000    -0.000117     1.575653 
2454285.782020 0.000000 0.000000    -0.000079     1.575653 
2454287.496148 0.000000 0.000000    -0.000040     1.575653 
2454289.210276 0.000000 0.000000    -0.000007     1.575653 
2454290.924404 0.000000 0.000000     0.000012     1.575653 
2454292.638532 0.000000 0.000000     0.000007     1.575653 
2454294.352660 0.000000 0.000000    -0.000027     1.575653 
2454296.066788 0.000000 0.000000    -0.000088     1.575653 
2454297.780916 0.000000 0.000000    -0.000169     1.575653 
2454299.495044 0.000000 0.000000    -0.000254     1.575653 
2454301.209172 0.000000 0.000000    -0.000327     1.575653 
2454302.923299 0.000000 0.000000    -0.000372     1.575653 
2454304.637427 0.000000 0.000000    -0.000379     1.575653 
2454306.351555 0.000000 0.000000    -0.000350     1.575653 
2454308.065683 0.000000 0.000000    -0.000294     1.575653 
2454309.779811 0.000000 0.000000    -0.000228     1.575653 
2454311.493939 0.000000 0.000000    -0.000168     1.575653 
2454313.208067 0.000000 0.000000    -0.000124     1.575653 
2454314.922195 0.000000 0.000000    -0.000102     1.575653 
2454316.636323 0.000000 0.000000    -0.000098     1.575653 
2454318.350451 0.000000 0.000000    -0.000107     1.575653 
2454320.064579 0.000000 0.000000    -0.000123     1.575653 
2454321.778707 0.000000 0.000000    -0.000141     1.575653 
2454323.492835 0.000000 0.000000    -0.000160     1.575653 
2454325.206963 0.000000 0.000000    -0.000183     1.575653 
2454326.921090 0.000000 0.000000    -0.000209     1.575653 
2454328.635218 0.000000 0.000000    -0.000238     1.575653 
2454330.349346 0.000000 0.000000    -0.000266     1.575653 
2454332.063474 0.000000 0.000000    -0.000289     1.575653 
2454333.777602 0.000000 0.000000    -0.000300     1.575653 
2454335.491730 0.000000 0.000000    -0.000296     1.575653 
2454337.205858 0.000000 0.000000    -0.000273     1.575653 
2454338.919986 0.000000 0.000000    -0.000232     1.575653 
2454340.634114 0.000000 0.000000    -0.000175     1.575653 
2454342.348242 0.000000 0.000000    -0.000111     1.575653 
2454344.062370 0.000000 0.000000    -0.000047     1.575653 
2454345.776498 0.000000 0.000000     0.000001     1.575653 
2454347.490626 0.000000 0.000000     0.000021     1.575653 
2454349.204754 0.000000 0.000000     0.000004     1.575653 
2454350.918881 0.000000 0.000000    -0.000055     1.575653 
2454352.633009 0.000000 0.000000    -0.000147     1.575653 
2454354.347137 0.000000 0.000000    -0.000257     1.575653 
2454356.061265 0.000000 0.000000    -0.000362     1.575653 
2454357.775393 0.000000 0.000000    -0.000438     1.575653 
2454359.489521 0.000000 0.000000    -0.000469     1.575653 
2454361.203649 0.000000 0.000000    -0.000453     1.575653 
2454362.917777 0.000000 0.000000    -0.000397     1.575653 
2454364.631905 0.000000 0.000000    -0.000319     1.575653 
2454366.346033 0.000000 0.000000    -0.000241     1.575653 
2454368.060161 0.000000 0.000000    -0.000180     1.575653 
2454369.774289 0.000000 0.000000    -0.000145     1.575653 
2454371.488417 0.000000 0.000000    -0.000137     1.575653 
2454373.202545 0.000000 0.000000    -0.000149     1.575653 
2454374.916672 0.000000 0.000000    -0.000171     1.575653 
2454376.630800 0.000000 0.000000    -0.000195     1.575653 
2454378.344928 0.000000 0.000000    -0.000220     1.575653 
2454380.059056 0.000000 0.000000    -0.000245     1.575653 
2454381.773184 0.000000 0.000000    -0.000272     1.575653 
2454383.487312 0.000000 0.000000    -0.000305     1.575653 
2454385.201440 0.000000 0.000000    -0.000341     1.575653 
2454386.915568 0.000000 0.000000    -0.000376     1.575653 
2454388.629696 0.000000 0.000000    -0.000404     1.575653 
2454390.343824 0.000000 0.000000    -0.000416     1.575653 
2454392.057952 0.000000 0.000000    -0.000406     1.575653 
2454393.772080 0.000000 0.000000    -0.000369     1.575653 
2454395.486208 0.000000 0.000000    -0.000307     1.575653 
2454397.200336 0.000000 0.000000    -0.000224     1.575653 
2454398.914463 0.000000 0.000000    -0.000132     1.575653 
2454400.628591 0.000000 0.000000    -0.000049     1.575653 
2454402.342719 0.000000 0.000000     0.000009     1.575653 
2454404.056847 0.000000 0.000000     0.000026     1.575653 
2454405.770975 0.000000 0.000000    -0.000006     1.575653 
2454407.485103 0.000000 0.000000    -0.000083     1.575653 
2454409.199231 0.000000 0.000000    -0.000191     1.575653 
2454410.913359 0.000000 0.000000    -0.000305     1.575653 
2454412.627487 0.000000 0.000000    -0.000399     1.575653 
2454414.341615 0.000000 0.000000    -0.000453     1.575653 
2454416.055743 0.000000 0.000000    -0.000457     1.575653 
2454417.769871 0.000000 0.000000    -0.000416     1.575653 
2454419.483999 0.000000 0.000000    -0.000346     1.575653 
2454421.198127 0.000000 0.000000    -0.000269     1.575653 
2454422.912254 0.000000 0.000000    -0.000205     1.575653 
2454424.626382 0.000000 0.000000    -0.000168     1.575653 
2454426.340510 0.000000 0.000000    -0.000159     1.575653 
2454428.054638 0.000000 0.000000    -0.000174     1.575653 
2454429.768766 0.000000 0.000000    -0.000202     1.575653 
2454431.482894 0.000000 0.000000    -0.000233     1.575653 
2454433.197022 0.000000 0.000000    -0.000260     1.575653 
2454434.911150 0.000000 0.000000    -0.000284     1.575653 
2454436.625278 0.000000 0.000000    -0.000306     1.575653 
2454438.339406 0.000000 0.000000    -0.000332     1.575653 
2454440.053534 0.000000 0.000000    -0.000364     1.575653 
2454441.767662 0.000000 0.000000    -0.000401     1.575653 
2454443.481790 0.000000 0.000000    -0.000440     1.575653 
2454445.195918 0.000000 0.000000    -0.000471     1.575653 
2454446.910045 0.000000 0.000000    -0.000484     1.575653 
2454448.624173 0.000000 0.000000    -0.000471     1.575653 
2454450.338301 0.000000 0.000000    -0.000424     1.575653 
2454452.052429 0.000000 0.000000    -0.000347     1.575653 
2454453.766557 0.000000 0.000000    -0.000247     1.575653 
2454455.480685 0.000000 0.000000    -0.000142     1.575653 
2454457.194813 0.000000 0.000000    -0.000050     1.575653 
2454458.908941 0.000000 0.000000     0.000007     1.575653 
2454460.623069 0.000000 0.000000     0.000018     1.575653 
2454462.337197 0.000000 0.000000    -0.000019     1.575653 
2454464.051325 0.000000 0.000000    -0.000095     1.575653 
2454465.765453 0.000000 0.000000    -0.000189     1.575653 
2454467.479581 0.000000 0.000000    -0.000278     1.575653 
2454469.193709 0.000000 0.000000    -0.000339     1.575653 
2454470.907836 0.000000 0.000000    -0.000361     1.575653 
2454472.621964 0.000000 0.000000    -0.000343     1.575653 
2454474.336092 0.000000 0.000000    -0.000298     1.575653 
2454476.050220 0.000000 0.000000    -0.000241     1.575653 
2454477.764348 0.000000 0.000000    -0.000192     1.575653 
2454479.478476 0.000000 0.000000    -0.000163     1.575653 
2454481.192604 0.000000 0.000000    -0.000159     1.575653 
2454482.906732 0.000000 0.000000    -0.000176     1.575653 
2454484.620860 0.000000 0.000000    -0.000207     1.575653 
2454486.334988 0.000000 0.000000    -0.000240     1.575653 
2454488.049116 0.000000 0.000000    -0.000268     1.575653 
2454489.763244 0.000000 0.000000    -0.000287     1.575653 
2454491.477372 0.000000 0.000000    -0.000300     1.575653 
2454493.191500 0.000000 0.000000    -0.000311     1.575653 
2454494.905627 0.000000 0.000000    -0.000328     1.575653 
2454496.619755 0.000000 0.000000    -0.000354     1.575653 
2454498.333883 0.000000 0.000000    -0.000390     1.575653 
2454500.048011 0.000000 0.000000    -0.000431     1.575653 
2454501.762139 0.000000 0.000000    -0.000466     1.575653 
2454503.476267 0.000000 0.000000    -0.000484     1.575653 
2454505.190395 0.000000 0.000000    -0.000473     1.575653 
2454506.904523 0.000000 0.000000    -0.000427     1.575653 
2454508.618651 0.000000 0.000000    -0.000349     1.575653 
2454510.332779 0.000000 0.000000    -0.000250     1.575653 
2454512.046907 0.000000 0.000000    -0.000149     1.575653 
2454513.761035 0.000000 0.000000    -0.000065     1.575653 
2454515.475163 0.000000 0.000000    -0.000016     1.575653 
2454517.189291 0.000000 0.000000    -0.000013     1.575653 
2454518.903418 0.000000 0.000000    -0.000054     1.575653 
2454520.617546 0.000000 0.000000    -0.000128     1.575653 
2454522.331674 0.000000 0.000000    -0.000217     1.575653 
2454524.045802 0.000000 0.000000    -0.000298     1.575653 
2454525.759930 0.000000 0.000000    -0.000356     1.575653 
2454527.474058 0.000000 0.000000    -0.000381     1.575653 
2454529.188186 0.000000 0.000000    -0.000372     1.575653 
2454530.902314 0.000000 0.000000    -0.000338     1.575653 
2454532.616442 0.000000 0.000000    -0.000292     1.575653 
2454534.330570 0.000000 0.000000    -0.000250     1.575653 
2454536.044698 0.000000 0.000000    -0.000222     1.575653 
2454537.758826 0.000000 0.000000    -0.000214     1.575653 
2454539.472954 0.000000 0.000000    -0.000224     1.575653 
2454541.187081 0.000000 0.000000    -0.000244     1.575653 
2454542.901209 0.000000 0.000000    -0.000265     1.575653 
2454544.615337 0.000000 0.000000    -0.000280     1.575653 
2454546.329465 0.000000 0.000000    -0.000288     1.575653 
2454548.043593 0.000000 0.000000    -0.000292     1.575653 
2454549.757721 0.000000 0.000000    -0.000299     1.575653 
2454551.471849 0.000000 0.000000    -0.000318     1.575653 
2454553.185977 0.000000 0.000000    -0.000352     1.575653 
2454554.900105 0.000000 0.000000    -0.000398     1.575653 
2454556.614233 0.000000 0.000000    -0.000447     1.575653 
2454558.328361 0.000000 0.000000    -0.000488     1.575653 
2454560.042489 0.000000 0.000000    -0.000505     1.575653 
2454561.756617 0.000000 0.000000    -0.000491     1.575653 
2454563.470745 0.000000 0.000000    -0.000441     1.575653 
2454565.184872 0.000000 0.000000    -0.000360     1.575653 
2454566.899000 0.000000 0.000000    -0.000261     1.575653 
2454568.613128 0.000000 0.000000    -0.000165     1.575653 
2454570.327256 0.000000 0.000000    -0.000094     1.575653 
2454572.041384 0.000000 0.000000    -0.000074     1.575653 
2454573.755512 0.000000 0.000000    -0.000123     1.575653 
2454575.469640 0.000000 0.000000    -0.000248     1.575653 
2454577.183768 0.000000 0.000000    -0.000440     1.575653 
2454578.897896 0.000000 0.000000    -0.000670     1.575653 
2454580.612024 0.000000 0.000000    -0.000897     1.575653 
2454582.326152 0.000000 0.000000    -0.001075     1.575653 
2454584.040280 0.000000 0.000000    -0.001166     1.575653 
2454585.754408 0.000000 0.000000    -0.001155     1.575653 
2454587.468536 0.000000 0.000000    -0.001051     1.575653 
2454589.182663 0.000000 0.000000    -0.000885     1.575653 
2454590.896791 0.000000 0.000000    -0.000702     1.575653 
2454592.610919 0.000000 0.000000    -0.000543     1.575653 
2454594.325047 0.000000 0.000000    -0.000432     1.575653 
2454596.039175 0.000000 0.000000    -0.000374     1.575653 
2454597.753303 0.000000 0.000000    -0.000359     1.575653 
2454599.467431 0.000000 0.000000    -0.000369     1.575653 
2454601.181559 0.000000 0.000000    -0.000390     1.575653 
2454602.895687 0.000000 0.000000    -0.000419     1.575653 
2454604.609815 0.000000 0.000000    -0.000461     1.575653 
2454606.323943 0.000000 0.000000    -0.000522     1.575653 
2454608.038071 0.000000 0.000000    -0.000606     1.575653 
2454609.752199 0.000000 0.000000    -0.000702     1.575653 
2454611.466327 0.000000 0.000000    -0.000793     1.575653 
2454613.180454 0.000000 0.000000    -0.000859     1.575653 
2454614.894582 0.000000 0.000000    -0.000882     1.575653 
2454616.608710 0.000000 0.000000    -0.000853     1.575653 
2454618.322838 0.000000 0.000000    -0.000770     1.575653 
2454620.036966 0.000000 0.000000    -0.000641     1.575653 
2454621.751094 0.000000 0.000000    -0.000479     1.575653 
2454623.465222 0.000000 0.000000    -0.000309     1.575653 
2454625.179350 0.000000 0.000000    -0.000170     1.575653 
2454626.893478 0.000000 0.000000    -0.000119     1.575653 
2454628.607606 0.000000 0.000000    -0.000221     1.575653 
2454630.321734 0.000000 0.000000    -0.000529     1.575653 
2454632.035862 0.000000 0.000000    -0.001058     1.575653 
2454633.749990 0.000000 0.000000    -0.001762     1.575653 
2454635.464118 0.000000 0.000000    -0.002537     1.575653 
2454637.178245 0.000000 0.000000    -0.003233     1.575653 
2454638.892373 0.000000 0.000000    -0.003701     1.575653 
2454640.606501 0.000000 0.000000    -0.003836     1.575653 
2454642.320629 0.000000 0.000000    -0.003620     1.575653 
2454644.034757 0.000000 0.000000    -0.003121     1.575653 
2454645.748885 0.000000 0.000000    -0.002472     1.575653 
2454647.463013 0.000000 0.000000    -0.001826     1.575653 
2454649.177141 0.000000 0.000000    -0.001306     1.575653 
2454650.891269 0.000000 0.000000    -0.000971     1.575653 
2454652.605397 0.000000 0.000000    -0.000816     1.575653 
2454654.319525 0.000000 0.000000    -0.000798     1.575653 
2454656.033653 0.000000 0.000000    -0.000863     1.575653 
2454657.747781 0.000000 0.000000    -0.000979     1.575653 
2454659.461909 0.000000 0.000000    -0.001140     1.575653 
2454661.176036 0.000000 0.000000    -0.001353     1.575653 
2454662.890164 0.000000 0.000000    -0.001618     1.575653 
2454664.604292 0.000000 0.000000    -0.001911     1.575653 
2454666.318420 0.000000 0.000000    -0.002180     1.575653 
2454668.032548 0.000000 0.000000    -0.002369     1.575653 
2454669.746676 0.000000 0.000000    -0.002430     1.575653 
2454671.460804 0.000000 0.000000    -0.002339     1.575653 
2454673.174932 0.000000 0.000000    -0.002102     1.575653 
2454674.889060 0.000000 0.000000    -0.001740     1.575653 
2454676.603188 0.000000 0.000000    -0.001288     1.575653 
2454678.317316 0.000000 0.000000    -0.000797     1.575653 
2454680.031444 0.000000 0.000000    -0.000351     1.575653 
2454681.745572 0.000000 0.000000    -0.000074     1.575653 
2454683.459700 0.000000 0.000000    -0.000129     1.575653 
2454685.173827 0.000000 0.000000    -0.000675     1.575653 
2454686.887955 0.000000 0.000000    -0.001803     1.575653 
2454688.602083 0.000000 0.000000    -0.003471     1.575653 
2454690.316211 0.000000 0.000000    -0.005468     1.575653 
2454692.030339 0.000000 0.000000    -0.007440     1.575653 
2454693.744467 0.000000 0.000000    -0.008979     1.575653 
2454695.458595 0.000000 0.000000    -0.009747     1.575652 
2454697.172723 0.000000 0.000000    -0.009589     1.575652 
2454698.886851 0.000000 0.000000    -0.008584     1.575652 
2454700.600979 0.000000 0.000000    -0.007021     1.575652 
2454702.315107 0.000000 0.000000    -0.005295     1.575652 
2454704.029235 0.000000 0.000000    -0.003773     1.575652 
2454705.743363 0.000000 0.000000    -0.002692     1.575652 
2454707.457491 0.000000 0.000000    -0.002114     1.575652 
2454709.171618 0.000000 0.000000    -0.001959     1.575652 
2454710.885746 0.000000 0.000000    -0.002089     1.575652 
2454712.599874 0.000000 0.000000    -0.002384     1.575652 
2454714.314002 0.000000 0.000000    -0.002791     1.575652 
2454716.028130 0.000000 0.000000    -0.003310     1.575652 
2454717.742258 0.000000 0.000000    -0.003952     1.575652 
2454719.456386 0.000000 0.000000    -0.004685     1.575652 
2454721.170514 0.000000 0.000000    -0.005417     1.575652 
2454722.884642 0.000000 0.000000    -0.006009     1.575652 
2454724.598770 0.000000 0.000000    -0.006323     1.575652 
2454726.312898 0.000000 0.000000    -0.006267     1.575652 
2454728.027026 0.000000 0.000000    -0.005811     1.575652 
2454729.741154 0.000000 0.000000    -0.004987     1.575652 
2454731.455282 0.000000 0.000000    -0.003870     1.575652 
2454733.169409 0.000000 0.000000    -0.002573     1.575652 
2454734.883537 0.000000 0.000000    -0.001270     1.575652 
2454736.597665 0.000000 0.000000    -0.000216     1.575652 
2454738.311793 0.000000 0.000000     0.000249     1.575652 
2454740.025921 0.000000 0.000000    -0.000244     1.575652 
2454741.740049 0.000000 0.000000    -0.001968     1.575652 
2454743.454177 0.000000 0.000000    -0.004965     1.575652 
2454745.168305 0.000000 0.000000    -0.008932     1.575652 
2454746.882433 0.000000 0.000000    -0.013227     1.575652 
2454748.596561 0.000000 0.000000    -0.017003     1.575651 
2454750.310689 0.000000 0.000000    -0.019447     1.575650 
2454752.024817 0.000000 0.000000    -0.020041     1.575650 
2454753.738945 0.000000 0.000000    -0.018733     1.575650 
2454755.453073 0.000000 0.000000    -0.015957     1.575650 
2454757.167200 0.000000 0.000000    -0.012470     1.575649 
2454758.881328 0.000000 0.000000    -0.009100     1.575649 
2454760.595456 0.000000 0.000000    -0.006483     1.575649 
2454762.309584 0.000000 0.000000    -0.004910     1.575649 
2454764.023712 0.000000 0.000000    -0.004332     1.575649 
2454765.737840 0.000000 0.000000    -0.004480     1.575649 
2454767.451968 0.000000 0.000000    -0.005056     1.575649 
2454769.166096 0.000000 0.000000    -0.005866     1.575649 
2454770.880224 0.000000 0.000000    -0.006856     1.575649 
2454772.594352 0.000000 0.000000    -0.008058     1.575649 
2454774.308480 0.000000 0.000000    -0.009477     1.575649 
2454776.022608 0.000000 0.000000    -0.011012     1.575649 
2454777.736736 0.000000 0.000000    -0.012440     1.575649 
2454779.450864 0.000000 0.000000    -0.013474     1.575649 
2454781.164991 0.000000 0.000000    -0.013851     1.575649 
2454782.879119 0.000000 0.000000    -0.013407     1.575649 
2454784.593247 0.000000 0.000000    -0.012104     1.575649 
2454786.307375 0.000000 0.000000    -0.010023     1.575649 
2454788.021503 0.000000 0.000000    -0.007352     1.575649 
2454789.735631 0.000000 0.000000    -0.004400     1.575650 
2454791.449759 0.000000 0.000000    -0.001628     1.575650 
2454793.163887 0.000000 0.000000     0.000345     1.575650 
2454794.878015 0.000000 0.000000     0.000812     1.575650 
2454796.592143 0.000000 0.000000    -0.000843     1.575650 
2454798.306271 0.000000 0.000000    -0.004901     1.575650 
2454800.020399 0.000000 0.000000    -0.011084     1.575649 
2454801.734527 0.000000 0.000000    -0.018482     1.575648 
2454803.448655 0.000000 0.000000    -0.025702     1.575647 
2454805.162782 0.000000 0.000000    -0.031223     1.575646 
2454806.876910 0.000000 0.000000    -0.033861     1.575644 
2454808.591038 0.000000 0.000000    -0.033148     1.575643 
2454810.305166 0.000000 0.000000    -0.029480     1.575643 
2454812.019294 0.000000 0.000000    -0.023974     1.575643 
2454813.733422 0.000000 0.000000    -0.018068     1.575642 
2454815.447550 0.000000 0.000000    -0.013057     1.575642 
2454817.161678 0.000000 0.000000    -0.009726     1.575642 
2454818.875806 0.000000 0.000000    -0.008229     1.575642 
2454820.589934 0.000000 0.000000    -0.008218     1.575642 
2454822.304062 0.000000 0.000000    -0.009137     1.575642 
2454824.018190 0.000000 0.000000    -0.010513     1.575642 
2454825.732318 0.000000 0.000000    -0.012123     1.575642 
2454827.446446 0.000000 0.000000    -0.013973     1.575642 
2454829.160573 0.000000 0.000000    -0.016152     1.575642 
2454830.874701 0.000000 0.000000    -0.018647     1.575642 
2454832.588829 0.000000 0.000000    -0.021241     1.575642 
2454834.302957 0.000000 0.000000    -0.023523     1.575642 
2454836.017085 0.000000 0.000000    -0.025003     1.575642 
2454837.731213 0.000000 0.000000    -0.025246     1.575642 
2454839.445341 0.000000 0.000000    -0.023982     1.575642 
2454841.159469 0.000000 0.000000    -0.021153     1.575642 
2454842.873597 0.000000 0.000000    -0.016930     1.575642 
2454844.587725 0.000000 0.000000    -0.011733     1.575643 
2454846.301853 0.000000 0.000000    -0.006260     1.575643 
2454848.015981 0.000000 0.000000    -0.001488     1.575643 
2454849.730109 0.000000 0.000000     0.001416     1.575643 
2454851.444237 0.000000 0.000000     0.001334     1.575643 
2454853.158364 0.000000 0.000000    -0.002453     1.575643 
2454854.872492 0.000000 0.000000    -0.009902     1.575643 
2454856.586620 0.000000 0.000000    -0.020015     1.575642 
2454858.300748 0.000000 0.000000    -0.030942     1.575641 
2454860.014876 0.000000 0.000000    -0.040410     1.575638 
2454861.729004 0.000000 0.000000    -0.046374     1.575636 
2454863.443132 0.000000 0.000000    -0.047649     1.575634 
2454865.157260 0.000000 0.000000    -0.044280     1.575633 
2454866.871388 0.000000 0.000000    -0.037496     1.575632 
2454868.585516 0.000000 0.000000    -0.029270     1.575632 
2454870.299644 0.000000 0.000000    -0.021642     1.575632 
2454872.013772 0.000000 0.000000    -0.016105     1.575632 
2454873.727900 0.000000 0.000000    -0.013260     1.575632 
2454875.442028 0.000000 0.000000    -0.012849     1.575632 
2454877.156155 0.000000 0.000000    -0.014097     1.575632 
2454878.870283 0.000000 0.000000    -0.016162     1.575632 
2454880.584411 0.000000 0.000000    -0.018496     1.575632 
2454882.298539 0.000000 0.000000    -0.020954     1.575632 
2454884.012667 0.000000 0.000000    -0.023679     1.575632 
2454885.726795 0.000000 0.000000    -0.026844     1.575632 
2454887.440923 0.000000 0.000000    -0.030417     1.575632 
2454889.155051 0.000000 0.000000    -0.034049     1.575632 
2454890.869179 0.000000 0.000000    -0.037125     1.575632 
2454892.583307 0.000000 0.000000    -0.038919     1.575632 
2454894.297435 0.000000 0.000000    -0.038775     1.575632 
2454896.011563 0.000000 0.000000    -0.036266     1.575632 
2454897.725691 0.000000 0.000000    -0.031304     1.575632 
2454899.439819 0.000000 0.000000    -0.024227     1.575632 
2454901.153946 0.000000 0.000000    -0.015852     1.575632 
2454902.868074 0.000000 0.000000    -0.007478     1.575633 
2454904.582202 0.000000 0.000000    -0.000759     1.575633 
2454906.296330 0.000000 0.000000     0.002599     1.575633 
2454908.010458 0.000000 0.000000     0.001295     1.575633 
2454909.724586 0.000000 0.000000    -0.005086     1.575633 
2454911.438714 0.000000 0.000000    -0.015749     1.575633 
2454913.152842 0.000000 0.000000    -0.028703     1.575632 
2454914.866970 0.000000 0.000000    -0.041200     1.575631 
2454916.581098 0.000000 0.000000    -0.050481     1.575629 
2454918.295226 0.000000 0.000000    -0.054596     1.575627 
2454920.009354 0.000000 0.000000    -0.052999     1.575625 
2454921.723482 0.000000 0.000000    -0.046666     1.575624 
2454923.437610 0.000000 0.000000    -0.037713     1.575624 
2454925.151737 0.000000 0.000000    -0.028654     1.575624 
2454926.865865 0.000000 0.000000    -0.021594     1.575624 
2454928.579993 0.000000 0.000000    -0.017669     1.575624 
2454930.294121 0.000000 0.000000    -0.016901     1.575625 
2454932.008249 0.000000 0.000000    -0.018479     1.575625 
2454933.722377 0.000000 0.000000    -0.021272     1.575624 
2454935.436505 0.000000 0.000000    -0.024347     1.575624 
2454937.150633 0.000000 0.000000    -0.027266     1.575624 
2454938.864761 0.000000 0.000000    -0.030094     1.575624 
2454940.578889 0.000000 0.000000    -0.033174     1.575624 
2454942.293017 0.000000 0.000000    -0.036803     1.575624 
2454944.007145 0.000000 0.000000    -0.040974     1.575624 
2454945.721273 0.000000 0.000000    -0.045264     1.575624 
2454947.435401 0.000000 0.000000    -0.048888     1.575624 
2454949.149528 0.000000 0.000000    -0.050870     1.575624 
2454950.863656 0.000000 0.000000    -0.050284     1.575624 
2454952.577784 0.000000 0.000000    -0.046498     1.575624 
2454954.291912 0.000000 0.000000    -0.039410     1.575624 
2454956.006040 0.000000 0.000000    -0.029615     1.575624 
2454957.720168 0.000000 0.000000    -0.018459     1.575624 
2454959.434296 0.000000 0.000000    -0.007895     1.575625 
2454961.148424 0.000000 0.000000    -0.000117     1.575625 
2454962.862552 0.000000 0.000000     0.002985     1.575624 
2454964.576680 0.000000 0.000000     0.000418     1.575624 
2454966.290808 0.000000 0.000000    -0.007495     1.575625 
2454968.004936 0.000000 0.000000    -0.019052     1.575626 
2454969.719064 0.000000 0.000000    -0.031556     1.575627 
2454971.433192 0.000000 0.000000    -0.042051     1.575628 
2454973.147319 0.000000 0.000000    -0.048187     1.575627 
2454974.861447 0.000000 0.000000    -0.048909     1.575627 
2454976.575575 0.000000 0.000000    -0.044704     1.575626 
2454978.289703 0.000000 0.000000    -0.037349     1.575625 
2454980.003831 0.000000 0.000000    -0.029246     1.575625 
2454981.717959 0.000000 0.000000    -0.022626     1.575625 
2454983.432087 0.000000 0.000000    -0.018899     1.575625 
2454985.146215 0.000000 0.000000    -0.018380     1.575625 
2454986.860343 0.000000 0.000000    -0.020422     1.575625 
2454988.574471 0.000000 0.000000    -0.023856     1.575625 
2454990.288599 0.000000 0.000000    -0.027517     1.575625 
2454992.002727 0.000000 0.000000    -0.030665     1.575625 
2454993.716855 0.000000 0.000000    -0.033147     1.575625 
2454995.430983 0.000000 0.000000    -0.035315     1.575625 
2454997.145110 0.000000 0.000000    -0.037750     1.575625 
2454998.859238 0.000000 0.000000    -0.040936     1.575625 
2455000.573366 0.000000 0.000000    -0.044979     1.575625 
2455002.287494 0.000000 0.000000    -0.049463     1.575625 
2455004.001622 0.000000 0.000000    -0.053470     1.575625 
2455005.715750 0.000000 0.000000    -0.055773     1.575625 
2455007.429878 0.000000 0.000000    -0.055154     1.575625 
2455009.144006 0.000000 0.000000    -0.050797     1.575625 
2455010.858134 0.000000 0.000000    -0.042641     1.575625 
2455012.572262 0.000000 0.000000    -0.031580     1.575625 
2455014.286390 0.000000 0.000000    -0.019400     1.575626 
2455016.000518 0.000000 0.000000    -0.008423     1.575626 
2455017.714646 0.000000 0.000000    -0.000921     1.575626 
2455019.428774 0.000000 0.000000     0.001535     1.575626 
2455021.142901 0.000000 0.000000    -0.001422     1.575626 
2455022.857029 0.000000 0.000000    -0.008801     1.575627 
2455024.571157 0.000000 0.000000    -0.018508     1.575628 
2455026.285285 0.000000 0.000000    -0.027965     1.575630 
2455027.999413 0.000000 0.000000    -0.034864     1.575631 
2455029.713541 0.000000 0.000000    -0.037820     1.575631 
2455031.427669 0.000000 0.000000    -0.036696     1.575629 
2455033.141797 0.000000 0.000000    -0.032517     1.575628 
2455034.855925 0.000000 0.000000    -0.027035     1.575626 
2455036.570053 0.000000 0.000000    -0.022108     1.575625 
2455038.284181 0.000000 0.000000    -0.019138     1.575624 
2455039.998309 0.000000 0.000000    -0.018716     1.575624 
2455041.712437 0.000000 0.000000    -0.020585     1.575624 
2455043.426565 0.000000 0.000000    -0.023867     1.575624 
2455045.140692 0.000000 0.000000    -0.027458     1.575624 
2455046.854820 0.000000 0.000000    -0.030441     1.575624 
2455048.568948 0.000000 0.000000    -0.032380     1.575624 
2455050.283076 0.000000 0.000000    -0.033429     1.575625 
2455051.997204 0.000000 0.000000    -0.034217     1.575625 
2455053.711332 0.000000 0.000000    -0.035562     1.575625 
2455055.425460 0.000000 0.000000    -0.038122     1.575625 
2455057.139588 0.000000 0.000000    -0.042058     1.575625 
2455058.853716 0.000000 0.000000    -0.046873     1.575624 
2455060.567844 0.000000 0.000000    -0.051448     1.575624 
2455062.281972 0.000000 0.000000    -0.054324     1.575624 
2455063.996100 0.000000 0.000000    -0.054128     1.575624 
2455065.710228 0.000000 0.000000    -0.050044     1.575625 
2455067.424356 0.000000 0.000000    -0.042160     1.575626 
2455069.138483 0.000000 0.000000    -0.031571     1.575627 
2455070.852611 0.000000 0.000000    -0.020208     1.575629 
2455072.566739 0.000000 0.000000    -0.010407     1.575630 
2455074.280867 0.000000 0.000000    -0.004341     1.575630 
2455075.994995 0.000000 0.000000    -0.003476     1.575631 
2455077.709123 0.000000 0.000000    -0.008177     1.575630 
2455079.423251 0.000000 0.000000    -0.017579     1.575629 
2455081.137379 0.000000 0.000000    -0.029766     1.575626 
2455082.851507 0.000000 0.000000    -0.042208     1.575622 
2455084.565635 0.000000 0.000000    -0.052369     1.575616 
2455086.279763 0.000000 0.000000    -0.058333     1.575611 
2455087.993891 0.000000 0.000000    -0.059273     1.575607 
2455089.708019 0.000000 0.000000    -0.055640     1.575605 
2455091.422147 0.000000 0.000000    -0.048967     1.575604 
2455093.136274 0.000000 0.000000    -0.041370     1.575604 
2455094.850402 0.000000 0.000000    -0.034868     1.575604 
2455096.564530 0.000000 0.000000    -0.030778     1.575604 
2455098.278658 0.000000 0.000000    -0.029397     1.575604 
2455099.992786 0.000000 0.000000    -0.030086     1.575604 
2455101.706914 0.000000 0.000000    -0.031715     1.575603 
2455103.421042 0.000000 0.000000    -0.033266     1.575603 
2455105.135170 0.000000 0.000000    -0.034314     1.575604 
2455106.849298 0.000000 0.000000    -0.035179     1.575604 
2455108.563426 0.000000 0.000000    -0.036696     1.575604 
2455110.277554 0.000000 0.000000    -0.039711     1.575604 
2455111.991682 0.000000 0.000000    -0.044567     1.575603 
2455113.705810 0.000000 0.000000    -0.050814     1.575603 
2455115.419938 0.000000 0.000000    -0.057262     1.575603 
2455117.134065 0.000000 0.000000    -0.062322     1.575603 
2455118.848193 0.000000 0.000000    -0.064472     1.575603 
2455120.562321 0.000000 0.000000    -0.062661     1.575603 
2455122.276449 0.000000 0.000000    -0.056559     1.575604 
2455123.990577 0.000000 0.000000    -0.046678     1.575605 
2455125.704705 0.000000 0.000000    -0.034440     1.575606 
2455127.418833 0.000000 0.000000    -0.022222     1.575607 
2455129.132961 0.000000 0.000000    -0.013279     1.575607 
2455130.847089 0.000000 0.000000    -0.011353     1.575605 
2455132.561217 0.000000 0.000000    -0.019862     1.575601 
2455134.275345 0.000000 0.000000    -0.040714     1.575588 
2455135.989473 0.000000 0.000000    -0.073141     1.575560 
2455137.703601 0.000000 0.000000    -0.113081     1.575512 
2455139.417729 0.000000 0.000000    -0.153612     1.575448 
2455141.131856 0.000000 0.000000    -0.186548     1.575381 
2455142.845984 0.000000 0.000000    -0.204793     1.575329 
2455144.560112 0.000000 0.000000    -0.204636     1.575299 
2455146.274240 0.000000 0.000000    -0.187023     1.575287 
2455147.988368 0.000000 0.000000    -0.157238     1.575279 
2455149.702496 0.000000 0.000000    -0.123040     1.575271 
2455151.416624 0.000000 0.000000    -0.092030     1.575263 
2455153.130752 0.000000 0.000000    -0.069322     1.575257 
2455154.844880 0.000000 0.000000    -0.056473     1.575253 
2455156.559008 0.000000 0.000000    -0.051985     1.575250 
2455158.273136 0.000000 0.000000    -0.052944     1.575248 
2455159.987264 0.000000 0.000000    -0.056862     1.575249 
2455161.701392 0.000000 0.000000    -0.062771     1.575253 
2455163.415520 0.000000 0.000000    -0.071122     1.575256 
2455165.129647 0.000000 0.000000    -0.082720     1.575258 
2455166.843775 0.000000 0.000000    -0.097457     1.575258 
2455168.557903 0.000000 0.000000    -0.113621     1.575256 
2455170.272031 0.000000 0.000000    -0.128183     1.575254 
2455171.986159 0.000000 0.000000    -0.137817     1.575252 
2455173.700287 0.000000 0.000000    -0.140023     1.575253 
2455175.414415 0.000000 0.000000    -0.133729     1.575255 
2455177.128543 0.000000 0.000000    -0.119226     1.575259 
2455178.842671 0.000000 0.000000    -0.097777     1.575264 
2455180.556799 0.000000 0.000000    -0.071536     1.575272 
2455182.270927 0.000000 0.000000    -0.044131     1.575280 
2455183.985055 0.000000 0.000000    -0.021594     1.575286 
2455185.699183 0.000000 0.000000    -0.012744     1.575286 
2455187.413311 0.000000 0.000000    -0.027994     1.575269 
2455189.127438 0.000000 0.000000    -0.076227     1.575209 
2455190.841566 0.000000 0.000000    -0.160500     1.575054 
2455192.555694 0.000000 0.000000    -0.274405     1.574742 
2455194.269822 0.000000 0.000000    -0.401168     1.574254 
2455195.983950 0.000000 0.000000    -0.516720     1.573657 
2455197.698078 0.000000 0.000000    -0.596298     1.573087 
2455199.412206 0.000000 0.000000    -0.622326     1.572662 
2455201.126334 0.000000 0.000000    -0.590444     1.572404 
2455202.840462 0.000000 0.000000    -0.511060     1.572247 
2455204.554590 0.000000 0.000000    -0.405630     1.572126 
2455206.268718 0.000000 0.000000    -0.299173     1.572028 
2455207.982846 0.000000 0.000000    -0.212197     1.571968 
2455209.696974 0.000000 0.000000    -0.155334     1.571941 
2455211.411102 0.000000 0.000000    -0.128618     1.571919 
2455213.125229 0.000000 0.000000    -0.125016     1.571894 
2455214.839357 0.000000 0.000000    -0.135911     1.571883 
2455216.553485 0.000000 0.000000    -0.155557     1.571905 
2455218.267613 0.000000 0.000000    -0.182453     1.571950 
2455219.981741 0.000000 0.000000    -0.217499     1.571991 
2455221.695869 0.000000 0.000000    -0.260575     1.572007 
2455223.409997 0.000000 0.000000    -0.307899     1.571994 
2455225.124125 0.000000 0.000000    -0.351803     1.571963 
2455226.838253 0.000000 0.000000    -0.382951     1.571934 
2455228.552381 0.000000 0.000000    -0.393549     1.571921 
2455230.266509 0.000000 0.000000    -0.379677     1.571931 
2455231.980637 0.000000 0.000000    -0.341679     1.571962 
2455233.694765 0.000000 0.000000    -0.283055     1.572018 
2455235.408893 0.000000 0.000000    -0.209420     1.572111 
2455237.123020 0.000000 0.000000    -0.128953     1.572238 
2455238.837148 0.000000 0.000000    -0.054403     1.572376 
2455240.551276 0.000000 0.000000    -0.004942     1.572484 
2455242.265404 0.000000 0.000000    -0.005184     1.572517 
2455243.979532 0.000000 0.000000    -0.079580     1.572397 
2455245.693660 0.000000 0.000000    -0.242790     1.571942 
2455247.407788 0.000000 0.000000    -0.489590     1.570846 
2455249.121916 0.000000 0.000000    -0.789412     1.568821 
2455250.836044 0.000000 0.000000    -1.089678     1.565899 
2455252.550172 0.000000 0.000000    -1.328656     1.562604 
2455254.264300 0.000000 0.000000    -1.454051     1.559706 
2455255.978428 0.000000 0.000000    -1.440311     1.557690 
2455257.692556 0.000000 0.000000    -1.297430     1.556476 
2455259.406684 0.000000 0.000000    -1.067269     1.555685 
2455261.120811 0.000000 0.000000    -0.808755     1.555092 
2455262.834939 0.000000 0.000000    -0.578150     1.554723 
2455264.549067 0.000000 0.000000    -0.412565     1.554598 
2455266.263195 0.000000 0.000000    -0.323039     1.554567 
2455267.977323 0.000000 0.000000    -0.298729     1.554470 
2455269.691451 0.000000 0.000000    -0.318589     1.554335 
2455271.405579 0.000000 0.000000    -0.363870     1.554311 
2455273.119707 0.000000 0.000000    -0.425326     1.554457 
2455274.833835 0.000000 0.000000    -0.502550     1.554682 
2455276.547963 0.000000 0.000000    -0.597401     1.554847 
2455278.262091 0.000000 0.000000    -0.706396     1.554872 
2455279.976219 0.000000 0.000000    -0.816871     1.554762 
2455281.690347 0.000000 0.000000    -0.908953     1.554591 
2455283.404475 0.000000 0.000000    -0.961749     1.554458 
2455285.118602 0.000000 0.000000    -0.959977     1.554424 
2455286.832730 0.000000 0.000000    -0.897622     1.554498 
2455288.546858 0.000000 0.000000    -0.777791     1.554697 
2455290.260986 0.000000 0.000000    -0.610775     1.555081 
2455291.975114 0.000000 0.000000    -0.413399     1.555698 
2455293.689242 0.000000 0.000000    -0.211213     1.556482 
2455295.403370 0.000000 0.000000    -0.041737     1.557242 
2455297.117498 0.000000 0.000000     0.045669     1.557754 
2455298.831626 0.000000 0.000000    -0.002289     1.557827 
2455300.545754 0.000000 0.000000    -0.226365     1.557150 
2455302.259882 0.000000 0.000000    -0.634429     1.554982 
2455303.974010 0.000000 0.000000    -1.186330     1.550144 
2455305.688138 0.000000 0.000000    -1.793263     1.541755 
2455307.402266 0.000000 0.000000    -2.336021     1.530392 
2455309.116393 0.000000 0.000000    -2.698262     1.518443 
2455310.830521 0.000000 0.000000    -2.803202     1.508753 
2455312.544649 0.000000 0.000000    -2.639157     1.502562 
2455314.258777 0.000000 0.000000    -2.263004     1.499000 
2455315.972905 0.000000 0.000000    -1.779677     1.496669 
2455317.687033 0.000000 0.000000    -1.306083     1.495131 
2455319.401161 0.000000 0.000000    -0.934362     1.494582 
2455321.115289 0.000000 0.000000    -0.708998     1.494736 
2455322.829417 0.000000 0.000000    -0.625287     1.494780 
2455324.543545 0.000000 0.000000    -0.646555     1.494334 
2455326.257673 0.000000 0.000000    -0.729438     1.493826 
2455327.971801 0.000000 0.000000    -0.844286     1.493819 
2455329.685929 0.000000 0.000000    -0.982032     1.494330 
2455331.400057 0.000000 0.000000    -1.146916     1.494949 
2455333.114184 0.000000 0.000000    -1.341784     1.495295 
2455334.828312 0.000000 0.000000    -1.555554     1.495220 
2455336.542440 0.000000 0.000000    -1.759760     1.494789 
2455338.256568 0.000000 0.000000    -1.915110     1.494249 
2455339.970696 0.000000 0.000000    -1.983375     1.493891 
2455341.684824 0.000000 0.000000    -1.938063     1.493860 
2455343.398952 0.000000 0.000000    -1.769673     1.494195 
2455345.113080 0.000000 0.000000    -1.486009     1.495053 
2455346.827208 0.000000 0.000000    -1.111388     1.496694 
2455348.541336 0.000000 0.000000    -0.688245     1.499125 
2455350.255464 0.000000 0.000000    -0.280646     1.501857 
2455351.969592 0.000000 0.000000     0.025493     1.504111 
2455353.683720 0.000000 0.000000     0.132427     1.505276 
2455355.397848 0.000000 0.000000    -0.045779     1.505024 
2455357.111975 0.000000 0.000000    -0.550460     1.502636 
2455358.826103 0.000000 0.000000    -1.348823     1.495955 
2455360.540231 0.000000 0.000000    -2.323193     1.481554 
2455362.254359 0.000000 0.000000    -3.289628     1.457176 
2455363.968487 0.000000 0.000000    -4.044803     1.425092 
2455365.682615 0.000000 0.000000    -4.426708     1.392811 
2455367.396743 0.000000 0.000000    -4.366423     1.368515 
2455369.110871 0.000000 0.000000    -3.909878     1.354543 
2455370.824999 0.000000 0.000000    -3.200067     1.347128 
2455372.539127 0.000000 0.000000    -2.426661     1.342576 
2455374.253255 0.000000 0.000000    -1.763619     1.340604 
2455375.967383 0.000000 0.000000    -1.319710     1.341477 
2455377.681511 0.000000 0.000000    -1.119841     1.343137 
2455379.395639 0.000000 0.000000    -1.120409     1.343048 
2455381.109766 0.000000 0.000000    -1.246839     1.341198 
2455382.823894 0.000000 0.000000    -1.433266     1.339609 
2455384.538022 0.000000 0.000000    -1.646327     1.339557 
2455386.252150 0.000000 0.000000    -1.885332     1.340543 
2455387.966278 0.000000 0.000000    -2.163683     1.341551 
2455389.680406 0.000000 0.000000    -2.484757     1.342013 
2455391.394534 0.000000 0.000000    -2.825880     1.341683 
2455393.108662 0.000000 0.000000    -3.137435     1.340617 
2455394.822790 0.000000 0.000000    -3.355236     1.339365 
2455396.536918 0.000000 0.000000    -3.418287     1.338599 
2455398.251046 0.000000 0.000000    -3.283877     1.338632 
2455399.965174 0.000000 0.000000    -2.936487     1.339737 
2455401.679302 0.000000 0.000000    -2.392257     1.342588 
2455403.393430 0.000000 0.000000    -1.702706     1.347678 
2455405.107557 0.000000 0.000000    -0.958469     1.354287 
2455406.821685 0.000000 0.000000    -0.288499     1.360490 
2455408.535813 0.000000 0.000000     0.153179     1.364386 
2455410.249941 0.000000 0.000000     0.218407     1.365395 
2455411.964069 0.000000 0.000000    -0.189903     1.364139 
2455413.678197 0.000000 0.000000    -1.072456     1.359978 
2455415.392325 0.000000 0.000000    -2.308559     1.347867 
2455417.106453 0.000000 0.000000    -3.668474     1.318904 
2455418.820581 0.000000 0.000000    -4.867002     1.266364 
2455420.534709 0.000000 0.000000    -5.644169     1.193686 
2455422.248837 0.000000 0.000000    -5.844853     1.118503 
2455423.962965 0.000000 0.000000    -5.466606     1.063909 
2455425.677093 0.000000 0.000000    -4.656124     1.036791 
2455427.391221 0.000000 0.000000    -3.655454     1.025037 
2455429.105348 0.000000 0.000000    -2.719625     1.020251 
2455430.819476 0.000000 0.000000    -2.038467     1.023932 
2455432.533604 0.000000 0.000000    -1.691787     1.033695 
2455434.247732 0.000000 0.000000    -1.650976     1.039918 
2455435.961860 0.000000 0.000000    -1.819451     1.037128 
2455437.675988 0.000000 0.000000    -2.088987     1.029439 
2455439.390116 0.000000 0.000000    -2.385560     1.023754 
2455441.104244 0.000000 0.000000    -2.687161     1.021910 
2455442.818372 0.000000 0.000000    -3.011532     1.021947 
2455444.532500 0.000000 0.000000    -3.385691     1.022791 
2455446.246628 0.000000 0.000000    -3.815019     1.023959 
2455447.960756 0.000000 0.000000    -4.266193     1.023909 
2455449.674884 0.000000 0.000000    -4.668935     1.021744 
2455451.389012 0.000000 0.000000    -4.932380     1.018734 
2455453.103139 0.000000 0.000000    -4.967586     1.016679 
2455454.817267 0.000000 0.000000    -4.709131     1.016583 
2455456.531395 0.000000 0.000000    -4.132965     1.019894 
2455458.245523 0.000000 0.000000    -3.270497     1.028516 
2455459.959651 0.000000 0.000000    -2.217846     1.041853 
2455461.673779 0.000000 0.000000    -1.135433     1.055458 
2455463.387907 0.000000 0.000000    -0.230537     1.063831 
2455465.102035 0.000000 0.000000     0.281865     1.064654 
2455466.816163 0.000000 0.000000     0.235909     1.061976 
2455468.530291 0.000000 0.000000    -0.426123     1.064922 
2455470.244419 0.000000 0.000000    -1.615436     1.077094 
2455471.958547 0.000000 0.000000    -3.099726     1.085678 
2455473.672675 0.000000 0.000000    -4.555126     1.067588 
2455475.386803 0.000000 0.000000    -5.655073     1.005037 
2455477.100930 0.000000 0.000000    -6.166914     0.895582 
2455478.815058 0.000000 0.000000    -6.020980     0.758323 
2455480.529186 0.000000 0.000000    -5.325793     0.639050 
2455482.243314 0.000000 0.000000    -4.323813     0.579166 
2455483.957442 0.000000 0.000000    -3.305736     0.561906 
2455485.671570 0.000000 0.000000    -2.517067     0.579041 
2455487.385698 0.000000 0.000000    -2.091779     0.629784 
2455489.099826 0.000000 0.000000    -2.034286     0.674707 
2455490.813954 0.000000 0.000000    -2.249636     0.685247 
2455492.528082 0.000000 0.000000    -2.602737     0.663413 
2455494.242210 0.000000 0.000000    -2.978664     0.630723 
2455495.956338 0.000000 0.000000    -3.320279     0.606411 
2455497.670466 0.000000 0.000000    -3.632798     0.591456 
2455499.384594 0.000000 0.000000    -3.960150     0.583937 
2455501.098721 0.000000 0.000000    -4.348156     0.587775 
2455502.812849 0.000000 0.000000    -4.811224     0.596875 
2455504.526977 0.000000 0.000000    -5.314098     0.598270 
2455506.241105 0.000000 0.000000    -5.772344     0.589145 
2455507.955233 0.000000 0.000000    -6.069083     0.576553 
2455509.669361 0.000000 0.000000    -6.082741     0.566636 
2455511.383489 0.000000 0.000000    -5.720308     0.564958 
2455513.097617 0.000000 0.000000    -4.950290     0.582154 
2455514.811745 0.000000 0.000000    -3.828016     0.619237 
2455516.525873 0.000000 0.000000    -2.504104     0.658430 
2455518.240001 0.000000 0.000000    -1.207515     0.679819 
2455519.954129 0.000000 0.000000    -0.200155     0.671903 
2455521.668257 0.000000 0.000000     0.289817     0.639409 
2455523.382385 0.000000 0.000000     0.137779     0.633415 
2455525.096512 0.000000 0.000000    -0.628972     0.722951 
2455526.810640 0.000000 0.000000    -1.825423     0.859257 
2455528.524768 0.000000 0.000000    -3.153531     0.973752 
2455530.238896 0.000000 0.000000    -4.286351     1.040626 
2455531.953024 0.000000 0.000000    -4.964229     1.057598 
2455533.667152 0.000000 0.000000    -5.069393     1.036175 
2455535.381280 0.000000 0.000000    -4.652660     0.994518 
2455537.095408 0.000000 0.000000    -3.904145     0.947770 
2455538.809536 0.000000 0.000000    -3.081199     0.903924 
2455540.523664 0.000000 0.000000    -2.422027     0.870937 
2455542.237792 0.000000 0.000000    -2.076530     0.857949 
2455543.951920 0.000000 0.000000    -2.076356     0.861322 
2455545.666048 0.000000 0.000000    -2.349017     0.865187 
2455547.380176 0.000000 0.000000    -2.764158     0.860682 
2455549.094303 0.000000 0.000000    -3.190388     0.853169 
2455550.808431 0.000000 0.000000    -3.541098     0.852527 
2455552.522559 0.000000 0.000000    -3.795672     0.861283 
2455554.236687 0.000000 0.000000    -3.993402     0.874034 
2455555.950815 0.000000 0.000000    -4.206633     0.883513 
2455557.664943 0.000000 0.000000    -4.504372     0.884443 
2455559.379071 0.000000 0.000000    -4.918022     0.876454 
2455561.093199 0.000000 0.000000    -5.418777     0.865408 
2455562.807327 0.000000 0.000000    -5.913160     0.858487 
2455564.521455 0.000000 0.000000    -6.259693     0.856959 
2455566.235583 0.000000 0.000000    -6.305141     0.858699 
2455567.949711 0.000000 0.000000    -5.932920     0.867131 
2455569.663839 0.000000 0.000000    -5.110291     0.890119 
2455571.377967 0.000000 0.000000    -3.917663     0.928180 
2455573.092094 0.000000 0.000000    -2.545662     0.970711 
2455574.806222 0.000000 0.000000    -1.254763     1.004660 
2455576.520350 0.000000 0.000000    -0.305881     1.022597 
2455578.234478 0.000000 0.000000     0.116879     1.027303 
2455579.948606 0.000000 0.000000    -0.035784     1.034006 
2455581.662734 0.000000 0.000000    -0.661915     1.061861 
2455583.376862 0.000000 0.000000    -1.541160     1.113015 
2455585.090990 0.000000 0.000000    -2.406008     1.168418 
2455586.805118 0.000000 0.000000    -3.025755     1.206375 
2455588.519246 0.000000 0.000000    -3.273118     1.214068 
2455590.233374 0.000000 0.000000    -3.151254     1.186980 
2455591.947502 0.000000 0.000000    -2.775301     1.126266 
2455593.661630 0.000000 0.000000    -2.319928     1.039341 
2455595.375758 0.000000 0.000000    -1.955508     0.943946 
2455597.089885 0.000000 0.000000    -1.796320     0.868821 
2455598.804013 0.000000 0.000000    -1.875887     0.833978 
2455600.518141 0.000000 0.000000    -2.152082     0.826714 
2455602.232269 0.000000 0.000000    -2.534057     0.823511 
2455603.946397 0.000000 0.000000    -2.918121     0.818603 
2455605.660525 0.000000 0.000000    -3.220751     0.822944 
2455607.374653 0.000000 0.000000    -3.401253     0.847850 
2455609.088781 0.000000 0.000000    -3.470866     0.887828 
2455610.802909 0.000000 0.000000    -3.487621     0.922851 
2455612.517037 0.000000 0.000000    -3.537501     0.935139 
2455614.231165 0.000000 0.000000    -3.704389     0.920492 
2455615.945293 0.000000 0.000000    -4.035003     0.891262 
2455617.659421 0.000000 0.000000    -4.509483     0.868670 
2455619.373549 0.000000 0.000000    -5.030483     0.862323 
2455621.087676 0.000000 0.000000    -5.440313     0.864336 
2455622.801804 0.000000 0.000000    -5.566213     0.873117 
2455624.515932 0.000000 0.000000    -5.281218     0.905908 
2455626.230060 0.000000 0.000000    -4.558334     0.974462 
2455627.944188 0.000000 0.000000    -3.494584     1.062925 
2455629.658316 0.000000 0.000000    -2.291325     1.145770 
2455631.372444 0.000000 0.000000    -1.194664     1.206625 
2455633.086572 0.000000 0.000000    -0.417340     1.240238 
2455634.800700 0.000000 0.000000    -0.072383     1.249568 
2455636.514828 0.000000 0.000000    -0.144520     1.242663 
2455638.228956 0.000000 0.000000    -0.509166     1.229266 
2455639.943084 0.000000 0.000000    -0.988438     1.217491 
2455641.657212 0.000000 0.000000    -1.418690     1.210564 
2455643.371340 0.000000 0.000000    -1.701483     1.203559 
2455645.085467 0.000000 0.000000    -1.820232     1.183310 
2455646.799595 0.000000 0.000000    -1.822191     1.134158 
2455648.513723 0.000000 0.000000    -1.780733     1.045801 
2455650.227851 0.000000 0.000000    -1.758787     0.918986 
2455651.941979 0.000000 0.000000    -1.788997     0.770456 
2455653.656107 0.000000 0.000000    -1.873999     0.641431 
2455655.370235 0.000000 0.000000    -1.998905     0.582148 
2455657.084363 0.000000 0.000000    -2.143836     0.573323 
2455658.798491 0.000000 0.000000    -2.288665     0.566974 
2455660.512619 0.000000 0.000000    -2.410989     0.568649 
2455662.226747 0.000000 0.000000    -2.485038     0.614548 
2455663.940875 0.000000 0.000000    -2.488955     0.697351 
2455665.655003 0.000000 0.000000    -2.420609     0.771664 
2455667.369131 0.000000 0.000000    -2.312878     0.805627 
2455669.083258 0.000000 0.000000    -2.235118     0.788305 
2455670.797386 0.000000 0.000000    -2.272352     0.730798 
2455672.511514 0.000000 0.000000    -2.486137     0.673866 
2455674.225642 0.000000 0.000000    -2.874070     0.661903 
2455675.939770 0.000000 0.000000    -3.350344     0.673726 
2455677.653898 0.000000 0.000000    -3.762741     0.674814 
2455679.368026 0.000000 0.000000    -3.944479     0.696389 
2455681.082154 0.000000 0.000000    -3.780694     0.791924 
2455682.796282 0.000000 0.000000    -3.259510     0.930106 
2455684.510410 0.000000 0.000000    -2.482789     1.057966 
2455686.224538 0.000000 0.000000    -1.630026     1.152864 
2455687.938666 0.000000 0.000000    -0.891415     1.210407 
2455689.652794 0.000000 0.000000    -0.400872     1.233757 
2455691.366922 0.000000 0.000000    -0.199004     1.227808 
2455693.081049 0.000000 0.000000    -0.239892     1.196376 
2455694.795177 0.000000 0.000000    -0.432946     1.144109 
2455696.509305 0.000000 0.000000    -0.694196     1.082707 
2455698.223433 0.000000 0.000000    -0.979193     1.033310 
2455699.937561 0.000000 0.000000    -1.282808     1.010924 
2455701.651689 0.000000 0.000000    -1.611782     1.003736 
2455703.365817 0.000000 0.000000    -1.951717     0.986153 
2455705.079945 0.000000 0.000000    -2.252439     0.944369 
2455706.794073 0.000000 0.000000    -2.443079     0.881349 
2455708.508201 0.000000 0.000000    -2.468774     0.807757 
2455710.222329 0.000000 0.000000    -2.326231     0.730995 
2455711.936457 0.000000 0.000000    -2.074635     0.654919 
2455713.650585 0.000000 0.000000    -1.812215     0.594836 
2455715.364713 0.000000 0.000000    -1.629281     0.582822 
2455717.078840 0.000000 0.000000    -1.563459     0.624832 
2455718.792968 0.000000 0.000000    -1.583050     0.688133 
2455720.507096 0.000000 0.000000    -1.609181     0.742191 
2455722.221224 0.000000 0.000000    -1.565277     0.765684 
2455723.935352 0.000000 0.000000    -1.426015     0.745447 
2455725.649480 0.000000 0.000000    -1.237214     0.685225 
2455727.363608 0.000000 0.000000    -1.093938     0.627697 
2455729.077736 0.000000 0.000000    -1.087672     0.640514 
2455730.791864 0.000000 0.000000    -1.251505     0.694543 
2455732.505992 0.000000 0.000000    -1.534203     0.727930 
2455734.220120 0.000000 0.000000    -1.818648     0.740928 
2455735.934248 0.000000 0.000000    -1.975727     0.776317 
2455737.648376 0.000000 0.000000    -1.925358     0.852739 
2455739.362504 0.000000 0.000000    -1.672633     0.936008 
2455741.076631 0.000000 0.000000    -1.301311     0.994338 
2455742.790759 0.000000 0.000000    -0.930564     1.020128 
2455744.504887 0.000000 0.000000    -0.660532     1.021189 
2455746.219015 0.000000 0.000000    -0.536646     1.007592 
2455747.933143 0.000000 0.000000    -0.549657     0.980421 
2455749.647271 0.000000 0.000000    -0.665994     0.932075 
2455751.361399 0.000000 0.000000    -0.864872     0.859062 
2455753.075527 0.000000 0.000000    -1.155489     0.778600 
2455754.789655 0.000000 0.000000    -1.561525     0.735500 
2455756.503783 0.000000 0.000000    -2.082529     0.753426 
2455758.217911 0.000000 0.000000    -2.658941     0.795371 
2455759.932039 0.000000 0.000000    -3.168332     0.828387 
2455761.646167 0.000000 0.000000    -3.463594     0.844480 
2455763.360295 0.000000 0.000000    -3.438473     0.840707 
2455765.074422 0.000000 0.000000    -3.086812     0.811417 
2455766.788550 0.000000 0.000000    -2.521077     0.757431 
2455768.502678 0.000000 0.000000    -1.934806     0.701593 
2455770.216806 0.000000 0.000000    -1.522929     0.684126 
2455771.930934 0.000000 0.000000    -1.397354     0.705691 
2455773.645062 0.000000 0.000000    -1.539554     0.727028 
2455775.359190 0.000000 0.000000    -1.814052     0.729566 
2455777.073318 0.000000 0.000000    -2.035954     0.718178 
2455778.787446 0.000000 0.000000    -2.058415     0.698134 
2455780.501574 0.000000 0.000000    -1.836745     0.667367 
2455782.215702 0.000000 0.000000    -1.439391     0.636225 
2455783.929830 0.000000 0.000000    -1.004477     0.638651 
2455785.643958 0.000000 0.000000    -0.668308     0.680536 
2455787.358086 0.000000 0.000000    -0.504349     0.727028 
2455789.072213 0.000000 0.000000    -0.502137     0.767208 
2455790.786341 0.000000 0.000000    -0.591455     0.819855 
2455792.500469 0.000000 0.000000    -0.692304     0.888936 
2455794.214597 0.000000 0.000000    -0.759542     0.946690 
2455795.928725 0.000000 0.000000    -0.798160     0.963687 
2455797.642853 0.000000 0.000000    -0.845476     0.927341 
2455799.356981 0.000000 0.000000    -0.937079     0.844349 
2455801.071109 0.000000 0.000000    -1.081695     0.743360 
2455802.785237 0.000000 0.000000    -1.261723     0.671392 
2455804.499365 0.000000 0.000000    -1.457065     0.646979 
2455806.213493 0.000000 0.000000    -1.672624     0.637955 
2455807.927621 0.000000 0.000000    -1.945952     0.627917 
2455809.641749 0.000000 0.000000    -2.323962     0.627014 
2455811.355877 0.000000 0.000000    -2.819114     0.634642 
2455813.070004 0.000000 0.000000    -3.372376     0.637072 
2455814.784132 0.000000 0.000000    -3.851238     0.637798 
2455816.498260 0.000000 0.000000    -4.093704     0.659089 
2455818.212388 0.000000 0.000000    -3.982581     0.701461 
2455819.926516 0.000000 0.000000    -3.513662     0.738486 
2455821.640644 0.000000 0.000000    -2.819448     0.758151 
2455823.354772 0.000000 0.000000    -2.129663     0.777678 
2455825.068900 0.000000 0.000000    -1.681491     0.817379 
2455826.783028 0.000000 0.000000    -1.619474     0.862737 
2455828.497156 0.000000 0.000000    -1.932436     0.880263 
2455830.211284 0.000000 0.000000    -2.458023     0.850054 
2455831.925412 0.000000 0.000000    -2.952851     0.774529 
2455833.639540 0.000000 0.000000    -3.194765     0.680866 
2455835.353668 0.000000 0.000000    -3.069590     0.616884 
2455837.067795 0.000000 0.000000    -2.604773     0.603220 
2455838.781923 0.000000 0.000000    -1.940356     0.611130 
2455840.496051 0.000000 0.000000    -1.258301     0.621022 
2455842.210179 0.000000 0.000000    -0.708412     0.631493 
2455843.924307 0.000000 0.000000    -0.365121     0.659217 
2455845.638435 0.000000 0.000000    -0.228324     0.736126 
2455847.352563 0.000000 0.000000    -0.256499     0.852514 
2455849.066691 0.000000 0.000000    -0.405527     0.962582 
2455850.780819 0.000000 0.000000    -0.649299     1.033977 
2455852.494947 0.000000 0.000000    -0.974562     1.056174 
2455854.209075 0.000000 0.000000    -1.361309     1.036672 
2455855.923203 0.000000 0.000000    -1.769076     0.997074 
2455857.637331 0.000000 0.000000    -2.143675     0.962319 
2455859.351459 0.000000 0.000000    -2.442509     0.942117 
2455861.065586 0.000000 0.000000    -2.661115     0.926830 
2455862.779714 0.000000 0.000000    -2.839620     0.904120 
2455864.493842 0.000000 0.000000    -3.038964     0.869104 
2455866.207970 0.000000 0.000000    -3.296558     0.821789 
2455867.922098 0.000000 0.000000    -3.587191     0.764498 
2455869.636226 0.000000 0.000000    -3.816353     0.706254 
2455871.350354 0.000000 0.000000    -3.857312     0.667261 
2455873.064482 0.000000 0.000000    -3.618103     0.661391 
2455874.778610 0.000000 0.000000    -3.104592     0.674588 
2455876.492738 0.000000 0.000000    -2.443182     0.695858 
2455878.206866 0.000000 0.000000    -1.844788     0.745326 
2455879.920994 0.000000 0.000000    -1.521568     0.835000 
2455881.635122 0.000000 0.000000    -1.593899     0.933941 
2455883.349250 0.000000 0.000000    -2.032503     1.004866 
2455885.063377 0.000000 0.000000    -2.664976     1.029051 
2455886.777505 0.000000 0.000000    -3.244776     1.007384 
2455888.491633 0.000000 0.000000    -3.550399     0.959451 
2455890.205761 0.000000 0.000000    -3.468779     0.918238 
2455891.919889 0.000000 0.000000    -3.026746     0.907284 
2455893.634017 0.000000 0.000000    -2.361713     0.920092 
2455895.348145 0.000000 0.000000    -1.652655     0.938299 
2455897.062273 0.000000 0.000000    -1.049018     0.951936 
2455898.776401 0.000000 0.000000    -0.630744     0.959545 
2455900.490529 0.000000 0.000000    -0.411187     0.966952 
2455902.204657 0.000000 0.000000    -0.369684     0.985538 
2455903.918785 0.000000 0.000000    -0.486330     1.020071 
2455905.632913 0.000000 0.000000    -0.755266     1.059338 
2455907.347041 0.000000 0.000000    -1.170890     1.086845 
2455909.061168 0.000000 0.000000    -1.701519     1.095285 
2455910.775296 0.000000 0.000000    -2.274348     1.089371 
2455912.489424 0.000000 0.000000    -2.788270     1.078990 
2455914.203552 0.000000 0.000000    -3.151924     1.069532 
2455915.917680 0.000000 0.000000    -3.325718     1.058716 
2455917.631808 0.000000 0.000000    -3.340825     1.042035 
2455919.345936 0.000000 0.000000    -3.279875     1.018269 
2455921.060064 0.000000 0.000000    -3.226931     0.990143 
2455922.774192 0.000000 0.000000    -3.214598     0.962980 
2455924.488320 0.000000 0.000000    -3.200868     0.943905 
2455926.202448 0.000000 0.000000    -3.093210     0.939133 
2455927.916576 0.000000 0.000000    -2.810232     0.947799 
2455929.630704 0.000000 0.000000    -2.347291     0.960279 
2455931.344831 0.000000 0.000000    -1.806461     0.966677 
2455933.058959 0.000000 0.000000    -1.367980     0.967320 
2455934.773087 0.000000 0.000000    -1.211791     0.974962 
2455936.487215 0.000000 0.000000    -1.426731     1.001543 
2455938.201343 0.000000 0.000000    -1.954927     1.040358 
2455939.915471 0.000000 0.000000    -2.603239     1.071426 
2455941.629599 0.000000 0.000000    -3.119875     1.080994 
2455943.343727 0.000000 0.000000    -3.300374     1.071668 
2455945.057855 0.000000 0.000000    -3.071582     1.061162 
2455946.771983 0.000000 0.000000    -2.513608     1.068954 
2455948.486111 0.000000 0.000000    -1.812058     1.097801 
2455950.200239 0.000000 0.000000    -1.168490     1.134654 
2455951.914367 0.000000 0.000000    -0.716736     1.166488 
2455953.628495 0.000000 0.000000    -0.486116     1.186083 
2455955.342622 0.000000 0.000000    -0.424181     1.188480 
2455957.056750 0.000000 0.000000    -0.457871     1.169017 
2455958.770878 0.000000 0.000000    -0.552126     1.125990 
2455960.485006 0.000000 0.000000    -0.729868     1.064737 
2455962.199134 0.000000 0.000000    -1.043191     0.999178 
2455963.913262 0.000000 0.000000    -1.516884     0.947209 
2455965.627390 0.000000 0.000000    -2.103147     0.919327 
2455967.341518 0.000000 0.000000    -2.679998     0.911459 
2455969.055646 0.000000 0.000000    -3.099050     0.911626 
2455970.769774 0.000000 0.000000    -3.257218     0.910023 
2455972.483902 0.000000 0.000000    -3.150246     0.904529 
2455974.198030 0.000000 0.000000    -2.874600     0.902717 
2455975.912158 0.000000 0.000000    -2.573700     0.916667 
2455977.626286 0.000000 0.000000    -2.357893     0.950314 
2455979.340413 0.000000 0.000000    -2.244839     0.995813 
2455981.054541 0.000000 0.000000    -2.157007     1.043744 
2455982.768669 0.000000 0.000000    -1.980367     1.089121 
2455984.482797 0.000000 0.000000    -1.651424     1.128041 
2455986.196925 0.000000 0.000000    -1.220250     1.153729 
2455987.911053 0.000000 0.000000    -0.847634     1.157578 
2455989.625181 0.000000 0.000000    -0.730511     1.133545 
2455991.339309 0.000000 0.000000    -0.991772     1.082742 
2455993.053437 0.000000 0.000000    -1.594550     1.016711 
2455994.767565 0.000000 0.000000    -2.332122     0.955937 
2455996.481693 0.000000 0.000000    -2.906254     0.917402 
2455998.195821 0.000000 0.000000    -3.059077     0.902289 
2455999.909949 0.000000 0.000000    -2.692971     0.908364 
2456001.624077 0.000000 0.000000    -1.916781     0.942974 
2456003.338204 0.000000 0.000000    -0.994033     1.005685 
2456005.052332 0.000000 0.000000    -0.219810     1.077785 
2456006.766460 0.000000 0.000000     0.210127     1.140263 
2456008.480588 0.000000 0.000000     0.271683     1.184919 
2456010.194716 0.000000 0.000000     0.092955     1.209057 
2456011.908844 0.000000 0.000000    -0.140029     1.207336 
2456013.622972 0.000000 0.000000    -0.295635     1.170646 
2456015.337100 0.000000 0.000000    -0.363222     1.091624 
2456017.051228 0.000000 0.000000    -0.439092     0.970798 
2456018.765356 0.000000 0.000000    -0.644884     0.821370 
2456020.479484 0.000000 0.000000    -1.030914     0.677918 
2456022.193612 0.000000 0.000000    -1.525014     0.601246 
2456023.907740 0.000000 0.000000    -1.959651     0.602584 
2456025.621868 0.000000 0.000000    -2.162748     0.618993 
2456027.335995 0.000000 0.000000    -2.058396     0.620890 
2456029.050123 0.000000 0.000000    -1.716062     0.621324 
2456030.764251 0.000000 0.000000    -1.315985     0.654839 
2456032.478379 0.000000 0.000000    -1.047864     0.731240 
2456034.192507 0.000000 0.000000    -1.000891     0.823982 
2456035.906635 0.000000 0.000000    -1.111066     0.912061 
2456037.620763 0.000000 0.000000    -1.200551     0.990127 
2456039.334891 0.000000 0.000000    -1.090445     1.057969 
2456041.049019 0.000000 0.000000    -0.723318     1.112007 
2456042.763147 0.000000 0.000000    -0.221897     1.143562 
2456044.477275 0.000000 0.000000     0.156948     1.141916 
2456046.191403 0.000000 0.000000     0.155328     1.098255 
2456047.905531 0.000000 0.000000    -0.334739     1.008956 
2456049.619659 0.000000 0.000000    -1.186885     0.878834 
2456051.333786 0.000000 0.000000    -2.074838     0.726712 
2456053.047914 0.000000 0.000000    -2.615362     0.599306 
2456054.762042 0.000000 0.000000    -2.549624     0.567699 
2456056.476170 0.000000 0.000000    -1.869609     0.628115 
2456058.190298 0.000000 0.000000    -0.823072     0.725372 
2456059.904426 0.000000 0.000000     0.206112     0.825669 
2456061.618554 0.000000 0.000000     0.879812     0.909946 
2456063.332682 0.000000 0.000000     1.055318     0.974370 
2456065.046810 0.000000 0.000000     0.827585     1.024802 
2456066.760938 0.000000 0.000000     0.448269     1.063562 
2456068.475066 0.000000 0.000000     0.172504     1.082211 
2456070.189194 0.000000 0.000000     0.121359     1.068022 
2456071.903322 0.000000 0.000000     0.234976     1.014009 
2456073.617450 0.000000 0.000000     0.336753     0.923646 
2456075.331577 0.000000 0.000000     0.264133     0.811647 
2456077.045705 0.000000 0.000000    -0.015982     0.704508 
2456078.759833 0.000000 0.000000    -0.378176     0.635350 
2456080.473961 0.000000 0.000000    -0.613818     0.614298 
2456082.188089 0.000000 0.000000    -0.564867     0.615899 
2456083.902217 0.000000 0.000000    -0.233376     0.620283 
2456085.616345 0.000000 0.000000     0.203878     0.629059 
2456087.330473 0.000000 0.000000     0.490800     0.649357 
2456089.044601 0.000000 0.000000     0.445910     0.680470 
2456090.758729 0.000000 0.000000     0.084438     0.719456 
2456092.472857 0.000000 0.000000    -0.368503     0.767793 
2456094.186985 0.000000 0.000000    -0.590960     0.825311 
2456095.901113 0.000000 0.000000    -0.347343     0.885329 
2456097.615241 0.000000 0.000000     0.359209     0.938635 
2456099.329368 0.000000 0.000000     1.255432     0.977026 
2456101.043496 0.000000 0.000000     1.914767     0.993061 
2456102.757624 0.000000 0.000000     1.968272     0.980636 
2456104.471752 0.000000 0.000000     1.300649     0.938355 
2456106.185880 0.000000 0.000000     0.125824     0.873408 
2456107.900008 0.000000 0.000000    -1.102172     0.801906 
2456109.614136 0.000000 0.000000    -1.900393     0.741112 
2456111.328264 0.000000 0.000000    -1.982570     0.697989 
2456113.042392 0.000000 0.000000    -1.383777     0.672136 
2456114.756520 0.000000 0.000000    -0.423087     0.665836 
2456116.470648 0.000000 0.000000     0.470510     0.678582 
2456118.184776 0.000000 0.000000     0.972582     0.705303 
2456119.898904 0.000000 0.000000     1.004472     0.746188 
2456121.613032 0.000000 0.000000     0.732569     0.801390 
2456123.327159 0.000000 0.000000     0.437817     0.859475 
2456125.041287 0.000000 0.000000     0.338503     0.902874 
2456126.755415 0.000000 0.000000     0.470681     0.918475 
2456128.469543 0.000000 0.000000     0.691660     0.901060 
2456130.183671 0.000000 0.000000     0.796500     0.853706 
2456131.897799 0.000000 0.000000     0.670041     0.789958 
2456133.611927 0.000000 0.000000     0.376949     0.735002 
2456135.326055 0.000000 0.000000     0.131134     0.710031 
2456137.040183 0.000000 0.000000     0.160685     0.707617 
2456138.754311 0.000000 0.000000     0.550607     0.709269 
2456140.468439 0.000000 0.000000     1.163450     0.712779 
2456142.182567 0.000000 0.000000     1.695138     0.722890 
2456143.896695 0.000000 0.000000     1.843712     0.732917 
2456145.610823 0.000000 0.000000     1.498086     0.730847 
2456147.324950 0.000000 0.000000     0.834631     0.714976 
2456149.039078 0.000000 0.000000     0.255142     0.695352 
2456150.753206 0.000000 0.000000     0.186886     0.683205 
2456152.467334 0.000000 0.000000     0.845856     0.685926 
2456154.181462 0.000000 0.000000     2.091740     0.711630 
2456155.895590 0.000000 0.000000     3.460028     0.758916 
2456157.609718 0.000000 0.000000     4.364596     0.807232 
2456159.323846 0.000000 0.000000     4.372595     0.833194 
2456161.037974 0.000000 0.000000     3.412675     0.825023 
2456162.752102 0.000000 0.000000     1.810485     0.784410 
2456164.466230 0.000000 0.000000     0.134730     0.724632 
2456166.180358 0.000000 0.000000    -1.065339     0.667629 
2456167.894486 0.000000 0.000000    -1.496720     0.635874 
2456169.608614 0.000000 0.000000    -1.218186     0.639314 
2456171.322741 0.000000 0.000000    -0.557971     0.673452 
2456173.036869 0.000000 0.000000     0.088154     0.726101 
2456174.750997 0.000000 0.000000     0.461698     0.780112 
2456176.465125 0.000000 0.000000     0.540529     0.818986 
2456178.179253 0.000000 0.000000     0.491019     0.834147 
2456179.893381 0.000000 0.000000     0.518193     0.828454 
2456181.607509 0.000000 0.000000     0.714143     0.812721 
2456183.321637 0.000000 0.000000     0.998898     0.793650 
2456185.035765 0.000000 0.000000     1.186212     0.765892 
2456186.749893 0.000000 0.000000     1.127380     0.723945 
2456188.464021 0.000000 0.000000     0.836884     0.681134 
2456190.178149 0.000000 0.000000     0.513966     0.664274 
2456191.892277 0.000000 0.000000     0.438121     0.671218 
2456193.606405 0.000000 0.000000     0.796008     0.673757 
2456195.320532 0.000000 0.000000     1.544536     0.666517 
2456197.034660 0.000000 0.000000     2.400247     0.671800 
2456198.748788 0.000000 0.000000     2.974901     0.698037 
2456200.462916 0.000000 0.000000     2.990796     0.721618 
2456202.177044 0.000000 0.000000     2.456855     0.722139 
2456203.891172 0.000000 0.000000     1.700160     0.699443 
2456205.605300 0.000000 0.000000     1.222430     0.666611 
2456207.319428 0.000000 0.000000     1.446929     0.639256 
2456209.033556 0.000000 0.000000     2.485254     0.630135 
2456210.747684 0.000000 0.000000     4.048844     0.643722 
2456212.461812 0.000000 0.000000     5.557627     0.665964 
2456214.175940 0.000000 0.000000     6.396235     0.672554 
2456215.890068 0.000000 0.000000     6.191472     0.648770 
2456217.604196 0.000000 0.000000     4.974357     0.604970 
2456219.318323 0.000000 0.000000     3.151033     0.595312 
2456221.032451 0.000000 0.000000     1.305629     0.664843 
2456222.746579 0.000000 0.000000    -0.058766     0.767720 
2456224.460707 0.000000 0.000000    -0.710783     0.860777 
2456226.174835 0.000000 0.000000    -0.728237     0.934192 
2456227.888963 0.000000 0.000000    -0.384195     0.991928 
2456229.603091 0.000000 0.000000     0.037513     1.039051 
2456231.317219 0.000000 0.000000     0.388080     1.074516 
2456233.031347 0.000000 0.000000     0.685988     1.092044 
2456234.745475 0.000000 0.000000     1.034974     1.087372 
2456236.459603 0.000000 0.000000     1.495552     1.063975 
2456238.173731 0.000000 0.000000     2.001399     1.031850 
2456239.887859 0.000000 0.000000     2.378268     0.999998 
2456241.601987 0.000000 0.000000     2.454366     0.971375 
2456243.316114 0.000000 0.000000     2.189963     0.947435 
2456245.030242 0.000000 0.000000     1.737904     0.932371 
2456246.744370 0.000000 0.000000     1.386081     0.927127 
2456248.458498 0.000000 0.000000     1.404928     0.925998 
2456250.172626 0.000000 0.000000     1.884607     0.926363 
2456251.886754 0.000000 0.000000     2.660115     0.934755 
2456253.600882 0.000000 0.000000     3.377844     0.955630 
2456255.315010 0.000000 0.000000     3.677941     0.979864 
2456257.029138 0.000000 0.000000     3.397951     0.992862 
2456258.743266 0.000000 0.000000     2.684786     0.987653 
2456260.457394 0.000000 0.000000     1.946487     0.968059 
2456262.171522 0.000000 0.000000     1.659800     0.945187 
2456263.885650 0.000000 0.000000     2.128251     0.931503 
2456265.599778 0.000000 0.000000     3.314931     0.932917 
2456267.313905 0.000000 0.000000     4.837701     0.943291 
2456269.028033 0.000000 0.000000     6.131440     0.949355 
2456270.742161 0.000000 0.000000     6.696696     0.942425 
2456272.456289 0.000000 0.000000     6.312232     0.927682 
2456274.170417 0.000000 0.000000     5.111446     0.926204 
2456275.884545 0.000000 0.000000     3.495747     0.959691 
2456277.598673 0.000000 0.000000     1.940860     1.024668 
2456279.312801 0.000000 0.000000     0.800407     1.097451 
2456281.026929 0.000000 0.000000     0.201326     1.158301 
2456282.741057 0.000000 0.000000     0.066908     1.200298 
2456284.455185 0.000000 0.000000     0.231078     1.226827 
2456286.169313 0.000000 0.000000     0.562844     1.244793 
2456287.883441 0.000000 0.000000     1.025678     1.256659 
2456289.597569 0.000000 0.000000     1.645845     1.257751 
2456291.311696 0.000000 0.000000     2.424550     1.241614 
2456293.025824 0.000000 0.000000     3.264120     1.207389 
2456294.739952 0.000000 0.000000     3.967615     1.163039 
2456296.454080 0.000000 0.000000     4.322076     1.122251 
2456298.168208 0.000000 0.000000     4.218807     1.095361 
2456299.882336 0.000000 0.000000     3.735083     1.081477 
2456301.596464 0.000000 0.000000     3.119179     1.072374 
2456303.310592 0.000000 0.000000     2.675534     1.064138 
2456305.024720 0.000000 0.000000     2.607254     1.063292 
2456306.738848 0.000000 0.000000     2.903097     1.080302 
2456308.452976 0.000000 0.000000     3.336478     1.115285 
2456310.167104 0.000000 0.000000     3.584246     1.154720 
2456311.881232 0.000000 0.000000     3.405972     1.182739 
2456313.595360 0.000000 0.000000     2.788057     1.190139 
2456315.309487 0.000000 0.000000     1.972553     1.175928 
2456317.023615 0.000000 0.000000     1.350538     1.146499 
2456318.737743 0.000000 0.000000     1.271977     1.114502 
2456320.451871 0.000000 0.000000     1.868833     1.094103 
2456322.165999 0.000000 0.000000     2.981620     1.090801 
2456323.880127 0.000000 0.000000     4.225499     1.096773 
2456325.594255 0.000000 0.000000     5.160179     1.100560 
2456327.308383 0.000000 0.000000     5.476978     1.099193 
2456329.022511 0.000000 0.000000     5.112718     1.101434 
2456330.736639 0.000000 0.000000     4.243359     1.120585 
2456332.450767 0.000000 0.000000     3.174850     1.160498 
2456334.164895 0.000000 0.000000     2.198639     1.209462 
2456335.879023 0.000000 0.000000     1.488615     1.249533 
2456337.593151 0.000000 0.000000     1.083173     1.268475 
2456339.307278 0.000000 0.000000     0.942357     1.265762 
2456341.021406 0.000000 0.000000     1.028044     1.252706 
2456342.735534 0.000000 0.000000     1.348332     1.244241 
2456344.449662 0.000000 0.000000     1.937447     1.243559 
2456346.163790 0.000000 0.000000     2.789177     1.236724 
2456347.877918 0.000000 0.000000     3.795549     1.205846 
2456349.592046 0.000000 0.000000     4.742118     1.144589 
2456351.306174 0.000000 0.000000     5.376876     1.066346 
2456353.020302 0.000000 0.000000     5.522309     1.002448 
2456354.734430 0.000000 0.000000     5.168692     0.975239 
2456356.448558 0.000000 0.000000     4.491321     0.968488 
2456358.162686 0.000000 0.000000     3.774007     0.955993 
2456359.876814 0.000000 0.000000     3.273641     0.941690 
2456361.590942 0.000000 0.000000     3.095952     0.956976 
2456363.305069 0.000000 0.000000     3.149536     1.014521 
2456365.019197 0.000000 0.000000     3.204551     1.086755 
2456366.733325 0.000000 0.000000     3.026104     1.143378 
2456368.447453 0.000000 0.000000     2.511502     1.170469 
2456370.161581 0.000000 0.000000     1.757920     1.165000 
2456371.875709 0.000000 0.000000     1.024199     1.129275 
2456373.589837 0.000000 0.000000     0.606878     1.071431 
2456375.303965 0.000000 0.000000     0.695434     1.009105 
2456377.018093 0.000000 0.000000     1.280925     0.966109 
2456378.732221 0.000000 0.000000     2.162018     0.953053 
2456380.446349 0.000000 0.000000     3.040207     0.957340 
2456382.160477 0.000000 0.000000     3.651141     0.965443 
2456383.874605 0.000000 0.000000     3.864862     0.980834 
2456385.588733 0.000000 0.000000     3.710385     1.016123 
2456387.302860 0.000000 0.000000     3.324333     1.073072 
2456389.016988 0.000000 0.000000     2.863425     1.136056 
2456390.731116 0.000000 0.000000     2.434399     1.183275 
2456392.445244 0.000000 0.000000     2.076731     1.197315 
2456394.159372 0.000000 0.000000     1.796490     1.170574 
2456395.873500 0.000000 0.000000     1.617065     1.111324 
2456397.587628 0.000000 0.000000     1.603993     1.051335 
2456399.301756 0.000000 0.000000     1.840892     1.033351 
2456401.015884 0.000000 0.000000     2.368456     1.057073 
2456402.730012 0.000000 0.000000     3.126382     1.074941 
2456404.444140 0.000000 0.000000     3.941152     1.048367 
2456406.158268 0.000000 0.000000     4.578024     0.966719 
2456407.872396 0.000000 0.000000     4.837538     0.847925 
2456409.586524 0.000000 0.000000     4.647913     0.748052 
2456411.300651 0.000000 0.000000     4.102543     0.721431 
2456413.014779 0.000000 0.000000     3.418926     0.722091 
2456414.728907 0.000000 0.000000     2.837036     0.696987 
2456416.443035 0.000000 0.000000     2.508204     0.676604 
2456418.157163 0.000000 0.000000     2.431323     0.730282 
2456419.871291 0.000000 0.000000     2.468240     0.827340 
2456421.585419 0.000000 0.000000     2.428228     0.904633 
2456423.299547 0.000000 0.000000     2.175524     0.942413 
2456425.013675 0.000000 0.000000     1.703390     0.943237 
2456426.727803 0.000000 0.000000     1.138008     0.913262 
2456428.441931 0.000000 0.000000     0.673932     0.854692 
2456430.156059 0.000000 0.000000     0.478338     0.769010 
2456431.870187 0.000000 0.000000     0.614926     0.669340 
2456433.584315 0.000000 0.000000     1.023985     0.595054 
2456435.298442 0.000000 0.000000     1.562511     0.584052 
2456437.012570 0.000000 0.000000     2.076505     0.611376 
2456438.726698 0.000000 0.000000     2.464008     0.650831 
2456440.440826 0.000000 0.000000     2.698120     0.709508 
2456442.154954 0.000000 0.000000     2.805939     0.791451 
2456443.869082 0.000000 0.000000     2.825327     0.882845 
2456445.583210 0.000000 0.000000     2.771497     0.963137 
2456447.297338 0.000000 0.000000     2.634859     1.012440 
2456449.011466 0.000000 0.000000     2.408203     1.014121 
2456450.725594 0.000000 0.000000     2.120464     0.958743 
2456452.439722 0.000000 0.000000     1.848984     0.855063 
2456454.153850 0.000000 0.000000     1.695775     0.767372 
2456455.867978 0.000000 0.000000     1.736986     0.806372 
2456457.582106 0.000000 0.000000     1.974006     0.912465 
2456459.296233 0.000000 0.000000     2.317049     0.981492 
2456461.010361 0.000000 0.000000     2.615646     0.982383 
2456462.724489 0.000000 0.000000     2.724356     0.914671 
2456464.438617 0.000000 0.000000     2.571316     0.795536 
2456466.152745 0.000000 0.000000     2.194022     0.671236 
2456467.866873 0.000000 0.000000     1.723172     0.615617 
2456469.581001 0.000000 0.000000     1.322380     0.619338 
2456471.295129 0.000000 0.000000     1.114271     0.621699 
2456473.009257 0.000000 0.000000     1.129575     0.631074 
2456474.723385 0.000000 0.000000     1.302532     0.666826 
2456476.437513 0.000000 0.000000     1.511267     0.698561 
2456478.151641 0.000000 0.000000     1.639401     0.694170 
2456479.865769 0.000000 0.000000     1.626913     0.663706 
2456481.579897 0.000000 0.000000     1.487355     0.672242 
2456483.294024 0.000000 0.000000     1.288488     0.755452 
2456485.008152 0.000000 0.000000     1.112407     0.857233 
2456486.722280 0.000000 0.000000     1.018956     0.937661 
2456488.436408 0.000000 0.000000     1.029849     0.990155 
2456490.150536 0.000000 0.000000     1.135886     1.019576 
2456491.864664 0.000000 0.000000     1.315766     1.030922 
2456493.578792 0.000000 0.000000     1.550566     1.025040 
2456495.292920 0.000000 0.000000     1.824403     0.998930 
2456497.007048 0.000000 0.000000     2.113956     0.950661 
2456498.721176 0.000000 0.000000     2.378684     0.891031 
2456500.435304 0.000000 0.000000     2.563729     0.858158 
2456502.149432 0.000000 0.000000     2.618581     0.889424 
2456503.863560 0.000000 0.000000     2.522649     0.955409 
2456505.577688 0.000000 0.000000     2.302021     1.000927 
2456507.291815 0.000000 0.000000     2.024780     0.998147 
2456509.005943 0.000000 0.000000     1.773898     0.948440 
2456510.720071 0.000000 0.000000     1.610048     0.886619 
2456512.434199 0.000000 0.000000     1.543596     0.876282 
2456514.148327 0.000000 0.000000     1.531020     0.927566 
2456515.862455 0.000000 0.000000     1.498247     0.977618 
2456517.576583 0.000000 0.000000     1.379004     0.980553 
2456519.290711 0.000000 0.000000     1.148539     0.923433 
2456521.004839 0.000000 0.000000     0.836145     0.815163 
2456522.718967 0.000000 0.000000     0.511744     0.689383 
2456524.433095 0.000000 0.000000     0.255343     0.612230 
2456526.147223 0.000000 0.000000     0.125851     0.613720 
2456527.861351 0.000000 0.000000     0.143775     0.645269 
2456529.575479 0.000000 0.000000     0.292718     0.682240 
2456531.289606 0.000000 0.000000     0.533858     0.714470 
2456533.003734 0.000000 0.000000     0.822075     0.727642 
2456534.717862 0.000000 0.000000     1.114877     0.732266 
2456536.431990 0.000000 0.000000     1.373048     0.782253 
2456538.146118 0.000000 0.000000     1.559217     0.900576 
2456539.860246 0.000000 0.000000     1.641969     1.038759 
2456541.574374 0.000000 0.000000     1.607840     1.156425 
2456543.288502 0.000000 0.000000     1.475224     1.240393 
2456545.002630 0.000000 0.000000     1.299214     1.291870 
2456546.716758 0.000000 0.000000     1.158915     1.317223 
2456548.430886 0.000000 0.000000     1.128324     1.321884 
2456550.145014 0.000000 0.000000     1.242923     1.307232 
2456551.859142 0.000000 0.000000     1.479514     1.272015 
2456553.573270 0.000000 0.000000     1.762207     1.218557 
2456555.287397 0.000000 0.000000     1.994493     1.161471 
2456557.001525 0.000000 0.000000     2.102875     1.129342 
2456558.715653 0.000000 0.000000     2.070033     1.139988 
2456560.429781 0.000000 0.000000     1.939963     1.171925 
2456562.143909 0.000000 0.000000     1.791936     1.185668 
2456563.858037 0.000000 0.000000     1.696903     1.154770 
2456565.572165 0.000000 0.000000     1.679586     1.073929 
2456567.286293 0.000000 0.000000     1.706360     0.967238 
2456569.000421 0.000000 0.000000     1.704838     0.905882 
2456570.714549 0.000000 0.000000     1.603705     0.943974 
2456572.428677 0.000000 0.000000     1.370662     1.017366 
2456574.142805 0.000000 0.000000     1.028355     1.058987 
2456575.856933 0.000000 0.000000     0.641363     1.051325 
2456577.571061 0.000000 0.000000     0.283915     1.001441 
2456579.285188 0.000000 0.000000     0.008170     0.923718 
2456580.999316 0.000000 0.000000    -0.169158     0.828902 
2456582.713444 0.000000 0.000000    -0.256696     0.722661 
2456584.427572 0.000000 0.000000    -0.264995     0.622983 
2456586.141700 0.000000 0.000000    -0.188291     0.577318 
2456587.855828 0.000000 0.000000    -0.006006     0.598506 
2456589.569956 0.000000 0.000000     0.295244     0.654513 
2456591.284084 0.000000 0.000000     0.693502     0.756989 
2456592.998212 0.000000 0.000000     1.118079     0.904975 
2456594.712340 0.000000 0.000000     1.464996     1.061298 
2456596.426468 0.000000 0.000000     1.638399     1.196443 
2456598.140596 0.000000 0.000000     1.597881     1.298850 
2456599.854724 0.000000 0.000000     1.384948     1.368855 
2456601.568852 0.000000 0.000000     1.110642     1.412452 
2456603.282979 0.000000 0.000000     0.906747     1.436059 
2456604.997107 0.000000 0.000000     0.863787     1.443357 
2456606.711235 0.000000 0.000000     0.988142     1.435572 
2456608.425363 0.000000 0.000000     1.201988     1.414600 
2456610.139491 0.000000 0.000000     1.387384     1.386422 
2456611.853619 0.000000 0.000000     1.451677     1.361237 
2456613.567747 0.000000 0.000000     1.379010     1.347394 
2456615.281875 0.000000 0.000000     1.239517     1.342550 
2456616.996003 0.000000 0.000000     1.150440     1.332727 
2456618.710131 0.000000 0.000000     1.209727     1.301414 
2456620.424259 0.000000 0.000000     1.438057     1.240076 
2456622.138387 0.000000 0.000000     1.761003     1.157686 
2456623.852515 0.000000 0.000000     2.041362     1.091093 
2456625.566643 0.000000 0.000000     2.144570     1.089566 
2456627.280770 0.000000 0.000000     2.002432     1.148663 
2456628.994898 0.000000 0.000000     1.642095     1.215578 
2456630.709026 0.000000 0.000000     1.166842     1.253737 
2456632.423154 0.000000 0.000000     0.701837     1.252278 
2456634.137282 0.000000 0.000000     0.336255     1.213425 
2456635.851410 0.000000 0.000000     0.093238     1.144645 
2456637.565538 0.000000 0.000000    -0.058737     1.058061 
2456639.279666 0.000000 0.000000    -0.164455     0.975746 
2456640.993794 0.000000 0.000000    -0.239231     0.927881 
2456642.707922 0.000000 0.000000    -0.253153     0.924473 
2456644.422050 0.000000 0.000000    -0.152864     0.943174 
2456646.136178 0.000000 0.000000     0.092924     0.967301 
2456647.850306 0.000000 0.000000     0.454182     1.004085 
2456649.564434 0.000000 0.000000     0.834472     1.064096 
2456651.278561 0.000000 0.000000     1.108252     1.140864 
2456652.992689 0.000000 0.000000     1.182779     1.219034 
2456654.706817 0.000000 0.000000     1.050006     1.288870 
2456656.420945 0.000000 0.000000     0.796848     1.347603 
2456658.135073 0.000000 0.000000     0.564247     1.394579 
2456659.849201 0.000000 0.000000     0.474619     1.428592 
2456661.563329 0.000000 0.000000     0.566730     1.448921 
2456663.277457 0.000000 0.000000     0.775042     1.457248 
2456664.991585 0.000000 0.000000     0.967214     1.457509 
2456666.705713 0.000000 0.000000     1.021128     1.453218 
2456668.419841 0.000000 0.000000     0.899636     1.444441 
2456670.133969 0.000000 0.000000     0.680631     1.427331 
2456671.848097 0.000000 0.000000     0.523205     1.396619 
2456673.562225 0.000000 0.000000     0.585382     1.348964 
2456675.276352 0.000000 0.000000     0.936162     1.286234 
2456676.990480 0.000000 0.000000     1.509095     1.220031 
2456678.704608 0.000000 0.000000     2.123456     1.175667 
2456680.418736 0.000000 0.000000     2.563499     1.180176 
2456682.132864 0.000000 0.000000     2.675587     1.230583 
2456683.846992 0.000000 0.000000     2.433910     1.294207 
2456685.561120 0.000000 0.000000     1.942854     1.340923 
2456687.275248 0.000000 0.000000     1.378100     1.356043 
2456688.989376 0.000000 0.000000     0.900382     1.336728 
2456690.703504 0.000000 0.000000     0.588190     1.287673 
2456692.417632 0.000000 0.000000     0.422386     1.220667 
2456694.131760 0.000000 0.000000     0.324909     1.157143 
2456695.845888 0.000000 0.000000     0.223430     1.124033 
2456697.560016 0.000000 0.000000     0.101100     1.131117 
2456699.274143 0.000000 0.000000     0.002194     1.157501 
2456700.988271 0.000000 0.000000    -0.007099     1.174283 
2456702.702399 0.000000 0.000000     0.104656     1.165080 
2456704.416527 0.000000 0.000000     0.298375     1.128225 
2456706.130655 0.000000 0.000000     0.475134     1.076006 
2456707.844783 0.000000 0.000000     0.529864     1.036924 
2456709.558911 0.000000 0.000000     0.416850     1.045543 
2456711.273039 0.000000 0.000000     0.186181     1.105981 
2456712.987167 0.000000 0.000000    -0.034568     1.186989 
2456714.701295 0.000000 0.000000    -0.107441     1.259619 
2456716.415423 0.000000 0.000000     0.036080     1.313091 
2456718.129551 0.000000 0.000000     0.348997     1.350441 
2456719.843679 0.000000 0.000000     0.686429     1.379815 
2456721.557807 0.000000 0.000000     0.881809     1.404924 
2456723.271934 0.000000 0.000000     0.842300     1.420147 
2456724.986062 0.000000 0.000000     0.610467     1.414244 
2456726.700190 0.000000 0.000000     0.354980     1.377667 
2456728.414318 0.000000 0.000000     0.290625     1.307218 
2456730.128446 0.000000 0.000000     0.566794     1.208210 
2456731.842574 0.000000 0.000000     1.182520     1.099587 
2456733.556702 0.000000 0.000000     1.973860     1.025595 
2456735.270830 0.000000 0.000000     2.682196     1.038440 
2456736.984958 0.000000 0.000000     3.069740     1.122594 
2456738.699086 0.000000 0.000000     3.024084     1.216683 
2456740.413214 0.000000 0.000000     2.600124     1.282988 
2456742.127342 0.000000 0.000000     1.981398     1.309178 
2456743.841470 0.000000 0.000000     1.385048     1.295602 
2456745.555598 0.000000 0.000000     0.962310     1.248736 
2456747.269725 0.000000 0.000000     0.745137     1.179720 
2456748.983853 0.000000 0.000000     0.661079     1.108136 
2456750.697981 0.000000 0.000000     0.599760     1.065512 
2456752.412109 0.000000 0.000000     0.487378     1.076514 
2456754.126237 0.000000 0.000000     0.325105     1.126275 
2456755.840365 0.000000 0.000000     0.172398     1.175929 
2456757.554493 0.000000 0.000000     0.091132     1.195183 
2456759.268621 0.000000 0.000000     0.090329     1.167460 
2456760.982749 0.000000 0.000000     0.109838     1.085865 
2456762.696877 0.000000 0.000000     0.055904     0.954906 
2456764.411005 0.000000 0.000000    -0.132364     0.812480 
2456766.125133 0.000000 0.000000    -0.428174     0.774566 
2456767.839261 0.000000 0.000000    -0.712056     0.868198 
2456769.553389 0.000000 0.000000    -0.826269     0.970261 
2456771.267516 0.000000 0.000000    -0.661811     1.038454 
2456772.981644 0.000000 0.000000    -0.228803     1.086519 
2456774.695772 0.000000 0.000000     0.333357     1.140333 
2456776.409900 0.000000 0.000000     0.817785     1.207697 
2456778.124028 0.000000 0.000000     1.054812     1.270357 
2456779.838156 0.000000 0.000000     1.004176     1.303389 
2456781.552284 0.000000 0.000000     0.782988     1.290574 
2456783.266412 0.000000 0.000000     0.610694     1.226407 
2456784.980540 0.000000 0.000000     0.696891     1.113018 
2456786.694668 0.000000 0.000000     1.129607     0.959853 
2456788.408796 0.000000 0.000000     1.822748     0.806967 
2456790.122924 0.000000 0.000000     2.550800     0.787325 
2456791.837052 0.000000 0.000000     3.053063     0.919245 
2456793.551180 0.000000 0.000000     3.153617     1.053656 
2456795.265307 0.000000 0.000000     2.836302     1.135201 
2456796.979435 0.000000 0.000000     2.239457     1.156299 
2456798.693563 0.000000 0.000000     1.578396     1.124719 
2456800.407691 0.000000 0.000000     1.040589     1.057693 
2456802.121819 0.000000 0.000000     0.709371     0.977998 
2456803.835947 0.000000 0.000000     0.551971     0.907472 
2456805.550075 0.000000 0.000000     0.469441     0.862884 
2456807.264203 0.000000 0.000000     0.371978     0.859532 
2456808.978331 0.000000 0.000000     0.232426     0.905303 
2456810.692459 0.000000 0.000000     0.088208     0.983683 
2456812.406587 0.000000 0.000000    -0.003812     1.063716 
2456814.120715 0.000000 0.000000    -0.025298     1.120429 
2456815.834843 0.000000 0.000000    -0.025483     1.141325 
2456817.548971 0.000000 0.000000    -0.098592     1.127609 
2456819.263098 0.000000 0.000000    -0.320783     1.094782 
2456820.977226 0.000000 0.000000    -0.685475     1.065581 
2456822.691354 0.000000 0.000000    -1.080359     1.048673 
2456824.405482 0.000000 0.000000    -1.326917     1.026981 
2456826.119610 0.000000 0.000000    -1.266522     0.979322 
2456827.833738 0.000000 0.000000    -0.847730     0.912902 
2456829.547866 0.000000 0.000000    -0.165017     0.888683 
2456831.261994 0.000000 0.000000     0.576452     0.958020 
2456832.976122 0.000000 0.000000     1.155282     1.061389 
2456834.690250 0.000000 0.000000     1.439418     1.130649 
2456836.404378 0.000000 0.000000     1.447081     1.140462 
2456838.118506 0.000000 0.000000     1.330349     1.090483 
2456839.832634 0.000000 0.000000     1.289886     0.997475 
2456841.546762 0.000000 0.000000     1.466104     0.901011 
2456843.260889 0.000000 0.000000     1.864166     0.868609 
2456844.975017 0.000000 0.000000     2.351233     0.930777 
2456846.689145 0.000000 0.000000     2.725117     1.032321 
2456848.403273 0.000000 0.000000     2.815820     1.117020 
2456850.117401 0.000000 0.000000     2.565847     1.154883 
2456851.831529 0.000000 0.000000     2.049391     1.131042 
2456853.545657 0.000000 0.000000     1.425475     1.042772 
2456855.259785 0.000000 0.000000     0.855670     0.906175 
2456856.973913 0.000000 0.000000     0.433388     0.784453 
2456858.688041 0.000000 0.000000     0.160888     0.780429 
2456860.402169 0.000000 0.000000    -0.020253     0.846384 
2456862.116297 0.000000 0.000000    -0.170836     0.883364 
2456863.830425 0.000000 0.000000    -0.307616     0.874575 
2456865.544553 0.000000 0.000000    -0.397772     0.861536 
2456867.258680 0.000000 0.000000    -0.395306     0.913957 
2456868.972808 0.000000 0.000000    -0.292557     1.030513 
2456870.686936 0.000000 0.000000    -0.149507     1.151964 
2456872.401064 0.000000 0.000000    -0.076753     1.244443 
2456874.115192 0.000000 0.000000    -0.177097     1.301382 
2456875.829320 0.000000 0.000000    -0.478029     1.327983 
2456877.543448 0.000000 0.000000    -0.896284     1.330525 
2456879.257576 0.000000 0.000000    -1.260028     1.310642 
2456880.971704 0.000000 0.000000    -1.382493     1.267460 
2456882.685832 0.000000 0.000000    -1.151064     1.207007 
2456884.399960 0.000000 0.000000    -0.585159     1.151578 
2456886.114088 0.000000 0.000000     0.168603     1.130507 
2456887.828216 0.000000 0.000000     0.902625     1.142888 
2456889.542344 0.000000 0.000000     1.442090     1.150569 
2456891.256471 0.000000 0.000000     1.718267     1.116173 
2456892.970599 0.000000 0.000000     1.785046     1.023411 
2456894.684727 0.000000 0.000000     1.773374     0.885528 
2456896.398855 0.000000 0.000000     1.811029     0.791646 
2456898.112983 0.000000 0.000000     1.951988     0.872453 
2456899.827111 0.000000 0.000000     2.151917     1.030757 
2456901.541239 0.000000 0.000000     2.299242     1.168384 
2456903.255367 0.000000 0.000000     2.280739     1.263426 
2456904.969495 0.000000 0.000000     2.043409     1.309965 
2456906.683623 0.000000 0.000000     1.619521     1.305358 
2456908.397751 0.000000 0.000000     1.104782     1.253358 
2456910.111879 0.000000 0.000000     0.606579     1.171952 
2456911.826007 0.000000 0.000000     0.194561     1.101021 
2456913.540135 0.000000 0.000000    -0.118669     1.084297 
2456915.254262 0.000000 0.000000    -0.359529     1.115281 
2456916.968390 0.000000 0.000000    -0.554336     1.147426 
2456918.682518 0.000000 0.000000    -0.697660     1.151140 
2456920.396646 0.000000 0.000000    -0.750591     1.129438 
2456922.110774 0.000000 0.000000    -0.671094     1.115160 
2456923.824902 0.000000 0.000000    -0.456782     1.148550 
2456925.539030 0.000000 0.000000    -0.170599     1.229466 
2456927.253158 0.000000 0.000000     0.071589     1.321996 
2456928.967286 0.000000 0.000000     0.150289     1.397835 
2456930.681414 0.000000 0.000000     0.004458     1.447072 
2456932.395542 0.000000 0.000000    -0.327750     1.470475 
2456934.109670 0.000000 0.000000    -0.714403     1.472230 
2456935.823798 0.000000 0.000000    -0.982316     1.456868 
2456937.537926 0.000000 0.000000    -0.992339     1.430321 
2456939.252053 0.000000 0.000000    -0.700342     1.401834 
2456940.966181 0.000000 0.000000    -0.173941     1.380968 
2456942.680309 0.000000 0.000000     0.442101     1.368493 
2456944.394437 0.000000 0.000000     0.992653     1.351832 
2456946.108565 0.000000 0.000000     1.376687     1.313319 
2456947.822693 0.000000 0.000000     1.578322     1.243294 
2456949.536821 0.000000 0.000000     1.652769     1.151420 
2456951.250949 0.000000 0.000000     1.679811     1.078080 
2456952.965077 0.000000 0.000000     1.713124     1.080207 
2456954.679205 0.000000 0.000000     1.753018     1.158616 
2456956.393333 0.000000 0.000000     1.754457     1.260580 
2456958.107461 0.000000 0.000000     1.661423     1.348402 
2456959.821589 0.000000 0.000000     1.444809     1.407014 
2456961.535717 0.000000 0.000000     1.121385     1.432292 
2456963.249844 0.000000 0.000000     0.744718     1.426993 
2456964.963972 0.000000 0.000000     0.376462     1.401086 
2456966.678100 0.000000 0.000000     0.057603     1.370928 
2456968.392228 0.000000 0.000000    -0.202434     1.352430 
2456970.106356 0.000000 0.000000    -0.413634     1.349782 
2456971.820484 0.000000 0.000000    -0.580560     1.352746 
2456973.534612 0.000000 0.000000    -0.683777     1.347710 
2456975.248740 0.000000 0.000000    -0.682610     1.330040 
2456976.962868 0.000000 0.000000    -0.540420     1.309191 
2456978.676996 0.000000 0.000000    -0.258139     1.304596 
2456980.391124 0.000000 0.000000     0.105622     1.330169 
2456982.105252 0.000000 0.000000     0.443895     1.380356 
2456983.819380 0.000000 0.000000     0.640226     1.437042 
2456985.533508 0.000000 0.000000     0.619888     1.484877 
2456987.247635 0.000000 0.000000     0.387661     1.516925 
2456988.961763 0.000000 0.000000     0.031644     1.532797 
2456990.675891 0.000000 0.000000    -0.310676     1.535491 
2456992.390019 0.000000 0.000000    -0.508752     1.529395 
2456994.104147 0.000000 0.000000    -0.491030     1.519371 
2456995.818275 0.000000 0.000000    -0.268688     1.509445 
2456997.532403 0.000000 0.000000     0.078177     1.500223 
2456999.246531 0.000000 0.000000     0.442271     1.487089 
2457000.960659 0.000000 0.000000     0.736246     1.462396 
2457002.674787 0.000000 0.000000     0.922362     1.421289 
2457004.388915 0.000000 0.000000     1.013151     1.367677 
2457006.103043 0.000000 0.000000     1.047793     1.316915 
2457007.817171 0.000000 0.000000     1.060866     1.290307 
2457009.531299 0.000000 0.000000     1.061737     1.299319 
2457011.245426 0.000000 0.000000     1.034273     1.335738 
2457012.959554 0.000000 0.000000     0.953517     1.382155 
2457014.673682 0.000000 0.000000     0.806510     1.425083 
2457016.387810 0.000000 0.000000     0.603580     1.457684 
2457018.101938 0.000000 0.000000     0.374022     1.477807 
2457019.816066 0.000000 0.000000     0.150743     1.486453 
2457021.530194 0.000000 0.000000    -0.044633     1.486755 
2457023.244322 0.000000 0.000000    -0.205783     1.482096 
2457024.958450 0.000000 0.000000    -0.332450     1.473413 
2457026.672578 0.000000 0.000000    -0.415337     1.457896 
2457028.386706 0.000000 0.000000    -0.427467     1.431183 
2457030.100834 0.000000 0.000000    -0.331103     1.392187 
2457031.814962 0.000000 0.000000    -0.099533     1.347782 
2457033.529090 0.000000 0.000000     0.257471     1.313998 
2457035.243217 0.000000 0.000000     0.680292     1.309023 
2457036.957345 0.000000 0.000000     1.069331     1.338738 
2457038.671473 0.000000 0.000000     1.317437     1.391362 
2457040.385601 0.000000 0.000000     1.351594     1.448655 
2457042.099729 0.000000 0.000000     1.164282     1.497118 
2457043.813857 0.000000 0.000000     0.818772     1.530791 
2457045.527985 0.000000 0.000000     0.424904     1.549726 
2457047.242113 0.000000 0.000000     0.096154     1.557445 
2457048.956241 0.000000 0.000000    -0.092297     1.558407 
2457050.670369 0.000000 0.000000    -0.126007     1.555940 
2457052.384497 0.000000 0.000000    -0.045980     1.550768 
2457054.098625 0.000000 0.000000     0.078815     1.540259 
2457055.812753 0.000000 0.000000     0.185659     1.519270 
2457057.526881 0.000000 0.000000     0.242193     1.483237 
2457059.241008 0.000000 0.000000     0.250889     1.432599 
2457060.955136 0.000000 0.000000     0.235596     1.376067 
2457062.669264 0.000000 0.000000     0.220764     1.329059 
2457064.383392 0.000000 0.000000     0.215960     1.304430 
2457066.097520 0.000000 0.000000     0.213162     1.302641 
2457067.811648 0.000000 0.000000     0.195731     1.315303 
2457069.525776 0.000000 0.000000     0.151344     1.336766 
2457071.239904 0.000000 0.000000     0.080084     1.367153 
2457072.954032 0.000000 0.000000    -0.006553     1.405971 
2457074.668160 0.000000 0.000000    -0.093236     1.447236 
2457076.382288 0.000000 0.000000    -0.168091     1.481963 
2457078.096416 0.000000 0.000000    -0.223635     1.502963 
2457079.810544 0.000000 0.000000    -0.250534     1.506138 
2457081.524672 0.000000 0.000000    -0.229552     1.488566 
2457083.238799 0.000000 0.000000    -0.129772     1.446930 
2457084.952927 0.000000 0.000000     0.081734     1.378875 
2457086.667055 0.000000 0.000000     0.420788     1.287586 
2457088.381183 0.000000 0.000000     0.866761     1.189582 
2457090.095311 0.000000 0.000000     1.354824     1.123207 
2457091.809439 0.000000 0.000000     1.787470     1.132084 
2457093.523567 0.000000 0.000000     2.063707     1.211107 
2457095.237695 0.000000 0.000000     2.114758     1.314896 
2457096.951823 0.000000 0.000000     1.930542     1.409369 
2457098.665951 0.000000 0.000000     1.564414     1.480513 
2457100.380079 0.000000 0.000000     1.113346     1.526396 
2457102.094207 0.000000 0.000000     0.682053     1.551486 
2457103.808335 0.000000 0.000000     0.346778     1.562650 
2457105.522463 0.000000 0.000000     0.134035     1.565792 
2457107.236590 0.000000 0.000000     0.021863     1.563570 
2457108.950718 0.000000 0.000000    -0.039628     1.554384 
2457110.664846 0.000000 0.000000    -0.100081     1.532600 
2457112.378974 0.000000 0.000000    -0.186766     1.490585 
2457114.093102 0.000000 0.000000    -0.297433     1.422856 
2457115.807230 0.000000 0.000000    -0.408600     1.331428 
2457117.521358 0.000000 0.000000    -0.492269     1.230467 
2457119.235486 0.000000 0.000000    -0.531216     1.144889 
2457120.949614 0.000000 0.000000    -0.525659     1.093919 
2457122.663742 0.000000 0.000000    -0.489959     1.074070 
2457124.377870 0.000000 0.000000    -0.443407     1.076673 
2457126.091998 0.000000 0.000000    -0.401225     1.111115 
2457127.806126 0.000000 0.000000    -0.370031     1.186298 
2457129.520254 0.000000 0.000000    -0.348046     1.284106 
2457131.234381 0.000000 0.000000    -0.327234     1.374610 
2457132.948509 0.000000 0.000000    -0.294188     1.438170 
2457134.662637 0.000000 0.000000    -0.229082     1.468147 
2457136.376765 0.000000 0.000000    -0.105171     1.464903 
2457138.090893 0.000000 0.000000     0.107304     1.429427 
2457139.805021 0.000000 0.000000     0.430836     1.360076 
2457141.519149 0.000000 0.000000     0.866321     1.253935 
2457143.233277 0.000000 0.000000     1.381128     1.113013 
2457144.947405 0.000000 0.000000     1.907184     0.962515 
2457146.661533 0.000000 0.000000     2.353398     0.896269 
2457148.375661 0.000000 0.000000     2.630379     0.994079 
2457150.089789 0.000000 0.000000     2.678901     1.156081 
2457151.803917 0.000000 0.000000     2.490619     1.302791 
2457153.518045 0.000000 0.000000     2.111849     1.414227 
2457155.232172 0.000000 0.000000     1.628167     1.489244 
2457156.946300 0.000000 0.000000     1.135722     1.533551 
2457158.660428 0.000000 0.000000     0.710817     1.555908 
2457160.374556 0.000000 0.000000     0.389641     1.564904 
2457162.088684 0.000000 0.000000     0.165162     1.566096 
2457163.802812 0.000000 0.000000     0.000507     1.560324 
2457165.516940 0.000000 0.000000    -0.148616     1.543229 
2457167.231068 0.000000 0.000000    -0.312762     1.506158 
2457168.945196 0.000000 0.000000    -0.497262     1.439071 
2457170.659324 0.000000 0.000000    -0.683512     1.335086 
2457172.373452 0.000000 0.000000    -0.840366     1.195474 
2457174.087580 0.000000 0.000000    -0.939185     1.034711 
2457175.801708 0.000000 0.000000    -0.965805     0.883483 
2457177.515836 0.000000 0.000000    -0.925166     0.775613 
2457179.229963 0.000000 0.000000    -0.838023     0.724624 
2457180.944091 0.000000 0.000000    -0.732187     0.762525 
2457182.658219 0.000000 0.000000    -0.632021     0.904832 
2457184.372347 0.000000 0.000000    -0.549632     1.079272 
2457186.086475 0.000000 0.000000    -0.479972     1.227903 
2457187.800603 0.000000 0.000000    -0.400876     1.328438 
2457189.514731 0.000000 0.000000    -0.278116     1.377512 
2457191.228859 0.000000 0.000000    -0.074779     1.382262 
2457192.942987 0.000000 0.000000     0.236691     1.354177 
2457194.657115 0.000000 0.000000     0.662618     1.303008 
2457196.371243 0.000000 0.000000     1.180034     1.234465 
2457198.085371 0.000000 0.000000     1.735911     1.155862 
2457199.799499 0.000000 0.000000     2.255454     1.087805 
2457201.513627 0.000000 0.000000     2.658297     1.067462 
2457203.227754 0.000000 0.000000     2.878378     1.116494 
2457204.941882 0.000000 0.000000     2.881378     1.211660 
2457206.656010 0.000000 0.000000     2.673908     1.316815 
2457208.370138 0.000000 0.000000     2.301245     1.409468 
2457210.084266 0.000000 0.000000     1.834278     1.479755 
2457211.798394 0.000000 0.000000     1.350029     1.526030 
2457213.512522 0.000000 0.000000     0.912059     1.552099 
2457215.226650 0.000000 0.000000     0.556784     1.564287 
2457216.940778 0.000000 0.000000     0.289330     1.568257 
2457218.654906 0.000000 0.000000     0.089202     1.566741 
2457220.369034 0.000000 0.000000    -0.077035     1.558513 
2457222.083162 0.000000 0.000000    -0.240775     1.538458 
2457223.797290 0.000000 0.000000    -0.419055     1.499324 
2457225.511418 0.000000 0.000000    -0.608691     1.435664 
2457227.225545 0.000000 0.000000    -0.788439     1.349066 
2457228.939673 0.000000 0.000000    -0.928149     1.252561 
2457230.653801 0.000000 0.000000    -1.001540     1.169182 
2457232.367929 0.000000 0.000000    -0.997779     1.116905 
2457234.082057 0.000000 0.000000    -0.927158     1.092906 
2457235.796185 0.000000 0.000000    -0.817996     1.088636 
2457237.510313 0.000000 0.000000    -0.705157     1.111952 
2457239.224441 0.000000 0.000000    -0.614141     1.170571 
2457240.938569 0.000000 0.000000    -0.547229     1.244397 
2457242.652697 0.000000 0.000000    -0.478115     1.299243 
2457244.366825 0.000000 0.000000    -0.358649     1.311786 
2457246.080953 0.000000 0.000000    -0.136434     1.276426 
2457247.795081 0.000000 0.000000     0.222836     1.203841 
2457249.509209 0.000000 0.000000     0.717070     1.118528 
2457251.223336 0.000000 0.000000     1.301252     1.053984 
2457252.937464 0.000000 0.000000     1.896015     1.039677 
2457254.651592 0.000000 0.000000     2.408575     1.081719 
2457256.365720 0.000000 0.000000     2.758364     1.160589 
2457258.079848 0.000000 0.000000     2.898059     1.250491 
2457259.793976 0.000000 0.000000     2.823056     1.334168 
2457261.508104 0.000000 0.000000     2.567455     1.404797 
2457263.222232 0.000000 0.000000     2.189958     1.461640 
2457264.936360 0.000000 0.000000     1.756166     1.505397 
2457266.650488 0.000000 0.000000     1.323655     1.536484 
2457268.364616 0.000000 0.000000     0.933416     1.555958 
2457270.078744 0.000000 0.000000     0.607678     1.566321 
2457271.792872 0.000000 0.000000     0.351801     1.570739 
2457273.507000 0.000000 0.000000     0.157739     1.571548 
2457275.221127 0.000000 0.000000     0.007960     1.569290 
2457276.935255 0.000000 0.000000    -0.119733     1.562425 
2457278.649383 0.000000 0.000000    -0.245823     1.547808 
2457280.363511 0.000000 0.000000    -0.381835     1.522592 
2457282.077639 0.000000 0.000000    -0.524846     1.487240 
2457283.791767 0.000000 0.000000    -0.657146     1.447542 
2457285.505895 0.000000 0.000000    -0.752927     1.412882 
2457287.220023 0.000000 0.000000    -0.790379     1.390195 
2457288.934151 0.000000 0.000000    -0.763908     1.379021 
2457290.648279 0.000000 0.000000    -0.689717     1.374550 
2457292.362407 0.000000 0.000000    -0.600243     1.374946 
2457294.076535 0.000000 0.000000    -0.528242     1.382043 
2457295.790663 0.000000 0.000000    -0.487260     1.392916 
2457297.504791 0.000000 0.000000    -0.458420     1.393587 
2457299.218918 0.000000 0.000000    -0.391785     1.364225 
2457300.933046 0.000000 0.000000    -0.224185     1.289032 
2457302.647174 0.000000 0.000000     0.092700     1.161916 
2457304.361302 0.000000 0.000000     0.566054     0.989718 
2457306.075430 0.000000 0.000000     1.149782     0.813749 
2457307.789558 0.000000 0.000000     1.753134     0.782122 
2457309.503686 0.000000 0.000000     2.267536     0.933324 
2457311.217814 0.000000 0.000000     2.600879     1.109957 
2457312.931942 0.000000 0.000000     2.705280     1.259036 
2457314.646070 0.000000 0.000000     2.587673     1.372299 
2457316.360198 0.000000 0.000000     2.300568     1.451088 
2457318.074326 0.000000 0.000000     1.919036     1.501739 
2457319.788454 0.000000 0.000000     1.515035     1.532807 
2457321.502582 0.000000 0.000000     1.139575     1.551711 
2457323.216709 0.000000 0.000000     0.817721     1.563083 
2457324.930837 0.000000 0.000000     0.554507     1.569490 
2457326.644965 0.000000 0.000000     0.345137     1.572672 
2457328.359093 0.000000 0.000000     0.182660     1.573895 
2457330.073221 0.000000 0.000000     0.059942     1.573796 
2457331.787349 0.000000 0.000000    -0.032419     1.572293 
2457333.501477 0.000000 0.000000    -0.107772     1.568595 
2457335.215605 0.000000 0.000000    -0.181038     1.561606 
2457336.929733 0.000000 0.000000    -0.262319     1.550966 
2457338.643861 0.000000 0.000000    -0.350386     1.538054 
2457340.357989 0.000000 0.000000    -0.431225     1.525734 
2457342.072117 0.000000 0.000000    -0.484310     1.516655 
2457343.786245 0.000000 0.000000    -0.494383     1.511504 
2457345.500372 0.000000 0.000000    -0.462239     1.508997 
2457347.214500 0.000000 0.000000    -0.407287     1.507628 
2457348.928628 0.000000 0.000000    -0.358497     1.506789 
2457350.642756 0.000000 0.000000    -0.336919     1.504963 
2457352.356884 0.000000 0.000000    -0.338636     1.496405 
2457354.071012 0.000000 0.000000    -0.328308     1.470963 
2457355.785140 0.000000 0.000000    -0.249082     1.418842 
2457357.499268 0.000000 0.000000    -0.046554     1.337190 
2457359.213396 0.000000 0.000000     0.303364     1.235647 
2457360.927524 0.000000 0.000000     0.775889     1.140757 
2457362.641652 0.000000 0.000000     1.297944     1.093479 
2457364.355780 0.000000 0.000000     1.769130     1.120441 
2457366.069908 0.000000 0.000000     2.094798     1.203706 
2457367.784036 0.000000 0.000000     2.217311     1.305829 
2457369.498163 0.000000 0.000000     2.132530     1.399655 
2457371.212291 0.000000 0.000000     1.885641     1.471849 
2457372.926419 0.000000 0.000000     1.549890     1.519631 
2457374.640547 0.000000 0.000000     1.198940     1.547179 
2457376.354675 0.000000 0.000000     0.885031     1.561464 
2457378.068803 0.000000 0.000000     0.630717     1.568561 
2457379.782931 0.000000 0.000000     0.434386     1.572135 
2457381.497059 0.000000 0.000000     0.283290     1.573945 
2457383.211187 0.000000 0.000000     0.165549     1.574813 
2457384.925315 0.000000 0.000000     0.075248     1.575119 
2457386.639443 0.000000 0.000000     0.010123     1.574987 
2457388.353571 0.000000 0.000000    -0.033932     1.574369 
2457390.067699 0.000000 0.000000    -0.065986     1.573050 
2457391.781827 0.000000 0.000000    -0.097782     1.570821 
2457393.495954 0.000000 0.000000    -0.137391     1.567808 
2457395.210082 0.000000 0.000000    -0.183539     1.564590 
2457396.924210 0.000000 0.000000    -0.225278     1.561884 
2457398.638338 0.000000 0.000000    -0.248345     1.560081 
2457400.352466 0.000000 0.000000    -0.244862     1.559046 
2457402.066594 0.000000 0.000000    -0.220215     1.558333 
2457403.780722 0.000000 0.000000    -0.191822     1.557497 
2457405.494850 0.000000 0.000000    -0.179008     1.555854 
2457407.208978 0.000000 0.000000    -0.188792     1.551445 
2457408.923106 0.000000 0.000000    -0.205705     1.540425 
2457410.637234 0.000000 0.000000    -0.192689     1.518566 
2457412.351362 0.000000 0.000000    -0.104773     1.484648 
2457414.065490 0.000000 0.000000     0.089659     1.443249 
2457415.779618 0.000000 0.000000     0.389867     1.404310 
2457417.493745 0.000000 0.000000     0.755756     1.378879 
2457419.207873 0.000000 0.000000     1.117370     1.373988 
2457420.922001 0.000000 0.000000     1.397640     1.390573 
2457422.636129 0.000000 0.000000     1.538831     1.424052 
2457424.350257 0.000000 0.000000     1.521368     1.465677 
2457426.064385 0.000000 0.000000     1.367445     1.505502 
2457427.778513 0.000000 0.000000     1.128950     1.536380 
2457429.492641 0.000000 0.000000     0.866229     1.556134 
2457431.206769 0.000000 0.000000     0.627587     1.566715 
2457432.920897 0.000000 0.000000     0.437811     1.571634 
2457434.635025 0.000000 0.000000     0.298691     1.573779 
2457436.349153 0.000000 0.000000     0.198434     1.574746 
2457438.063281 0.000000 0.000000     0.123320     1.575215 
2457439.777409 0.000000 0.000000     0.065257     1.575443 
2457441.491536 0.000000 0.000000     0.022543     1.575517 
2457443.205664 0.000000 0.000000    -0.004428     1.575470 
2457444.919792 0.000000 0.000000    -0.018095     1.575309 
2457446.633920 0.000000 0.000000    -0.025301     1.575006 
2457448.348048 0.000000 0.000000    -0.034427     1.574549 
2457450.062176 0.000000 0.000000    -0.050347     1.573999 
2457451.776304 0.000000 0.000000    -0.071088     1.573475 
2457453.490432 0.000000 0.000000    -0.088970     1.573066 
2457455.204560 0.000000 0.000000    -0.095942     1.572780 
2457456.918688 0.000000 0.000000    -0.089783     1.572553 
2457458.632816 0.000000 0.000000    -0.076869     1.572272 
2457460.346944 0.000000 0.000000    -0.068953     1.571739 
2457462.061072 0.000000 0.000000    -0.075078     1.570461 
2457463.775200 0.000000 0.000000    -0.093037     1.567372 
2457465.489327 0.000000 0.000000    -0.105776     1.561037 
2457467.203455 0.000000 0.000000    -0.085955     1.550663 
2457468.917583 0.000000 0.000000    -0.007626     1.537233 
2457470.631711 0.000000 0.000000     0.140124     1.523583 
2457472.345839 0.000000 0.000000     0.344310     1.513060 
2457474.059967 0.000000 0.000000     0.568879     1.507985 
2457475.774095 0.000000 0.000000     0.765625     1.509225 
2457477.488223 0.000000 0.000000     0.890770     1.516531 
2457479.202351 0.000000 0.000000     0.920042     1.528521 
2457480.916479 0.000000 0.000000     0.855872     1.542537 
2457482.630607 0.000000 0.000000     0.724092     1.555411 
2457484.344735 0.000000 0.000000     0.562382     1.564927 
2457486.058863 0.000000 0.000000     0.406156     1.570643 
2457487.772991 0.000000 0.000000     0.278048     1.573482 
2457489.487118 0.000000 0.000000     0.184717     1.574702 
2457491.201246 0.000000 0.000000     0.120734     1.575205 
2457492.915374 0.000000 0.000000     0.076110     1.575429 
2457494.629502 0.000000 0.000000     0.042951     1.575543 
2457496.343630 0.000000 0.000000     0.018217     1.575600 
2457498.057758 0.000000 0.000000     0.002292     1.575619 
2457499.771886 0.000000 0.000000    -0.004485     1.575611 
2457501.486014 0.000000 0.000000    -0.004398     1.575586 
2457503.200142 0.000000 0.000000    -0.002248     1.575544 
2457504.914270 0.000000 0.000000    -0.002849     1.575485 
2457506.628398 0.000000 0.000000    -0.008109     1.575422 
2457508.342526 0.000000 0.000000    -0.015925     1.575365 
2457510.056654 0.000000 0.000000    -0.021832     1.575315 
2457511.770782 0.000000 0.000000    -0.022428     1.575267 
2457513.484909 0.000000 0.000000    -0.018268     1.575205 
2457515.199037 0.000000 0.000000    -0.014069     1.575098 
2457516.913165 0.000000 0.000000    -0.015685     1.574859 
2457518.627293 0.000000 0.000000    -0.025372     1.574289 
2457520.341421 0.000000 0.000000    -0.038183     1.573056 
2457522.055549 0.000000 0.000000    -0.042026     1.570857 
2457523.769677 0.000000 0.000000    -0.022056     1.567731 
2457525.483805 0.000000 0.000000     0.032301     1.564210 
2457527.197933 0.000000 0.000000     0.121063     1.561108 
2457528.912061 0.000000 0.000000     0.231398     1.559110 
2457530.626189 0.000000 0.000000     0.340798     1.558555 
2457532.340317 0.000000 0.000000     0.424563     1.559512 
2457534.054445 0.000000 0.000000     0.464390     1.561838 
2457535.768573 0.000000 0.000000     0.454352     1.565099 
2457537.482700 0.000000 0.000000     0.401885     1.568559 
2457539.196828 0.000000 0.000000     0.323752     1.571468 
2457540.910956 0.000000 0.000000     0.239204     1.573428 
2457542.625084 0.000000 0.000000     0.163511     1.574495 
2457544.339212 0.000000 0.000000     0.104447     1.574982 
2457546.053340 0.000000 0.000000     0.062547     1.575199 
2457547.767468 0.000000 0.000000     0.034091     1.575321 
2457549.481596 0.000000 0.000000     0.014705     1.575417 
2457551.195724 0.000000 0.000000     0.001672     1.575500 
2457552.909852 0.000000 0.000000    -0.005822     1.575563 
2457554.623980 0.000000 0.000000    -0.007951     1.575603 
2457556.338108 0.000000 0.000000    -0.005690     1.575624 
2457558.052236 0.000000 0.000000    -0.001292     1.575631 
2457559.766364 0.000000 0.000000     0.002498     1.575630 
2457561.480491 0.000000 0.000000     0.003862     1.575625 
2457563.194619 0.000000 0.000000     0.002874     1.575618 
2457564.908747 0.000000 0.000000     0.001291     1.575610 
2457566.622875 0.000000 0.000000     0.001212     1.575601 
2457568.337003 0.000000 0.000000     0.003481     1.575589 
2457570.051131 0.000000 0.000000     0.006907     1.575570 
2457571.765259 0.000000 0.000000     0.008920     1.575537 
2457573.479387 0.000000 0.000000     0.007388     1.575465 
2457575.193515 0.000000 0.000000     0.002569     1.575309 
2457576.907643 0.000000 0.000000    -0.002033     1.575011 
2457578.621771 0.000000 0.000000    -0.000587     1.574542 
2457580.335899 0.000000 0.000000     0.012623     1.573951 
2457582.050027 0.000000 0.000000     0.040358     1.573363 
2457583.764155 0.000000 0.000000     0.080575     1.572912 
2457585.478282 0.000000 0.000000     0.126503     1.572682 
2457587.192410 0.000000 0.000000     0.168678     1.572690 
2457588.906538 0.000000 0.000000     0.198025     1.572901 
2457590.620666 0.000000 0.000000     0.208683     1.573224 
2457592.334794 0.000000 0.000000     0.199453     1.573514 
2457594.048922 0.000000 0.000000     0.173507     1.573624 
2457595.763050 0.000000 0.000000     0.136750     1.573503 
2457597.477178 0.000000 0.000000     0.095762     1.573238 
2457599.191306 0.000000 0.000000     0.056169     1.573003 
2457600.905434 0.000000 0.000000     0.021902     1.572958 
2457602.619562 0.000000 0.000000    -0.004771     1.573172 
2457604.333690 0.000000 0.000000    -0.022859     1.573610 
2457606.047818 0.000000 0.000000    -0.032348     1.574161 
2457607.761946 0.000000 0.000000    -0.034129     1.574696 
2457609.476073 0.000000 0.000000    -0.030001     1.575114 
2457611.190201 0.000000 0.000000    -0.022487     1.575382 
2457612.904329 0.000000 0.000000    -0.014282     1.575525 
2457614.618457 0.000000 0.000000    -0.007488     1.575590 
2457616.332585 0.000000 0.000000    -0.002964     1.575616 
2457618.046713 0.000000 0.000000    -0.000145     1.575625 
2457619.760841 0.000000 0.000000     0.002514     1.575625 
2457621.474969 0.000000 0.000000     0.006680     1.575619 
2457623.189097 0.000000 0.000000     0.013272     1.575601 
2457624.903225 0.000000 0.000000     0.021996     1.575567 
2457626.617353 0.000000 0.000000     0.031502     1.575516 
2457628.331481 0.000000 0.000000     0.040016     1.575449 
2457630.045609 0.000000 0.000000     0.046138     1.575377 
2457631.759737 0.000000 0.000000     0.049417     1.575307 
2457633.473864 0.000000 0.000000     0.050502     1.575247 
2457635.187992 0.000000 0.000000     0.050881     1.575198 
2457636.902120 0.000000 0.000000     0.052390     1.575164 
2457638.616248 0.000000 0.000000     0.056688     1.575143 
2457640.330376 0.000000 0.000000     0.064780     1.575121 
2457642.044504 0.000000 0.000000     0.076632     1.575048 
2457643.758632 0.000000 0.000000     0.090866     1.574815 
2457645.472760 0.000000 0.000000     0.104655     1.574210 
2457647.186888 0.000000 0.000000     0.113983     1.572952 
2457648.901016 0.000000 0.000000     0.114447     1.570825 
2457650.615144 0.000000 0.000000     0.102536     1.567906 
2457652.329272 0.000000 0.000000     0.077066     1.564689 
2457654.043400 0.000000 0.000000     0.040168     1.561964 
2457655.757528 0.000000 0.000000    -0.002694     1.560500 
2457657.471655 0.000000 0.000000    -0.043931     1.560720 
2457659.185783 0.000000 0.000000    -0.075970     1.562544 
2457660.899911 0.000000 0.000000    -0.093559     1.565441 
2457662.614039 0.000000 0.000000    -0.095357     1.568641 
2457664.328167 0.000000 0.000000    -0.084108     1.571434 
2457666.042295 0.000000 0.000000    -0.065360     1.573421 
2457667.756423 0.000000 0.000000    -0.045261     1.574587 
2457669.470551 0.000000 0.000000    -0.028357     1.575164 
2457671.184679 0.000000 0.000000    -0.016275     1.575416 
2457672.898807 0.000000 0.000000    -0.007692     1.575519 
2457674.612935 0.000000 0.000000     0.000580     1.575555 
2457676.327063 0.000000 0.000000     0.011996     1.575540 
2457678.041191 0.000000 0.000000     0.028885     1.575455 
2457679.755319 0.000000 0.000000     0.051710     1.575257 
2457681.469446 0.000000 0.000000     0.079033     1.574909 
2457683.183574 0.000000 0.000000     0.107958     1.574417 
2457684.897702 0.000000 0.000000     0.134745     1.573853 
2457686.611830 0.000000 0.000000     0.155464     1.573345 
2457688.325958 0.000000 0.000000     0.166724     1.573026 
2457690.040086 0.000000 0.000000     0.166560     1.572976 
2457691.754214 0.000000 0.000000     0.155349     1.573191 
2457693.468342 0.000000 0.000000     0.136381     1.573586 
2457695.182470 0.000000 0.000000     0.115527     1.574012 
2457696.896598 0.000000 0.000000     0.099718     1.574249 
2457698.610726 0.000000 0.000000     0.094444     1.573958 
2457700.324854 0.000000 0.000000     0.101143     1.572547 
2457702.038982 0.000000 0.000000     0.115689     1.569077 
2457703.753110 0.000000 0.000000     0.128964     1.562509 
2457705.467237 0.000000 0.000000     0.129707     1.552403 
2457707.181365 0.000000 0.000000     0.108777     1.539722 
2457708.895493 0.000000 0.000000     0.063162     1.527049 
2457710.609621 0.000000 0.000000    -0.002025     1.517816 
2457712.323749 0.000000 0.000000    -0.074591     1.514827 
2457714.037877 0.000000 0.000000    -0.139105     1.518971 
2457715.752005 0.000000 0.000000    -0.182058     1.528861 
2457717.466133 0.000000 0.000000    -0.196280     1.541545 
2457719.180261 0.000000 0.000000    -0.182864     1.553804 
2457720.894389 0.000000 0.000000    -0.149938     1.563376 
2457722.608517 0.000000 0.000000    -0.109004     1.569537 
2457724.322645 0.000000 0.000000    -0.070459     1.572845 
2457726.036773 0.000000 0.000000    -0.040137     1.574367 
2457727.750901 0.000000 0.000000    -0.018036     1.575003 
2457729.465028 0.000000 0.000000     0.000645     1.575242 
2457731.179156 0.000000 0.000000     0.022946     1.575250 
2457732.893284 0.000000 0.000000     0.055254     1.574976 
2457734.607412 0.000000 0.000000     0.101085     1.574217 
2457736.321540 0.000000 0.000000     0.159964     1.572710 
2457738.035668 0.000000 0.000000     0.227368     1.570314 
2457739.749796 0.000000 0.000000     0.295435     1.567219 
2457741.463924 0.000000 0.000000     0.354271     1.564008 
2457743.178052 0.000000 0.000000     0.393861     1.561488 
2457744.892180 0.000000 0.000000     0.406502     1.560349 
2457746.606308 0.000000 0.000000     0.389386     1.560869 
2457748.320436 0.000000 0.000000     0.346452     1.562834 
2457750.034564 0.000000 0.000000     0.288448     1.565609 
2457751.748692 0.000000 0.000000     0.230506     1.568295 
2457753.462819 0.000000 0.000000     0.187476     1.569841 
2457755.176947 0.000000 0.000000     0.168445     1.568918 
2457756.891075 0.000000 0.000000     0.172618     1.563519 
2457758.605203 0.000000 0.000000     0.188591     1.550834 
2457760.319331 0.000000 0.000000     0.197845     1.528189 
2457762.033459 0.000000 0.000000     0.181526     1.495125 
2457763.747587 0.000000 0.000000     0.128005     1.455616 
2457765.461715 0.000000 0.000000     0.038140     1.418837 
2457767.175843 0.000000 0.000000    -0.074050     1.396711 
2457768.889971 0.000000 0.000000    -0.185727     1.397747 
2457770.604099 0.000000 0.000000    -0.272932     1.421257 
2457772.318227 0.000000 0.000000    -0.318558     1.458097 
2457774.032355 0.000000 0.000000    -0.317515     1.496839 
2457775.746483 0.000000 0.000000    -0.277247     1.529086 
2457777.460610 0.000000 0.000000    -0.213761     1.551324 
2457779.174738 0.000000 0.000000    -0.145076     1.564198 
2457780.888866 0.000000 0.000000    -0.084795     1.570520 
2457782.602994 0.000000 0.000000    -0.038107     1.573236 
2457784.317122 0.000000 0.000000    -0.001237     1.574284 
2457786.031250 0.000000 0.000000     0.036017     1.574506 
2457787.745378 0.000000 0.000000     0.085995     1.573964 
2457789.459506 0.000000 0.000000     0.158690     1.572119 
2457791.173634 0.000000 0.000000     0.258205     1.567977 
2457792.887762 0.000000 0.000000     0.380785     1.560558 
2457794.601890 0.000000 0.000000     0.514628     1.549694 
2457796.316018 0.000000 0.000000     0.641567     1.536731 
2457798.030146 0.000000 0.000000     0.740587     1.524526 
2457799.744274 0.000000 0.000000     0.792846     1.516455 
2457801.458401 0.000000 0.000000     0.787208     1.514905 
2457803.172529 0.000000 0.000000     0.724640     1.520195 
2457804.886657 0.000000 0.000000     0.619574     1.530518 
2457806.600785 0.000000 0.000000     0.496957     1.542700 
2457808.314913 0.000000 0.000000     0.385176     1.553258 
2457810.029041 0.000000 0.000000     0.306857     1.559062 
2457811.743169 0.000000 0.000000     0.270838     1.556956 
2457813.457297 0.000000 0.000000     0.268656     1.542675 
2457815.171425 0.000000 0.000000     0.277396     1.510514 
2457816.885553 0.000000 0.000000     0.268244     1.455047 
2457818.599681 0.000000 0.000000     0.217670     1.374813 
2457820.313809 0.000000 0.000000     0.116888     1.277739 
2457822.027937 0.000000 0.000000    -0.024165     1.188756 
2457823.742065 0.000000 0.000000    -0.179897     1.150690 
2457825.456192 0.000000 0.000000    -0.317871     1.189080 
2457827.170320 0.000000 0.000000    -0.409790     1.277103 
2457828.884448 0.000000 0.000000    -0.440412     1.372919 
2457830.598576 0.000000 0.000000    -0.411242     1.452752 
2457832.312704 0.000000 0.000000    -0.338119     1.509027 
2457834.026832 0.000000 0.000000    -0.244207     1.543209 
2457835.740960 0.000000 0.000000    -0.151383     1.561055 
2457837.455088 0.000000 0.000000    -0.073146     1.569100 
2457839.169216 0.000000 0.000000    -0.011107     1.572280 
2457840.883344 0.000000 0.000000     0.044356     1.573199 
2457842.597472 0.000000 0.000000     0.110049     1.572560 
2457844.311600 0.000000 0.000000     0.203953     1.569587 
2457846.025728 0.000000 0.000000     0.338834     1.562101 
2457847.739856 0.000000 0.000000     0.516906     1.546988 
2457849.453983 0.000000 0.000000     0.726776     1.521707 
2457851.168111 0.000000 0.000000     0.943739     1.486563 
2457852.882239 0.000000 0.000000     1.134000     1.446676 
2457854.596367 0.000000 0.000000     1.262498     1.412089 
2457856.310495 0.000000 0.000000     1.302660     1.394382 
2457858.024623 0.000000 0.000000     1.245214     1.400200 
2457859.738751 0.000000 0.000000     1.102754     1.426764 
2457861.452879 0.000000 0.000000     0.907675     1.464084 
2457863.167007 0.000000 0.000000     0.703266     1.500928 
2457864.881135 0.000000 0.000000     0.530486     1.528975 
2457866.595263 0.000000 0.000000     0.414981     1.543370 
2457868.309391 0.000000 0.000000     0.359240     1.540629 
2457870.023519 0.000000 0.000000     0.343059     1.515998 
2457871.737647 0.000000 0.000000     0.332295     1.462614 
2457873.451774 0.000000 0.000000     0.292551     1.373332 
2457875.165902 0.000000 0.000000     0.202494     1.244439 
2457876.880030 0.000000 0.000000     0.061749     1.083562 
2457878.594158 0.000000 0.000000    -0.109356     0.938898 
2457880.308286 0.000000 0.000000    -0.277588     0.934244 
2457882.022414 0.000000 0.000000    -0.408640     1.074073 
2457883.736542 0.000000 0.000000    -0.478327     1.234202 
2457885.450670 0.000000 0.000000    -0.479206     1.364507 
2457887.164798 0.000000 0.000000    -0.420894     1.457008 
2457888.878926 0.000000 0.000000    -0.324821     1.515444 
2457890.593054 0.000000 0.000000    -0.215943     1.547850 
2457892.307182 0.000000 0.000000    -0.114381     1.563397 
2457894.021310 0.000000 0.000000    -0.029411     1.569811 
2457895.735438 0.000000 0.000000     0.042913     1.571891 
2457897.449565 0.000000 0.000000     0.118231     1.571539 
2457899.163693 0.000000 0.000000     0.218885     1.568300 
2457900.877821 0.000000 0.000000     0.366465     1.559326 
2457902.591949 0.000000 0.000000     0.573412     1.539226 
2457904.306077 0.000000 0.000000     0.835833     1.501126 
2457906.020205 0.000000 0.000000     1.130039     1.439459 
2457907.734333 0.000000 0.000000     1.414865     1.354040 
2457909.448461 0.000000 0.000000     1.640381     1.255706 
2457911.162589 0.000000 0.000000     1.761267     1.173614 
2457912.876717 0.000000 0.000000     1.750863     1.150738 
2457914.590845 0.000000 0.000000     1.610871     1.202105 
2457916.304973 0.000000 0.000000     1.372562     1.293859 
2457918.019101 0.000000 0.000000     1.088227     1.387116 
2457919.733229 0.000000 0.000000     0.815364     1.461556 
2457921.447356 0.000000 0.000000     0.599129     1.510570 
2457923.161484 0.000000 0.000000     0.459490     1.534077 
2457924.875612 0.000000 0.000000     0.387747     1.533404 
2457926.589740 0.000000 0.000000     0.353353     1.508223 
2457928.303868 0.000000 0.000000     0.317891     1.456683 
2457930.017996 0.000000 0.000000     0.250449     1.378901 
2457931.732124 0.000000 0.000000     0.138530     1.282910 
2457933.446252 0.000000 0.000000    -0.009056     1.192757 
2457935.160380 0.000000 0.000000    -0.167387     1.150779 
2457936.874508 0.000000 0.000000    -0.305637     1.185061 
2457938.588636 0.000000 0.000000    -0.397876     1.271456 
2457940.302764 0.000000 0.000000    -0.430588     1.367672 
2457942.016892 0.000000 0.000000    -0.405020     1.448780 
2457943.731020 0.000000 0.000000    -0.334649     1.506508 
2457945.445147 0.000000 0.000000    -0.239521     1.541915 
2457947.159275 0.000000 0.000000    -0.139558     1.560511 
2457948.873403 0.000000 0.000000    -0.048530     1.568760 
2457950.587531 0.000000 0.000000     0.030194     1.571664 
2457952.301659 0.000000 0.000000     0.105294     1.571809 
2457954.015787 0.000000 0.000000     0.195848     1.569459 
2457955.729915 0.000000 0.000000     0.325975     1.562469 
2457957.444043 0.000000 0.000000     0.516289     1.545632 
2457959.158171 0.000000 0.000000     0.774151     1.510635 
2457960.872299 0.000000 0.000000     1.086003     1.447729 
2457962.586427 0.000000 0.000000     1.415428     1.348715 
2457964.300555 0.000000 0.000000     1.709171     1.210808 
2457966.014683 0.000000 0.000000     1.910542     1.046171 
2457967.728811 0.000000 0.000000     1.976310     0.918357 
2457969.442938 0.000000 0.000000     1.891141     0.951198 
2457971.157066 0.000000 0.000000     1.673808     1.103330 
2457972.871194 0.000000 0.000000     1.372262     1.259404 
2457974.585322 0.000000 0.000000     1.048926     1.382403 
2457976.299450 0.000000 0.000000     0.761547     1.467369 
2457978.013578 0.000000 0.000000     0.546722     1.518127 
2457979.727706 0.000000 0.000000     0.411985     1.541245 
2457981.441834 0.000000 0.000000     0.338708     1.542920 
2457983.155962 0.000000 0.000000     0.293649     1.527406 
2457984.870090 0.000000 0.000000     0.243797     1.498036 
2457986.584218 0.000000 0.000000     0.168530     1.460072 
2457988.298346 0.000000 0.000000     0.064990     1.422812 
2457990.012474 0.000000 0.000000    -0.054058     1.398349 
2457991.726602 0.000000 0.000000    -0.167563     1.396164 
2457993.440729 0.000000 0.000000    -0.254862     1.417049 
2457995.154857 0.000000 0.000000    -0.302282     1.452777 
2457996.868985 0.000000 0.000000    -0.305985     1.491863 
2457998.583113 0.000000 0.000000    -0.271267     1.525340 
2458000.297241 0.000000 0.000000    -0.209615     1.549049 
2458002.011369 0.000000 0.000000    -0.134891     1.563096 
2458003.725497 0.000000 0.000000    -0.059419     1.570002 
2458005.439625 0.000000 0.000000     0.009686     1.572692 
2458007.153753 0.000000 0.000000     0.073513     1.573175 
2458008.867881 0.000000 0.000000     0.142671     1.572102 
2458010.582009 0.000000 0.000000     0.235607     1.568631 
2458012.296137 0.000000 0.000000     0.373112     1.559918 
2458014.010265 0.000000 0.000000     0.569739     1.540645 
2458015.724393 0.000000 0.000000     0.824769     1.503865 
2458017.438520 0.000000 0.000000     1.116591     1.443721 
2458019.152648 0.000000 0.000000     1.403873     1.359543 
2458020.866776 0.000000 0.000000     1.634650     1.261362 
2458022.580904 0.000000 0.000000     1.761056     1.177159 
2458024.295032 0.000000 0.000000     1.754650     1.149946 
2458026.009160 0.000000 0.000000     1.616385     1.197807 
2458027.723288 0.000000 0.000000     1.377038     1.288806 
2458029.437416 0.000000 0.000000     1.087630     1.383295 
2458031.151544 0.000000 0.000000     0.803413     1.460202 
2458032.865672 0.000000 0.000000     0.567538     1.513172 
2458034.579800 0.000000 0.000000     0.400423     1.543840 
2458036.293928 0.000000 0.000000     0.298180     1.557295 
2458038.008056 0.000000 0.000000     0.239544     1.558859 
2458039.722184 0.000000 0.000000     0.197489     1.552570 
2458041.436311 0.000000 0.000000     0.150354     1.541574 
2458043.150439 0.000000 0.000000     0.088390     1.529211 
2458044.864567 0.000000 0.000000     0.014251     1.519229 
2458046.578695 0.000000 0.000000    -0.061255     1.514836 
2458048.292823 0.000000 0.000000    -0.125235     1.517485 
2458050.006951 0.000000 0.000000    -0.167739     1.526327 
2458051.721079 0.000000 0.000000    -0.184217     1.538686 
2458053.435207 0.000000 0.000000    -0.175493     1.551290 
2458055.149335 0.000000 0.000000    -0.146349     1.561603 
2458056.863463 0.000000 0.000000    -0.103766     1.568546 
2458058.577591 0.000000 0.000000    -0.055238     1.572384 
2458060.291719 0.000000 0.000000    -0.006914     1.574066 
2458062.005847 0.000000 0.000000     0.038619     1.574520 
2458063.719975 0.000000 0.000000     0.084475     1.574229 
2458065.434102 0.000000 0.000000     0.140316     1.573078 
2458067.148230 0.000000 0.000000     0.220509     1.570135 
2458068.862358 0.000000 0.000000     0.339125     1.563309 
2458070.576486 0.000000 0.000000     0.502908     1.549464 
2458072.290614 0.000000 0.000000     0.704952     1.525723 
2458074.004742 0.000000 0.000000     0.922267     1.491778 
2458075.718870 0.000000 0.000000     1.119341     1.452037 
2458077.432998 0.000000 0.000000     1.257368     1.416025 
2458079.147126 0.000000 0.000000     1.306172     1.395479 
2458080.861254 0.000000 0.000000     1.254322     1.398156 
2458082.575382 0.000000 0.000000     1.113324     1.422682 
2458084.289510 0.000000 0.000000     0.914065     1.459793 
2458086.003638 0.000000 0.000000     0.696848     1.498319 
2458087.717766 0.000000 0.000000     0.498957     1.530131 
2458089.431893 0.000000 0.000000     0.344518     1.551827 
2458091.146021 0.000000 0.000000     0.240138     1.563952 
2458092.860149 0.000000 0.000000     0.177198     1.569050 
2458094.574277 0.000000 0.000000     0.138866     1.569787 
2458096.288405 0.000000 0.000000     0.108304     1.568098 
2458098.002533 0.000000 0.000000     0.074686     1.565317 
2458099.716661 0.000000 0.000000     0.035226     1.562550 
2458101.430789 0.000000 0.000000    -0.006517     1.560737 
2458103.144917 0.000000 0.000000    -0.044249     1.560472 
2458104.859045 0.000000 0.000000    -0.072357     1.561859 
2458106.573173 0.000000 0.000000    -0.087765     1.564509 
2458108.287301 0.000000 0.000000    -0.090098     1.567701 
2458110.001429 0.000000 0.000000    -0.080885     1.570680 
2458111.715557 0.000000 0.000000    -0.062715     1.572941 
2458113.429684 0.000000 0.000000    -0.038717     1.574345 
2458115.143812 0.000000 0.000000    -0.012132     1.575040 
2458116.857940 0.000000 0.000000     0.014542     1.575276 
2458118.572068 0.000000 0.000000     0.040959     1.575241 
2458120.286196 0.000000 0.000000     0.070303     1.574971 
2458122.000324 0.000000 0.000000     0.109557     1.574279 
2458123.714452 0.000000 0.000000     0.167745     1.572633 
2458125.428580 0.000000 0.000000     0.252147     1.569071 
2458127.142708 0.000000 0.000000     0.363735     1.562480 
2458128.856836 0.000000 0.000000     0.493915     1.552359 
2458130.570964 0.000000 0.000000     0.624506     1.539666 
2458132.285092 0.000000 0.000000     0.731704     1.526996 
2458133.999220 0.000000 0.000000     0.792978     1.517751 
2458135.713348 0.000000 0.000000     0.794384     1.514680 
2458137.427475 0.000000 0.000000     0.735385     1.518663 
2458139.141603 0.000000 0.000000     0.629147     1.528391 
2458140.855731 0.000000 0.000000     0.498184     1.541008 
2458142.569859 0.000000 0.000000     0.367122     1.553335 
2458144.283987 0.000000 0.000000     0.255462     1.563063 
2458145.998115 0.000000 0.000000     0.173035     1.569366 
2458147.712243 0.000000 0.000000     0.119462     1.572689 
2458149.426371 0.000000 0.000000     0.087180     1.574025 
2458151.140499 0.000000 0.000000     0.066200     1.574272 
2458152.854627 0.000000 0.000000     0.048392     1.574004 
2458154.568755 0.000000 0.000000     0.029721     1.573562 
2458156.282883 0.000000 0.000000     0.010131     1.573175 
2458157.997011 0.000000 0.000000    -0.008166     1.572993 
2458159.711139 0.000000 0.000000    -0.022682     1.573089 
2458161.425266 0.000000 0.000000    -0.031933     1.573443 
2458163.139394 0.000000 0.000000    -0.035670     1.573963 
2458164.853522 0.000000 0.000000    -0.034416     1.574515 
2458166.567650 0.000000 0.000000    -0.028956     1.574984 
2458168.281778 0.000000 0.000000    -0.020141     1.575309 
2458169.995906 0.000000 0.000000    -0.008981     1.575491 
2458171.710034 0.000000 0.000000     0.003379     1.575564 
2458173.424162 0.000000 0.000000     0.016129     1.575568 
2458175.138290 0.000000 0.000000     0.029640     1.575522 
2458176.852418 0.000000 0.000000     0.046182     1.575406 
2458178.566546 0.000000 0.000000     0.069801     1.575131 
2458180.280674 0.000000 0.000000     0.104978     1.574508 
2458181.994802 0.000000 0.000000     0.154349     1.573256 
2458183.708930 0.000000 0.000000     0.216412     1.571142 
2458185.423057 0.000000 0.000000     0.284427     1.568220 
2458187.137185 0.000000 0.000000     0.347329     1.564963 
2458188.851313 0.000000 0.000000     0.392625     1.562149 
2458190.565441 0.000000 0.000000     0.410298     1.560547 
2458192.279569 0.000000 0.000000     0.396183     1.560598 
2458193.993697 0.000000 0.000000     0.353423     1.562267 
2458195.707825 0.000000 0.000000     0.291399     1.565073 
2458197.421953 0.000000 0.000000     0.222606     1.568275 
2458199.136081 0.000000 0.000000     0.158750     1.571150 
2458200.850209 0.000000 0.000000     0.107609     1.573255 
2458202.564337 0.000000 0.000000     0.071726     1.574520 
2458204.278465 0.000000 0.000000     0.049114     1.575141 
2458205.992593 0.000000 0.000000     0.035336     1.575382 
2458207.706721 0.000000 0.000000     0.025847     1.575439 
2458209.420848 0.000000 0.000000     0.017615     1.575420 
2458211.134976 0.000000 0.000000     0.009569     1.575381 
2458212.849104 0.000000 0.000000     0.002061     1.575351 
2458214.563232 0.000000 0.000000    -0.004076     1.575347 
2458216.277360 0.000000 0.000000    -0.008277     1.575373 
2458217.991488 0.000000 0.000000    -0.010485     1.575424 
2458219.705616 0.000000 0.000000    -0.010965     1.575487 
2458221.419744 0.000000 0.000000    -0.009998     1.575548 
2458223.133872 0.000000 0.000000    -0.007740     1.575595 
2458224.848000 0.000000 0.000000    -0.004311     1.575624 
2458226.562128 0.000000 0.000000     0.000042     1.575639 
2458228.276256 0.000000 0.000000     0.004952     1.575641 
2458229.990384 0.000000 0.000000     0.010218     1.575636 
2458231.704512 0.000000 0.000000     0.016228     1.575622 
2458233.418639 0.000000 0.000000     0.024217     1.575590 
2458235.132767 0.000000 0.000000     0.036029     1.575518 
2458236.846895 0.000000 0.000000     0.053342     1.575364 
2458238.561023 0.000000 0.000000     0.076606     1.575077 
2458240.275151 0.000000 0.000000     0.104209     1.574636 
2458241.989279 0.000000 0.000000     0.132362     1.574085 
2458243.703407 0.000000 0.000000     0.155915     1.573539 
2458245.417535 0.000000 0.000000     0.169867     1.573138 
2458247.131663 0.000000 0.000000     0.171011     1.572992 
2458248.845791 0.000000 0.000000     0.159038     1.573138 
2458250.559919 0.000000 0.000000     0.136631     1.573532 
2458252.274047 0.000000 0.000000     0.108543     1.574067 
2458253.988175 0.000000 0.000000     0.080041     1.574611 
2458255.702303 0.000000 0.000000     0.055363     1.575056 
2458257.416430 0.000000 0.000000     0.036751     1.575355 
2458259.130558 0.000000 0.000000     0.024334     1.575519 
2458260.844686 0.000000 0.000000     0.016741     1.575594 
2458262.558814 0.000000 0.000000     0.012057     1.575621 
2458264.272942 0.000000 0.000000     0.008659     1.575627 
2458265.987070 0.000000 0.000000     0.005647     1.575625 
2458267.701198 0.000000 0.000000     0.002815     1.575621 
2458269.415326 0.000000 0.000000     0.000343     1.575618 
2458271.129454 0.000000 0.000000    -0.001544     1.575619 
2458272.843582 0.000000 0.000000    -0.002766     1.575623 
2458274.557710 0.000000 0.000000    -0.003378     1.575629 
2458276.271838 0.000000 0.000000    -0.003469     1.575636 
2458277.985966 0.000000 0.000000    -0.003082     1.575643 
2458279.700094 0.000000 0.000000    -0.002219     1.575647 
2458281.414221 0.000000 0.000000    -0.000919     1.575650 
2458283.128349 0.000000 0.000000     0.000698     1.575652 
2458284.842477 0.000000 0.000000     0.002485     1.575651 
2458286.556605 0.000000 0.000000     0.004414     1.575650 
2458288.270733 0.000000 0.000000     0.006725     1.575648 
2458289.984861 0.000000 0.000000     0.009954     1.575643 
2458291.698989 0.000000 0.000000     0.014758     1.575631 
2458293.413117 0.000000 0.000000     0.021571     1.575606 
2458295.127245 0.000000 0.000000     0.030254     1.575565 
2458296.841373 0.000000 0.000000     0.039901     1.575507 
2458298.555501 0.000000 0.000000     0.048958     1.575442 
2458300.269629 0.000000 0.000000     0.055630     1.575385 
2458301.983757 0.000000 0.000000     0.058444     1.575351 
2458303.697885 0.000000 0.000000     0.056743     1.575350 
2458305.412012 0.000000 0.000000     0.050909     1.575381 
2458307.126140 0.000000 0.000000     0.042223     1.575436 
2458308.840268 0.000000 0.000000     0.032442     1.575500 
2458310.554396 0.000000 0.000000     0.023253     1.575558 
2458312.268524 0.000000 0.000000     0.015829     1.575602 
2458313.982652 0.000000 0.000000     0.010617     1.575629 
2458315.696780 0.000000 0.000000     0.007405     1.575642 
2458317.410908 0.000000 0.000000     0.005574     1.575646 
2458319.125036 0.000000 0.000000     0.004420     1.575646 
2458320.839164 0.000000 0.000000     0.003400     1.575644 
2458322.553292 0.000000 0.000000     0.002237     1.575640 
2458324.267420 0.000000 0.000000     0.000907     1.575637 
2458325.981548 0.000000 0.000000    -0.000456     1.575636 
2458327.695676 0.000000 0.000000    -0.001667     1.575636 
2458329.409803 0.000000 0.000000    -0.002564     1.575638 
2458331.123931 0.000000 0.000000    -0.003044     1.575641 
2458332.838059 0.000000 0.000000    -0.003075     1.575645 
2458334.552187 0.000000 0.000000    -0.002695     1.575648 
2458336.266315 0.000000 0.000000    -0.002005     1.575650 
2458337.980443 0.000000 0.000000    -0.001151     1.575652 
2458339.694571 0.000000 0.000000    -0.000275     1.575653 
2458341.408699 0.000000 0.000000     0.000541     1.575653 
2458343.122827 0.000000 0.000000     0.001328     1.575653 
2458344.836955 0.000000 0.000000     0.002244     1.575652 
2458346.551083 0.000000 0.000000     0.003530     1.575652 
2458348.265211 0.000000 0.000000     0.005407     1.575650 
2458349.979339 0.000000 0.000000     0.007962     1.575647 
2458351.693467 0.000000 0.000000     0.011054     1.575641 
2458353.407594 0.000000 0.000000     0.014305     1.575635 
2458355.121722 0.000000 0.000000     0.017171     1.575627 
2458356.835850 0.000000 0.000000     0.019092     1.575621 
2458358.549978 0.000000 0.000000     0.019661     1.575618 
2458360.264106 0.000000 0.000000     0.018755     1.575619 
2458361.978234 0.000000 0.000000     0.016572     1.575624 
2458363.692362 0.000000 0.000000     0.013581     1.575630 
2458365.406490 0.000000 0.000000     0.010381     1.575637 
2458367.120618 0.000000 0.000000     0.007529     1.575644 
2458368.834746 0.000000 0.000000     0.005397     1.575648 
2458370.548874 0.000000 0.000000     0.004093     1.575650 
2458372.263002 0.000000 0.000000     0.003467     1.575650 
2458373.977130 0.000000 0.000000     0.003195     1.575648 
2458375.691258 0.000000 0.000000     0.002910     1.575644 
2458377.405385 0.000000 0.000000     0.002326     1.575639 
2458379.119513 0.000000 0.000000     0.001325     1.575634 
2458380.833641 0.000000 0.000000    -0.000022     1.575630 
2458382.547769 0.000000 0.000000    -0.001493     1.575629 
2458384.261897 0.000000 0.000000    -0.002804     1.575630 
2458385.976025 0.000000 0.000000    -0.003701     1.575633 
2458387.690153 0.000000 0.000000    -0.004042     1.575638 
2458389.404281 0.000000 0.000000    -0.003826     1.575643 
2458391.118409 0.000000 0.000000    -0.003180     1.575647 
2458392.832537 0.000000 0.000000    -0.002304     1.575650 
2458394.546665 0.000000 0.000000    -0.001401     1.575652 
2458396.260793 0.000000 0.000000    -0.000608     1.575653 
2458397.974921 0.000000 0.000000     0.000044     1.575653 
2458399.689049 0.000000 0.000000     0.000637     1.575653 
2458401.403176 0.000000 0.000000     0.001335     1.575653 
2458403.117304 0.000000 0.000000     0.002328     1.575652 
2458404.831432 0.000000 0.000000     0.003757     1.575652 
2458406.545560 0.000000 0.000000     0.005655     1.575650 
2458408.259688 0.000000 0.000000     0.007901     1.575647 
2458409.973816 0.000000 0.000000     0.010227     1.575644 
2458411.687944 0.000000 0.000000     0.012262     1.575640 
2458413.402072 0.000000 0.000000     0.013627     1.575637 
2458415.116200 0.000000 0.000000     0.014038     1.575635 
2458416.830328 0.000000 0.000000     0.013401     1.575636 
2458418.544456 0.000000 0.000000     0.011854     1.575638 
2458420.258584 0.000000 0.000000     0.009738     1.575642 
2458421.972712 0.000000 0.000000     0.007503     1.575645 
2458423.686840 0.000000 0.000000     0.005575     1.575648 
2458425.400967 0.000000 0.000000     0.004222     1.575650 
2458427.115095 0.000000 0.000000     0.003490     1.575650 
2458428.829223 0.000000 0.000000     0.003198     1.575649 
2458430.543351 0.000000 0.000000     0.003033     1.575646 
2458432.257479 0.000000 0.000000     0.002670     1.575641 
2458433.971607 0.000000 0.000000     0.001897     1.575636 
2458435.685735 0.000000 0.000000     0.000690     1.575631 
2458437.399863 0.000000 0.000000    -0.000790     1.575628 
2458439.113991 0.000000 0.000000    -0.002263     1.575627 
2458440.828119 0.000000 0.000000    -0.003434     1.575630 
2458442.542247 0.000000 0.000000    -0.004088     1.575634 
2458444.256375 0.000000 0.000000    -0.004150     1.575640 
2458445.970503 0.000000 0.000000    -0.003689     1.575645 
2458447.684631 0.000000 0.000000    -0.002879     1.575649 
2458449.398758 0.000000 0.000000    -0.001933     1.575651 
2458451.112886 0.000000 0.000000    -0.001027     1.575652 
2458452.827014 0.000000 0.000000    -0.000254     1.575653 
2458454.541142 0.000000 0.000000     0.000410     1.575653 
2458456.255270 0.000000 0.000000     0.001091     1.575653 
2458457.969398 0.000000 0.000000     0.001989     1.575653 
2458459.683526 0.000000 0.000000     0.003306     1.575652 
2458461.397654 0.000000 0.000000     0.005172     1.575650 
2458463.111782 0.000000 0.000000     0.007570     1.575647 
2458464.825910 0.000000 0.000000     0.010299     1.575643 
2458466.540038 0.000000 0.000000     0.012984     1.575638 
2458468.254166 0.000000 0.000000     0.015160     1.575633 
2458469.968294 0.000000 0.000000     0.016389     1.575630 
2458471.682422 0.000000 0.000000     0.016402     1.575629 
2458473.396549 0.000000 0.000000     0.015189     1.575630 
2458475.110677 0.000000 0.000000     0.013020     1.575634 
2458476.824805 0.000000 0.000000     0.010370     1.575639 
2458478.538933 0.000000 0.000000     0.007772     1.575644 
2458480.253061 0.000000 0.000000     0.005657     1.575648 
2458481.967189 0.000000 0.000000     0.004234     1.575650 
2458483.681317 0.000000 0.000000     0.003451     1.575650 
2458485.395445 0.000000 0.000000     0.003057     1.575649 
2458487.109573 0.000000 0.000000     0.002721     1.575647 
2458488.823701 0.000000 0.000000     0.002165     1.575643 
2458490.537829 0.000000 0.000000     0.001267     1.575639 
2458492.251957 0.000000 0.000000     0.000078     1.575636 
2458493.966085 0.000000 0.000000    -0.001208     1.575635 
2458495.680213 0.000000 0.000000    -0.002348     1.575636 
2458497.394340 0.000000 0.000000    -0.003129     1.575638 
2458499.108468 0.000000 0.000000    -0.003439     1.575642 
2458500.822596 0.000000 0.000000    -0.003277     1.575646 
2458502.536724 0.000000 0.000000    -0.002742     1.575649 
2458504.250852 0.000000 0.000000    -0.001987     1.575651 
2458505.964980 0.000000 0.000000    -0.001170     1.575652 
2458507.679108 0.000000 0.000000    -0.000408     1.575653 
2458509.393236 0.000000 0.000000     0.000262     1.575653 
2458511.107364 0.000000 0.000000     0.000898     1.575653 
2458512.821492 0.000000 0.000000     0.001654     1.575653 
2458514.535620 0.000000 0.000000     0.002730     1.575652 
2458516.249748 0.000000 0.000000     0.004313     1.575651 
2458517.963876 0.000000 0.000000     0.006484     1.575649 
2458519.678004 0.000000 0.000000     0.009145     1.575645 
2458521.392131 0.000000 0.000000     0.011999     1.575640 
2458523.106259 0.000000 0.000000     0.014593     1.575634 
2458524.820387 0.000000 0.000000     0.016429     1.575630 
2458526.534515 0.000000 0.000000     0.017114     1.575627 
2458528.248643 0.000000 0.000000     0.016489     1.575627 
2458529.962771 0.000000 0.000000     0.014692     1.575630 
2458531.676899 0.000000 0.000000     0.012120     1.575635 
2458533.391027 0.000000 0.000000     0.009305     1.575641 
2458535.105155 0.000000 0.000000     0.006754     1.575646 
2458536.819283 0.000000 0.000000     0.004801     1.575649 
2458538.533411 0.000000 0.000000     0.003535     1.575651 
2458540.247539 0.000000 0.000000     0.002822     1.575651 
2458541.961667 0.000000 0.000000     0.002396     1.575651 
2458543.675795 0.000000 0.000000     0.001982     1.575649 
2458545.389922 0.000000 0.000000     0.001401     1.575647 
2458547.104050 0.000000 0.000000     0.000613     1.575646 
2458548.818178 0.000000 0.000000    -0.000295     1.575645 
2458550.532306 0.000000 0.000000    -0.001169     1.575645 
2458552.246434 0.000000 0.000000    -0.001853     1.575645 
2458553.960562 0.000000 0.000000    -0.002241     1.575647 
2458555.674690 0.000000 0.000000    -0.002301     1.575649 
2458557.388818 0.000000 0.000000    -0.002067     1.575650 
2458559.102946 0.000000 0.000000    -0.001619     1.575652 
2458560.817074 0.000000 0.000000    -0.001057     1.575652 
2458562.531202 0.000000 0.000000    -0.000474     1.575653 
2458564.245330 0.000000 0.000000     0.000070     1.575653 
2458565.959458 0.000000 0.000000     0.000577     1.575653 
2458567.673586 0.000000 0.000000     0.001119     1.575653 
2458569.387713 0.000000 0.000000     0.001837     1.575653 
2458571.101841 0.000000 0.000000     0.002897     1.575652 
2458572.815969 0.000000 0.000000     0.004426     1.575651 
2458574.530097 0.000000 0.000000     0.006435     1.575649 
2458576.244225 0.000000 0.000000     0.008766     1.575646 
2458577.958353 0.000000 0.000000     0.011101     1.575642 
2458579.672481 0.000000 0.000000     0.013023     1.575638 
2458581.386609 0.000000 0.000000     0.014135     1.575636 
2458583.100737 0.000000 0.000000     0.014188     1.575635 
2458584.814865 0.000000 0.000000     0.013166     1.575636 
2458586.528993 0.000000 0.000000     0.011297     1.575639 
2458588.243121 0.000000 0.000000     0.008981     1.575642 
2458589.957249 0.000000 0.000000     0.006663     1.575646 
2458591.671377 0.000000 0.000000     0.004703     1.575649 
2458593.385504 0.000000 0.000000     0.003283     1.575651 
2458595.099632 0.000000 0.000000     0.002392     1.575652 
2458596.813760 0.000000 0.000000     0.001875     1.575652 
2458598.527888 0.000000 0.000000     0.001524     1.575652 
2458600.242016 0.000000 0.000000     0.001166     1.575652 
2458601.956144 0.000000 0.000000     0.000714     1.575651 
2458603.670272 0.000000 0.000000     0.000179     1.575651 
2458605.384400 0.000000 0.000000    -0.000368     1.575650 
2458607.098528 0.000000 0.000000    -0.000835     1.575650 
2458608.812656 0.000000 0.000000    -0.001153     1.575651 
2458610.526784 0.000000 0.000000    -0.001287     1.575651 
2458612.240912 0.000000 0.000000    -0.001243     1.575652 
2458613.955040 0.000000 0.000000    -0.001050     1.575652 
2458615.669168 0.000000 0.000000    -0.000756     1.575653 
2458617.383295 0.000000 0.000000    -0.000411     1.575653 
2458619.097423 0.000000 0.000000    -0.000058     1.575653 
2458620.811551 0.000000 0.000000     0.000279     1.575653 
2458622.525679 0.000000 0.000000     0.000619     1.575653 
2458624.239807 0.000000 0.000000     0.001027     1.575653 
2458625.953935 0.000000 0.000000     0.001608     1.575653 
2458627.668063 0.000000 0.000000     0.002469     1.575653 
2458629.382191 0.000000 0.000000     0.003670     1.575652 
2458631.096319 0.000000 0.000000     0.005171     1.575651 
2458632.810447 0.000000 0.000000     0.006810     1.575649 
2458634.524575 0.000000 0.000000     0.008325     1.575647 
2458636.238703 0.000000 0.000000     0.009423     1.575645 
2458637.952831 0.000000 0.000000     0.009864     1.575645 
2458639.666959 0.000000 0.000000     0.009546     1.575645 
2458641.381086 0.000000 0.000000     0.008540     1.575646 
2458643.095214 0.000000 0.000000     0.007066     1.575647 
2458644.809342 0.000000 0.000000     0.005425     1.575649 
2458646.523470 0.000000 0.000000     0.003901     1.575651 
2458648.237598 0.000000 0.000000     0.002688     1.575652 
2458649.951726 0.000000 0.000000     0.001850     1.575652 
2458651.665854 0.000000 0.000000     0.001335     1.575653 
2458653.379982 0.000000 0.000000     0.001023     1.575653 
2458655.094110 0.000000 0.000000     0.000790     1.575653 
2458656.808238 0.000000 0.000000     0.000552     1.575653 
2458658.522366 0.000000 0.000000     0.000282     1.575653 
2458660.236494 0.000000 0.000000    -0.000002     1.575653 
2458661.950622 0.000000 0.000000    -0.000259     1.575653 
2458663.664750 0.000000 0.000000    -0.000451     1.575653 
2458665.378877 0.000000 0.000000    -0.000560     1.575653 
2458667.093005 0.000000 0.000000    -0.000583     1.575653 
2458668.807133 0.000000 0.000000    -0.000530     1.575653 
2458670.521261 0.000000 0.000000    -0.000417     1.575653 
2458672.235389 0.000000 0.000000    -0.000262     1.575653 
2458673.949517 0.000000 0.000000    -0.000086     1.575653 
2458675.663645 0.000000 0.000000     0.000096     1.575653 
2458677.377773 0.000000 0.000000     0.000279     1.575653 
2458679.091901 0.000000 0.000000     0.000483     1.575653 
2458680.806029 0.000000 0.000000     0.000755     1.575653 
2458682.520157 0.000000 0.000000     0.001157     1.575653 
2458684.234285 0.000000 0.000000     0.001739     1.575653 
2458685.948413 0.000000 0.000000     0.002514     1.575653 
2458687.662541 0.000000 0.000000     0.003428     1.575652 
2458689.376668 0.000000 0.000000     0.004356     1.575651 
2458691.090796 0.000000 0.000000     0.005136     1.575651 
2458692.804924 0.000000 0.000000     0.005605     1.575650 
2458694.519052 0.000000 0.000000     0.005659     1.575650 
2458696.233180 0.000000 0.000000     0.005284     1.575650 
2458697.947308 0.000000 0.000000     0.004564     1.575651 
2458699.661436 0.000000 0.000000     0.003650     1.575651 
2458701.375564 0.000000 0.000000     0.002715     1.575652 
2458703.089692 0.000000 0.000000     0.001899     1.575653 
2458704.803820 0.000000 0.000000     0.001280     1.575653 
2458706.517948 0.000000 0.000000     0.000866     1.575653 
2458708.232076 0.000000 0.000000     0.000612     1.575653 
2458709.946204 0.000000 0.000000     0.000451     1.575653 
2458711.660332 0.000000 0.000000     0.000327     1.575653 
2458713.374459 0.000000 0.000000     0.000206     1.575653 
2458715.088587 0.000000 0.000000     0.000085     1.575653 
2458716.802715 0.000000 0.000000    -0.000026     1.575653 
2458718.516843 0.000000 0.000000    -0.000114     1.575653 
2458720.230971 0.000000 0.000000    -0.000170     1.575653 
2458721.945099 0.000000 0.000000    -0.000193     1.575653 
2458723.659227 0.000000 0.000000    -0.000187     1.575653 
2458725.373355 0.000000 0.000000    -0.000158     1.575653 
2458727.087483 0.000000 0.000000    -0.000112     1.575653 
2458728.801611 0.000000 0.000000    -0.000051     1.575653 
2458730.515739 0.000000 0.000000     0.000018     1.575653 
2458732.229867 0.000000 0.000000     0.000095     1.575653 
2458733.943995 0.000000 0.000000     0.000183     1.575653 
2458735.658122 0.000000 0.000000     0.000299     1.575653 
2458737.372250 0.000000 0.000000     0.000464     1.575653 
2458739.086378 0.000000 0.000000     0.000706     1.575653 
2458740.800506 0.000000 0.000000     0.001036     1.575653 
2458742.514634 0.000000 0.000000     0.001443     1.575653 
2458744.228762 0.000000 0.000000     0.001886     1.575653 
2458745.942890 0.000000 0.000000     0.002296     1.575653 
2458747.657018 0.000000 0.000000     0.002598     1.575653 
2458749.371146 0.000000 0.000000     0.002728     1.575653 
2458751.085274 0.000000 0.000000     0.002659     1.575653 
2458752.799402 0.000000 0.000000     0.002406     1.575653 
2458754.513530 0.000000 0.000000     0.002020     1.575653 
2458756.227658 0.000000 0.000000     0.001576     1.575653 
2458757.941786 0.000000 0.000000     0.001146     1.575653 
2458759.655913 0.000000 0.000000     0.000783     1.575653 
2458761.370041 0.000000 0.000000     0.000512     1.575653 
2458763.084169 0.000000 0.000000     0.000331     1.575653 
2458764.798297 0.000000 0.000000     0.000217     1.575653 
2458766.512425 0.000000 0.000000     0.000146     1.575653 
2458768.226553 0.000000 0.000000     0.000098     1.575653 
2458769.940681 0.000000 0.000000     0.000060     1.575653 
2458771.654809 0.000000 0.000000     0.000028     1.575653 
2458773.368937 0.000000 0.000000     0.000005     1.575653 
2458775.083065 0.000000 0.000000    -0.000009     1.575653 
2458776.797193 0.000000 0.000000    -0.000015     1.575653 
2458778.511321 0.000000 0.000000    -0.000014     1.575653 
2458780.225449 0.000000 0.000000    -0.000011     1.575653 
2458781.939577 0.000000 0.000000    -0.000007     1.575653 
2458783.653704 0.000000 0.000000    -0.000004     1.575653 
2458785.367832 0.000000 0.000000     0.000001     1.575653 
2458787.081960 0.000000 0.000000     0.000013     1.575653 
2458788.796088 0.000000 0.000000     0.000038     1.575653 
2458790.510216 0.000000 0.000000     0.000084     1.575653 
2458792.224344 0.000000 0.000000     0.000158     1.575653 
2458793.938472 0.000000 0.000000     0.000264     1.575653 
2458795.652600 0.000000 0.000000     0.000402     1.575653 
2458797.366728 0.000000 0.000000     0.000561     1.575653 
2458799.080856 0.000000 0.000000     0.000727     1.575653 
2458800.794984 0.000000 0.000000     0.000880     1.575653 
2458802.509112 0.000000 0.000000     0.000999     1.575653 
2458804.223240 0.000000 0.000000     0.001068     1.575653 
2458805.937368 0.000000 0.000000     0.001078     1.575653 
2458807.651495 0.000000 0.000000     0.001027     1.575653 
2458809.365623 0.000000 0.000000     0.000923     1.575653 
2458811.079751 0.000000 0.000000     0.000780     1.575653 
2458812.793879 0.000000 0.000000     0.000616     1.575653 
2458814.508007 0.000000 0.000000     0.000450     1.575653 
2458816.222135 0.000000 0.000000     0.000299     1.575653 
2458817.936263 0.000000 0.000000     0.000177     1.575653 
2458819.650391 0.000000 0.000000     0.000090     1.575653 
2458821.364519 0.000000 0.000000     0.000037     1.575653 
2458823.078647 0.000000 0.000000     0.000014     1.575653 
2458824.792775 0.000000 0.000000     0.000011     1.575653 
2458826.506903 0.000000 0.000000     0.000018     1.575653 
2458828.221031 0.000000 0.000000     0.000030     1.575653 
2458829.935159 0.000000 0.000000     0.000042     1.575653 
2458831.649286 0.000000 0.000000     0.000053     1.575653 
2458833.363414 0.000000 0.000000     0.000060     1.575653 
2458835.077542 0.000000 0.000000     0.000063     1.575653 
2458836.791670 0.000000 0.000000     0.000057     1.575653 
2458838.505798 0.000000 0.000000     0.000039     1.575653 
2458840.219926 0.000000 0.000000     0.000013     1.575653 
2458841.934054 0.000000 0.000000    -0.000014     1.575653 
2458843.648182 0.000000 0.000000    -0.000029     1.575653 
2458845.362310 0.000000 0.000000    -0.000019     1.575653 
2458847.076438 0.000000 0.000000     0.000025     1.575653 
2458848.790566 0.000000 0.000000     0.000100     1.575653 
2458850.504694 0.000000 0.000000     0.000192     1.575653 
2458852.218822 0.000000 0.000000     0.000283     1.575653 
2458853.932950 0.000000 0.000000     0.000353     1.575653 
2458855.647077 0.000000 0.000000     0.000393     1.575653 
2458857.361205 0.000000 0.000000     0.000404     1.575653 
2458859.075333 0.000000 0.000000     0.000398     1.575653 
2458860.789461 0.000000 0.000000     0.000389     1.575653 
2458862.503589 0.000000 0.000000     0.000385     1.575653 
2458864.217717 0.000000 0.000000     0.000386     1.575653 
2458865.931845 0.000000 0.000000     0.000381     1.575653 
2458867.645973 0.000000 0.000000     0.000358     1.575653 
2458869.360101 0.000000 0.000000     0.000306     1.575653 
2458871.074229 0.000000 0.000000     0.000229     1.575653 
2458872.788357 0.000000 0.000000     0.000138     1.575653 
2458874.502485 0.000000 0.000000     0.000054     1.575653 
2458876.216613 0.000000 0.000000    -0.000007     1.575653 
2458877.930741 0.000000 0.000000    -0.000035     1.575653 
2458879.644868 0.000000 0.000000    -0.000033     1.575653 
2458881.358996 0.000000 0.000000    -0.000010     1.575653 
2458883.073124 0.000000 0.000000     0.000021     1.575653 
2458884.787252 0.000000 0.000000     0.000053     1.575653 
2458886.501380 0.000000 0.000000     0.000078     1.575653 
2458888.215508 0.000000 0.000000     0.000097     1.575653 
2458889.929636 0.000000 0.000000     0.000107     1.575653 
2458891.643764 0.000000 0.000000     0.000103     1.575653 
2458893.357892 0.000000 0.000000     0.000082     1.575653 
2458895.072020 0.000000 0.000000     0.000042     1.575653 
2458896.786148 0.000000 0.000000    -0.000009     1.575653 
2458898.500276 0.000000 0.000000    -0.000055     1.575653 
2458900.214404 0.000000 0.000000    -0.000075     1.575653 
2458901.928532 0.000000 0.000000    -0.000053     1.575653 
2458903.642659 0.000000 0.000000     0.000014     1.575653 
2458905.356787 0.000000 0.000000     0.000113     1.575653 
2458907.070915 0.000000 0.000000     0.000215     1.575653 
2458908.785043 0.000000 0.000000     0.000291     1.575653 
2458910.499171 0.000000 0.000000     0.000322     1.575653 
2458912.213299 0.000000 0.000000     0.000307     1.575653 
2458913.927427 0.000000 0.000000     0.000265     1.575653 
2458915.641555 0.000000 0.000000     0.000224     1.575653 
2458917.355683 0.000000 0.000000     0.000206     1.575653 
2458919.069811 0.000000 0.000000     0.000220     1.575653 
2458920.783939 0.000000 0.000000     0.000255     1.575653 
2458922.498067 0.000000 0.000000     0.000287     1.575653 
2458924.212195 0.000000 0.000000     0.000291     1.575653 
2458925.926323 0.000000 0.000000     0.000253     1.575653 
2458927.640450 0.000000 0.000000     0.000179     1.575653 
2458929.354578 0.000000 0.000000     0.000087     1.575653 
2458931.068706 0.000000 0.000000     0.000005     1.575653 
2458932.782834 0.000000 0.000000    -0.000047     1.575653 
2458934.496962 0.000000 0.000000    -0.000061     1.575653 
2458936.211090 0.000000 0.000000    -0.000043     1.575653 
2458937.925218 0.000000 0.000000    -0.000004     1.575653 
2458939.639346 0.000000 0.000000     0.000040     1.575653 
2458941.353474 0.000000 0.000000     0.000081     1.575653 
2458943.067602 0.000000 0.000000     0.000113     1.575653 
2458944.781730 0.000000 0.000000     0.000134     1.575653 
2458946.495858 0.000000 0.000000     0.000139     1.575653 
2458948.209986 0.000000 0.000000     0.000123     1.575653 
2458949.924114 0.000000 0.000000     0.000082     1.575653 
2458951.638241 0.000000 0.000000     0.000019     1.575653 
2458953.352369 0.000000 0.000000    -0.000049     1.575653 
2458955.066497 0.000000 0.000000    -0.000100     1.575653 
2458956.780625 0.000000 0.000000    -0.000109     1.575653 
2458958.494753 0.000000 0.000000    -0.000064     1.575653 
2458960.208881 0.000000 0.000000     0.000028     1.575653 
2458961.923009 0.000000 0.000000     0.000143     1.575653 
2458963.637137 0.000000 0.000000     0.000247     1.575653 
2458965.351265 0.000000 0.000000     0.000310     1.575653 
2458967.065393 0.000000 0.000000     0.000321     1.575653 
2458968.779521 0.000000 0.000000     0.000288     1.575653 
2458970.493649 0.000000 0.000000     0.000238     1.575653 
2458972.207777 0.000000 0.000000     0.000203     1.575653 
2458973.921905 0.000000 0.000000     0.000199     1.575653 
2458975.636032 0.000000 0.000000     0.000228     1.575653 
2458977.350160 0.000000 0.000000     0.000269     1.575653 
2458979.064288 0.000000 0.000000     0.000296     1.575653 
2458980.778416 0.000000 0.000000     0.000285     1.575653 
2458982.492544 0.000000 0.000000     0.000231     1.575653 
2458984.206672 0.000000 0.000000     0.000145     1.575653 
2458985.920800 0.000000 0.000000     0.000052     1.575653 
2458987.634928 0.000000 0.000000    -0.000022     1.575653 
2458989.349056 0.000000 0.000000    -0.000062     1.575653 
2458991.063184 0.000000 0.000000    -0.000063     1.575653 
2458992.777312 0.000000 0.000000    -0.000034     1.575653 
2458994.491440 0.000000 0.000000     0.000010     1.575653 
2458996.205568 0.000000 0.000000     0.000059     1.575653 
2458997.919696 0.000000 0.000000     0.000101     1.575653 
2458999.633823 0.000000 0.000000     0.000133     1.575653 
2459001.347951 0.000000 0.000000     0.000148     1.575653 
2459003.062079 0.000000 0.000000     0.000142     1.575653 
2459004.776207 0.000000 0.000000     0.000109     1.575653 
2459006.490335 0.000000 0.000000     0.000050     1.575653 
2459008.204463 0.000000 0.000000    -0.000023     1.575653 
2459009.918591 0.000000 0.000000    -0.000092     1.575653 
2459011.632719 0.000000 0.000000    -0.000133     1.575653 
2459013.346847 0.000000 0.000000    -0.000129     1.575653 
2459015.060975 0.000000 0.000000    -0.000076     1.575653 
2459016.775103 0.000000 0.000000     0.000013     1.575653 
2459018.489231 0.000000 0.000000     0.000112     1.575653 
2459020.203359 0.000000 0.000000     0.000191     1.575653 
2459021.917487 0.000000 0.000000     0.000229     1.575653 
2459023.631614 0.000000 0.000000     0.000226     1.575653 
2459025.345742 0.000000 0.000000     0.000196     1.575653 
2459027.059870 0.000000 0.000000     0.000163     1.575653 
2459028.773998 0.000000 0.000000     0.000149     1.575653 
2459030.488126 0.000000 0.000000     0.000164     1.575653 
2459032.202254 0.000000 0.000000     0.000200     1.575653 
2459033.916382 0.000000 0.000000     0.000237     1.575653 
2459035.630510 0.000000 0.000000     0.000252     1.575653 
2459037.344638 0.000000 0.000000     0.000232     1.575653 
2459039.058766 0.000000 0.000000     0.000176     1.575653 
2459040.772894 0.000000 0.000000     0.000100     1.575653 
2459042.487022 0.000000 0.000000     0.000022     1.575653 
2459044.201150 0.000000 0.000000    -0.000035     1.575653 
2459045.915278 0.000000 0.000000    -0.000061     1.575653 
2459047.629405 0.000000 0.000000    -0.000055     1.575653 
2459049.343533 0.000000 0.000000    -0.000024     1.575653 
2459051.057661 0.000000 0.000000     0.000020     1.575653 
2459052.771789 0.000000 0.000000     0.000064     1.575653 
2459054.485917 0.000000 0.000000     0.000101     1.575653 
2459056.200045 0.000000 0.000000     0.000123     1.575653 
2459057.914173 0.000000 0.000000     0.000127     1.575653 
2459059.628301 0.000000 0.000000     0.000108     1.575653 
2459061.342429 0.000000 0.000000     0.000067     1.575653 
2459063.056557 0.000000 0.000000     0.000007     1.575653 
2459064.770685 0.000000 0.000000    -0.000060     1.575653 
2459066.484813 0.000000 0.000000    -0.000119     1.575653 
2459068.198941 0.000000 0.000000    -0.000153     1.575653 
2459069.913069 0.000000 0.000000    -0.000153     1.575653 
2459071.627196 0.000000 0.000000    -0.000120     1.575653 
2459073.341324 0.000000 0.000000    -0.000066     1.575653 
2459075.055452 0.000000 0.000000    -0.000011     1.575653 
2459076.769580 0.000000 0.000000     0.000025     1.575653 
2459078.483708 0.000000 0.000000     0.000033     1.575653 
2459080.197836 0.000000 0.000000     0.000015     1.575653 
2459081.911964 0.000000 0.000000    -0.000013     1.575653 
2459083.626092 0.000000 0.000000    -0.000029     1.575653 
2459085.340220 0.000000 0.000000    -0.000015     1.575653 
2459087.054348 0.000000 0.000000     0.000032     1.575653 
2459088.768476 0.000000 0.000000     0.000101     1.575653 
2459090.482604 0.000000 0.000000     0.000169     1.575653 
2459092.196732 0.000000 0.000000     0.000209     1.575653 
2459093.910860 0.000000 0.000000     0.000206     1.575653 
2459095.624987 0.000000 0.000000     0.000158     1.575653 
2459097.339115 0.000000 0.000000     0.000080     1.575653 
2459099.053243 0.000000 0.000000    -0.000002     1.575653 
2459100.767371 0.000000 0.000000    -0.000062     1.575653 
2459102.481499 0.000000 0.000000    -0.000085     1.575653 
2459104.195627 0.000000 0.000000    -0.000069     1.575653 
2459105.909755 0.000000 0.000000    -0.000025     1.575653 
2459107.623883 0.000000 0.000000     0.000030     1.575653 
2459109.338011 0.000000 0.000000     0.000080     1.575653 
2459111.052139 0.000000 0.000000     0.000116     1.575653 
2459112.766267 0.000000 0.000000     0.000133     1.575653 
2459114.480395 0.000000 0.000000     0.000132     1.575653 
2459116.194523 0.000000 0.000000     0.000111     1.575653 
2459117.908651 0.000000 0.000000     0.000068     1.575653 
2459119.622778 0.000000 0.000000     0.000005     1.575653 
2459121.336906 0.000000 0.000000    -0.000072     1.575653 
2459123.051034 0.000000 0.000000    -0.000145     1.575653 
2459124.765162 0.000000 0.000000    -0.000194     1.575653 
2459126.479290 0.000000 0.000000    -0.000203     1.575653 
2459128.193418 0.000000 0.000000    -0.000170     1.575653 
2459129.907546 0.000000 0.000000    -0.000112     1.575653 
2459131.621674 0.000000 0.000000    -0.000063     1.575653 
2459133.335802 0.000000 0.000000    -0.000055     1.575653 
2459135.049930 0.000000 0.000000    -0.000102     1.575653 
2459136.764058 0.000000 0.000000    -0.000190     1.575653 
2459138.478186 0.000000 0.000000    -0.000275     1.575653 
2459140.192314 0.000000 0.000000    -0.000304     1.575653 
2459141.906442 0.000000 0.000000    -0.000238     1.575653 
2459143.620569 0.000000 0.000000    -0.000076     1.575653 
2459145.334697 0.000000 0.000000     0.000140     1.575653 
2459147.048825 0.000000 0.000000     0.000339     1.575653 
2459148.762953 0.000000 0.000000     0.000449     1.575653 
2459150.477081 0.000000 0.000000     0.000429     1.575653 
2459152.191209 0.000000 0.000000     0.000290     1.575653 
2459153.905337 0.000000 0.000000     0.000087     1.575653 
2459155.619465 0.000000 0.000000    -0.000103     1.575653 
2459157.333593 0.000000 0.000000    -0.000217     1.575653 
2459159.047721 0.000000 0.000000    -0.000224     1.575653 
2459160.761849 0.000000 0.000000    -0.000141     1.575653 
2459162.475977 0.000000 0.000000    -0.000008     1.575653 
2459164.190105 0.000000 0.000000     0.000129     1.575653 
2459165.904233 0.000000 0.000000     0.000241     1.575653 
2459167.618360 0.000000 0.000000     0.000318     1.575653 
2459169.332488 0.000000 0.000000     0.000364     1.575653 
2459171.046616 0.000000 0.000000     0.000376     1.575653 
2459172.760744 0.000000 0.000000     0.000339     1.575653 
2459174.474872 0.000000 0.000000     0.000238     1.575653 
2459176.189000 0.000000 0.000000     0.000073     1.575653 
2459177.903128 0.000000 0.000000    -0.000121     1.575653 
2459179.617256 0.000000 0.000000    -0.000276     1.575653 
2459181.331384 0.000000 0.000000    -0.000316     1.575653 
2459183.045512 0.000000 0.000000    -0.000202     1.575653 
2459184.759640 0.000000 0.000000     0.000042     1.575653 
2459186.473768 0.000000 0.000000     0.000318     1.575653 
2459188.187896 0.000000 0.000000     0.000495     1.575653 
2459189.902024 0.000000 0.000000     0.000471     1.575653 
2459191.616151 0.000000 0.000000     0.000231     1.575653 
2459193.330279 0.000000 0.000000    -0.000126     1.575653 
2459195.044407 0.000000 0.000000    -0.000426     1.575653 
2459196.758535 0.000000 0.000000    -0.000493     1.575653 
2459198.472663 0.000000 0.000000    -0.000241     1.575653 
2459200.186791 0.000000 0.000000     0.000275     1.575653 
2459201.900919 0.000000 0.000000     0.000874     1.575653 
2459203.615047 0.000000 0.000000     0.001318     1.575653 
2459205.329175 0.000000 0.000000     0.001424     1.575653 
2459207.043303 0.000000 0.000000     0.001143     1.575653 
2459208.757431 0.000000 0.000000     0.000582     1.575653 
2459210.471559 0.000000 0.000000    -0.000046     1.575653 
2459212.185687 0.000000 0.000000    -0.000519     1.575653 
2459213.899815 0.000000 0.000000    -0.000697     1.575653 
2459215.613942 0.000000 0.000000    -0.000567     1.575653 
2459217.328070 0.000000 0.000000    -0.000223     1.575653 
2459219.042198 0.000000 0.000000     0.000198     1.575653 
2459220.756326 0.000000 0.000000     0.000586     1.575653 
2459222.470454 0.000000 0.000000     0.000892     1.575653 
2459224.184582 0.000000 0.000000     0.001109     1.575653 
2459225.898710 0.000000 0.000000     0.001233     1.575653 
2459227.612838 0.000000 0.000000     0.001226     1.575653 
2459229.326966 0.000000 0.000000     0.001032     1.575653 
2459231.041094 0.000000 0.000000     0.000625     1.575653 
2459232.755222 0.000000 0.000000     0.000071     1.575653 
2459234.469350 0.000000 0.000000    -0.000449     1.575653 
2459236.183478 0.000000 0.000000    -0.000693     1.575653 
2459237.897606 0.000000 0.000000    -0.000469     1.575653 
2459239.611733 0.000000 0.000000     0.000247     1.575653 
2459241.325861 0.000000 0.000000     0.001250     1.575653 
2459243.039989 0.000000 0.000000     0.002166     1.575653 
2459244.754117 0.000000 0.000000     0.002609     1.575653 
2459246.468245 0.000000 0.000000     0.002369     1.575653 
2459248.182373 0.000000 0.000000     0.001543     1.575653 
2459249.896501 0.000000 0.000000     0.000518     1.575653 
2459251.610629 0.000000 0.000000    -0.000191     1.575653 
2459253.324757 0.000000 0.000000    -0.000185     1.575653 
2459255.038885 0.000000 0.000000     0.000618     1.575652 
2459256.753013 0.000000 0.000000     0.001921     1.575652 
2459258.467141 0.000000 0.000000     0.003169     1.575652 
2459260.181269 0.000000 0.000000     0.003798     1.575652 
2459261.895397 0.000000 0.000000     0.003496     1.575652 
2459263.609524 0.000000 0.000000     0.002336     1.575652 
2459265.323652 0.000000 0.000000     0.000739     1.575652 
2459267.037780 0.000000 0.000000    -0.000725     1.575652 
2459268.751908 0.000000 0.000000    -0.001590     1.575652 
2459270.466036 0.000000 0.000000    -0.001664     1.575652 
2459272.180164 0.000000 0.000000    -0.001057     1.575652 
2459273.894292 0.000000 0.000000    -0.000068     1.575652 
2459275.608420 0.000000 0.000000     0.000988     1.575653 
2459277.322548 0.000000 0.000000     0.001909     1.575653 
2459279.036676 0.000000 0.000000     0.002620     1.575653 
2459280.750804 0.000000 0.000000     0.003098     1.575653 
2459282.464932 0.000000 0.000000     0.003277     1.575652 
2459284.179060 0.000000 0.000000     0.003026     1.575652 
2459285.893188 0.000000 0.000000     0.002237     1.575652 
2459287.607315 0.000000 0.000000     0.000970     1.575652 
2459289.321443 0.000000 0.000000    -0.000445     1.575652 
2459291.035571 0.000000 0.000000    -0.001452     1.575652 
2459292.749699 0.000000 0.000000    -0.001483     1.575652 
2459294.463827 0.000000 0.000000    -0.000248     1.575652 
2459296.177955 0.000000 0.000000     0.002040     1.575652 
2459297.892083 0.000000 0.000000     0.004663     1.575652 
2459299.606211 0.000000 0.000000     0.006660     1.575652 
2459301.320339 0.000000 0.000000     0.007254     1.575652 
2459303.034467 0.000000 0.000000     0.006241     1.575652 
2459304.748595 0.000000 0.000000     0.004135     1.575652 
2459306.462723 0.000000 0.000000     0.001970     1.575651 
2459308.176851 0.000000 0.000000     0.000831     1.575651 
2459309.890979 0.000000 0.000000     0.001334     1.575650 
2459311.605106 0.000000 0.000000     0.003309     1.575650 
2459313.319234 0.000000 0.000000     0.005860     1.575649 
2459315.033362 0.000000 0.000000     0.007770     1.575649 
2459316.747490 0.000000 0.000000     0.008066     1.575649 
2459318.461618 0.000000 0.000000     0.006459     1.575649 
2459320.175746 0.000000 0.000000     0.003462     1.575649 
2459321.889874 0.000000 0.000000     0.000126     1.575650 
2459323.604002 0.000000 0.000000    -0.002435     1.575650 
2459325.318130 0.000000 0.000000    -0.003510     1.575650 
2459327.032258 0.000000 0.000000    -0.003004     1.575650 
2459328.746386 0.000000 0.000000    -0.001343     1.575650 
2459330.460514 0.000000 0.000000     0.000825     1.575650 
2459332.174642 0.000000 0.000000     0.002952     1.575651 
2459333.888770 0.000000 0.000000     0.004735     1.575651 
2459335.602897 0.000000 0.000000     0.006058     1.575650 
2459337.317025 0.000000 0.000000     0.006807     1.575650 
2459339.031153 0.000000 0.000000     0.006763     1.575650 
2459340.745281 0.000000 0.000000     0.005663     1.575650 
2459342.459409 0.000000 0.000000     0.003454     1.575650 
2459344.173537 0.000000 0.000000     0.000542     1.575650 
2459345.887665 0.000000 0.000000    -0.002142     1.575650 
2459347.601793 0.000000 0.000000    -0.003410     1.575650 
2459349.315921 0.000000 0.000000    -0.002337     1.575650 
2459351.030049 0.000000 0.000000     0.001208     1.575650 
2459352.744177 0.000000 0.000000     0.006323     1.575649 
2459354.458305 0.000000 0.000000     0.011321     1.575649 
2459356.172433 0.000000 0.000000     0.014411     1.575649 
2459357.886561 0.000000 0.000000     0.014512     1.575649 
2459359.600688 0.000000 0.000000     0.011802     1.575648 
2459361.314816 0.000000 0.000000     0.007699     1.575648 
2459363.028944 0.000000 0.000000     0.004230     1.575647 
2459364.743072 0.000000 0.000000     0.003090     1.575645 
2459366.457200 0.000000 0.000000     0.004827     1.575644 
2459368.171328 0.000000 0.000000     0.008568     1.575643 
2459369.885456 0.000000 0.000000     0.012428     1.575642 
2459371.599584 0.000000 0.000000     0.014394     1.575642 
2459373.313712 0.000000 0.000000     0.013265     1.575642 
2459375.027840 0.000000 0.000000     0.009174     1.575642 
2459376.741968 0.000000 0.000000     0.003480     1.575642 
2459378.456096 0.000000 0.000000    -0.001887     1.575643 
2459380.170224 0.000000 0.000000    -0.005281     1.575643 
2459381.884352 0.000000 0.000000    -0.005946     1.575643 
2459383.598479 0.000000 0.000000    -0.004143     1.575644 
2459385.312607 0.000000 0.000000    -0.000804     1.575644 
2459387.026735 0.000000 0.000000     0.003016     1.575645 
2459388.740863 0.000000 0.000000     0.006548     1.575645 
2459390.454991 0.000000 0.000000     0.009396     1.575645 
2459392.169119 0.000000 0.000000     0.011328     1.575645 
2459393.883247 0.000000 0.000000     0.012028     1.575644 
2459395.597375 0.000000 0.000000     0.011055     1.575644 
2459397.311503 0.000000 0.000000     0.008118     1.575644 
2459399.025631 0.000000 0.000000     0.003511     1.575643 
2459400.739759 0.000000 0.000000    -0.001615     1.575643 
2459402.453887 0.000000 0.000000    -0.005422     1.575643 
2459404.168015 0.000000 0.000000    -0.006045     1.575643 
2459405.882143 0.000000 0.000000    -0.002500     1.575643 
2459407.596270 0.000000 0.000000     0.004660     1.575643 
2459409.310398 0.000000 0.000000     0.013320     1.575642 
2459411.024526 0.000000 0.000000     0.020563     1.575642 
2459412.738654 0.000000 0.000000     0.023898     1.575641 
2459414.452782 0.000000 0.000000     0.022411     1.575641 
2459416.166910 0.000000 0.000000     0.017228     1.575641 
2459417.881038 0.000000 0.000000     0.011040     1.575640 
2459419.595166 0.000000 0.000000     0.006858     1.575638 
2459421.309294 0.000000 0.000000     0.006605     1.575636 
2459423.023422 0.000000 0.000000     0.010215     1.575633 
2459424.737550 0.000000 0.000000     0.015689     1.575632 
2459426.451678 0.000000 0.000000     0.020072     1.575632 
2459428.165806 0.000000 0.000000     0.020853     1.575631 
2459429.879934 0.000000 0.000000     0.017111     1.575631 
2459431.594061 0.000000 0.000000     0.009870     1.575632 
2459433.308189 0.000000 0.000000     0.001545     1.575632 
2459435.022317 0.000000 0.000000    -0.005184     1.575632 
2459436.736445 0.000000 0.000000    -0.008469     1.575632 
2459438.450573 0.000000 0.000000    -0.007872     1.575633 
2459440.164701 0.000000 0.000000    -0.004217     1.575634 
2459441.878829 0.000000 0.000000     0.001053     1.575635 
2459443.592957 0.000000 0.000000     0.006577     1.575637 
2459445.307085 0.000000 0.000000     0.011452     1.575637 
2459447.021213 0.000000 0.000000     0.015156     1.575636 
2459448.735341 0.000000 0.000000     0.017234     1.575635 
2459450.449469 0.000000 0.000000     0.017100     1.575634 
2459452.163597 0.000000 0.000000     0.014201     1.575633 
2459453.877725 0.000000 0.000000     0.008532     1.575633 
2459455.591852 0.000000 0.000000     0.001126     1.575633 
2459457.305980 0.000000 0.000000    -0.005865     1.575633 
2459459.020108 0.000000 0.000000    -0.009766     1.575633 
2459460.734236 0.000000 0.000000    -0.008473     1.575632 
2459462.448364 0.000000 0.000000    -0.001564     1.575632 
2459464.162492 0.000000 0.000000     0.009214     1.575632 
2459465.876620 0.000000 0.000000     0.020424     1.575631 
2459467.590748 0.000000 0.000000     0.028291     1.575631 
2459469.304876 0.000000 0.000000     0.030333     1.575631 
2459471.019004 0.000000 0.000000     0.026485     1.575630 
2459472.733132 0.000000 0.000000     0.019137     1.575630 
2459474.447260 0.000000 0.000000     0.012026     1.575629 
2459476.161388 0.000000 0.000000     0.008496     1.575628 
2459477.875516 0.000000 0.000000     0.009954     1.575626 
2459479.589643 0.000000 0.000000     0.015274     1.575625 
2459481.303771 0.000000 0.000000     0.021408     1.575624 
2459483.017899 0.000000 0.000000     0.024886     1.575624 
2459484.732027 0.000000 0.000000     0.023436     1.575624 
2459486.446155 0.000000 0.000000     0.016966     1.575624 
2459488.160283 0.000000 0.000000     0.007488     1.575624 
2459489.874411 0.000000 0.000000    -0.001896     1.575624 
2459491.588539 0.000000 0.000000    -0.008356     1.575624 
2459493.302667 0.000000 0.000000    -0.010384     1.575624 
2459495.016795 0.000000 0.000000    -0.008095     1.575625 
2459496.730923 0.000000 0.000000    -0.002781     1.575627 
2459498.445051 0.000000 0.000000     0.003870     1.575629 
2459500.159179 0.000000 0.000000     0.010430     1.575630 
2459501.873307 0.000000 0.000000     0.015927     1.575629 
2459503.587434 0.000000 0.000000     0.019660     1.575628 
2459505.301562 0.000000 0.000000     0.020927     1.575626 
2459507.015690 0.000000 0.000000     0.019025     1.575625 
2459508.729818 0.000000 0.000000     0.013642     1.575624 
2459510.443946 0.000000 0.000000     0.005415     1.575624 
2459512.158074 0.000000 0.000000    -0.003769     1.575624 
2459513.872202 0.000000 0.000000    -0.011086     1.575624 
2459515.586330 0.000000 0.000000    -0.013740     1.575624 
2459517.300458 0.000000 0.000000    -0.010209     1.575624 
2459519.014586 0.000000 0.000000    -0.001127     1.575624 
2459520.728714 0.000000 0.000000     0.010698     1.575624 
2459522.442842 0.000000 0.000000     0.021296     1.575624 
2459524.156970 0.000000 0.000000     0.027159     1.575624 
2459525.871098 0.000000 0.000000     0.026750     1.575624 
2459527.585225 0.000000 0.000000     0.021156     1.575624 
2459529.299353 0.000000 0.000000     0.013552     1.575624 
2459531.013481 0.000000 0.000000     0.007706     1.575624 
2459532.727609 0.000000 0.000000     0.006253     1.575624 
2459534.441737 0.000000 0.000000     0.009534     1.575624 
2459536.155865 0.000000 0.000000     0.015556     1.575624 
2459537.869993 0.000000 0.000000     0.021023     1.575624 
2459539.584121 0.000000 0.000000     0.022910     1.575624 
2459541.298249 0.000000 0.000000     0.019812     1.575624 
2459543.012377 0.000000 0.000000     0.012466     1.575624 
2459544.726505 0.000000 0.000000     0.003276     1.575625 
2459546.440633 0.000000 0.000000    -0.004815     1.575625 
2459548.154761 0.000000 0.000000    -0.009519     1.575625 
2459549.868889 0.000000 0.000000    -0.009922     1.575626 
2459551.583016 0.000000 0.000000    -0.006505     1.575627 
2459553.297144 0.000000 0.000000    -0.000625     1.575629 
2459555.011272 0.000000 0.000000     0.006144     1.575631 
2459556.725400 0.000000 0.000000     0.012464     1.575631 
2459558.439528 0.000000 0.000000     0.017319     1.575630 
2459560.153656 0.000000 0.000000     0.019888     1.575628 
2459561.867784 0.000000 0.000000     0.019469     1.575627 
2459563.581912 0.000000 0.000000     0.015642     1.575626 
2459565.296040 0.000000 0.000000     0.008644     1.575626 
2459567.010168 0.000000 0.000000    -0.000311     1.575626 
2459568.724296 0.000000 0.000000    -0.009077     1.575626 
2459570.438424 0.000000 0.000000    -0.015136     1.575626 
2459572.152552 0.000000 0.000000    -0.016539     1.575625 
2459573.866680 0.000000 0.000000    -0.012799     1.575625 
2459575.580807 0.000000 0.000000    -0.005273     1.575625 
2459577.294935 0.000000 0.000000     0.003240     1.575625 
2459579.009063 0.000000 0.000000     0.009585     1.575624 
2459580.723191 0.000000 0.000000     0.011565     1.575624 
2459582.437319 0.000000 0.000000     0.008885     1.575624 
2459584.151447 0.000000 0.000000     0.003258     1.575624 
2459585.865575 0.000000 0.000000    -0.002370     1.575624 
2459587.579703 0.000000 0.000000    -0.005151     1.575624 
2459589.293831 0.000000 0.000000    -0.003601     1.575624 
2459591.007959 0.000000 0.000000     0.001778     1.575624 
2459592.722087 0.000000 0.000000     0.008764     1.575624 
2459594.436215 0.000000 0.000000     0.014433     1.575624 
2459596.150343 0.000000 0.000000     0.016423     1.575624 
2459597.864471 0.000000 0.000000     0.013897     1.575625 
2459599.578598 0.000000 0.000000     0.007787     1.575625 
2459601.292726 0.000000 0.000000     0.000302     1.575626 
2459603.006854 0.000000 0.000000    -0.006024     1.575627 
2459604.720982 0.000000 0.000000    -0.009284     1.575629 
2459606.435110 0.000000 0.000000    -0.008771     1.575632 
2459608.149238 0.000000 0.000000    -0.004992     1.575634 
2459609.863366 0.000000 0.000000     0.000744     1.575636 
2459611.577494 0.000000 0.000000     0.006893     1.575637 
2459613.291622 0.000000 0.000000     0.012121     1.575637 
2459615.005750 0.000000 0.000000     0.015487     1.575636 
2459616.719878 0.000000 0.000000     0.016415     1.575635 
2459618.434006 0.000000 0.000000     0.014612     1.575634 
2459620.148134 0.000000 0.000000     0.010088     1.575634 
2459621.862262 0.000000 0.000000     0.003303     1.575633 
2459623.576389 0.000000 0.000000    -0.004701     1.575633 
2459625.290517 0.000000 0.000000    -0.012348     1.575633 
2459627.004645 0.000000 0.000000    -0.017901     1.575633 
2459628.718773 0.000000 0.000000    -0.020085     1.575632 
2459630.432901 0.000000 0.000000    -0.018712     1.575630 
2459632.147029 0.000000 0.000000    -0.014960     1.575628 
2459633.861157 0.000000 0.000000    -0.011060     1.575626 
2459635.575285 0.000000 0.000000    -0.009425     1.575624 
2459637.289413 0.000000 0.000000    -0.011520     1.575623 
2459639.003541 0.000000 0.000000    -0.017016     1.575621 
2459640.717669 0.000000 0.000000    -0.023674     1.575619 
2459642.431797 0.000000 0.000000    -0.028139     1.575615 
2459644.145925 0.000000 0.000000    -0.027374     1.575610 
2459645.860053 0.000000 0.000000    -0.020125     1.575605 
2459647.574180 0.000000 0.000000    -0.007721     1.575601 
2459649.288308 0.000000 0.000000     0.006240     1.575600 
2459651.002436 0.000000 0.000000     0.017248     1.575601 
2459652.716564 0.000000 0.000000     0.021721     1.575602 
2459654.430692 0.000000 0.000000     0.018511     1.575603 
2459656.144820 0.000000 0.000000     0.009363     1.575605 
2459657.858948 0.000000 0.000000    -0.001870     1.575607 
2459659.573076 0.000000 0.000000    -0.010877     1.575609 
2459661.287204 0.000000 0.000000    -0.014624     1.575612 
2459663.001332 0.000000 0.000000    -0.012371     1.575614 
2459664.715460 0.000000 0.000000    -0.005577     1.575617 
2459666.429588 0.000000 0.000000     0.003122     1.575620 
2459668.143716 0.000000 0.000000     0.011219     1.575622 
2459669.857844 0.000000 0.000000     0.017208     1.575622 
2459671.571971 0.000000 0.000000     0.020639     1.575620 
2459673.286099 0.000000 0.000000     0.021528     1.575617 
2459675.000227 0.000000 0.000000     0.019690     1.575615 
2459676.714355 0.000000 0.000000     0.014596     1.575615 
2459678.428483 0.000000 0.000000     0.005947     1.575614 
2459680.142611 0.000000 0.000000    -0.005409     1.575614 
2459681.856739 0.000000 0.000000    -0.016975     1.575614 
2459683.570867 0.000000 0.000000    -0.025135     1.575614 
2459685.284995 0.000000 0.000000    -0.026762     1.575613 
2459686.999123 0.000000 0.000000    -0.021159     1.575612 
2459688.713251 0.000000 0.000000    -0.011167     1.575611 
2459690.427379 0.000000 0.000000    -0.002502     1.575609 
2459692.141507 0.000000 0.000000    -0.001248     1.575606 
2459693.855635 0.000000 0.000000    -0.010543     1.575596 
2459695.569762 0.000000 0.000000    -0.028192     1.575571 
2459697.283890 0.000000 0.000000    -0.046701     1.575520 
2459698.998018 0.000000 0.000000    -0.056169     1.575440 
2459700.712146 0.000000 0.000000    -0.048918     1.575348 
2459702.426274 0.000000 0.000000    -0.023675     1.575271 
2459704.140402 0.000000 0.000000     0.012917     1.575235 
2459705.854530 0.000000 0.000000     0.048506     1.575238 
2459707.568658 0.000000 0.000000     0.070145     1.575261 
2459709.282786 0.000000 0.000000     0.069987     1.575282 
2459710.996914 0.000000 0.000000     0.048780     1.575294 
2459712.711042 0.000000 0.000000     0.015468     1.575299 
2459714.425170 0.000000 0.000000    -0.016913     1.575301 
2459716.139298 0.000000 0.000000    -0.036929     1.575304 
2459717.853426 0.000000 0.000000    -0.039225     1.575310 
2459719.567553 0.000000 0.000000    -0.025714     1.575323 
2459721.281681 0.000000 0.000000    -0.003263     1.575343 
2459722.995809 0.000000 0.000000     0.020424     1.575366 
2459724.709937 0.000000 0.000000     0.040248     1.575380 
2459726.424065 0.000000 0.000000     0.054617     1.575375 
2459728.138193 0.000000 0.000000     0.063780     1.575355 
2459729.852321 0.000000 0.000000     0.067231     1.575332 
2459731.566449 0.000000 0.000000     0.062493     1.575318 
2459733.280577 0.000000 0.000000     0.046570     1.575314 
2459734.994705 0.000000 0.000000     0.019393     1.575313 
2459736.708833 0.000000 0.000000    -0.013160     1.575312 
2459738.422961 0.000000 0.000000    -0.039362     1.575310 
2459740.137089 0.000000 0.000000    -0.045985     1.575305 
2459741.851217 0.000000 0.000000    -0.025315     1.575295 
2459743.565344 0.000000 0.000000     0.018886     1.575278 
2459745.279472 0.000000 0.000000     0.070444     1.575253 
2459746.993600 0.000000 0.000000     0.106593     1.575220 
2459748.707728 0.000000 0.000000     0.108615     1.575163 
2459750.421856 0.000000 0.000000     0.072243     1.575038 
2459752.135984 0.000000 0.000000     0.012075     1.574754 
2459753.850112 0.000000 0.000000    -0.043239     1.574229 
2459755.564240 0.000000 0.000000    -0.063665     1.573490 
2459757.278368 0.000000 0.000000    -0.032558     1.572718 
2459758.992496 0.000000 0.000000     0.043863     1.572156 
2459760.706624 0.000000 0.000000     0.137584     1.571929 
2459762.420752 0.000000 0.000000     0.210508     1.571970 
2459764.134880 0.000000 0.000000     0.231474     1.572108 
2459765.849008 0.000000 0.000000     0.190365     1.572220 
2459767.563135 0.000000 0.000000     0.102424     1.572282 
2459769.277263 0.000000 0.000000     0.000844     1.572327 
2459770.991391 0.000000 0.000000    -0.078348     1.572386 
2459772.705519 0.000000 0.000000    -0.111389     1.572477 
2459774.419647 0.000000 0.000000    -0.094560     1.572615 
2459776.133775 0.000000 0.000000    -0.041713     1.572810 
2459777.847903 0.000000 0.000000     0.025721     1.573039 
2459779.562031 0.000000 0.000000     0.089713     1.573226 
2459781.276159 0.000000 0.000000     0.141319     1.573278 
2459782.990287 0.000000 0.000000     0.178779     1.573163 
2459784.704415 0.000000 0.000000     0.200949     1.572961 
2459786.418543 0.000000 0.000000     0.202114     1.572794 
2459788.132671 0.000000 0.000000     0.173206     1.572719 
2459789.846799 0.000000 0.000000     0.109779     1.572702 
2459791.560926 0.000000 0.000000     0.021685     1.572692 
2459793.275054 0.000000 0.000000    -0.063160     1.572671 
2459794.989182 0.000000 0.000000    -0.106152     1.572627 
2459796.703310 0.000000 0.000000    -0.075301     1.572529 
2459798.417438 0.000000 0.000000     0.035624     1.572341 
2459800.131566 0.000000 0.000000     0.197261     1.572063 
2459801.845694 0.000000 0.000000     0.351943     1.571727 
2459803.559822 0.000000 0.000000     0.437386     1.571367 
2459805.273950 0.000000 0.000000     0.416605     1.570918 
2459806.988078 0.000000 0.000000     0.298950     1.570073 
2459808.702206 0.000000 0.000000     0.140077     1.568324 
2459810.416334 0.000000 0.000000     0.018641     1.565349 
2459812.130462 0.000000 0.000000    -0.000420     1.561512 
2459813.844590 0.000000 0.000000     0.101678     1.557872 
2459815.558717 0.000000 0.000000     0.285996     1.555493 
2459817.272845 0.000000 0.000000     0.471867     1.554675 
2459818.986973 0.000000 0.000000     0.573389     1.554881 
2459820.701101 0.000000 0.000000     0.538783     1.555356 
2459822.415229 0.000000 0.000000     0.373509     1.555709 
2459824.129357 0.000000 0.000000     0.136319     1.555968 
2459825.843485 0.000000 0.000000    -0.088715     1.556301 
2459827.557613 0.000000 0.000000    -0.229281     1.556810 
2459829.271741 0.000000 0.000000    -0.252482     1.557552 
2459830.985869 0.000000 0.000000    -0.170823     1.558590 
2459832.699997 0.000000 0.000000    -0.026782     1.559906 
2459834.414125 0.000000 0.000000     0.132455     1.561213 
2459836.128253 0.000000 0.000000     0.274616     1.561970 
2459837.842381 0.000000 0.000000     0.386379     1.561771 
2459839.556508 0.000000 0.000000     0.463041     1.560777 
2459841.270636 0.000000 0.000000     0.494806     1.559643 
2459842.984764 0.000000 0.000000     0.462728     1.558936 
2459844.698892 0.000000 0.000000     0.350251     1.558701 
2459846.413020 0.000000 0.000000     0.164342     1.558646 
2459848.127148 0.000000 0.000000    -0.048880     1.558561 
2459849.841276 0.000000 0.000000    -0.208871     1.558398 
2459851.555404 0.000000 0.000000    -0.230017     1.558056 
2459853.269532 0.000000 0.000000    -0.064479     1.557340 
2459854.983660 0.000000 0.000000     0.263827     1.556135 
2459856.697788 0.000000 0.000000     0.655729     1.554540 
2459858.411916 0.000000 0.000000     0.971660     1.552832 
2459860.126044 0.000000 0.000000     1.092385     1.551224 
2459861.840172 0.000000 0.000000     0.977150     1.549361 
2459863.554299 0.000000 0.000000     0.688824     1.545885 
2459865.268427 0.000000 0.000000     0.370067     1.538964 
2459866.982555 0.000000 0.000000     0.178866     1.527961 
2459868.696683 0.000000 0.000000     0.213354     1.514811 
2459870.410811 0.000000 0.000000     0.462939     1.503339 
2459872.124939 0.000000 0.000000     0.810807     1.496576 
2459873.839067 0.000000 0.000000     1.087552     1.494612 
2459875.553195 0.000000 0.000000     1.149943     1.495249 
2459877.267323 0.000000 0.000000     0.946390     1.496345 
2459878.981451 0.000000 0.000000     0.537894     1.497198 
2459880.695579 0.000000 0.000000     0.066461     1.498166 
2459882.409707 0.000000 0.000000    -0.310603     1.499700 
2459884.123835 0.000000 0.000000    -0.486293     1.502026 
2459885.837963 0.000000 0.000000    -0.438212     1.505415 
2459887.552090 0.000000 0.000000    -0.219573     1.510139 
2459889.266218 0.000000 0.000000     0.081111     1.515689 
2459890.980346 0.000000 0.000000     0.384525     1.520212 
2459892.694474 0.000000 0.000000     0.644050     1.521466 
2459894.408602 0.000000 0.000000     0.839752     1.518799 
2459896.122730 0.000000 0.000000     0.955059     1.514048 
2459897.836858 0.000000 0.000000     0.959694     1.510028 
2459899.550986 0.000000 0.000000     0.817294     1.508109 
2459901.265114 0.000000 0.000000     0.517442     1.507628 
2459902.979242 0.000000 0.000000     0.111522     1.507407 
2459904.693370 0.000000 0.000000    -0.276515     1.506977 
2459906.407498 0.000000 0.000000    -0.482802     1.506219 
2459908.121626 0.000000 0.000000    -0.372938     1.504675 
2459909.835754 0.000000 0.000000     0.083822     1.501761 
2459911.549881 0.000000 0.000000     0.777259     1.497383 
2459913.264009 0.000000 0.000000     1.483751     1.492156 
2459914.978137 0.000000 0.000000     1.954631     1.487137 
2459916.692265 0.000000 0.000000     2.027486     1.482900 
2459918.406393 0.000000 0.000000     1.705908     1.477927 
2459920.120521 0.000000 0.000000     1.164680     1.467985 
2459921.834649 0.000000 0.000000     0.672770     1.448498 
2459923.548777 0.000000 0.000000     0.468218     1.418908 
2459925.262905 0.000000 0.000000     0.645017     1.385261 
2459926.977033 0.000000 0.000000     1.107863     1.357579 
2459928.691161 0.000000 0.000000     1.617549     1.342570 
2459930.405289 0.000000 0.000000     1.904585     1.338781 
2459932.119417 0.000000 0.000000     1.794927     1.340042 
2459933.833545 0.000000 0.000000     1.286996     1.341934 
2459935.547672 0.000000 0.000000     0.545522     1.343862 
2459937.261800 0.000000 0.000000    -0.179379     1.346934 
2459938.975928 0.000000 0.000000    -0.663195     1.351945 
2459940.690056 0.000000 0.000000    -0.792418     1.359724 
2459942.404184 0.000000 0.000000    -0.587548     1.371851 
2459944.118312 0.000000 0.000000    -0.163360     1.388639 
2459945.832440 0.000000 0.000000     0.341050     1.405949 
2459947.546568 0.000000 0.000000     0.818928     1.416099 
2459949.260696 0.000000 0.000000     1.211218     1.413602 
2459950.974824 0.000000 0.000000     1.483491     1.400230 
2459952.688952 0.000000 0.000000     1.593607     1.384273 
2459954.403080 0.000000 0.000000     1.484289     1.373702 
2459956.117208 0.000000 0.000000     1.115299     1.369853 
2459957.831336 0.000000 0.000000     0.518365     1.368984 
2459959.545463 0.000000 0.000000    -0.164980     1.368055 
2459961.259591 0.000000 0.000000    -0.700418     1.366512 
2459962.973719 0.000000 0.000000    -0.842028     1.364049 
2459964.687847 0.000000 0.000000    -0.447026     1.359426 
2459966.401975 0.000000 0.000000     0.434113     1.351649 
2459968.116103 0.000000 0.000000     1.547047     1.341121 
2459969.830231 0.000000 0.000000     2.521548     1.329740 
2459971.544359 0.000000 0.000000     3.025912     1.320152 
2459973.258487 0.000000 0.000000     2.916674     1.313216 
2459974.972615 0.000000 0.000000     2.308519     1.304383 
2459976.686743 0.000000 0.000000     1.525002     1.283836 
2459978.400871 0.000000 0.000000     0.949230     1.242487 
2459980.114999 0.000000 0.000000     0.844798     1.179501 
2459981.829127 0.000000 0.000000     1.233775     1.106717 
2459983.543254 0.000000 0.000000     1.890884     1.045885 
2459985.257382 0.000000 0.000000     2.455220     1.013500 
2459986.971510 0.000000 0.000000     2.602763     1.005504 
2459988.685638 0.000000 0.000000     2.194833     1.006872 
2459990.399766 0.000000 0.000000     1.333135     1.009595 
2459992.113894 0.000000 0.000000     0.301849     1.014277 
2459993.828022 0.000000 0.000000    -0.566077     1.023028 
2459995.542150 0.000000 0.000000    -1.027644     1.038010 
2459997.256278 0.000000 0.000000    -1.008207     1.065389 
2459998.970406 0.000000 0.000000    -0.593019     1.110700 
2460000.684534 0.000000 0.000000     0.046333     1.165662 
2460002.398662 0.000000 0.000000     0.738466     1.208680 
2460004.112790 0.000000 0.000000     1.362687     1.220221 
2460005.826918 0.000000 0.000000     1.846030     1.194777 
2460007.541045 0.000000 0.000000     2.128125     1.144847 
2460009.255173 0.000000 0.000000     2.136078     1.096302 
2460010.969301 0.000000 0.000000     1.801629     1.069607 
2460012.683429 0.000000 0.000000     1.118834     1.062041 
2460014.397557 0.000000 0.000000     0.204740     1.059498 
2460016.111685 0.000000 0.000000    -0.687726     1.055519 
2460017.825813 0.000000 0.000000    -1.234879     1.050633 
2460019.539941 0.000000 0.000000    -1.170870     1.044525 
2460021.254069 0.000000 0.000000    -0.421839     1.035098 
2460022.968197 0.000000 0.000000     0.827278     1.021537 
2460024.682325 0.000000 0.000000     2.180380     1.005234 
2460026.396453 0.000000 0.000000     3.183582     0.989911 
2460028.110581 0.000000 0.000000     3.518682     0.981141 
2460029.824709 0.000000 0.000000     3.144566     0.980284 
2460031.538836 0.000000 0.000000     2.314904     0.977298 
2460033.252964 0.000000 0.000000     1.459333     0.954751 
2460034.967092 0.000000 0.000000     0.983057     0.898645 
2460036.681220 0.000000 0.000000     1.080848     0.804425 
2460038.395348 0.000000 0.000000     1.654341     0.678089 
2460040.109476 0.000000 0.000000     2.369640     0.539086 
2460041.823604 0.000000 0.000000     2.822829     0.431029 
2460043.537732 0.000000 0.000000     2.729780     0.391644 
2460045.251860 0.000000 0.000000     2.049411     0.381455 
2460046.965988 0.000000 0.000000     0.987773     0.388413 
2460048.680116 0.000000 0.000000    -0.107798     0.430303 
2460050.394244 0.000000 0.000000    -0.903241     0.498004 
2460052.108372 0.000000 0.000000    -1.203648     0.603060 
2460053.822500 0.000000 0.000000    -0.997927     0.746730 
2460055.536627 0.000000 0.000000    -0.418420     0.893404 
2460057.250755 0.000000 0.000000     0.344761     1.006021 
2460058.964883 0.000000 0.000000     1.119697     1.060412 
2460060.679011 0.000000 0.000000     1.782583     1.045192 
2460062.393139 0.000000 0.000000     2.242760     0.961625 
2460064.107267 0.000000 0.000000     2.415440     0.825702 
2460065.821395 0.000000 0.000000     2.220186     0.676074 
2460067.535523 0.000000 0.000000     1.620229     0.578308 
2460069.249651 0.000000 0.000000     0.681883     0.547055 
2460070.963779 0.000000 0.000000    -0.390970     0.520061 
2460072.677907 0.000000 0.000000    -1.287487     0.476508 
2460074.392035 0.000000 0.000000    -1.691771     0.433146 
2460076.106163 0.000000 0.000000    -1.417945     0.405297 
2460077.820291 0.000000 0.000000    -0.512020     0.399788 
2460079.534418 0.000000 0.000000     0.738875     0.414603 
2460081.248546 0.000000 0.000000     1.907688     0.436174 
2460082.962674 0.000000 0.000000     2.600915     0.467238 
2460084.676802 0.000000 0.000000     2.625963     0.523914 
2460086.390930 0.000000 0.000000     2.072157     0.597701 
2460088.105058 0.000000 0.000000     1.264582     0.666812 
2460089.819186 0.000000 0.000000     0.611205     0.721671 
2460091.533314 0.000000 0.000000     0.415719     0.764112 
2460093.247442 0.000000 0.000000     0.744425     0.798553 
2460094.961570 0.000000 0.000000     1.407581     0.826604 
2460096.675698 0.000000 0.000000     2.058846     0.847427 
2460098.389826 0.000000 0.000000     2.360166     0.860255 
2460100.103954 0.000000 0.000000     2.131802     0.866727 
2460101.818082 0.000000 0.000000     1.420314     0.873048 
2460103.532209 0.000000 0.000000     0.461895     0.888676 
2460105.246337 0.000000 0.000000    -0.430294     0.919534 
2460106.960465 0.000000 0.000000    -0.994489     0.965210 
2460108.674593 0.000000 0.000000    -1.105829     1.024139 
2460110.388721 0.000000 0.000000    -0.790716     1.093050 
2460112.102849 0.000000 0.000000    -0.181153     1.160162 
2460113.816977 0.000000 0.000000     0.553379     1.207075 
2460115.531105 0.000000 0.000000     1.257862     1.219122 
2460117.245233 0.000000 0.000000     1.809717     1.193973 
2460118.959361 0.000000 0.000000     2.112192     1.145078 
2460120.673489 0.000000 0.000000     2.088168     1.097341 
2460122.387617 0.000000 0.000000     1.694354     1.070097 
2460124.101745 0.000000 0.000000     0.954839     1.061411 
2460125.815873 0.000000 0.000000    -0.008968     1.058282 
2460127.530000 0.000000 0.000000    -0.982150     1.053693 
2460129.244128 0.000000 0.000000    -1.709789     1.046595 
2460130.958256 0.000000 0.000000    -1.987600     1.034420 
2460132.672384 0.000000 0.000000    -1.750872     1.011065 
2460134.386512 0.000000 0.000000    -1.115578     0.970220 
2460136.100640 0.000000 0.000000    -0.343664     0.909286 
2460137.814768 0.000000 0.000000     0.259648     0.833241 
2460139.528896 0.000000 0.000000     0.473557     0.758982 
2460141.243024 0.000000 0.000000     0.255948     0.712425 
2460142.957152 0.000000 0.000000    -0.240819     0.705691 
2460144.671280 0.000000 0.000000    -0.741284     0.725479 
2460146.385408 0.000000 0.000000    -0.972812     0.756493 
2460148.099536 0.000000 0.000000    -0.787876     0.790478 
2460149.813663 0.000000 0.000000    -0.227229     0.820829 
2460151.527791 0.000000 0.000000     0.502449     0.843442 
2460153.241919 0.000000 0.000000     1.122435     0.858679 
2460154.956047 0.000000 0.000000     1.401700     0.869988 
2460156.670175 0.000000 0.000000     1.248459     0.885411 
2460158.384303 0.000000 0.000000     0.736804     0.921573 
2460160.098431 0.000000 0.000000     0.064091     0.992874 
2460161.812559 0.000000 0.000000    -0.534482     1.091325 
2460163.526687 0.000000 0.000000    -0.873054     1.193817 
2460165.240815 0.000000 0.000000    -0.869135     1.282090 
2460166.954943 0.000000 0.000000    -0.550580     1.348127 
2460168.669071 0.000000 0.000000    -0.024697     1.390429 
2460170.383199 0.000000 0.000000     0.567699     1.410259 
2460172.097327 0.000000 0.000000     1.091337     1.410958 
2460173.811454 0.000000 0.000000     1.438295     1.399160 
2460175.525582 0.000000 0.000000     1.535601     1.384157 
2460177.239710 0.000000 0.000000     1.348553     1.373535 
2460178.953838 0.000000 0.000000     0.886808     1.368914 
2460180.667966 0.000000 0.000000     0.211464     1.367234 
2460182.382094 0.000000 0.000000    -0.566271     1.365328 
2460184.096222 0.000000 0.000000    -1.304232     1.361187 
2460185.810350 0.000000 0.000000    -1.867128     1.351010 
2460187.524478 0.000000 0.000000    -2.171555     1.326777 
2460189.238606 0.000000 0.000000    -2.218363     1.277743 
2460190.952734 0.000000 0.000000    -2.094323     1.194514 
2460192.666862 0.000000 0.000000    -1.937432     1.072897 
2460194.380990 0.000000 0.000000    -1.877579     0.916459 
2460196.095118 0.000000 0.000000    -1.977670     0.738634 
2460197.809245 0.000000 0.000000    -2.202312     0.566706 
2460199.523373 0.000000 0.000000    -2.429977     0.445046 
2460201.237501 0.000000 0.000000    -2.505053     0.395802 
2460202.951629 0.000000 0.000000    -2.307741     0.385372 
2460204.665757 0.000000 0.000000    -1.811104     0.389115 
2460206.379885 0.000000 0.000000    -1.100059     0.395052 
2460208.094013 0.000000 0.000000    -0.343851     0.411038 
2460209.808141 0.000000 0.000000     0.266095     0.453969 
2460211.522269 0.000000 0.000000     0.586668     0.530268 
2460213.236397 0.000000 0.000000     0.573162     0.656284 
2460214.950525 0.000000 0.000000     0.290236     0.828642 
2460216.664653 0.000000 0.000000    -0.117826     1.015072 
2460218.378781 0.000000 0.000000    -0.482811     1.185420 
2460220.092909 0.000000 0.000000    -0.670828     1.321802 
2460221.807036 0.000000 0.000000    -0.621642     1.417751 
2460223.521164 0.000000 0.000000    -0.357847     1.475991 
2460225.235292 0.000000 0.000000     0.034236     1.505149 
2460226.949420 0.000000 0.000000     0.439964     1.515590 
2460228.663548 0.000000 0.000000     0.752744     1.516082 
2460230.377676 0.000000 0.000000     0.899404     1.512704 
2460232.091804 0.000000 0.000000     0.849832     1.509183 
2460233.805932 0.000000 0.000000     0.613152     1.507091 
2460235.520060 0.000000 0.000000     0.226511     1.506113 
2460237.234188 0.000000 0.000000    -0.257607     1.505160 
2460238.948316 0.000000 0.000000    -0.782334     1.503166 
2460240.662444 0.000000 0.000000    -1.295265     1.497900 
2460242.376572 0.000000 0.000000    -1.755927     1.483849 
2460244.090700 0.000000 0.000000    -2.141717     1.452251 
2460245.804827 0.000000 0.000000    -2.450432     1.394585 
2460247.518955 0.000000 0.000000    -2.696884     1.307816 
2460249.233083 0.000000 0.000000    -2.902613     1.199527 
2460250.947211 0.000000 0.000000    -3.081084     1.091115 
2460252.661339 0.000000 0.000000    -3.224199     1.011844 
2460254.375467 0.000000 0.000000    -3.297220     0.975549 
2460256.089595 0.000000 0.000000    -3.246884     0.968611 
2460257.803723 0.000000 0.000000    -3.022014     0.973202 
2460259.517851 0.000000 0.000000    -2.599612     0.981727 
2460261.231979 0.000000 0.000000    -2.005359     0.991193 
2460262.946107 0.000000 0.000000    -1.318040     0.999614 
2460264.660235 0.000000 0.000000    -0.653166     1.006976 
2460266.374363 0.000000 0.000000    -0.129675     1.015001 
2460268.088491 0.000000 0.000000     0.168543     1.029480 
2460269.802618 0.000000 0.000000     0.221243     1.065671 
2460271.516746 0.000000 0.000000     0.078640     1.139367 
2460273.230874 0.000000 0.000000    -0.156996     1.243923 
2460274.945002 0.000000 0.000000    -0.368113     1.352969 
2460276.659130 0.000000 0.000000    -0.462638     1.443161 
2460278.373258 0.000000 0.000000    -0.402970     1.504447 
2460280.087386 0.000000 0.000000    -0.212795     1.538502 
2460281.801514 0.000000 0.000000     0.039032     1.553456 
2460283.515642 0.000000 0.000000     0.268879     1.558240 
2460285.229770 0.000000 0.000000     0.409251     1.558966 
2460286.943898 0.000000 0.000000     0.427816     1.558553 
2460288.658026 0.000000 0.000000     0.328839     1.558075 
2460290.372154 0.000000 0.000000     0.139846     1.557761 
2460292.086282 0.000000 0.000000    -0.107475     1.557403 
2460293.800409 0.000000 0.000000    -0.391973     1.556675 
2460295.514537 0.000000 0.000000    -0.707086     1.554873 
2460297.228665 0.000000 0.000000    -1.054446     1.549799 
2460298.942793 0.000000 0.000000    -1.432663     1.537085 
2460300.656921 0.000000 0.000000    -1.828579     1.511732 
2460302.371049 0.000000 0.000000    -2.215808     1.471717 
2460304.085177 0.000000 0.000000    -2.560522     1.421482 
2460305.799305 0.000000 0.000000    -2.830331     1.372175 
2460307.513433 0.000000 0.000000    -3.000955     1.336039 
2460309.227561 0.000000 0.000000    -3.057703     1.317804 
2460310.941689 0.000000 0.000000    -2.992784     1.312962 
2460312.655817 0.000000 0.000000    -2.802525     1.314800 
2460314.369945 0.000000 0.000000    -2.488562     1.319630 
2460316.084073 0.000000 0.000000    -2.063940     1.325889 
2460317.798200 0.000000 0.000000    -1.560725     1.332168 
2460319.512328 0.000000 0.000000    -1.033041     1.337363 
2460321.226456 0.000000 0.000000    -0.550420     1.341281 
2460322.940584 0.000000 0.000000    -0.180996     1.344797 
2460324.654712 0.000000 0.000000     0.030054     1.350994 
2460326.368840 0.000000 0.000000     0.077525     1.366166 
2460328.082968 0.000000 0.000000    -0.000017     1.396243 
2460329.797096 0.000000 0.000000    -0.132971     1.439743 
2460331.511224 0.000000 0.000000    -0.245744     1.486683 
2460333.225352 0.000000 0.000000    -0.283865     1.525840 
2460334.939480 0.000000 0.000000    -0.231655     1.551562 
2460336.653608 0.000000 0.000000    -0.113235     1.564812 
2460338.367736 0.000000 0.000000     0.022590     1.570082 
2460340.081864 0.000000 0.000000     0.125622     1.571710 
2460341.795991 0.000000 0.000000     0.164521     1.572133 
2460343.510119 0.000000 0.000000     0.135093     1.572236 
2460345.224247 0.000000 0.000000     0.054285     1.572253 
2460346.938375 0.000000 0.000000    -0.055149     1.572198 
2460348.652503 0.000000 0.000000    -0.180097     1.572010 
2460350.366631 0.000000 0.000000    -0.324223     1.571564 
2460352.080759 0.000000 0.000000    -0.503533     1.570355 
2460353.794887 0.000000 0.000000    -0.733583     1.567024 
2460355.509015 0.000000 0.000000    -1.015912     1.559539 
2460357.223143 0.000000 0.000000    -1.331221     1.546499 
2460358.937271 0.000000 0.000000    -1.642781     1.528814 
2460360.651399 0.000000 0.000000    -1.907919     1.510142 
2460362.365527 0.000000 0.000000    -2.091386     1.495065 
2460364.079655 0.000000 0.000000    -2.174098     1.486148 
2460365.793782 0.000000 0.000000    -2.153985     1.482753 
2460367.507910 0.000000 0.000000    -2.040409     1.482692 
2460369.222038 0.000000 0.000000    -1.846974     1.484340 
2460370.936166 0.000000 0.000000    -1.587683     1.486994 
2460372.650294 0.000000 0.000000    -1.278389     1.490106 
2460374.364422 0.000000 0.000000    -0.941418     1.493009 
2460376.078550 0.000000 0.000000    -0.608558     1.495250 
2460377.792678 0.000000 0.000000    -0.318223     1.496816 
2460379.506806 0.000000 0.000000    -0.106027     1.498259 
2460381.220934 0.000000 0.000000     0.007577     1.501066 
2460382.935062 0.000000 0.000000     0.026356     1.507499 
2460384.649190 0.000000 0.000000    -0.021346     1.519021 
2460386.363318 0.000000 0.000000    -0.092347     1.534421 
2460388.077446 0.000000 0.000000    -0.144702     1.550062 
2460389.791573 0.000000 0.000000    -0.153004     1.562329 
2460391.505701 0.000000 0.000000    -0.115957     1.569783 
2460393.219829 0.000000 0.000000    -0.053117     1.573271 
2460394.933957 0.000000 0.000000     0.007000     1.574539 
2460396.648085 0.000000 0.000000     0.041088     1.574936 
2460398.362213 0.000000 0.000000     0.040438     1.575074 
2460400.076341 0.000000 0.000000     0.011419     1.575134 
2460401.790469 0.000000 0.000000    -0.032171     1.575155 
2460403.504597 0.000000 0.000000    -0.079854     1.575133 
2460405.218725 0.000000 0.000000    -0.132039     1.575053 
2460406.932853 0.000000 0.000000    -0.200210     1.574855 
2460408.646981 0.000000 0.000000    -0.299870     1.574295 
2460410.361109 0.000000 0.000000    -0.440332     1.572864 
2460412.075237 0.000000 0.000000    -0.617008     1.570023 
2460413.789364 0.000000 0.000000    -0.810303     1.565687 
2460415.503492 0.000000 0.000000    -0.991530     1.560568 
2460417.217620 0.000000 0.000000    -1.132616     1.555900 
2460418.931748 0.000000 0.000000    -1.214720     1.552680 
2460420.645876 0.000000 0.000000    -1.231940     1.551102 
2460422.360004 0.000000 0.000000    -1.189301     1.550713 
2460424.074132 0.000000 0.000000    -1.097324     1.551000 
2460425.788260 0.000000 0.000000    -0.966938     1.551707 
2460427.502388 0.000000 0.000000    -0.807598     1.552701 
2460429.216516 0.000000 0.000000    -0.628974     1.553779 
2460430.930644 0.000000 0.000000    -0.444044     1.554715 
2460432.644772 0.000000 0.000000    -0.270412     1.555389 
2460434.358900 0.000000 0.000000    -0.127816     1.555844 
2460436.073028 0.000000 0.000000    -0.032281     1.556332 
2460437.787155 0.000000 0.000000     0.010249     1.557359 
2460439.501283 0.000000 0.000000     0.007192     1.559488 
2460441.215411 0.000000 0.000000    -0.022727     1.562858 
2460442.929539 0.000000 0.000000    -0.056419     1.566895 
2460444.643667 0.000000 0.000000    -0.075165     1.570603 
2460446.357795 0.000000 0.000000    -0.071091     1.573231 
2460448.071923 0.000000 0.000000    -0.048454     1.574666 
2460449.786051 0.000000 0.000000    -0.019488     1.575267 
2460451.500179 0.000000 0.000000     0.002706     1.575470 
2460453.214307 0.000000 0.000000     0.010461     1.575536 
2460454.928435 0.000000 0.000000     0.003948     1.575563 
2460456.642563 0.000000 0.000000    -0.011052     1.575577 
2460458.356691 0.000000 0.000000    -0.028251     1.575580 
2460460.070819 0.000000 0.000000    -0.045629     1.575572 
2460461.784946 0.000000 0.000000    -0.067141     1.575550 
2460463.499074 0.000000 0.000000    -0.100482     1.575491 
2460465.213202 0.000000 0.000000    -0.152318     1.575327 
2460466.927330 0.000000 0.000000    -0.223729     1.574952 
2460468.641458 0.000000 0.000000    -0.308339     1.574297 
2460470.355586 0.000000 0.000000    -0.394044     1.573419 
2460472.069714 0.000000 0.000000    -0.467287     1.572511 
2460473.783842 0.000000 0.000000    -0.517552     1.571789 
2460475.497970 0.000000 0.000000    -0.539951     1.571362 
2460477.212098 0.000000 0.000000    -0.534995     1.571193 
2460478.926226 0.000000 0.000000    -0.506318     1.571186 
2460480.640354 0.000000 0.000000    -0.458127     1.571281 
2460482.354482 0.000000 0.000000    -0.393975     1.571456 
2460484.068610 0.000000 0.000000    -0.317391     1.571683 
2460485.782737 0.000000 0.000000    -0.233519     1.571915 
2460487.496865 0.000000 0.000000    -0.150201     1.572103 
2460489.210993 0.000000 0.000000    -0.077259     1.572230 
2460490.925121 0.000000 0.000000    -0.023880     1.572320 
2460492.639249 0.000000 0.000000     0.004743     1.572440 
2460494.353377 0.000000 0.000000     0.009700     1.572694 
2460496.067505 0.000000 0.000000    -0.001763     1.573157 
2460497.781633 0.000000 0.000000    -0.018963     1.573797 
2460499.495761 0.000000 0.000000    -0.031865     1.574474 
2460501.209889 0.000000 0.000000    -0.034652     1.575024 
2460502.924017 0.000000 0.000000    -0.027171     1.575370 
2460504.638145 0.000000 0.000000    -0.013789     1.575537 
2460506.352273 0.000000 0.000000    -0.000507     1.575600 
2460508.066401 0.000000 0.000000     0.008061     1.575620 
2460509.780528 0.000000 0.000000     0.010339     1.575626 
2460511.494656 0.000000 0.000000     0.007501     1.575628 
2460513.208784 0.000000 0.000000     0.001773     1.575629 
2460514.922912 0.000000 0.000000    -0.005457     1.575629 
2460516.637040 0.000000 0.000000    -0.014547     1.575628 
2460518.351168 0.000000 0.000000    -0.027109     1.575624 
2460520.065296 0.000000 0.000000    -0.044563     1.575614 
2460521.779424 0.000000 0.000000    -0.066761     1.575589 
2460523.493552 0.000000 0.000000    -0.091554     1.575538 
2460525.207680 0.000000 0.000000    -0.115537     1.575461 
2460526.921808 0.000000 0.000000    -0.135482     1.575372 
2460528.635936 0.000000 0.000000    -0.149537     1.575292 
2460530.350064 0.000000 0.000000    -0.157496     1.575237 
2460532.064192 0.000000 0.000000    -0.160053     1.575210 
2460533.778319 0.000000 0.000000    -0.157634     1.575200 
2460535.492447 0.000000 0.000000    -0.149657     1.575200 
2460537.206575 0.000000 0.000000    -0.134799     1.575209 
2460538.920703 0.000000 0.000000    -0.112193     1.575225 
2460540.634831 0.000000 0.000000    -0.082832     1.575247 
2460542.348959 0.000000 0.000000    -0.050252     1.575268 
2460544.063087 0.000000 0.000000    -0.019907     1.575286 
2460545.777215 0.000000 0.000000     0.002619     1.575298 
2460547.491343 0.000000 0.000000     0.013760     1.575308 
2460549.205471 0.000000 0.000000     0.013408     1.575326 
2460550.919599 0.000000 0.000000     0.004925     1.575361 
2460552.633727 0.000000 0.000000    -0.006294     1.575417 
2460554.347855 0.000000 0.000000    -0.014985     1.575483 
2460556.061983 0.000000 0.000000    -0.017897     1.575545 
2460557.776110 0.000000 0.000000    -0.014588     1.575589 
2460559.490238 0.000000 0.000000    -0.006939     1.575614 
2460561.204366 0.000000 0.000000     0.002157     1.575625 
2460562.918494 0.000000 0.000000     0.010134     1.575629 
2460564.632622 0.000000 0.000000     0.015497     1.575629 
2460566.346750 0.000000 0.000000     0.017770     1.575628 
2460568.060878 0.000000 0.000000     0.016976     1.575627 
2460569.775006 0.000000 0.000000     0.013175     1.575626 
2460571.489134 0.000000 0.000000     0.006452     1.575626 
2460573.203262 0.000000 0.000000    -0.002697     1.575626 
2460574.917390 0.000000 0.000000    -0.012933     1.575625 
2460576.631518 0.000000 0.000000    -0.022095     1.575624 
2460578.345646 0.000000 0.000000    -0.027851     1.575623 
2460580.059774 0.000000 0.000000    -0.028738     1.575621 
2460581.773901 0.000000 0.000000    -0.025026     1.575617 
2460583.488029 0.000000 0.000000    -0.018823     1.575615 
2460585.202157 0.000000 0.000000    -0.013227     1.575612 
2460586.916285 0.000000 0.000000    -0.010859     1.575611 
2460588.630413 0.000000 0.000000    -0.012524     1.575610 
2460590.344541 0.000000 0.000000    -0.016704     1.575610 
2460592.058669 0.000000 0.000000    -0.020244     1.575609 
2460593.772797 0.000000 0.000000    -0.019908     1.575607 
2460595.486925 0.000000 0.000000    -0.014059     1.575606 
2460597.201053 0.000000 0.000000    -0.003600     1.575604 
2460598.915181 0.000000 0.000000     0.008307     1.575604 
2460600.629309 0.000000 0.000000     0.017616     1.575604 
2460602.343437 0.000000 0.000000     0.021180     1.575604 
2460604.057565 0.000000 0.000000     0.018092     1.575605 
2460605.771692 0.000000 0.000000     0.009958     1.575606 
2460607.485820 0.000000 0.000000     0.000079     1.575609 
2460609.199948 0.000000 0.000000    -0.008009     1.575613 
2460610.914076 0.000000 0.000000    -0.011880     1.575617 
2460612.628204 0.000000 0.000000    -0.010892     1.575621 
2460614.342332 0.000000 0.000000    -0.005993     1.575625 
2460616.056460 0.000000 0.000000     0.001026     1.575628 
2460617.770588 0.000000 0.000000     0.008351     1.575630 
2460619.484716 0.000000 0.000000     0.014608     1.575629 
2460621.198844 0.000000 0.000000     0.018878     1.575628 
2460622.912972 0.000000 0.000000     0.020482     1.575626 
2460624.627100 0.000000 0.000000     0.018861     1.575625 
2460626.341228 0.000000 0.000000     0.013778     1.575624 
2460628.055356 0.000000 0.000000     0.005728     1.575624 
2460629.769483 0.000000 0.000000    -0.003748     1.575624 
2460631.483611 0.000000 0.000000    -0.012215     1.575624 
2460633.197739 0.000000 0.000000    -0.017071     1.575624 
2460634.911867 0.000000 0.000000    -0.016600     1.575624 
2460636.625995 0.000000 0.000000    -0.010854     1.575623 
2460638.340123 0.000000 0.000000    -0.001845     1.575623 
2460640.054251 0.000000 0.000000     0.007141     1.575623 
2460641.768379 0.000000 0.000000     0.012888     1.575623 
2460643.482507 0.000000 0.000000     0.013630     1.575623 
2460645.196635 0.000000 0.000000     0.009810     1.575623 
2460646.910763 0.000000 0.000000     0.003845     1.575623 
2460648.624891 0.000000 0.000000    -0.001018     1.575623 
2460650.339019 0.000000 0.000000    -0.002215     1.575623 
2460652.053147 0.000000 0.000000     0.000988     1.575624 
2460653.767274 0.000000 0.000000     0.007214     1.575624 
2460655.481402 0.000000 0.000000     0.013680     1.575624 
2460657.195530 0.000000 0.000000     0.017494     1.575624 
2460658.909658 0.000000 0.000000     0.016926     1.575624 
2460660.623786 0.000000 0.000000     0.012065     1.575625 
2460662.337914 0.000000 0.000000     0.004653     1.575625 
2460664.052042 0.000000 0.000000    -0.002762     1.575626 
2460665.766170 0.000000 0.000000    -0.007877     1.575628 
2460667.480298 0.000000 0.000000    -0.009409     1.575630 
2460669.194426 0.000000 0.000000    -0.007329     1.575632 
2460670.908554 0.000000 0.000000    -0.002579     1.575634 
2460672.622682 0.000000 0.000000     0.003453     1.575636 
2460674.336810 0.000000 0.000000     0.009397     1.575637 
2460676.050938 0.000000 0.000000     0.014132     1.575636 
2460677.765065 0.000000 0.000000     0.016797     1.575635 
2460679.479193 0.000000 0.000000     0.016764     1.575634 
2460681.193321 0.000000 0.000000     0.013715     1.575633 
2460682.907449 0.000000 0.000000     0.007847     1.575633 
2460684.621577 0.000000 0.000000     0.000065     1.575633 
2460686.335705 0.000000 0.000000    -0.008039     1.575633 
2460688.049833 0.000000 0.000000    -0.014560     1.575632 
2460689.763961 0.000000 0.000000    -0.017911     1.575632 
2460691.478089 0.000000 0.000000    -0.017479     1.575631 
2460693.192217 0.000000 0.000000    -0.013949     1.575630 
2460694.906345 0.000000 0.000000    -0.009110     1.575628 
2460696.620473 0.000000 0.000000    -0.005147     1.575626 
2460698.334601 0.000000 0.000000    -0.003719     1.575625 
2460700.048729 0.000000 0.000000    -0.005242     1.575624 
2460701.762856 0.000000 0.000000    -0.008710     1.575624 
2460703.476984 0.000000 0.000000    -0.012155     1.575624 
2460705.191112 0.000000 0.000000    -0.013538     1.575624 
2460706.905240 0.000000 0.000000    -0.011668     1.575624 
2460708.619368 0.000000 0.000000    -0.006737     1.575624 
2460710.333496 0.000000 0.000000    -0.000231     1.575624 
2460712.047624 0.000000 0.000000     0.005698     1.575624 
2460713.761752 0.000000 0.000000     0.009130     1.575625 
2460715.475880 0.000000 0.000000     0.009116     1.575625 
2460717.190008 0.000000 0.000000     0.005986     1.575625 
2460718.904136 0.000000 0.000000     0.001122     1.575627 
2460720.618264 0.000000 0.000000    -0.003640     1.575630 
2460722.332392 0.000000 0.000000    -0.006696     1.575633 
2460724.046520 0.000000 0.000000    -0.007169     1.575638 
2460725.760647 0.000000 0.000000    -0.005070     1.575641 
2460727.474775 0.000000 0.000000    -0.001136     1.575644 
2460729.188903 0.000000 0.000000     0.003517     1.575645 
2460730.903031 0.000000 0.000000     0.007739     1.575645 
2460732.617159 0.000000 0.000000     0.010593     1.575645 
2460734.331287 0.000000 0.000000     0.011472     1.575644 
2460736.045415 0.000000 0.000000     0.010127     1.575644 
2460737.759543 0.000000 0.000000     0.006670     1.575643 
2460739.473671 0.000000 0.000000     0.001566     1.575643 
2460741.187799 0.000000 0.000000    -0.004415     1.575643 
2460742.901927 0.000000 0.000000    -0.010327     1.575643 
2460744.616055 0.000000 0.000000    -0.015270     1.575643 
2460746.330183 0.000000 0.000000    -0.018647     1.575641 
2460748.044311 0.000000 0.000000    -0.020367     1.575639 
2460749.758438 0.000000 0.000000    -0.020862     1.575635 
2460751.472566 0.000000 0.000000    -0.020906     1.575631 
2460753.186694 0.000000 0.000000    -0.021265     1.575628 
2460754.900822 0.000000 0.000000    -0.022328     1.575625 
2460756.614950 0.000000 0.000000    -0.023889     1.575624 
2460758.329078 0.000000 0.000000    -0.025185     1.575624 
2460760.043206 0.000000 0.000000    -0.025207     1.575623 
2460761.757334 0.000000 0.000000    -0.023143     1.575623 
2460763.471462 0.000000 0.000000    -0.018784     1.575624 
2460765.185590 0.000000 0.000000    -0.012703     1.575624 
2460766.899718 0.000000 0.000000    -0.006113     1.575624 
2460768.613846 0.000000 0.000000    -0.000471     1.575624 
2460770.327974 0.000000 0.000000     0.003027     1.575624 
2460772.042102 0.000000 0.000000     0.003867     1.575624 
2460773.756229 0.000000 0.000000     0.002367     1.575626 
2460775.470357 0.000000 0.000000    -0.000467     1.575629 
2460777.184485 0.000000 0.000000    -0.003328     1.575633 
2460778.898613 0.000000 0.000000    -0.005065     1.575639 
2460780.612741 0.000000 0.000000    -0.005049     1.575644 
2460782.326869 0.000000 0.000000    -0.003314     1.575647 
2460784.040997 0.000000 0.000000    -0.000458     1.575649 
2460785.755125 0.000000 0.000000     0.002624     1.575650 
2460787.469253 0.000000 0.000000     0.005061     1.575650 
2460789.183381 0.000000 0.000000     0.006247     1.575650 
2460790.897509 0.000000 0.000000     0.005947     1.575650 
2460792.611637 0.000000 0.000000     0.004259     1.575650 
2460794.325765 0.000000 0.000000     0.001488     1.575650 
2460796.039893 0.000000 0.000000    -0.001992     1.575650 
2460797.754020 0.000000 0.000000    -0.005839     1.575650 
2460799.468148 0.000000 0.000000    -0.009785     1.575649 
2460801.182276 0.000000 0.000000    -0.013629     1.575649 
2460802.896404 0.000000 0.000000    -0.017224     1.575647 
2460804.610532 0.000000 0.000000    -0.020468     1.575644 
2460806.324660 0.000000 0.000000    -0.023295     1.575640 
2460808.038788 0.000000 0.000000    -0.025663     1.575636 
2460809.752916 0.000000 0.000000    -0.027519     1.575633 
2460811.467044 0.000000 0.000000    -0.028752     1.575631 
2460813.181172 0.000000 0.000000    -0.029159     1.575631 
2460814.895300 0.000000 0.000000    -0.028462     1.575630 
2460816.609428 0.000000 0.000000    -0.026401     1.575631 
2460818.323556 0.000000 0.000000    -0.022868     1.575631 
2460820.037684 0.000000 0.000000    -0.018049     1.575631 
2460821.751811 0.000000 0.000000    -0.012483     1.575631 
2460823.465939 0.000000 0.000000    -0.006985     1.575631 
2460825.180067 0.000000 0.000000    -0.002449     1.575632 
2460826.894195 0.000000 0.000000     0.000432     1.575632 
2460828.608323 0.000000 0.000000     0.001398     1.575633 
2460830.322451 0.000000 0.000000     0.000720     1.575634 
2460832.036579 0.000000 0.000000    -0.000886     1.575637 
2460833.750707 0.000000 0.000000    -0.002523     1.575641 
2460835.464835 0.000000 0.000000    -0.003420     1.575645 
2460837.178963 0.000000 0.000000    -0.003197     1.575649 
2460838.893091 0.000000 0.000000    -0.001952     1.575651 
2460840.607219 0.000000 0.000000    -0.000167     1.575652 
2460842.321347 0.000000 0.000000     0.001524     1.575652 
2460844.035475 0.000000 0.000000     0.002590     1.575652 
2460845.749602 0.000000 0.000000     0.002770     1.575652 
2460847.463730 0.000000 0.000000     0.002099     1.575652 
2460849.177858 0.000000 0.000000     0.000800     1.575652 
2460850.891986 0.000000 0.000000    -0.000885     1.575652 
2460852.606114 0.000000 0.000000    -0.002822     1.575652 
2460854.320242 0.000000 0.000000    -0.005022     1.575652 
2460856.034370 0.000000 0.000000    -0.007573     1.575652 
2460857.748498 0.000000 0.000000    -0.010522     1.575651 
2460859.462626 0.000000 0.000000    -0.013780     1.575650 
2460861.176754 0.000000 0.000000    -0.017098     1.575648 
2460862.890882 0.000000 0.000000    -0.020125     1.575646 
2460864.605010 0.000000 0.000000    -0.022516     1.575643 
2460866.319138 0.000000 0.000000    -0.024016     1.575642 
2460868.033266 0.000000 0.000000    -0.024501     1.575641 
2460869.747393 0.000000 0.000000    -0.023953     1.575641 
2460871.461521 0.000000 0.000000    -0.022410     1.575641 
2460873.175649 0.000000 0.000000    -0.019947     1.575641 
2460874.889777 0.000000 0.000000    -0.016684     1.575642 
2460876.603905 0.000000 0.000000    -0.012845     1.575642 
2460878.318033 0.000000 0.000000    -0.008794     1.575642 
2460880.032161 0.000000 0.000000    -0.005013     1.575642 
2460881.746289 0.000000 0.000000    -0.002006     1.575642 
2460883.460417 0.000000 0.000000    -0.000141     1.575643 
2460885.174545 0.000000 0.000000     0.000487     1.575643 
2460886.888673 0.000000 0.000000     0.000106     1.575644 
2460888.602801 0.000000 0.000000    -0.000799     1.575646 
2460890.316929 0.000000 0.000000    -0.001663     1.575648 
2460892.031057 0.000000 0.000000    -0.002047     1.575650 
2460893.745184 0.000000 0.000000    -0.001787     1.575652 
2460895.459312 0.000000 0.000000    -0.001018     1.575653 
2460897.173440 0.000000 0.000000    -0.000079     1.575653 
2460898.887568 0.000000 0.000000     0.000659     1.575653 
2460900.601696 0.000000 0.000000     0.000958     1.575653 
2460902.315824 0.000000 0.000000     0.000778     1.575653 
2460904.029952 0.000000 0.000000     0.000243     1.575653 
2460905.744080 0.000000 0.000000    -0.000473     1.575653 
2460907.458208 0.000000 0.000000    -0.001274     1.575653 
2460909.172336 0.000000 0.000000    -0.002199     1.575653 
2460910.886464 0.000000 0.000000    -0.003391     1.575653 
2460912.600592 0.000000 0.000000    -0.004996     1.575653 
2460914.314720 0.000000 0.000000    -0.007052     1.575652 
2460916.028848 0.000000 0.000000    -0.009421     1.575652 
2460917.742975 0.000000 0.000000    -0.011818     1.575651 
2460919.457103 0.000000 0.000000    -0.013896     1.575650 
2460921.171231 0.000000 0.000000    -0.015363     1.575649 
2460922.885359 0.000000 0.000000    -0.016053     1.575649 
2460924.599487 0.000000 0.000000    -0.015949     1.575649 
2460926.313615 0.000000 0.000000    -0.015134     1.575649 
2460928.027743 0.000000 0.000000    -0.013729     1.575649 
2460929.741871 0.000000 0.000000    -0.011853     1.575649 
2460931.455999 0.000000 0.000000    -0.009624     1.575649 
2460933.170127 0.000000 0.000000    -0.007190     1.575649 
2460934.884255 0.000000 0.000000    -0.004765     1.575649 
2460936.598383 0.000000 0.000000    -0.002610     1.575649 
2460938.312511 0.000000 0.000000    -0.000985     1.575650 
2460940.026639 0.000000 0.000000    -0.000053     1.575650 
2460941.740766 0.000000 0.000000     0.000187     1.575650 
2460943.454894 0.000000 0.000000    -0.000084     1.575650 
2460945.169022 0.000000 0.000000    -0.000570     1.575651 
2460946.883150 0.000000 0.000000    -0.000966     1.575652 
2460948.597278 0.000000 0.000000    -0.001074     1.575652 
2460950.311406 0.000000 0.000000    -0.000864     1.575653 
2460952.025534 0.000000 0.000000    -0.000457     1.575653 
2460953.739662 0.000000 0.000000    -0.000047     1.575653 
2460955.453790 0.000000 0.000000     0.000197     1.575653 
2460957.167918 0.000000 0.000000     0.000210     1.575653 
2460958.882046 0.000000 0.000000     0.000030     1.575653 
2460960.596174 0.000000 0.000000    -0.000245     1.575653 
2460962.310302 0.000000 0.000000    -0.000540     1.575653 
2460964.024430 0.000000 0.000000    -0.000855     1.575653 
2460965.738557 0.000000 0.000000    -0.001273     1.575653 
2460967.452685 0.000000 0.000000    -0.001908     1.575653 
2460969.166813 0.000000 0.000000    -0.002834     1.575653 
2460970.880941 0.000000 0.000000    -0.004028     1.575653 
2460972.595069 0.000000 0.000000    -0.005359     1.575653 
2460974.309197 0.000000 0.000000    -0.006628     1.575653 
2460976.023325 0.000000 0.000000    -0.007633     1.575652 
2460977.737453 0.000000 0.000000    -0.008239     1.575652 
2460979.451581 0.000000 0.000000    -0.008397     1.575652 
2460981.165709 0.000000 0.000000    -0.008139     1.575652 
2460982.879837 0.000000 0.000000    -0.007539     1.575652 
2460984.593965 0.000000 0.000000    -0.006670     1.575652 
2460986.308093 0.000000 0.000000    -0.005599     1.575652 
2460988.022221 0.000000 0.000000    -0.004388     1.575652 
2460989.736348 0.000000 0.000000    -0.003124     1.575652 
2460991.450476 0.000000 0.000000    -0.001927     1.575652 
2460993.164604 0.000000 0.000000    -0.000931     1.575652 
2460994.878732 0.000000 0.000000    -0.000250     1.575652 
2460996.592860 0.000000 0.000000     0.000068     1.575652 
2460998.306988 0.000000 0.000000     0.000068     1.575652 
2461000.021116 0.000000 0.000000    -0.000127     1.575653 
2461001.735244 0.000000 0.000000    -0.000360     1.575653 
2461003.449372 0.000000 0.000000    -0.000499     1.575653 
2461005.163500 0.000000 0.000000    -0.000486     1.575653 
2461006.877628 0.000000 0.000000    -0.000343     1.575653 
2461008.591756 0.000000 0.000000    -0.000149     1.575653 
2461010.305884 0.000000 0.000000     0.000007     1.575653 
2461012.020012 0.000000 0.000000     0.000072     1.575653 
2461013.734139 0.000000 0.000000     0.000043     1.575653 
2461015.448267 0.000000 0.000000    -0.000044     1.575653 
2461017.162395 0.000000 0.000000    -0.000149     1.575653 
2461018.876523 0.000000 0.000000    -0.000258     1.575653 
2461020.590651 0.000000 0.000000    -0.000393     1.575653 
2461022.304779 0.000000 0.000000    -0.000599     1.575653 
2461024.018907 0.000000 0.000000    -0.000918     1.575653 
2461025.733035 0.000000 0.000000    -0.001353     1.575653 
2461027.447163 0.000000 0.000000    -0.001867     1.575653 
2461029.161291 0.000000 0.000000    -0.002386     1.575653 
2461030.875419 0.000000 0.000000    -0.002830     1.575653 
2461032.589547 0.000000 0.000000    -0.003140     1.575653 
2461034.303675 0.000000 0.000000    -0.003287     1.575653 
2461036.017803 0.000000 0.000000    -0.003276     1.575653 
2461037.731930 0.000000 0.000000    -0.003124     1.575653 
2461039.446058 0.000000 0.000000    -0.002849     1.575653 
2461041.160186 0.000000 0.000000    -0.002467     1.575653 
2461042.874314 0.000000 0.000000    -0.001993     1.575653 
2461044.588442 0.000000 0.000000    -0.001459     1.575653 
2461046.302570 0.000000 0.000000    -0.000921     1.575653 
2461048.016698 0.000000 0.000000    -0.000449     1.575653 
2461049.730826 0.000000 0.000000    -0.000106     1.575653 
2461051.444954 0.000000 0.000000     0.000070     1.575653 
2461053.159082 0.000000 0.000000     0.000088     1.575653 
2461054.873210 0.000000 0.000000    -0.000001     1.575653 
2461056.587338 0.000000 0.000000    -0.000125     1.575653 
2461058.301466 0.000000 0.000000    -0.000216     1.575653 
2461060.015594 0.000000 0.000000    -0.000235     1.575653 
2461061.729721 0.000000 0.000000    -0.000181     1.575653 
2461063.443849 0.000000 0.000000    -0.000086     1.575653 
2461065.157977 0.000000 0.000000     0.000013     1.575653 
2461066.872105 0.000000 0.000000     0.000083     1.575653 
2461068.586233 0.000000 0.000000     0.000112     1.575653 
2461070.300361 0.000000 0.000000     0.000105     1.575653 
2461072.014489 0.000000 0.000000     0.000071     1.575653 
2461073.728617 0.000000 0.000000     0.000020     1.575653 
2461075.442745 0.000000 0.000000    -0.000051     1.575653 
2461077.156873 0.000000 0.000000    -0.000146     1.575653 
2461078.871001 0.000000 0.000000    -0.000264     1.575653 
2461080.585129 0.000000 0.000000    -0.000396     1.575653 
2461082.299257 0.000000 0.000000    -0.000524     1.575653 
2461084.013385 0.000000 0.000000    -0.000628     1.575653 
2461085.727512 0.000000 0.000000    -0.000700     1.575653 
2461087.441640 0.000000 0.000000    -0.000739     1.575653 
2461089.155768 0.000000 0.000000    -0.000759     1.575653 
2461090.869896 0.000000 0.000000    -0.000770     1.575653 
2461092.584024 0.000000 0.000000    -0.000775     1.575653 
2461094.298152 0.000000 0.000000    -0.000760     1.575653 
2461096.012280 0.000000 0.000000    -0.000704     1.575653 
2461097.726408 0.000000 0.000000    -0.000593     1.575653 
2461099.440536 0.000000 0.000000    -0.000426     1.575653 
2461101.154664 0.000000 0.000000    -0.000228     1.575653 
2461102.868792 0.000000 0.000000    -0.000039     1.575653 
2461104.582920 0.000000 0.000000     0.000097     1.575653 
2461106.297048 0.000000 0.000000     0.000153     1.575653 
2461108.011176 0.000000 0.000000     0.000130     1.575653 
2461109.725303 0.000000 0.000000     0.000051     1.575653 
2461111.439431 0.000000 0.000000    -0.000041     1.575653 
2461113.153559 0.000000 0.000000    -0.000110     1.575653 
2461114.867687 0.000000 0.000000    -0.000133     1.575653 
2461116.581815 0.000000 0.000000    -0.000107     1.575653 
2461118.295943 0.000000 0.000000    -0.000047     1.575653 
2461120.010071 0.000000 0.000000     0.000026     1.575653 
2461121.724199 0.000000 0.000000     0.000093     1.575653 
2461123.438327 0.000000 0.000000     0.000143     1.575653 
2461125.152455 0.000000 0.000000     0.000169     1.575653 
2461126.866583 0.000000 0.000000     0.000168     1.575653 
2461128.580711 0.000000 0.000000     0.000140     1.575653 
2461130.294839 0.000000 0.000000     0.000083     1.575653 
2461132.008967 0.000000 0.000000     0.000004     1.575653 
2461133.723094 0.000000 0.000000    -0.000083     1.575653 
2461135.437222 0.000000 0.000000    -0.000154     1.575653 
2461137.151350 0.000000 0.000000    -0.000189     1.575653 
2461138.865478 0.000000 0.000000    -0.000176     1.575653 
2461140.579606 0.000000 0.000000    -0.000119     1.575653 
2461142.293734 0.000000 0.000000    -0.000041     1.575653 
2461144.007862 0.000000 0.000000     0.000027     1.575653 
2461145.721990 0.000000 0.000000     0.000059     1.575653 
2461147.436118 0.000000 0.000000     0.000047     1.575653 
2461149.150246 0.000000 0.000000     0.000003     1.575653 
2461150.864374 0.000000 0.000000    -0.000045     1.575653 
2461152.578502 0.000000 0.000000    -0.000066     1.575653 
2461154.292630 0.000000 0.000000    -0.000043     1.575653 
2461156.006758 0.000000 0.000000     0.000020     1.575653 
2461157.720885 0.000000 0.000000     0.000099     1.575653 
2461159.435013 0.000000 0.000000     0.000163     1.575653 
2461161.149141 0.000000 0.000000     0.000186     1.575653 
2461162.863269 0.000000 0.000000     0.000158     1.575653 
2461164.577397 0.000000 0.000000     0.000091     1.575653 
2461166.291525 0.000000 0.000000     0.000010     1.575653 
2461168.005653 0.000000 0.000000    -0.000059     1.575653 
2461169.719781 0.000000 0.000000    -0.000094     1.575653 
2461171.433909 0.000000 0.000000    -0.000089     1.575653 
2461173.148037 0.000000 0.000000    -0.000052     1.575653 
2461174.862165 0.000000 0.000000     0.000004     1.575653 
2461176.576293 0.000000 0.000000     0.000065     1.575653 
2461178.290421 0.000000 0.000000     0.000119     1.575653 
2461180.004549 0.000000 0.000000     0.000158     1.575653 
2461181.718676 0.000000 0.000000     0.000174     1.575653 
2461183.432804 0.000000 0.000000     0.000162     1.575653 
2461185.146932 0.000000 0.000000     0.000121     1.575653 
2461186.861060 0.000000 0.000000     0.000054     1.575653 
2461188.575188 0.000000 0.000000    -0.000026     1.575653 
2461190.289316 0.000000 0.000000    -0.000099     1.575653 
2461192.003444 0.000000 0.000000    -0.000145     1.575653 
2461193.717572 0.000000 0.000000    -0.000148     1.575653 
2461195.431700 0.000000 0.000000    -0.000109     1.575653 
2461197.145828 0.000000 0.000000    -0.000041     1.575653 
2461198.859956 0.000000 0.000000     0.000029     1.575653 
2461200.574084 0.000000 0.000000     0.000075     1.575653 
2461202.288212 0.000000 0.000000     0.000083     1.575653 
2461204.002340 0.000000 0.000000     0.000055     1.575653 
2461205.716467 0.000000 0.000000     0.000008     1.575653 
2461207.430595 0.000000 0.000000    -0.000032     1.575653 
2461209.144723 0.000000 0.000000    -0.000043     1.575653 
2461210.858851 0.000000 0.000000    -0.000020     1.575653 
2461212.572979 0.000000 0.000000     0.000031     1.575653 
2461214.287107 0.000000 0.000000     0.000086     1.575653 
2461216.001235 0.000000 0.000000     0.000124     1.575653 
2461217.715363 0.000000 0.000000     0.000129     1.575653 
2461219.429491 0.000000 0.000000     0.000098     1.575653 
2461221.143619 0.000000 0.000000     0.000043     1.575653 
2461222.857747 0.000000 0.000000    -0.000015     1.575653 
2461224.571875 0.000000 0.000000    -0.000059     1.575653 
2461226.286003 0.000000 0.000000    -0.000076     1.575653 
2461228.000131 0.000000 0.000000    -0.000064     1.575653 
2461229.714258 0.000000 0.000000    -0.000029     1.575653 
2461231.428386 0.000000 0.000000     0.000019     1.575653 
2461233.142514 0.000000 0.000000     0.000068     1.575653 
2461234.856642 0.000000 0.000000     0.000107     1.575653 
2461236.570770 0.000000 0.000000     0.000130     1.575653 
2461238.284898 0.000000 0.000000     0.000131     1.575653 
2461239.999026 0.000000 0.000000     0.000108     1.575653 
2461241.713154 0.000000 0.000000     0.000063     1.575653 
2461243.427282 0.000000 0.000000     0.000001     1.575653 
2461245.141410 0.000000 0.000000    -0.000065     1.575653 
2461246.855538 0.000000 0.000000    -0.000121     1.575653 
2461248.569666 0.000000 0.000000    -0.000156     1.575653 
2461250.283794 0.000000 0.000000    -0.000165     1.575653 
2461251.997922 0.000000 0.000000    -0.000151     1.575653 
2461253.712049 0.000000 0.000000    -0.000126     1.575653 
2461255.426177 0.000000 0.000000    -0.000103     1.575653 
2461257.140305 0.000000 0.000000    -0.000096     1.575653 
2461258.854433 0.000000 0.000000    -0.000108     1.575653 
2461260.568561 0.000000 0.000000    -0.000131     1.575653 
2461262.282689 0.000000 0.000000    -0.000154     1.575653 
2461263.996817 0.000000 0.000000    -0.000160     1.575653 
2461265.710945 0.000000 0.000000    -0.000141     1.575653 
2461267.425073 0.000000 0.000000    -0.000097     1.575653 
2461269.139201 0.000000 0.000000    -0.000040     1.575653 
2461270.853329 0.000000 0.000000     0.000015     1.575653 
2461272.567457 0.000000 0.000000     0.000052     1.575653 
2461274.281585 0.000000 0.000000     0.000063     1.575653 
2461275.995713 0.000000 0.000000     0.000047     1.575653 
2461277.709840 0.000000 0.000000     0.000013     1.575653 
2461279.423968 0.000000 0.000000    -0.000024     1.575653 
2461281.138096 0.000000 0.000000    -0.000050     1.575653 
2461282.852224 0.000000 0.000000    -0.000058     1.575653 
2461284.566352 0.000000 0.000000    -0.000045     1.575653 
2461286.280480 0.000000 0.000000    -0.000016     1.575653 
2461287.994608 0.000000 0.000000     0.000019     1.575653 
2461289.708736 0.000000 0.000000     0.000053     1.575653 
2461291.422864 0.000000 0.000000     0.000076     1.575653 
2461293.136992 0.000000 0.000000     0.000084     1.575653 
2461294.851120 0.000000 0.000000     0.000074     1.575653 
2461296.565248 0.000000 0.000000     0.000049     1.575653 
2461298.279376 0.000000 0.000000     0.000011     1.575653 
2461299.993504 0.000000 0.000000    -0.000034     1.575653 
2461301.707631 0.000000 0.000000    -0.000080     1.575653 
2461303.421759 0.000000 0.000000    -0.000122     1.575653 
2461305.135887 0.000000 0.000000    -0.000155     1.575653 
2461306.850015 0.000000 0.000000    -0.000178     1.575653 
2461308.564143 0.000000 0.000000    -0.000193     1.575653 
2461310.278271 0.000000 0.000000    -0.000204     1.575653 
2461311.992399 0.000000 0.000000    -0.000214     1.575653 
2461313.706527 0.000000 0.000000    -0.000226     1.575653 
2461315.420655 0.000000 0.000000    -0.000237     1.575653 
2461317.134783 0.000000 0.000000    -0.000244     1.575653 
2461318.848911 0.000000 0.000000    -0.000239     1.575653 
2461320.563039 0.000000 0.000000    -0.000219     1.575653 
2461322.277167 0.000000 0.000000    -0.000182     1.575653 
2461323.991295 0.000000 0.000000    -0.000131     1.575653 
2461325.705422 0.000000 0.000000    -0.000075     1.575653 
2461327.419550 0.000000 0.000000    -0.000024     1.575653 
2461329.133678 0.000000 0.000000     0.000010     1.575653 
2461330.847806 0.000000 0.000000     0.000024     1.575653 
2461332.561934 0.000000 0.000000     0.000018     1.575653 
2461334.276062 0.000000 0.000000    -0.000000     1.575653 
2461335.990190 0.000000 0.000000    -0.000022     1.575653 
2461337.704318 0.000000 0.000000    -0.000037     1.575653 
2461339.418446 0.000000 0.000000    -0.000040     1.575653 
2461341.132574 0.000000 0.000000    -0.000029     1.575653 
2461342.846702 0.000000 0.000000    -0.000009     1.575653 
2461344.560830 0.000000 0.000000     0.000014     1.575653 
2461346.274958 0.000000 0.000000     0.000033     1.575653 
2461347.989086 0.000000 0.000000     0.000042     1.575653 
2461349.703213 0.000000 0.000000     0.000041     1.575653 
2461351.417341 0.000000 0.000000     0.000029     1.575653 
2461353.131469 0.000000 0.000000     0.000009     1.575653 
2461354.845597 0.000000 0.000000    -0.000015     1.575653 
2461356.559725 0.000000 0.000000    -0.000043     1.575653 
2461358.273853 0.000000 0.000000    -0.000072     1.575653 
2461359.987981 0.000000 0.000000    -0.000103     1.575653 
2461361.702109 0.000000 0.000000    -0.000134     1.575653 
2461363.416237 0.000000 0.000000    -0.000165     1.575653 
2461365.130365 0.000000 0.000000    -0.000193     1.575653 
2461366.844493 0.000000 0.000000    -0.000217     1.575653 
2461368.558621 0.000000 0.000000    -0.000235     1.575653 
2461370.272749 0.000000 0.000000    -0.000246     1.575653 
2461371.986877 0.000000 0.000000    -0.000248     1.575653 
2461373.701004 0.000000 0.000000    -0.000241     1.575653 
2461375.415132 0.000000 0.000000    -0.000223     1.575653 
2461377.129260 0.000000 0.000000    -0.000194     1.575653 
2461378.843388 0.000000 0.000000    -0.000156     1.575653 
2461380.557516 0.000000 0.000000    -0.000112     1.575653 
2461382.271644 0.000000 0.000000    -0.000067     1.575653 
2461383.985772 0.000000 0.000000    -0.000030     1.575653 
2461385.699900 0.000000 0.000000    -0.000004     1.575653 
2461387.414028 0.000000 0.000000     0.000008     1.575653 
2461389.128156 0.000000 0.000000     0.000006     1.575653 
2461390.842284 0.000000 0.000000    -0.000005     1.575653 
2461392.556412 0.000000 0.000000    -0.000017     1.575653 
2461394.270540 0.000000 0.000000    -0.000025     1.575653 
2461395.984668 0.000000 0.000000    -0.000025     1.575653 
2461397.698795 0.000000 0.000000    -0.000017     1.575653 
2461399.412923 0.000000 0.000000    -0.000004     1.575653 
2461401.127051 0.000000 0.000000     0.000008     1.575653 
2461402.841179 0.000000 0.000000     0.000016     1.575653 
2461404.555307 0.000000 0.000000     0.000017     1.575653 
2461406.269435 0.000000 0.000000     0.000013     1.575653 
2461407.983563 0.000000 0.000000     0.000004     1.575653 
2461409.697691 0.000000 0.000000    -0.000007     1.575653 
2461411.411819 0.000000 0.000000    -0.000020     1.575653 
2461413.125947 0.000000 0.000000    -0.000035     1.575653 
2461414.840075 0.000000 0.000000    -0.000053     1.575653 
2461416.554203 0.000000 0.000000    -0.000075     1.575653 
2461418.268331 0.000000 0.000000    -0.000101     1.575653 
2461419.982459 0.000000 0.000000    -0.000128     1.575653 
2461421.696586 0.000000 0.000000    -0.000153     1.575653 
2461423.410714 0.000000 0.000000    -0.000174     1.575653 
2461425.124842 0.000000 0.000000    -0.000186     1.575653 
2461426.838970 0.000000 0.000000    -0.000191     1.575653 
2461428.553098 0.000000 0.000000    -0.000187     1.575653 
2461430.267226 0.000000 0.000000    -0.000175     1.575653 
2461431.981354 0.000000 0.000000    -0.000156     1.575653 
2461433.695482 0.000000 0.000000    -0.000131     1.575653 
2461435.409610 0.000000 0.000000    -0.000102     1.575653 
2461437.123738 0.000000 0.000000    -0.000072     1.575653 
2461438.837866 0.000000 0.000000    -0.000043     1.575653 
2461440.551994 0.000000 0.000000    -0.000019     1.575653 
2461442.266122 0.000000 0.000000    -0.000004     1.575653 
2461443.980250 0.000000 0.000000     0.000003     1.575653 
2461445.694377 0.000000 0.000000     0.000001     1.575653 
2461447.408505 0.000000 0.000000    -0.000005     1.575653 
2461449.122633 0.000000 0.000000    -0.000011     1.575653 
2461450.836761 0.000000 0.000000    -0.000014     1.575653 
2461452.550889 0.000000 0.000000    -0.000013     1.575653 
2461454.265017 0.000000 0.000000    -0.000009     1.575653 
2461455.979145 0.000000 0.000000    -0.000002     1.575653 
2461457.693273 0.000000 0.000000     0.000003     1.575653 
2461459.407401 0.000000 0.000000     0.000005     1.575653 
2461461.121529 0.000000 0.000000     0.000004     1.575653 
2461462.835657 0.000000 0.000000     0.000001     1.575653 
2461464.549785 0.000000 0.000000    -0.000004     1.575653 
2461466.263913 0.000000 0.000000    -0.000009     1.575653 
2461467.978041 0.000000 0.000000    -0.000015     1.575653 
2461469.692168 0.000000 0.000000    -0.000022     1.575653 
2461471.406296 0.000000 0.000000    -0.000033     1.575653 
2461473.120424 0.000000 0.000000    -0.000048     1.575653 
2461474.834552 0.000000 0.000000    -0.000065     1.575653 
2461476.548680 0.000000 0.000000    -0.000083     1.575653 
2461478.262808 0.000000 0.000000    -0.000098     1.575653 
2461479.976936 0.000000 0.000000    -0.000110     1.575653 
2461481.691064 0.000000 0.000000    -0.000115     1.575653 
2461483.405192 0.000000 0.000000    -0.000115     1.575653 
2461485.119320 0.000000 0.000000    -0.000109     1.575653 
2461486.833448 0.000000 0.000000    -0.000099     1.575653 
2461488.547576 0.000000 0.000000    -0.000086     1.575653 
2461490.261704 0.000000 0.000000    -0.000070     1.575653 
2461491.975832 0.000000 0.000000    -0.000053     1.575653 
2461493.689959 0.000000 0.000000    -0.000036     1.575653 
2461495.404087 0.000000 0.000000    -0.000020     1.575653 
2461497.118215 0.000000 0.000000    -0.000008     1.575653 
2461498.832343 0.000000 0.000000    -0.000001     1.575653 
2461500.546471 0.000000 0.000000     0.000001     1.575653 
2461502.260599 0.000000 0.000000    -0.000000     1.575653 
2461503.974727 0.000000 0.000000    -0.000003     1.575653 
2461505.688855 0.000000 0.000000    -0.000006     1.575653 
2461507.402983 0.000000 0.000000    -0.000007     1.575653 
2461509.117111 0.000000 0.000000    -0.000006     1.575653 
2461510.831239 0.000000 0.000000    -0.000004     1.575653 
2461512.545367 0.000000 0.000000    -0.000001     1.575653 
2461514.259495 0.000000 0.000000     0.000001     1.575653 
2461515.973623 0.000000 0.000000     0.000001     1.575653 
2461517.687750 0.000000 0.000000     0.000000     1.575653 
2461519.401878 0.000000 0.000000    -0.000002     1.575653 
2461521.116006 0.000000 0.000000    -0.000003     1.575653 
2461522.830134 0.000000 0.000000    -0.000005     1.575653 
2461524.544262 0.000000 0.000000    -0.000008     1.575653 
2461526.258390 0.000000 0.000000    -0.000012     1.575653 
2461527.972518 0.000000 0.000000    -0.000018     1.575653 
2461529.686646 0.000000 0.000000    -0.000026     1.575653 
2461531.400774 0.000000 0.000000    -0.000034     1.575653 
2461533.114902 0.000000 0.000000    -0.000043     1.575653 
2461534.829030 0.000000 0.000000    -0.000050     1.575653 
2461536.543158 0.000000 0.000000    -0.000054     1.575653 
2461538.257286 0.000000 0.000000    -0.000055     1.575653 
2461539.971414 0.000000 0.000000    -0.000054     1.575653 
2461541.685541 0.000000 0.000000    -0.000050     1.575653 
2461543.399669 0.000000 0.000000    -0.000045     1.575653 
2461545.113797 0.000000 0.000000    -0.000038     1.575653 
2461546.827925 0.000000 0.000000    -0.000030     1.575653 
2461548.542053 0.000000 0.000000    -0.000021     1.575653 
2461550.256181 0.000000 0.000000    -0.000013     1.575653 
2461551.970309 0.000000 0.000000    -0.000006     1.575653 
2461553.684437 0.000000 0.000000    -0.000002     1.575653 
2461555.398565 0.000000 0.000000     0.000001     1.575653 
2461557.112693 0.000000 0.000000     0.000001     1.575653 
2461558.826821 0.000000 0.000000    -0.000001     1.575653 
2461560.540949 0.000000 0.000000    -0.000002     1.575653 
2461562.255077 0.000000 0.000000    -0.000003     1.575653 
2461563.969204 0.000000 0.000000    -0.000003     1.575653 
2461565.683332 0.000000 0.000000    -0.000002     1.575653 
2461567.397460 0.000000 0.000000    -0.000001     1.575653 
2461569.111588 0.000000 0.000000     0.000000     1.575653 
2461570.825716 0.000000 0.000000     0.000001     1.575653 
2461572.539844 0.000000 0.000000     0.000001     1.575653 
2461574.253972 0.000000 0.000000     0.000000     1.575653 
2461575.968100 0.000000 0.000000    -0.000001     1.575653 
2461577.682228 0.000000 0.000000    -0.000001     1.575653 
2461579.396356 0.000000 0.000000    -0.000002     1.575653 
2461581.110484 0.000000 0.000000    -0.000003     1.575653 
2461582.824612 0.000000 0.000000    -0.000005     1.575653 
2461584.538740 0.000000 0.000000    -0.000008     1.575653 
2461586.252868 0.000000 0.000000    -0.000011     1.575653 
2461587.966995 0.000000 0.000000    -0.000014     1.575653 
2461589.681123 0.000000 0.000000    -0.000016     1.575653 
2461591.395251 0.000000 0.000000    -0.000018     1.575653 
2461593.109379 0.000000 0.000000    -0.000019     1.575653 
2461594.823507 0.000000 0.000000    -0.000019     1.575653 
2461596.537635 0.000000 0.000000    -0.000018     1.575653 
2461598.251763 0.000000 0.000000    -0.000017     1.575653 
2461599.965891 0.000000 0.000000    -0.000015     1.575653 
2461601.680019 0.000000 0.000000    -0.000012     1.575653 
2461603.394147 0.000000 0.000000    -0.000009     1.575653 
2461605.108275 0.000000 0.000000    -0.000005     1.575653 
2461606.822403 0.000000 0.000000    -0.000002     1.575653 
2461608.536531 0.000000 0.000000    -0.000000     1.575653 
2461610.250659 0.000000 0.000000     0.000001     1.575653 
2461611.964786 0.000000 0.000000     0.000001     1.575653 
2461613.678914 0.000000 0.000000     0.000000     1.575653 
2461615.393042 0.000000 0.000000    -0.000001     1.575653 
2461617.107170 0.000000 0.000000    -0.000002     1.575653 
2461618.821298 0.000000 0.000000    -0.000002     1.575653 
2461620.535426 0.000000 0.000000    -0.000001     1.575653 
2461622.249554 0.000000 0.000000    -0.000001     1.575653 
2461623.963682 0.000000 0.000000     0.000000     1.575653 
2461625.677810 0.000000 0.000000     0.000001     1.575653 
2461627.391938 0.000000 0.000000     0.000001     1.575653 
2461629.106066 0.000000 0.000000     0.000001     1.575653 
2461630.820194 0.000000 0.000000     0.000001     1.575653 
2461632.534322 0.000000 0.000000     0.000001     1.575653 
2461634.248450 0.000000 0.000000     0.000000     1.575653 
2461635.962577 0.000000 0.000000    -0.000001     1.575653 
2461637.676705 0.000000 0.000000    -0.000002     1.575653 
2461639.390833 0.000000 0.000000    -0.000002     1.575653 
2461641.104961 0.000000 0.000000    -0.000003     1.575653 
2461642.819089 0.000000 0.000000    -0.000003     1.575653 
2461644.533217 0.000000 0.000000    -0.000003     1.575653 
2461646.247345 0.000000 0.000000    -0.000003     1.575653 
2461647.961473 0.000000 0.000000    -0.000003     1.575653 
2461649.675601 0.000000 0.000000    -0.000003     1.575653 
2461651.389729 0.000000 0.000000    -0.000003     1.575653 
2461653.103857 0.000000 0.000000    -0.000003     1.575653 
2461654.817985 0.000000 0.000000    -0.000003     1.575653 
2461656.532113 0.000000 0.000000    -0.000003     1.575653 
2461658.246241 0.000000 0.000000    -0.000002     1.575653 
2461659.960368 0.000000 0.000000    -0.000001     1.575653 
2461661.674496 0.000000 0.000000     0.000000     1.575653 
2461663.388624 0.000000 0.000000     0.000001     1.575653 
2461665.102752 0.000000 0.000000     0.000002     1.575653 
2461666.816880 0.000000 0.000000     0.000001     1.575653 
2461668.531008 0.000000 0.000000     0.000001     1.575653 
2461670.245136 0.000000 0.000000    -0.000000     1.575653 
2461671.959264 0.000000 0.000000    -0.000001     1.575653 
2461673.673392 0.000000 0.000000    -0.000001     1.575653 
2461675.387520 0.000000 0.000000    -0.000001     1.575653 
2461677.101648 0.000000 0.000000    -0.000000     1.575653 
2461678.815776 0.000000 0.000000     0.000000     1.575653 
2461680.529904 0.000000 0.000000     0.000001     1.575653 
2461682.244032 0.000000 0.000000     0.000001     1.575653 
2461683.958159 0.000000 0.000000     0.000002     1.575653 
2461685.672287 0.000000 0.000000     0.000002     1.575653 
2461687.386415 0.000000 0.000000     0.000001     1.575653 
2461689.100543 0.000000 0.000000     0.000001     1.575653 
2461690.814671 0.000000 0.000000     0.000000     1.575653 
2461692.528799 0.000000 0.000000    -0.000001     1.575653 
2461694.242927 0.000000 0.000000    -0.000001     1.575653 
2461695.957055 0.000000 0.000000    -0.000001     1.575653 
2461697.671183 0.000000 0.000000    -0.000001     1.575653 
2461699.385311 0.000000 0.000000    -0.000001     1.575653 
2461701.099439 0.000000 0.000000     0.000000     1.575653 
2461702.813567 0.000000 0.000000     0.000001     1.575653 
2461704.527695 0.000000 0.000000     0.000001     1.575653 
2461706.241823 0.000000 0.000000     0.000001     1.575653 
2461707.955950 0.000000 0.000000     0.000001     1.575653 
2461709.670078 0.000000 0.000000     0.000000     1.575653 
2461711.384206 0.000000 0.000000    -0.000000     1.575653 
2461713.098334 0.000000 0.000000    -0.000000     1.575653 
2461714.812462 0.000000 0.000000     0.000000     1.575653 
2461716.526590 0.000000 0.000000     0.000001     1.575653 
2461718.240718 0.000000 0.000000     0.000001     1.575653 
2461719.954846 0.000000 0.000000     0.000002     1.575653 
2461721.668974 0.000000 0.000000     0.000001     1.575653 
2461723.383102 0.000000 0.000000     0.000001     1.575653 
2461725.097230 0.000000 0.000000     0.000000     1.575653 
2461726.811358 0.000000 0.000000    -0.000000     1.575653 
2461728.525486 0.000000 0.000000    -0.000001     1.575653 
2461730.239614 0.000000 0.000000    -0.000001     1.575653 
2461731.953741 0.000000 0.000000    -0.000000     1.575653 
2461733.667869 0.000000 0.000000    -0.000000     1.575653 
2461735.381997 0.000000 0.000000     0.000000     1.575653 
2461737.096125 0.000000 0.000000     0.000001     1.575653 
2461738.810253 0.000000 0.000000     0.000001     1.575653 
2461740.524381 0.000000 0.000000     0.000001     1.575653 
2461742.238509 0.000000 0.000000     0.000001     1.575653 
2461743.952637 0.000000 0.000000     0.000001     1.575653 
2461745.666765 0.000000 0.000000     0.000000     1.575653 
2461747.380893 0.000000 0.000000    -0.000000     1.575653 
2461749.095021 0.000000 0.000000    -0.000001     1.575653 
2461750.809149 0.000000 0.000000    -0.000001     1.575653 
2461752.523277 0.000000 0.000000    -0.000001     1.575653 
2461754.237405 0.000000 0.000000    -0.000001     1.575653 
2461755.951532 0.000000 0.000000    -0.000001     1.575653 
2461757.665660 0.000000 0.000000    -0.000000     1.575653 
2461759.379788 0.000000 0.000000     0.000000     1.575653 
2461761.093916 0.000000 0.000000     0.000000     1.575653 
2461762.808044 0.000000 0.000000     0.000000     1.575653 
2461764.522172 0.000000 0.000000    -0.000000     1.575653 
2461766.236300 0.000000 0.000000    -0.000001     1.575653 
2461767.950428 0.000000 0.000000    -0.000001     1.575653 
2461769.664556 0.000000 0.000000    -0.000001     1.575653 
2461771.378684 0.000000 0.000000    -0.000000     1.575653 
2461773.092812 0.000000 0.000000     0.000000     1.575653 
2461774.806940 0.000000 0.000000     0.000001     1.575653 
2461776.521068 0.000000 0.000000     0.000001     1.575653 
2461778.235196 0.000000 0.000000     0.000001     1.575653 
2461779.949323 0.000000 0.000000     0.000000     1.575653 
2461781.663451 0.000000 0.000000    -0.000000     1.575653 
2461783.377579 0.000000 0.000000    -0.000000     1.575653 
2461785.091707 0.000000 0.000000    -0.000001     1.575653 
2461786.805835 0.000000 0.000000    -0.000001     1.575653 
2461788.519963 0.000000 0.000000    -0.000000     1.575653 
2461790.234091 0.000000 0.000000     0.000000     1.575653 
2461791.948219 0.000000 0.000000     0.000000     1.575653 
2461793.662347 0.000000 0.000000     0.000001     1.575653 
2461795.376475 0.000000 0.000000     0.000001     1.575653 
2461797.090603 0.000000 0.000000     0.000001     1.575653 
2461798.804731 0.000000 0.000000     0.000001     1.575653 
2461800.518859 0.000000 0.000000     0.000000     1.575653 
2461802.232987 0.000000 0.000000     0.000000     1.575653 
2461803.947114 0.000000 0.000000    -0.000001     1.575653 
2461805.661242 0.000000 0.000000    -0.000001     1.575653 
2461807.375370 0.000000 0.000000    -0.000001     1.575653 
2461809.089498 0.000000 0.000000    -0.000001     1.575653 
2461810.803626 0.000000 0.000000    -0.000001     1.575653 
2461812.517754 0.000000 0.000000    -0.000001     1.575653 
2461814.231882 0.000000 0.000000    -0.000001     1.575653 
2461815.946010 0.000000 0.000000    -0.000001     1.575653 
2461817.660138 0.000000 0.000000    -0.000001     1.575653 
2461819.374266 0.000000 0.000000    -0.000002     1.575653 
2461821.088394 0.000000 0.000000    -0.000002     1.575653 
2461822.802522 0.000000 0.000000    -0.000002     1.575653 
2461824.516650 0.000000 0.000000    -0.000002     1.575653 
2461826.230778 0.000000 0.000000    -0.000001     1.575653 
2461827.944905 0.000000 0.000000    -0.000001     1.575653 
2461829.659033 0.000000 0.000000    -0.000000     1.575653 
2461831.373161 0.000000 0.000000     0.000000     1.575653 
2461833.087289 0.000000 0.000000     0.000000     1.575653 
2461834.801417 0.000000 0.000000     0.000000     1.575653 
2461836.515545 0.000000 0.000000     0.000000     1.575653 
2461838.229673 0.000000 0.000000    -0.000000     1.575653 
2461839.943801 0.000000 0.000000    -0.000000     1.575653 
2461841.657929 0.000000 0.000000    -0.000000     1.575653 
2461843.372057 0.000000 0.000000    -0.000000     1.575653 
2461845.086185 0.000000 0.000000    -0.000000     1.575653 
2461846.800313 0.000000 0.000000     0.000000     1.575653 
2461848.514441 0.000000 0.000000     0.000000     1.575653 
2461850.228569 0.000000 0.000000     0.000001     1.575653 
2461851.942696 0.000000 0.000000     0.000001     1.575653 
2461853.656824 0.000000 0.000000     0.000001     1.575653 
2461855.370952 0.000000 0.000000     0.000000     1.575653 
2461857.085080 0.000000 0.000000     0.000000     1.575653 
2461858.799208 0.000000 0.000000    -0.000000     1.575653 
2461860.513336 0.000000 0.000000    -0.000001     1.575653 
2461862.227464 0.000000 0.000000    -0.000001     1.575653 
2461863.941592 0.000000 0.000000    -0.000001     1.575653 
2461865.655720 0.000000 0.000000    -0.000001     1.575653 
2461867.369848 0.000000 0.000000    -0.000002     1.575653 
2461869.083976 0.000000 0.000000    -0.000002     1.575653 
2461870.798104 0.000000 0.000000    -0.000002     1.575653 
2461872.512232 0.000000 0.000000    -0.000002     1.575653 
2461874.226360 0.000000 0.000000    -0.000002     1.575653 
2461875.940487 0.000000 0.000000    -0.000002     1.575653 
2461877.654615 0.000000 0.000000    -0.000002     1.575653 
2461879.368743 0.000000 0.000000    -0.000002     1.575653 
2461881.082871 0.000000 0.000000    -0.000002     1.575653 
2461882.796999 0.000000 0.000000    -0.000001     1.575653 
2461884.511127 0.000000 0.000000    -0.000001     1.575653 
2461886.225255 0.000000 0.000000    -0.000000     1.575653 
2461887.939383 0.000000 0.000000    -0.000000     1.575653 
2461889.653511 0.000000 0.000000     0.000000     1.575653 
2461891.367639 0.000000 0.000000     0.000000     1.575653 
2461893.081767 0.000000 0.000000     0.000000     1.575653 
2461894.795895 0.000000 0.000000    -0.000000     1.575653 
2461896.510023 0.000000 0.000000    -0.000000     1.575653 
2461898.224151 0.000000 0.000000    -0.000000     1.575653 
2461899.938278 0.000000 0.000000    -0.000000     1.575653 
2461901.652406 0.000000 0.000000    -0.000000     1.575653 
2461903.366534 0.000000 0.000000     0.000000     1.575653 
2461905.080662 0.000000 0.000000     0.000000     1.575653 
2461906.794790 0.000000 0.000000     0.000000     1.575653 
2461908.508918 0.000000 0.000000     0.000000     1.575653 
2461910.223046 0.000000 0.000000     0.000000     1.575653 
2461911.937174 0.000000 0.000000     0.000000     1.575653 
2461913.651302 0.000000 0.000000    -0.000000     1.575653 
2461915.365430 0.000000 0.000000    -0.000000     1.575653 
2461917.079558 0.000000 0.000000    -0.000001     1.575653 
2461918.793686 0.000000 0.000000    -0.000001     1.575653 
2461920.507814 0.000000 0.000000    -0.000001     1.575653 
2461922.221942 0.000000 0.000000    -0.000001     1.575653 
2461923.936069 0.000000 0.000000    -0.000002     1.575653 
2461925.650197 0.000000 0.000000    -0.000002     1.575653 
2461927.364325 0.000000 0.000000    -0.000002     1.575653 
2461929.078453 0.000000 0.000000    -0.000002     1.575653 
2461930.792581 0.000000 0.000000    -0.000002     1.575653 
2461932.506709 0.000000 0.000000    -0.000002     1.575653 
2461934.220837 0.000000 0.000000    -0.000002     1.575653 
2461935.934965 0.000000 0.000000    -0.000002     1.575653 
2461937.649093 0.000000 0.000000    -0.000001     1.575653 
2461939.363221 0.000000 0.000000    -0.000001     1.575653 
2461941.077349 0.000000 0.000000    -0.000001     1.575653 
2461942.791477 0.000000 0.000000    -0.000000     1.575653 
2461944.505605 0.000000 0.000000    -0.000000     1.575653 
2461946.219733 0.000000 0.000000     0.000000     1.575653 
2461947.933860 0.000000 0.000000     0.000000     1.575653 
2461949.647988 0.000000 0.000000    -0.000000     1.575653 
2461951.362116 0.000000 0.000000    -0.000000     1.575653 
2461953.076244 0.000000 0.000000    -0.000000     1.575653 
2461954.790372 0.000000 0.000000    -0.000000     1.575653 
2461956.504500 0.000000 0.000000    -0.000000     1.575653 
2461958.218628 0.000000 0.000000    -0.000000     1.575653 
2461959.932756 0.000000 0.000000     0.000000     1.575653 
2461961.646884 0.000000 0.000000     0.000000     1.575653 
2461963.361012 0.000000 0.000000     0.000000     1.575653 
2461965.075140 0.000000 0.000000     0.000000     1.575653 
2461966.789268 0.000000 0.000000     0.000000     1.575653 
2461968.503396 0.000000 0.000000    -0.000000     1.575653 
2461970.217524 0.000000 0.000000    -0.000000     1.575653 
2461971.931651 0.000000 0.000000    -0.000000     1.575653 
2461973.645779 0.000000 0.000000    -0.000000     1.575653 
2461975.359907 0.000000 0.000000    -0.000001     1.575653 
2461977.074035 0.000000 0.000000    -0.000001     1.575653 
2461978.788163 0.000000 0.000000    -0.000001     1.575653 
2461980.502291 0.000000 0.000000    -0.000001     1.575653 
2461982.216419 0.000000 0.000000    -0.000001     1.575653 
2461983.930547 0.000000 0.000000    -0.000001     1.575653 
2461985.644675 0.000000 0.000000    -0.000001     1.575653 
2461987.358803 0.000000 0.000000    -0.000001     1.575653 
2461989.072931 0.000000 0.000000    -0.000001     1.575653 
2461990.787059 0.000000 0.000000    -0.000001     1.575653 
2461992.501187 0.000000 0.000000    -0.000001     1.575653 
2461994.215315 0.000000 0.000000    -0.000001     1.575653 
2461995.929442 0.000000 0.000000    -0.000001     1.575653 
2461997.643570 0.000000 0.000000    -0.000000     1.575653 
2461999.357698 0.000000 0.000000    -0.000000     1.575653 
2462001.071826 0.000000 0.000000    -0.000000     1.575653 
2462002.785954 0.000000 0.000000     0.000000     1.575653 
2462004.500082 0.000000 0.000000     0.000000     1.575653 
2462006.214210 0.000000 0.000000    -0.000000     1.575653 
2462007.928338 0.000000 0.000000    -0.000000     1.575653 
2462009.642466 0.000000 0.000000    -0.000000     1.575653 
2462011.356594 0.000000 0.000000    -0.000000     1.575653 
2462013.070722 0.000000 0.000000    -0.000000     1.575653 
2462014.784850 0.000000 0.000000    -0.000000     1.575653 
2462016.498978 0.000000 0.000000     0.000000     1.575653 
2462018.213106 0.000000 0.000000     0.000000     1.575653 
2462019.927233 0.000000 0.000000     0.000000     1.575653 
2462021.641361 0.000000 0.000000     0.000000     1.575653 
2462023.355489 0.000000 0.000000    -0.000000     1.575653 
2462025.069617 0.000000 0.000000    -0.000000     1.575653 
2462026.783745 0.000000 0.000000    -0.000000     1.575653 
2462028.497873 0.000000 0.000000    -0.000000     1.575653 
2462030.212001 0.000000 0.000000    -0.000000     1.575653 
2462031.926129 0.000000 0.000000    -0.000000     1.575653 
2462033.640257 0.000000 0.000000    -0.000000     1.575653 
2462035.354385 0.000000 0.000000    -0.000001     1.575653 
2462037.068513 0.000000 0.000000    -0.000001     1.575653 
2462038.782641 0.000000 0.000000    -0.000001     1.575653 
2462040.496769 0.000000 0.000000    -0.000001     1.575653 
2462042.210897 0.000000 0.000000    -0.000001     1.575653 
2462043.925024 0.000000 0.000000    -0.000001     1.575653 
2462045.639152 0.000000 0.000000    -0.000001     1.575653 
2462047.353280 0.000000 0.000000    -0.000001     1.575653 
2462049.067408 0.000000 0.000000    -0.000001     1.575653 
2462050.781536 0.000000 0.000000    -0.000000     1.575653 
2462052.495664 0.000000 0.000000    -0.000000     1.575653 
2462054.209792 0.000000 0.000000    -0.000000     1.575653 
2462055.923920 0.000000 0.000000    -0.000000     1.575653 
2462057.638048 0.000000 0.000000    -0.000000     1.575653 
2462059.352176 0.000000 0.000000     0.000000     1.575653 
2462061.066304 0.000000 0.000000     0.000000     1.575653 
2462062.780432 0.000000 0.000000    -0.000000     1.575653 
2462064.494560 0.000000 0.000000    -0.000000     1.575653 
2462066.208688 0.000000 0.000000    -0.000000     1.575653 
2462067.922815 0.000000 0.000000    -0.000000     1.575653 
2462069.636943 0.000000 0.000000    -0.000000     1.575653 
2462071.351071 0.000000 0.000000    -0.000000     1.575653 
2462073.065199 0.000000 0.000000     0.000000     1.575653 
2462074.779327 0.000000 0.000000     0.000000     1.575653 
2462076.493455 0.000000 0.000000     0.000000     1.575653 
2462078.207583 0.000000 0.000000    -0.000000     1.575653 
2462079.921711 0.000000 0.000000    -0.000000     1.575653 
2462081.635839 0.000000 0.000000    -0.000000     1.575653 
2462083.349967 0.000000 0.000000    -0.000000     1.575653 
2462085.064095 0.000000 0.000000    -0.000000     1.575653 
2462086.778223 0.000000 0.000000    -0.000000     1.575653 
2462088.492351 0.000000 0.000000    -0.000000     1.575653 
2462090.206479 0.000000 0.000000    -0.000000     1.575653 
2462091.920606 0.000000 0.000000    -0.000000     1.575653 
2462093.634734 0.000000 0.000000    -0.000000     1.575653 
2462095.348862 0.000000 0.000000    -0.000000     1.575653 
2462097.062990 0.000000 0.000000    -0.000000     1.575653 
2462098.777118 0.000000 0.000000    -0.000000     1.575653 
2462100.491246 0.000000 0.000000    -0.000000     1.575653 
2462102.205374 0.000000 0.000000    -0.000000     1.575653 
2462103.919502 0.000000 0.000000    -0.000000     1.575653 
2462105.633630 0.000000 0.000000    -0.000000     1.575653 
2462107.347758 0.000000 0.000000    -0.000000     1.575653 
2462109.061886 0.000000 0.000000    -0.000000     1.575653 
2462110.776014 0.000000 0.000000    -0.000000     1.575653 
2462112.490142 0.000000 0.000000    -0.000000     1.575653 
2462114.204270 0.000000 0.000000     0.000000     1.575653 
2462115.918397 0.000000 0.000000     0.000000     1.575653 
2462117.632525 0.000000 0.000000    -0.000000     1.575653 
2462119.346653 0.000000 0.000000    -0.000000     1.575653 
2462121.060781 0.000000 0.000000    -0.000000     1.575653 
2462122.774909 0.000000 0.000000    -0.000000     1.575653 
2462124.489037 0.000000 0.000000    -0.000000     1.575653 
2462126.203165 0.000000 0.000000    -0.000000     1.575653 
2462127.917293 0.000000 0.000000     0.000000     1.575653 
2462129.631421 0.000000 0.000000     0.000000     1.575653 
2462131.345549 0.000000 0.000000     0.000000     1.575653 
2462133.059677 0.000000 0.000000     0.000000     1.575653 
2462134.773805 0.000000 0.000000     0.000000     1.575653 
2462136.487933 0.000000 0.000000    -0.000000     1.575653 
2462138.202061 0.000000 0.000000    -0.000000     1.575653 
2462139.916188 0.000000 0.000000    -0.000000     1.575653 
2462141.630316 0.000000 0.000000    -0.000000     1.575653 
2462143.344444 0.000000 0.000000    -0.000000     1.575653 
2462145.058572 0.000000 0.000000    -0.000000     1.575653 
2462146.772700 0.000000 0.000000    -0.000000     1.575653 
2462148.486828 0.000000 0.000000    -0.000000     1.575653 
2462150.200956 0.000000 0.000000    -0.000000     1.575653 
2462151.915084 0.000000 0.000000    -0.000000     1.575653 
2462153.629212 0.000000 0.000000    -0.000000     1.575653 
2462155.343340 0.000000 0.000000    -0.000000     1.575653 
2462157.057468 0.000000 0.000000    -0.000000     1.575653 
2462158.771596 0.000000 0.000000    -0.000000     1.575653 
2462160.485724 0.000000 0.000000    -0.000000     1.575653 
2462162.199852 0.000000 0.000000    -0.000000     1.575653 
2462163.913979 0.000000 0.000000    -0.000000     1.575653 
2462165.628107 0.000000 0.000000    -0.000000     1.575653 
2462167.342235 0.000000 0.000000     0.000000     1.575653 
2462169.056363 0.000000 0.000000     0.000000     1.575653 
2462170.770491 0.000000 0.000000     0.000000     1.575653 
2462172.484619 0.000000 0.000000     0.000000     1.575653 
2462174.198747 0.000000 0.000000    -0.000000     1.575653 
2462175.912875 0.000000 0.000000    -0.000000     1.575653 
2462177.627003 0.000000 0.000000    -0.000000     1.575653 
2462179.341131 0.000000 0.000000    -0.000000     1.575653 
2462181.055259 0.000000 0.000000    -0.000000     1.575653 
2462182.769387 0.000000 0.000000     0.000000     1.575653 
2462184.483515 0.000000 0.000000     0.000000     1.575653 
2462186.197643 0.000000 0.000000     0.000000     1.575653 
2462187.911770 0.000000 0.000000     0.000000     1.575653 
2462189.625898 0.000000 0.000000     0.000000     1.575653 
2462191.340026 0.000000 0.000000     0.000000     1.575653 
2462193.054154 0.000000 0.000000     0.000000     1.575653 
2462194.768282 0.000000 0.000000    -0.000000     1.575653 
2462196.482410 0.000000 0.000000    -0.000000     1.575653 
2462198.196538 0.000000 0.000000    -0.000000     1.575653 
2462199.910666 0.000000 0.000000    -0.000000     1.575653 
2462201.624794 0.000000 0.000000    -0.000000     1.575653 
2462203.338922 0.000000 0.000000    -0.000000     1.575653 
2462205.053050 0.000000 0.000000    -0.000000     1.575653 
2462206.767178 0.000000 0.000000    -0.000000     1.575653 
2462208.481306 0.000000 0.000000    -0.000000     1.575653 
2462210.195434 0.000000 0.000000    -0.000000     1.575653 
2462211.909561 0.000000 0.000000    -0.000000     1.575653 
2462213.623689 0.000000 0.000000    -0.000000     1.575653 
2462215.337817 0.000000 0.000000    -0.000000     1.575653 
2462217.051945 0.000000 0.000000    -0.000000     1.575653 
2462218.766073 0.000000 0.000000     0.000000     1.575653 
2462220.480201 0.000000 0.000000     0.000000     1.575653 
2462222.194329 0.000000 0.000000     0.000000     1.575653 
2462223.908457 0.000000 0.000000     0.000000     1.575653 
2462225.622585 0.000000 0.000000     0.000000     1.575653 
2462227.336713 0.000000 0.000000     0.000000     1.575653 
2462229.050841 0.000000 0.000000    -0.000000     1.575653 
2462230.764969 0.000000 0.000000    -0.000000     1.575653 
2462232.479097 0.000000 0.000000    -0.000000     1.575653 
2462234.193225 0.000000 0.000000    -0.000000     1.575653 
2462235.907352 0.000000 0.000000    -0.000000     1.575653 
2462237.621480 0.000000 0.000000     0.000000     1.575653 
2462239.335608 0.000000 0.000000     0.000000     1.575653 
2462241.049736 0.000000 0.000000     0.000000     1.575653 
2462242.763864 0.000000 0.000000     0.000000     1.575653 
2462244.477992 0.000000 0.000000     0.000000     1.575653 
2462246.192120 0.000000 0.000000     0.000000     1.575653 
2462247.906248 0.000000 0.000000     0.000000     1.575653 
2462249.620376 0.000000 0.000000     0.000000     1.575653 
2462251.334504 0.000000 0.000000    -0.000000     1.575653 
2462253.048632 0.000000 0.000000    -0.000000     1.575653 
2462254.762760 0.000000 0.000000    -0.000000     1.575653 
2462256.476888 0.000000 0.000000    -0.000000     1.575653 
2462258.191016 0.000000 0.000000    -0.000000     1.575653 
2462259.905143 0.000000 0.000000     0.000000     1.575653 
2462261.619271 0.000000 0.000000     0.000000     1.575653 
2462263.333399 0.000000 0.000000     0.000000     1.575653 
2462265.047527 0.000000 0.000000     0.000000     1.575653 
2462266.761655 0.000000 0.000000     0.000000     1.575653 
2462268.475783 0.000000 0.000000     0.000000     1.575653 
2462270.189911 0.000000 0.000000    -0.000000     1.575653 
2462271.904039 0.000000 0.000000    -0.000000     1.575653 
2462273.618167 0.000000 0.000000     0.000000     1.575653 
2462275.332295 0.000000 0.000000     0.000000     1.575653 
2462277.046423 0.000000 0.000000     0.000000     1.575653 
2462278.760551 0.000000 0.000000     0.000000     1.575653 
2462280.474679 0.000000 0.000000     0.000000     1.575653 
2462282.188807 0.000000 0.000000     0.000000     1.575653 
2462283.902934 0.000000 0.000000     0.000000     1.575653 
2462285.617062 0.000000 0.000000    -0.000000     1.575653 
2462287.331190 0.000000 0.000000    -0.000000     1.575653 
2462289.045318 0.000000 0.000000    -0.000000     1.575653 
2462290.759446 0.000000 0.000000    -0.000000     1.575653 
2462292.473574 0.000000 0.000000    -0.000000     1.575653 
2462294.187702 0.000000 0.000000     0.000000     1.575653 
2462295.901830 0.000000 0.000000     0.000000     1.575653 
2462297.615958 0.000000 0.000000     0.000000     1.575653 
2462299.330086 0.000000 0.000000     0.000000     1.575653 
2462301.044214 0.000000 0.000000     0.000000     1.575653 
2462302.758342 0.000000 0.000000     0.000000     1.575653 
2462304.472470 0.000000 0.000000     0.000000     1.575653 
2462306.186598 0.000000 0.000000    -0.000000     1.575653 
2462307.900725 0.000000 0.000000    -0.000000     1.575653 
2462309.614853 0.000000 0.000000    -0.000000     1.575653 
2462311.328981 0.000000 0.000000    -0.000000     1.575653 
2462313.043109 0.000000 0.000000    -0.000000     1.575653 
2462314.757237 0.000000 0.000000    -0.000000     1.575653 
2462316.471365 0.000000 0.000000    -0.000000     1.575653 
2462318.185493 0.000000 0.000000    -0.000000     1.575653 
2462319.899621 0.000000 0.000000    -0.000000     1.575653 
2462321.613749 0.000000 0.000000    -0.000000     1.575653 
2462323.327877 0.000000 0.000000    -0.000000     1.575653 
2462325.042005 0.000000 0.000000    -0.000000     1.575653 
2462326.756133 0.000000 0.000000    -0.000000     1.575653 
2462328.470261 0.000000 0.000000    -0.000000     1.575653 
2462330.184389 0.000000 0.000000    -0.000000     1.575653 
2462331.898516 0.000000 0.000000     0.000000     1.575653 
2462333.612644 0.000000 0.000000     0.000000     1.575653 
2462335.326772 0.000000 0.000000     0.000000     1.575653 
2462337.040900 0.000000 0.000000     0.000000     1.575653 
2462338.755028 0.000000 0.000000     0.000000     1.575653 
2462340.469156 0.000000 0.000000    -0.000000     1.575653 
2462342.183284 0.000000 0.000000    -0.000000     1.575653 
2462343.897412 0.000000 0.000000    -0.000000     1.575653 
2462345.611540 0.000000 0.000000    -0.000000     1.575653 
2462347.325668 0.000000 0.000000    -0.000000     1.575653 
2462349.039796 0.000000 0.000000    -0.000000     1.575653 
2462350.753924 0.000000 0.000000     0.000000     1.575653 
2462352.468052 0.000000 0.000000     0.000000     1.575653 
2462354.182180 0.000000 0.000000     0.000000     1.575653 
2462355.896307 0.000000 0.000000     0.000000     1.575653 
2462357.610435 0.000000 0.000000     0.000000     1.575653 
2462359.324563 0.000000 0.000000     0.000000     1.575653 
2462361.038691 0.000000 0.000000     0.000000     1.575653 
2462362.752819 0.000000 0.000000    -0.000000     1.575653 
2462364.466947 0.000000 0.000000    -0.000000     1.575653 
2462366.181075 0.000000 0.000000    -0.000000     1.575653 
2462367.895203 0.000000 0.000000    -0.000000     1.575653 
2462369.609331 0.000000 0.000000    -0.000000     1.575653 
2462371.323459 0.000000 0.000000    -0.000000     1.575653 
2462373.037587 0.000000 0.000000    -0.000000     1.575653 
2462374.751715 0.000000 0.000000    -0.000000     1.575653 
2462376.465843 0.000000 0.000000    -0.000000     1.575653 
2462378.179971 0.000000 0.000000    -0.000000     1.575653 
2462379.894098 0.000000 0.000000    -0.000000     1.575653 
2462381.608226 0.000000 0.000000    -0.000000     1.575653 
2462383.322354 0.000000 0.000000    -0.000000     1.575653 
2462385.036482 0.000000 0.000000    -0.000000     1.575653 
2462386.750610 0.000000 0.000000    -0.000000     1.575653 
2462388.464738 0.000000 0.000000    -0.000000     1.575653 
2462390.178866 0.000000 0.000000     0.000000     1.575653 
2462391.892994 0.000000 0.000000     0.000000     1.575653 
2462393.607122 0.000000 0.000000     0.000000     1.575653 
2462395.321250 0.000000 0.000000     0.000000     1.575653 
2462397.035378 0.000000 0.000000    -0.000000     1.575653 
2462398.749506 0.000000 0.000000    -0.000000     1.575653 
2462400.463634 0.000000 0.000000    -0.000000     1.575653 
2462402.177762 0.000000 0.000000    -0.000000     1.575653 
2462403.891889 0.000000 0.000000    -0.000000     1.575653 
2462405.606017 0.000000 0.000000     0.000000     1.575653 
2462407.320145 0.000000 0.000000     0.000000     1.575653 
2462409.034273 0.000000 0.000000     0.000000     1.575653 
2462410.748401 0.000000 0.000000     0.000000     1.575653 
2462412.462529 0.000000 0.000000     0.000000     1.575653 
2462414.176657 0.000000 0.000000     0.000000     1.575653 
2462415.890785 0.000000 0.000000     0.000000     1.575653 
2462417.604913 0.000000 0.000000    -0.000000     1.575653 
2462419.319041 0.000000 0.000000    -0.000000     1.575653 
2462421.033169 0.000000 0.000000    -0.000000     1.575653 
2462422.747297 0.000000 0.000000    -0.000000     1.575653 
2462424.461425 0.000000 0.000000    -0.000000     1.575653 
2462426.175553 0.000000 0.000000    -0.000000     1.575653 
2462427.889680 0.000000 0.000000    -0.000000     1.575653 
2462429.603808 0.000000 0.000000    -0.000000     1.575653 
2462431.317936 0.000000 0.000000    -0.000000     1.575653 
2462433.032064 0.000000 0.000000    -0.000000     1.575653 
2462434.746192 0.000000 0.000000    -0.000000     1.575653 
2462436.460320 0.000000 0.000000    -0.000000     1.575653 
2462438.174448 0.000000 0.000000    -0.000000     1.575653 
2462439.888576 0.000000 0.000000    -0.000000     1.575653 
2462441.602704 0.000000 0.000000    -0.000000     1.575653 
2462443.316832 0.000000 0.000000    -0.000000     1.575653 
2462445.030960 0.000000 0.000000    -0.000000     1.575653 
2462446.745088 0.000000 0.000000    -0.000000     1.575653 
2462448.459216 0.000000 0.000000     0.000000     1.575653 
2462450.173344 0.000000 0.000000     0.000000     1.575653 
2462451.887471 0.000000 0.000000     0.000000     1.575653 
2462453.601599 0.000000 0.000000    -0.000000     1.575653 
2462455.315727 0.000000 0.000000    -0.000000     1.575653 
2462457.029855 0.000000 0.000000    -0.000000     1.575653 
2462458.743983 0.000000 0.000000    -0.000000     1.575653 
2462460.458111 0.000000 0.000000    -0.000000     1.575653 
2462462.172239 0.000000 0.000000     0.000000     1.575653 
2462463.886367 0.000000 0.000000     0.000000     1.575653 
2462465.600495 0.000000 0.000000     0.000000     1.575653 
2462467.314623 0.000000 0.000000     0.000000     1.575653 
2462469.028751 0.000000 0.000000     0.000000     1.575653 
2462470.742879 0.000000 0.000000     0.000000     1.575653 
2462472.457007 0.000000 0.000000    -0.000000     1.575653 
2462474.171135 0.000000 0.000000    -0.000000     1.575653 
2462475.885262 0.000000 0.000000    -0.000000     1.575653 
2462477.599390 0.000000 0.000000    -0.000000     1.575653 
2462479.313518 0.000000 0.000000    -0.000000     1.575653 
2462481.027646 0.000000 0.000000    -0.000000     1.575653 
2462482.741774 0.000000 0.000000    -0.000000     1.575653 
2462484.455902 0.000000 0.000000    -0.000000     1.575653 
2462486.170030 0.000000 0.000000    -0.000000     1.575653 
2462487.884158 0.000000 0.000000    -0.000000     1.575653 
2462489.598286 0.000000 0.000000    -0.000000     1.575653 
2462491.312414 0.000000 0.000000    -0.000000     1.575653 
2462493.026542 0.000000 0.000000    -0.000000     1.575653 
2462494.740670 0.000000 0.000000    -0.000000     1.575653 
2462496.454798 0.000000 0.000000    -0.000000     1.575653 
2462498.168926 0.000000 0.000000    -0.000000     1.575653 
2462499.883053 0.000000 0.000000    -0.000000     1.575653 
2462501.597181 0.000000 0.000000    -0.000000     1.575653 
2462503.311309 0.000000 0.000000    -0.000000     1.575653 
2462505.025437 0.000000 0.000000     0.000000     1.575653 
2462506.739565 0.000000 0.000000     0.000000     1.575653 
2462508.453693 0.000000 0.000000    -0.000000     1.575653 
2462510.167821 0.000000 0.000000    -0.000000     1.575653 
2462511.881949 0.000000 0.000000    -0.000000     1.575653 
2462513.596077 0.000000 0.000000    -0.000000     1.575653 
2462515.310205 0.000000 0.000000    -0.000000     1.575653 
2462517.024333 0.000000 0.000000    -0.000000     1.575653 
2462518.738461 0.000000 0.000000     0.000000     1.575653 
2462520.452589 0.000000 0.000000     0.000000     1.575653 
2462522.166717 0.000000 0.000000     0.000000     1.575653 
2462523.880844 0.000000 0.000000     0.000000     1.575653 
2462525.594972 0.000000 0.000000     0.000000     1.575653 
2462527.309100 0.000000 0.000000    -0.000000     1.575653 
2462529.023228 0.000000 0.000000    -0.000000     1.575653 
2462530.737356 0.000000 0.000000    -0.000000     1.575653 
2462532.451484 0.000000 0.000000    -0.000000     1.575653 
2462534.165612 0.000000 0.000000    -0.000000     1.575653 
2462535.879740 0.000000 0.000000    -0.000000     1.575653 
2462537.593868 0.000000 0.000000    -0.000000     1.575653 
2462539.307996 0.000000 0.000000    -0.000000     1.575653 
2462541.022124 0.000000 0.000000    -0.000000     1.575653 
2462542.736252 0.000000 0.000000    -0.000000     1.575653 
2462544.450380 0.000000 0.000000    -0.000000     1.575653 
2462546.164508 0.000000 0.000000    -0.000000     1.575653 
2462547.878635 0.000000 0.000000    -0.000000     1.575653 
2462549.592763 0.000000 0.000000    -0.000000     1.575653 
2462551.306891 0.000000 0.000000    -0.000000     1.575653 
2462553.021019 0.000000 0.000000    -0.000000     1.575653 
2462554.735147 0.000000 0.000000    -0.000000     1.575653 
2462556.449275 0.000000 0.000000    -0.000000     1.575653 
2462558.163403 0.000000 0.000000    -0.000000     1.575653 
2462559.877531 0.000000 0.000000    -0.000000     1.575653 
2462561.591659 0.000000 0.000000     0.000000     1.575653 
2462563.305787 0.000000 0.000000     0.000000     1.575653 
2462565.019915 0.000000 0.000000    -0.000000     1.575653 
2462566.734043 0.000000 0.000000    -0.000000     1.575653 
2462568.448171 0.000000 0.000000    -0.000000     1.575653 
2462570.162299 0.000000 0.000000    -0.000000     1.575653 
2462571.876426 0.000000 0.000000    -0.000000     1.575653 
2462573.590554 0.000000 0.000000    -0.000000     1.575653 
2462575.304682 0.000000 0.000000     0.000000     1.575653 
2462577.018810 0.000000 0.000000     0.000000     1.575653 
