1.890927565035 
1.814060056268 
1.700491414954 
1.689862909070 
1.702478724695 
1.702478724695 
1.729755941068 
1.749719043973 
1.762037633972 
1.770894737456 
1.753574166736 
1.830039732283 
1.880036763166 
1.865661822288 
1.865661822288 
1.884598492723 
1.894208373108 
1.894208373108 
1.877419650711 
1.880610249903 
1.801110975980 
1.731543815224 
1.708694361385 
1.781238173460 
1.801939235248 
1.840903176381 
1.840903176381 
1.810279554777 
1.810454638203 
1.825780937883 
1.866085879911 
1.915820804302 
1.887669105373 
1.940278124637 
1.856797647411 
1.929275656369 
1.935667169884 
1.812249966950 
1.801774928580 
1.801774928580 
1.796051085628 
1.799949044028 
1.812854903979 
1.759496966990 
1.774210739205 
1.739566160391 
1.822909065838 
1.857670712603 
1.836113729426 
1.832713842388 
1.696865345040 
1.607620268124 
1.637180466016 
1.592635074046 
1.762905748752 
1.804356129771 
1.813501268424 
1.813501268424 
1.838881216947 
1.849195215092 
1.836252550876 
1.877938861547 
1.821713748116 
1.881096325176 
1.884814454170 
1.792496245158 
1.762638355299 
1.791677995196 
1.778762128140 
1.809121507721 
1.823108077885 
1.828936878371 
1.864785303424 
1.869392670422 
1.837705216051 
1.839150821480 
1.776523081276 
1.903719083268 
1.779603375727 
1.824396551926 
1.741316917308 
1.750670277073 
1.766774507960 
1.668747788123 
1.731165464551 
1.716978316039 
1.708512674067 
1.723283279092 
1.758873197061 
1.790384374800 
1.771181521537 
1.618384877337 
1.540013391306 
1.563605611884 
1.564325184193 
1.719598207093 
1.647814400567 
1.623507982841 
1.674430441332 
1.694464999448 
1.667491615187 
1.667491615187 
1.655849793644 
1.629737552994 
1.662097538036 
1.662097538036 
1.640344889476 
1.704357548531 
1.681678144282 
1.678292305100 
1.708381776478 
1.745030706541 
1.770690851889 
1.765989546003 
1.797196792121 
1.765949075475 
1.762749416007 
1.794548809471 
1.793584831550 
1.797375280480 
1.807148035429 
1.651029171612 
1.653481990103 
1.655728857426 
1.634362026697 
1.633935860214 
1.648543542299 
1.607133217531 
1.563750322339 
1.563094368556 
1.554166647128 
1.686325887071 
1.737772622591 
1.753414343185 
1.778254700555 
1.778254700555 
1.771177131857 
1.783677053651 
1.799213254895 
1.791650613123 
1.671211905856 
1.639117683707 
1.605803534307 
1.608147058316 
1.659092032696 
1.693187514358 
1.673244810004 
1.618216185090 
1.676532055299 
1.717078935970 
1.736376402965 
1.760411220245 
1.807499875361 
1.830628090925 
1.924493403523 
1.947701529291 
1.912384744305 
1.974277097769 
1.916488887637 
1.920271513679 
2.007815275526 
1.766104506567 
1.769884602073 
1.716731120485 
1.723037235500 
1.740327552109 
1.769138138055 
1.772145928964 
1.765896350766 
1.765896350766 
1.795541880615 
1.795541880615 
1.802422132441 
1.929609637233 
1.865792118933 
1.771742299782 
1.741066846456 
1.738137982498 
1.744058103621 
1.717035081388 
1.713724736487 
1.708369572936 
1.749405903667 
1.745198661607 
1.772132949881 
1.753986682690 
1.741965500970 
1.754286829022 
1.573066856536 
1.569584933789 
1.528649240543 
1.529557573810 
1.536224891592 
1.454574076614 
1.436670233958 
1.431358628558 
1.425979021934 
1.479498649071 
1.525702008614 
1.595936034447 
1.598923585872 
1.577418388661 
1.577418388661 
1.607642304465 
1.606986600825 
1.619384120074 
1.643155932133 
1.525026787753 
1.564498582009 
1.613687635185 
1.567237961493 
1.525976414495 
1.625555370303 
1.606878357523 
1.620092110623 
1.688002590644 
1.668574368514 
1.662143875634 
1.562344134725 
1.537663760885 
1.591597305658 
1.630803812860 
1.819363370447 
1.850782029908 
1.845097428932 
1.867715652799 
1.786799443193 
1.811905978147 
1.817341434367 
1.841280098028 
1.851819103952 
1.822751957805 
1.818720771630 
1.826180186351 
1.755780622971 
1.783966148078 
1.834234265959 
1.915061888061 
1.911187519157 
1.908616977141 
1.878483734776 
1.952010867834 
1.967546342451 
2.040004378535 
1.926464073286 
1.934638316945 
1.901436559169 
1.993794061386 
2.052693393918 
2.076614010550 
2.002006234137 
1.957510198644 
1.986934719797 
2.091340763930 
2.001228341048 
1.896998769775 
1.689662024798 
1.677575484468 
1.693607286480 
1.660343908587 
1.647170241703 
1.635356596786 
1.646742869248 
1.690481816350 
1.704019289533 
1.692091699993 
1.673365856001 
1.678957777133 
1.650195295037 
1.561775041604 
1.571195934822 
1.596340718097 
1.618144602606 
1.639251682354 
1.676533309011 
1.676214090149 
1.720180331583 
1.723322967271 
1.615878450136 
1.655667759030 
1.641867251017 
1.640745918428 
1.799759186721 
1.790601994137 
1.814499416233 
1.883127076770 
1.817609106073 
1.776117007317 
1.882296829046 
1.893291387932 
1.898880510204 
1.834114502040 
1.844094269589 
1.865252176823 
1.613650809737 
1.592515147373 
1.497688518762 
1.484967936805 
1.472316034758 
1.482705103274 
1.480786231251 
1.532548374557 
1.548182737263 
1.535402976791 
1.534156919222 
1.530376684520 
1.485771915344 
1.467766722952 
1.434412513321 
1.492625839314 
1.288052620092 
1.412322499669 
1.368951724457 
1.421266619598 
1.449364125210 
1.427173085796 
1.343955959975 
1.497057523197 
1.433270308680 
1.453244806844 
1.481309156089 
1.522504509006 
1.512754663151 
1.471795320899 
1.470738551708 
1.484420714671 
1.547934040905 
1.496387911578 
1.486166264321 
1.425592023447 
1.477447193396 
1.507930800312 
1.506302706399 
1.551953282332 
1.740957435952 
1.866563608880 
1.888295860306 
1.940892085306 
2.030770670338 
2.035762773496 
1.890551544323 
1.916604514415 
1.891133786520 
1.928302240209 
1.818364804646 
1.830558113126 
1.819640961080 
1.755931655595 
1.799001650631 
1.761221776492 
1.748984660647 
1.674629099714 
1.678329463816 
1.669712901183 
1.662566763921 
1.659527181204 
1.652493315817 
1.677361373506 
1.671503527300 
1.671501442539 
1.657085557260 
1.635306267731 
1.633188580693 
1.661291117959 
1.667127881332 
1.733503068326 
1.734313846581 
1.708903195425 
1.713359987231 
1.713035358460 
1.713462778157 
1.712639652551 
1.715048152486 
1.724712848352 
1.724712848352 
1.759551855782 
1.856653467751 
1.857457291009 
1.840090026689 
1.792059125001 
1.794643193824 
1.806137908814 
1.803336686852 
1.834861095070 
1.866854199507 
1.804863898318 
1.839828468063 
1.817959342395 
1.817959342395 
1.831700870977 
1.879882153195 
1.813358003994 
1.793591591631 
1.814817769847 
1.777124581136 
1.834321291334 
1.880157713979 
1.832114316359 
1.831439500533 
1.833586477415 
1.840210270788 
1.840526530091 
1.923896998016 
1.859744092620 
1.795725350120 
1.766853770092 
1.758230350133 
1.873367085835 
1.900781363746 
1.793550302530 
1.777228700655 
1.770268681734 
1.958617217356 
1.959324030160 
1.889488213564 
1.875779806111 
1.926471444848 
1.891246330966 
1.881134525965 
1.817784073520 
1.782375040108 
1.847772223204 
1.850377649125 
1.809443206686 
1.712410774167 
1.828199766415 
1.897570657492 
1.827176454414 
1.883652443700 
1.827458681229 
1.903765691297 
1.891296172223 
1.946150395007 
1.969123323033 
1.966340484004 
1.976678316839 
1.916924044948 
1.908488685092 
1.953895650359 
1.937400219636 
1.991957784709 
1.859633333856 
1.861237190710 
1.786434001325 
1.744545820548 
1.739636158552 
1.765787963381 
1.702501689682 
1.706272164517 
1.680008395213 
1.677324213391 
1.662844019242 
1.712757748408 
1.666463289053 
1.652801096549 
1.590578213695 
1.631046779558 
1.678878579283 
1.677733785194 
1.679764797196 
1.663597157130 
1.667383263816 
1.646978779513 
1.608408799123 
1.608408799123 
1.669070981801 
1.653710776675 
1.655366554696 
1.667828820679 
1.667828820679 
1.998918011433 
1.882426914923 
1.956650891057 
1.973743938540 
2.068678950498 
1.994216876021 
1.918041069648 
1.837101448290 
1.862244860296 
1.813409378560 
1.824705179688 
1.930356954823 
1.872878234018 
1.851869741375 
1.829066975121 
1.881382466650 
1.772288373448 
1.768263498444 
1.789154056726 
1.796823445766 
1.765037329392 
1.770115102450 
1.760600640986 
1.817071381394 
1.816720171432 
1.876094344649 
1.989079299071 
1.975596196375 
1.868814633039 
1.913473706146 
1.877459905666 
1.834853762830 
1.865008704146 
1.866980920526 
1.861737441013 
1.856573557824 
1.853839952686 
1.855728114742 
1.897589278448 
1.923496350434 
1.897707672559 
1.913857849958 
1.941617933887 
1.967549401909 
1.888802252843 
1.903445967881 
1.942176149417 
1.924562517569 
1.880595852442 
1.831947020803 
1.830539736512 
1.830630710487 
1.830630710487 
1.830630710487 
1.830503397267 
1.830503397267 
1.894160566904 
1.844152762475 
1.848634289912 
1.807000327030 
1.974913201130 
2.125169669448 
1.961382172966 
2.033675274001 
1.905985370661 
1.887477324713 
1.870116540691 
1.797354059103 
1.709630410334 
1.762869083442 
1.792219216352 
1.679978372218 
1.660547210413 
1.693192712295 
1.690582054302 
1.714061430230 
1.694228311170 
1.678428731984 
1.703975976867 
1.693954221286 
1.724337327822 
1.725239547374 
1.696385921052 
1.642928329269 
1.645926274870 
1.662459611421 
1.656028553416 
1.668541333351 
1.713340824552 
1.728704805438 
1.741966979741 
1.739501275837 
1.731530067758 
1.732148873510 
1.634753961078 
1.606651345376 
1.588978679233 
1.590057140324 
1.649881375374 
1.637907800055 
1.599467357705 
1.551909592077 
1.608026623277 
1.643259437904 
1.587068166815 
1.598253249520 
1.638795032712 
1.626758941261 
1.637166158126 
1.717886123436 
1.659874463814 
1.659874463814 
1.708296766760 
1.661985493404 
1.709848743737 
1.574245143454 
1.565236690456 
1.686789576713 
1.671219229726 
1.649319002428 
1.585060076077 
1.567302980009 
1.420940800501 
1.565387053469 
1.552681498276 
1.636297739420 
1.676333997431 
1.688754539268 
1.675522641741 
1.875919068975 
1.837699266514 
1.846159530584 
1.842908659692 
1.823235102672 
1.816827844834 
1.822344123603 
1.821186887120 
1.681487927856 
1.665618593583 
1.676880892406 
1.685263761535 
1.634503993465 
1.583019600747 
1.584519978974 
1.633428067373 
1.670217152392 
1.689196069029 
1.689163656185 
1.688557495286 
1.710818455306 
1.691879281507 
1.697661683733 
1.685912116411 
1.684227304148 
1.694040995932 
1.728983817065 
1.720911222858 
1.716885525047 
1.827882062335 
1.803359526749 
1.847602541853 
1.923487302928 
1.803821501383 
1.722092382248 
1.765078497532 
1.789418423270 
1.812423263831 
1.780220937728 
1.753953065974 
1.757505567777 
1.820437168122 
1.802957490597 
1.817559106724 
1.798602042936 
1.778555705934 
1.804487974869 
1.804957683264 
1.821649452660 
1.800249539005 
1.829909545737 
1.790498091691 
1.839427724641 
1.878610365137 
1.872968624215 
1.876293187826 
1.826169247770 
1.816761958271 
1.796584206971 
1.823399508664 
1.826435443292 
1.774095051024 
1.777757600192 
1.729101716745 
1.747944719729 
1.736332787077 
1.686947859321 
1.608640500229 
1.657938535557 
1.589911907602 
1.574313201233 
1.570954655069 
1.569358694833 
1.568069697548 
1.550604958569 
1.562969402877 
1.584835733648 
1.550139194092 
1.554115655515 
1.605690037099 
1.588198089295 
1.589591409931 
1.443437251475 
1.583815882114 
1.584606007995 
1.586181431470 
1.627139249353 
1.621318903919 
1.623896643507 
1.623896643507 
1.577092276430 
1.535383276560 
1.517113467659 
1.550504133561 
1.555231302194 
1.524546800467 
1.544059989953 
1.539889766169 
1.590574213071 
1.627684690428 
1.599720067774 
1.567759249684 
1.573279880543 
1.578011404825 
1.726648346595 
1.725186842553 
1.793614209735 
1.793842545484 
1.781090490047 
1.789174064111 
1.759333396643 
1.796741413253 
1.795749829110 
1.771084020126 
1.854798130144 
1.778101859264 
1.806189671930 
1.758298916161 
1.743670521704 
1.774813791903 
1.823777788843 
1.722802683074 
1.681350500614 
1.681530383810 
1.752546989241 
1.680026949061 
1.707085392717 
1.639131357876 
1.636650366990 
1.623951581938 
1.633348481551 
1.622322230419 
1.651009543474 
1.731210554128 
1.727731050574 
1.733060003274 
1.658981845906 
1.650483823102 
1.650483823102 
1.834650225404 
1.813848320948 
1.788939456755 
1.820550213463 
1.792316469705 
1.748184203866 
1.753199101684 
1.705293279513 
1.708192905319 
1.689999584827 
1.770078727377 
1.774565230486 
1.798335013776 
1.816879133558 
1.764448202505 
1.701483380689 
1.671213752891 
1.678010148722 
1.612251356610 
1.583805575587 
1.597514689349 
1.605159744707 
1.527052075847 
1.615131908729 
1.531242136601 
1.508821259507 
1.440025440803 
1.452944715834 
1.383690475794 
1.508984616139 
1.458197548139 
1.431948870389 
1.483853614469 
1.519138991569 
1.470810604171 
1.448845218469 
1.500805844242 
1.498461094919 
1.499472057665 
1.499472057665 
1.503650020678 
1.537781102986 
1.543285171510 
1.667911972914 
1.654172361553 
1.634575688424 
1.687531648426 
1.537897295094 
1.558516536251 
1.588593129519 
1.742908331224 
1.771414977871 
1.774737088918 
1.758533926182 
1.722895274574 
1.703128987828 
1.677259148064 
1.649693598610 
1.692143275264 
1.703567775346 
1.728055890989 
1.721289296104 
1.710317730435 
1.634736903430 
1.710285533830 
1.761227192796 
1.676585274305 
1.749151002111 
1.732578713018 
1.736824312795 
1.821864760427 
1.834974325096 
1.878725837148 
1.882890321760 
1.778066824226 
1.766267394234 
1.738930543926 
1.762019783366 
1.762019783366 
1.700955913628 
1.718134264179 
1.748301349595 
1.751492145657 
1.749243186918 
1.681435864550 
1.629337108823 
1.656101371062 
1.677634751168 
1.616466100275 
1.633616032154 
1.676948044417 
1.624473477302 
1.642751982204 
1.592803459031 
1.601442844203 
1.619650726650 
1.720473140269 
1.763176993862 
1.742987475030 
1.749529089565 
1.745985155874 
1.738945768149 
1.800151367227 
1.803446423882 
1.815259565923 
1.865475629264 
1.938735461258 
1.862772450812 
1.677119411143 
1.669924939144 
1.656004193043 
1.699623004430 
1.633873052892 
1.630085795330 
1.620136333701 
1.625869720781 
1.619221197695 
1.590677436775 
1.589381128097 
1.626517602690 
1.705016983370 
1.707859041359 
1.775194785565 
1.747488411978 
1.675493586389 
1.617456988901 
1.710568951053 
1.702216983181 
1.679556361172 
1.738743368923 
1.748468720511 
1.647937898864 
1.569797556872 
1.584451521396 
1.639668812346 
1.733554102641 
1.704092237183 
1.691276830935 
1.712322659377 
1.682932319262 
1.691222719549 
1.695379178519 
1.693744609029 
1.705955655050 
1.570698319033 
1.577098449745 
1.592865800526 
1.571348602919 
1.563964701601 
1.582970757388 
1.559334465229 
1.558405584524 
1.586415213193 
1.515463164784 
1.546759529352 
1.560895517657 
1.569262164292 
1.537351104273 
1.573945124825 
1.560818065109 
1.607178253217 
1.633621284265 
1.603049655661 
1.535306056798 
1.554327901380 
1.580068931240 
1.535383508392 
1.464898803318 
1.430015153783 
1.397917909875 
1.495981067276 
1.425722783092 
1.489080851832 
1.437389030655 
1.472467222293 
1.468784630681 
1.484846268767 
1.380190220826 
1.380932623712 
1.452283165599 
1.487705634566 
1.429638567527 
1.439819430720 
1.431617755636 
1.467863172914 
1.399827459076 
1.455118598240 
1.522903407965 
1.607166037039 
1.779091912566 
1.764701864371 
1.758191776740 
1.728840848082 
1.945863829337 
1.967364845183 
1.948448691235 
1.887553929051 
1.847185022748 
1.818418131656 
1.822245683501 
1.884873193186 
1.864127457908 
1.671306371843 
1.707716157003 
1.727757232193 
1.815232898751 
1.889837042032 
1.867763620971 
1.905094970943 
1.918566766170 
1.856854715516 
1.871487033029 
1.864246079489 
1.879417289816 
1.897141135988 
1.867625312800 
2.002873544175 
2.009108828773 
1.986056890489 
2.052833091306 
2.065507311507 
2.031385905944 
2.012133732615 
2.004231774436 
2.010550828064 
1.997970905645 
1.993247976431 
2.010458650560 
2.010458650560 
1.990409179209 
1.894616788020 
1.894616788020 
1.778854289753 
1.781047496246 
1.825059519386 
1.799131620011 
1.788398050480 
1.788019196966 
1.771242853774 
1.722880974776 
1.735077755343 
1.806872967678 
1.770592172150 
1.759170060804 
1.823642167962 
1.850382108368 
1.822901447837 
1.831050716169 
1.824041686296 
1.712877192023 
1.644351899901 
1.568347318127 
1.504827504060 
1.462180556275 
1.445871216793 
1.423519384613 
1.409956656934 
1.460579787216 
1.461212552332 
1.454798884507 
1.486563590822 
1.482410182784 
1.458077408570 
1.514206848462 
1.503979885014 
1.497593997682 
1.542990877008 
1.542990877008 
1.542990877008 
1.543414708021 
1.553251503151 
1.505713148287 
1.508861209078 
1.498563933283 
1.461988240740 
1.416537855891 
1.475435066199 
1.474999383489 
1.343073765982 
1.352533146167 
1.383412891019 
1.418306832811 
1.386692346831 
1.433728458557 
1.399689293699 
1.392964527896 
1.392964527896 
1.331664703419 
1.342798162517 
1.393945021079 
1.376661080417 
1.369771487524 
1.395710700081 
1.368725599037 
1.349870618716 
1.335503424543 
1.495163088366 
1.553009409418 
1.489558424610 
1.401021198167 
1.380441215929 
1.421891623485 
1.314507114356 
1.398982531897 
1.381415740544 
1.410377972218 
1.522425872719 
1.571354912752 
1.618580328905 
1.619624917529 
1.607536259937 
1.617344412525 
1.598845665384 
1.752376720579 
1.753743373606 
1.753743373606 
1.734354894215 
1.738760770492 
1.785814955518 
1.770656637504 
1.823819976520 
1.788779777605 
1.926536914670 
1.857192939059 
2.029095135189 
1.915427286399 
1.927667433431 
1.918661131115 
1.965115975732 
1.943509677828 
1.963463468759 
1.981872259199 
1.977288602095 
2.079719184879 
1.987769108611 
1.983061995714 
1.992142219532 
2.009943045513 
1.896002573865 
1.958668171083 
2.036622849295 
1.992621300527 
2.054263520677 
1.952981057845 
1.908530245960 
1.920186979366 
1.913165366834 
1.917145455629 
1.868382339829 
1.876891367730 
1.876891367730 
1.772069808135 
1.827796961320 
1.889479669485 
1.889479669485 
1.861859501980 
1.955129857100 
1.918490145032 
2.031351829231 
2.005851709472 
2.032939898883 
2.063042934600 
1.885404835577 
1.958205210403 
1.875130149922 
1.875746909763 
1.953873537857 
1.853826490141 
1.799146282853 
1.860087358771 
1.865186201645 
1.868896084402 
1.904929375219 
1.957685554374 
1.940444303861 
1.925836943103 
1.886214724409 
1.942230532466 
1.962784047861 
1.859218255022 
1.849859688180 
1.933563149464 
1.915932649681 
2.120247122863 
1.962762836719 
2.021089210403 
1.935013635815 
1.874551588457 
1.880688808671 
1.882102022605 
1.537819783962 
1.486178653758 
1.387907610399 
1.426984340793 
1.424007197744 
1.387278113753 
1.434199465753 
1.486665301247 
1.463758594480 
1.546608812887 
1.576987766780 
1.553603968977 
1.553603968977 
1.558189421337 
1.589053961692 
1.607292186524 
1.585834871633 
1.637238042307 
1.615173598112 
1.600225117255 
1.625019868599 
1.661007042269 
1.653772240667 
1.585642231581 
1.567262057221 
1.539349353280 
1.515334833667 
1.538137363420 
1.498098979416 
1.518294563039 
1.478690143974 
1.533438693328 
1.595132031129 
1.539216545387 
1.598913781198 
1.616111278408 
1.501569353984 
1.460938463975 
1.459709776642 
1.564394120423 
1.503528197848 
1.390752163165 
1.417596055197 
1.434853941299 
1.587898088137 
1.594411686166 
1.594411686166 
1.543530973401 
1.586637773876 
1.599218589035 
1.594191091578 
1.571798242456 
1.616355195382 
1.622507683927 
1.573172869876 
1.576164156132 
1.573341811817 
1.590923405657 
1.575524241056 
1.591675703499 
1.568603472828 
1.573609631401 
1.608793000668 
1.521507857411 
1.519921576973 
1.549644629540 
1.556512952163 
1.451679118697 
1.471186015118 
1.498645237067 
1.582129861288 
1.557424272051 
1.575987722061 
1.576516963562 
1.567096230532 
1.574267049496 
1.627000636114 
1.596706401964 
1.568201211023 
1.611721346398 
1.707201473896 
1.709232991317 
1.667221374617 
1.939822426111 
1.880317869984 
1.878232247416 
1.982236383779 
1.813493218249 
1.820147918286 
1.794888871602 
1.791428947946 
1.791428947946 
1.643442155938 
1.630180520517 
1.901128706333 
2.004921780388 
2.007490124592 
2.001601562356 
1.944577500116 
1.804745835132 
1.814688037804 
1.719842813566 
1.780400038055 
1.787025652673 
1.842725374171 
1.855527975269 
1.845916793471 
1.782764847514 
1.769414602978 
1.705382500370 
1.688763605130 
1.736929059618 
1.724953200545 
1.683735316024 
1.697568630779 
1.772122500227 
1.728909675199 
1.737009306127 
1.755570259324 
1.740669681820 
1.723003032744 
1.733311799865 
1.725336915500 
1.721757820518 
1.727397571869 
1.704689045129 
1.767718743186 
1.817799009140 
1.838886576296 
1.837510107328 
1.858144866125 
1.857034750895 
1.855799579352 
1.936065338190 
1.941236384678 
1.968170412384 
1.977512228337 
2.041962468744 
2.168432721109 
2.161406439339 
1.994665078517 
1.983789332661 
1.926128939128 
1.717169587401 
1.983325209146 
1.994939916771 
1.952453845364 
2.033680399310 
1.989408969302 
2.037564645189 
2.052502073504 
2.027077252981 
2.010155769956 
1.994353102116 
1.999072456353 
2.024277339563 
2.014246797675 
2.028765728016 
2.060263575274 
1.873428211687 
1.876127172725 
1.880704375012 
1.943872747423 
1.928696261744 
1.970437715250 
2.013456450702 
2.051854144889 
1.942688595807 
2.065563942310 
2.042626555458 
1.968662119631 
1.950448978637 
2.024662252402 
1.776693797970 
1.766493979434 
1.742978610224 
1.665003458026 
1.626877143883 
1.641098625450 
1.744496113553 
1.740065469679 
1.780913712556 
1.830216582596 
1.770316466114 
1.800187903639 
1.737898380802 
1.680656623011 
1.751955803038 
1.939159311002 
1.855224117029 
1.897807531941 
1.838401525727 
1.729371677926 
1.732150154081 
1.788401921951 
1.734682564007 
1.742905532755 
1.738965250281 
1.902331425065 
1.925117170443 
1.911521785761 
1.916031743014 
1.916031743014 
1.794951973140 
1.782609317774 
1.704420803319 
1.706142956611 
1.730292258998 
1.622832435598 
1.594546761404 
1.559220220245 
1.559220220245 
1.567241796232 
1.564224506948 
1.559935697555 
1.559935697555 
1.571753509798 
1.569368865029 
1.592309944784 
1.521276179084 
1.527718735723 
1.531806665254 
1.520000364843 
1.532273212591 
1.502830714266 
1.479007533092 
1.569449154743 
1.684581920803 
1.624435869256 
1.656618306355 
1.666517134420 
1.651408322448 
1.614431513531 
1.668410678944 
1.711422263733 
1.728966137624 
1.727100956783 
1.688514640759 
1.728913468929 
1.697835669112 
1.653734164218 
1.656182738567 
1.660561229007 
1.686443082031 
1.761542949588 
1.811126628267 
1.821746938096 
1.718218237618 
1.730457301616 
1.748652379101 
1.747082968134 
1.752141067441 
1.765297375462 
1.752853559106 
1.750804151459 
1.762056923360 
1.744517386660 
1.798552563554 
1.801776510664 
1.757291266264 
1.727150543944 
1.742906598689 
1.743281424774 
1.793517694150 
1.655238621707 
1.662432929358 
1.738933100496 
1.813104448210 
1.866278226740 
1.951756670678 
1.951756670678 
1.869823280692 
1.871795949831 
1.871342681824 
1.875608165550 
1.858749214071 
1.885323881300 
1.981182421107 
1.812748481439 
1.836893214395 
1.833314347158 
1.824208797645 
1.809652891437 
1.887645050417 
1.845366417976 
1.908757040411 
1.953519095961 
1.911567557960 
1.924189771220 
1.917314494483 
1.961620815350 
1.999394174303 
1.965931885620 
1.945500031032 
1.993017725052 
1.993017725052 
1.964677431812 
2.009796410224 
2.025151214507 
2.021495788606 
1.981045311100 
1.972325472862 
1.910918307200 
1.908742663548 
1.928445204037 
1.942278636749 
1.817276564440 
1.812436154208 
1.754627568716 
1.726798703001 
1.662448811777 
1.643953505950 
1.759204749470 
1.739492640154 
1.711834115542 
1.679822335062 
1.730225922563 
1.710400067547 
1.712867440221 
1.681552771575 
1.653327261990 
1.708480058085 
1.646095346748 
1.646065079561 
1.613391687680 
1.641818874192 
1.752001374368 
1.736883228447 
1.745539312342 
1.798837005031 
1.806595809769 
1.808020263176 
1.809604204426 
1.798074388144 
1.792917912240 
1.806965868668 
1.792008506153 
1.758398601547 
1.758306219018 
1.764813793983 
1.765101745844 
1.792588772993 
1.726796030030 
1.632423359041 
1.606838159478 
1.587269659815 
1.587258548810 
1.561480706019 
1.676297144091 
1.673841812734 
1.645298993604 
1.776054523648 
1.776135004776 
1.806100862304 
1.793298993596 
1.801468698177 
1.730587531102 
1.709237364606 
1.767109873002 
1.654315322000 
1.641063626793 
1.715525984663 
1.689151219604 
1.678687095197 
1.674823178349 
1.617805997623 
1.621608893346 
1.589538604609 
1.570418505193 
1.569967162213 
1.566164145958 
1.502334386739 
1.472122087849 
1.483697642004 
1.534540003085 
1.493020880675 
1.810996395952 
1.810203044226 
1.808471125967 
1.809650054269 
1.811095018836 
1.809980068238 
1.809980068238 
1.811436576387 
1.787417741295 
1.788439821065 
1.788439821065 
1.786555181217 
1.825542212051 
1.818020268628 
1.834792686162 
1.823945422330 
1.819302186204 
1.798688363687 
1.800650790084 
1.789217986889 
1.784628787513 
1.830909089125 
1.795888706411 
1.826849018159 
1.828302293488 
1.914711644722 
1.764267983469 
1.782293452147 
1.698635549120 
1.682899288813 
1.614165955251 
1.575172742039 
1.587375572918 
1.664348033548 
1.680337452808 
1.589366708119 
1.592085468529 
1.716162655844 
1.782743501174 
1.645899416500 
1.807000556111 
1.842583042041 
1.806767506979 
1.757616593219 
1.652823808870 
1.655766239583 
1.497792013322 
1.518279314507 
1.565473744794 
1.628449006779 
1.674683239103 
1.728889269196 
1.750151267515 
1.756496497169 
1.828133785035 
1.943275364464 
1.954423793453 
1.954436641174 
1.894403849424 
1.891532210553 
1.828527258905 
1.828527258905 
1.797765206924 
1.792188540755 
1.748684446925 
1.760966583283 
1.754941408184 
1.871473241660 
1.893738932788 
1.823928366158 
1.841902040806 
1.723600337297 
1.741455867913 
1.734684638554 
1.754751992932 
1.753841556234 
1.833670282168 
1.860908624514 
1.902603155759 
1.728001572991 
1.749623298445 
1.673931558487 
1.663821167820 
1.645146617405 
1.632568760581 
1.595347771593 
1.575272208342 
1.580028111009 
1.562719823029 
1.610440007715 
1.686067626720 
1.548960932322 
1.538313949531 
1.473220328051 
1.781943491837 
1.652820463932 
1.574966994612 
1.564776573402 
1.564445832375 
1.542503455742 
1.559359205336 
1.601725954869 
1.599667136814 
1.582502373887 
1.503188000525 
1.549050667277 
1.537601817306 
1.566197273698 
1.546343312044 
1.548477348102 
1.536249056227 
1.478080100276 
1.510036787807 
1.465378477535 
1.451278106438 
1.494971817541 
1.495696987911 
1.495696987911 
1.507061494858 
1.549492965376 
1.542354334899 
1.538559545990 
1.523049664710 
1.522165829704 
1.532924440188 
1.482470860254 
1.447179294128 
1.467983149086 
1.498971429690 
1.487583030068 
1.508429348802 
1.479014600264 
1.547022892463 
1.578444051602 
1.578444051602 
1.491108948186 
1.505846441817 
1.507837400281 
1.522410713601 
1.519229024267 
1.471879495375 
1.495357652728 
1.486642769985 
1.502274320131 
1.615968792100 
1.708959322254 
1.655170500766 
1.716209694500 
1.694581878738 
1.635574285418 
1.493089169824 
1.458592328816 
1.485281016768 
1.518065304931 
1.508842948799 
1.419449379593 
1.595524635385 
1.614598653291 
1.665975277246 
1.596063027404 
1.570758881775 
1.570432087328 
1.592185957011 
1.592185957011 
1.550034775442 
1.458816521093 
1.420036322308 
1.424190735354 
1.499634534467 
1.454792494960 
1.452361568805 
1.445329633965 
1.447272066064 
1.441738133140 
1.351278854906 
1.396617214924 
1.515761323773 
1.521157305793 
1.526365588069 
1.576425854069 
1.525846983056 
1.551461315734 
1.546502773204 
1.556896206905 
1.541078342818 
1.516355711010 
1.472502131862 
1.543550397773 
1.777668010993 
1.805800227074 
1.807313817372 
1.785171593080 
1.806531460423 
1.831571389600 
1.731880716567 
1.717447617722 
1.670918284600 
1.695749085830 
1.703853910355 
1.594240057149 
1.646541629578 
1.684125430596 
1.686536999283 
1.661542980753 
1.668741513969 
1.670819528512 
1.681394748833 
1.647373567350 
1.627348805817 
1.686378430113 
1.713573628495 
1.702087769225 
1.803868263258 
1.785438612164 
1.776320824028 
1.820877033075 
1.770255182995 
1.744405859286 
1.784742143830 
1.742518606471 
1.665541541380 
1.611831737456 
1.629695555423 
1.611936210532 
1.563962576693 
1.488953240635 
1.573340016248 
1.653801298683 
1.672791801138 
1.663998069674 
1.648406784034 
1.639476728757 
1.623607969053 
1.620577868767 
1.516855346726 
1.509748678700 
1.481177144237 
1.515888771049 
1.469022839771 
1.534444564919 
1.459283689616 
1.412050592470 
1.407996955621 
1.473508197487 
1.463917303490 
1.477503764989 
1.493445324559 
1.509269166200 
1.387012876037 
1.613319818366 
1.581956762622 
1.511660036602 
1.529221193631 
1.619602958960 
1.639799892581 
1.639799892581 
1.562343997173 
1.598414419547 
1.572432494167 
1.592743247641 
1.724408143346 
1.705262616705 
1.704214628880 
1.625915339225 
1.619848183435 
1.561672455377 
1.476945650126 
1.645105108067 
1.708912956512 
1.638192659222 
1.656475353035 
1.671720260381 
1.782691361131 
1.810769592843 
1.742185315993 
1.749273320277 
1.748775170029 
1.629750226184 
1.700544784984 
1.722135308784 
1.693627751591 
1.693144636120 
1.453475121933 
1.381585742647 
1.452944431094 
1.390174886809 
1.441905489869 
1.530964771084 
1.577087288543 
1.580403880394 
1.597109776327 
1.539848898331 
1.574426214431 
1.443530808070 
1.540456000287 
1.539551480237 
1.487522006496 
1.460116024892 
1.469878623887 
1.516970887337 
1.527959798896 
1.519326093522 
1.468036455581 
1.376948274776 
1.429017590768 
1.387569221165 
1.345935100084 
1.326531368547 
1.366873576419 
1.414467789495 
1.413135250509 
1.456546226242 
1.446318273081 
1.460924908878 
1.353502835277 
1.484424108685 
1.477822876659 
1.490535396749 
1.615730166663 
1.595909187128 
1.580277515271 
1.565371004960 
1.578675264206 
1.596198058256 
1.560912074342 
1.547037305063 
1.559479066402 
1.527228318870 
1.581528656701 
1.622875503641 
1.598855323094 
1.629282044212 
1.638280610287 
1.624504472594 
1.606330487706 
1.815453821657 
1.772990243783 
1.769432034007 
1.781796510185 
1.834612853553 
1.911952764071 
1.769570966585 
1.761405282547 
1.792392209938 
1.762338556670 
1.968649673319 
1.983829585961 
1.874510500026 
1.887701055889 
1.899892471753 
1.899892471753 
1.892139292653 
1.947226787001 
1.958727111050 
1.913911190365 
1.992936906715 
1.945248794508 
1.874720032996 
1.805362050167 
1.810818295576 
1.849619017348 
1.818891946510 
1.837516830058 
1.741715981245 
1.716928799807 
1.819133584487 
1.926709383958 
1.926328568896 
1.898763871354 
1.927339073946 
1.925229411588 
1.928549038630 
1.928549038630 
1.928549038630 
1.928022808504 
1.928022808504 
1.332867663265 
1.397141318205 
1.415275656158 
1.404716158421 
1.530905714745 
1.492250101011 
1.629495066993 
1.603893713987 
1.623483475521 
1.619669899105 
1.597546544800 
1.601414601590 
1.543114190057 
1.595875621339 
1.603015684796 
1.619545710199 
1.610025117638 
1.589589634588 
1.584796069652 
1.605521391132 
1.660028691216 
1.649133817267 
1.624548568486 
1.615997645427 
1.622634346287 
1.593005076187 
1.564919563658 
1.688671771141 
1.690416166822 
1.675006796912 
1.665623329856 
1.663475188557 
1.614626610768 
1.667965078085 
1.711766835845 
1.720824438031 
1.625310054810 
1.674295070281 
1.555500739483 
1.616765571439 
1.663828324326 
1.802819077218 
1.837557207092 
1.850071541408 
1.795801966420 
1.781148006886 
1.735394420434 
1.773454588239 
1.894591807232 
1.926894588508 
1.845093520939 
1.771825144515 
1.868444808824 
1.773659241457 
1.704313070322 
1.721808907789 
1.738763067641 
1.696634654783 
1.676440419586 
1.686924371759 
1.718628582495 
1.707556191860 
1.713947023900 
1.702826874409 
1.700824425625 
1.680040693040 
1.721422402037 
1.695052583919 
1.712753142241 
1.700817428426 
1.648772796998 
1.634680068669 
1.569658103053 
1.555803259076 
1.581485596542 
1.603080488834 
1.604462749264 
1.601578965794 
1.593918503644 
1.564561677450 
1.521534658891 
1.529106990782 
1.609064337029 
1.642356954103 
1.563177676983 
1.555206570040 
1.565753202104 
1.547709830022 
1.535165873669 
1.589073816911 
1.582046852953 
1.561617654336 
1.608226976998 
1.545027603685 
1.809617279689 
1.769044530305 
1.781158148585 
1.887056215984 
1.885269004521 
1.928832277897 
1.893845681934 
1.859076125914 
1.825872937861 
1.867766177901 
1.854470699240 
1.892091161289 
1.821201018769 
1.814351267407 
1.837567548476 
1.783894375335 
1.798114528690 
1.804526882889 
1.830354556959 
1.824954013446 
1.898108152842 
1.834928563525 
1.859511315900 
1.780430428769 
1.805043088771 
1.809961160019 
1.810975138048 
1.828510726096 
1.873179252555 
1.809933509192 
1.864813631306 
1.762288755670 
1.781320300889 
1.759469435930 
1.745146154171 
1.755258892863 
1.744792416711 
1.757231245089 
1.867145264800 
1.870178908364 
1.877457874830 
1.874373653299 
1.841273162017 
1.633534921520 
1.614849673515 
1.615458845410 
1.619043691212 
1.624829637527 
1.582533359212 
1.589020968194 
1.582869566226 
1.629904829740 
1.629904829740 
1.647389949441 
1.667661368465 
1.451706989495 
1.441260801449 
1.455462623544 
1.411227138938 
1.399495275859 
1.379337784490 
1.377499839457 
1.401247072691 
1.464346207335 
1.491143385609 
1.465117291209 
1.518173873492 
1.542239223405 
1.618582106740 
1.573508422691 
1.578908894379 
1.595265326792 
1.705139105376 
1.701953967323 
1.704500415779 
1.702194254520 
1.685997072696 
1.737507143213 
1.728416103146 
1.711279263109 
1.649243639356 
1.649974995930 
1.661635191954 
1.683448977680 
1.659909891110 
1.679288334256 
1.679288334256 
1.627628512752 
1.555681107173 
1.550683791601 
1.593170315925 
1.635050364623 
1.603663066814 
1.619897444726 
1.752933147836 
1.740415240155 
1.741096192273 
1.772933831504 
1.765542777207 
1.776846252173 
1.657623250748 
1.632092796817 
1.657221151240 
1.730915065616 
1.703468406954 
1.811347184948 
1.836299961540 
1.891274979016 
1.882400706357 
1.875272532921 
1.812913823560 
1.812187360525 
1.787186895613 
1.807664158711 
1.784224282417 
1.788982153447 
1.765683969705 
1.763591557930 
1.745301942739 
1.752813345863 
1.760402968717 
1.757244406006 
1.766057461019 
1.733470541074 
1.716797721939 
1.679437944438 
1.700784155008 
1.731529632256 
1.713951063898 
1.571609608340 
1.520743022421 
1.515267578014 
1.556840565185 
1.496543762459 
1.503701428256 
1.575574356050 
1.599397449530 
1.558228760940 
1.558228760940 
1.552234029054 
1.570761404221 
1.561560651966 
1.610548388044 
1.556889980412 
1.587080907908 
1.582097623139 
1.627624424236 
1.793323042937 
1.793553733076 
1.639862747849 
1.702006198170 
1.732308477291 
1.803495084602 
1.803399695747 
1.749544620377 
1.741044088816 
1.740409593470 
1.734702644447 
1.737611701016 
1.737611701016 
1.677699181627 
1.724932584380 
1.725482479169 
1.737153488559 
1.743828703223 
1.737124137855 
1.730785368979 
1.726270812426 
1.729322987501 
1.743774358148 
1.746240121941 
1.726131025274 
1.728416422709 
1.716315387137 
1.716315387137 
1.690167277740 
1.690167277740 
1.670321031030 
1.677047345397 
1.677047345397 
1.677047345397 
1.682478512927 
1.606059658392 
1.652365577441 
1.671037962928 
1.817306033098 
1.700432347717 
1.770609376475 
1.577107134574 
1.585374114270 
1.574041508623 
1.541002634232 
1.534294308688 
1.591863072691 
1.578807513818 
1.570321553603 
1.591776413464 
1.591776413464 
1.655768498864 
1.634054827556 
1.657979899856 
1.671927194864 
1.638840095363 
1.698629783189 
1.654702540037 
1.683882222647 
1.703719420977 
1.618450091897 
1.605488742085 
1.604915122865 
1.539864722120 
1.530812418291 
1.538440243338 
1.638230955769 
1.627162797396 
1.641155891777 
1.629899096754 
1.575022731334 
1.642477339115 
1.601617464978 
1.594502872966 
1.614092040604 
1.638374972729 
1.660112019721 
1.695460409333 
1.654554654563 
1.725799295682 
1.715361391472 
1.680368047380 
1.679818814659 
1.678096531704 
1.623172462589 
1.636372930940 
1.627265755926 
1.667978351229 
1.675425183830 
1.669391505227 
1.627701812916 
1.514896074428 
1.531548775438 
1.605666636620 
1.683868723792 
1.686937058546 
1.712290405333 
1.703201128340 
1.716514566674 
1.696550320647 
1.760104817220 
1.785196819407 
1.785196819407 
1.789340861618 
1.789340861618 
1.711390342088 
1.713161902032 
1.543047948171 
1.542980227452 
1.615553646910 
1.650463099823 
1.651397686714 
1.614498865936 
1.599313531746 
1.612681886439 
1.639276462087 
1.649653542209 
1.671107229111 
1.671228654808 
1.674991408615 
1.653244378978 
1.644559008588 
1.673398998826 
1.711720482203 
1.732552804710 
1.718282304759 
1.718282304759 
1.710781520012 
1.725333871208 
1.748102042745 
1.761611248582 
1.772021007281 
1.818322687015 
1.725471773469 
1.737609622598 
1.736733531737 
1.732928290404 
1.717450784247 
1.702626233755 
1.715922663457 
1.715922663457 
1.729530003324 
1.710999471386 
1.694601213081 
1.694601213081 
1.743745062274 
1.698653611649 
1.749742081132 
1.736143100748 
1.717813772715 
1.716937361062 
1.720883169783 
1.724193983672 
1.712561593007 
1.783273481401 
1.753369242811 
1.753369242811 
1.753369242811 
1.787138268522 
1.709581858545 
1.709718527784 
1.709718527784 
1.732526579669 
1.732526579669 
1.732746546911 
1.748474966377 
1.748474966377 
1.711127658083 
1.676309369950 
1.655214985720 
1.654627295503 
1.625562119404 
1.627547948015 
1.633261752818 
1.674139800039 
1.729560094848 
1.768164960785 
1.731603242832 
1.681263814541 
1.726250275185 
1.754490622530 
1.753102217654 
1.744687946284 
1.625763391075 
1.412573883223 
1.511436821292 
1.581116299152 
1.576150846477 
1.545380324101 
1.483175815159 
1.513977044248 
1.543189504329 
1.546915146622 
1.500430073058 
1.519065042231 
1.578997092690 
1.548969446049 
1.494919766621 
1.385736542020 
1.344426423212 
1.595989268287 
1.636401571972 
1.692080100921 
1.679397685274 
1.665909607162 
1.752470847528 
1.715975856939 
1.746534617217 
1.729207930074 
1.803852537676 
1.751725422563 
1.718557970089 
1.695872248736 
1.754643741271 
1.851254840716 
1.831256637048 
1.821821507627 
1.718365511525 
1.722849090080 
1.723949430027 
1.721278505637 
1.725986685794 
1.812356690388 
1.833487771053 
1.907385890726 
1.833844958550 
1.825100826284 
1.807929793474 
1.779899093013 
1.746255084786 
1.757267503835 
1.736722498298 
1.759242683846 
1.753776929418 
1.774093884797 
1.816952865095 
1.824597410844 
1.794222656243 
1.812163518609 
1.862145600511 
1.846470929482 
1.831092999889 
1.783847963710 
1.791802273621 
1.806306562588 
1.810895035677 
1.810895035677 
1.803963653625 
1.809470070392 
1.809470070392 
1.816099625673 
1.818502239156 
1.818502239156 
1.828920903966 
1.824050629256 
1.923391117669 
1.833177760588 
1.929771649949 
1.923130833485 
1.922428116291 
1.921579331128 
1.957945372332 
1.859760599646 
1.917742192607 
1.819536740900 
1.825118319448 
1.814839560851 
1.814839560851 
1.810367462355 
1.751967375285 
1.765405075061 
1.765405075061 
1.777872255307 
1.771573002171 
1.811105346171 
1.796987046450 
1.819611930655 
1.771321029463 
1.825611239110 
1.814011825968 
1.855297716200 
1.872631303994 
1.866763720308 
1.649317991286 
1.684034764810 
1.686806263226 
1.706443332193 
1.858939279737 
1.873838786225 
1.842853441292 
1.613580458700 
1.598664082166 
1.635364488619 
1.692959611651 
1.655597787239 
1.701858076849 
1.842490297173 
1.769557333083 
1.728052989901 
1.751740353818 
1.804960716932 
1.761842824288 
1.958956435236 
1.983506721590 
1.986903819541 
1.915925792281 
1.820873901133 
1.894033408679 
1.861211231802 
1.810296099890 
1.788163457221 
1.857973552374 
1.837595925155 
1.753983989963 
1.736126063486 
1.661115306563 
1.657845686726 
1.642565953601 
1.597063783518 
1.529230396527 
1.696575710437 
1.696575710437 
1.653968305779 
1.716230007820 
1.633806547215 
1.658387939615 
1.735530104348 
1.726250664423 
1.732809585253 
1.724855289816 
1.779004916242 
1.772637501049 
1.794014066573 
1.777676106887 
1.869033530455 
1.861411247860 
2.009452761517 
2.009452761517 
2.009452761517 
2.009452761517 
2.031779124924 
2.038846733723 
2.001641410142 
2.133603182025 
2.047012373297 
1.963605628539 
2.015293608845 
2.023977984507 
1.939518221997 
1.959371296638 
1.835494341757 
1.834868302158 
1.837489653185 
1.840806788511 
1.801140077335 
1.779879423575 
1.706626257920 
1.707941265476 
1.664323746738 
1.546947825277 
1.565826492400 
1.479184787302 
1.518825038342 
1.517741527624 
1.531810984014 
1.488759636212 
1.529677589872 
1.525362876605 
1.584305087065 
1.688378734456 
1.759579685091 
1.744017817821 
1.714216490842 
1.741943138587 
1.780326841585 
1.781389235350 
1.600004765119 
1.546594963870 
1.645614921142 
1.636271999171 
1.580505198021 
1.537652477871 
1.648106064177 
1.629303746736 
1.579753608631 
1.563379737622 
1.660784281062 
1.645556967912 
1.694765183923 
1.719139213413 
1.707671873408 
1.714116064630 
1.717010599882 
1.793864282602 
1.779930282620 
1.801614657064 
1.779944007078 
1.875972329488 
1.911909137064 
1.957534783555 
1.848636127512 
1.936840449939 
1.769490082829 
1.783297927567 
1.777234539445 
1.700765432814 
1.776879996880 
1.775380492301 
1.779015608638 
1.937515438635 
1.999043607745 
2.092772456755 
2.076909850248 
2.126206201400 
2.127388345736 
1.970034457918 
2.068899427788 
1.594764241191 
1.566500319152 
1.531671117884 
1.531671117884 
1.550865155726 
1.549753080828 
1.555624271900 
1.555624271900 
1.588016627588 
1.571317125146 
1.571317125146 
1.573716485028 
1.573716485028 
1.559484049903 
1.586511229131 
1.488811827939 
1.488811827939 
1.488811827939 
1.514195594567 
1.498545744680 
1.496367126313 
1.492091993633 
1.401885938626 
1.489346420068 
1.639329638233 
1.503700190745 
1.638792577893 
1.615688711250 
1.600864329150 
1.602602736243 
1.605875927321 
1.607752603174 
1.607752603174 
1.596288725514 
1.580197062448 
1.582602260819 
1.592399284063 
1.612576453578 
1.645648480738 
1.635354368914 
1.649245458411 
1.638964872012 
1.638653947516 
1.673706912985 
1.673706912985 
1.669898110231 
1.684756840706 
1.684756840706 
1.703691023070 
1.703756550698 
1.706957419445 
1.644132120259 
1.686784596709 
1.665185629526 
1.691204066920 
1.690174517150 
1.674567717364 
1.625986486932 
1.609896290590 
1.607378356053 
1.543856617777 
1.541143862198 
1.477064621959 
1.782904797953 
1.733735676226 
1.764493120193 
1.696221471103 
1.751265054672 
1.751265054672 
1.749429230859 
1.756854175379 
1.760607969952 
1.786118341504 
1.731447003391 
1.734807058260 
1.737943241162 
1.747440461102 
1.732876623080 
1.741702246139 
1.830260542996 
1.806302152140 
1.817632030420 
1.868078383534 
2.035375423349 
2.004026357244 
1.971144190626 
2.030407505393 
2.033976100815 
2.051770347959 
2.079815661469 
1.971044488029 
1.984058214786 
1.995527237105 
1.956397756048 
1.683825268186 
1.684477641043 
1.684477641043 
1.681020930525 
1.670050583717 
1.687629500077 
1.710829740630 
1.780816292438 
1.835652671675 
1.802001776185 
1.747000620416 
1.765376198714 
1.793829163435 
1.833112360179 
1.842211952520 
1.823863591762 
1.833314090770 
1.868789112065 
1.775203471201 
1.813763193113 
1.870887799667 
1.883314186187 
1.887591383380 
2.015604185845 
2.030402338732 
1.975162783327 
1.948638808026 
1.935258792137 
1.911378324829 
1.841724632227 
1.857136409023 
1.865024883811 
1.879664659240 
1.893404412592 
1.871720621701 
1.976646402520 
1.966487257023 
1.940543132303 
1.970356608615 
1.898919749209 
1.938299156700 
1.905525190170 
1.833353859519 
1.818062225785 
1.815067518449 
1.827294250196 
1.827294250196 
1.778743556299 
1.776531718292 
1.778982249064 
1.783955658946 
1.822310930877 
1.766703703241 
1.682650116977 
1.717757079193 
1.616681674216 
1.547066343566 
1.554926909386 
1.547557825314 
1.606775070632 
1.636157607535 
1.694229094584 
1.685810808122 
1.685484419556 
1.676051516967 
1.758967152228 
1.778553398251 
1.838152560918 
1.835286118608 
1.905518931258 
1.898472777911 
1.816142885831 
1.883465164548 
1.840251364775 
1.844415170996 
1.847519111718 
1.823856038190 
1.825864228179 
1.824187975141 
1.820774664760 
1.877005664416 
1.883162740058 
1.752578019988 
1.736862026172 
1.771161301523 
1.696472678329 
1.691211570845 
1.676039040047 
1.685794994537 
1.680900075800 
1.681777402074 
1.692196565082 
1.656748325181 
1.631954077076 
1.696976528774 
1.732300162567 
1.749972870517 
1.759218465021 
1.818625333772 
1.787699542185 
1.777256221899 
1.812149956387 
1.759726060385 
1.762696064760 
1.796681300470 
1.760343492396 
1.875189818776 
1.784636576109 
1.756539743323 
1.758107167423 
1.738928105409 
1.665935761703 
1.734633415544 
1.769264632409 
1.716648194343 
1.711266005481 
1.677739702762 
1.654413430750 
1.650472654446 
1.708653429639 
1.834373261156 
1.794261253188 
1.822057156812 
1.802803922966 
1.763931777410 
1.743466016959 
1.748592057543 
1.748554665535 
1.803951413422 
1.739495064074 
1.703924089519 
1.757556652370 
1.739928433166 
1.678972808617 
1.686526378710 
1.686769101515 
1.711759920161 
1.717223537737 
1.699324674113 
1.701160060497 
1.678323413510 
1.679047335494 
1.707824215753 
1.716498001015 
1.776272631571 
1.775889485117 
1.775889485117 
1.775889485117 
1.773691721107 
1.676791413627 
1.677706447672 
1.681719983327 
1.698390874741 
1.727501726421 
1.770808214070 
1.755781124588 
1.717220655617 
1.714627242432 
1.722634155278 
1.736249836072 
1.761536931312 
1.754083303823 
1.731764458516 
1.745725400594 
1.727041568444 
1.757086168329 
1.752299125046 
1.752299125046 
1.783675984448 
1.809955659510 
1.817214600428 
1.850951797497 
1.861544094346 
1.784408154854 
1.671640205680 
1.671074204905 
1.697372240839 
1.702226286625 
1.770129962112 
1.759570304705 
1.753900670569 
1.778160960965 
1.783117933803 
1.790402298982 
1.763332711054 
1.781040955199 
1.796924750159 
1.802244294090 
1.772378608725 
1.737867133222 
1.737867133222 
1.737867133222 
1.751127189086 
1.761017791586 
1.826377411236 
1.837163532303 
1.841849670073 
1.784417585451 
1.765644345008 
1.677013413336 
1.675903468636 
1.668412439051 
1.681743089989 
1.683623914641 
1.582276395458 
1.637278506691 
1.635358593324 
1.713098240034 
1.758746826243 
1.820803406159 
1.827708608939 
1.845872346536 
1.681130194833 
1.663490450368 
1.628802097039 
1.683131849608 
1.658303013049 
1.657756740209 
1.680487618202 
1.742515396890 
1.778678885671 
1.827262609242 
1.757374153400 
1.784970212689 
1.801781623760 
1.863553716258 
1.931061646344 
1.777749130670 
1.760271395781 
1.771162724603 
1.758559779980 
1.763054160949 
1.751533252396 
1.745526682395 
1.766436852921 
1.746049173644 
1.737629075386 
1.738216540542 
1.731176883319 
1.744836368212 
1.752143771201 
1.781621846119 
1.750519759716 
1.777508283778 
1.801350741306 
1.792568744788 
1.715051301310 
1.670444281581 
1.706509362836 
1.634631776035 
1.629003864942 
1.660663330913 
1.699421967160 
1.736425531183 
1.736425531183 
1.687658438706 
1.571478766002 
1.575692244062 
1.541244921006 
1.583988675690 
1.592098693101 
1.505411794586 
1.455217730402 
1.463225648766 
1.478047224907 
1.430419771679 
1.410583517364 
1.538605666534 
1.662482399670 
1.664870566874 
1.656611843496 
1.661401015849 
1.636524957663 
1.640915800206 
1.725727515223 
1.722200717531 
1.719950944981 
1.763602664684 
1.786955099956 
1.786955099956 
1.809423481112 
1.809423481112 
1.410740504598 
1.381684752508 
1.345531728646 
1.401911889955 
1.327587196433 
1.504985725863 
1.489748275257 
1.489748275257 
1.489748275257 
1.393771010636 
1.373448671133 
1.425975158634 
1.446394131236 
1.473325372989 
1.368538535045 
1.405956805027 
1.452228816746 
1.463638623379 
1.462654516425 
1.462988940651 
1.482701443992 
1.482701443992 
1.449842086938 
1.524639002897 
1.509380330452 
1.513954572816 
1.542907998012 
1.638488765068 
1.665927792538 
1.645772916241 
1.606268210911 
1.663698327725 
1.629749552604 
1.631268506755 
1.667178781427 
1.720798310399 
1.727901636954 
1.733935721641 
1.732847192646 
1.714336786323 
1.728797905854 
1.764557701605 
1.764532440224 
1.768785651774 
1.670944433303 
1.671724268553 
1.602782657642 
1.539677223623 
1.539677223623 
1.519242514946 
1.623362642680 
1.683525379550 
1.714083333793 
1.731271303811 
1.676100584583 
1.649114359333 
1.666402658579 
1.535878022529 
1.725457421819 
1.696298850918 
1.678965355291 
1.678850936587 
1.650871063524 
1.662179362891 
1.741601705390 
1.751829870984 
1.738985507938 
1.693776145640 
1.703036124666 
1.703036124666 
1.701530324035 
1.676887016657 
1.633780271303 
1.647088869546 
1.704723696759 
1.665874946992 
1.675086281890 
1.695011981774 
1.708396946812 
1.676328240927 
1.698118963927 
1.681627049575 
1.771021559458 
1.802522635628 
1.800025414040 
1.852493284018 
1.786877677825 
1.757090672946 
1.791900232997 
1.800568820882 
1.827029182829 
1.629579632691 
1.644653050950 
1.657980752564 
1.649748550079 
1.657784016839 
1.660159723575 
1.609901893291 
1.634782607264 
1.724446278977 
1.712642298755 
1.724892004071 
1.725223360867 
1.704954707192 
1.769794116043 
1.735389141835 
1.861711171507 
1.869574243852 
1.839807961685 
1.755942521748 
1.757894581926 
1.760427348813 
1.758165715753 
1.832380980128 
1.864618054337 
1.888952178627 
1.888952178627 
1.851560020018 
1.929761437286 
1.899527944957 
1.816756340565 
1.881364614828 
1.840940226648 
1.827053042374 
1.822013987897 
1.799174620364 
1.877294633434 
1.864307831572 
1.887699682514 
1.900985404853 
1.812227379718 
1.867323703696 
1.932077057670 
1.874755909084 
1.854663308804 
1.919584724709 
1.961729337074 
1.778818150841 
1.769620766045 
1.760628942328 
1.755508052261 
1.744781358190 
1.755825962171 
1.713656157429 
1.714678733438 
1.768338887008 
1.770538602694 
1.774764573666 
1.781164809053 
1.781090042618 
1.861508011217 
1.785369980597 
1.776767865875 
1.877373808085 
1.869137307567 
1.867792375623 
1.828782258913 
2.013137954302 
1.938783209600 
1.961521336910 
1.943527423519 
2.032124763066 
2.068911582336 
2.007344279238 
1.956568245478 
1.941540168662 
2.003814449622 
2.001766159667 
1.863076128896 
1.863413647636 
1.706717754036 
1.727302304728 
1.725823382865 
1.694424287739 
1.638853790396 
1.638853790396 
1.648751048159 
1.624199662295 
1.639372331227 
1.612504267990 
1.720617055232 
1.739937980206 
1.652867909030 
1.681164634800 
1.677937317027 
1.680016960843 
1.674235141108 
1.605323886391 
1.653427974093 
1.646338746898 
1.564184409560 
1.579578731126 
1.645686420529 
1.727276598479 
1.737928155556 
1.777270479162 
1.783214000123 
1.824461359192 
1.826392216119 
1.874330106575 
1.881040837174 
1.917210475302 
1.862842565272 
1.881522897187 
1.812251115463 
1.827408690654 
1.828708690870 
1.899004769697 
1.902797652931 
1.860928843690 
1.858340307556 
1.840135649135 
1.828986060461 
1.855145316630 
1.866388478390 
1.866388478390 
1.881038780651 
1.858800505485 
1.856251077584 
1.912177567334 
1.924177946593 
1.886881092230 
1.924931333677 
1.910850651796 
1.885670338823 
1.860140486700 
1.877675374673 
1.971135873570 
1.933055655350 
1.927756826047 
1.896174356996 
1.873469645563 
1.872259384664 
1.869509168048 
1.830449022728 
1.826584937727 
1.803421650841 
1.802027685073 
1.825111655299 
1.816309293615 
1.756302129180 
1.765357994271 
1.780583839922 
1.768677189640 
1.752824987473 
1.772341556602 
1.766129090620 
1.743655206429 
1.795160179007 
1.757135520208 
1.761979224569 
1.814127964884 
1.799537751359 
1.806036827907 
1.815238850944 
1.751204454595 
1.761798880759 
1.761532569470 
1.717025623221 
1.674427372752 
1.676944168240 
1.685818278924 
1.687836239533 
1.700666709753 
1.703673779639 
1.655909102050 
1.659876956834 
1.632832308957 
1.544508723634 
1.526179171251 
1.601604557769 
1.580152616168 
1.564934747068 
1.542772014927 
1.401368857528 
1.434837416003 
1.434837416003 
1.521978088844 
1.525296041484 
1.458301630940 
1.532396005755 
1.544643611170 
1.526772561837 
1.560992267532 
1.498210159920 
1.556784161448 
1.605502788898 
1.666450289459 
1.716523010443 
1.615883967461 
1.588006490380 
1.551381321558 
1.550357238771 
1.536598858308 
1.581485464444 
1.679461438776 
1.724602583382 
1.706807424368 
1.618558800604 
1.691569280909 
1.743505457783 
1.743505457783 
1.698136707722 
1.607338081565 
1.701469605708 
1.666566182819 
1.683701078115 
1.680036292236 
1.659426025062 
1.661389681298 
1.709149539653 
1.714109041026 
1.715141193592 
1.692732503924 
1.716841293018 
1.735938132937 
1.782813416083 
1.750814840727 
1.746862471481 
1.745866617965 
1.815704751171 
1.824498940156 
1.826389802010 
1.914698195966 
1.897460306042 
1.905994484331 
1.856794671793 
1.848262354123 
1.798376454492 
1.773978230658 
1.781465607338 
1.880360803878 
1.724014372670 
1.622578859484 
1.625112795014 
1.625325965059 
1.631143672423 
1.664833253625 
1.724314313272 
1.810579368247 
1.855590774999 
1.647227926122 
1.647227926122 
1.645236221893 
1.592812632346 
1.595472052268 
1.570696845766 
1.550486888042 
1.542544925042 
1.779009413280 
1.840045886225 
1.915236888700 
1.861632483735 
1.848571007831 
1.855496983025 
1.940607415323 
1.870164402642 
1.866218358404 
1.935319039906 
1.791384662111 
1.747110489484 
1.867810899616 
1.818749766302 
1.966088572087 
1.934546150642 
1.815026917478 
1.837311682490 
1.835169165948 
1.811432054934 
1.812541559894 
1.922479064761 
1.814138912745 
1.806307204840 
1.810555111960 
1.793733910082 
1.819827799536 
1.462510176934 
1.425221692021 
1.619768651426 
1.632149720150 
1.588440903378 
1.693579409830 
1.638366030517 
1.598349975666 
1.599516416267 
1.584275151358 
1.576964886757 
1.590846646525 
1.590846646525 
1.551587574861 
1.552071159823 
1.643826253462 
1.657996654659 
1.648770302349 
1.722082478367 
1.736437633294 
1.737823319449 
1.737823319449 
1.737823319449 
1.722538029036 
1.686292154124 
1.742492889725 
1.820997537872 
1.798671623620 
1.788551275405 
1.762600288766 
1.748971821014 
1.778384538972 
1.789292973936 
1.835200231134 
1.835200231134 
1.860047181438 
1.898972567766 
1.872443360676 
1.851486524622 
1.855227979025 
1.928865950101 
1.935885876117 
1.890889016199 
1.915636782206 
1.949704617048 
1.914695540974 
1.903446103642 
1.903446103642 
1.870796198322 
1.860788139542 
1.871729179787 
1.871729179787 
1.871729179787 
1.867210347169 
1.950447345710 
1.916677433107 
1.937371477452 
1.829744528777 
1.853274639624 
1.896660759615 
1.908428876872 
1.855481325716 
1.885620900659 
1.880530228568 
1.883381765693 
2.001743551814 
1.727139838720 
1.747404730062 
1.610160695579 
1.628780802358 
1.709014209642 
1.719389713902 
1.721938533861 
1.716424133096 
1.716424133096 
1.722152873596 
1.769984425472 
1.751521715905 
1.754319707175 
1.754987924612 
1.755147403041 
1.755147403041 
1.755147403041 
1.740624433010 
1.740535875758 
1.740535875758 
1.731672392479 
1.736955509642 
1.754154810887 
1.670102416027 
1.670102416027 
1.670606876560 
1.581576037926 
1.602853803956 
1.585743718029 
1.581363441040 
1.581363441040 
1.581363441040 
1.556275994055 
1.558552705573 
1.566191371137 
1.547818423859 
1.539887554021 
1.538508742680 
1.529574923000 
1.388111162965 
1.432155104055 
1.406193663166 
1.445541141284 
1.441128909201 
1.466566340089 
1.474186155274 
1.415607347783 
1.498123249500 
1.536287912431 
1.510134759683 
1.562033495608 
1.518322662004 
1.602012920716 
1.559006784025 
1.431913542776 
1.375128162660 
1.401251948029 
1.501869604089 
1.509490589970 
1.490802342053 
1.524935276986 
1.518375588945 
1.495694655364 
1.486068581189 
1.473982932905 
1.467308429945 
1.418766175666 
1.443439963045 
1.416883787554 
1.296719972161 
1.275086135630 
1.371164551911 
1.485567008799 
1.452296307655 
1.478279464204 
1.389590247740 
1.419206407300 
1.419413234920 
1.529848401352 
1.653081804187 
1.544744150557 
1.571001891424 
1.563646582113 
1.544871252221 
1.587420600834 
1.579662361499 
1.594117302420 
1.759245354278 
1.695324807909 
1.658248597342 
1.651529369161 
1.627568885321 
1.649423401431 
1.550107881500 
1.515221114475 
1.566004039110 
1.623302806774 
1.599443437165 
1.547368338144 
1.589837301206 
1.614536233046 
1.610918031599 
1.627108653939 
1.621785652412 
1.476014113211 
1.443206940218 
1.495139876970 
1.481177370818 
1.474088353217 
1.478324373833 
1.458961186981 
1.437465295326 
1.476142710225 
1.475971135422 
1.424590061152 
1.425611591038 
1.430501801580 
1.370047369164 
1.386794825649 
1.417186623774 
1.392434631292 
1.405038831174 
1.631283822906 
1.775553659389 
1.715149113459 
1.759352332265 
1.647979415795 
1.660633881073 
1.581891706294 
1.725657253919 
1.757650352851 
1.719100792958 
1.730634203746 
1.718508994263 
1.707231993489 
1.705558641616 
1.707575750762 
1.675014890380 
1.753619042493 
1.729871049742 
1.666397718335 
1.695772661912 
1.678444148140 
1.717997854565 
1.735955900786 
1.801372100266 
1.829545496709 
1.799346104178 
1.898818367060 
1.992890605699 
1.900178007997 
1.991911076278 
2.012373546270 
1.850786312219 
1.886393305373 
1.911196196049 
1.895016578212 
1.889837977346 
1.974786623208 
1.939274593930 
1.969554569312 
1.947673427318 
1.943105210669 
1.940318006554 
1.940540161182 
1.937733754011 
1.986108509379 
1.986108509379 
1.969158798961 
1.974133904888 
1.974133904888 
1.969838940068 
1.971192142869 
1.923780544429 
1.947952827663 
1.942692340823 
1.863459319149 
1.875103149111 
1.777776092569 
1.796980977183 
1.793494111897 
1.779355119875 
1.812957429304 
1.812421614477 
1.788786643718 
1.788786643718 
1.723348588292 
1.740404534501 
1.683595950354 
1.767905689302 
1.767589866213 
1.921419397019 
2.084161392373 
2.019791060381 
2.050796013077 
1.920068202237 
2.117942217504 
2.017211696164 
1.975443410005 
1.975151239845 
1.989844148740 
1.987412858479 
1.992446315306 
1.936906940727 
1.895078987439 
1.899004053658 
1.987090679413 
1.978865615746 
1.962799076051 
1.892657367998 
1.893335796122 
1.914703986517 
1.922626942085 
1.894768506144 
1.889180160158 
1.786093954747 
1.652933099405 
1.648868858358 
1.646981278239 
1.606782763414 
1.537809357011 
1.533623324709 
1.522782244987 
1.513594070176 
1.745291414942 
1.723648945016 
1.716594383664 
1.711117067602 
1.698161524404 
1.719319335393 
1.719368498570 
1.712499896704 
1.760996541068 
1.759837543948 
1.758910543674 
1.722396311146 
1.750873638252 
1.718431687679 
1.712212081867 
1.684138548586 
1.756332030885 
1.792109292481 
1.803016322577 
1.751434075121 
1.841353073138 
1.757057392595 
1.771484026285 
1.768328150572 
1.768328150572 
1.768471083753 
1.769510207224 
1.769123387622 
1.769123387622 
1.762261410170 
1.781569338279 
1.772432979130 
1.770109529740 
1.742531088301 
1.695772518096 
1.691624680022 
1.665277770056 
1.747497643332 
1.755975922086 
1.681925625811 
1.689414385013 
1.663656570529 
1.669960023085 
1.684664705771 
1.696821027947 
1.715446069316 
1.646438564672 
1.639328867861 
1.699186490367 
1.699152926922 
1.681412398452 
1.714316432853 
1.683577365076 
1.652001843926 
1.633138131617 
1.572618059520 
1.487582620810 
1.461773407709 
1.391534882803 
1.424294699874 
1.437893125592 
1.533647169851 
1.665751243807 
1.667762119304 
1.633834846778 
1.634759395716 
1.655240425055 
1.648664861062 
1.606674336933 
1.495945141525 
1.476642810565 
1.525278276821 
1.558824433595 
1.545496150718 
1.560678393910 
1.583842775524 
1.701217260059 
1.685686540424 
1.642483155074 
1.674734769016 
1.648532158160 
1.692491458006 
1.681440685043 
1.716567052213 
1.709879119801 
1.709254271202 
1.748425239247 
1.752596213858 
1.731600959503 
1.717012978193 
1.711434626358 
1.748916598973 
1.802079075058 
1.848296277381 
1.819852870604 
1.880575072027 
1.882995482877 
1.862504360248 
1.913749511065 
1.941613448722 
1.920944108133 
1.934219587144 
1.925769036835 
2.002803854023 
1.963088253670 
1.984394985679 
1.965481541885 
1.967960040606 
1.923059168910 
1.932594292914 
1.894661673049 
1.814848415303 
1.840877770776 
1.820533816975 
1.819359716237 
1.818037257890 
1.814698403810 
1.764394261643 
1.790765998545 
1.791951662445 
1.788972435425 
1.790580134889 
1.772795885855 
1.743271344810 
1.626187487878 
1.689800914685 
1.735476539467 
1.719890728860 
1.722099756838 
1.774969945178 
1.787582163898 
1.732821245292 
1.712505349112 
1.702534258071 
1.768034671950 
1.768354396039 
1.769113218055 
1.716281893781 
1.715658351470 
1.767684380439 
1.720299804391 
1.702751039147 
1.559079310237 
1.536311022626 
1.603501796208 
1.631019152794 
1.619501858345 
1.673563503883 
1.671560616778 
1.653843797969 
1.633792096693 
1.632737654633 
1.631347156234 
1.660883237061 
1.643336497737 
1.551357913074 
1.555385534479 
1.658459181917 
1.630348193237 
1.646785549601 
1.672258900792 
1.669801176508 
1.802350537073 
1.769297905225 
1.738913371851 
1.720449352234 
1.700062291601 
1.798427509797 
1.759961219732 
1.766223147306 
1.788545276815 
1.943527847868 
1.943527847868 
1.950212853412 
1.942321092542 
1.964868276865 
1.918807881650 
2.043838971411 
1.945254568991 
2.013780892881 
1.919801313576 
1.925360845213 
1.925508080760 
1.902606181820 
2.008231668018 
2.005062627696 
2.046146030461 
1.966109580579 
1.990239156774 
1.933149657688 
2.018871467486 
2.020371087277 
1.977543455776 
2.009953181637 
2.009953181637 
1.961592656800 
1.984369240119 
2.099704695865 
2.031185806587 
2.013589114710 
1.967273858288 
2.112358703939 
2.058902284798 
2.093930753141 
2.109149780605 
2.058298110728 
2.044756864032 
2.050953799667 
2.105127662981 
2.043079611731 
2.000543979563 
1.843992722942 
1.952068912184 
1.910766435548 
1.985358393061 
2.045402142392 
1.922350387282 
1.918503491383 
2.033347511018 
1.842626061609 
1.825177764598 
1.844694276973 
1.841796277089 
1.747295081078 
1.743164919130 
1.734000385556 
1.810400896877 
1.842552608245 
2.020766177805 
1.839275200175 
1.857196172500 
1.885949039257 
1.909972749442 
1.789747897729 
1.826644357179 
1.918129492237 
1.842186650369 
2.011863473019 
1.903890369598 
1.874382025381 
1.866495726949 
1.848331113483 
1.893680955943 
1.902017568563 
1.918067912052 
1.952316429948 
1.952876960683 
1.907253852273 
1.904763531730 
1.880406351222 
1.919859851020 
1.790600048694 
1.897732044268 
1.900630068957 
1.903396392096 
1.883610629389 
1.908718054428 
1.909248190380 
1.850017854652 
1.824443252803 
1.802277533619 
1.734980355448 
1.742745557035 
1.741102317833 
1.623144043818 
1.632802515194 
1.640794513881 
1.605748497198 
1.633795944296 
1.645513257473 
1.672100870637 
1.705704741551 
1.725901205058 
1.687206988479 
1.789610096764 
1.720040122713 
1.729007417731 
1.729007417731 
1.729007417731 
1.729007417731 
1.729007417731 
1.729007417731 
1.729007417731 
1.732503213613 
1.770607349488 
1.774376743156 
1.789934250126 
1.790593350257 
1.709588025150 
1.708067814545 
1.705855385050 
1.654088971238 
1.643040541192 
1.671622301117 
1.655491958825 
1.657528981592 
1.555500456523 
1.461082268540 
1.510197954799 
1.554727202861 
1.482412342889 
1.385135190614 
1.351535825615 
1.495596416425 
1.443483935942 
1.474067683714 
1.443098343411 
1.464493512040 
1.553937787686 
1.614972182752 
1.611323319251 
1.525172566251 
1.535026573123 
1.530467718001 
1.489165651918 
1.548271295070 
1.556434295840 
1.588472995594 
1.625330169383 
1.574343824341 
1.583888365548 
1.626098239800 
1.586438607385 
1.529061432242 
1.633243104708 
1.671944998843 
1.649209170073 
1.645713392804 
1.764989852187 
1.776525131718 
1.841962465995 
1.819588576271 
1.862871919341 
1.864712622753 
2.051783973915 
2.135816811214 
1.987212436978 
1.993077177099 
2.197641639169 
2.109962349118 
1.974919456156 
2.131174853541 
1.981325491661 
1.953676399806 
1.999747440216 
1.995202377291 
1.885159882506 
1.659733431325 
1.559410527665 
1.612868034799 
1.618074532439 
1.610979382072 
1.561608543809 
1.585125482477 
1.586306914628 
1.495943600050 
1.525724787284 
1.556970794773 
1.571522486428 
1.495816413350 
1.510796702578 
1.714720277153 
1.720466959416 
1.680374085320 
1.629950453587 
1.616394970303 
1.649769402786 
1.630173279267 
2.026898095624 
2.007793089344 
1.990059401424 
1.986290836616 
1.978831191729 
1.963182817554 
1.976607060655 
1.977333658087 
1.956623530917 
1.924427059972 
1.913531192397 
1.928253217655 
1.923872011682 
1.887755458194 
1.878277974625 
1.894756771776 
1.913757723896 
1.850118633143 
1.833223827605 
1.811724940300 
1.816826388614 
1.670167439348 
1.572761289521 
1.622022241012 
1.431706948229 
1.427338548751 
1.505171385427 
1.468472427170 
1.497944011768 
1.595372311309 
1.549207547420 
1.567937482627 
1.537432575825 
1.560693033962 
1.530820512198 
1.517508085482 
1.582188004344 
1.519699279521 
1.627149573113 
1.437700131971 
1.482805142532 
1.514192929963 
1.573041152330 
1.616223705895 
1.606543042946 
1.546961404951 
1.546961404951 
1.549514684780 
1.553025220386 
1.469373721917 
1.392443129386 
1.422989271694 
1.448045097453 
1.357715974576 
1.217896022446 
1.258336304007 
1.264067703442 
1.363834727440 
1.324075117556 
1.331441541261 
1.400364142095 
1.375903113460 
1.417007970441 
1.391554813754 
1.358971162631 
1.422336281850 
1.402399488991 
1.303242878725 
1.399438496981 
1.321908459618 
1.395897882431 
1.372165304045 
1.388405530797 
1.321604349971 
1.382389461846 
1.297685671958 
1.324542593487 
1.313071092512 
1.336416878645 
1.515366394453 
1.501303789898 
1.444680324259 
1.445084864559 
1.450902668373 
1.411082926281 
1.442095541321 
1.422845045641 
1.420600188640 
1.421121368482 
1.378858456124 
1.396997815040 
1.401471971257 
1.408315610094 
1.418851595931 
1.488985830556 
1.471292703440 
1.490669630356 
1.457459711607 
1.493582512485 
1.505856570751 
1.515613080113 
1.515613080113 
1.600685750527 
1.600611634502 
1.608874003658 
1.553335231554 
1.451584670831 
1.519486555860 
1.530631967919 
1.456423637533 
1.520149762687 
1.496635603469 
1.479090318782 
1.485688574282 
1.502155065598 
1.581172331906 
1.456013131690 
1.466781590920 
1.580303735965 
1.499739249086 
1.595995694858 
1.597262040904 
1.595531183529 
1.628043021701 
1.659565131093 
1.714424753372 
1.692813047032 
1.695660738653 
1.651837345052 
1.656958661504 
1.664149711151 
1.664149711151 
1.671645110229 
1.685968833779 
1.687755534136 
1.696117996116 
1.687763388618 
1.571968156616 
1.585283740587 
1.593195100604 
1.593195100604 
1.578116057422 
1.617718185086 
1.687167896441 
1.688283036672 
1.690682279109 
1.686902054476 
1.683207632157 
1.672288035424 
1.695684810010 
1.722925027420 
1.722925027420 
1.655270458783 
1.676962113652 
1.646102277425 
1.691806835551 
1.595353969816 
1.664740387661 
1.664078211562 
1.638941252032 
1.645402157230 
1.616271248613 
1.692933008857 
1.687407326749 
1.747814692715 
1.740206360900 
1.601443948221 
1.622921161556 
1.547998081053 
1.527616389451 
1.610160068947 
1.550445987351 
1.494950508683 
1.531943695909 
1.531943695909 
1.572062897586 
1.587433597537 
1.557060349542 
1.628409134847 
1.649433051088 
1.585309983605 
1.554799453681 
1.576307705750 
1.633206552841 
1.658481882586 
1.671890148776 
1.538011545916 
1.532162854932 
1.681922978433 
1.634069723685 
1.601197854362 
1.626415418067 
1.656620798984 
1.656425404234 
1.656425404234 
1.657979817700 
1.650419405823 
1.677919837246 
1.780295159126 
1.736701672676 
1.710264443148 
1.715001417249 
1.820527165006 
1.784393580876 
1.835480360994 
1.835480360994 
1.801620814700 
1.808095363793 
1.829668839965 
1.818370587966 
1.834171692336 
1.835768636743 
1.855404012563 
1.824037469202 
1.817992230810 
1.816035079169 
1.808844292070 
1.717789890797 
1.618995339588 
1.587549698769 
1.602351103274 
1.590881992759 
1.613595844890 
1.613768105997 
1.677817204646 
1.687512154991 
1.710152941488 
1.805013379667 
1.657820955924 
1.657748614211 
1.641637001080 
1.845568502951 
1.864332996857 
1.858947551955 
1.839257495630 
1.793186019480 
1.766717364177 
1.787620028909 
1.814183303309 
1.805544219290 
1.859442657453 
1.819190096790 
1.736242791991 
1.653540654143 
1.665863904585 
1.667113282584 
1.567729749920 
1.563476953080 
1.563476953080 
1.545761926161 
1.580463698807 
1.549027414720 
1.567707383764 
1.561509984636 
1.560749151881 
1.552069132457 
1.566004944224 
1.566004944224 
1.759973322200 
1.746408399272 
1.748481727078 
1.590310343515 
1.640728662816 
1.659380461304 
1.646586868635 
1.649024388509 
1.678196614490 
1.673568954714 
1.571647761486 
1.641528994202 
1.641504378221 
1.714594767692 
1.706726801597 
1.714090198661 
1.613255702171 
1.625639428854 
1.658507915110 
1.529893358861 
1.480325898693 
1.509389985816 
1.566166649584 
1.495657905244 
1.428867358490 
1.399967623019 
1.466520711598 
1.483004833944 
1.431101665316 
1.419102698293 
1.516195091267 
1.522658415118 
1.522593722594 
1.544890502020 
1.553817015811 
1.597226308273 
1.515144160437 
1.535997194408 
1.609103625685 
1.627987134925 
1.627016871436 
1.640783817736 
1.646217682469 
1.753041280997 
1.759304734711 
1.759304734711 
1.767437038529 
1.759348832222 
1.764951622239 
1.834089754996 
1.913318146181 
1.885311239269 
1.916716553358 
1.904865745794 
1.793111852432 
1.795436523340 
1.795436523340 
1.795436523340 
1.807729906014 
1.835928232978 
1.811698830224 
1.680509916932 
1.687497684383 
1.713921307455 
1.712721493026 
1.749372556952 
1.793660731672 
1.715488776369 
1.713034535051 
1.712311064687 
1.720676429311 
1.751449929372 
1.744800496029 
1.731286761401 
1.699678889139 
1.671734383174 
1.648991270714 
1.651099440156 
1.654638712872 
1.647651053297 
1.647651053297 
1.647439675729 
1.671304693639 
1.655174113601 
1.519656090986 
1.521143290370 
1.523506760147 
1.580560517124 
1.576582149047 
1.586238679680 
1.470242676849 
1.461760115590 
1.473254340050 
1.442286017869 
1.480903679934 
1.477887324030 
1.474533564795 
1.458658038678 
1.486666226907 
1.454446644541 
1.567478978834 
1.525775379421 
1.561263467295 
1.579624014746 
1.618500367916 
1.551735764594 
1.552951989586 
1.610106673973 
1.588078967366 
1.567611887947 
1.621530100236 
1.625602410103 
1.623852737841 
1.589977150542 
1.577994650662 
1.609086648449 
1.594134740368 
1.611842932743 
1.447308426068 
1.520520328115 
1.579106944368 
1.699229077101 
1.699229077101 
1.713043069925 
1.652973192844 
1.655959448641 
1.672311482398 
1.678992388590 
1.678651168703 
1.649853317135 
1.716448386922 
1.589704803518 
1.507369995975 
1.526382719730 
1.488328527154 
1.383332841007 
1.376172027942 
1.377990695445 
1.422310685119 
1.460598446961 
1.478637945043 
1.488883223778 
1.458501794586 
1.318907835704 
1.365807174257 
1.415428862071 
1.456867059772 
1.429756826037 
1.440181652593 
1.456852346356 
1.443197430333 
1.374863223794 
1.435048234225 
1.452174373107 
1.439773789763 
1.421612227100 
1.454994703631 
1.454994703631 
1.455938593965 
1.460545901726 
1.447821907060 
1.550009894288 
1.513270502079 
1.517717736310 
1.492426857645 
1.499719106077 
1.483686545715 
1.540040803904 
1.471259344049 
1.427055809098 
1.509431187265 
1.398567415687 
1.487010830231 
1.474579168086 
1.475653869826 
1.520391512282 
1.598333034466 
1.560025193028 
1.599089179225 
1.593678716852 
1.587487521093 
1.598679237110 
1.634705411968 
1.636062756392 
1.636062756392 
1.615737914448 
1.601014187847 
1.675183970068 
1.675183970068 
1.668097883513 
1.668097883513 
1.690835205049 
1.695170604337 
1.690716864719 
1.662411464365 
1.795877105876 
1.880184976812 
1.896649727609 
1.807733664166 
1.919316581960 
1.948227761346 
1.907099807999 
1.870167714089 
1.764281905361 
1.754554693470 
1.723744394190 
1.726431921903 
1.767353906720 
1.728958429196 
1.749058635901 
1.741943788917 
1.757002697145 
1.662930092907 
1.713709543744 
1.718220950179 
1.671562126261 
1.669347185360 
1.697104322549 
1.761192466073 
1.745896183582 
1.794654245118 
1.617876757383 
1.651350143122 
1.614328161438 
1.561422067805 
1.545254805274 
1.532097686194 
1.540686134244 
1.637144540629 
1.569697218600 
1.553141428594 
1.697458194593 
1.686244556758 
1.659940978032 
1.671421203916 
1.644924441210 
1.664624515919 
1.657365674674 
1.613535704064 
1.598523984110 
1.655746640909 
1.621009714619 
1.657786209482 
1.619886807365 
1.650212856640 
1.633250336835 
1.661904789840 
1.590768950176 
1.680671354232 
1.639800781002 
1.664172575201 
1.605533756123 
1.612512162558 
1.612512162558 
1.625932620715 
1.580781441680 
1.596304168616 
1.599621458556 
1.606758460073 
1.582119398523 
1.619227089165 
1.619227089165 
1.637297672391 
1.617230141052 
1.600308118550 
1.565710178549 
1.598980950198 
1.601010241526 
1.651916939712 
1.672276163039 
1.661610734328 
1.655093537581 
1.658309978335 
1.647487307722 
1.664279490144 
1.632461487513 
1.640361813584 
1.633798996434 
1.652051786639 
1.659537389210 
1.788362829066 
1.787079997475 
1.698597716569 
1.691738561497 
1.705136227508 
1.842216483653 
1.974326179867 
1.960525035587 
1.830002799992 
1.814642582465 
1.814642582465 
1.801363364539 
1.805632510856 
1.788789885105 
1.805227352685 
1.813695587721 
1.760485944081 
1.808568233865 
1.746708109048 
1.756445721023 
1.726834917599 
1.596881438271 
1.642159296579 
1.644571896223 
1.706996225541 
1.723160627312 
1.332478854653 
1.410539268296 
1.338935977378 
1.368872436751 
1.278408436490 
1.294982293537 
1.344565271107 
1.304406600669 
1.330206364219 
1.380410202402 
1.342078453885 
1.344285257743 
1.433875625592 
1.425386901038 
1.424855385116 
1.366202779954 
1.330912415396 
1.399163204896 
1.425014613231 
1.434363465368 
1.482691287981 
1.507235711164 
1.580799567871 
1.523655296386 
1.511838575552 
1.531663914463 
1.521431551094 
1.536361062453 
1.574072220583 
1.551552216028 
1.549265187010 
1.551605432226 
1.579940946644 
1.599129105629 
1.604253481346 
1.640343195850 
1.657139042851 
1.638972102921 
1.645144467881 
1.629746174875 
1.618855081962 
1.634221378325 
1.674088412497 
1.705826938578 
1.819811261733 
1.958974091899 
1.958314408438 
1.916566189122 
1.917566899759 
1.890344431875 
1.917481059364 
1.895380716385 
1.897910608472 
1.925550306248 
1.901834436677 
1.809830343252 
1.749329434817 
1.729462701538 
1.798944628915 
1.816647166172 
1.789067727787 
1.811315968208 
1.821969237030 
1.813008822120 
1.832490436740 
1.777560424534 
1.785160029815 
1.790232671859 
1.759025000116 
1.836862829926 
1.821025694670 
1.726884115257 
1.689941605571 
1.719474914341 
1.733728164879 
1.626930481180 
1.613299568971 
1.636062248461 
1.707972175169 
1.683680852239 
1.568365179500 
1.480005180908 
1.480005180908 
1.551061893709 
1.447561417905 
1.507944060954 
1.540805016153 
1.547349838232 
1.560960411138 
1.574885115373 
1.496431428033 
1.503141516779 
1.501353715893 
1.545216986649 
1.827642617788 
1.894539706220 
1.894539706220 
1.923399582644 
1.795791257319 
1.764117784095 
1.764116714490 
1.752117153865 
1.874083614072 
1.847046215013 
1.838929403133 
1.889376902029 
1.728263349833 
1.767179328602 
1.825462230153 
1.771551371344 
1.735971242847 
1.739791992081 
1.723887687895 
1.667750055476 
1.609254513547 
1.665393020153 
1.677411972673 
1.590191226072 
1.536076118384 
1.497416101108 
1.493029964363 
1.501819392116 
1.566296762732 
1.646216478321 
1.603815114280 
1.570189986764 
1.615902258092 
1.667360627751 
1.832902299597 
1.839237562903 
1.791361014256 
1.768468565073 
1.767805662947 
1.730341757752 
1.708663392316 
1.683096847026 
1.726067093325 
1.771937860336 
1.668374718428 
1.671142428492 
1.726642681715 
1.731363516048 
1.631759833215 
1.574410323168 
1.605471229152 
1.625416081405 
1.598130897573 
1.586757478202 
1.573121757998 
1.574978153196 
1.559583758864 
1.562108889100 
1.597859360672 
1.598681829523 
1.635746619411 
1.662082418489 
1.605770265425 
1.632490538423 
1.619455083620 
1.617609637297 
1.627280201028 
1.624784985661 
1.609372775317 
1.603359699852 
1.582317956857 
1.582317956857 
1.563186767644 
1.636566846707 
1.667989292769 
1.654189606546 
1.640231563635 
1.642987685058 
1.604198331250 
1.674136236785 
1.670030524418 
1.683495467535 
1.688370185333 
1.631761031987 
1.623525009162 
1.633181909250 
1.658792789978 
1.660493554846 
1.638904588644 
1.638043184485 
1.597967172524 
1.599679190464 
1.584206530776 
1.573229702489 
1.676878626118 
1.698504705508 
1.691973599888 
1.716687827299 
1.659544272814 
1.656399009145 
1.703984737916 
1.703416382573 
1.727665257861 
1.689390712947 
1.736288516152 
1.735126448124 
1.727833708347 
1.737867909970 
1.738786467461 
1.804895997077 
1.763571332708 
1.756080534991 
1.797140205856 
1.761694858958 
1.761876537625 
1.711412695107 
1.750081474857 
1.788356525384 
1.797991144124 
1.831958156921 
1.686911357816 
1.733057550650 
1.702267217918 
1.698111870678 
1.697005465128 
1.671243557580 
1.722503651686 
1.751070864300 
1.664642837442 
1.625843218530 
1.631185207515 
1.590048020400 
1.640401639744 
1.631468591003 
1.641794870458 
1.600378617888 
1.702919992923 
1.689705415876 
1.683737685166 
1.674492427558 
1.652255566902 
1.620000971727 
1.585119139957 
1.482390088683 
1.478143554418 
1.516670015625 
1.525612870091 
1.540460468881 
1.530531567734 
1.549133213654 
1.509679705461 
1.600948692061 
1.547753942268 
1.529777764964 
1.523769688280 
1.565463607018 
1.567967848564 
1.598051608028 
1.591753390210 
1.641543281483 
1.654894418570 
1.689924564554 
1.684160871960 
1.728807946141 
1.750885522822 
1.780083088784 
1.712233144984 
1.755142133955 
1.762241140483 
1.751008266860 
1.719931235258 
1.692364055668 
1.682396364099 
1.668373598742 
1.682055014938 
1.695338501559 
1.800543461944 
1.780100442086 
1.789946080558 
1.830795103624 
1.784225290362 
1.765875088328 
1.771665383520 
1.822956313965 
1.786895527628 
1.789976655876 
1.791012997531 
1.797030996715 
1.854875366958 
1.753617398234 
1.862950771646 
1.770060669106 
1.809044204582 
1.695526147069 
1.822554095680 
1.816090149147 
1.846057534569 
1.799397786471 
1.826688101940 
1.805572682887 
1.925676982470 
1.941991669419 
1.942341553293 
1.844782557005 
1.819656643370 
1.904740578066 
1.775680611310 
1.773484534704 
1.755005760970 
1.760818136408 
1.737133234821 
1.736661611232 
1.737700153768 
1.615513062365 
1.662224093857 
1.626440253185 
1.627298767000 
1.648068519708 
1.650969496674 
1.706594102901 
1.710159884485 
1.713431812151 
1.686261568781 
1.708369359897 
1.715792494308 
1.689312168162 
1.817097052077 
1.820159711123 
1.861297551356 
1.875910236014 
1.976199417924 
2.012602977670 
1.843031586213 
1.846187780436 
1.834853424426 
1.838643481088 
1.900917897315 
1.903092977145 
1.967843364006 
1.918214360310 
1.958752709699 
1.969438269440 
1.952308107720 
1.949629739510 
2.084466069487 
2.059160113842 
1.954711068038 
1.990279041042 
1.974787679335 
1.854786759464 
1.895704970345 
1.814098991430 
1.810550141201 
1.878854648983 
1.845114131338 
1.845655707766 
1.813232010059 
1.824640664110 
1.833707937799 
1.841244703547 
1.910552143458 
1.932882186164 
1.846530995381 
1.910050438114 
2.076155662036 
2.175964224223 
2.044685566126 
2.128602290578 
2.159553417407 
2.017954773560 
2.074826435531 
2.052890668495 
2.034052364940 
1.955069197593 
1.896330911435 
1.781580474721 
1.787917253838 
1.729098738705 
1.722864667185 
1.742858430717 
1.746456717390 
1.765950398444 
1.632715893142 
1.571971853808 
1.608478872875 
1.616245159417 
1.656129216679 
1.673022065870 
1.652226529452 
1.722104917829 
1.700196465868 
1.682148854205 
1.661608325339 
1.598489563313 
1.571096642474 
1.560811127783 
1.592066339385 
1.546399475072 
1.417177629351 
1.456437527266 
1.464185127234 
1.462339923627 
1.502653494051 
1.520451984398 
1.487054054816 
1.569707530512 
1.749333115765 
1.753119792052 
1.816281328695 
1.828040731427 
1.760803831815 
1.685999519998 
1.719979409617 
1.733501935706 
1.732389239971 
1.720312658104 
1.769384206081 
1.819601538345 
1.845257521516 
1.721954772469 
1.790702159035 
1.781022781548 
1.748734103914 
1.739169515503 
1.725485079363 
1.774692346410 
1.780113325236 
1.733116750778 
1.723724614793 
1.696908392608 
1.691716074636 
1.804961735541 
1.760755463592 
1.822469723408 
1.838999454877 
1.860497863337 
1.853364801607 
1.848638838535 
1.830145589316 
1.821949434323 
1.858353047705 
1.906705586779 
1.906565805308 
1.901169024198 
1.932365008037 
1.830685398298 
1.799868436709 
1.820469667087 
1.820131190390 
1.820515007316 
1.792977430710 
1.754207509664 
1.589024006714 
1.578243310279 
1.605172303419 
1.579969028080 
1.616823608661 
1.593624921441 
1.610245481076 
1.526821472750 
1.496428580286 
1.469777266935 
1.518537385788 
1.528433535260 
1.540574676965 
1.575382157031 
1.587987938180 
1.575041363671 
1.576876035002 
1.601913463378 
1.602184371214 
1.602184371214 
1.614163029155 
1.628353851207 
1.642430595739 
1.683481326693 
1.856424720776 
1.836170542935 
1.794845214769 
1.802064661516 
1.802064661516 
1.800226398717 
1.802896044956 
1.833741939165 
1.833741939165 
1.845863790557 
1.841361254414 
1.782600897565 
1.739259879337 
1.747662905253 
1.745186586066 
1.721273752226 
1.723007053357 
1.724763251372 
1.673025763866 
1.794327754234 
1.866708980079 
1.806072529492 
1.804729075632 
1.779561624340 
1.810917044285 
1.683961389960 
1.817470241434 
1.759612740226 
1.722690172384 
1.716730366809 
1.721472174126 
1.606629245112 
1.638417305245 
1.652655593411 
1.707229100172 
1.708866988845 
1.657684956849 
1.657684956849 
1.634530499155 
1.682018072954 
1.676696120056 
1.773309034962 
1.743680954211 
1.871132242897 
1.886605953568 
1.900904886733 
1.766622076836 
1.795474837208 
1.781985492180 
1.779750379982 
1.803451209801 
1.820382528099 
1.759617871580 
1.746860813059 
1.737929977289 
1.736622896953 
1.735632842024 
1.764171592483 
1.751056742961 
1.708376221801 
1.706277085711 
1.706277085711 
1.787832218331 
1.740197703188 
1.752776666383 
1.732778604460 
1.703541552874 
1.660510584998 
1.684602860700 
1.687251380826 
1.693122146342 
1.642622944340 
1.571531889846 
1.615842489828 
1.723101866556 
1.700114078261 
1.646093864600 
1.630556935297 
1.622291192717 
1.570896854969 
1.558269332095 
1.587617267784 
1.607421017484 
1.638022718785 
1.628995803419 
1.628654421235 
1.585274311319 
1.626817975308 
1.584413312450 
1.585621190974 
1.584814727686 
1.582992773069 
1.582992773069 
1.582972772345 
1.629736844818 
1.651840682657 
1.612579736498 
1.610237372938 
1.602558129761 
1.581461294565 
1.626572893255 
1.662366700843 
1.648344698744 
1.637090314944 
1.698558412789 
1.665767808728 
1.643971392035 
1.635020927032 
1.649591209833 
1.653752815193 
1.681826855012 
1.612218785466 
1.633380475105 
1.622326344997 
1.643634334840 
1.661238804733 
1.611335804249 
1.599258110822 
1.582358947756 
1.552092300426 
1.503740257710 
1.543030045233 
1.456385670655 
1.500414061854 
1.463085104712 
1.498132368883 
1.500486685018 
1.489805497080 
1.445205947623 
1.475823528172 
1.506646996075 
1.496928996717 
1.426563961593 
1.344406460662 
1.460672442197 
1.496167691481 
1.496167691481 
1.360052944971 
1.361823481654 
1.419828278807 
1.330841317580 
1.326230319660 
1.326230319660 
1.349101790453 
1.226118886343 
1.454581693436 
1.434060328703 
1.491427413385 
1.396302054131 
1.390435746853 
1.385789978942 
1.478799443264 
1.478127664998 
1.528977931102 
1.543809046587 
1.612548571780 
1.685090417879 
1.673351589660 
1.676138180650 
1.606518230516 
1.540343103272 
1.509707157186 
1.560906837692 
1.553173912822 
1.528392638596 
1.520014993986 
1.522439732029 
1.429306345495 
1.449243476642 
1.389492815806 
1.537940072153 
1.508298387694 
1.486581574783 
1.424573478044 
1.447263416673 
1.494481903227 
1.576073217527 
1.589382602148 
1.620653013734 
1.543836136084 
1.651468523423 
1.715638424054 
1.737368499467 
1.749266422349 
1.760746218226 
1.655987026732 
1.520503354592 
1.522548506092 
1.656900218048 
1.708349742337 
1.717135844606 
1.749543637510 
1.758995789748 
1.749489920126 
1.829487476525 
1.831032496907 
1.820925058459 
1.796879634782 
1.740286788869 
1.825394351574 
1.933240725745 
1.858787717026 
1.882290886972 
1.880918221413 
1.751721351526 
1.634130602196 
1.634959859941 
1.759365219312 
1.756469862343 
1.762829135299 
1.730981722277 
1.738147960782 
1.756104706305 
1.807982644120 
1.808133346680 
1.799368971905 
1.797180986894 
1.795033043160 
1.800260189895 
1.816896663151 
1.832638718393 
1.818572317447 
1.827631471355 
1.866915584150 
1.905625829235 
1.864834359418 
1.760982453058 
1.718288545219 
1.738146368903 
1.635646337593 
1.760863787121 
1.761236037898 
1.772220027745 
1.782855361122 
1.765348954021 
1.767650622200 
1.769398059877 
1.769992908317 
1.755396185123 
1.772390764815 
1.751310470925 
1.768785998472 
1.758312472943 
1.766354363316 
1.673686812616 
1.678982766454 
1.667565703195 
1.678913579145 
1.601959634950 
1.537909630666 
1.564191424570 
1.553759089665 
1.558593498562 
1.547138106997 
1.547736186648 
1.550877674838 
1.578535703239 
1.539149587266 
1.545619928169 
1.482064986113 
1.477049249447 
1.536438423540 
1.513161329488 
1.510016562262 
1.531380944521 
1.590995231791 
1.603730473678 
1.636245861722 
1.638990447067 
1.645442049999 
1.635913097271 
1.622598150194 
1.638914041109 
1.666035591985 
1.624128370699 
1.563224283042 
1.552529147458 
1.544264375595 
1.552985271573 
1.481097644550 
1.476168266136 
1.493006209930 
1.626495104171 
1.574092766884 
1.554092048736 
1.570035016118 
1.703305194909 
1.698943820122 
1.698301452197 
1.727349495382 
1.797527961254 
1.783722864035 
1.761615472425 
1.764800359290 
1.804144657426 
1.809603234799 
1.821802400579 
1.939529335844 
1.921022931413 
1.856460024408 
1.910892867357 
1.895465328329 
1.981810067075 
1.961966001089 
1.989975194932 
1.989975194932 
2.024545829821 
2.086297402976 
2.130956162866 
2.112805754453 
2.131259741541 
2.145565648771 
1.968754929577 
1.978310157407 
1.968686014056 
1.937989254886 
1.997690579507 
2.063683755281 
2.059344253906 
2.106849209481 
2.018582024470 
1.883106706065 
1.859355975996 
1.841764232974 
1.871326618664 
1.873365814017 
1.895624436306 
1.851025492115 
1.852533676944 
1.824046045558 
1.837640786414 
1.789350897669 
1.768728253914 
1.766428016460 
1.766837205588 
1.765566605233 
1.753717325914 
1.751651222284 
1.724625403689 
1.731568016860 
1.855514893347 
1.969145575612 
1.976998669564 
2.011971471804 
2.052018066191 
1.935360587408 
1.841438992651 
1.879285039005 
1.929488374906 
1.731095253859 
1.754600983310 
1.752978635556 
1.768893401867 
1.768711610337 
1.751202166892 
1.738836819469 
1.752510119627 
1.536653678620 
1.519976667480 
1.518926724704 
1.520693677178 
1.588489853007 
1.606562638103 
1.689828402750 
1.687832358038 
1.742326519240 
1.761052710655 
1.791741085233 
1.888797592526 
1.894532406592 
1.905736701482 
1.904346076587 
1.907568550516 
1.882424738541 
1.804316438685 
1.762914612318 
1.967131020509 
1.987053902073 
2.002844451795 
1.968448725371 
1.941123900762 
1.956513294374 
1.933399307086 
1.860171340393 
1.858675057000 
1.888125788681 
1.888125788681 
1.831222871015 
1.829163509265 
1.889733752067 
2.030885613564 
1.945013894276 
1.951084574693 
1.942414744144 
1.898851829525 
1.902122120738 
1.906141842318 
1.933728145911 
1.983858230539 
2.000494208868 
2.101498843465 
2.114384853115 
2.106352931693 
2.101288275525 
2.152860306083 
2.059370276964 
2.117759927832 
2.086507145741 
1.994166417510 
2.078463207717 
1.997305973598 
1.998839038522 
2.073392724578 
1.884763338994 
2.026113799518 
2.087373656440 
2.044172961717 
2.045012694672 
2.045012694672 
2.045012694672 
2.010239589610 
2.063547004637 
2.033334438127 
2.072667673449 
2.072667673449 
1.942213134961 
1.949905692736 
2.104730646730 
2.020390846640 
2.075738892874 
2.146486019022 
1.991319494892 
2.025249841055 
2.056519184542 
1.933228782647 
1.922959233283 
1.957048291782 
2.029291516702 
1.990524953268 
2.098022736762 
2.101225981746 
2.112657062656 
2.079805014026 
2.132336568109 
2.076733304912 
2.057529950047 
2.034459290205 
2.156897810196 
2.137292713943 
1.996976038851 
2.000910746365 
2.107149303367 
2.119997201093 
1.927885124055 
1.924078173021 
1.938335975434 
1.960136040768 
2.106691763929 
2.200168453405 
2.127962119281 
2.245829687816 
2.203495300401 
2.137083227379 
2.125049119250 
1.945297366829 
1.956140830243 
1.820849461611 
1.850736349758 
1.893011326865 
1.865989118662 
1.376703112006 
1.320639868517 
1.256182862407 
1.338368058905 
1.346292413178 
1.359055923060 
1.378859154479 
1.281599538485 
1.352175090498 
1.408132407231 
1.425914129913 
1.471139783233 
1.436620582559 
1.485469646851 
1.464563055690 
1.508608049133 
1.550756705863 
1.559242961173 
1.550045283213 
1.539982333282 
1.537780113236 
1.556886117802 
1.508423365132 
1.508498845531 
1.451886894173 
1.439421912494 
1.580776855242 
1.586189108780 
1.628875651379 
1.705149873733 
1.718551913969 
1.703975915133 
1.647173876943 
1.712479458765 
1.743583488158 
1.683071337672 
1.711429822605 
1.690356366685 
1.740275015587 
1.772216404277 
1.708646238994 
1.771960045735 
1.754108672650 
1.751810988121 
1.754213812776 
1.687696295200 
1.717080654333 
1.665782019112 
1.668463217072 
1.642517383666 
1.644338013410 
1.750247570601 
1.754110730315 
1.796181918225 
1.830058926251 
1.866137339965 
1.771608302355 
1.773775266990 
1.780763477354 
1.785552348212 
1.759668606290 
1.794561323649 
1.794561323649 
1.736269934878 
1.885640786616 
1.851383174930 
1.835473352236 
1.868712106166 
1.902940115382 
2.016458143764 
1.886255201980 
1.833632233483 
1.851528756177 
2.011921205281 
1.971047126357 
1.939759951040 
1.884823835774 
1.931080752335 
1.734686312260 
1.797618425295 
1.777307136413 
1.678599501968 
1.676127701675 
1.664355778286 
1.665921278859 
1.709354509108 
1.742406438952 
1.616641795764 
1.599177661976 
1.621601044966 
1.648552610008 
1.648019188356 
1.703971132115 
1.741748291050 
1.847844091937 
1.821325425265 
1.820693015369 
1.822149170021 
1.787966641686 
1.732258402561 
1.902676123084 
1.835096239811 
1.847066108055 
1.836688411473 
1.790127824946 
1.804148431605 
1.743981225535 
1.633428245898 
1.651420035155 
1.763351736080 
1.771221256456 
1.761042133455 
1.733116978627 
1.737409949580 
1.723305915194 
1.666266690285 
1.666958906058 
1.582984212135 
1.626219993118 
1.660903308997 
1.701252234097 
1.641335987628 
1.608637399106 
1.603563014585 
1.557619900212 
1.513588744619 
1.552874043612 
1.507092214432 
1.559793264523 
1.560826576542 
1.553812592599 
1.626644735045 
1.646454878293 
1.628957726373 
1.666822709387 
1.670415630257 
1.592452995969 
1.590342673613 
1.590122463836 
1.613095268103 
1.650511392832 
1.653359902706 
1.728972764968 
1.732617820581 
1.727254358341 
1.743476342684 
1.737022956409 
1.697530552528 
1.699992632913 
1.725547279955 
1.755481809456 
1.742164399315 
1.697963840662 
1.650862299799 
1.655813017146 
1.643049835382 
1.576530212504 
1.577512721446 
1.534099122506 
1.616278772685 
1.648324038005 
1.647266947851 
1.653664189363 
1.613910357473 
1.655128795730 
1.657038825481 
1.739416119719 
1.756529680017 
1.728479009109 
1.729330300004 
1.682256189193 
1.637943814026 
1.619850366307 
1.726471749713 
1.730840554438 
1.748458210525 
1.748392865387 
1.839759808871 
1.773468567788 
1.735001175099 
1.746135653600 
1.751982960743 
1.803343688724 
1.800331306326 
1.811678105971 
1.827150904619 
1.778100502794 
1.732223145858 
1.693020938442 
1.771406267141 
1.772027054889 
1.780688052328 
1.817345613282 
1.818149969270 
1.818149969270 
1.821411266914 
1.821411266914 
1.821411266914 
1.796769196255 
1.790712156124 
1.790712156124 
1.791806817079 
1.740474125928 
1.726748276254 
1.736134616313 
1.719960134549 
1.762082234908 
1.747276826629 
1.747276826629 
1.748174324796 
1.736246575086 
1.731889687056 
1.736407248041 
1.725378947240 
1.834214640264 
1.833620656210 
1.859287167431 
1.911375352084 
1.911375352084 
1.911375352084 
1.895222836689 
1.921308763175 
1.841712704091 
1.898742094588 
1.897378659234 
1.910271257776 
1.917033174184 
1.914240721907 
1.892813743623 
1.921294511794 
1.870049694839 
1.892450735339 
1.823940410947 
1.793582400430 
1.832578650227 
1.792269638933 
1.771458934785 
1.797133858712 
1.797133858712 
1.842395699079 
1.795087551179 
1.749703892317 
1.818539357578 
1.774075683396 
1.836242427496 
1.865549799256 
1.828740810462 
1.744187336644 
1.765710400154 
1.765710400154 
1.765710400154 
1.765710400154 
1.765710400154 
1.765710400154 
1.763395785238 
1.732650215438 
1.785826419632 
1.832210308154 
1.841413129592 
1.833037971992 
1.791534083679 
1.781850512408 
1.723735125133 
1.688449952414 
1.641132660420 
1.602542710582 
1.661681119487 
1.645757109296 
1.645757109296 
1.637052642330 
1.637052642330 
1.635152717912 
1.636701723284 
1.654738528252 
1.687630760947 
1.687150609425 
1.677348699326 
1.637274877814 
1.694632429478 
1.653496229938 
1.590760125074 
1.612016857641 
1.641567055382 
1.652091038929 
1.652091038929 
1.665779027944 
1.664772275532 
1.669615617001 
1.670741473342 
1.670636434213 
1.624324057006 
1.583141740090 
1.582958912923 
1.513433702985 
1.526082344674 
1.526082344674 
1.570153204824 
1.566303309363 
1.576705487740 
1.601816950040 
1.665512375620 
1.687521937640 
1.654571003316 
1.674268318211 
1.601818923531 
1.623449634237 
1.570559140360 
1.543184338831 
1.507058331452 
1.546278055716 
1.584970660190 
1.515762925971 
1.490763326795 
1.448876365321 
1.631584603922 
1.565593483968 
1.604000564709 
1.595519193742 
1.563056352734 
1.601921759189 
1.635986502677 
1.699704656454 
1.677855839859 
1.676831516833 
1.686494871126 
1.701690911274 
1.677241364557 
1.668775074086 
1.636239040804 
1.607951858670 
1.698612397767 
1.846812171405 
1.851152730790 
1.832771915287 
1.868596985966 
1.851142493449 
1.816941371602 
1.824230068512 
1.824333199277 
1.861926621825 
1.877818839575 
1.931747053452 
1.902031789638 
1.884370471082 
1.843901016424 
1.799158503829 
1.897189327925 
1.959884276479 
1.814049678566 
1.848181724150 
1.883624360721 
1.867206896291 
1.867193322694 
1.945384771142 
1.895715768380 
1.889185741971 
1.892737859652 
1.824209155897 
1.821169636275 
1.815778765495 
1.864688035454 
1.864688035454 
1.870295071534 
1.792802827483 
1.768494438295 
1.777553739429 
1.771120312892 
1.740014009601 
1.747883317120 
1.751370799564 
1.772377387240 
1.900245871457 
1.931059960263 
1.891646368825 
1.940081650396 
1.919954285887 
1.713117956604 
1.756234983371 
1.678354537371 
1.734672329527 
1.667954720543 
1.723238222989 
1.804352837496 
1.821710092362 
1.731955177595 
1.724720946108 
1.693642583597 
1.729767379362 
1.743532229701 
1.759590787906 
1.640243694007 
1.687806498752 
1.802545205184 
1.765373068025 
1.776797082740 
1.769161770288 
1.865643532597 
1.753456946032 
1.745091407432 
1.797412684931 
1.803749768740 
1.767795852695 
1.798544285850 
1.812355050436 
1.829368820382 
1.852713314785 
1.799224289758 
1.815229070736 
1.817207361822 
1.846767888523 
1.809037461936 
1.863459648904 
1.853310081584 
1.845195051447 
1.851513766090 
1.833409541070 
1.720808054685 
1.703304523068 
1.695060435651 
1.655175955147 
1.655098725068 
1.732027063123 
1.743039813006 
1.727860567971 
1.715183518016 
1.673296544784 
1.597587160852 
1.673436172922 
1.799847225622 
1.677394884231 
1.692392577154 
1.690327169100 
1.746170517482 
1.736512729297 
1.802563481278 
1.927726344100 
1.961367999626 
1.908896386862 
1.941365565474 
1.936116762601 
1.971254451928 
1.956782753922 
1.936643639496 
2.023183373874 
1.950229122893 
2.018542044474 
1.998433877685 
2.022474630138 
1.997029985458 
2.004119614034 
2.004119614034 
2.030810869872 
2.022435365123 
2.039730866671 
2.019617721168 
2.034454271061 
1.988933630621 
1.890217415604 
1.942531241886 
1.920883175634 
1.928979920956 
1.971005690901 
1.939619513881 
1.939619513881 
1.993242777972 
1.948667106285 
2.056974341525 
2.021670458963 
1.867176212260 
1.888668596096 
1.848269138617 
1.844218410724 
1.832082110572 
1.824532936631 
1.919997410280 
1.939353314826 
1.870722379386 
1.906302971163 
1.856276899203 
1.876893372212 
1.864258475424 
1.869756781224 
1.854327697041 
1.891526247011 
1.857129079811 
1.584048979191 
1.622881646531 
1.646509495563 
1.625963730872 
1.626700136111 
1.540882320320 
1.540154265786 
1.531097207479 
1.601171289924 
1.621481708143 
1.637467883798 
1.605395955181 
1.709940762083 
1.740622792248 
1.687536216415 
1.700882222166 
1.699306070733 
1.672614177228 
1.767198213935 
1.763376862595 
1.728419431516 
1.717108499162 
1.725861535229 
1.716907295382 
1.726127583304 
1.654680692317 
1.640915607902 
1.607719671712 
1.722238332301 
1.686955931615 
1.712700371802 
1.694084420314 
1.712976301603 
1.666370579637 
1.641297278127 
1.648084565494 
1.627902136593 
1.629997025526 
1.650792797003 
1.679490671280 
1.759671739945 
1.761823569279 
1.766303540288 
1.711593526523 
1.659955687006 
1.668796933025 
1.677616620996 
1.666836137690 
1.678971693958 
1.697608520749 
1.687193918959 
1.639780645880 
1.730851025843 
1.711364351296 
1.730710206818 
1.687403637621 
1.605789642173 
1.653976910646 
1.651981091350 
1.577849815832 
1.581256805276 
1.642399695494 
1.709366651493 
1.670141352563 
1.667108923528 
1.661587775288 
1.661871642718 
1.681777064108 
1.710273422801 
1.690163649559 
1.694620575089 
1.700130725740 
1.710965699577 
1.687268101971 
1.729620058410 
1.730277510353 
1.742845479638 
1.747674251852 
1.714468083928 
1.953027381834 
2.133755255448 
1.921408029902 
1.746211380773 
1.672439478522 
1.690925632299 
1.707938508172 
1.700407037183 
1.700920746078 
1.700920746078 
1.700920746078 
1.679514659521 
1.679514659521 
1.653002659153 
1.667241838492 
1.674085890531 
1.712654911202 
1.757007024476 
1.778142055295 
1.789296774632 
1.876281807240 
1.828540863375 
1.797772102921 
1.887428001936 
1.857522008998 
1.872048235719 
1.952140723848 
1.911860277794 
1.947245302653 
1.928235098004 
1.883319240083 
1.812592479584 
1.795589899823 
1.764525290192 
1.736062383800 
1.706602514526 
1.574032960549 
1.503962685482 
1.582107059204 
1.710122491707 
1.693346307131 
1.703755475485 
1.709832115462 
1.691387882614 
1.668384659522 
1.669034240610 
1.745784054379 
1.686245455607 
1.711861773109 
1.769916749471 
1.733269114562 
1.638275286620 
1.721061705380 
1.546084908871 
1.606123611018 
1.578179896113 
1.560638151963 
1.591759176147 
1.600607182882 
1.617085448183 
1.542192107988 
1.558749908301 
1.561233494529 
1.675832848136 
1.774224723475 
1.774224723475 
1.802712821966 
1.768116999372 
1.764935479513 
1.658528909275 
1.678265403981 
1.673333943158 
1.693750847090 
1.794478584619 
1.796200873130 
1.814672582359 
1.777787980269 
1.778571313642 
1.791638384077 
1.706964685163 
1.688675709318 
1.742916406485 
1.686936850282 
1.663366423907 
1.672658072833 
1.669468496478 
1.666912524511 
1.666912524511 
1.668698726252 
1.668698726252 
1.668698726252 
1.679088291475 
1.679088291475 
1.679088291475 
1.875902164651 
1.969948492181 
1.935018685023 
1.889392082589 
1.884190029767 
1.941636128530 
1.989639405127 
1.940905564386 
1.988098538351 
1.999845249558 
1.851054586090 
1.841285419849 
1.843445575171 
1.754480130473 
1.754316785440 
1.852990336791 
1.808280622740 
1.813040794662 
1.824898941404 
1.749056013718 
1.750361058299 
1.879394290603 
1.844953038022 
1.806374432732 
1.740162167881 
1.838839034315 
1.902271739594 
1.893107868209 
1.774401867393 
1.765723164520 
1.738349166321 
1.716051765972 
1.735410334678 
1.820001146820 
1.809086067614 
1.806010875700 
1.802023360192 
1.839116156795 
1.756244001212 
1.871188206396 
1.871797425687 
1.862839968055 
1.829878166346 
1.831009434720 
1.818030540747 
1.849014019583 
1.806810679376 
1.772920777300 
1.745336232486 
1.764405987185 
1.833627313844 
1.837667797802 
1.848004668373 
1.832926182468 
1.878872854409 
1.922515208692 
1.846166164755 
1.793245452019 
1.808170095373 
1.807259617108 
1.777829583185 
1.783069893694 
1.867705643348 
1.830100363160 
1.817778893017 
1.771756005896 
1.771076972341 
1.862407825128 
1.941019662865 
2.106224206640 
2.001123986919 
2.020371749095 
2.097823454726 
2.052807943786 
2.070348321604 
2.025683047939 
2.027707926207 
2.168004228872 
2.036590492080 
2.104431042205 
2.090668317437 
2.041912117051 
2.050552135186 
2.043421120136 
2.019888690344 
2.016668374992 
1.965318121144 
2.012967107000 
2.013395666493 
2.035917027136 
2.117770986974 
2.196301325955 
2.126571942132 
1.964083404027 
1.597648120504 
1.644469296106 
1.655859661707 
1.649583860626 
1.642523916398 
1.642637988518 
1.642618691146 
1.652340954417 
1.656386024567 
1.712255794230 
1.693782974656 
1.680358710544 
1.676484430976 
1.744924241166 
1.755183636071 
1.747265639430 
1.701301962831 
1.659210358844 
1.626112278788 
1.621591353867 
1.683230399863 
1.706197894373 
1.852431494110 
1.786579746816 
1.818206209450 
1.747879906594 
1.862956190778 
1.880547428826 
1.752676251085 
1.707768072236 
1.740538357529 
1.701180724209 
1.498218515989 
1.515807447868 
1.501198236059 
1.413055391011 
1.429011271600 
1.394544394603 
1.368271032248 
1.317398573970 
1.425370931423 
1.365463771623 
1.416331958154 
1.338389460169 
1.297810627568 
1.344078300490 
1.389142795040 
1.435931658466 
1.423148420552 
1.423148420552 
1.470654593402 
1.405445596602 
1.413511535828 
1.401583186806 
1.320280812303 
1.333885872271 
1.360431842649 
1.396525119258 
1.389791326186 
1.386811889914 
1.472929762369 
1.469877547801 
1.450673868664 
1.466853753959 
1.400698173843 
1.412636474737 
1.400433559649 
1.368885815895 
1.432705561750 
1.386383915996 
1.368777834115 
1.381256893365 
1.354615368801 
1.344493506502 
1.353213690654 
1.263567469605 
1.322396023566 
1.333086786704 
1.300028746737 
1.352618187310 
1.362580968962 
1.401249250558 
1.461672270773 
1.381553315059 
1.428913256730 
1.426881477407 
1.367689305219 
1.433031982098 
1.401506734040 
1.540505390457 
1.551376688210 
1.565861558233 
1.540320776098 
1.485866059642 
1.560366957380 
1.524052336882 
1.539880314709 
1.599877305463 
1.534924403821 
1.569184861223 
1.473224121081 
1.452494092749 
1.487645111617 
1.425217028466 
1.590472019864 
1.584075704591 
1.614261929993 
1.716405756177 
1.665388086557 
1.607990077844 
1.598223531349 
1.565545247951 
1.471997477402 
1.494176394085 
1.453631817522 
1.468798104663 
1.466101585393 
1.498344660759 
1.432537945307 
1.497003108060 
1.540354003773 
1.520324205518 
1.591140512536 
1.642226548527 
1.638070028877 
1.713654815478 
1.752077913162 
1.783731814429 
1.801209367097 
1.733385016594 
1.770033295799 
1.725474056583 
1.775497968455 
1.801302091912 
1.794129030513 
1.777360070459 
1.736093154648 
1.747705547671 
1.743630968453 
1.726366190529 
1.724524649741 
1.727780303080 
1.729217918354 
1.689093833188 
1.680429430550 
1.672776406904 
1.639567387799 
1.648427821960 
1.646134848180 
1.623493455757 
1.636516575309 
1.684052875598 
1.666452826812 
1.640303779268 
1.678530125371 
1.782575377867 
1.705823950044 
1.689077577349 
1.551575081350 
1.537754206560 
1.580841289802 
1.547468121605 
1.556246497447 
1.551382040926 
1.566759358643 
1.619236766158 
1.647368190596 
1.530439599031 
1.509450360476 
1.515927776658 
1.551259782582 
1.531056211985 
1.641941026207 
1.648031928504 
1.608469939835 
1.504223635509 
1.505120526507 
1.534008867732 
1.471079944849 
1.443861391031 
1.511414075502 
1.555295205731 
1.508357889036 
1.498698142385 
1.566108275021 
1.568113144194 
1.620496380882 
1.577149462686 
1.919439877239 
1.808983214263 
1.988466711326 
1.912658158638 
1.839058857028 
1.842137492163 
1.804159708310 
1.788410964423 
1.763524792235 
1.768501570977 
1.860985810742 
1.857995130935 
1.857686991621 
1.877783855013 
1.874791522364 
1.874791522364 
1.846575721282 
1.892953936741 
1.951114259103 
1.897608178439 
1.879552399524 
1.844354443482 
1.922612038781 
1.919377218530 
1.919377218530 
1.846077849887 
1.850437003641 
1.826200686985 
1.799063717086 
1.797907713918 
1.800752258163 
1.784539406270 
1.771321167381 
1.702243776747 
1.635869952757 
1.657098515576 
1.772586221999 
1.773398664934 
1.773398664934 
1.686573818107 
1.703762038499 
1.693521733434 
1.735505481411 
1.711741542757 
1.722992592660 
1.722992592660 
1.741782070011 
1.740036450761 
1.659833998483 
1.673810041929 
1.730485972060 
1.742488705265 
1.847845696216 
1.838582603373 
1.908597152086 
1.920882122708 
1.910762680343 
1.892754382482 
1.932132031747 
1.982327405180 
2.054697788621 
2.116862596124 
2.192805513373 
2.203260131947 
2.321967686734 
2.224602120243 
2.146362418468 
2.036164946289 
1.878471322188 
1.814766733443 
1.845051034864 
1.731265841682 
1.754178535657 
1.759129718018 
1.739566139292 
1.722944837359 
1.767653292791 
1.766846220602 
1.686227537664 
1.683359974658 
1.641254286380 
1.649131979779 
1.645239166943 
1.598081190749 
1.581957993182 
1.587407597713 
1.587665576269 
1.661950897934 
1.660040528835 
1.610291013631 
1.578459450807 
1.607754508560 
1.580067930990 
1.580067930990 
1.667532768396 
1.709404660892 
1.735078824504 
1.736387179524 
1.657242485412 
1.753981357119 
1.898682030791 
1.867793756660 
1.867793756660 
1.868687777329 
1.904009104442 
1.901715605344 
1.669509920660 
1.779616802775 
1.780356077192 
1.772602302108 
1.797689884638 
1.678256502403 
1.672227972719 
1.738945407708 
1.740546962679 
1.782169477952 
1.779604464318 
1.767209652712 
1.735585090770 
1.735585090770 
1.845707349181 
1.848869651026 
1.848869651026 
1.812107069840 
1.800061764393 
1.812727847630 
1.728223282006 
1.740339577629 
1.683816462244 
1.630354237861 
1.645834507650 
1.764490215025 
1.752489196914 
1.731479705294 
1.734235844473 
1.713908866591 
1.711930545592 
1.595890297087 
1.653250807246 
1.642494316522 
1.636420615928 
1.595663912786 
1.734626259127 
1.727992920271 
1.674722525990 
1.745166481788 
1.842648911359 
1.833402817723 
1.718801152551 
1.682422168067 
1.623692606679 
1.495280891320 
1.436253035070 
1.489114333473 
1.478233919871 
1.451699479665 
1.443500580877 
1.574003568924 
1.508623911977 
1.494385497201 
1.482841447269 
1.485565614966 
1.485565614966 
1.530367353029 
1.533011756181 
1.529210539899 
1.368462216801 
1.382994783327 
1.362069087390 
1.348395991478 
1.296755267382 
1.295226383535 
1.343231559353 
1.325120472117 
1.382495482742 
1.418416239336 
1.266753553689 
1.376117585632 
1.301420160357 
1.398909389959 
1.329914720865 
1.168147838297 
1.333257918471 
1.157220360767 
1.144135135371 
1.247077284562 
1.193378031500 
1.093936540087 
1.510917646231 
1.549593076482 
1.587873923445 
1.610356222555 
1.589719558876 
1.682798330977 
1.689500271428 
1.692393384077 
1.611463831942 
1.663636104432 
1.657146527919 
1.721382818682 
1.727367639518 
1.714926253793 
1.714363666137 
1.702283454199 
1.664843519469 
1.760514054992 
1.863839736835 
1.685510316860 
1.694300241364 
1.693008850619 
1.816684323571 
1.836083437859 
1.754510196192 
1.747819368508 
1.718629068193 
1.666169072374 
1.659409853047 
1.706772765517 
1.697924117671 
1.712621005304 
1.674668265935 
1.695042981181 
1.694297358496 
1.728685618060 
1.677359591048 
1.627108993960 
1.521031565957 
1.507220940408 
1.464112216933 
1.518863899578 
1.643171631507 
1.674709729500 
1.666281734980 
1.654953220478 
1.498724325511 
1.666540971924 
1.669855542109 
1.714342941637 
1.767002178054 
1.771573774840 
1.683005033579 
1.674017064601 
1.672631956500 
1.688289950304 
1.754814991700 
1.728592193213 
1.752086012838 
1.883173941424 
1.943952090988 
1.965540686859 
2.026533414917 
2.151888228560 
2.073748724851 
2.076301294330 
1.951965018145 
1.974972709802 
1.974972709802 
1.959011636387 
1.961761042493 
1.964092566150 
1.852657822637 
1.830716391680 
1.913554081927 
1.982466166884 
2.037050723934 
1.826553931487 
1.832535263073 
1.895450881896 
1.943278387459 
1.927594288324 
1.915863165714 
1.863942035153 
1.827748851040 
1.841196406301 
1.844808014762 
1.884002978083 
1.988938147093 
1.986774911353 
1.814979778883 
1.811496221704 
1.858730154516 
1.953192469326 
1.511620880441 
1.543090901057 
1.545519439866 
1.543488935527 
1.443822257420 
1.450632063326 
1.423748745970 
1.323110429752 
1.450572947365 
1.489724355855 
1.435495203307 
1.340806297044 
1.320799897350 
1.436401349713 
1.436401349713 
1.469028119489 
1.510821897645 
1.434298002570 
1.499810145045 
1.514112123763 
1.519030693075 
1.566806524232 
1.578290717187 
1.581728814410 
1.633016810477 
1.588536118965 
1.589699742657 
1.599824725358 
1.525476136453 
1.531956383606 
1.619479495258 
1.793636142179 
1.771530669429 
1.796100320653 
1.801008139550 
1.760775613143 
1.789662704201 
1.792256901218 
1.729017825645 
1.730991646610 
1.734435449219 
1.701984005058 
1.734039042916 
1.708015308211 
1.724468483730 
1.666162371486 
1.683751935853 
1.628529396554 
1.652403514382 
1.645273774101 
1.552269878899 
1.528600925228 
1.660254852560 
1.698397108616 
1.704234704796 
1.698054165424 
1.713006308082 
1.595361009511 
1.660958132642 
1.662962452169 
1.527247383885 
1.504541837879 
1.411570481218 
1.544808767585 
1.409476484296 
1.429877909624 
1.516410246695 
1.543089088937 
1.605474676347 
1.608150300720 
1.681515926167 
1.774270311903 
1.739592524459 
1.582644834248 
1.592404819307 
1.634763576657 
1.629388762651 
1.585727481921 
1.579367323245 
1.610320689553 
1.572378531370 
1.698414667204 
1.760848398769 
1.754468899710 
1.767055115733 
1.711217589646 
1.719484860483 
1.718963772330 
1.726405140914 
1.728626117001 
1.742991044637 
1.776182349394 
1.762648674308 
1.770193681961 
1.784820989877 
1.793253847948 
1.796790770086 
1.796790770086 
1.800601901847 
1.797619102367 
1.797285388347 
1.782372367461 
1.798689511975 
1.778466369377 
1.795048986308 
1.471930228654 
1.482626348270 
1.478733902572 
1.455629810889 
1.395017086597 
1.416388533373 
1.402521184572 
1.443187011701 
1.420482256753 
1.419815880539 
1.391878856365 
1.358283158753 
1.475507844499 
1.438083583161 
1.397918986105 
1.471942705597 
1.471942705597 
1.514033709247 
1.573989894191 
1.534531124792 
1.485877198360 
1.534697692533 
1.514866426929 
1.539061785660 
1.550240840938 
1.528501694662 
1.512227543101 
1.460591170772 
1.460012944851 
1.615401474127 
1.621099151366 
1.600534861911 
1.581605308772 
1.590062994217 
1.573105616496 
1.576589171612 
1.543864244221 
1.479579546358 
1.504520861355 
1.460153450134 
1.564242804488 
1.567690607424 
1.539555673086 
1.474065089548 
1.493993856710 
1.501257107447 
1.539913213486 
1.588537086190 
1.571977097904 
1.564546771060 
1.558018868579 
1.551388897219 
1.576562398613 
1.578931229529 
1.568330472984 
1.569684675442 
1.549354707777 
1.554404364148 
1.627685404023 
1.633995693998 
1.641183757462 
1.640929790488 
1.640929790488 
1.616238997088 
1.616238997088 
1.585328884456 
1.626054455940 
1.607452498275 
1.639459700013 
1.583669926460 
1.630815543607 
1.604710298317 
1.674128469798 
1.634714013852 
1.599030265797 
1.764376970450 
1.759471520564 
1.735700435864 
1.715259035079 
1.706104366202 
1.710986230517 
1.707366470908 
1.682897397772 
1.594847410032 
1.746211831189 
1.805099364693 
2.014430127417 
2.043905332321 
1.992422047039 
2.011931422960 
1.783445171595 
1.847880836013 
1.895577191431 
1.943104283965 
1.889920001125 
1.905541114782 
1.894943893312 
1.905745181386 
1.858508037377 
1.786770942157 
1.734046959476 
1.836307254771 
1.856154601213 
1.802276464624 
1.867263521994 
1.807214540477 
1.865289540860 
1.857240830484 
1.852714596741 
1.855642420012 
1.994439925850 
2.006174405244 
1.944990074768 
1.875743133204 
1.746266781108 
1.736138282561 
1.767571086967 
1.767571086967 
1.716540381872 
1.724995031861 
1.764878543180 
1.741794232039 
1.623636308246 
1.626744476624 
1.518599962076 
1.622918171761 
1.527114070772 
1.566627109675 
1.581631123073 
1.586924695171 
1.609803868261 
1.581990304157 
1.594756908348 
1.562946645761 
1.498554866376 
1.521587885933 
1.437405176957 
1.501399576647 
1.292771652324 
1.367263231179 
1.362602084623 
1.343742501500 
1.370858270888 
1.385921222869 
1.283305314991 
1.312624404464 
1.311347727043 
1.351983700315 
1.432101648982 
1.316206468280 
1.383234272127 
1.469121029799 
1.447000911274 
1.474902226324 
1.484295198559 
1.484295198559 
1.533265358462 
1.517080578951 
1.530089459292 
1.487104439455 
1.490528070140 
1.560880996107 
1.574285665419 
1.566532876395 
1.622132258489 
1.567895773194 
1.626869734211 
1.649954417018 
1.640780440982 
1.786239869477 
1.741228760979 
1.778301841928 
1.761619179042 
1.756869902573 
1.681748019694 
1.544882694680 
1.599082312539 
1.323543308725 
1.359624343043 
1.418155428596 
1.469523989696 
1.420805259806 
1.328776098225 
1.386347177929 
1.292089640172 
1.322690340124 
1.429298553828 
1.454885742025 
1.455571137457 
1.461006903703 
1.473229711342 
1.439183681028 
1.441644355312 
1.463578536854 
1.463894544677 
1.496504383700 
1.515229055604 
1.549238402319 
1.520394706881 
1.515085040100 
1.515085040100 
1.485150977357 
1.520349347461 
1.520349347461 
1.495839635569 
1.495839635569 
1.502089910072 
1.498990722507 
1.525835434675 
1.493819286595 
1.490966455735 
1.491977246599 
1.566778890663 
1.558563487812 
1.590480071119 
1.593021806016 
1.539279386891 
1.536671177491 
1.548862509499 
1.427647373217 
1.427647373217 
1.447981225581 
1.342038149862 
1.437919109112 
1.439349823800 
1.433820841257 
1.391868378340 
1.443649941194 
1.327431558042 
1.408075768335 
1.398687752875 
1.383416002199 
1.551180145040 
1.562129103909 
1.536983324868 
1.584837367191 
1.512604606255 
1.543423371723 
1.535244473841 
1.413443339131 
1.382291244680 
1.393054625820 
1.370577983030 
1.406439856755 
1.385267234004 
1.349927418014 
1.289408863197 
1.307023023831 
1.341861253283 
1.351093399299 
1.382076639658 
1.434874594388 
1.437639111187 
1.454540641847 
1.454540641847 
1.446278808672 
1.476463734089 
1.472786852216 
1.484139108027 
1.517445194572 
1.493329144526 
1.506793676700 
1.496177166671 
1.579007219628 
1.610981930183 
1.626383207528 
1.658714939316 
1.663350146015 
1.628222304277 
1.558008833566 
1.547537184671 
1.569024763402 
1.535024932397 
1.551967376771 
1.541532444313 
1.573348558758 
1.527599060364 
1.526161633242 
1.460154222810 
1.422705173139 
1.462551670678 
1.304711215249 
1.377705801224 
1.348060478419 
1.406947495747 
1.502493634075 
1.529592087647 
1.564718741339 
1.585925784998 
1.581853887170 
1.647665868617 
1.659067560701 
1.669529141747 
1.697457315007 
1.789463441998 
1.732788121152 
1.700299830330 
1.684916296947 
1.704003769603 
1.691447302829 
1.708591887406 
1.712890593978 
1.725846926841 
1.733894006701 
1.717167405122 
1.700587081740 
1.705827908229 
1.717111278801 
1.674772605617 
1.656437448577 
1.652767759824 
1.759367792881 
1.760889025829 
1.750313092912 
1.746989501473 
1.739501183694 
1.690977592917 
1.706724994557 
1.684220345941 
1.714664627572 
1.714305740349 
1.704466484882 
1.686586917998 
1.688189245833 
1.688189245833 
1.687877406079 
1.687877406079 
1.669221416161 
1.677659692249 
1.663029028610 
1.745946230244 
1.746507023188 
1.788608333502 
1.753473868382 
1.753473868382 
1.765191905571 
1.752849401454 
1.745777173396 
1.787814513379 
1.790257073987 
1.801870607564 
1.676845229400 
1.667451200225 
1.658854361728 
1.659768386677 
1.640848738096 
1.647439158421 
1.638297949294 
1.820493381137 
1.755531137479 
1.762653673616 
1.776332826120 
1.728278056786 
1.766508150705 
1.739178855214 
1.755874317296 
1.759076063374 
1.802135451239 
1.796652284133 
1.795756866828 
1.742714203014 
1.793905719755 
1.773047581665 
1.773619435473 
1.807942491372 
1.801936072140 
1.732625761338 
1.755102224960 
1.755102224960 
1.757805933408 
1.704709351249 
1.706963084179 
1.740419490027 
1.744675962572 
1.743342797304 
1.743748118757 
1.749009998000 
1.751744439058 
1.730082909110 
1.815709161795 
1.831449835588 
1.770308878404 
1.785009712493 
1.695147241839 
1.687686606571 
1.668487054459 
1.781828561699 
1.785519301282 
1.786333935324 
1.785814744906 
1.726590151840 
1.748765535603 
1.739029168202 
1.744710110476 
1.676027102021 
1.739621866938 
1.739621866938 
1.764678545200 
1.768064426917 
1.762378335569 
1.816045554477 
1.795342433493 
1.765339655884 
1.759505340033 
1.830140249610 
1.847864756563 
1.818374095173 
1.800646445553 
1.723481434169 
1.649160802452 
1.661310783027 
1.670825154735 
1.790931537727 
1.751517657340 
1.707255389059 
1.652429400734 
1.681552037185 
1.610106505948 
1.592970697891 
1.521318543041 
1.545967741089 
1.546385007696 
1.513929607427 
1.486833911131 
1.485787215659 
1.495771003285 
1.606253277680 
1.589077961133 
1.600992779265 
1.585835913716 
1.615040242287 
1.642943770905 
1.603738786330 
1.520523811939 
1.535938474497 
1.487905164997 
1.528538844991 
1.436344780826 
1.465207329566 
1.471001543602 
1.515811487583 
1.527694261428 
1.578553286776 
1.614808204059 
1.615217367957 
1.602084746616 
1.836235795161 
1.821536545038 
1.770130229836 
1.755490756970 
1.752588714499 
1.705378079365 
1.737148133970 
1.719571132093 
1.729847809725 
1.680902739433 
1.695279246564 
1.734467461071 
1.785765750549 
1.439772997448 
1.388554842389 
1.490255633326 
1.273390161089 
1.283822912000 
1.269047154207 
1.375472581654 
1.315062847516 
1.310514041961 
1.278666745260 
1.350745132632 
1.357753720270 
1.357753720270 
1.361346717719 
1.352649339585 
1.304682818334 
1.304682818334 
1.384744075048 
1.419337025422 
1.367471659381 
1.412020100189 
1.412020100189 
1.392150395112 
1.427801714906 
1.384392257446 
1.308521142712 
1.363835420302 
1.438856994439 
1.401760455412 
1.397931412678 
1.314150153439 
1.530513971827 
1.485332635601 
1.476181256971 
1.572085696405 
1.523728367939 
1.516102144408 
1.465442088074 
1.459903131809 
1.485795477847 
1.532655201050 
1.630989255286 
1.696804167909 
1.880295743842 
1.896646945001 
1.901294939229 
1.913443246583 
1.869909072116 
1.839575354145 
1.808069656634 
1.922465537634 
1.832229131862 
1.828154995262 
1.751460868637 
1.788248902846 
1.786009933472 
1.780699836411 
1.787518238640 
1.793543146026 
1.815772779697 
1.840123633287 
1.842977524359 
1.898600647530 
1.854825193413 
1.943509527989 
1.896530654541 
1.931852630097 
1.901316425470 
1.908839415563 
1.892404931539 
1.878228772961 
1.881084075935 
1.835762330407 
1.879438709446 
1.878383077449 
1.871347123916 
1.913174139770 
1.898895444303 
1.902977430263 
1.902977430263 
1.867407111310 
1.884677316305 
1.846418091853 
1.852014636261 
1.844721947552 
1.804606300094 
1.794769005754 
1.775915544792 
1.956108867202 
1.943164593498 
1.966114728511 
1.973235938211 
1.862393893283 
1.861564938843 
1.696141392383 
1.687954670586 
1.701636009339 
1.823419132275 
1.835797826039 
1.825161166511 
1.812215630726 
1.812215630726 
1.818842822803 
1.806932430540 
1.810600757787 
1.811220741500 
1.811220741500 
1.828854863239 
1.828982163285 
1.792752935562 
1.784694261421 
1.794510069350 
1.809493327606 
1.732910248874 
1.715049029235 
1.722358583833 
1.706157047005 
1.669456979838 
1.669119874735 
1.704344838744 
1.692243655683 
1.668881103261 
1.727205420015 
1.738830133163 
1.741992727788 
1.741992727788 
1.745952375311 
1.737141957497 
1.737683431610 
1.698708523168 
1.697139610154 
1.675627737925 
1.611523798567 
1.569146390714 
1.537106158411 
1.519848342242 
1.489352561086 
1.374729424532 
1.428372005147 
1.354894219833 
1.333395568456 
1.351771580165 
1.363723685732 
1.365723991189 
1.397151984057 
1.255140375719 
1.312916357889 
1.400982924237 
1.355913532150 
1.355913532150 
1.367026317577 
1.415390026822 
1.384242893401 
1.373497479395 
1.439679490364 
1.428335108050 
1.537282751650 
1.545434511544 
1.545434511544 
1.549560106137 
1.544882654830 
1.544882654830 
1.500982820268 
1.498601962480 
1.475078640465 
1.483277013816 
1.440669516772 
1.484151562516 
1.548040711730 
1.528130134144 
1.641260277145 
1.584557807975 
1.508887176738 
1.533693614239 
1.461832578287 
1.452798842326 
1.558186264304 
1.569540864394 
1.633022208801 
1.643385262368 
1.641807169117 
1.609992104835 
1.615221119387 
1.598359002475 
1.618666209216 
1.608446647918 
1.608446647918 
1.606808536226 
1.580831227662 
1.626569083590 
1.609004245955 
1.643627085268 
1.642636979330 
1.642636979330 
1.569573332270 
1.605143972177 
1.606983536024 
1.642448628687 
1.638874678226 
1.567191428533 
1.542469952917 
1.615905187370 
1.619991788767 
1.619991788767 
1.591500293702 
1.632587790429 
1.656273308313 
1.719970687881 
1.798681774960 
1.810816401117 
1.717395522296 
1.716580463056 
1.704647569478 
1.687851006183 
1.704492217130 
1.693535126369 
1.681488971030 
1.685959791699 
1.707342698663 
1.715521232274 
1.737245886935 
1.753146634446 
1.785727955436 
1.765421802546 
1.725208739710 
1.778394845745 
1.785192246376 
1.616152237736 
1.518677838401 
1.518636668490 
1.511369667911 
1.600808777483 
1.592558940844 
1.639384638538 
1.663580770189 
1.640237792386 
1.596605937169 
1.533502667787 
1.500646017255 
1.510395523531 
1.480858760086 
1.475551874528 
1.507924775062 
1.446247994089 
1.421633066817 
1.435453855692 
1.379564788417 
1.397604346852 
1.402826227671 
1.407198689555 
1.351209637612 
1.384115294654 
1.345732336304 
1.463054242717 
1.462580980198 
1.375611636815 
1.349222253387 
1.383463485955 
1.327205295236 
1.386421211125 
1.321061007039 
1.377839817893 
1.463156910098 
1.348278380016 
1.365499760790 
1.378747652707 
1.544798941880 
1.404349779792 
1.489169973636 
1.510959119160 
1.446683630480 
1.641059075238 
1.646751269482 
1.635623563794 
1.635547265053 
1.674358313119 
1.653704444428 
1.655724886573 
1.643918663575 
1.645939623421 
1.605070893426 
1.655844995442 
1.847916074852 
1.765959638102 
1.766724072439 
1.545544767174 
1.539220322686 
1.618631315357 
1.614210149755 
1.624597542248 
1.442105612509 
1.491938564731 
1.558383746151 
1.527586762388 
1.558233589495 
1.608528362383 
1.452807397345 
1.475175951393 
1.355856828456 
1.427691502001 
1.375963933389 
1.357319278522 
1.292177354387 
1.368873898310 
1.381792072134 
1.404246792876 
1.487231876741 
1.396868358858 
1.604159363288 
1.600990499758 
1.625507590124 
1.481076882946 
1.538333133230 
1.531488474409 
1.531488474409 
1.563847997409 
1.563847997409 
1.575615222668 
1.517967787467 
1.585201864672 
1.605190086616 
1.541334595276 
1.522762869734 
1.617005092636 
1.621542151746 
1.613354207143 
1.578421459348 
1.591348433294 
1.591348433294 
1.592805709681 
1.606185597392 
1.518467604974 
1.517901710009 
1.524178449097 
1.524178449097 
1.545317934378 
1.559054005924 
1.549249350404 
1.505973711036 
1.505816042734 
1.412164563509 
1.482734915622 
1.469234428857 
1.404978426694 
1.562072354388 
1.614298184221 
1.650060015118 
1.661477620093 
1.666010712965 
1.663729558996 
1.667645604230 
1.730664478332 
1.802950399893 
1.783199931552 
1.710541020947 
1.698301192332 
1.775694115536 
1.617807577203 
1.641466621642 
1.651205915002 
1.680102362763 
1.697069880859 
1.690995014883 
1.662890773763 
1.666668362575 
1.744147323158 
1.750645906234 
1.725776801269 
1.774513149837 
1.818872494823 
1.855923891936 
1.848693879464 
1.854007131751 
2.006504978759 
1.839011746314 
1.775491646633 
1.624416488879 
1.618839930777 
1.577692586042 
1.577664495927 
1.606097672764 
1.706846985707 
1.715814357500 
1.682325086319 
1.715568353534 
1.702914662392 
1.672140887065 
1.656841931476 
1.602917028074 
1.630921926062 
1.574237419244 
1.574237419244 
1.743716224360 
1.765816136122 
1.772932126204 
1.663229894141 
1.676638852145 
1.747720903392 
1.922053772363 
1.869062304698 
1.873438472313 
1.825444033343 
1.835262501542 
1.860900439855 
1.867802060820 
1.804619193766 
1.789682337324 
1.828959808342 
1.819289682154 
1.821839044662 
1.728398729089 
1.698114952717 
1.720527528476 
1.758758402291 
1.770315862058 
1.783184763771 
1.787921763245 
1.806560728670 
1.910656132321 
1.880426564066 
1.845834331101 
1.917142011572 
1.890631791278 
1.912873611313 
1.838289030395 
1.857041586382 
1.830239478614 
1.774932428504 
1.789254347576 
1.696923865395 
1.624335434693 
1.599738574615 
1.659260854962 
1.740574577353 
1.626184017466 
1.710757068496 
1.692212416550 
1.733933239121 
1.738709139591 
1.642769951417 
1.627419054997 
1.627402817147 
1.640442483457 
1.640832400006 
1.692845788006 
1.669039288086 
1.656702614642 
1.676656433078 
1.676610943861 
1.728233371245 
1.705397500311 
1.865891349262 
1.913626294934 
1.812789949232 
1.785088132966 
1.750585634902 
1.748461741651 
1.729260344845 
1.707163566274 
1.736998005298 
1.687007252668 
1.788616749359 
1.784727820355 
1.784727820355 
1.822861596485 
1.825205762833 
1.844656167693 
1.783584200582 
1.810982317375 
1.834948175442 
1.737422341837 
1.817150483734 
1.787302878156 
1.767551237477 
1.802215491897 
1.802426162579 
1.715029285809 
1.872164123190 
1.993014311531 
1.893367733460 
1.853476372057 
1.755060138472 
1.771408009565 
1.762966622776 
1.767483870406 
1.725361105595 
1.723371706841 
1.718530036092 
1.741300662038 
1.695445492498 
1.694679767993 
1.690861984589 
1.705663404994 
1.708333194714 
1.715700908954 
1.673751835534 
1.650447856115 
1.675443837996 
1.604201326916 
1.501387973480 
1.494230705991 
1.486707841772 
1.483756491772 
1.536345902971 
1.533107607882 
1.532117717547 
1.550424437152 
1.536613561952 
1.536613561952 
1.518011222335 
1.531693416643 
1.511465418830 
1.566058759568 
1.565112430295 
1.559873254178 
1.559873254178 
1.568069916704 
1.568069916704 
1.614685056935 
1.558764156833 
1.684602878529 
1.683439930268 
1.614460857305 
1.623614488560 
1.629306191677 
1.610404607983 
1.571588473811 
1.628675784067 
1.709727202258 
1.680154901337 
1.665808930630 
1.706072330200 
1.624604713404 
1.615278599871 
1.613029849631 
1.611115396327 
1.639411951737 
1.723582091495 
1.707286543856 
1.864686019133 
1.887506605610 
1.980150452954 
1.952349971183 
1.983746147883 
1.913328280375 
1.887936905130 
1.939187588098 
1.923418891479 
1.879808833636 
1.832774409324 
1.841851624856 
1.915420172367 
1.860429612179 
1.869087498656 
1.835555596379 
1.835555596379 
1.840058458687 
1.813668399208 
1.798449553102 
1.780394963520 
1.780394963520 
1.756051233030 
1.706281039741 
1.665233984445 
1.647486233892 
1.644220410798 
1.657800974123 
1.648727137274 
1.689589622033 
1.611192917329 
1.544639940397 
1.510765898152 
1.571564585902 
1.576761128758 
1.523747391590 
1.501463546572 
1.560885607079 
1.478796959398 
1.539512898109 
1.527249696289 
1.535953123796 
1.551682201393 
1.509441582127 
1.493027799454 
1.503894674069 
1.491711313189 
1.520359110122 
1.507138133770 
1.533555718508 
1.526776538886 
1.502622323520 
1.499283442935 
1.486831468584 
1.521138567637 
1.520585262391 
1.534763203609 
1.535434175640 
1.462173561789 
1.515512571996 
1.584468060036 
1.582611585952 
1.564070765525 
1.597977595571 
1.544430857615 
1.584233675825 
1.558260368056 
1.652881065128 
1.677076380183 
1.675286825426 
1.552270971804 
1.549241433383 
1.568954476628 
1.580712732185 
1.605537381664 
1.590943540506 
1.606357594715 
1.633297974386 
1.646580827368 
1.671606563321 
1.669691289591 
1.686928124327 
1.759580402759 
1.785032998554 
1.769782721019 
1.750164013582 
1.788192954297 
1.807553592124 
1.748832807350 
1.733320321807 
1.729891644337 
1.702811957197 
1.720308924097 
1.720182598323 
1.674770861723 
1.727088346415 
1.676642280970 
1.738615055067 
1.716918444584 
1.737851438554 
1.750832253910 
1.743567579879 
1.729521018651 
1.732274048197 
1.730939027716 
1.825374894134 
1.835286203318 
1.827724556751 
1.835983840802 
1.780580152374 
1.775376701836 
1.737682990238 
1.864560889700 
1.854791036792 
1.856739496517 
1.756542951294 
1.773228504253 
1.769376866464 
1.797816802993 
1.963093194386 
1.994287306725 
2.033057760157 
1.966351448852 
2.046568872444 
2.051275015966 
2.104446248905 
1.931827766720 
1.940356716753 
1.897762194143 
1.921266718917 
1.951499737068 
1.925596582675 
1.918415877256 
1.923923387262 
1.898580141007 
1.897921581342 
1.899738816322 
1.866832531784 
1.850751333179 
1.789138846869 
1.802186814434 
1.837732016919 
1.847425104199 
1.773350137491 
1.694158766381 
1.664281181740 
1.617698996797 
1.614097554523 
1.617091930020 
1.605209825552 
1.684138520137 
1.647322119280 
1.578564822536 
1.627381606968 
1.629734838718 
1.613738416341 
1.723360706444 
1.723360706444 
1.742794181471 
1.752553221029 
1.765161851261 
1.772125658259 
1.720185720575 
1.717410248231 
1.730145483245 
1.714621650086 
1.590798570465 
1.641200544458 
1.717712490052 
1.749799334475 
1.742240412206 
1.711127989501 
1.673875846418 
1.669080023725 
1.563205686353 
1.643510855407 
1.637090154385 
1.599347399485 
1.671435902691 
1.577872252424 
1.603920141598 
1.641888793114 
1.719566853409 
1.673820586822 
1.674574433966 
1.674114175383 
1.668805549339 
1.673271380253 
1.653478084699 
1.657863595970 
1.624986491239 
1.643285212027 
1.654473804256 
1.650543885998 
1.634058017308 
1.656810929841 
1.567044913547 
1.547957032493 
1.511911045521 
1.533413232977 
1.529506414726 
1.555825597814 
1.627132199128 
1.635811703605 
1.636893296767 
1.656381009577 
1.661931069882 
1.661940987823 
1.646474628688 
1.637539426909 
1.576447525961 
1.567055766931 
1.594187166707 
1.394439905231 
1.401410611556 
1.370441320278 
1.538207848557 
1.526844869031 
1.503090979134 
1.558725794637 
1.609445661058 
1.698176526985 
1.664998719962 
1.622461547359 
1.720989364645 
1.691141269599 
1.525829740732 
1.509768812985 
1.550418984276 
1.509466119030 
1.615181330299 
1.762640549724 
1.735600021479 
1.693975873321 
1.644963156354 
1.618986799114 
1.628476880942 
1.623633371013 
1.605417366228 
1.620287791302 
1.590479484599 
1.701881667532 
1.688538423156 
1.687621305713 
1.713374108786 
1.815576283226 
1.727822732075 
1.749569473922 
1.767170179870 
1.803623302044 
1.759762475079 
1.808856691381 
1.726329246626 
1.845682806294 
1.731857947084 
1.701374501614 
1.700518641269 
1.716130736940 
1.639236690433 
1.602698285726 
1.652413207280 
1.650070343512 
1.663517079576 
1.608964048384 
1.590592747168 
1.493578136253 
1.489056074385 
1.433767177479 
1.471104187754 
1.519502130256 
1.583550432757 
1.645433700955 
1.590590111024 
1.543478843193 
1.536536222209 
1.614430157504 
1.624991848742 
1.638213372689 
1.632382841118 
1.635377893274 
1.665780439991 
1.683742472253 
1.696690500568 
1.695616627198 
1.674555093530 
1.674555093530 
1.675052588307 
1.707564956954 
1.742489447140 
1.768487506206 
1.803346131575 
1.787949900185 
1.827267038610 
1.840232440650 
1.833434330068 
1.799722781176 
1.832606424712 
1.829266187661 
1.867086300755 
1.910908275376 
1.928400362134 
1.871944273690 
1.821468799577 
1.842823245314 
1.842823245314 
1.898680684695 
1.917512114620 
1.851759905491 
1.839147093176 
1.839147093176 
1.837576322036 
1.859332749340 
1.913675536807 
1.899490889035 
1.853124284062 
1.880505448951 
1.853576225116 
1.893315038463 
1.896078296637 
1.851446753014 
1.851011850213 
1.855697147448 
1.878582428895 
1.896775753543 
1.893565858157 
1.898150098942 
1.904798591250 
1.904798591250 
2.017645755664 
1.956685883190 
1.866781480506 
1.951414861041 
1.990672836194 
1.751832414283 
1.754890566756 
1.719236036618 
1.694604747595 
1.667258891404 
1.683151382628 
1.613741813215 
1.648909792898 
1.665718169211 
1.642043057691 
1.621580456330 
1.621417352313 
1.620403007495 
1.611659189057 
1.674064902808 
1.742155174402 
1.738203993835 
1.723868197789 
1.717049921843 
1.716840263321 
1.684473602629 
1.666485940105 
1.673614401859 
1.672236338340 
1.672298200508 
1.595480007269 
1.626732159748 
1.739150822077 
1.827502010569 
1.842818322589 
1.844710067903 
1.885259610592 
1.892377331794 
1.903334404939 
1.881073563933 
1.891118143421 
1.884657047675 
1.933785733636 
1.935304192960 
1.883978267817 
1.778457942339 
1.869702443003 
1.787101823948 
1.723400484041 
1.761125819778 
1.740825092766 
1.688948337024 
1.670907615545 
1.664358099818 
1.713109894977 
1.653851601151 
1.642376729865 
1.632915514623 
1.570919778203 
1.625556333521 
1.635400619466 
1.612462531506 
1.668371722026 
1.625584745806 
1.618943768426 
1.594053487511 
1.562174886195 
1.574449933091 
1.641346069716 
1.659735930417 
1.652961218435 
1.672581594827 
1.716908448756 
1.697453858748 
1.685143477002 
1.719490661689 
1.698252601206 
1.653147396809 
1.636148993485 
1.677257249744 
1.735594569673 
1.726389960407 
1.735498693924 
1.771805663991 
1.754583306576 
1.737692736716 
1.734718122310 
1.761649451488 
1.759978561633 
1.758844094052 
1.723576329939 
1.723576329939 
1.733053700490 
1.695126135984 
1.727164091253 
1.738553941737 
1.740262984031 
1.699671465663 
1.644324976305 
1.655635442407 
1.682270519439 
1.708826824043 
1.747250216416 
1.705471063674 
1.674800649890 
1.711615485892 
1.761661737161 
1.744558673180 
1.747444503293 
1.781326937278 
1.750718608526 
1.707513085329 
1.725778061922 
1.744883173166 
1.790265398089 
1.774600655176 
1.697416787277 
1.632576991398 
1.654043733168 
1.699172395387 
1.725204857930 
1.714248819981 
1.688128680275 
1.701262664596 
1.700779882147 
1.696809052975 
1.720801523792 
1.688054807695 
1.716596469424 
1.742328467188 
1.665433105709 
1.782115780500 
1.745343030432 
1.745160959081 
1.740404309011 
1.689099170667 
1.614814681923 
1.605971363589 
1.619186041736 
1.623800741543 
1.590847037843 
1.576800177482 
1.558476073720 
1.540859494407 
1.620663166949 
1.689634716702 
1.702005419626 
1.729412322820 
1.719988404633 
1.722996033875 
1.793027509234 
1.776131481185 
1.827067788418 
1.768942632928 
1.738152949850 
1.773107626784 
1.815466933331 
1.844538567954 
1.819918120117 
1.832844244617 
1.874156674069 
1.818035425135 
1.816250784073 
1.868649468980 
1.762942193818 
1.744393520999 
1.731643474082 
1.617897177536 
1.574900670411 
1.608409064989 
1.529000398921 
1.546346731981 
1.571487892110 
1.545821209848 
1.563613846603 
1.516975274967 
1.459664450357 
1.503608893628 
1.809528710686 
1.812383973512 
1.821513354734 
1.821321243025 
1.832288947258 
1.832453221141 
1.835504341952 
1.787483586474 
1.818523492777 
1.823412914700 
1.818154554350 
1.833403462767 
1.901078086346 
1.901078086346 
1.939056373981 
1.952033781934 
1.939863394829 
1.955333397544 
1.939055297023 
1.937684070778 
1.892444399092 
1.863410215975 
1.805694134421 
1.838106056153 
1.787806442810 
1.818529612361 
1.831936554832 
1.777679022145 
1.745449007246 
1.763674810481 
1.801434479037 
1.783458773819 
1.777175041379 
1.757643115128 
1.788240283998 
1.773421738254 
1.716386077836 
1.728631670819 
1.716364082565 
1.756090984603 
1.712225053314 
1.704936652866 
1.775475389863 
1.693005771122 
1.667876980385 
1.659316041402 
1.655749251965 
1.648583077493 
1.642517432816 
1.618334148765 
1.611224006625 
1.561828848452 
1.569619393362 
1.520012411930 
1.608612942317 
1.592906038557 
1.594550540913 
1.611719267991 
1.620527401259 
1.632997897950 
1.660012155798 
1.667390774915 
1.674666987961 
1.665006855678 
1.688050011274 
1.821378083853 
1.864085383080 
1.866204631552 
1.848000301175 
1.824475130199 
1.836237362324 
1.836354986558 
1.811659082279 
1.792761481612 
1.788465444078 
1.823672468976 
1.851055866167 
1.803020271053 
1.797017213655 
1.790937596618 
1.658644868776 
1.658855971495 
1.485196257161 
1.483381929499 
1.486865488804 
1.486865488804 
1.453517645651 
1.413001097148 
1.440408764280 
1.455640556604 
1.488890380820 
1.437347696206 
1.598089454969 
1.653756608559 
1.682410102616 
1.740591793115 
1.795806763711 
1.719949722188 
1.715847399567 
1.711471058445 
1.607110579367 
1.634828656211 
1.739366778836 
1.760749649395 
1.769975720971 
1.787089752700 
1.792027510450 
1.720926105942 
1.669455425987 
1.674444153898 
1.675606162361 
1.653840347456 
1.663256510129 
1.689711662860 
1.749300418151 
1.805721106380 
1.821500547198 
1.824038397620 
1.806218633688 
1.888920651070 
1.799311214210 
1.798756320062 
1.776032863016 
1.640264224594 
1.580240912195 
1.599439236292 
1.649883729849 
1.659123093832 
1.669009266445 
1.738128809883 
1.798707178702 
1.782441515853 
1.759023967865 
1.791311663619 
1.903668979498 
1.997938491504 
1.970682595501 
1.915077103176 
1.974431353002 
1.798313736334 
1.881778236394 
1.828323719913 
1.768977535756 
1.627146455836 
1.608586057985 
1.641312377455 
1.648505191953 
1.632828405030 
1.635202867641 
1.569271470352 
1.543484943343 
1.517399361724 
1.529330539595 
1.492921301182 
1.496328759546 
1.477168553806 
1.514645709724 
1.581146137558 
1.422698275677 
1.469148517426 
1.434543786066 
1.446283090260 
1.363187358837 
1.431580904973 
1.567816289116 
1.567816289116 
1.550142936295 
1.545497699949 
1.497248998418 
1.587868277571 
1.527532318782 
1.525583919465 
1.565542757898 
1.569372625741 
1.579084168999 
1.581453953576 
1.546786154952 
1.507522409895 
1.549864948220 
1.523856993838 
1.649497281893 
1.692987510368 
1.864113243684 
1.746471055204 
1.740387537436 
1.657418141873 
1.678177193843 
1.671574608060 
1.749177240964 
1.683371561046 
1.684244456194 
1.681495421175 
1.841306840128 
1.828049393960 
1.817464046141 
1.871571987890 
1.834785438582 
1.905310010156 
1.858713032282 
1.850551777480 
1.846517964516 
1.815602998922 
1.817692604814 
1.816884261535 
1.848888217260 
2.009578236885 
1.904567508217 
1.916920697060 
1.908140645014 
1.907975450428 
1.921670782449 
1.958254194018 
1.953941057389 
1.923149706887 
1.965950521269 
1.961663077250 
1.940858419932 
1.881999111387 
1.917316821267 
1.913688993062 
1.978543485120 
2.043158918738 
2.060440185314 
2.073664034824 
1.986872603119 
1.949777050625 
1.955484364624 
1.954220991661 
2.062207970299 
1.933623957784 
1.939137553289 
2.005756011701 
1.993606469427 
1.993606469427 
1.995311693781 
2.014828036212 
1.895947847023 
1.939522966655 
1.935106369858 
1.958293707287 
1.963030047275 
1.939061250699 
2.024502124508 
2.030752976100 
1.977603535558 
2.026281620753 
1.945625481780 
2.002001862098 
1.828450361212 
1.779285049833 
1.810833733217 
1.795519930808 
1.768127699853 
1.778188528483 
1.842319994987 
1.848815479803 
1.689789203051 
1.659285431976 
1.630405525967 
1.644934748454 
1.637513627977 
1.628710156029 
1.628319181581 
1.549980856928 
1.568733601925 
1.527453572034 
1.518757184199 
1.472221252697 
1.532573400257 
1.678411593542 
1.655501860266 
1.655514966588 
1.690063259894 
1.675392272999 
1.639812944026 
1.591917214537 
1.581466245615 
1.627943232931 
1.571848653444 
1.602333689253 
1.524989763357 
1.547582553804 
1.499373792678 
1.530302013311 
1.492444251607 
1.528409320601 
1.494026205618 
1.567067257228 
1.489490483429 
1.502588162651 
1.478985427992 
1.490541677958 
1.496400031981 
1.455600630558 
1.505662209720 
1.504764135269 
1.495407288743 
1.508759827494 
1.702449898648 
1.724400906747 
1.713243746649 
1.704489773478 
1.705631813670 
1.666171502734 
1.661737483376 
1.728619182650 
1.735653922665 
1.682016558494 
1.668918561698 
1.678334972149 
1.646573558277 
1.627574152256 
1.594103639807 
1.613083175743 
1.549909833768 
1.572381887674 
1.587873261388 
1.583499161283 
1.588022291459 
1.753658460721 
1.688231566257 
1.693215813727 
1.588091896987 
1.662594583509 
1.650450909052 
1.685879456819 
1.682574897837 
1.627391034100 
1.492120233180 
1.520665684563 
1.514671483480 
1.547879114594 
1.589098529249 
1.548835798586 
1.629046583432 
1.620472124318 
1.643546456939 
1.675279076836 
1.674181724369 
1.670932188490 
1.748569440476 
1.632935240231 
1.581698970606 
1.640611139886 
1.798006392979 
1.797056125865 
1.781802937039 
1.799322225005 
1.888083327153 
1.729013846022 
1.740688703811 
1.740418873264 
1.753190955983 
1.761363197067 
1.778333472803 
1.838044611372 
1.780771924563 
1.882987982729 
1.890248608582 
1.935991028395 
1.890866474910 
1.730780505376 
1.707253351381 
1.710152464307 
1.737028007158 
1.752692743924 
1.716377075878 
1.709517337811 
1.684702691432 
1.634037939042 
1.443402704642 
1.455046939123 
1.352028017600 
1.289461245785 
1.357548634092 
1.243179490996 
1.310623929310 
1.375848942101 
1.435562907562 
1.393498048308 
1.358299247315 
1.469114710323 
1.385863056370 
1.397130606025 
1.546559848477 
1.526747809280 
1.445512402358 
1.536096720623 
1.536096720623 
1.595830020804 
1.686934497248 
1.684210000098 
1.677627349330 
1.673331920963 
1.657010522515 
1.661908799705 
1.826906596799 
1.802444399835 
1.811479486102 
1.791741481569 
1.803687513490 
1.782366287054 
1.769090894345 
1.818962868048 
1.825138469985 
1.704361694557 
1.805278627153 
1.777691628780 
1.798889361815 
1.896334279924 
1.851053071650 
1.789713422369 
1.840333695373 
1.802591024127 
1.812579951011 
1.803124881363 
1.751040741817 
1.764212880526 
1.646447714235 
1.680323395634 
1.551537246426 
1.647422577263 
1.658514982908 
1.627116631616 
1.646409088917 
1.730896976151 
1.795433135453 
1.717507866103 
1.770270689924 
1.807412324083 
1.866663030734 
1.696392866228 
1.686274265414 
1.653137584666 
1.672341040443 
1.729903925673 
1.740908484232 
1.720092309352 
1.724195690721 
1.716056641919 
1.698327210710 
1.689101422552 
1.675299126672 
1.703720137088 
1.802745813431 
1.823792864962 
1.827224886770 
1.814453209098 
1.861656460520 
1.868620499187 
1.898302957397 
1.919975963575 
1.869831240317 
1.927486832432 
1.792382921622 
1.813828884980 
1.741035449554 
1.715804313199 
1.716791904554 
1.549538811335 
1.540812930238 
1.565226051191 
1.516055038419 
1.526544717404 
1.511463800065 
1.502038945755 
1.497886257166 
1.494263907429 
1.523340311477 
1.413354156103 
1.356934439523 
1.335103032359 
1.328213535741 
1.328213535741 
1.359443966100 
1.407049286042 
1.405323588887 
1.419710540776 
1.396379943889 
1.301757317861 
1.381605183607 
1.402641582932 
1.339788345445 
1.394230344768 
1.376070092064 
1.394766287288 
1.444460807258 
1.435005679733 
1.397980176557 
1.470826501794 
1.469117872957 
1.453185095928 
1.490335314237 
1.557212460564 
1.600215650179 
1.590298889188 
1.524550572385 
1.487821880966 
1.429359597635 
1.453387785731 
1.411319844422 
1.374244036373 
1.386646083833 
1.379603284112 
1.419033385306 
1.430518142876 
1.379857288599 
1.443970242726 
1.443970242726 
1.425890207917 
1.467616765149 
1.488874821074 
1.466667037447 
1.507156910218 
1.490988964840 
1.483309689182 
1.489061813305 
1.503627350680 
1.500431547101 
1.426772272822 
1.435453323085 
1.428524881087 
1.370378374445 
1.347691627483 
1.480274730134 
1.516007055520 
1.578955337904 
1.571677124049 
1.551749357013 
1.476763475335 
1.528883036833 
1.507253154145 
1.478690193621 
1.474436587399 
1.437711810222 
1.494793572195 
1.408900386677 
1.381296201583 
1.367494895063 
1.332014440988 
1.346496740416 
1.356756141698 
1.261577843696 
1.414275861611 
1.375081878638 
1.364564618274 
1.346009021968 
1.462207378890 
1.484883212622 
1.532805521183 
1.564505640398 
1.535100605609 
1.575265796124 
1.945975566424 
1.880864386530 
1.977658022005 
1.904127825686 
1.874240447440 
1.928956681356 
1.866610840451 
1.786004039905 
1.833971695856 
1.801449867914 
1.835967165077 
1.805289627328 
1.795741269899 
1.795884166522 
1.789370239973 
1.758090701930 
1.757858935658 
1.783876439412 
1.793938350632 
1.789144551865 
1.783908053283 
1.764711683201 
1.755362794118 
1.725303920077 
1.604744194170 
1.621223686946 
1.621641684636 
1.622536861290 
1.622865209128 
1.630824071710 
1.699677393380 
1.687417964120 
1.719912996732 
1.743657832400 
1.728195196249 
1.659756779641 
1.663630984814 
1.653488391601 
1.690312980782 
1.705722432706 
1.649739963667 
1.670102031511 
1.615570031356 
1.613666332266 
1.621276790294 
1.635999490478 
1.612576326811 
1.640527464244 
1.604884239331 
1.604884239331 
1.604884239331 
1.604884239331 
1.604884239331 
1.593210864704 
1.589403527900 
1.610086288927 
1.610764363280 
1.582200003891 
1.597705241560 
1.597957512125 
1.719839567181 
1.739298617371 
1.673808618091 
1.499761210407 
1.698842353272 
1.662289857573 
1.657014844496 
1.614475322033 
1.495258293480 
1.532521154162 
1.499293565387 
1.538695610328 
1.556051141149 
1.590773986208 
1.534728931005 
1.484959503211 
1.595984150766 
1.546574114835 
1.507578271444 
1.535510251188 
1.557693751777 
1.522154540947 
1.527435698764 
1.496903593311 
1.491710404533 
1.569091226710 
1.558724538637 
1.647456330132 
1.633676414568 
1.598679982163 
1.749639588068 
1.720187255620 
1.728723826693 
1.709216977243 
1.838773092628 
1.826908723960 
1.775820295533 
1.829733738145 
1.860164679945 
1.837891361529 
1.842906082323 
1.855073947064 
1.910997576764 
1.844879561125 
1.895954155720 
1.878358923043 
1.863703158037 
1.887020556114 
1.885431631649 
1.940806294243 
1.992464580763 
1.972941561389 
1.912628637515 
1.914242348891 
1.786068388691 
1.681578942597 
1.766551181965 
1.812584831392 
1.797208268391 
1.738527960645 
1.623043054030 
1.606087465391 
1.526277505685 
1.509525625482 
1.492753457120 
1.516888466829 
1.478556001566 
1.499233843707 
1.497122476885 
1.436186629974 
1.443817039678 
1.549358198175 
1.664969038694 
1.663883190442 
1.709264559199 
1.708287042709 
1.727218009176 
1.776540676573 
1.844229104396 
1.952041913477 
1.936260645150 
1.927727734269 
1.991976635085 
1.925954658065 
1.920765011138 
2.002242924066 
1.949965267936 
1.948899485891 
1.885583573726 
1.720986234898 
1.667456888683 
1.680609438892 
1.680609438892 
1.665734302363 
1.594665388979 
1.598708590214 
1.611347476430 
1.615382695604 
1.635253168503 
1.635253168503 
1.617451848400 
1.586654997261 
1.575895405381 
1.494668323825 
1.570847956201 
1.559320301196 
1.571281996440 
1.585910374929 
1.560386722426 
1.611950545926 
1.494079346119 
1.636541383459 
1.611393119314 
1.643965351314 
1.756032630842 
1.719696317853 
1.749045682341 
1.753365880754 
1.702572778251 
1.676899837851 
1.682725015939 
1.752591328690 
1.737389632225 
1.738063289099 
1.764581641853 
1.769049620166 
1.776537257063 
1.798929023226 
1.557233513952 
1.630238568535 
1.634030927576 
1.702211418817 
1.609719081396 
1.585177983028 
1.577980178520 
1.575980194251 
1.524911221744 
1.547343835980 
1.552802790171 
1.590672667322 
1.576806511195 
1.612113560310 
1.454403761186 
1.507416279206 
1.516407456270 
1.432875397695 
1.496953937122 
1.437618965591 
1.478679330126 
1.467126609581 
1.482925140995 
1.522844184810 
1.521045473937 
1.662289273015 
1.662289273015 
1.728750099661 
1.708207198220 
1.671551089637 
1.659545533321 
1.659594125617 
1.687560674542 
1.667982983746 
1.669475256266 
1.696715512834 
1.617014464438 
1.594266956908 
1.590797957332 
1.609097343701 
1.640590077640 
1.700668366507 
1.652635724232 
1.685424122971 
1.688682945277 
1.475630413509 
1.531431672794 
1.536609987836 
1.539709641467 
1.588484424216 
1.619803290831 
1.688681417669 
1.684918516028 
1.621711551972 
1.716290251716 
1.763304404100 
1.621277487899 
1.635097938008 
1.640594149390 
1.626563992534 
1.627939271386 
1.655179778820 
1.657868511648 
1.695843718021 
1.661649248904 
1.645037139366 
1.657749180685 
1.624469316807 
1.615739971689 
1.623420705625 
1.643010027536 
1.646971271420 
1.653158036896 
1.648714408283 
1.638097607512 
1.634797367027 
1.630119063716 
1.661340020907 
1.646055076428 
1.598944731135 
1.616334966696 
1.630089640721 
1.644794765701 
1.584598372205 
1.564817562454 
1.576581745366 
1.622574778732 
1.658564237457 
1.678384093446 
1.646846844758 
1.644312504709 
1.699332456120 
1.876143290011 
1.862680052903 
1.455079453713 
1.481203047372 
1.449663695740 
1.512773135451 
1.570596628518 
1.644813840196 
1.666123795065 
1.613935612670 
1.576959833613 
1.620810906951 
1.607854243731 
1.629219596943 
1.640753174187 
1.635164084450 
1.600880378048 
1.604733486115 
1.577456301660 
1.568918741013 
1.552817189499 
1.627767109434 
1.587646650814 
1.632336804880 
1.627160755871 
1.624362261061 
1.575764660314 
1.491485574830 
1.479197949973 
1.476002346441 
1.493769351358 
1.479649230180 
1.535900033377 
1.554985504674 
1.578271540121 
1.570321857673 
1.592549541884 
1.507365364250 
1.543934243240 
1.555263597007 
1.501649482920 
1.518996941509 
1.525605351127 
1.568783328575 
1.471497896798 
1.567123351690 
1.504710664297 
1.550735190794 
1.533895212735 
1.513590925097 
1.428311469690 
1.421139340290 
1.381536662091 
1.420664069467 
1.339884106214 
1.368299536927 
1.370921201282 
1.437347702304 
1.395852482678 
1.505990486181 
1.546340729013 
1.596001701599 
1.534671410233 
1.536277722795 
1.515205606722 
1.543028360391 
1.543676102105 
1.504916894649 
1.492016585207 
1.504032632025 
1.467780367359 
1.498097811264 
1.427658795277 
1.443939654272 
1.477536936649 
1.241080771389 
1.342067135688 
1.493583969964 
1.485391240877 
1.426378170869 
1.416072913407 
1.427462754777 
1.456557116831 
1.423250534204 
1.421715828433 
1.382560515875 
1.406021796190 
1.395442216205 
1.412485574039 
1.435359186152 
1.406635664750 
1.409903781764 
1.458451705600 
1.459182256543 
1.459182256543 
1.459182256543 
2.074875166188 
2.032005276842 
1.990108912418 
2.009761901560 
1.968688365318 
1.946085461348 
1.909308139435 
1.906705738491 
1.975725362567 
1.829775219361 
1.828779203402 
1.817343563518 
1.727922298212 
1.610110215685 
1.617748938981 
1.836435158396 
1.801356836967 
1.786434409938 
1.849496010060 
1.849496010060 
1.844754616714 
1.806317526337 
1.940203616214 
1.846335893432 
1.846461503728 
1.866067530133 
1.975528301060 
1.935952210716 
1.916720784294 
1.933753739437 
1.961885517746 
1.936011447503 
1.945553845827 
1.908196987001 
1.975458124341 
2.047919073856 
2.031137401413 
1.986376259753 
1.976242899039 
2.005202674502 
2.008013267701 
1.960387065639 
1.988545656883 
2.013890193295 
1.950593737000 
1.955304381973 
1.989354785865 
2.013781186960 
2.019491697440 
2.001808051622 
1.959674193840 
2.054804011989 
2.088166532636 
2.054683713570 
2.055663887844 
2.082775651659 
2.091501157716 
2.075316879316 
2.081277968306 
2.081277968306 
2.081277968306 
2.068929031326 
2.154929204235 
2.184692609692 
2.119134905796 
2.086687822162 
2.147375130039 
2.132702342457 
2.125707101205 
2.121711753756 
2.121711753756 
2.136069167335 
2.131628893856 
2.130840158327 
2.130840158327 
2.085486048080 
2.130355719984 
2.215904392403 
2.215904392403 
2.205409840016 
2.199071314267 
2.190602505128 
2.221015090452 
2.221015090452 
2.332443177907 
2.175892089126 
2.106717435005 
1.982317270925 
2.056389684465 
1.992385600104 
1.995679413250 
1.984131948735 
1.940059624883 
1.958558405429 
1.843133603374 
2.098409152859 
1.915777444514 
1.915777444514 
1.724151877249 
1.633653544483 
1.638451326261 
1.660048247746 
1.696050797581 
1.652813555704 
1.651817239791 
1.649113003242 
1.671160502692 
1.692104248959 
1.790500538053 
1.619113866105 
1.650279533509 
1.734079421148 
1.733474479977 
1.785524471857 
1.787923968471 
1.788545839066 
1.754099356284 
1.704244956622 
1.712580342558 
1.674159259337 
1.677993393058 
1.674390612527 
1.631005684874 
1.655749185740 
1.661192206364 
1.652598343134 
1.639501303601 
1.645115020351 
1.568853876711 
1.577755789978 
1.613949209325 
1.658304789634 
1.656286993623 
1.661827839224 
1.653867865231 
1.655111724427 
1.644132076334 
1.581106090671 
1.541685705125 
1.475072442746 
1.371733352796 
1.368935168851 
1.392083611769 
1.538848717918 
1.547880640967 
1.511627580246 
1.440033902070 
1.524577700606 
1.524370896002 
1.464032752797 
1.424480994242 
1.437719837304 
1.358516636132 
1.369534210191 
1.425910421255 
1.456349241143 
1.312360672336 
1.326047693067 
1.311700206211 
1.290762083257 
1.377074670618 
1.281308498820 
1.367809099915 
1.308446628483 
1.446050982842 
1.568634151245 
1.596323126105 
1.481871559664 
1.528827761198 
1.400587350194 
1.386468280428 
1.367304508240 
1.313498144004 
1.295169109069 
1.492817907970 
1.548307177924 
1.550269041787 
1.650366975169 
1.588521350603 
1.589205443042 
1.611525779836 
1.591978415419 
1.680851022955 
1.682073778495 
1.731051239292 
1.735657331011 
1.762025937892 
1.838589203764 
1.858066453446 
1.874080572312 
1.921275632238 
1.906562991070 
1.901299170842 
1.982262835359 
1.977242781856 
1.936333625361 
1.968480926426 
1.879411934521 
1.928121977592 
1.958232966806 
1.958012279076 
2.040429323415 
1.892282834336 
1.921007869746 
1.790004886518 
1.818803078924 
1.836470740954 
1.753756015582 
1.654097115228 
1.689298588932 
1.678365860584 
1.694788355424 
1.701209019575 
1.672762723846 
1.636757187034 
1.711213113775 
1.709977383170 
1.652023697040 
1.640866196304 
1.769093854239 
1.755674494995 
1.750609422021 
1.765183485097 
1.771484204015 
1.746615138032 
1.745243294966 
1.784234300043 
1.744747018480 
1.750882886022 
1.772980060534 
1.763024628163 
1.696385968496 
1.765217166363 
1.613631159870 
1.630858548626 
1.658834503825 
1.680182815143 
1.678492776139 
1.671699816608 
1.644713111236 
1.648196983711 
1.713622312292 
1.686057668018 
1.668284695387 
1.670929558316 
1.683272140863 
1.683272140863 
1.684068701553 
1.591112599932 
1.687114033043 
1.664439562723 
1.722093762860 
1.677245119851 
1.735584269056 
1.746618003719 
1.716163881835 
1.689886384799 
1.669705326296 
1.658849982555 
1.659975005233 
1.670626666500 
1.665733846330 
1.681390050549 
1.774726313096 
1.774726313096 
1.781794581854 
1.829720089283 
1.864664827016 
1.879457119605 
1.871914436311 
1.874333992605 
1.824957740650 
1.851061741051 
1.841852396202 
1.953036953179 
1.916616958367 
1.931608799769 
1.892412586969 
1.879399590235 
1.853877983510 
1.877811493076 
2.037640434668 
1.824305732619 
1.839536231297 
1.849099006769 
1.872584258359 
1.878107310419 
1.881197884352 
1.861923834566 
1.827226200881 
1.831397685714 
1.774670647252 
1.800621676199 
1.791819484846 
1.794108200089 
1.791888222816 
1.870924854874 
1.879090259128 
1.881725455507 
1.853880960721 
1.853880960721 
1.825676225164 
1.838043397859 
1.785509486023 
1.810779005268 
1.809454231386 
1.831983748319 
1.759388604269 
1.716793169229 
1.672062973576 
1.673215946323 
1.758779024387 
1.752055389096 
1.749256334501 
1.739258563139 
1.761597169157 
1.740567572899 
1.767114838052 
1.770699603896 
1.832694940068 
1.822289737289 
1.824103655128 
1.757608457701 
1.873457502415 
1.809829777233 
1.807642329402 
1.791238323397 
1.844984431911 
2.136465338470 
2.096795466856 
2.042282249066 
1.995124178937 
1.979853435114 
2.141536168779 
2.138361605216 
2.124837306675 
2.176083826153 
2.172560865222 
2.055805618441 
2.058193230524 
2.024342009929 
1.966616706127 
1.966616706127 
2.020510618529 
1.948847555794 
1.969825473723 
1.925569928929 
1.908090766721 
1.932470610917 
1.944889026065 
1.912720217022 
1.898957990902 
2.073356426667 
1.936742419943 
1.863127786891 
1.893573876884 
1.928024597745 
2.042812876468 
1.899518846623 
1.802454852669 
1.846907387027 
1.936595116014 
1.893011462914 
1.909760904933 
1.897541270371 
1.939632599181 
1.909066598046 
1.859714895994 
1.999197467847 
1.970816434983 
1.926937090061 
2.275810448100 
2.197532503247 
2.101093572860 
2.236755274433 
2.132471582135 
1.543130094261 
1.570488957944 
1.439434696984 
1.502310296197 
1.538999250370 
1.518153136383 
1.574080535930 
1.566195738078 
1.562365383334 
1.618617014853 
1.604507193423 
1.696341594390 
1.615152999008 
1.635878748797 
1.684647410418 
1.675288466693 
1.689765517080 
1.683632841836 
1.752390882118 
1.754184701588 
1.729879225299 
1.754032642375 
1.815381752140 
1.798166155861 
1.816837904520 
1.822497425028 
1.816849880211 
1.824508330659 
1.797702907311 
1.812409641982 
1.795336670481 
1.797507153602 
1.799352006937 
1.793621339184 
1.658990318239 
1.658378825310 
1.676774612978 
1.680754778960 
1.669388648536 
1.660863734796 
1.687842234837 
1.740221804442 
1.712354584032 
1.713316401774 
1.678003077747 
1.632197949054 
1.656581160379 
1.829601965853 
1.943429844055 
1.931593165473 
1.932482119407 
1.881532470543 
1.807540893213 
1.805371921388 
1.836220142006 
1.875195633762 
1.872674480364 
1.901300910414 
1.848612270957 
1.903087957849 
1.857133267700 
1.869900113700 
1.923183715487 
1.949933921379 
1.959878071040 
2.101640453670 
2.005170597026 
2.001874890385 
2.025389826712 
2.027224760222 
2.027224760222 
2.027224760222 
2.031267627838 
2.066274853434 
1.965766449809 
1.998245759426 
1.971986282281 
1.988417179245 
2.033470083272 
1.938575482076 
1.981619466755 
1.966888368372 
1.890168312077 
1.890168312077 
1.904047348411 
1.904047348411 
1.880740614754 
1.869632469313 
1.811955780853 
1.819535549642 
1.830738565136 
1.832230566832 
1.831883808275 
1.828758807132 
1.666934025952 
1.643263409048 
1.600002138374 
1.606099949060 
1.567981555495 
1.625679387235 
1.621380680853 
1.540166800797 
1.577708262053 
1.600270413600 
1.592916268454 
1.515518498187 
1.548722779175 
1.577614967915 
1.626744460199 
1.733672870819 
1.728244149929 
1.656024828992 
1.727238161729 
1.782413444051 
1.809244556866 
1.924899813604 
1.876209593474 
1.876209593474 
1.832241188069 
2.045325858937 
2.133103692817 
1.992490574868 
1.981967845505 
1.922251052774 
1.874218049349 
1.873300095486 
1.922000610426 
1.944518074582 
1.899278416456 
1.924579308878 
1.899093134833 
1.890299097397 
1.946584977312 
1.974310068401 
1.950328741245 
1.860733491809 
1.896068984534 
1.828921276180 
1.738288640411 
1.739111976178 
1.725898982187 
1.738800526451 
1.707472450594 
1.710232668302 
1.751677237694 
1.802869583278 
1.723577989360 
1.852226909730 
1.716487402481 
1.720379823580 
1.726641157133 
1.713516770218 
1.703096679764 
1.630455479365 
1.632545044409 
1.618836988494 
1.660406836248 
1.623822020769 
1.538801530833 
1.549518876255 
1.525737708777 
1.491407451729 
1.456881339491 
1.467235715318 
1.512760885950 
1.513728776175 
1.551316314913 
1.616476754652 
1.635537929263 
1.599086305502 
1.632133688531 
1.585384119409 
1.620889173130 
1.730244335169 
1.692876327002 
1.717831475156 
1.662932364678 
1.660999003457 
1.667361121136 
1.620361393815 
1.647298885240 
1.628635986688 
1.594171307703 
1.683784157392 
1.700284598323 
1.687705627336 
1.688695590548 
1.609535349795 
2.031435691472 
2.032248696294 
2.053902623095 
2.068943065834 
1.968277973901 
2.032810154325 
2.042057017225 
2.041426456373 
2.032192352601 
2.065524452214 
2.065524452214 
2.058419341858 
2.058419341858 
2.071268426224 
1.952687148372 
1.880651861049 
1.880651861049 
1.878912933422 
1.865418046179 
1.882557556793 
1.882557556793 
1.882557556793 
1.884708283912 
1.890334336544 
1.882912152964 
1.825976552761 
1.827365467196 
1.827365467196 
1.809073259607 
1.809073259607 
1.808851851568 
1.808851851568 
1.808851851568 
1.819021646088 
1.819021646088 
1.798737568702 
1.796971962330 
1.791419652406 
1.791419652406 
1.797007450983 
1.807132737386 
1.803783421074 
1.777236161567 
1.745808031752 
1.744791901402 
1.731365874655 
1.680093191194 
1.680023066094 
1.672231638419 
1.672231638419 
1.659234260876 
1.688748981154 
1.689741517403 
1.689741517403 
1.711522172299 
1.747379247214 
1.747379247214 
1.712554948422 
1.722651135348 
1.767529652267 
1.760637660234 
1.820944126591 
1.852733856547 
1.796780711288 
1.795674956544 
1.780598889113 
1.866202251782 
1.861799145532 
1.844212840375 
1.830314202168 
1.824179996551 
1.858596939156 
1.843159346291 
1.843361857145 
1.840761567736 
1.822600006887 
1.845717830332 
1.843772714035 
1.872071877086 
1.887637961400 
1.878785873801 
1.876885731214 
1.898709368039 
1.842031505047 
1.758562573633 
1.734491643519 
1.733220320309 
1.706871897065 
1.734714617804 
1.733653479210 
1.721273430590 
1.740607499544 
1.711395476960 
1.641517988256 
1.797965639220 
1.777669819649 
1.770219941247 
1.702777895630 
1.623090929762 
1.623090929762 
1.604512887365 
1.697532293120 
1.648358665285 
1.585728193978 
1.695417182031 
1.761536251752 
1.825145672610 
1.726392019227 
1.668248032147 
1.659215044510 
1.646743721376 
1.667476458116 
1.687611068229 
1.639778731871 
1.692394006955 
1.650041857726 
1.711170850743 
1.713108597721 
1.719463905060 
1.784157891131 
1.701319262913 
1.689342562174 
1.570699019669 
1.608630250163 
1.612119318442 
1.603487583683 
1.612450896544 
1.601081311650 
1.602118568478 
1.603147972296 
1.591366097122 
1.599148644940 
1.597474276736 
1.586674664596 
1.680438041243 
1.650117860656 
1.648795215216 
1.658599201899 
1.608141853439 
1.603304213632 
1.603304213632 
1.613398421079 
1.613398421079 
1.613559114459 
1.613559114459 
1.617791063884 
1.617394255291 
1.596187999006 
1.625660496573 
1.615375867000 
1.602523409049 
1.577801254720 
1.588531997135 
1.661603896899 
1.661603896899 
1.661211871004 
1.647284287146 
1.647755677351 
1.647755677351 
1.656927522360 
1.668101061749 
1.635462304373 
1.624190230741 
1.658998377896 
1.750375393760 
1.726725121103 
1.731080418608 
1.799516426491 
1.912615486813 
1.927460625036 
1.946064554964 
2.169769842115 
1.949610779157 
2.020946879685 
1.876117389991 
1.750321443025 
1.781288631340 
1.828850312265 
1.839401885302 
1.939258850176 
1.945674849473 
1.945674849473 
1.934243703569 
1.930564267455 
1.944263915034 
1.921869240311 
1.972446071023 
1.949236792150 
1.590142815234 
1.635192184688 
1.635692713430 
1.585864168181 
1.620061392017 
1.601786125531 
1.634662376910 
1.600996720999 
1.636297213377 
1.680211943851 
1.624487773906 
1.634997278424 
1.605810040680 
1.600406121620 
1.612489944577 
1.614731639841 
1.634088333707 
1.502959286058 
1.420858463911 
1.500297440039 
1.323436952076 
1.359152294769 
1.441530975669 
1.481667243643 
1.559519757754 
1.565309313053 
1.544975655561 
1.486364372376 
1.556664296597 
1.592272181934 
1.579578325775 
1.558324235880 
1.632531274632 
1.625511254954 
1.660910943352 
1.672425907306 
1.674047189154 
1.669241332996 
1.662094010118 
1.700202222840 
1.671319042483 
1.671254643071 
1.705289765816 
1.741490172876 
1.697944610958 
1.709988704442 
1.666125950669 
1.684200590874 
1.665090832452 
1.651002726175 
1.797625075975 
1.748883908578 
1.738480071316 
1.732773503494 
1.712448040966 
1.597876630725 
1.595028796609 
1.522258876845 
1.512716306169 
1.499939913908 
1.571457945524 
1.542356879299 
1.556201108476 
1.610449876414 
1.622058559496 
1.600493620690 
1.606571135313 
1.612649110033 
1.590026950348 
1.590026950348 
1.601569854534 
1.578010327948 
1.456995480819 
1.426969596476 
1.434164341588 
1.367725816314 
1.484151291151 
1.512871982132 
1.512871982132 
1.506556613304 
1.488680819644 
1.419518725495 
1.535005408961 
1.537446030850 
1.461531904373 
1.476812438954 
1.487861472921 
1.480492314311 
1.499809478980 
1.408000079175 
1.470271862169 
1.465679126199 
1.485330222537 
1.496223090186 
1.665308773486 
1.693845201806 
1.693845201806 
1.693845201806 
1.658353807713 
1.658353807713 
1.652939640983 
1.660458174216 
1.646701943822 
1.690898823208 
1.721777461003 
1.719772341871 
1.726206989394 
1.690576372570 
1.704882967153 
1.708332087905 
1.752462351743 
1.674051901901 
1.666037663042 
1.675335693736 
1.562492773172 
1.569781835385 
1.639681622270 
1.639843470660 
1.616347102312 
1.575965551763 
1.588844217887 
1.541454569203 
1.511123573867 
1.472563199366 
1.447443595578 
1.483506448030 
1.490845175724 
1.462366429492 
1.478022214265 
1.432822795207 
1.596851939908 
1.533095607781 
1.520846891660 
1.631415492468 
1.740854841055 
1.749588889097 
1.735247324723 
1.731246093919 
1.711492971604 
1.665657354969 
1.634140409657 
1.588813921252 
1.492835672455 
1.571708431340 
1.558613674386 
1.520438732227 
1.582191039880 
1.620348009776 
1.590430062774 
1.544627754211 
1.609923156019 
1.598763188736 
1.682219245178 
1.705939789584 
1.747197160526 
1.728935669863 
1.777103994238 
1.758980548565 
1.734432222210 
1.747218653423 
1.747218653423 
1.744028200564 
1.747324762249 
1.723781922531 
1.709819456901 
1.728285540741 
1.721276173335 
1.735931671763 
1.681239233312 
1.630862767709 
1.621312550719 
1.630311116765 
1.636561296197 
1.653092776952 
1.649343311177 
1.652099786200 
1.647942957635 
1.668680420494 
1.708779083891 
1.708779083891 
1.676800921004 
1.682489367544 
1.660102059646 
1.642039652240 
1.642039652240 
1.665626932390 
1.673941240411 
1.679968869822 
1.781887577679 
1.774819971803 
1.705762237201 
1.706590392489 
1.707794399158 
1.722061215235 
1.711769304940 
1.656312671758 
1.594968700386 
1.499839241573 
1.474383554099 
1.582449208719 
1.585319798229 
1.613473343916 
1.626945690961 
1.630104090527 
1.685594419362 
1.670915076067 
1.664533674111 
1.664849211543 
1.417428852389 
1.490512952852 
1.514993482765 
1.458248599584 
1.516449466340 
1.398357366050 
1.384118271481 
1.346521434609 
1.352613611113 
1.314139552287 
1.344170349679 
1.344382492878 
1.262199669242 
1.368536534567 
1.371511587339 
1.274233629775 
1.263445197724 
1.282214188396 
1.451133683650 
1.426230675737 
1.386832608634 
1.417407427370 
1.340083638667 
1.363648089399 
1.441937303009 
1.377740999354 
1.380522880824 
1.365057884283 
1.382668863373 
1.405023111482 
1.399801568507 
1.530052494256 
1.537723923644 
1.517254171146 
1.525825574950 
1.530312246618 
1.553885351042 
1.570226298727 
1.527306104653 
1.561296579992 
1.597615225974 
1.633881914045 
1.626514594848 
1.808782797275 
1.800045754261 
1.938977130364 
1.880887849918 
1.878746487275 
1.900826888901 
1.840941094072 
1.702779134957 
1.695695306671 
1.666117546716 
1.636524836693 
1.682190300949 
1.718606982815 
1.709732344501 
1.682342628889 
1.674573521104 
1.683146174302 
1.669932189547 
1.670978555367 
1.676548059941 
1.694729897886 
1.683035342443 
1.696145315268 
1.675228721652 
1.685653489300 
1.666762063704 
1.730347103444 
1.709413997174 
1.639832153532 
1.610971928540 
1.611428481457 
1.579788901196 
1.613634930839 
1.587006708923 
1.587006708923 
1.573411975482 
1.523823078003 
1.572260204661 
1.536116628519 
1.561092997505 
1.402311212563 
1.391024891066 
1.406878394200 
1.496824898264 
1.497032489028 
1.458603402972 
1.454197289709 
1.430491667210 
1.405753078421 
1.411877359548 
1.412506527246 
1.449132319059 
1.397355619809 
1.516725247645 
1.510390347269 
1.462863778581 
1.525962736008 
1.608856530319 
1.666754139898 
1.666754139898 
1.688792521471 
1.705150245816 
1.694541791661 
1.683255577571 
1.752357067488 
1.772007437054 
1.783657180130 
1.766033109878 
1.749013144489 
1.814850068729 
1.774799281306 
1.779866924085 
1.736128310453 
1.735802772945 
1.675892591142 
1.668256434105 
1.673479084495 
1.676089894455 
1.676089894455 
1.669565116245 
1.649204466238 
1.629228783715 
1.567286791928 
1.567643222059 
1.612586253385 
1.577146260031 
1.589238838706 
1.574450544276 
1.586234003590 
1.585857301302 
1.511177722360 
1.555875153945 
1.506209236769 
1.465233085212 
1.411231976512 
1.435076947427 
1.498605009025 
1.361602808436 
1.309601707008 
1.349313301288 
1.285857282398 
1.378240456277 
1.164431074477 
1.270836738658 
1.311190203519 
1.362750045999 
1.415858435681 
1.474497757895 
1.487307523757 
1.437884928346 
1.482476700252 
1.424670548996 
1.435714695256 
1.511360662123 
1.426915966379 
1.393466085001 
1.399304160752 
1.399304160752 
1.369254292385 
1.464998090308 
1.578592421833 
1.544782798502 
1.452029049098 
1.470445355633 
1.486974172336 
1.643568881087 
1.612257117177 
1.603828094077 
1.670858229380 
1.705548043458 
1.725611765948 
1.731253246134 
1.740732868017 
1.746848527400 
1.773321660823 
1.844228521712 
1.787882464162 
1.757396999878 
1.692811640552 
1.724312436572 
1.885933247027 
1.874141100150 
1.810006582955 
1.834063311095 
1.846694170076 
1.859102028241 
1.994308314111 
1.731679996815 
1.736636707417 
1.717247159920 
1.884986492554 
1.802833895464 
1.890939240065 
1.884167423845 
1.937079918647 
1.821061404222 
1.856940764388 
1.800629664479 
1.772908681319 
1.772902953337 
1.803499072811 
1.784163153387 
1.790656110393 
1.729234688090 
1.763443062549 
1.781750680832 
1.765791484489 
1.725714099522 
1.714158457907 
1.737022456467 
1.703155579260 
1.724354241164 
1.729682860320 
1.652522912345 
1.669758776502 
1.548388555692 
1.606116982902 
1.559642712407 
1.521919201868 
1.506068895327 
1.729235462250 
1.710000292893 
1.719533251109 
1.533063279957 
1.510729761743 
1.411720012552 
1.451903183473 
1.430453068892 
1.478100363290 
1.438971743276 
1.501252607105 
1.469722733842 
1.497808242444 
1.472544446413 
1.462276392399 
1.513166774608 
1.462363906355 
1.474130640153 
1.553396625286 
1.611204505961 
1.585569056430 
1.590283230334 
1.675910210598 
1.651382302790 
1.626848780635 
1.606762036357 
1.638684336600 
1.645159161612 
1.656798510868 
1.602786601915 
1.566231606297 
1.574374735465 
1.580261561408 
1.500250827736 
1.511718105778 
1.579829984740 
1.623060133448 
1.621284756211 
1.325170906050 
1.712680846008 
1.711663482921 
1.695217599374 
1.716765578181 
1.722752215661 
1.649940561111 
1.647468929854 
1.594382953994 
1.649303599314 
1.631369236540 
1.607279823568 
1.595024651388 
1.528386050509 
1.497009507268 
1.521206440138 
1.573930303670 
1.651707744248 
1.640864432771 
1.729783484282 
1.732732835965 
1.718232856614 
1.634704655833 
1.670553932920 
1.640474823025 
1.589099796018 
1.594592059443 
1.594592059443 
1.670703945563 
1.680430235800 
1.673296904779 
1.669859397622 
1.667388447426 
1.673576798446 
1.694057711686 
1.648316259280 
1.562634365898 
1.595360442048 
1.628064665675 
1.597965546096 
1.593100146919 
1.637300890425 
1.693628630195 
1.705980149920 
1.655586604507 
1.636698489734 
1.611659869595 
1.613655918211 
1.553528450448 
1.580672258079 
1.591555543687 
1.622003331239 
1.587695343847 
1.587695343847 
1.554426358109 
1.554134392172 
1.641198709627 
1.635514428519 
1.635758044678 
1.642712352933 
1.627632887015 
1.639204797595 
1.658537300300 
1.631887887312 
1.642587302347 
1.700750550083 
1.702169317368 
1.721345677492 
1.721345677492 
1.724873037615 
1.668186158936 
1.707103568542 
1.652274834916 
1.666881155912 
1.675201945030 
1.702291886697 
1.708410397617 
1.825588233888 
1.819391462455 
1.776583226633 
1.736850704542 
1.756415154945 
1.770179795182 
1.725525652729 
1.672802955211 
1.639755180187 
1.653994972356 
1.647650118355 
1.634431506339 
1.637197391279 
1.655284013737 
1.655221904401 
1.661634779429 
1.670346660914 
1.646070472721 
1.498311321153 
1.544962461931 
1.509459505412 
1.497698484923 
1.550978104643 
1.524029044209 
1.427594385288 
1.414469508437 
1.554985466209 
1.455677482530 
1.486013611319 
1.447583185512 
1.407191628361 
1.505227836401 
1.494078069716 
1.498138767430 
1.515659664514 
1.600790987531 
1.573451735863 
1.690425640519 
1.663325600268 
1.698209012959 
1.811663332335 
1.811759686007 
1.840898223162 
1.848752769509 
1.865301175456 
1.878726469524 
1.889725500011 
1.933041820718 
1.907350568014 
1.911540295475 
1.911540295475 
1.946416834646 
1.882497577424 
1.872466241242 
1.917282096143 
1.866143569668 
2.110363094178 
1.979720787337 
1.920318303530 
1.979394497107 
1.760766116439 
1.794997464076 
1.824575089837 
1.849796212125 
1.851022666911 
1.757713453238 
1.683855129694 
1.748712770688 
1.722633463322 
1.832241288675 
1.708793616263 
1.691851004038 
1.699313615479 
1.707365340460 
1.776125289030 
1.776166431209 
1.785034488544 
1.791020520978 
1.786213720866 
1.792822120720 
1.767695386490 
1.854920434473 
1.760165223169 
1.713804604064 
1.741042256679 
1.875929893203 
1.844953529003 
1.827130234111 
1.808272368239 
1.863900274053 
1.729691084687 
1.732284200727 
1.796013864644 
1.775237642820 
1.755957285451 
1.755957285451 
1.718687814913 
1.697510532028 
1.759062434128 
1.764272972493 
1.785069443925 
1.916919798880 
1.875271978547 
1.802425774896 
1.866350837836 
1.995174225653 
1.987722591288 
1.968393155028 
2.039974635623 
1.952593180075 
2.147080663096 
2.263285197966 
1.737213180437 
1.732707171554 
1.732707171554 
1.728105587856 
1.647348396146 
1.645541441351 
1.648322864661 
1.617039589923 
1.604101578728 
1.574395987460 
1.480163663166 
1.513670145168 
1.485115255974 
1.474103180823 
1.464346735650 
1.359877045295 
1.400995198488 
1.397489180707 
1.386292781403 
1.380629062057 
1.414920877902 
1.351482683131 
1.429309557051 
1.298122572381 
1.353787543716 
1.249482473466 
1.320439524651 
1.339405874558 
1.351938965752 
1.338458442912 
1.303617539592 
1.303617539592 
1.179819598012 
1.279027658543 
1.255506901223 
1.323351978711 
1.262990410567 
1.276208396431 
1.276208396431 
1.297541472977 
1.290836978562 
1.368489821233 
1.358741454056 
1.359416471491 
1.396494428069 
1.329337164677 
1.337799158103 
1.342846354595 
1.332467200871 
1.312293536421 
1.280177508214 
1.305801583488 
1.343081918407 
1.262880015761 
1.263318965472 
1.367369612110 
1.502310710178 
1.515773276478 
1.489427325897 
1.469812954404 
1.722708171647 
1.726897493970 
1.843571442115 
1.857222872545 
1.866527496501 
1.867839333129 
2.022183565591 
1.993637088080 
1.861780840580 
1.814425603710 
1.826457344756 
1.855472517062 
1.853822629214 
1.878739533247 
1.832052694159 
1.809774274715 
1.809337105769 
1.791001312601 
1.878343974439 
1.696185915446 
1.726796829152 
1.750401596777 
1.740811791730 
1.786705618108 
1.732674060518 
1.698512326197 
1.664865022314 
1.708948437731 
1.700149913203 
1.693865383879 
1.639185943363 
1.652912749793 
1.571937642971 
1.575224328848 
1.673156889170 
1.706848681399 
1.701994377389 
1.694325654561 
1.679372761248 
1.621530618508 
1.639696165723 
1.699129624381 
1.716996417819 
1.723605506246 
1.792511205995 
1.792511205995 
1.781738809290 
1.766915762235 
1.766915762235 
1.714506416748 
1.706796117768 
1.539530942930 
1.528819493119 
1.525869295865 
1.529120471886 
1.500763419681 
1.549494047677 
1.681722169955 
1.716048935932 
1.728424646442 
1.722584038218 
1.741805149101 
1.750404468700 
1.794665724201 
1.756568907148 
1.709487841491 
1.745824757705 
1.729512645597 
1.725821164460 
1.694850082282 
1.641874588480 
1.746754254321 
1.678265420845 
1.689539837576 
1.672964671063 
1.685660112100 
1.702717093356 
1.705460930048 
1.699279102440 
1.586291217593 
1.614813635405 
1.542225796000 
1.538203228296 
1.537191886867 
1.458912779930 
1.424934181271 
1.477303816041 
1.533610274148 
1.623614557495 
1.637526930923 
1.614790415748 
1.484781848149 
1.547991120529 
1.576702188956 
1.547846810709 
1.574065636101 
1.547175253896 
1.504733198355 
1.495371671595 
1.464891300997 
1.380722700747 
1.501218940210 
1.447272486689 
1.437995330145 
1.357687462094 
1.397354463439 
1.320232044179 
1.531167435710 
1.549419342913 
1.548648750266 
1.525211639948 
1.525211639948 
1.537231926281 
1.469158036375 
1.476628017408 
1.481838597814 
1.528866346266 
1.514279625475 
1.522185752797 
1.560012707232 
1.547354414704 
1.547354414704 
1.558470759365 
1.577047857098 
1.553519039951 
1.611478932805 
1.634936756328 
1.605368929359 
1.812760053622 
1.996543091380 
1.936535273152 
2.050396392015 
1.990120316816 
1.990120316816 
2.020171349142 
1.890256631119 
1.948256632727 
2.040939421766 
1.924170749687 
1.946615017423 
1.948204517588 
1.877273018423 
1.805412407089 
1.802839431522 
1.717736593660 
1.684743535163 
1.673353014601 
1.731370089876 
1.748129440270 
1.762935102574 
1.765372053319 
1.782663760317 
1.722215983526 
1.662258920930 
1.545541293992 
1.636953071764 
1.654303901040 
1.715549579277 
1.665671935449 
1.614460432875 
1.662928831857 
1.662928831857 
1.636804239637 
1.577984676279 
1.547288782875 
1.520744379932 
1.523186485793 
1.442300739948 
1.440438148505 
1.371561691814 
1.455997428631 
1.413090722853 
1.470814353887 
1.554302100227 
1.505901630509 
1.550973389136 
1.560886126558 
1.524307802128 
1.508938686948 
1.514196375170 
1.592101980204 
1.676559476544 
1.603186467108 
1.576201390297 
1.480414098959 
1.524849776829 
1.590510911269 
1.463882896593 
1.516219049464 
1.562767699493 
1.546626100799 
1.549787852605 
1.593862705015 
1.462944814417 
1.415044583822 
1.502041345377 
1.501261479102 
1.466466363331 
1.516862484231 
1.510951096680 
1.445233639700 
1.402554966458 
1.445724505149 
1.396309971563 
1.376855671909 
1.382322358665 
1.391675195384 
1.418697367975 
1.388968223767 
1.412851311459 
1.433210061172 
1.506830793245 
1.506432183229 
1.508029353196 
1.484041969285 
1.486306086294 
1.464948261666 
1.462692987845 
1.455039595610 
1.519565360174 
1.485003188620 
1.456955467823 
1.557998810065 
1.593569853313 
1.656011232134 
1.528527053244 
1.516662083395 
1.476970957250 
1.414590483107 
1.403273288180 
1.386007648749 
1.417347954559 
1.424889587483 
1.485533654178 
1.463760694974 
1.353254024869 
1.373940579573 
1.355056715787 
1.363120602597 
1.340277796395 
1.380697619179 
1.386489002350 
1.510913183648 
1.507147134371 
1.429400809892 
1.486602152806 
1.552040811698 
1.572440930891 
1.596183111108 
1.610528710000 
1.703175748853 
1.718968764823 
1.721501280718 
1.721218290729 
1.726423867693 
1.708968390586 
1.704722346226 
1.737845311430 
1.736935077262 
1.738345462981 
1.691735103039 
1.768915524257 
1.832346378794 
1.812385878823 
1.854584769274 
1.864995385984 
1.858820374597 
1.830663452242 
1.835761726536 
1.863589509839 
1.856134348194 
1.762101454536 
1.762101454536 
1.721901752971 
1.694095597585 
1.683792979483 
1.696183785838 
1.657651514478 
1.639609062484 
1.741201730373 
1.859244708203 
1.778859104985 
1.777943027621 
1.907418644873 
1.858093380238 
1.815245987057 
1.700072263921 
1.697559121050 
1.744518824377 
1.728088214716 
1.721785525264 
1.662125475080 
1.675064884806 
1.599294727868 
1.620738156281 
1.681202517272 
1.662544402910 
1.673005644648 
1.667200355016 
1.530716803521 
1.566810311799 
1.567453103737 
1.570822134650 
1.593904513443 
1.583618394521 
1.637079613758 
1.658693987274 
1.651157932960 
1.678939719287 
1.660871345806 
1.584497829689 
1.590467048815 
1.671002701219 
1.603012612365 
1.593222776705 
1.594355107339 
1.718683912186 
1.727549251410 
1.748098963966 
1.951161471695 
1.875356443353 
1.892761782108 
1.776411389217 
1.705672896464 
1.694315496063 
1.648809467471 
1.689884044101 
1.652565289035 
1.662963028505 
1.657475531066 
1.624598651318 
1.616525455646 
1.612599117454 
1.576603608148 
1.518529785527 
1.558344493954 
1.632173796612 
1.573970308817 
1.562734242709 
1.526683524405 
1.479065379804 
1.490549847284 
1.483729598384 
1.635118373389 
1.625976451852 
1.613936516887 
1.631446206300 
1.664123557706 
1.561070552798 
1.645666128000 
1.681064681266 
1.690997391457 
1.651398800358 
1.677254537098 
1.667463159836 
1.738538047250 
1.810532113788 
1.806273319044 
1.779314722404 
1.765250438515 
1.764325004259 
1.740266345315 
1.681491085131 
1.665867354069 
1.707449449819 
1.768356806116 
1.765101939514 
1.696787041777 
1.711912675025 
1.766212435649 
1.764512914998 
1.733877625800 
1.790058521165 
1.790058521165 
1.793847007509 
1.812132750075 
1.785198153150 
1.728129373097 
1.734183409129 
1.739104746084 
1.739913767266 
1.708075536123 
1.656555444720 
1.590055943802 
1.614408288575 
1.549738399313 
1.519762255338 
1.579111383040 
1.553008731617 
1.571797326278 
1.553472428723 
1.552048375296 
1.551058618583 
1.542201449449 
1.558455752423 
1.652779845453 
1.660862460769 
1.670449954104 
1.643097932298 
1.628725454874 
1.628725454874 
1.634899956339 
1.631276411286 
1.629955920825 
1.625551094267 
1.632358007291 
1.633802068074 
1.633431740608 
1.693983423255 
1.668017827670 
1.611224092897 
1.614427203007 
1.585166174484 
1.698607367600 
1.682321433851 
1.717476258063 
1.702027120678 
1.717739543559 
1.700631902570 
1.629536261864 
1.650168653456 
1.660795656564 
1.795708036435 
1.795742268352 
1.754849304398 
1.672174745109 
1.738268204875 
1.802338303379 
1.782459894180 
1.779905101551 
1.785667286219 
1.785667286219 
1.844333099544 
1.839692930559 
1.891826975945 
2.034861997290 
2.022653155567 
1.934561164948 
1.792539866723 
1.782718463329 
1.810390759303 
1.844281698606 
1.929197201389 
1.940028835298 
1.898966047375 
1.908478169065 
1.912970416749 
1.963087364942 
2.029575542230 
1.806328165590 
1.809285329000 
1.841215349277 
1.863647727098 
1.810432800049 
1.838124895677 
1.804514825977 
1.613000047978 
1.660860562428 
1.658552742180 
1.676959874136 
1.641278742468 
1.648795618352 
1.658798585519 
1.664814713693 
1.661989499467 
1.682392345994 
1.598243680022 
1.644620823837 
1.630910676655 
1.625591883295 
1.628304371134 
1.612996102778 
1.585412626906 
1.516314050920 
1.525897241287 
1.488571060722 
1.535356775994 
1.573771451116 
1.573771451116 
1.656547492631 
1.715343229390 
1.725743361947 
1.727224628622 
1.710428560120 
1.728756699828 
1.790006882708 
1.846670139575 
1.852706958568 
1.838216533468 
1.836284682764 
1.888667255967 
1.849415607665 
1.866510053749 
1.850064444011 
1.870243572395 
1.842062968423 
1.958179996466 
1.969925012266 
2.020595219661 
1.998127969787 
1.990448125287 
2.036170882259 
2.040314454143 
1.984330782238 
1.616518556741 
1.616518556741 
1.592728677293 
1.587370245947 
1.742529703700 
1.708069166235 
1.632632180065 
1.615590908623 
1.597850807038 
1.558783166711 
1.507289125226 
1.511326448049 
1.554648306935 
1.486169696107 
1.464457804896 
1.399503869367 
1.301592827316 
1.369064938491 
1.369064938491 
1.402491364913 
1.424200381550 
1.524189897646 
1.448671643521 
1.473703725238 
1.484149977330 
1.501906013744 
1.462898526391 
1.410565856210 
1.692574019886 
1.715993299334 
1.799397994379 
1.785416428780 
1.775384127585 
1.775739286713 
1.764962886050 
1.744023024259 
1.745609167885 
1.719535616708 
1.984375590772 
1.809876162008 
1.789609509219 
1.857126111568 
1.947744137235 
1.813773110783 
1.805023068206 
1.814859527815 
1.826632605003 
1.784983462213 
1.750021274809 
1.870406173411 
1.867116682296 
1.837733961439 
1.850982758377 
1.807566158367 
1.898191200130 
1.846573487726 
1.816333576104 
1.823937244634 
1.832277849085 
1.763810302674 
1.757190080367 
1.724862561879 
1.754705423936 
1.852809759143 
1.865549768630 
1.839783667544 
1.768688552090 
1.778170952425 
1.645109524213 
1.669111889064 
1.745559553063 
1.768953212997 
1.738376081732 
1.738376081732 
1.751696665663 
1.751728223521 
1.750634306654 
1.704576224462 
1.704576224462 
1.711626623836 
1.658032280474 
1.656502285053 
1.673208177799 
1.605336327187 
1.583849535638 
1.606245216186 
1.564116585722 
1.595591132866 
1.578381431662 
1.578308437139 
1.576339076009 
1.564774620245 
1.581236796998 
1.646246600929 
2.105537186314 
1.996324304771 
2.086616061535 
2.040529568625 
2.004600400381 
1.970276883465 
1.992556529564 
1.945497410495 
1.968962968898 
1.978404141151 
2.074193238560 
2.003312814769 
2.074513821954 
1.885158902153 
1.982659070519 
1.987175291967 
1.967797723302 
1.956909021142 
2.001844299082 
1.895151117941 
1.832084795014 
1.905382436324 
1.759178472660 
1.786113573408 
1.821101569539 
1.822994153573 
1.802514727327 
1.678853278018 
1.561319048413 
1.529940977799 
1.529795934607 
1.482945729014 
1.517120505796 
1.458483156548 
1.458483156548 
1.466386777348 
1.512862523100 
1.512862523100 
1.542811966349 
1.536414316907 
1.507893368815 
1.467914552933 
1.463083824963 
1.471244351357 
1.468691390130 
1.492105061063 
1.492105061063 
1.531101048024 
1.510462734148 
1.357127317019 
1.411700866079 
1.429091869743 
1.429091869743 
1.420485049180 
1.436774813847 
1.438800043638 
1.476683757928 
1.490655318178 
1.501645980338 
1.436337812505 
1.479279127526 
1.449208871947 
1.468862796463 
1.506621712712 
1.561331892413 
1.551320629977 
1.463586334061 
1.514669926582 
1.589377297793 
1.603838637581 
1.736476551923 
1.764128609345 
1.806192553591 
1.801911939048 
1.822055918962 
1.806411885331 
1.788637719877 
1.626427774046 
1.619788349742 
1.544374490898 
1.580747574633 
1.580747574633 
1.659277220005 
1.663260014768 
1.705401819980 
1.705150195413 
1.689074055434 
1.689074055434 
1.640101825849 
1.696999289358 
1.695294827337 
1.696465442200 
1.735553715805 
1.738553302324 
1.516218238381 
1.427121482369 
1.478887446924 
1.509077270546 
1.464188638612 
1.478912901742 
1.503131853794 
1.600144441209 
1.528874780524 
1.762251801402 
1.773445023492 
1.808727376677 
1.738952583023 
1.729456151648 
1.755879554802 
1.883794200374 
1.860016378402 
2.028195700454 
2.083777782571 
2.127768953142 
2.093654773182 
1.926267681094 
1.865732237436 
1.883663681812 
1.983203079773 
1.977503979665 
1.933517545530 
1.933517545530 
1.957822124674 
1.957822124674 
2.016444974456 
2.089213431031 
2.116919146211 
2.132947356060 
1.988006311862 
2.171335042702 
1.998814916790 
2.044844699307 
2.009993509131 
2.003412069982 
2.012489034570 
1.976669876499 
1.911827537537 
1.873334106440 
1.960117643221 
1.934834742562 
1.846943650115 
1.841313600261 
1.807225807076 
1.814211802666 
1.791183342236 
1.887473816511 
1.860127275298 
1.891413792378 
1.845964129448 
1.743205289817 
1.732323222826 
1.615769794185 
1.627239870225 
1.478001957983 
1.525882335554 
1.521098837988 
1.493745090607 
1.492942719201 
1.493730564954 
1.456637306111 
1.445097819243 
1.456811223377 
1.463914849540 
1.417502194664 
1.460747674345 
1.502612754372 
1.510418031687 
1.584853727163 
1.595179628048 
1.553879368556 
1.588386148053 
1.616109945236 
1.676019265648 
1.648562879553 
1.671086207210 
1.672084782749 
1.674798237087 
1.676702415996 
1.675608797559 
1.672935598932 
1.674644262370 
1.683451965067 
1.673001245375 
1.673001245375 
1.673001245375 
1.675037895179 
1.657523997991 
1.667448169993 
1.500786592188 
1.462422777582 
1.519124145016 
1.518270136960 
1.466753655641 
1.500408637247 
1.325184469637 
1.431375570117 
1.502029981468 
1.538385760829 
1.637350053788 
1.754793097139 
1.741784527823 
1.751562128505 
1.759815272433 
1.729362425119 
1.750723981631 
1.669140873257 
1.668325700043 
1.713283831881 
1.719776646367 
1.730347860460 
1.733694040152 
1.742653175724 
1.751409740978 
1.712330710887 
1.692753628120 
1.626301960117 
1.612873873608 
1.631083212189 
1.669083084320 
1.643242096313 
1.646747547335 
1.647898419931 
1.630102016228 
1.653301138822 
1.670169927941 
1.683193538524 
1.665932876244 
1.598590565130 
1.530409251468 
1.645577328102 
1.638640546339 
1.619960894823 
1.620556391570 
1.620660954289 
1.632107120706 
1.591077139670 
1.642594619967 
1.599535239182 
1.641835311899 
1.675030763125 
1.673659685013 
1.707381346648 
1.580316748378 
1.624358815444 
1.614258669727 
1.656970301915 
1.633655467260 
1.659237114313 
1.651593798585 
1.594486454013 
1.628307932691 
1.630194594962 
1.661855187650 
1.651859734361 
1.646706139355 
1.661507035026 
1.862789687953 
1.848579848994 
1.846184161449 
1.852729004298 
1.853436199954 
1.887614658131 
1.876859879375 
1.893821147887 
1.851594269937 
1.804440490359 
1.982586522813 
2.142455651794 
1.937962496028 
1.977085885942 
1.995638369336 
2.045452134686 
2.006139272482 
2.075586484040 
1.881170653870 
1.881170653870 
1.881961245419 
1.881961245419 
1.876437560845 
1.889977309434 
1.891534332045 
1.898727694703 
1.623660248774 
1.629449385395 
1.640419068559 
1.667661653808 
1.659734119482 
1.660333157397 
1.679043353827 
1.766684868800 
1.752699758805 
1.661775741140 
1.666567340684 
1.589739287613 
1.603838549347 
1.670719925635 
1.732150327937 
1.691729995993 
1.691729995993 
1.701863995255 
1.807124874288 
1.869489308075 
1.862019476587 
1.883029843576 
1.934016430989 
1.907056796514 
1.989943793450 
2.018197237763 
2.063528352317 
1.927288779167 
2.023589424852 
1.953634156836 
1.974200801794 
2.024416202454 
1.959355695127 
1.868311049855 
1.771392344893 
1.792783540280 
1.769093795698 
1.802739248250 
1.823660552765 
1.736046776036 
1.790677887564 
1.770613822423 
1.771271200615 
1.749409154453 
1.739498283747 
1.728800401977 
1.834145885565 
1.789721210458 
1.790058529858 
1.785441623773 
1.770499258221 
1.773604783408 
1.652097509239 
1.685430765096 
1.666068741239 
1.619848980788 
1.579637581969 
1.561325119185 
1.576764236080 
1.547938951744 
1.525951141304 
1.561526062331 
1.586071226183 
1.629089890044 
1.611711519767 
1.646346841989 
1.859307914586 
1.962974945961 
1.983930643176 
1.800347555082 
1.686895169454 
1.542744707346 
1.547362894573 
1.595972933469 
1.496565176784 
1.482301473450 
1.428413685324 
1.422264771174 
1.419396554373 
1.374482485378 
1.368346570117 
1.414748814629 
1.342336384600 
1.384378075900 
1.356117537663 
1.375361165228 
1.322934772950 
1.394607100561 
1.292059695944 
1.374813111867 
1.334410016227 
1.362531719143 
1.441102634119 
1.422668175935 
1.918055371664 
1.918055371664 
1.921353683397 
1.858290187719 
1.868309477708 
1.796062219078 
1.791990874780 
1.779392524082 
1.784639333860 
1.835620910182 
1.854152755518 
1.790501930026 
1.779849934054 
1.761732208793 
1.637849108632 
1.690302190534 
1.722842549959 
1.708250225846 
1.706395814286 
1.815329804098 
1.776687740143 
1.787754360418 
1.790159433117 
1.766425299822 
1.799661788643 
1.750523198548 
1.734214261375 
1.688021699129 
1.675511335666 
1.790964722102 
1.789418317031 
1.757839782703 
1.763244621079 
1.786639785495 
1.872605636077 
1.890347091853 
1.889148305344 
1.858077828160 
1.885416681710 
1.798827223660 
1.807539010862 
1.783480331434 
1.783128876223 
1.824410201987 
1.842413583103 
1.881969974952 
1.928302371169 
1.876272542405 
1.854183125279 
1.869657795911 
1.870272868442 
1.785162810180 
1.838299237301 
1.917050129104 
1.912902701631 
1.933803483857 
1.960957102050 
1.955439734562 
1.940558599722 
1.915059071997 
1.886413098222 
1.928774020176 
1.917846001251 
1.938747143202 
1.959246862048 
1.961002848415 
1.917713711146 
2.005077599623 
2.060073894943 
2.028515019026 
2.010766993469 
1.978286557347 
1.996461195976 
2.043565702396 
2.177669244183 
2.138247411633 
2.050704022971 
2.079215454331 
2.070802595882 
2.045069648249 
2.172169715560 
2.160301508259 
2.111708002033 
2.120492104916 
1.999330142312 
2.050642851458 
2.029267374777 
2.076154391428 
2.021002361597 
2.172609508442 
2.095382274115 
2.143640482015 
2.143640482015 
2.114446655297 
1.537052471641 
1.776164283966 
1.669730179703 
1.649594335423 
1.642510190278 
1.707015030494 
1.647439595399 
1.691183087755 
1.709574178945 
1.766193406886 
1.731246585390 
1.762834768973 
1.757383383154 
1.779900542042 
1.742084060837 
1.769857511749 
1.754029028920 
1.744624314294 
1.744617789600 
1.724133885459 
1.695182860853 
1.693636300902 
1.698923934053 
1.652489547087 
1.667077863215 
1.604082454573 
1.620020522857 
1.636136035537 
1.677782898962 
1.718923338267 
1.857109884883 
1.784200323035 
1.655512025434 
1.679285867995 
1.678592720584 
1.680163133632 
1.626111834002 
1.610050540823 
1.630754269132 
1.659976727616 
1.687961323462 
1.667366025633 
1.639159924116 
1.653008600211 
1.697568809493 
1.566434246223 
1.573766435505 
1.595255833337 
1.528434113624 
1.540219655807 
1.533900876388 
1.617256043635 
1.615285443416 
1.619836197456 
1.561728278751 
1.561384056361 
1.592955765988 
1.671373163686 
1.626652632995 
1.692949631596 
1.694417197026 
1.682796421387 
1.691323076918 
1.592204149560 
1.694568396932 
1.792090713044 
1.685920339683 
1.712065358725 
1.602338751864 
1.565689269496 
1.615054189923 
1.553436615548 
1.565480355082 
1.510924704678 
1.567395933788 
1.624231474072 
1.623798483090 
1.636787994475 
1.619912226222 
1.544779439030 
1.536524515202 
1.534271043543 
1.523259547819 
1.552540937121 
1.580214159325 
1.606768996766 
1.588578975328 
1.610672884870 
1.640153404855 
1.617459387394 
1.660456244813 
1.691003330527 
1.682095203281 
1.735957142354 
1.949006442722 
1.655048874732 
1.660961402313 
1.540858869979 
1.526232612060 
1.610789988735 
1.817146962966 
1.834216337017 
1.833651839293 
1.833651839293 
1.833651839293 
1.840119702461 
1.839952745373 
1.850774232716 
1.833659128962 
1.847378535146 
1.860575292919 
1.880092555803 
1.906890067155 
1.921411170993 
1.930366415128 
1.930366415128 
1.929160351277 
1.909555314915 
1.897564713383 
1.897564713383 
1.804279304398 
1.824485792346 
1.800896930168 
1.805500579196 
1.805500579196 
1.801495850960 
1.799949201455 
1.799548261685 
1.806802275345 
1.807208077715 
1.794587223134 
1.768868093984 
1.673049069947 
1.698840832114 
1.748403975252 
1.749716256658 
1.754394564077 
1.637965462466 
1.637965462466 
1.652920430069 
1.597127524568 
1.555704491580 
1.525711710767 
1.552074565637 
1.487479275122 
1.559674996080 
1.607513751004 
1.602897410723 
1.583845672107 
1.735453364060 
1.670846827395 
1.651182512909 
1.702180071491 
1.719489360270 
1.717532195121 
1.854653109719 
1.874079293928 
1.834857906923 
1.854720735575 
1.863362497538 
1.774575653398 
1.775930373448 
1.708070057907 
1.789591753476 
1.789591753476 
1.792615625338 
1.745819052943 
1.715699425207 
1.755575395834 
1.745438638586 
1.759492293695 
1.671012455971 
1.667634451622 
1.705041024712 
1.708197810008 
1.672272522424 
1.738584032812 
1.830947882125 
1.872868411597 
1.825548717103 
1.839616199547 
1.854119030464 
1.834295108512 
1.847349109768 
1.829275426785 
1.811769677642 
1.754912107006 
1.728136233975 
1.781898972254 
1.775617033093 
1.764673295324 
1.757151552331 
1.779793431586 
1.815813067109 
1.802841058852 
1.813394520123 
1.836322608872 
1.803857689875 
1.660761967811 
1.649364559763 
1.755162428963 
1.743949874282 
1.730114665711 
1.771307313725 
1.715914850372 
1.693940635221 
1.726718325269 
1.748538022471 
1.778581958109 
1.781590836270 
1.822844282495 
1.919615597069 
1.834271219282 
1.857121515917 
1.832634167066 
1.866439804975 
1.866980843447 
1.741133366757 
1.721648077048 
1.868950928795 
1.846742556750 
1.830980055733 
1.827268450507 
1.792441496301 
1.776573003993 
1.823472781191 
1.822374783570 
1.962089081530 
2.147551226426 
2.054166461840 
2.128990619792 
2.085393353634 
2.055424059445 
2.058135907774 
2.093005690301 
2.039881425314 
2.007767458403 
1.998177339826 
1.963639415853 
1.965849625007 
1.954806752283 
1.997414415993 
1.880078154949 
1.772258249290 
1.763403590001 
1.767737877819 
1.912674385816 
1.905547962426 
1.897390919713 
1.927013070528 
1.900920629222 
1.922440150459 
1.941245599995 
1.896221164775 
1.852022754314 
1.834712709665 
1.783303972403 
1.818170674467 
1.749055423198 
1.677876489775 
1.710113331840 
1.696139064555 
1.697784327434 
1.715716618636 
1.615850936808 
1.713357212492 
1.684337769338 
1.613632404947 
1.634041670217 
1.659490341809 
1.649930441149 
1.651219734199 
1.647362032734 
1.695864583568 
1.695864583568 
1.715234791739 
1.759120543418 
1.762762815384 
1.774814243726 
1.767458318714 
1.758768612481 
1.776889364643 
1.705835340762 
1.745329885784 
1.745790732194 
1.745227529811 
1.745227529811 
1.735398463808 
1.766113032864 
1.766113032864 
1.792893501937 
1.809451846468 
1.811419748315 
1.822418787518 
1.820385784494 
1.835923505752 
1.819618936062 
1.769233505674 
1.925080884418 
1.876265896675 
1.955067009738 
1.785587655560 
1.751717310186 
1.688628744377 
1.686403138203 
1.820010886642 
1.822728288780 
1.884341877929 
1.902365233066 
1.910290076339 
1.833487642710 
1.851454918185 
1.754345423120 
1.750128938850 
1.757854663737 
1.751018163309 
1.718951354748 
1.717858262686 
1.693917104831 
1.674668907057 
1.667755877854 
1.571950959594 
1.596589070142 
1.602320365578 
1.549377813370 
1.534931313642 
1.544071711376 
1.600662160305 
1.523471764275 
1.538446040381 
1.642467794854 
1.590428470834 
1.630178335788 
1.638631689257 
1.627907976298 
1.626149331128 
1.667349668805 
1.697201575101 
1.841580538446 
1.871552780555 
1.822764484431 
1.876135400842 
1.896734083045 
1.891846594733 
1.889419216456 
1.872213684577 
1.750078397092 
1.719900802966 
1.779351536504 
1.662594324517 
1.632851701437 
1.632851701437 
1.695886189825 
1.765014991437 
1.807980361982 
1.880736046467 
1.890803750760 
1.916500864215 
1.938872508552 
2.040308753148 
2.103551610162 
1.978855828182 
1.915848520504 
1.930984311253 
1.982118715043 
2.072418887234 
1.915107542743 
1.858257530046 
1.797639046509 
1.723734779853 
1.736539036247 
1.675604303751 
1.674009469724 
1.683704094022 
1.703211093944 
1.651446987493 
2.160823518905 
2.183958798361 
2.162518201639 
2.221542415673 
2.243241810122 
2.109141371129 
2.146336873749 
2.134826156498 
2.058125900674 
2.058125900674 
2.094134971136 
1.982576212127 
1.941431006904 
1.927598273807 
1.874940766007 
1.919570697923 
1.918252448203 
1.897190601005 
1.865174772146 
1.865189135657 
1.865189135657 
1.871189833068 
1.839141230712 
1.852484293810 
1.858234330001 
1.831598560506 
1.825781015409 
1.824597186131 
1.843009514243 
1.820250396571 
1.803141379900 
1.817397612850 
1.832444869588 
1.848410310667 
1.890178450658 
1.900588484844 
1.973871601945 
1.921434476728 
1.973454470876 
1.855105384706 
1.913967512875 
2.052818442798 
1.997683070137 
2.009286992354 
1.964034757807 
1.899943497954 
1.937503239996 
1.930457298592 
1.910075467215 
1.899314946189 
1.960067367712 
1.964512832511 
1.964227038028 
1.903431582240 
2.131720455981 
2.116702482627 
2.075610799617 
2.068649831045 
2.070018472284 
2.066838561569 
2.027824581412 
2.161830893141 
2.090200334305 
2.089512674705 
2.089512674705 
1.982368936515 
1.967017798889 
1.966303349198 
1.805379092490 
1.807784185790 
1.788313407510 
1.788383794767 
1.788847679785 
1.836265782177 
1.788342805742 
1.793704893696 
1.785729208343 
1.790068520759 
1.807384051035 
1.809255403866 
1.821814205505 
1.831097158438 
2.014516107918 
1.956231460157 
1.961405322514 
2.023812188084 
2.013192975942 
2.023668820049 
2.015584506272 
2.003873545396 
2.006291608035 
2.103655272321 
2.130576947704 
2.072461951386 
1.830558643464 
1.800205843753 
1.745480177653 
1.741239102190 
1.652304084212 
1.622892402597 
1.623702290999 
1.661414504159 
1.581668587247 
1.566915125584 
1.566915125584 
1.547077857289 
1.662577269296 
1.707457164229 
1.638420861311 
1.693706261014 
1.652605324051 
1.652966408227 
1.676655396136 
1.539520031316 
1.448696994952 
1.427416669025 
1.424930971983 
1.416814766459 
1.402378890955 
1.381622908222 
1.302723644244 
1.321070649909 
1.308652176872 
1.359130761033 
1.389919332544 
1.415366303473 
1.369507758268 
1.352380574012 
1.326885578945 
1.389601002941 
1.367876441027 
1.350658436552 
1.401684772797 
1.333209703241 
1.324667121242 
1.242418521581 
1.230132504680 
1.254564069420 
1.298809349864 
1.310839583609 
1.266586715680 
1.240481709382 
1.375064011481 
1.331575885760 
1.320800032568 
1.212451303030 
1.273653265697 
1.293429166702 
1.134191105097 
1.203218070831 
1.232383565378 
1.250004171248 
1.330941961499 
1.189153711299 
1.318046679208 
1.352667894787 
1.228856901125 
1.332689206445 
1.329741770777 
1.304587328666 
1.381675383818 
1.466572221423 
1.545434291153 
1.498782206114 
1.487903918610 
1.495551666753 
1.469824937180 
1.471081445727 
1.461560590958 
1.454011387242 
1.430913290406 
1.525262698579 
1.546167584732 
1.502335670287 
1.482663621794 
1.534198473578 
1.475778289589 
1.522898509532 
1.486746930848 
1.543532819100 
1.510480867996 
1.522922850981 
1.608514978374 
1.565981480810 
1.579484440723 
1.623112313905 
1.671111078512 
1.649822216542 
1.608541075547 
1.620331012466 
1.685574458032 
1.666816610372 
1.664894220843 
1.675208468071 
1.699163440949 
1.699792657161 
1.693904468422 
1.715123101378 
1.732582842395 
1.744490125395 
1.732704818460 
1.695141756264 
1.645746235308 
1.635890994587 
1.521816639060 
1.543356817281 
1.536961489175 
1.635143616248 
1.883056304470 
1.883056304470 
1.887407177982 
1.887407177982 
1.886516500945 
1.840176882081 
1.939467918044 
1.970945866082 
1.868265031673 
1.836481429344 
1.865988111766 
1.764554515024 
1.787910964168 
1.780110226653 
1.864938718281 
1.857803329125 
1.828632435156 
1.811186304788 
1.795181831550 
1.795181831550 
1.811292806680 
1.799620139767 
1.811164941542 
1.779735714514 
1.660355878839 
1.680732599649 
1.600824624513 
1.606899232356 
1.609560905184 
1.607488207021 
1.592409812130 
1.608540702732 
1.654020124092 
1.654020124092 
1.661044287722 
1.684737290557 
1.703135232499 
1.703135232499 
1.723062299162 
1.732575076713 
1.716312055614 
1.688817789678 
1.676775905447 
1.674469841162 
1.645510953748 
1.697633225812 
1.900017504501 
1.825152888962 
1.849427432059 
2.071870900076 
2.085339025324 
2.032441804069 
2.026634923057 
1.981180929072 
1.955525655133 
2.107369311771 
1.990952265447 
2.005759433874 
1.919522692809 
1.948842789541 
1.956252626214 
1.911878243665 
1.743118408427 
1.742593362346 
1.784189395140 
1.803145963375 
1.769994106516 
1.670987431040 
2.054120633240 
2.154292718268 
1.929574789277 
1.810421197672 
1.818035000345 
1.818035000345 
