-144.193960200080 
-143.466675516093 
-148.981160749842 
-150.714712492123 
-154.168393402908 
-154.168393402908 
-159.530486292129 
-159.614954650881 
-159.885790920957 
-161.413167987623 
-165.845922686093 
-156.764882656890 
-156.215602794059 
-155.540477770518 
-155.540477770518 
-156.277086999970 
-160.259067992892 
-160.259067992892 
-157.548095195693 
-157.819044261100 
-163.432075124531 
-160.767350310245 
-164.131723424309 
-164.692199081434 
-164.101211673344 
-164.818146100729 
-164.818146100729 
-160.371158773804 
-161.155843627856 
-166.558295999758 
-168.457236418108 
-170.059323092189 
-164.092527214215 
-167.075832944533 
-166.965218105634 
-172.898913117848 
-168.688719517030 
-163.395533551403 
-161.721316357329 
-161.721316357329 
-156.748451293547 
-158.088894017605 
-158.750854862556 
-149.510644396189 
-149.922797525184 
-150.315082145983 
-146.167971221683 
-144.733839839303 
-144.934087485532 
-148.533037669397 
-157.444046979225 
-137.571042337129 
-139.605527648678 
-139.094658987526 
-139.996970602810 
-138.251456162205 
-138.996372706826 
-138.996372706826 
-138.697881706259 
-137.720569444912 
-138.748058974658 
-138.108266964678 
-131.168449649861 
-137.719039792112 
-133.781237681394 
-128.953737252168 
-129.413940288694 
-129.851571833594 
-130.796562625997 
-128.641148567150 
-127.513734437505 
-127.750439109177 
-126.134672048974 
-130.263966873756 
-127.779993832302 
-122.588907998095 
-127.166564394851 
-126.833462233462 
-126.375166019441 
-124.931495276990 
-130.500030691959 
-128.408936814093 
-137.359309608658 
-133.225440159496 
-140.715506835030 
-142.365994364080 
-141.426268360993 
-142.615849982451 
-144.250554740677 
-145.381655096274 
-154.300774717643 
-144.285078897428 
-131.342454768687 
-134.980955196840 
-133.530117993608 
-151.401101934235 
-175.246661221342 
-166.683042338696 
-151.733512645908 
-158.975306879867 
-163.791094351485 
-163.791094351485 
-160.432268732844 
-158.807282275202 
-155.075263045433 
-155.075263045433 
-157.004708612065 
-150.370056881209 
-144.709587210684 
-143.791637349530 
-146.975381582498 
-167.058352504407 
-168.694605933575 
-162.849683748949 
-165.512668762651 
-159.715854880744 
-166.274876178882 
-160.582437294638 
-159.119060392901 
-146.157870414588 
-137.518385412168 
-121.992983056866 
-124.465695268958 
-124.800146114794 
-125.450848795045 
-119.666067525066 
-120.593188396695 
-119.250813735390 
-116.655991799541 
-119.338673522027 
-119.817020501912 
-124.850196050451 
-121.906025683001 
-106.138392105892 
-94.014633115483 
-94.014633115483 
-102.407295008125 
-100.435008704237 
-109.452897853279 
-109.013228173440 
-99.827502998318 
-106.393153850949 
-103.805653633632 
-101.590315099688 
-108.600045948036 
-104.943818836621 
-106.341462319819 
-105.666418916487 
-100.266648525937 
-100.049688551038 
-97.418089415900 
-107.807419202376 
-101.740728663139 
-116.082132199928 
-123.217972850069 
-107.083047536802 
-117.556299926047 
-119.005673934668 
-124.937175026004 
-124.445836495175 
-129.756430685181 
-118.983121183393 
-133.965227956996 
-133.894353964181 
-134.383684665167 
-132.749420536849 
-139.412383736477 
-132.211866240601 
-131.658600347578 
-131.658600347578 
-133.810285228024 
-133.810285228024 
-126.890058953496 
-128.023973200215 
-126.919440225908 
-128.249178233503 
-124.598247995648 
-128.653852563330 
-129.014158509544 
-134.247952531421 
-134.846766577127 
-134.423883542737 
-140.729254131703 
-162.146222059273 
-155.804037782606 
-154.555461046937 
-165.991944812715 
-168.019335290197 
-151.370875838958 
-150.655232991933 
-158.668900759180 
-165.793271291662 
-168.375962053278 
-163.660568069016 
-167.663843369124 
-172.701332198589 
-174.042305402083 
-163.978723600382 
-175.048808459302 
178.415054521648 
178.971794035826 
-176.545161077205 
-176.545161077205 
-177.738526182220 
-176.011976180012 
-174.797362175460 
-175.970786500895 
-166.096711577621 
-170.017861940351 
-164.127886280749 
-160.896520233965 
-149.445499984850 
-158.132032343464 
-158.148578603199 
-138.447295092140 
-139.410384599406 
-143.087167799934 
-142.933598463835 
-136.690480411977 
-133.468955009343 
-141.899997444736 
-137.412945869370 
-149.359010947501 
-140.481875299002 
-150.576152591900 
-147.967303735534 
-149.267563802781 
-148.875630796811 
-160.379391020778 
-161.758668859851 
-161.469393533586 
-164.344543239400 
-159.041890933295 
-156.242883414754 
-161.583667117502 
-166.894257856706 
-168.502968135109 
-162.584787228517 
-159.558084983488 
-156.190001696454 
-155.785088545184 
-160.762299237107 
-159.763040070035 
-161.850625906158 
-161.603139194011 
-162.552370083752 
-157.255659294731 
-163.002124131531 
-163.408733359653 
-163.890743693270 
-162.910032150776 
-163.754744770584 
-161.674881178631 
-157.753827873977 
-155.556990814898 
-166.386588363546 
-164.456210772707 
-164.814727542805 
-166.034613077801 
-164.712816777955 
-167.860081062473 
-173.977044334114 
-171.955997244702 
-171.747400199646 
-158.620748555321 
-159.663849940419 
-156.663091255193 
-153.631602794240 
-152.605952846538 
-149.424680019849 
-147.858519447690 
-145.757000050772 
-147.142287075943 
-152.754483851576 
-157.637357295267 
-157.848268198964 
-158.241274298669 
-158.725046270138 
-152.771252453707 
-152.521342180360 
-152.536779787547 
-155.178309924389 
-150.740756460472 
-149.082559541443 
-143.697559195606 
-134.765759004110 
-137.157495523167 
-138.492721799439 
-136.928118954303 
-136.113248537086 
-133.025817253698 
-129.689074290661 
-128.793073644297 
-132.907500462751 
-125.298790432114 
-118.200862723375 
-96.060492340757 
-101.547186971083 
-122.535781160568 
-125.376015971756 
-133.281622350352 
-135.967746843730 
-136.781589005878 
-143.339640241328 
-149.756141613366 
-150.325035675852 
-166.015872467631 
-167.271114264627 
-174.850296368587 
-167.458884410211 
-150.060212368862 
-146.304357801071 
-134.466040928083 
-137.560705756161 
-144.976069260000 
-144.229463432338 
-142.827313965818 
-152.291750677170 
-164.145013588715 
-164.112180272113 
-175.562430024137 
178.619039086361 
171.026687962819 
161.674945131191 
156.156956473346 
161.913330851057 
173.018194701017 
162.513686077005 
167.279984932763 
156.119520560956 
161.016859035703 
163.102314291416 
166.930993246117 
171.935738309925 
172.666821182023 
169.013278002453 
-178.086946869333 
164.735335624132 
172.529701989530 
170.080105124748 
176.736169729802 
171.999398795738 
173.870780858601 
169.861303225294 
-175.372049712238 
-179.947615241088 
179.907409256633 
-172.017693675326 
174.228442911537 
175.692656038151 
179.069530202974 
168.713924886226 
165.844862398729 
173.201961350286 
167.236687236921 
166.865726630292 
172.849453198988 
179.168456006369 
178.483935971418 
-177.898003875512 
175.989063872871 
178.282073262588 
169.295598580038 
174.014758661162 
177.025592654832 
175.938201349284 
176.024252004352 
176.564724766579 
178.085173015017 
175.349240906655 
175.150438245848 
173.624431313484 
176.094427459583 
173.501312289717 
173.501312289717 
176.090314199074 
-167.726864949308 
-156.804249092663 
-170.942363857222 
-172.684124887019 
-173.874416373128 
-174.924944148399 
177.026562588420 
177.669380563678 
174.840158358006 
172.114005664297 
175.767021278085 
177.300965401291 
177.300965401291 
-177.561765384627 
171.958406675413 
171.116942102662 
178.801652854757 
173.708579941920 
165.598759203674 
161.297330157143 
160.237781594389 
165.789156461724 
165.493075162723 
167.948666945290 
177.511695609488 
177.395679717437 
172.964860162290 
173.734077463759 
-175.766807010818 
-177.940204375426 
-175.955705552370 
-178.417809415967 
178.105447092152 
-175.765435675366 
-175.462093544787 
-176.223277428385 
-169.492369786818 
-171.169340939150 
-171.168192743355 
178.542025725766 
175.099313981393 
177.939325459072 
179.128801913402 
-175.442223449387 
-168.813514551459 
-165.399586077158 
-158.979275007864 
-165.757979989001 
-160.671483629044 
-153.569805928105 
-153.380254854270 
-154.977868908081 
-159.585800637856 
-157.742087287158 
-159.421897253984 
-157.626330886731 
-158.741800203962 
-160.627113483424 
-163.793321938392 
-161.981697705146 
-162.331633463886 
-161.897297118763 
-173.340170316206 
-172.293528674164 
-173.382334809900 
-171.693528905936 
-172.565223071563 
-172.601314985232 
-165.860315717699 
-163.868983402672 
-166.461828273037 
-154.833050390877 
-157.604498372725 
-156.382718519712 
-149.629864546990 
-147.431491899358 
-149.629385235066 
-150.269245928810 
-151.243267890628 
-150.280916109535 
-146.245812946183 
-153.501519276914 
-152.606070045359 
-151.788872506345 
-145.203904610376 
-145.435008997608 
-147.240389955519 
-146.058583518732 
-146.058583518732 
-160.036928415726 
-159.521818280437 
-159.621554164215 
-160.508203108577 
-160.508203108577 
173.729504832228 
-171.745720495646 
-167.840558272716 
-168.244468074732 
-169.770990250220 
-171.236662530853 
-175.989475992205 
178.737918813263 
175.574636428741 
-175.803897335034 
171.900148870502 
166.285157385119 
173.425174634950 
-178.578586424938 
176.773894746018 
-178.254119316888 
-167.975319869029 
-168.280802729027 
-179.157704891308 
176.958343020633 
164.083594966999 
-177.815942875223 
-178.015079490248 
-177.347163449611 
-178.990564047295 
-175.856830512152 
178.403288678992 
178.336726384383 
-177.836935196852 
-174.389760117400 
-177.112123256006 
-168.609176513070 
-167.236163589713 
-174.959627338866 
-173.582914570228 
-168.702975283957 
-165.837437627572 
-165.534443940106 
-178.488680404764 
174.264329097168 
-174.914685398510 
-169.369621168534 
-177.453885053658 
179.104930101698 
-176.807038778028 
-177.939110407655 
179.462618925930 
177.971474016741 
179.068151269405 
-175.105076740088 
-175.045331647762 
-175.079167266168 
-175.079167266168 
-175.079167266168 
-175.053281011438 
-175.053281011438 
-179.648290499227 
-173.492623938929 
-170.463116658356 
177.962627061148 
179.611991499709 
170.815628954529 
-179.335724285931 
176.334641306491 
-179.214309018813 
178.124621918166 
172.488688344953 
-171.079152899219 
-156.062741450584 
-148.696181515960 
-143.075205900032 
-145.523059786486 
-147.041154868302 
-148.049914893265 
-147.684472522643 
-147.260508646239 
-145.508663787698 
-149.920641150934 
-146.159135911240 
-151.609388441022 
-146.564916411196 
-145.451089773625 
-151.700577563570 
-152.226631550828 
-154.880617860640 
-149.985093196284 
-150.821377269453 
-149.672853020965 
-150.772964453747 
-149.070556841312 
-149.857271975248 
-147.846307691533 
-147.146302327946 
-146.324880930497 
-156.500283019716 
-155.734823255257 
-156.638936677425 
-149.511963431345 
-146.130475194910 
-148.037154644130 
-149.840344615684 
-160.762882596593 
-160.647101063606 
-155.701237283558 
-156.104719024036 
-158.302756800379 
-152.926094435683 
-155.524521794488 
-154.779352737725 
-145.739634692161 
-144.589396154770 
-144.589396154770 
-141.303911466464 
-139.753623469927 
-126.940214334670 
-119.219406022063 
-126.319165062741 
-127.162214933810 
-121.621355257700 
-123.556777528477 
-123.890471900361 
-127.008200577879 
-113.683071968835 
-121.860096991399 
-123.273273913436 
-122.305749779538 
-133.362094146098 
-132.075863042449 
-129.994730160392 
-130.844502979076 
-133.918716631151 
-131.243527819358 
-131.392647295092 
-128.883020533207 
-124.722166156943 
-133.958768214957 
-131.798041774898 
-125.849425869694 
-126.593822752441 
-124.129916893250 
-126.506764395712 
-124.956747362304 
-131.265932495921 
-126.011567491850 
-138.663786935979 
-146.838386253399 
-151.840768702436 
-148.658761510843 
-145.925792575740 
-142.592571674406 
-145.731988362492 
-145.667948719877 
-150.083403014150 
-138.952370046234 
-137.332213825798 
-128.489328768385 
-128.347527675188 
-128.944892862309 
-126.527277001905 
-129.333720258746 
-131.657740246338 
-132.337905571626 
-129.098197828312 
-134.732338364872 
-133.971412040785 
-131.613279287310 
-135.663892566745 
-133.656468440547 
-135.707725992012 
-134.545386007383 
-122.497093914774 
-119.479549898249 
-125.483358415627 
-127.020657514927 
-127.102384174507 
-123.886169626398 
-125.352843538306 
-125.255207018471 
-127.543854231079 
-125.424885380922 
-119.473677974287 
-117.584331631213 
-118.883771993874 
-123.554277959685 
-121.969882251655 
-120.138058292988 
-118.697028741496 
-121.931779852135 
-170.289523940603 
-126.981573736128 
-130.496036424579 
-127.626474908872 
-132.052377897002 
-137.824218742969 
-138.924019129632 
-135.153716883411 
-124.897674552506 
-137.852449390415 
-132.530401757104 
-134.262206386496 
-128.319079591185 
-128.631248521628 
-132.198196401248 
-131.408731963191 
-127.623987482771 
-121.905590307776 
-119.291090116928 
-119.304686091665 
-119.682287524104 
-128.423983920478 
-128.310325156649 
-119.583033337119 
-128.334553685897 
-126.647582848517 
-126.795947805455 
-130.981003004911 
-123.066505149741 
-123.535205729901 
-123.535205729901 
-127.434520220485 
-136.283586715596 
-137.341051494629 
-136.361315994113 
-137.418503921592 
-140.763452403155 
-157.449758876458 
-158.283087779415 
-153.338392883469 
-156.921961564141 
-148.488295572573 
-144.998049831663 
-145.573546605915 
-137.086231033023 
-147.880929155545 
-147.875000028897 
-146.150313446168 
-146.140360515357 
-146.196108027776 
-145.756577832598 
-148.870425391932 
-142.734971568252 
-142.816254035115 
-146.104078149108 
-146.842440980336 
-148.045415257456 
-148.904624018650 
-143.608982921977 
-144.829627122101 
-141.016489182663 
-141.606483366284 
-143.446357369003 
-136.400239604552 
-136.397456273838 
-138.119068040611 
-133.076585735810 
-131.538434779482 
-130.416207703701 
-131.665080615540 
-134.377231309201 
-137.326246449466 
-149.835060261683 
-145.444859166721 
-147.042891908122 
-146.988675059088 
-142.482838507006 
-143.310447006795 
-142.146856604435 
-142.146856604435 
-145.320297328721 
-146.153306564282 
-143.964446409017 
-146.463157500619 
-144.283256898257 
-143.914789376895 
-150.208044155672 
-149.770947300049 
-157.609073753775 
-153.854124166291 
-166.456481130468 
-163.976599506380 
-163.928839314778 
-158.491610712254 
-135.889602108516 
-140.395924555389 
-149.313098532560 
-147.018889612270 
-140.496624336737 
-129.466017478846 
-147.075965357271 
-147.613938839418 
-148.072981313861 
-139.117900732989 
-139.742862573845 
-140.470509398287 
-139.702766014032 
-127.899649815971 
-130.779958436121 
-139.396659438410 
-133.818941901454 
-139.125585516518 
-142.430251000866 
-139.746241822614 
-138.706008149064 
-137.289454811707 
-143.692708758159 
-143.929430144186 
-144.008429050622 
-144.008429050622 
-141.699300699099 
-142.942018522902 
-140.485376172746 
-149.494586776651 
-142.091668499642 
-138.239285010648 
-143.359649323348 
-143.534442179527 
-142.701996511755 
-142.826069941481 
-137.942652311510 
-136.700124536345 
-137.779346392324 
-135.358482141517 
-134.461835399604 
-136.566638920421 
-133.843176855192 
-145.806073815745 
-136.819764902981 
-134.983204303307 
-135.970782292464 
-133.549723547321 
-138.600270892363 
-138.818950632925 
-132.917058539023 
-131.555271254461 
-139.583762428292 
-137.873530241268 
-143.972722582317 
-148.821055604036 
-149.864126185134 
-150.917868732540 
-149.971722087749 
-141.539297255476 
-137.270076237323 
-138.759882039348 
-139.916179662160 
-139.937491278788 
-139.937491278788 
-139.170144653337 
-137.113030800394 
-138.118550411327 
-137.449921417620 
-137.389936400897 
-134.430728186909 
-132.626764521182 
-136.775237867741 
-132.784572974346 
-137.692057759030 
-140.857467443033 
-146.774347693437 
-138.145623636031 
-133.788210525598 
-126.059769796827 
-129.151876180973 
-132.823093142594 
-157.570778167828 
-162.507821371257 
-163.338187577186 
-161.525131077245 
-160.215869600978 
-158.464846016283 
-160.717740644072 
-160.855868864809 
-157.979737571360 
-154.670819586873 
-155.794883172749 
-159.878026919081 
-145.439354916892 
-148.044311295658 
-145.321456845833 
-148.272101447668 
-145.907589027979 
-144.829217262440 
-148.030945093706 
-147.789845068777 
-146.946675078109 
-150.224432765485 
-146.673533142955 
-151.415555545029 
-139.140972449909 
-134.928988475659 
-141.224995572630 
-145.412030553483 
-130.920973588845 
-136.719378952515 
-132.143149466127 
-132.717027744420 
-133.255244455080 
-130.075703969143 
-130.155287048605 
-136.883966309361 
-136.567879841669 
-143.961447047624 
-148.407801904464 
-152.536887962263 
-153.418195438284 
-151.537500245721 
-154.521335065339 
-156.598977074875 
-161.485631833368 
-161.989778828957 
-160.529395744636 
-150.941817497051 
-144.215916850535 
-142.357254726609 
-139.058885117188 
-132.560816552035 
-135.258401594150 
-128.820792608620 
-131.273644247721 
-130.760534545196 
-130.450820111643 
-118.326228711524 
-124.399701458914 
-126.571866138006 
-125.173363324012 
-124.470887913437 
-127.305878224097 
-126.918809787349 
-123.772783482894 
-133.234131311571 
-131.993996651037 
-133.178491771609 
-134.815794936875 
-124.527981012714 
-127.161945383155 
-113.259750579987 
-110.438934456501 
-107.448501752218 
-127.720061650562 
-127.769174027443 
-131.059432721154 
-126.501614778770 
-137.200370946085 
-153.500429058573 
-153.561083602281 
-166.879345113680 
-167.128785939681 
-176.780549532777 
-171.998932575706 
-166.685787059660 
-165.792946914846 
-168.265868108183 
-167.395936519759 
-168.176862788615 
-171.868915805785 
-167.123008988621 
178.068406871072 
175.338498082418 
177.199827714925 
179.523713957147 
-176.804269914396 
168.601842488613 
166.957056186393 
168.607980639429 
173.226277046512 
166.373108421357 
173.620510464226 
173.294295806479 
172.173083570347 
176.158809762978 
-165.651799105653 
-167.365866934974 
-168.677712720631 
-163.878742271617 
-166.468920315889 
-163.974063121689 
-166.570223184640 
-169.090534900301 
-161.708540430524 
-162.091905535896 
-161.426425018929 
-159.381688117182 
-159.250253679576 
-157.672169279770 
-157.431079249605 
-157.924017106725 
-155.626303350810 
-153.489471155196 
-152.781982825620 
-155.647548630831 
-160.051530907665 
-159.686897401117 
-159.538312129635 
-159.569856188974 
-160.303007036471 
-160.387241478988 
-160.387241478988 
-160.591971910243 
-153.988982359231 
-153.988982359231 
-151.666010073468 
-150.417821804214 
-152.209110668130 
-152.400238503138 
-152.577843145910 
-155.736688022373 
-153.686940342949 
-150.094023257811 
-150.026984022755 
-142.615860394031 
-146.395275120755 
-154.977440948581 
-161.511681482989 
-162.470118027634 
-173.151283789289 
-172.613288030723 
-172.761549629806 
-179.530117378110 
-176.802256083140 
-175.500790608839 
-167.043220863600 
-166.477719981310 
-165.784168347510 
-168.430527433587 
-170.929209884645 
-167.191101695741 
-167.125240513346 
-163.084553279126 
-177.188088727946 
-172.718139131394 
-172.190981282616 
-171.799818848895 
-177.490628112919 
-170.383763585360 
-169.034770341667 
-169.034770341667 
-169.034770341667 
-169.003404134774 
-169.327825009350 
-169.318539292512 
-168.095416648074 
-169.373457893392 
-167.127873293377 
-168.615738656022 
-170.970043991855 
-170.575695860573 
-162.039716320033 
-142.932270742033 
-142.945486055797 
-141.164942944718 
-139.731312778241 
-143.257919483141 
-145.310007376642 
-145.550921645087 
-145.550921645087 
-145.310910949287 
-149.113137068145 
-154.044166164277 
-147.088554789112 
-147.754788564602 
-148.838198630777 
-150.301719702876 
-151.233450002882 
-152.953985421613 
-139.160715819065 
-140.703861152419 
-140.684286799038 
-130.174305950324 
-128.101446949189 
-131.064338159990 
-120.409195885069 
-122.637690205619 
-129.822959121360 
-137.273510743002 
-129.894440111120 
-128.885174603406 
-132.443602397879 
-132.609767622028 
-133.177017338075 
-131.485237351448 
-130.551816424403 
-124.109343734647 
-135.893259350884 
-135.893259350884 
-133.301006092377 
-134.284775045867 
-128.594700042067 
-131.462654607691 
-131.580657046761 
-126.331407011686 
-124.089939754209 
-130.793705636943 
-116.981830446589 
-123.813688177276 
-125.132652631483 
-126.117169346797 
-120.432561921904 
-127.321904378645 
-126.075255615113 
-134.561740733600 
-134.309547734001 
-142.703063353518 
-141.650114093995 
-141.134382795445 
-141.029965142601 
-138.416953905449 
-144.426011155008 
-144.866911471294 
-142.909851618457 
-144.895029476154 
-145.706125362002 
-148.620187546412 
-145.532629653896 
-144.013851755568 
-146.297394691316 
-150.074219612489 
-153.206448076120 
-153.292939161797 
-153.292939161797 
-156.824485469630 
-155.691556165676 
-155.898991352842 
-155.898991352842 
-171.140544290129 
-179.237769599965 
-174.357303648656 
178.815116738789 
179.863542296896 
179.605997725135 
179.172489951914 
-177.797969673452 
-172.803535510459 
-160.739266915189 
-157.051194197746 
-162.781445854708 
-164.206182270181 
-156.938472530093 
-165.060391369255 
-168.010460319749 
-171.714620202983 
-172.095806468146 
-170.637286755743 
-175.014596188278 
-172.933901330716 
-173.040609609441 
-173.890445272573 
-165.449139737543 
-165.066984619470 
-165.076112303969 
-167.318457588793 
-158.311749119961 
-172.178655224552 
-167.605995603339 
-163.856779209482 
-165.173640715408 
-148.443011432446 
-145.662982319978 
-146.190003659779 
-176.538646229696 
176.254396320876 
170.303592978543 
176.812597588328 
166.493576282112 
168.253750763668 
173.076016253239 
-178.934466505676 
177.809066464500 
-167.170388291951 
179.709635338169 
175.976952748532 
175.976952748532 
168.055862813023 
172.328912746257 
169.141035654290 
172.828211903934 
179.094681700574 
176.387329863482 
-173.151144459883 
-176.040932796789 
-178.448952822154 
-174.184520535473 
175.673648521923 
178.868245110981 
177.461976128875 
179.176069905676 
-174.956582436753 
178.388896398524 
-171.387099219121 
172.154485765674 
175.170182086500 
-161.682535783096 
-162.642981425215 
-159.670322851236 
-168.120946027292 
-179.923110803304 
-153.990558280132 
-141.608743259752 
-155.891078433811 
-154.282654144690 
-166.894449447627 
-146.139044602865 
-145.272963641541 
-128.430879850461 
-131.872251393456 
-131.872251393456 
-129.248958437834 
-146.960514000111 
-156.971685038279 
-156.270321396111 
-153.058302279079 
-144.904446907044 
-138.932040742951 
-137.920804073062 
-141.201539506716 
-142.781319006407 
-158.258027325035 
-158.182490545986 
-153.285662875946 
-156.407589888356 
-156.515438540707 
-161.907869188426 
-157.764917610809 
-157.559421559700 
-166.162525109719 
-165.719586091408 
-179.604589659086 
-179.118414103007 
-179.987381183256 
-172.860931141388 
-168.484802731123 
-167.960332562474 
-167.998584339023 
-169.812732595646 
-172.857820785036 
-165.339319438979 
-174.635734159744 
-168.667959531035 
-147.591694543062 
-158.939683369329 
-159.091378944382 
-160.959775858314 
-171.118966429989 
-170.412066947619 
-170.522820151754 
-177.908337443606 
-178.857157292921 
173.830167917225 
176.021902433226 
175.728906191417 
175.728906191417 
178.544556555486 
176.714479424611 
-156.409855534865 
-158.089522623186 
-168.564715873137 
-159.163466220580 
-157.946592874784 
-158.553819952832 
-160.231025182826 
-164.810023396812 
-154.616448109900 
-147.924436154417 
-151.203880049283 
-146.854371448708 
-145.141643046718 
-141.896605538157 
-154.456495684187 
-153.161729328153 
-152.200724781588 
-146.612747961649 
-142.280845077796 
-143.126208482483 
-142.829387368916 
-141.375448752076 
-151.973777639794 
-150.283980411802 
-157.377423090695 
-157.999033114116 
-165.780544470711 
-160.312977548631 
-141.233094973524 
-139.495410597836 
-139.451007647275 
-143.365931131548 
-137.813142273267 
-131.128727273818 
-129.089872288422 
-127.657564691446 
-127.228880562791 
-126.564735208013 
-126.859574593807 
-131.552424073574 
-132.624515227264 
-131.063047799483 
-132.147748470662 
-129.589678869342 
-134.567809205043 
-149.545518496337 
-147.844451223323 
-149.569865067620 
-149.494889718304 
-169.326793066623 
-150.686871304418 
-149.201727982074 
-150.631307345034 
-148.182049043639 
-147.177269693036 
-143.865903358821 
-142.672234562158 
-143.675162439182 
-149.910245769638 
-148.804254098741 
-150.155329905806 
-151.214491034390 
-152.063906540046 
-155.838524780778 
-155.653715931344 
-161.211747471541 
-159.925470989227 
-162.637658824188 
-161.476886967150 
-162.051313272325 
-164.825012195523 
-165.540794122490 
-159.170352134167 
-152.311428152454 
-147.749615520332 
-155.685157719860 
-165.145515805341 
-164.234568139209 
-162.459853179564 
-169.061763547539 
-160.404738140531 
-159.193601758970 
-157.284914905712 
-159.312564137305 
-156.279697990994 
-155.988000692083 
-147.244365802469 
-149.234771721777 
-141.607635064896 
-142.060777399396 
-143.785804219747 
-147.481565146116 
-146.280693680505 
-143.116592661598 
-158.947816035122 
-169.628449432190 
-177.490802757428 
-177.829202211509 
-167.890505722966 
-168.303178239652 
-165.734794780802 
-159.960649745132 
-158.961315164702 
-155.350577874705 
-163.447636618252 
-165.714829696382 
-161.598424997102 
-161.518547826143 
-161.518547826143 
-160.028569943054 
-163.339893146174 
-164.649042565711 
-164.695614104998 
-162.743137051038 
-160.351533334955 
-170.269246029276 
-164.843412307842 
-164.843412307842 
-159.865041775095 
-160.519306758494 
-163.457412438797 
-163.457412438797 
-161.074728327818 
-159.307207325416 
-156.597376140990 
-160.058090504038 
-158.629854671723 
-162.139808514134 
-160.145842320784 
-160.218684765296 
-160.758264537801 
-164.860372195248 
-155.114832217862 
-150.509369420808 
-153.921874942797 
-159.069318335617 
-160.579698196820 
-158.533887077074 
-156.812768057161 
-167.029123130168 
-158.900765636614 
-157.373436074130 
-155.688623049947 
-158.111815029832 
-155.299240325957 
-155.793501659782 
-153.306466786591 
-153.055630506762 
-153.477617022834 
-153.142178617078 
-149.689978583250 
-157.675917484178 
-158.686177899914 
-163.084448109540 
-161.229995950305 
-161.749146227700 
-161.823526675490 
-162.492812171789 
-167.963340163931 
-166.408850032553 
-165.259786235067 
-167.633117226928 
-165.328374650816 
-163.227855941484 
-171.621658466932 
-169.934689098810 
-158.029285425392 
-156.558754691829 
-156.460266306445 
-159.472543153823 
-155.801378705764 
-160.849622811736 
-156.240379338753 
-154.850556485569 
-153.400903407379 
-151.721487711827 
-151.721487711827 
-148.294469644546 
-148.578546924076 
-149.740949879339 
-149.709989795881 
-150.708246756731 
-152.328702810416 
-149.681699625780 
-151.683035904075 
-160.663062865748 
-149.062057618576 
-146.841241006713 
179.678919578383 
178.108154779309 
-170.468715869275 
-161.502887362566 
-162.257083346110 
-158.994779826814 
-154.660774541951 
-156.181339396422 
-159.033965207914 
-149.596414345085 
-145.742097248762 
-144.887261806366 
-147.793386338111 
-147.793386338111 
-148.929553758675 
-145.200442327802 
-144.400372325708 
-146.595645821131 
-147.981803227057 
-149.504895624914 
-151.438182991266 
-141.067038715111 
-139.421627129938 
-140.086227614516 
-141.175518302811 
-143.678811616333 
-142.591699788194 
-145.131893532228 
-143.042795961861 
-143.424264436457 
-138.597124298630 
-140.432939913434 
-142.342215641624 
-148.853897597871 
-148.817416387681 
-148.033997020611 
-149.179554675993 
-151.533663263610 
-149.123387964244 
-155.501314071910 
-150.108149041196 
-149.843632850561 
-148.292889194527 
-155.773763369311 
-146.875416707542 
-150.552944665071 
-151.012084436401 
-151.988741803269 
-153.074371236808 
-156.645575813279 
-156.493104913748 
-155.104024856572 
-154.628688848204 
-156.583515661638 
-155.644765119625 
-161.148882132830 
-161.144694976867 
-158.551293282902 
-158.528358532876 
-164.909850759512 
-164.254967526725 
-158.229632741013 
-153.773778289399 
-154.121046079214 
-153.699425665873 
-149.058289022844 
-157.905175905326 
-159.245587847072 
-155.983677168158 
-157.686468628730 
-158.161720017297 
-163.402805059695 
-164.665303004862 
-166.053619452093 
-161.899140355255 
-161.048255678977 
-163.607652920446 
-166.423214581516 
-168.152556907971 
-170.500919819329 
-161.524455015672 
-161.964514259696 
-161.119036886557 
-158.262230917821 
-165.385510056197 
-167.427971440643 
-167.943048712557 
-172.297206663131 
-169.724511774972 
-166.868642225817 
-153.829163823862 
-156.111311280295 
-159.287375059485 
-152.390351527369 
-153.720061496570 
-153.699226747674 
-153.641589116291 
-153.719463454664 
-152.995317095738 
-153.142533932085 
-153.142533932085 
-153.198548934419 
-153.974558461093 
-154.008874595617 
-154.008874595617 
-154.190726195563 
-158.379903764577 
-158.045231128748 
-157.075553070655 
-157.624787192714 
-157.855007040028 
-162.887883870252 
-163.000937485904 
-162.224000009541 
-169.870490564200 
-170.763445297055 
-170.619653067006 
-173.397371354139 
-165.500524966258 
-171.393230436929 
-164.482438249955 
-166.051386002507 
-166.208770808466 
-164.011466216236 
-169.770770186841 
-170.007522418089 
-168.214734244072 
-162.410198256580 
-166.383990240170 
-168.891986762318 
-168.218705198169 
-162.780643271409 
-159.944954751175 
-165.520582273030 
-162.086201771253 
-165.861370434424 
-164.516916194586 
-173.348677181472 
177.097942045317 
177.596804450090 
174.692617178445 
-178.872467541000 
-176.956568660125 
-176.740375598226 
-174.762146749485 
-146.465106653071 
-146.352543971135 
-148.013576004511 
-154.339823767869 
-154.836431017205 
-158.013347932967 
-158.898447216053 
-155.329563315976 
-154.076991097629 
-154.162392488504 
-154.162392488504 
-152.456916305736 
-149.964975375737 
-144.715809891390 
-143.175599320777 
-148.266426858303 
-151.668422115888 
-150.989669700311 
-154.774185555309 
-157.852078564260 
-160.363727563175 
-161.036612889797 
-170.653619678244 
-169.351793539064 
-167.376071721463 
-156.558369036296 
-157.282941446250 
-154.577859628410 
-157.936569790666 
-162.764478209700 
-171.323035020464 
-174.028913026924 
-173.092337350771 
175.874284651274 
-179.264636433248 
-174.784423054931 
-167.594105491071 
-160.155612436674 
-165.094267921446 
-171.155473768072 
-174.810342524570 
-167.802099272201 
-168.348791628545 
-163.063498476253 
-154.657087088680 
-143.009328350740 
-143.902165357160 
-143.575918591926 
-139.738547493326 
-140.128709452744 
-142.528364095127 
-144.582702494374 
-141.933911989186 
-146.881019610285 
-146.184685521541 
-143.173619520992 
-145.724602813288 
-146.775900013969 
-146.497943220603 
-144.622052401154 
-142.189927728563 
-140.765044612903 
-134.603316620218 
-133.142385706881 
-126.666936177329 
-127.981253403553 
-127.981253403553 
-118.639713299319 
-121.443151428965 
-118.421435781674 
-116.667738907935 
-102.731949922382 
-107.918538220417 
-120.577511664854 
-111.589072476862 
-106.371799511217 
-107.258827123509 
-104.153985408656 
-103.647739504487 
-106.031036414496 
-101.374934842024 
-107.047548053301 
-111.073678885953 
-111.073678885953 
-98.472637149613 
-118.606173510426 
-134.169829488457 
-128.820338432792 
-129.034272680196 
-128.729278070753 
-132.348457139418 
-131.542795652478 
-130.565790792179 
-130.486329783802 
-140.251378692727 
-135.941443360709 
-142.230001766763 
-140.388561242325 
-145.984874073926 
-138.650441237671 
-142.065196779011 
-143.420381294467 
-152.106903002443 
-153.225930940636 
-162.511796874526 
-155.320213486387 
-148.038511876954 
-139.797400674317 
-151.809600133866 
-153.810701369959 
-153.788995711537 
-148.971591664586 
-148.971591664586 
-155.143816918586 
-156.640944249621 
-157.401737966200 
-166.513682233219 
-163.386477794155 
-156.043016491212 
-149.609241326761 
-151.344744660697 
-153.169589915844 
-150.513216844166 
-159.203413021029 
-160.293055351070 
-163.526264456386 
-162.335201938099 
-158.305349152476 
-165.523521204117 
-170.228446497965 
-164.507423177842 
-162.068584464122 
-161.181786264809 
-157.089168462478 
-152.415685763781 
-154.457845426790 
-151.182510026907 
-154.889978462183 
-161.731163301708 
-158.862177598475 
-163.042527245376 
-163.105874084053 
-167.703128642566 
-159.889280548892 
-158.803678457187 
-163.769875518178 
-167.623680417295 
-173.169080939956 
-169.417738374958 
-168.612476377222 
-169.699197603373 
179.155965833051 
179.800034827763 
-174.060703786787 
-179.518638712409 
-179.241914767422 
-176.336888369679 
-169.500548530433 
-167.064773347911 
-166.635615690683 
-166.890564587327 
-176.410327484312 
-179.400720524718 
175.168072998728 
175.598490477031 
-174.660189616665 
176.701520981651 
-178.323656546176 
-177.774189517186 
-169.896775089776 
-158.163962170345 
-153.412175894527 
-152.816621283383 
-146.054284031559 
-158.520366292399 
-156.640002926292 
-157.675452180049 
-151.605370095511 
-153.859498862840 
-155.405706481325 
-155.487988969907 
-160.086534808016 
-163.325784602678 
-155.192715613565 
-154.353309051511 
-158.656027232536 
-164.354915195785 
-164.475306299190 
-160.564597618182 
-157.687474586015 
-167.906765367121 
-167.795306579378 
-163.616316656732 
-154.978119264647 
-156.243517949081 
-157.799387530183 
-160.905967624716 
-151.787329725139 
-177.927516806481 
-166.961110604090 
-173.454733955336 
-175.040372233716 
-175.453798585457 
-172.305007982120 
-172.305007982120 
-171.331794713270 
-166.146567529643 
-166.206802390627 
-166.421931536546 
174.902913530706 
-169.682974903262 
-172.378954281101 
-178.052468310896 
-150.879940795427 
-163.121365602183 
-167.553126745634 
-173.768152781362 
-170.148692133868 
-170.889474621816 
-173.204309737763 
-167.765969563774 
-173.766881707497 
-175.029378473475 
-165.853062752473 
178.594564449073 
172.870153200491 
160.224650288781 
165.847135133720 
175.470897008600 
-178.477445805967 
176.429538326610 
-150.553123415826 
-146.945439580274 
-139.930489485843 
-148.252666697135 
-153.317050534202 
-153.508978390365 
-154.957906938709 
-148.992301255864 
-151.852943103566 
-147.169076170508 
-148.752643036732 
-147.302617410576 
-143.394000824769 
-139.894355370400 
-137.933791626348 
-132.262431561646 
-132.728646477852 
-125.105290648567 
-123.382739100946 
-121.736219036513 
-123.528502080195 
-125.964360095720 
-129.933887316981 
-129.671815707789 
-131.415774966977 
-130.008207775669 
-136.645185133992 
-144.289700825663 
-156.108847497815 
-148.982264971240 
-150.212306428283 
-152.567186719175 
-155.915271366937 
-144.576160200604 
-147.778191845201 
-142.553385760208 
-150.362776892289 
-151.258512749842 
-146.159616022242 
-143.336045136425 
-142.797598276446 
-150.314749234145 
-145.908824643272 
-142.813170253254 
-143.939164935685 
-140.089675079750 
-135.582973195748 
-138.231741894734 
-136.121672363150 
-133.490991733581 
-134.922142702044 
-134.212076503973 
-135.649151267916 
-147.834890758292 
-146.238562164280 
-148.462915640591 
-147.148300701550 
-144.683565979574 
-157.733880893403 
-149.940296762237 
-150.427685976486 
-159.618997471370 
-165.451915626529 
-166.383601307394 
-165.670508805474 
-163.603116128424 
-173.325408233005 
-176.364561999928 
-176.364561999928 
-163.052551267532 
-164.059401992305 
-166.261991439264 
-166.143143199139 
-167.619027019443 
-170.542184360391 
-173.608607003019 
-173.186984000967 
-173.767528151457 
-174.490814725056 
-168.163375012373 
-169.897544849317 
-172.266452713338 
-169.861078829545 
-170.709587766758 
-175.630784952352 
-168.973221684438 
-165.817539472005 
-173.987154842652 
-167.795624663964 
-168.450829055718 
-168.450829055718 
-168.450829055718 
-168.418913358943 
-168.418913358943 
-145.536708731103 
-149.135340848553 
-152.576126545393 
-151.087562442198 
-146.247494629481 
-146.586211338038 
-156.247656879417 
-158.644692072776 
-156.220838714163 
-164.179530702244 
-164.806737588616 
-165.868387078177 
-178.080718122397 
-175.848029820120 
179.192984898970 
179.543054488267 
-172.064716345229 
-170.379507269850 
-168.048287153109 
-171.220684906176 
-164.486936643145 
-169.176736497097 
-168.715507889688 
-170.442123406273 
-172.851475460227 
-175.682142896161 
-176.874608952706 
-168.352257157632 
-165.444439410381 
-164.215505082394 
-166.984671774699 
-165.999615839614 
-164.842227091438 
-160.622523411430 
-151.729257105229 
-160.377295535301 
-159.318778912861 
-159.823692396942 
-164.956104110933 
-162.426094715879 
-166.628241326699 
-160.104602148666 
-164.223343273669 
-165.918527963243 
-157.603672081730 
-157.510224869128 
-163.354412323027 
-161.123335660971 
-164.651598681757 
-165.400066792326 
-159.158912707309 
-158.240432652304 
-162.476926380215 
-153.853997378918 
-158.111524868914 
-158.834301313749 
-160.915147556425 
-151.206021217578 
-150.071415224168 
-153.921389186542 
-149.714576214405 
-144.941728053201 
-148.334394856260 
-153.716079651185 
-154.243176533366 
-157.500548625024 
-165.675681178463 
-162.908666318246 
-164.773909480309 
-162.248608512963 
-169.259166604060 
-171.724579804380 
-171.297430866912 
-174.426334341414 
-163.511906060761 
-164.005832875667 
-167.744534102404 
-167.409242351123 
-169.854589689147 
-165.078356836755 
-165.567422283914 
-164.521267854318 
-166.176526648442 
-162.461532961546 
-157.918141553185 
-160.716598993341 
-161.205078552011 
-162.199763524171 
-162.950701883168 
-167.875837214852 
-165.792594601197 
-166.159123458312 
-178.068772456611 
172.988466032896 
-147.347397483548 
-140.302960388233 
-133.997086080429 
-132.461696671327 
-132.231421909649 
-131.534541625426 
-135.608075471058 
-128.428704250983 
-131.780995379680 
-130.541974005913 
-137.840793050337 
-138.015905733120 
-135.790439908349 
-140.915062982203 
-138.592509717009 
-126.126799243733 
-122.182230663464 
-118.925003883424 
-118.466743551171 
-116.700232891799 
-117.347594266352 
-125.211344068581 
-123.082976983585 
-138.639297343872 
-140.963069102741 
-141.378552627384 
-150.635711873878 
-155.189954467264 
-156.511165886849 
-167.454671185607 
-149.429690800507 
-151.192566941056 
-151.974878616403 
-152.711053283612 
-158.024521296320 
-161.801563935937 
-161.365724381714 
-163.159599250050 
-165.464506070795 
-159.382641265293 
-157.629772336080 
-158.917626585761 
-155.348712672874 
-146.081420709585 
-145.262998700381 
-145.401896749625 
-147.905778846394 
-148.426946536268 
-139.385232936425 
-143.659401469944 
-163.076872955471 
-162.124048483829 
-162.124048483829 
-160.971604874662 
-160.218563901247 
-143.053070607048 
-147.751013590656 
-148.259962906713 
-148.713269371130 
-152.232099282651 
-153.011776667853 
-152.527657386103 
-152.145159793153 
-154.928625035113 
-158.234337485537 
-154.435742173515 
-157.170668847452 
-158.244714010083 
-161.480297200713 
-155.469287154876 
-154.703656678673 
-157.704197201524 
-165.139404864713 
-151.151848795754 
-151.296733861450 
-144.530129745784 
-147.581082080748 
-152.281570052093 
-150.209722701331 
-147.401462436990 
-146.832383198477 
-148.194474945071 
-144.743174009600 
-144.747650928156 
-145.099555609308 
-138.386291955995 
-138.386291955995 
-143.220480691278 
-150.836763761208 
-151.670569063619 
-145.526238072062 
-148.409170530841 
-138.829144706378 
-139.914014173804 
-149.049702980220 
-148.562516757584 
-148.117024590754 
-153.658138713059 
-158.982515205207 
-158.371130003411 
-159.245071528237 
-154.304922721484 
-161.110297371932 
-156.800264196938 
-150.192881443053 
-154.423056612132 
-159.681668566745 
-159.147719146214 
-158.430262890481 
-154.966175552309 
-158.408260796400 
-158.358887219457 
-159.171271790974 
-158.775873232103 
-145.561351742450 
-147.177998095539 
-142.905908147356 
-143.700367640413 
-143.898649363823 
-144.413745467977 
-144.294073554984 
-143.218057655064 
-146.692676051156 
-149.825903410066 
-156.074135370706 
-156.436370910615 
-158.277639672845 
-159.653955077033 
-157.659779285336 
-148.346389776178 
-153.637182066911 
-154.783448175318 
-155.759807318015 
-135.805434783375 
-136.494481035746 
-139.004032063114 
-134.248864885367 
-135.999760823889 
-135.999760823889 
-135.036589528898 
-136.591839298783 
-134.934204762212 
-135.594941444565 
-129.315815292368 
-131.391472715182 
-131.593027603404 
-135.036246227833 
-141.867996881719 
-147.221940742545 
-146.735801385236 
-143.480564026928 
-146.118893906352 
-145.325354513178 
-145.320144798782 
-143.035588808188 
-138.467565142087 
-138.867158621099 
-138.427197646809 
-137.210096117775 
-137.210096117775 
-125.377493417771 
-129.968695486314 
-129.277030359330 
-133.820821083901 
-132.139001387894 
-132.263952779957 
-135.315685661455 
-136.695928892357 
-137.397423189001 
-137.283674001970 
-138.597950174496 
-141.486073767513 
-142.237068963058 
-144.107015948223 
-144.107015948223 
-142.303064169098 
-142.303064169098 
-138.526371561679 
-138.827132306797 
-138.827132306797 
-138.827132306797 
-145.195402652218 
-137.158917223196 
-146.634718552527 
-142.205307671709 
-156.841059384994 
-147.920286047198 
-149.357162324104 
-155.141032143789 
-143.158374720224 
-146.745830646934 
-141.396871724230 
-140.408165031788 
-151.756541577885 
-153.708815248853 
-151.710957636146 
-157.130043859762 
-157.130043859762 
-160.920673700777 
-168.925447874136 
-165.225231190316 
-172.003496872245 
-164.207011204742 
179.439349918778 
175.255561109625 
-174.688799326178 
-170.339195952247 
-175.681086326030 
-172.623918360930 
-174.839079106670 
-176.245182445816 
179.980461573616 
165.085739009751 
171.925719232440 
171.614696103397 
-174.514869951318 
-174.458495460848 
-155.208904121365 
-156.064192883175 
-163.174198778891 
-162.963944736288 
-163.514477499088 
-179.453636108078 
-178.994948460916 
-167.393582852177 
178.077869984596 
-168.023424959621 
-165.669001367287 
-156.686751709653 
-156.618050212245 
-156.862461125563 
-156.717672630575 
-156.735002059430 
-148.077339088151 
-153.183404470751 
-153.965744252970 
-156.694628332131 
-161.222163805714 
-145.448762505945 
-146.309659595399 
-148.113112728511 
-160.523961745703 
-157.600071603882 
-154.159089293532 
-161.798666328288 
-160.971336311728 
-157.842745175806 
-158.867749349209 
-160.630821895028 
-160.630821895028 
-160.670684967463 
-160.670684967463 
-159.454890860286 
-159.032491935189 
-148.079857822105 
-148.088877431729 
-151.638483236657 
-150.647602795646 
-150.745192537475 
-150.460221888001 
-151.642845747170 
-153.632146053514 
-153.957319506328 
-152.090772794506 
-157.074046316561 
-157.076387280683 
-159.032841548054 
-154.034820199769 
-154.401342604743 
-152.304204438673 
-157.282468384478 
-156.470368050358 
-155.642180387695 
-155.642180387695 
-156.747215272128 
-155.535347341643 
-157.545119642090 
-154.297296798991 
-150.325139648618 
-151.790626744026 
-142.914939023093 
-145.573500124564 
-164.466336122815 
-163.577163154536 
-166.896700482830 
-166.953478955716 
-166.839144798862 
-166.839144798862 
-164.558116763580 
-167.203666519520 
-163.577228428702 
-163.577228428702 
-163.724953736901 
-166.741857193332 
-160.927351571637 
-161.392426799692 
-164.826432542058 
-166.021905329910 
-165.333939052870 
-165.157564609316 
-165.718859703664 
-170.135266531522 
-167.125441534860 
-167.125441534860 
-167.125441534860 
-169.363257698042 
-170.184039219630 
-170.217559892772 
-170.217559892772 
-169.954166447636 
-169.954166447636 
-169.876286537115 
-167.230969167030 
-167.230969167030 
-166.782690815641 
-166.986169796013 
-166.558383164955 
-166.715835708088 
-164.870917127304 
-159.209443117311 
-161.292596269381 
-158.410182338568 
-152.279321985728 
-155.474160988305 
-154.877532449320 
-149.899294536365 
-152.597256744801 
-148.471326588641 
-148.565839232222 
-149.755459547259 
-149.359354123618 
-155.059892875935 
-154.745584889776 
-151.669755988929 
-148.241971289692 
-151.151447522373 
-150.064590250055 
-143.753841740785 
-145.060897278041 
-143.571363848296 
-141.826698981141 
-141.352951570756 
-147.549505599602 
-143.327230856560 
-137.830079554755 
-134.606616282765 
-138.911045860707 
-136.621141501950 
-154.070512466947 
-144.658409181747 
-148.588533144601 
-142.535314304631 
-151.728560658833 
-154.943012863567 
-152.975574244317 
-150.549058961550 
-149.211730383448 
-155.677327172003 
-158.473483294897 
-144.397604719665 
-141.057448338152 
-144.746103877429 
-146.018032515966 
-150.150187933997 
-149.609849882599 
-150.485990403109 
-150.451526028645 
-148.399219868335 
-148.251458628166 
-146.704411449254 
-157.896253437356 
-165.951538318295 
-165.285388273999 
-162.891209463016 
-161.857016599293 
-168.119892381957 
-138.899856520119 
-140.548602323598 
-139.526175711445 
-135.465736349669 
-137.556250364786 
-141.963545131257 
-140.869804526840 
-140.323903694300 
-132.270946800677 
-124.201920714369 
-128.231532862603 
-136.544739076458 
-137.729877135077 
-132.940923987018 
-147.359679235048 
-146.898722488060 
-146.711842022653 
-146.711842022653 
-149.084923772056 
-148.566340782332 
-148.566340782332 
-148.411366786010 
-148.171011185531 
-148.171011185531 
-147.678720355783 
-148.011740183954 
-136.138012140417 
-137.973859421598 
-135.397722542544 
-135.203659410654 
-134.068355271310 
-139.591998588741 
-135.478351899477 
-131.659020745759 
-124.701708510706 
-134.587380561407 
-134.203241951150 
-135.925017053595 
-135.925017053595 
-138.020834189204 
-151.008127713009 
-151.926569927750 
-151.926569927750 
-152.748422888785 
-145.607663937721 
-165.703331370342 
-167.948241604855 
-168.055409305680 
-155.184932031723 
-152.290700949142 
-150.131624835668 
-155.828479905445 
-159.670883156943 
-158.465552434099 
-153.252189923823 
-156.387972701838 
-159.169575652223 
-160.128322569120 
-167.571596478966 
-168.561453292579 
-165.821135604787 
-150.832589956116 
-134.418117555063 
-137.656300092315 
-137.522946505175 
-135.525248546922 
-126.577023796119 
-140.247257718099 
-146.480415520707 
-147.998763871244 
-143.148104039284 
-151.158525500393 
-163.125537283054 
-148.023356083370 
-149.271027123677 
-159.166685559618 
-159.446502217404 
-152.706197335547 
-148.919905537732 
-162.212148828551 
-163.722373702210 
-160.840682529940 
-163.124857065437 
-160.811114064529 
-165.658821005299 
-168.248461843697 
-162.502618362458 
-154.619184446766 
-157.065210015802 
-158.397114774266 
-155.413805177240 
-156.577445254275 
-156.577445254275 
-159.147331344197 
-139.859147058623 
-129.667608392200 
-128.693174897520 
-139.215976538260 
-135.399806701281 
-135.990227761702 
-136.140170097825 
-129.774283800573 
-136.482920150824 
-135.971062732306 
-136.797995483284 
-142.289202878701 
-145.367822031315 
-146.086778580373 
-146.086778580373 
-146.086778580373 
-146.086778580373 
-145.203160202813 
-145.493112343180 
-149.882775296906 
-144.853335206314 
-142.451281000745 
-149.874857924822 
-161.331936667432 
-157.915660593601 
-155.074465927995 
-156.489130441701 
-157.226063223886 
-162.042679867197 
-156.458986425491 
-159.199938287993 
-160.117027105122 
-156.038185977942 
-163.071714858927 
-166.638243962274 
-172.770820645357 
-169.358913101877 
-169.433187673671 
-175.321615706344 
-170.361271051750 
-170.285375814792 
-168.172429445613 
-173.958727401357 
-172.326987170009 
-173.334651308232 
-175.824043569194 
-163.746278553713 
-155.864555608018 
-164.302897647475 
-165.146881887330 
-163.822746553814 
-160.474250343940 
-160.195882898674 
-151.585485502472 
-144.574406373805 
-141.356724609207 
-142.742168112820 
-144.029704086780 
-144.504891298323 
-151.930600439271 
-151.648532348218 
-150.017014437784 
-147.464907614550 
-151.680917428905 
-152.501108804586 
-142.578809047407 
-149.798798103850 
-160.352737289763 
-160.004398450248 
-163.074936360951 
-164.217442698417 
-166.223753338366 
-167.101331447374 
-170.198380685567 
-166.756978699380 
-165.808560072547 
-159.424722644856 
-155.161502639400 
-152.493672129860 
-154.319030073871 
-155.080322021748 
-155.523616405464 
-163.438913630704 
-169.530248343676 
-169.416362867606 
-177.141734488027 
-156.764940857601 
-175.565880525402 
-176.279408864742 
-176.296041445290 
-177.436269073825 
-176.731374422220 
179.603485592257 
175.671332825412 
-135.594166726317 
-134.006308623422 
-133.126268598293 
-133.126268598293 
-135.184807665896 
-134.978122240740 
-133.843478626856 
-133.843478626856 
-138.183486358801 
-138.161090419775 
-138.161090419775 
-138.172621534096 
-138.172621534096 
-137.167139228847 
-139.646315061455 
-137.042890206614 
-137.042890206614 
-137.042890206614 
-136.265084383249 
-142.889739713042 
-142.766134944856 
-143.422290153143 
-148.296392321526 
-149.420100298890 
-158.525191046675 
-158.135922023350 
-158.780819357818 
-158.333313543960 
-158.363901764372 
-157.379615549903 
-156.551828479282 
-155.812923802402 
-155.812923802402 
-159.914018386994 
-159.925797632404 
-159.253962749693 
-156.439704159886 
-155.187209690797 
-155.928741746580 
-166.141335995208 
-163.682458814256 
-164.290892212060 
-164.284136731961 
-167.575764529882 
-167.575764529882 
-167.379531316473 
-165.060367540260 
-165.060367540260 
-161.683619723754 
-164.886115095037 
-163.723920958173 
-150.841793823172 
-147.364704002890 
-151.361862921669 
-149.128477098686 
-149.089977011189 
-148.004250806803 
-155.016795794091 
-153.665215509423 
-153.305152082061 
-148.777596805537 
-149.094773581661 
-139.571142215037 
-140.056430887684 
-147.448259134987 
-137.572798188662 
-137.426648457286 
-139.918360259684 
-139.918360259684 
-139.556760141742 
-141.282034985223 
-139.672560994954 
-141.288782166191 
-148.543758883427 
-149.144199678190 
-148.192254234506 
-148.546426526186 
-148.479469303466 
-145.535072220845 
-146.438101386611 
-150.054512263728 
-148.894405130279 
-159.405923230578 
-159.808867403171 
-158.984135144228 
-150.618821380787 
-151.471942384533 
-154.689649029735 
-153.460834898313 
-157.172798141623 
-150.839376129899 
-154.506005223371 
-153.905269994472 
-155.064655315259 
-134.940332900454 
-133.557925641193 
-133.557925641193 
-133.647078975329 
-137.147783627415 
-133.692984412486 
-134.630957957280 
-136.752010697247 
-132.899186117277 
-137.086533214720 
-138.566430518347 
-138.744868075927 
-138.040332996690 
-141.114187839649 
-137.663849033742 
-136.985245562488 
-136.964523316897 
-138.746922300433 
-141.480347663761 
-141.569388411953 
-144.228966969310 
-145.705973993161 
-144.353331833678 
-143.052266275592 
-154.949932772590 
-152.976162130210 
-161.019117332390 
-163.135660321583 
-156.007197113118 
-157.156836312918 
-156.642365617180 
-157.812126419556 
-152.350226207422 
-148.992692241743 
-149.795273766148 
-151.900193142087 
-154.618302404382 
-153.791151610287 
-157.024346083048 
-159.678066184935 
-164.852316060625 
-165.843946579770 
-171.281097061126 
-173.530718941241 
-174.316427704910 
-174.090423760314 
-174.090423760314 
-167.158493869052 
-169.945293857372 
-173.057446202291 
-169.501497643218 
-166.561111454056 
-165.551156077845 
-161.300380666041 
-170.514885027064 
-151.476132287736 
-148.261733850200 
-150.192247303881 
-147.888296595832 
-144.575494908741 
-147.722064028519 
-155.488006607958 
-154.814243142085 
-154.895629164778 
-156.566738885287 
-155.084695806497 
-159.097440374861 
-159.254905587372 
-158.112736312713 
-160.356090610898 
-152.461967380748 
-159.618248588083 
-157.540158134959 
-150.671269263775 
-151.672860418744 
-151.708690830773 
-151.209532898068 
-150.090702998691 
-150.976002007949 
-150.971603874359 
-154.599006250115 
-153.892082021324 
-159.053693482903 
-152.365756342694 
-143.984403421172 
-142.820177864622 
-144.308654042937 
-148.957977053664 
-149.208189479704 
-146.740565695507 
-146.674077102419 
-157.239433644084 
-154.489950279838 
-155.575872237447 
-121.396300234194 
-126.745782101424 
-133.807690744295 
-128.589499616384 
-127.384221085271 
-118.602473350337 
-119.432813302584 
-122.909252925521 
-127.765355786327 
-132.820941241472 
-131.845263667727 
-119.218628991000 
-129.090319738258 
-128.394626270479 
-138.401893487619 
-134.786706095883 
-136.080696631165 
-147.030799444900 
-145.679753142895 
-154.819014498461 
-153.496891783644 
-151.855633496501 
-156.615507347800 
-155.003410546471 
-149.590459821921 
-161.365460104453 
-157.840505547348 
-156.130639307921 
-160.807176322355 
-161.658458711202 
-163.528895268188 
-160.925917728026 
-164.926485824846 
-168.398638281307 
-169.266698379264 
-168.262988251263 
-168.607630824458 
-178.229756091450 
-174.820927424530 
-175.421723066876 
-173.060006748901 
-173.502055117132 
179.640247728178 
-178.193209332590 
179.656135167111 
-179.495627798440 
179.960696073647 
179.871437716855 
177.119945702256 
178.849345053388 
171.836815418369 
171.994778561135 
171.994778561135 
171.994778561135 
173.087232445402 
174.198194800005 
174.415545603115 
173.904304320449 
173.895472706072 
177.669238970950 
178.985481876030 
172.601499041693 
178.939653224212 
173.801502962916 
177.207125181701 
174.264855698290 
178.034104330614 
174.489184710163 
178.300879290254 
178.834507082910 
-178.252488477123 
179.345585518702 
178.066363117953 
178.066363117953 
171.235773121433 
170.660299019274 
178.037908366597 
171.243035124127 
170.608112869940 
172.239425643513 
173.896729030368 
178.988427960265 
167.901095607843 
165.327227139464 
162.884685507363 
167.707523706559 
168.008498521937 
163.864324325167 
163.021476783222 
167.625596970644 
174.528793405863 
173.281519067215 
174.032931012993 
173.118528881642 
-147.284035544207 
-151.538387383467 
-151.538387383467 
-151.538387383467 
-152.987589763666 
-154.188919550067 
-155.018790011057 
-155.201429814641 
-154.362712732776 
-154.760075788467 
-147.082845113461 
-147.427002210657 
-140.770663097089 
-144.415583707115 
-143.719678050100 
-145.436252085094 
-133.972636512078 
-127.389510829661 
-128.091110057763 
-131.054291157142 
-153.595087666176 
-157.586061198947 
-161.380722292404 
-163.724206345015 
-160.337140755805 
-157.507297896227 
-159.171524079601 
-146.677395619809 
-146.294277666303 
-145.433711549684 
-150.920851906828 
-152.189438716028 
-152.044457056274 
-157.486210360599 
-146.040477064703 
-141.959494580323 
-147.185988355687 
-144.997920209734 
-148.618806828775 
-154.573211608756 
-155.389490762379 
-155.098962896096 
-154.242585636899 
-155.204608440209 
-153.249874719814 
-153.296165932946 
-157.201844402625 
-151.478925495642 
-151.135081639154 
-151.202728380503 
-146.688778499122 
-149.040429459386 
-149.768286602011 
-150.038536556929 
-152.332301901521 
-151.277645532880 
-146.657261157177 
-146.483977124205 
-128.675550524205 
-133.464348688103 
-130.366485433772 
-129.788600214691 
-126.280530847622 
-130.839638171213 
-130.551367388154 
-127.518239247239 
-127.518239247239 
-126.594455823540 
-124.626756264551 
-120.929073616343 
-116.301170933868 
-113.892320365131 
-116.824564944250 
-106.252534332227 
-103.056603516270 
-104.481785400916 
-109.529375588478 
-117.902295649896 
-113.388563062118 
-115.786728420073 
-113.785924854191 
-122.336793030078 
-126.716972176597 
-108.497037691198 
-104.683353868185 
-105.720635742644 
-104.774586104229 
-109.792379806536 
-109.254628584323 
-114.848605402347 
-120.017596435919 
-120.017596435919 
-113.417111930469 
-113.417111930469 
-158.083839268850 
-160.114316804778 
-156.301809159746 
-156.827485826907 
-162.535286805795 
-162.165022104086 
-165.087103962408 
-165.087103962408 
-165.087103962408 
-171.452490415956 
-171.172084518791 
-175.855804465095 
-176.263234303564 
-173.784733909828 
-174.740994359292 
-176.145681587791 
-177.113094585636 
-179.167242736510 
-179.164850493035 
-179.240950847972 
-178.617118006724 
-178.617118006724 
-174.542316149607 
-159.302033078166 
-159.137296088777 
-159.279415929640 
-159.409165186159 
-130.076644865142 
-141.516587945878 
-129.545343007609 
-116.562134296396 
-115.903133753135 
-121.681558443774 
-120.526895387927 
-116.808090976826 
-120.760440285147 
-118.427174975909 
-117.585822506625 
-118.789653993051 
-118.733171608586 
-121.344429019380 
-115.587331210743 
-116.577030680728 
-115.668516614154 
-115.297358160913 
-113.764257558255 
-117.093021503280 
-120.169988943219 
-120.169988943219 
-125.438133363300 
-136.574391454621 
-140.703518545362 
-144.561522824441 
-142.752987635882 
-140.931211682016 
-133.505823688965 
-137.571858743480 
-133.451038510155 
-132.113655042278 
-134.334141619594 
-135.989769799251 
-135.479517392843 
-135.740863683310 
-138.184406348359 
-140.923271629390 
-138.006033986670 
-141.071348751832 
-131.154905752802 
-133.993195863930 
-133.993195863930 
-136.454274259525 
-135.328785276959 
-132.379992695847 
-133.683356595010 
-133.722505147661 
-136.349848893853 
-146.068901376066 
-147.860451797533 
-149.312502710221 
-142.523267812344 
-138.247504868012 
-138.967048204396 
-146.418280485990 
-146.674783952122 
-141.546294569985 
-144.256381862567 
-145.020910793527 
-142.373819816148 
-135.077421829902 
-137.800659118795 
-140.569040335216 
-142.725206627884 
-135.158510276880 
-139.505874865884 
-149.627351574382 
-138.668735351863 
-140.114185932484 
-131.236869133487 
-137.391684950001 
-132.538332682447 
-135.821372677210 
-134.045665904686 
-134.462142347153 
-121.480777496391 
-114.116475317989 
-115.536926547249 
-111.262843400796 
-114.757325192692 
-112.959302874417 
-108.256473284512 
-103.896390016476 
-101.523458065436 
-102.373977860587 
-100.594216637874 
-106.497100019111 
-104.636106902329 
-104.636106902329 
-103.602012249250 
-103.915469558202 
-93.498529793112 
-101.836324111787 
-91.251907291798 
-92.934271534774 
-86.993142888750 
-103.276269172676 
-94.882893732948 
-91.804988993599 
-98.324404521961 
-87.752851261394 
-92.175412063410 
-75.457501565965 
-106.195873661124 
-63.329854086253 
-64.900775430229 
-77.839969420389 
-87.006418136263 
-82.732423810030 
-89.266217786374 
-84.187613669789 
-102.637915964762 
-116.728557564507 
-108.146893432233 
-108.906001567949 
-77.146262445381 
-79.157590411218 
-97.783596253617 
-114.760726870079 
-122.806934782529 
-116.573799929228 
-112.361802141553 
-118.753366748185 
-110.158231049041 
-113.039068128171 
-116.663577536034 
-131.205069131804 
-131.443889597929 
-133.697632847307 
-113.227186859388 
-124.626488908821 
-126.936327899934 
-109.362428727169 
-111.770227933968 
-110.472726758302 
-115.047341015378 
-115.518948976062 
-116.054746950520 
-106.943665885331 
-108.035336318281 
-115.535115053094 
-98.333497834927 
-121.104275028207 
-99.538487717701 
-106.238948404740 
-113.991605410368 
-93.994116889506 
-93.994116889506 
-87.059282530061 
-99.522484873171 
-88.665518755301 
-91.993925912897 
-111.100751235944 
-94.674092661320 
-90.093323135316 
-103.248854987835 
-103.340560649572 
-103.853149929272 
-110.729947581855 
-103.360764997980 
-175.161214058303 
-170.811637052509 
-161.522809998845 
-158.641179792343 
-163.583234453920 
-163.296004305350 
-163.508059793581 
-178.633402526122 
-178.539812576770 
-179.442742173954 
-178.743171951669 
179.968991587327 
179.148133471749 
173.853716294789 
177.894041110421 
173.137721350700 
178.991706257464 
175.439407052416 
175.712802299484 
177.013780036425 
176.417040860852 
-179.694253100614 
-177.304348704516 
-173.183840569262 
-173.288004937825 
177.164335106450 
175.664686497240 
175.664686497240 
-178.855109717943 
175.865391622244 
176.246092463853 
174.361707066661 
173.070263413241 
175.491964731328 
168.876409849679 
167.158644259954 
168.804165386214 
176.392695580690 
176.990784284511 
169.761822031593 
173.515029236049 
173.791333199296 
177.402194732711 
176.445453548853 
-175.448046417444 
178.599454116611 
-177.134568018249 
-176.853975064413 
-175.603203696419 
-177.020663032199 
178.118994252094 
178.927548355362 
173.010403432926 
175.216115457249 
176.923478868454 
-179.349698338368 
179.723425118510 
176.012942505115 
177.487494568109 
-175.775501077508 
-172.488268653260 
-176.588484235766 
-174.186136311678 
-173.674414272218 
-173.589348228596 
-174.409251816080 
-175.008214181970 
-174.429381799317 
-169.494669569979 
-167.731580394110 
-168.476442109725 
-162.908390029587 
-162.422002065256 
-162.487304566480 
-157.913684580310 
-156.347133827395 
-161.440366336668 
-167.719808820751 
-167.833668281456 
-169.384268475151 
-155.857182797510 
-158.542304252024 
-159.963690376463 
-165.778679173158 
-165.997079719881 
-161.460655071733 
-177.054439581551 
-157.360740009039 
-157.360740009039 
-159.326851406418 
-163.196096687951 
-165.187743283237 
-166.221187335926 
-162.640185096946 
-166.167985479803 
-169.146372324650 
-169.373831132213 
-166.640655719614 
-165.869246506933 
-168.594437538604 
177.392720975319 
-169.648051651151 
178.696041802478 
171.465506834494 
-176.535119281564 
-178.831683517627 
-171.308188685038 
-178.086932787497 
-166.534187738874 
-165.609029527291 
-172.068280991226 
-160.113995114908 
-157.661160375887 
-157.661160375887 
-151.689510433787 
-135.109403831252 
-142.148087689187 
-152.536930597391 
-152.907150014841 
-152.567076896952 
-153.261504705790 
-154.948913524822 
-159.090249967147 
-152.617079683579 
-150.097492843687 
-149.806754060388 
-150.577467514327 
-149.389805432168 
-149.529754609104 
-148.386430553008 
-153.474564554743 
-148.334015116763 
-151.164925309253 
-151.435544367681 
-151.313019173754 
-161.445214405255 
-168.631175156728 
-169.211637711835 
-165.198408923640 
-174.832737497841 
178.688540396181 
172.865008606807 
177.327142141359 
172.436340809248 
-175.062316809866 
170.225147583487 
163.529123951878 
165.045815444229 
158.649192557067 
173.943894496684 
172.395944441563 
-179.617583812988 
176.313816367204 
174.294105803704 
174.294105803704 
177.677067643532 
-179.912943515659 
-178.064812157119 
-173.473074521497 
-175.225751392305 
-173.876482607420 
177.455561442103 
172.927186029930 
171.085214631193 
176.986642363201 
178.279607385453 
170.056870748589 
165.821490816739 
178.817308914272 
170.847875328164 
170.205772972694 
175.642285545608 
178.866787173916 
-175.243835507833 
-176.277820609003 
178.787069637002 
-179.775372115250 
-172.000032551009 
-167.673681244519 
-166.732398642547 
-168.461497246694 
-174.418893070454 
-175.440093481967 
-177.587901237968 
-176.983491423354 
-177.718489307466 
-175.379944439568 
178.086369904297 
-149.337467339199 
-150.278378580465 
-159.928516562585 
-155.625698085445 
-154.073493590201 
-150.143886324321 
-150.476592819616 
-152.153061000010 
-152.599549847810 
-146.016509579024 
-144.460393401023 
-143.747107434010 
-143.747107434010 
-140.145280864545 
-136.102255185802 
-132.133268146293 
-126.634112739326 
-129.674358645814 
-129.241588519915 
-130.764241500564 
-134.152169541224 
-134.152169541224 
-134.152169541224 
-134.046174790821 
-132.118873190388 
-129.337006213637 
-134.787474639979 
-134.589433371650 
-133.122435659124 
-136.412924763847 
-142.365851510657 
-140.952914569654 
-140.383942270760 
-130.034666101180 
-130.034666101180 
-129.886730957724 
-126.888774653919 
-129.774344326629 
-131.427056619254 
-133.364330628137 
-134.646574896673 
-135.987082521296 
-137.800742621270 
-135.379648695560 
-129.974161594260 
-130.987891102797 
-131.204783426047 
-131.204783426047 
-134.367153747588 
-132.696250627898 
-129.558330818121 
-129.558330818121 
-129.558330818121 
-130.800795242599 
-132.136805777281 
-135.090483547708 
-133.501269979675 
-142.787704122468 
-143.414290407341 
-147.274541252707 
-147.313108530187 
-152.986796836547 
-153.539832262033 
-155.737368957566 
-159.349222733063 
-157.953865698178 
-150.714513215380 
-140.613510314203 
-136.775931239840 
-125.012717849782 
-130.235554112308 
-128.980419954197 
-132.859866441224 
-130.534022549986 
-130.534022549986 
-131.681467725954 
-135.527404895461 
-135.779820769019 
-135.216447072647 
-135.420137480365 
-136.955710244866 
-136.955710244866 
-136.955710244866 
-138.656033701968 
-138.466393587444 
-138.466393587444 
-136.109142640581 
-134.705164817856 
-140.402006254013 
-145.277457897487 
-145.277457897487 
-147.330647798644 
-140.784340184686 
-143.789214589415 
-146.306892873535 
-147.159760340298 
-147.159760340298 
-147.159760340298 
-146.026113883257 
-146.011410865583 
-147.861394882858 
-146.641897181114 
-145.435688490478 
-145.039372496116 
-147.005809818988 
-148.373527420085 
-148.628553512791 
-149.034403710455 
-147.546444779168 
-147.583465759340 
-146.174555968905 
-145.207861626632 
-140.995129339539 
-138.765616738394 
-137.395569106667 
-136.723928868833 
-137.357265094249 
-134.754720882232 
-141.048589701703 
-142.689816106498 
-153.017388537492 
-149.560373996439 
-151.212277073510 
-138.699545142033 
-141.598984040693 
-145.757402052910 
-156.432919756855 
-166.732437387915 
-166.895243629381 
-155.676457367756 
-159.907161952350 
-158.469430804077 
-155.812098947249 
-151.210790799287 
-148.762931283906 
-142.781953017177 
-122.037375591666 
-125.067066527422 
-130.706852482206 
-136.193043903588 
-141.140934532781 
-131.313065761283 
-134.498558957009 
-134.629805927131 
-135.258783338219 
-141.767382164920 
-128.131193527113 
-130.785300882045 
-129.684169653214 
-130.499111059876 
-139.838599956222 
-139.146826720411 
-141.293013269813 
-145.109277531530 
-146.505900242238 
-158.618348111303 
-157.655467267642 
-149.703471601558 
-152.680274653500 
-146.169406522292 
-143.906997352676 
-148.558042552957 
-147.756504172160 
-148.960783271144 
-151.662432283449 
-160.542134985199 
-162.738999091182 
-163.018497401081 
-163.417438246723 
-163.771325594349 
-163.080176565819 
-161.602496193722 
-161.466393791650 
-161.670974080325 
-161.121199405409 
-152.276941309135 
-149.951162417194 
-145.744105003091 
-147.713533066454 
-147.854373834421 
-155.337713014981 
-155.318559724302 
-156.805863912080 
-159.558710380393 
-161.691259748133 
-161.517862498294 
-164.858552151740 
-165.170823777979 
-152.719553240863 
-151.247163990271 
-142.264142199129 
-137.798382527865 
-131.258152712389 
-139.383672301023 
-139.052052368763 
-140.620209889711 
-145.441895214792 
-137.572673510119 
-142.848759504236 
-137.430884009135 
-140.259370062896 
-131.661301631282 
-136.912028258176 
-128.727148112798 
-122.746085921999 
-126.117838008092 
-121.888627525626 
-125.743174140053 
-127.418386686031 
-130.412102125234 
-132.830374454910 
-132.899458060545 
-138.598505488944 
-133.318957900972 
-120.578337263778 
-129.226032164133 
-158.581863068359 
-167.048103828760 
-168.209750526803 
-172.036232068807 
-174.625406928623 
-171.610474551845 
-167.369131237898 
-166.779647588818 
-159.866385967608 
-156.942522795120 
-156.377458943057 
-146.686552696387 
-150.867866990778 
-152.528113774406 
-152.475225654515 
-153.257082933610 
-156.083471177597 
-156.083471177597 
-156.374348752003 
-156.274976162332 
-156.274976162332 
-155.666830944527 
-155.711242770616 
-156.317988599648 
-153.510178257188 
-153.854000737450 
-149.085400105004 
-150.775237279625 
-142.484077530965 
-142.551766959623 
-143.167273154044 
-141.837690624627 
-139.115661140006 
-139.144923261720 
-139.483989514086 
-139.483989514086 
-142.285701429475 
-142.217474662751 
-132.947680048030 
-141.699827441925 
-144.216307272092 
-145.474166895092 
-134.455443444781 
-135.795929963990 
-147.021348932878 
-136.889551409513 
-137.592850215167 
-144.442099346660 
-151.198254925411 
-147.173233769168 
-153.365914043230 
-151.648979600947 
-151.339688192642 
-152.139954050326 
-148.504484105903 
-151.476651600560 
-140.627113971204 
-141.480450088319 
-142.743800645885 
-142.437809840493 
-143.087456827700 
-142.695067373513 
-141.654058614786 
-140.781179615413 
-138.514529140487 
-147.519390367164 
-161.107865302402 
-160.551478433725 
-162.771045541846 
-164.029291684608 
-170.046844323023 
-171.065199952514 
-175.031339253163 
-175.096256655117 
-161.227659627255 
-155.767459946636 
-154.924295919353 
-156.074810437090 
-155.802994517626 
-153.789000674503 
-153.285819270303 
-153.368286046588 
-157.663297831050 
-158.340471783255 
-159.016780701062 
-162.104467802526 
-154.732655577438 
-154.347419891899 
-145.127605693806 
-143.760190111911 
-146.208271930719 
-147.779078561264 
-148.705793063133 
-152.537229798104 
-148.564967437554 
-137.346026411734 
-137.187319084761 
-135.090697895112 
-135.090697895112 
-134.994927502230 
-135.054387705610 
-135.071048757438 
-135.071048757438 
-136.349308487101 
-136.362169649327 
-141.300897086418 
-145.913268676486 
-148.603577347195 
-150.753956252802 
-151.914116079269 
-152.458147043088 
-149.863612112580 
-150.679784791885 
-148.580259681525 
-145.845113187505 
-142.261601919375 
-144.924341871210 
-144.568949211630 
-140.675385737288 
-135.129728338972 
-142.147116455168 
-136.977557816061 
-144.193724490266 
-143.524432103938 
-143.803754798761 
-145.069949870866 
-141.661416399104 
-134.553779165738 
-138.004816127309 
-150.959933109324 
-149.520564182364 
-150.519445605158 
-152.768551093679 
-151.895029266953 
-151.682675917572 
-141.865471929539 
-159.135000070797 
-159.271010581833 
-155.453917000802 
-155.457776436328 
-154.404756150906 
-153.260148656169 
-149.983454804623 
-146.714941513465 
-142.475387524383 
-146.880663213748 
-147.887880750422 
-146.287328552877 
-139.419836069450 
-142.709984409421 
-145.166997458179 
-142.650195783107 
-144.447963700965 
-145.505160185545 
-148.721701898388 
-152.121284670993 
-155.512576264970 
-162.083176798831 
-169.776692377747 
-170.720709966941 
-140.825116616849 
-144.626773628160 
-142.941279906499 
-141.722315443603 
-142.420966646325 
-140.873707628218 
-152.177073218392 
-152.838751903298 
-155.989690250540 
-160.769431658493 
-162.019072121792 
-162.184944548637 
-155.699885167577 
-155.445103969771 
-156.900164827167 
-155.149725336582 
-154.824796565769 
-155.429802345480 
-155.457967924607 
-161.039337642683 
-158.229501517410 
-157.832008626064 
-148.391843634793 
-143.374151257617 
-145.459896805067 
-149.658281857777 
-148.412154171506 
-150.745169935508 
-154.227304458888 
-152.263250030973 
-155.531279449075 
-154.732319747044 
-153.440681637424 
-153.480159773123 
-151.431656423767 
-150.231214079239 
-147.924569990101 
-142.154000986798 
-150.344773198212 
-152.181610901623 
-156.113140733845 
-159.821264445792 
-152.194958799315 
-151.057918756235 
-154.930018975742 
-153.673965931679 
-152.825834144850 
-149.888181349646 
-141.419127396664 
-156.497916336220 
-153.813890074650 
-156.024141185342 
-154.570555031453 
-145.827326974288 
-145.454727101645 
-148.679164725858 
-152.389629794756 
-149.293149620230 
-149.824635575877 
-149.589765741483 
-148.201246244176 
-153.370084103139 
-154.649018699168 
-153.103580442116 
-150.173593695329 
-151.045950370380 
-150.856916314013 
-155.138998923855 
-155.098885418403 
-157.054260098915 
-153.047468056214 
-147.505269494697 
-156.973172100974 
-163.182333797267 
-163.815958645085 
-164.685469568160 
-154.021857636150 
-155.122941580492 
-156.227218975617 
-156.073994093684 
-159.672736222356 
-162.283264437070 
-157.675000302874 
-162.555558782246 
-163.200420883693 
-166.064493580138 
-166.064493580138 
-174.229089469824 
-162.975058476601 
-162.894617694544 
-165.447638151383 
-169.165218292755 
-169.721375173844 
-174.687860760810 
-144.511949546072 
-144.684421074496 
-144.649821600558 
-143.090497905149 
-144.680787068890 
-145.457846066926 
-143.908413308753 
-141.099858811807 
-139.639289602239 
-144.938344087275 
-146.198108621907 
-144.503477274505 
-150.964169748175 
-144.287529531759 
-144.287529531759 
-144.453745157652 
-140.659130889321 
-139.763716053791 
-136.605622953180 
-152.627718442488 
-152.219526898038 
-159.295959131859 
-161.032422057534 
-165.570693438907 
-165.180288533794 
-162.216245762878 
-159.231218257406 
-159.268728369422 
-162.975940045250 
-161.316571185672 
-161.470238825029 
-172.365825808119 
-172.250782571844 
-170.207032983831 
-171.205545025481 
-159.596058694206 
-163.166197811896 
-169.758749518363 
-175.772901234904 
-167.955743036224 
-165.520493774746 
-172.914692005167 
-166.692506784904 
-169.411247827342 
-177.619292660038 
-174.884300791931 
-171.427265696579 
-169.552948412516 
-166.847928887670 
-166.415850154972 
-171.577141276241 
177.400805039066 
170.914936599163 
178.427354373196 
176.442665530216 
165.241626404386 
178.968477369668 
175.332823592339 
-175.919461058599 
-174.401200211684 
175.885356729892 
169.695495890021 
161.101426105776 
172.203652103319 
174.634875845697 
171.833940104920 
170.542270437163 
168.292857714735 
169.273521035477 
172.048608995478 
165.455027336586 
169.472480530050 
170.195006651881 
174.350025135790 
173.147196369151 
175.362546001108 
171.921289266092 
173.654663525034 
174.230141773259 
177.046960744656 
177.440981932435 
-179.612620146121 
-179.719963889297 
179.680533377093 
174.035160142928 
175.691181444425 
175.292713397277 
179.806920396119 
177.089222616604 
179.154441351116 
-175.401933193068 
-174.853613288386 
176.148411440386 
-176.546398537881 
-162.573808571761 
-154.568843726239 
-153.100500813480 
-153.100500813480 
-153.100500813480 
-153.100500813480 
-153.100500813480 
-153.100500813480 
-153.100500813480 
-153.666907803929 
-150.327801300664 
-148.591048234668 
-146.950965532577 
-147.516609414246 
-149.531974407919 
-149.716875583696 
-151.275212803943 
-142.278708471897 
-141.187429659049 
-147.610431883350 
-147.683544941232 
-149.196500731495 
-170.803586505156 
-175.579508825758 
-176.179041759253 
-176.087128860153 
174.651136902268 
-175.084292598245 
-176.878936136680 
-172.398076617641 
179.054043779157 
-177.927650490562 
-173.720115402921 
-175.187836536586 
-177.428687498132 
-178.417340791757 
177.703615508687 
-177.583140224445 
-176.180162048352 
-179.071615041535 
174.958493747343 
177.700343376819 
179.521350825304 
-172.989411777417 
-178.526519828164 
-161.081869192616 
-164.646293978887 
-164.262385599864 
-148.011962595365 
-137.882866161206 
-127.628659393649 
-129.988433611126 
-135.430665256983 
-137.088995248269 
-125.713239422340 
-142.918124598711 
-172.249832732875 
-178.411879335915 
-177.172412279988 
-175.713005590480 
169.538801976511 
158.238280384735 
172.029878145750 
174.369924199889 
171.292834227383 
171.849496657992 
-179.723695001726 
173.960575529514 
171.335155663083 
170.565469542902 
167.218916303344 
164.427286549559 
177.007181835799 
-176.360173361989 
172.906713509316 
171.162835808521 
159.366199983838 
158.504404853133 
156.620808147670 
144.754189125518 
145.026634873960 
133.160869069009 
148.105399783076 
152.937174146387 
150.116192734426 
147.201779321518 
146.311392446602 
150.296958136067 
154.409488370153 
163.059847901900 
155.607249557953 
151.972478676215 
158.318602291226 
-169.594333234580 
-176.738862119167 
-179.668151867622 
179.663726725174 
179.872174641172 
-179.730521542993 
-177.715194989414 
-179.041361310989 
-178.345800391826 
-175.169211227166 
178.387942163218 
-179.452143272036 
176.429736139256 
177.057733707974 
-179.662518595931 
179.047670484963 
179.854297306338 
177.376727326911 
-178.840428247841 
-177.400746771007 
-175.425913194119 
179.146723101778 
178.032634563221 
178.632785135540 
167.582397178989 
177.496826106650 
173.538964923281 
179.276016065740 
173.479300572461 
176.528366748044 
-169.888844185331 
-171.443172422476 
-169.912789487514 
-170.507049196268 
-169.966245598035 
-168.141678019297 
-178.355824713169 
-171.541676695585 
176.778679831628 
-175.330411203942 
175.658517253832 
178.840398523710 
173.411144157920 
-174.677926310086 
-174.720816042288 
-171.608056740844 
-173.228734096402 
-173.228734096402 
-172.047812829016 
-170.508961257043 
-173.587373374190 
-173.386460413530 
-171.519523560687 
-168.060762028227 
-167.361132660334 
-163.251767091759 
-159.605608255858 
-158.816439921968 
-167.381340391027 
-158.018868508192 
-159.069404949003 
-156.231791204009 
-154.578518236208 
-154.166390768232 
-154.498697132906 
-153.450193535418 
-153.208105930638 
-170.226643300240 
-160.523197707811 
-148.252857678335 
-142.252757772913 
-151.093049925718 
-150.938455636495 
-146.437040427534 
-147.037654190014 
-177.313711378254 
-178.926777569514 
-160.075018478489 
-153.842237510026 
-145.470619642694 
-155.455172535278 
-151.704439566091 
-141.614624027288 
-141.883375306425 
-132.692894927923 
-125.177767964097 
-134.444128244058 
-125.692464377686 
-123.909347369609 
-124.270419605795 
-119.390828472162 
-124.787036962088 
-129.223622442206 
-126.091614224534 
-126.481419874451 
-153.968713718336 
-153.042098563031 
-154.273362828280 
-148.067535578586 
-150.955671446672 
-152.022206047376 
-153.838332078192 
-153.838332078192 
-157.734504898736 
-158.396897040217 
-157.546958027722 
-150.830530750633 
-152.304893673084 
-157.018305268820 
-150.901786037749 
-162.481860886245 
-159.933824111054 
-156.663903916007 
-156.472475049751 
-148.940400157554 
-146.891857580789 
-152.113241253206 
-147.590467676643 
-142.095900617229 
-150.203103298566 
-148.144934878059 
-146.917726070890 
-149.324402472923 
-148.677529181053 
-144.920967158894 
-144.200029209758 
-146.656384678277 
-145.052693662380 
-148.018636914708 
-152.485806323956 
-154.340722218308 
-151.032373221020 
-151.032373221020 
-152.771114034727 
-152.806267056019 
-152.783411007713 
-151.883257025005 
-154.473125423422 
-146.949667452077 
-137.809194992284 
-139.325058294348 
-139.325058294348 
-138.837944311472 
-136.292189825349 
-136.903174420581 
-137.250847448958 
-140.840932776423 
-140.211953956069 
-140.943203988212 
-140.609496048609 
-144.295900128581 
-149.216446951358 
-149.216446951358 
-147.992376243515 
-156.838091052257 
-155.576134353365 
-157.680785594818 
-151.681633278517 
-162.249631946221 
-168.305403724504 
-165.936451926615 
-144.434509512678 
-144.315504393660 
-147.652805599547 
-147.909613181659 
-159.798551581944 
-159.893759603252 
-151.432074289732 
-145.638588024931 
-150.456162154832 
-153.662307285414 
-165.054479177585 
-167.970283019913 
-163.347010624484 
-161.060020852332 
-161.060020852332 
-144.669397826742 
-146.553636932854 
-143.321131072875 
-154.181680731510 
-157.049538689142 
-172.277120898345 
-171.839828982486 
-166.782245573110 
-170.016949208021 
-172.327591663045 
-177.007316431309 
-166.582341642870 
-166.345909069474 
-148.107472171094 
-151.184596806447 
-153.524165202343 
-151.444589758828 
-145.302234096971 
-145.287001001703 
-145.287001001703 
-145.301013399777 
-148.050816020758 
-149.537705846055 
-144.739620387714 
-143.266618872685 
-147.250745679851 
-147.508130909814 
-148.343922674222 
-147.209249592781 
-150.118577749897 
-150.118577749897 
-152.996428949952 
-148.774564645318 
-151.313942242442 
-156.404908002937 
-158.481894125527 
-159.967471477648 
-162.220636130678 
-162.152807447169 
-160.912603941532 
-163.085063971882 
-165.580184648673 
-148.189341481265 
-146.699088219584 
-148.702443239765 
-150.638110140048 
-149.521383004002 
-150.539769706513 
-150.454641843850 
-137.609097382235 
-139.700109388478 
-142.084546495865 
-135.347730367588 
-140.093975065064 
-142.908545649811 
-141.060659501435 
-139.137283215450 
-143.717320094051 
-140.626405375483 
-144.346536221964 
-150.719614239459 
-155.954282046315 
-154.373850782273 
-155.523512359902 
-154.781119241500 
-153.073668281207 
-149.022961110597 
-149.679346912778 
-155.407846033634 
-158.677912651332 
-159.283073562652 
-163.741361751822 
-155.821210830946 
-155.821210830946 
-154.461149910718 
-142.935382656893 
-139.543150583386 
-141.962861621215 
-140.959468229867 
-140.826892251918 
-144.526892542480 
-148.903951343807 
-148.903951343807 
-144.919871153930 
-151.072369215320 
-149.662217253057 
-157.538711859527 
-164.216931718257 
-164.802579133378 
-163.488949868603 
-163.581162703756 
-164.850513823027 
-167.196993663795 
-166.034808454252 
-158.713383748901 
-164.846320181644 
-163.460012838599 
-163.398975133385 
-165.384762534978 
-168.049009804555 
-162.636828472148 
-160.474745325757 
-165.879136208695 
-167.253617683599 
-164.726386408640 
-166.455167148616 
-169.074512216974 
-134.413358672825 
-147.276919087872 
-151.012746750441 
-147.169277885923 
-143.455749851966 
-129.511021230368 
-133.217721088107 
-128.690627842678 
-134.111263568901 
-121.993250108359 
-130.371383926525 
-131.976422129273 
-134.160934664162 
-128.666275828037 
-127.377045604471 
-131.329276625231 
-130.299857461092 
-132.096982133904 
-129.246295610020 
-131.101764285072 
-146.830903923465 
-146.830903923465 
-147.769885799284 
-141.462036617612 
-135.895619593230 
-142.195801423401 
-134.899474059863 
-136.022374223530 
-141.157090408338 
-141.020908662619 
-138.564868033773 
-138.626715503246 
-138.626715503246 
-138.626715503246 
-145.735354672913 
-137.540202905019 
-141.536643355305 
-138.767465735065 
-139.644589246672 
-140.687346569682 
-140.763564211803 
-138.780740816406 
-142.370512065918 
-150.843467863946 
-150.538818123275 
-148.418479818192 
-149.521559442454 
-149.110742812220 
-143.933339536935 
-149.181584165670 
-146.749489590575 
-144.242224864566 
-142.575241442550 
-142.466706578601 
-142.862628420469 
-142.684166911562 
-142.684166911562 
-142.660891427278 
-137.369267053021 
-138.193556688273 
-122.001249736902 
-121.095979212979 
-126.786298940607 
-131.945093765794 
-131.078174285533 
-133.966486422478 
-125.816286080194 
-124.678433992375 
-125.195504737305 
-120.801315876557 
-127.493468543672 
-126.671101267553 
-123.973157545090 
-136.724759469613 
-141.083432227249 
-143.520142125519 
-146.428923953673 
-134.711111002988 
-135.111854423833 
-134.291414507090 
-139.697749560603 
-135.996397775030 
-136.271233976448 
-136.809538843958 
-139.212163070686 
-134.413440103191 
-140.452814507560 
-139.730863287206 
-141.732501803285 
-145.422754166130 
-142.713554489540 
-151.129283369218 
-151.295722438647 
-155.869233009398 
-122.618416261478 
-130.394925836236 
-132.195802740322 
-140.132363560594 
-140.132363560594 
-141.078103554074 
-130.133093955342 
-137.020454161700 
-133.224295647194 
-135.129676084274 
-141.566509867126 
-140.255759388165 
-147.249339001112 
-143.845722670618 
-148.326699369914 
-148.843479840295 
-150.005021597266 
-133.936938790862 
-133.314832431313 
-135.332032957601 
-133.640178290276 
-137.325534884860 
-137.204387696007 
-135.391428646061 
-134.324493791219 
-128.946966557744 
-133.287791698786 
-138.188742011124 
-145.853706045810 
-143.900666739084 
-141.890107349733 
-141.657241173782 
-141.960029234406 
-136.875666768400 
-141.482758044016 
-142.421326496257 
-139.598519464078 
-138.063471551312 
-141.585998788353 
-141.585998788353 
-142.895223330698 
-148.818447464000 
-155.362461713512 
-159.487929790998 
-156.502595034841 
-157.800732374901 
-158.960548160856 
-158.010371943598 
-151.203342019379 
-160.908744009787 
-158.453133504877 
-174.092025144644 
-169.317529780263 
178.336076347279 
-173.785411050394 
-172.389924752805 
-179.472565046615 
-174.252928863433 
179.514980981767 
176.321248161375 
177.541249511815 
175.727649087001 
-175.168337521942 
-174.478195865187 
-174.972212842364 
-177.452082004799 
-177.452082004799 
-178.384414214280 
-169.835332401400 
-175.992932557851 
-175.992932557851 
-177.813007326707 
-177.813007326707 
-176.343237988160 
-175.538490423457 
-177.647467225147 
-173.187917013990 
-172.433703565112 
179.309934817483 
-173.012209194475 
-171.276055728303 
-176.776474336922 
-177.324449273063 
-171.859633881434 
-169.795034569175 
-176.555361329331 
-174.670503852526 
-166.538158705289 
-166.092720256121 
-167.908140225717 
-161.963696207883 
-163.741256425107 
-167.002603305017 
-167.400061558120 
-157.876171691173 
-158.504827555804 
-157.981236882885 
-159.039901496501 
-152.214588213161 
-156.619364592350 
-173.577647321963 
-168.453350383164 
-165.792477154319 
-165.794339500454 
-163.671563826561 
-161.264344979272 
-166.745584900309 
-164.199110462477 
-154.152172214748 
-160.330016584959 
-167.476220944256 
-150.967381340562 
-143.975169755653 
-150.343813293593 
-150.895588287010 
-148.986489754364 
-145.366859221265 
-149.025961472206 
-145.041945504926 
-142.518000580031 
-136.076713857007 
-136.833378605946 
-131.063359695080 
-154.108646151380 
-156.591154564084 
-160.886092106252 
-162.680743472662 
-149.822962504325 
-151.944705721966 
-152.570361781697 
-154.721693487003 
-154.074790094301 
-155.864056684923 
-147.266375772254 
-152.859050784722 
-152.859050784722 
-150.544931375844 
-150.221552322169 
-150.784667563193 
-150.708562468088 
-151.330947894564 
-152.683394691478 
-148.222085228002 
-148.222085228002 
-146.755147623648 
-142.495611015275 
-143.022767665396 
-141.343297444723 
-137.963528818478 
-138.146446070013 
-140.142354161671 
-141.077529919626 
-142.028516169816 
-141.317604377013 
-140.988717009865 
-144.674012797568 
-143.330954201507 
-138.910874630245 
-138.088525810357 
-139.679078712739 
-140.161614801367 
-137.254936036320 
-135.812919372527 
-135.300348886753 
-131.072323516757 
-131.106840531111 
-132.435283810787 
-137.287886508493 
-146.748736836194 
-144.627032997513 
-152.019984309511 
-150.601471341160 
-150.601471341160 
-150.718553384153 
-151.072578274798 
-148.471962980319 
-143.875734239267 
-155.048826966895 
-158.473081148097 
-156.676333884805 
-150.925881289963 
-154.564795319433 
-156.224194633245 
-143.557189183117 
-141.591866222359 
-147.376428969080 
-151.164108691981 
-147.495529855416 
-141.913991579702 
-148.113919445841 
-148.086508164828 
-150.435712469430 
-152.258518757594 
-142.791465329807 
-150.055335797500 
-148.363824336590 
-164.642827056031 
-165.989618802879 
-171.071610352301 
-166.633046977796 
-166.399126517864 
-167.233244358213 
-163.375492300632 
-157.272698919353 
-156.366505075030 
-157.831614381381 
-161.736114671467 
-162.732066039275 
-167.299997881114 
-168.378310237251 
-168.069144861311 
-171.572643137718 
-165.486883869008 
-151.680815353721 
-148.194692766162 
-149.172271996283 
-139.430489313395 
-142.412122446554 
-140.726472228393 
-132.872786132995 
-136.119432597106 
-138.485766061159 
-134.827725881785 
-143.687629599515 
-147.946317780898 
-146.688598140223 
-146.757367861528 
-140.176938180378 
-143.977422589291 
-145.174150121373 
-141.912897750351 
-140.828264135986 
-124.704699347202 
-123.271637192460 
-123.426667954058 
-128.916015020564 
-128.896626365199 
-136.388446160926 
-128.509974248405 
-130.267892596832 
-130.061924115613 
-125.156573591831 
-128.789420648311 
-126.485433707600 
-123.977653933970 
-123.397499008427 
-122.655324022622 
-117.726602341495 
-132.402485187261 
-142.456237424174 
-140.873815758834 
-137.913108211491 
-144.993316914307 
-146.420239996361 
-145.868740589735 
-148.672294564907 
-147.740022596058 
-153.352333898559 
-151.458720018688 
-149.317463810174 
-139.975500625630 
-146.211829077771 
-159.369979726924 
-159.924757329986 
-164.497357466160 
-163.862996759911 
-173.365739847603 
-172.402680186728 
-167.654089532569 
-156.550249118164 
-156.550249118164 
-157.956756343952 
-156.529567177073 
-172.110617647231 
-172.036396353826 
-171.219369994128 
-175.918566152900 
179.394387823860 
167.276291511754 
171.388012817427 
171.546550459284 
-176.990644435781 
-155.693560085304 
-159.060409057252 
-159.060409057252 
-155.516887595981 
-145.613512727757 
-143.430795925275 
-143.430679139606 
-146.403337377198 
-147.571636826368 
-147.801887249506 
-147.586428735155 
-139.938664377272 
-149.336979869275 
-149.458491702396 
-155.929126333620 
-158.668521523029 
-151.516282151854 
-155.988540853800 
-158.055126588310 
-143.170009766066 
-145.541493751681 
-143.555689184171 
-148.568203948921 
-133.641195473058 
-149.786252220397 
-148.423425946471 
-131.796633688875 
-133.437970952524 
-131.206352489229 
-137.187649631366 
-131.735693789469 
-130.896522050715 
-137.283953749260 
-132.004324591764 
-135.538124596839 
-146.054437801508 
-148.208693439602 
-157.736493419611 
-153.662355338243 
-169.349846460337 
-165.103319307994 
-166.904998269763 
-164.953093939568 
-146.891772847919 
-143.531105106257 
-152.137576844373 
-149.013049802293 
-155.156917485746 
-151.616176002829 
-145.849388572265 
-144.538749311969 
-146.472834254659 
-147.596613650016 
-148.449256608836 
-149.369866453866 
-149.518037696662 
-149.766809781871 
-149.362796087293 
-155.076862491717 
-157.130240134387 
-161.387719513114 
-163.246688738252 
-155.141040022697 
-159.269707169582 
-162.882662953762 
-162.650537319323 
-165.520854114496 
-164.311800012160 
-169.360745225412 
-166.775010679139 
-166.794440147186 
-166.794440147186 
-169.871242861678 
-156.400274507653 
-165.812287651886 
-166.098789146862 
-154.350973143636 
-161.867567715444 
-165.789217726360 
-167.910613597238 
-167.429539844566 
-167.371964213150 
-165.850917170625 
-164.386525313647 
-164.232309439756 
-163.416246330817 
-169.469747990519 
-167.880615994984 
-170.140219743208 
-170.205741726324 
-171.379855679927 
-171.494737916089 
-173.054990041039 
-172.169154726533 
-144.377347945556 
-144.359926396668 
-143.555062529344 
-142.351644663607 
-148.182515291352 
-148.694294065903 
-146.593442424287 
-146.683358019973 
-145.275910161193 
-154.647613280658 
-150.325842944665 
-150.869193969312 
-152.116264315436 
-150.699372341560 
-150.393353391264 
-159.077354767945 
-161.232130310906 
-165.120588905430 
-161.738411620584 
-161.885309897666 
-161.905271376940 
-158.319515395079 
-171.463180346192 
-166.758162877317 
-166.418291363141 
-158.648616854156 
-155.124782515035 
-151.649320744663 
-152.191365894225 
-151.823357907258 
-152.303751827455 
-164.011009793780 
-168.912928821829 
-156.892450440091 
-152.485307113905 
-163.689697504465 
-163.387928816209 
-163.105087314087 
-155.635444832876 
-154.401840781912 
-154.107100571588 
-153.578055685753 
-145.205189318878 
-142.670901734229 
-143.619142046126 
-147.289798047389 
-147.044388065317 
-140.888797321687 
-146.022480665816 
-144.149132616905 
-144.477280128250 
-146.658096134134 
-147.309191185354 
-147.619035928405 
-147.482212212490 
-147.892029665325 
-147.606689702699 
-152.067807076396 
-148.428779386409 
-149.014628840587 
-150.707146807580 
-154.300692159378 
-153.697740935416 
-153.239559746899 
-154.587830611571 
-158.914372727296 
-156.103951336554 
-157.794897137136 
-158.475112094043 
-165.722184311329 
-167.220426153022 
-171.505518189366 
-169.748581037890 
-166.185037175302 
-163.222566821132 
-169.074091609938 
-172.276712765167 
-172.892484428272 
-173.267748966232 
-172.358585727617 
-176.471634295183 
-176.101073708041 
177.813170875806 
179.746631411493 
-177.513834258485 
-179.297292136440 
-177.272720045369 
178.396635567816 
179.585398368234 
176.343098282636 
-178.438859763043 
-178.461006580772 
177.534836929048 
178.696430276801 
-164.202335876194 
-169.854118129442 
-169.408767616089 
-165.848612028458 
-169.092907289378 
-171.185879466404 
-170.937267229152 
-173.834222849362 
-177.266148324693 
-175.138340458582 
-177.786413049297 
177.865851274427 
177.012703288607 
-170.540138816176 
-169.029429013597 
-153.763826656158 
-154.947105810183 
-156.139601690761 
-159.298035483555 
-159.163883295402 
-163.561091943932 
-164.513212039639 
-164.340174049279 
-164.117997671744 
-162.867780601808 
-165.556343539736 
-158.385421357875 
-156.572782835647 
-149.276888384111 
-149.805097165102 
-152.994034008239 
-158.514992972442 
-158.409800007509 
-156.475623587046 
-157.583322934969 
-168.690415381564 
-161.569424643063 
-159.383456562963 
-172.863414313270 
-179.698741881119 
-174.916163076585 
-171.891468159257 
-173.208805487431 
-172.684594170585 
-157.781850349013 
-169.869918623061 
-171.554865428492 
-166.248295633923 
-172.522963669061 
-172.585058839703 
-168.773777457958 
-167.138036453878 
-164.837975633168 
-162.985671101071 
-164.324310915689 
-164.741793191490 
-170.449478243500 
-172.074998348720 
-172.160398768702 
-174.255737693158 
-175.856391302243 
-167.859973796870 
-169.714811349206 
-169.639112583918 
-169.870288443833 
-171.310404747265 
-172.208635099322 
-173.891643468479 
-177.946381497244 
-176.480381060323 
-177.253208616146 
-179.384581775748 
175.578892313761 
173.915502355415 
175.991503840586 
174.906982207903 
-166.178594467749 
-170.839233096903 
-169.318093253500 
-172.120273805692 
-176.616066468099 
-176.801025555961 
-178.092823639526 
-176.596808751946 
-176.396338740734 
-170.012114640789 
173.936618667496 
-176.929774836016 
-170.658662103976 
174.914767037272 
163.881380807042 
169.273049735616 
177.826179688769 
175.260881315363 
-153.312132951070 
-145.513132305125 
-144.291740300156 
-144.921566166013 
-140.547753449058 
-140.007859571967 
-141.477237952744 
-149.287260974621 
-152.007781768397 
-147.578794908066 
-144.022900071343 
-150.927463467455 
-153.436963575564 
-151.160273221744 
-151.284393929610 
-158.367943160555 
-147.673413936811 
-148.275696962653 
-148.080264195101 
-148.139206524289 
-146.971832651326 
-146.070774287142 
-140.139378064366 
-146.492181802405 
-149.844549306036 
-150.147711453637 
-145.570777649620 
-145.689586885578 
-149.359828386783 
-157.321561482886 
-161.928702442561 
-161.227549521821 
-159.291691821202 
-161.208126753970 
-156.394375722496 
-159.160570359526 
-157.436432805282 
-159.662867785717 
-153.566295913859 
-154.614136843341 
-157.290065313565 
-162.697170255176 
-163.507439898709 
-161.604695901214 
-159.112009392437 
-162.402877342825 
-160.060927047573 
-167.064600671039 
-168.844131776535 
176.115309092663 
170.274582499261 
-175.402255650830 
-175.697788321521 
179.754908937520 
-174.048554445933 
-175.176413312259 
-173.735909066671 
-171.571143318412 
-175.633580386109 
-178.725400869275 
-178.960490031256 
-178.816337994111 
171.448530503962 
-177.360371269353 
-176.631520851405 
179.085872373841 
-176.401087828733 
-179.255916410259 
-179.987850575704 
178.279016987078 
-176.386054586840 
-174.189569639661 
-172.379321984550 
-164.497856500232 
-163.074841948678 
-154.584223828909 
-155.806852684318 
-155.572709923971 
-153.312879086271 
-165.476683502050 
-173.734540835363 
-172.722706463655 
-167.630600185219 
-170.014753550782 
-165.959098146654 
-172.466096420449 
179.074159066971 
-174.871936954594 
-174.810578048789 
-174.810578048789 
-179.926859318509 
-178.829051834953 
-179.410361933623 
178.457570450862 
-170.127268408763 
-167.725907100243 
-166.854393898798 
-168.194840453642 
-168.194840453642 
-159.999575984939 
-160.289589701174 
-164.252840567545 
-164.252840567545 
-165.121841788222 
-162.656598494678 
-167.548299774425 
-167.097877242820 
-166.137477359952 
-166.726094483558 
-165.383144138171 
-167.531768870832 
-168.452508461793 
-167.560829332792 
-162.395312447648 
-170.095043355289 
-165.999449266150 
-168.785587422554 
-156.793455706495 
-148.795369691103 
-147.897576858208 
-145.288752465295 
-150.161031640276 
-143.286125042944 
-145.165387890876 
-143.922066978016 
-138.513107234307 
-142.594138740132 
-137.157750820769 
-135.064382374962 
-134.996604113472 
-136.894558299546 
-136.894558299546 
-132.347372902558 
-150.816917916408 
-152.324025829452 
-158.288122894197 
-158.025727115205 
-159.739188574316 
-156.938313281739 
-154.557126702912 
-148.149861477523 
-148.634546443498 
-149.668502589055 
-144.816798440957 
-145.259453192627 
-144.749170664093 
-146.367279807663 
-146.563408238919 
-144.852834965582 
-144.964720827308 
-144.850780788966 
-142.876196548403 
-144.237287059138 
-143.876733333539 
-143.556636974260 
-143.556636974260 
-144.700227067161 
-146.376623015598 
-149.692128166268 
-155.458372000045 
-155.735388531045 
-159.242236884904 
-144.945980138534 
-151.696564447764 
-155.142175264810 
-159.344981977530 
-168.505794163342 
-175.751564426213 
179.751565573757 
178.167483845966 
-172.684596622679 
-173.546489166480 
-172.360460342666 
-172.884030185012 
-169.580800757057 
-168.572966385617 
-167.342618742209 
-169.965954443056 
-167.382234667868 
-167.413939507707 
-170.953342351413 
-166.933647623092 
-163.411355233705 
-161.745690050586 
-160.738592925340 
-160.625283741892 
-160.625283741892 
-160.522264149626 
-160.260182760555 
-164.019948144528 
-164.756841059290 
-155.460146080420 
-150.460533729812 
-146.717937693764 
-144.245489799101 
-147.813974231108 
-156.597554108858 
-159.019341964593 
-158.557614364296 
-158.299936760045 
-168.378916600874 
-169.261200805611 
-169.308928741834 
-170.256528278208 
-176.080557826778 
-176.708496441247 
-175.759697654120 
-172.511209264590 
-170.352103206759 
-179.082206321131 
-168.231372082055 
-157.237471109558 
-152.774624115182 
-155.157350894900 
-163.019423562606 
-160.522146351106 
-157.827475290411 
-163.101803238592 
-167.203906241062 
-160.000947079228 
-161.212019809891 
-162.822998535823 
-167.440806307963 
-164.047128617439 
-162.250118494228 
-161.414885419256 
-161.640740350249 
-173.630139407737 
-165.399379079934 
-170.860983124831 
-170.860983124831 
-175.986607073694 
-175.395947648405 
-172.214695594589 
-178.095560791409 
-178.022764789420 
-178.022764789420 
-174.381527286965 
-179.900302204870 
-171.238339027252 
-174.199743013597 
-174.682245358045 
-177.254990453857 
-177.713778526136 
172.557626159057 
-178.577016295340 
178.037889498982 
-169.678286129857 
-169.410609365636 
-177.063736307541 
-177.191104420691 
175.074729818060 
171.808139777668 
169.910620591571 
173.351314742366 
-159.097806403522 
-162.203788916222 
-164.379205612540 
-167.740223993416 
-170.426392509346 
-170.173669753018 
-161.248258310275 
-162.025204375083 
-163.134677751535 
-170.547056109370 
-172.782160138628 
-168.671899570945 
-157.159498924977 
-156.307190800605 
-153.891064069644 
-153.936876727077 
-153.027040572166 
-152.901507170910 
-129.277496057324 
-142.558602437578 
-133.656756856509 
-134.614764902071 
-141.407229007352 
-139.052882091163 
-142.873205216373 
-137.089628847787 
-138.576323536836 
-175.763356837487 
-173.815014820469 
-173.978782822167 
179.465955180056 
176.936362833895 
178.404769368686 
-177.499649316465 
-175.270044939505 
-178.037291296275 
176.974250453231 
-176.328232217597 
179.929952668478 
159.184981743929 
170.773059489034 
172.486106423493 
172.975086126115 
176.326974893952 
-174.987825561359 
-177.274201609222 
-171.280847418960 
-171.354353659814 
-175.338796701818 
-172.492999754424 
179.169955647035 
179.842575165095 
175.056956257518 
-176.140227260197 
-178.017648574436 
-178.267088012729 
-176.269386459210 
-174.981284438655 
-173.779967364460 
-175.325666921548 
-172.366089829995 
-176.882274937022 
179.318469765738 
-177.138515848199 
-176.245432084515 
-165.129262879647 
-162.399776823305 
-161.454292395892 
-164.708961025850 
177.740587637146 
178.674969960815 
179.953557125677 
179.341486108512 
-175.447042282279 
-174.545640130448 
-178.610306469641 
-179.329372581581 
-173.401675155792 
-179.131149289814 
-176.981923503729 
-178.786558062015 
-178.021858481782 
-179.817672916795 
-178.141508069123 
-178.719677049773 
-177.530782279412 
177.455450893177 
-174.299462039694 
-177.699313510833 
-173.836717809413 
-175.765470703097 
-174.204794211582 
-177.364741076207 
179.468726657181 
-177.501607735981 
-176.723164255377 
179.360243369095 
-177.146715104926 
-177.608549618014 
-178.131443061559 
174.937069683454 
171.899572554147 
169.713476834758 
175.952317389667 
176.441528697039 
176.770095932147 
171.184329119958 
172.642021179058 
172.033285996193 
176.705812906134 
176.023451092213 
178.990371197319 
177.158360075124 
174.766681868814 
179.100830944845 
179.262469515021 
-177.033831553642 
176.650774478072 
-175.777880280841 
-168.502113826393 
-167.113804794507 
-151.711101692751 
-153.906640760602 
-151.276777136087 
-151.918032073924 
-139.701706694380 
-137.572638631577 
-135.121940670706 
-134.204570646526 
-123.454683288317 
-132.324686926819 
-135.651365826797 
-134.266778946527 
-143.085550183000 
-147.230307660558 
-147.233004220158 
-148.564072689520 
-147.403256341887 
-148.907488209013 
-153.906980487416 
-153.628432834096 
-158.334262881645 
-158.457457738692 
-155.576436150633 
-155.576436150633 
-154.457361279304 
-157.502823114534 
-134.985649036214 
-134.552570479580 
-137.671602337939 
-137.383499874481 
-137.510768334600 
-132.541184177874 
-139.925194117922 
-145.702918491326 
-146.502489543530 
-153.935915264596 
-154.890009844186 
-154.162861077518 
-159.875397434181 
-166.945618565448 
-158.359976879231 
-162.140364595802 
-158.418268534497 
-161.596970683586 
-161.067016964076 
-156.537302824167 
-157.085686784823 
-153.414139337519 
-153.005662445869 
-155.811006240453 
-155.899070322696 
-157.522188501702 
-157.733762644625 
-157.937210318743 
-157.147512003221 
-158.840852555771 
-154.731176819133 
-153.477868110137 
-165.089994169642 
-175.352817245491 
-157.842051751883 
-158.419118401031 
-162.447451604701 
-155.944223625641 
-157.963431768082 
-162.477959133265 
-156.191375030856 
-158.507874772856 
-154.279181829909 
-150.796851351464 
-145.479706679070 
-156.675457928929 
-153.982855617735 
-153.202162779106 
-150.524787616486 
-129.323885681322 
-132.370171939452 
-132.171072174628 
-133.699286742059 
-137.712671094411 
-122.769047306768 
-128.818855158376 
-129.161131918547 
-131.380668742387 
-131.413951101271 
-134.137802096432 
-135.085464843742 
-134.863675283621 
-134.056901767184 
-132.035373889286 
-132.354893640839 
-125.751093915461 
-130.508836893937 
-123.426580588962 
-177.154604026638 
-178.463815666008 
178.906420242444 
179.416412303540 
-177.890801032977 
178.243252309230 
175.924890647079 
-178.844686287022 
-176.465777455271 
-178.835157826824 
-178.835157826824 
-178.617102701056 
-175.150483349491 
-177.721897651855 
171.393617557537 
179.631059209032 
177.688908170335 
178.755019063781 
-179.143798044867 
176.990522046291 
-176.868270713548 
-179.358919252867 
177.447254564245 
-178.679529772644 
175.154148985505 
179.093969018644 
-179.777764929211 
-179.540180071433 
175.238174013373 
-176.225295223438 
-179.034926135993 
176.312432901725 
169.464080932689 
169.481961803905 
174.535623761805 
178.043995533370 
168.471570641577 
-166.687204742170 
-168.777556317659 
-165.132646310641 
-165.129682292613 
-165.281183605515 
-165.281183605515 
-165.281183605515 
-162.481895309478 
-163.301914840498 
-161.317360271787 
-163.453482045254 
-163.453482045254 
-158.341063362774 
-158.703810776649 
-157.949837031274 
-156.726418158754 
-152.373118552229 
-150.863166725768 
-152.733369826466 
-151.247873369717 
-153.098262222336 
-155.816150759321 
-165.471911076275 
-167.018637344694 
-166.146969790572 
-164.374473240293 
-168.070900138142 
-166.372015100946 
-159.071956072082 
-162.828400073846 
-165.424748298750 
-170.655487340108 
-170.091814066970 
-169.668670170195 
-172.855342816396 
-175.537141550990 
-173.014737582858 
-175.587145898988 
-170.071603904043 
-176.188927112489 
-174.918096838375 
-173.808388384166 
-174.985850708947 
-170.086038799118 
-178.088913579292 
175.839237705244 
178.916669113812 
-179.829822641848 
178.940312103323 
-178.002689177902 
176.735504461828 
169.536174873036 
179.071896328925 
178.432425281656 
177.273406560092 
-178.143012840365 
-176.924179869710 
-160.879777074840 
-157.134231454960 
-158.399942987508 
-157.274743462468 
-152.557356766511 
-152.721709771516 
-160.702421632154 
-158.112439209663 
-163.611877924001 
-160.599796342399 
-172.307918313858 
-174.107959791153 
-172.946287440433 
-175.270419812629 
-175.925313009603 
-177.755128597262 
-171.371992267424 
-173.899765056548 
-177.475054953394 
-168.449935161201 
-167.518611336902 
-159.544977993896 
-153.453564534717 
-150.373128127973 
-159.365926449118 
-156.858076125497 
-162.293004423801 
-178.242056105321 
-168.600696384962 
179.447651248395 
-170.813986446054 
179.679936992831 
-168.237303022121 
-173.018738290703 
-176.862510973323 
-170.618625290120 
-168.375677944518 
-171.421400551617 
-161.804720228550 
-177.674670876872 
-175.325074532013 
176.081937398439 
177.274692405204 
-173.390997244126 
-168.054238710561 
-168.957382572826 
-167.755927340823 
-168.956845058175 
-167.901820836377 
-179.035695369366 
176.755351516224 
-176.863148347206 
177.359251276215 
-179.890646654996 
-175.137359105798 
-164.696924204373 
-172.788457911156 
-172.993378783144 
-166.614289925536 
-162.641164528385 
-155.949513982213 
-148.156025382689 
-148.156025382689 
-162.134754264656 
-151.761461437788 
-139.507674176251 
-114.490624773424 
-118.518255219244 
-104.294241013553 
-106.207987495576 
-122.619044992356 
-99.985693088881 
-102.196901147449 
-120.779057067039 
-124.848090901920 
-125.922768509399 
-131.086306290072 
-114.554951624856 
-128.569539658093 
-128.452142672949 
-127.986432412679 
-140.229494848936 
-144.136253481115 
-136.033905568849 
-132.709813558470 
-137.409008388700 
-125.039685615252 
-134.175705209523 
-134.847388415865 
-160.748683130120 
-169.753593071062 
-169.727490887939 
-177.726190217721 
-177.799433743801 
-167.562707617812 
-175.378713349907 
-175.671678936744 
-174.700651756974 
-175.500481840045 
-166.718655250991 
-172.250940308693 
-168.267934609720 
-166.823544786706 
-164.744388233713 
-159.635780315524 
-158.523685283550 
-158.034286714194 
-165.483296933436 
-163.661154263223 
-168.522853931048 
179.997745729315 
177.948053559676 
176.618626096492 
178.507964234332 
-179.275852146516 
178.184658228034 
-177.556474555020 
-179.921067925235 
-178.840623037146 
-177.606384295992 
-179.379341475385 
-172.846639563771 
-173.122802223182 
-166.505467322941 
-166.753966918549 
-170.429994718448 
-166.306954799999 
-174.147825713128 
-164.773239442529 
-171.693666671529 
-171.439602998833 
-171.940544126338 
-177.963463909655 
-178.073787454315 
-177.526534498147 
-165.610055390925 
-167.038498933824 
-162.410243337267 
-177.154731751518 
-175.961253224460 
173.439515013311 
173.261338643168 
-179.029005029620 
179.231503328367 
-178.432091859586 
-176.795780980772 
176.602469509672 
-178.368072703627 
174.141563016739 
175.559130996369 
170.921809622716 
173.969379574203 
176.755559075199 
171.662882401585 
176.149844355362 
179.409346022871 
179.756182992186 
179.509860424851 
172.814746801383 
166.390087826751 
164.696022939747 
171.223768174453 
174.180247898999 
162.919798118744 
162.858115232893 
159.011042899649 
164.113156218363 
166.666942083238 
171.286186464890 
176.307137870475 
-179.027912103709 
-175.346207003483 
-179.701158020776 
169.864211819716 
168.940207256515 
170.708070666528 
173.093571523893 
168.554899029949 
166.231509804752 
173.072387626370 
165.750475289004 
162.617057549145 
172.303633587452 
171.493506538597 
173.308472930004 
-179.367073472181 
179.355627514441 
-177.635940370459 
-163.470360781614 
-163.612318098730 
-163.240772845552 
-163.282008463320 
-165.768842805850 
-165.777042268403 
-165.777042268403 
-166.164558399365 
-166.164558399365 
-166.164558399365 
-165.530533733975 
-166.903592744790 
-166.903592744790 
-164.793367984302 
-163.498682739725 
-162.227123367480 
-156.058218103324 
-153.016792848845 
-151.199175805923 
-152.253886251397 
-152.253886251397 
-152.486631564609 
-153.371075779020 
-152.414593156159 
-148.824250955405 
-151.533349509395 
-149.321355310876 
-148.775342417335 
-150.262565619523 
-146.765384739788 
-146.765384739788 
-146.765384739788 
-143.548179821059 
-145.215168160262 
-145.389723138365 
-147.621929571287 
-147.008198671712 
-145.046694586127 
-143.665869427211 
-143.815285198763 
-144.618671061295 
-144.849616886830 
-140.755217008590 
-146.264430871647 
-148.709107122613 
-148.329655198936 
-151.423631194562 
-153.165082808046 
-153.012969170275 
-154.962596444032 
-154.962596444032 
-153.428046204093 
-152.436492650215 
-152.041590181623 
-155.497729380728 
-151.957467658082 
-152.383775680975 
-148.861753073838 
-142.926285294391 
-139.764071331910 
-139.566623151977 
-139.566623151977 
-139.566623151977 
-139.566623151977 
-139.566623151977 
-139.566623151977 
-138.591067886793 
-132.945011007693 
-134.680031135195 
-154.624355008318 
-147.274319061099 
-143.773899650520 
-144.784416505295 
-143.095130696475 
-137.872924854451 
-145.833527038876 
-141.156100208972 
-137.062358416142 
-150.289410184614 
-146.082007334932 
-146.082007334932 
-147.947042009581 
-147.947042009581 
-150.232868544467 
-149.705151797845 
-151.056024274388 
-144.581564500514 
-144.139448657078 
-148.807629931383 
-140.161692530115 
-144.547170753466 
-146.686264166961 
-136.351448798030 
-138.960083448771 
-150.235843258090 
-150.571749151597 
-150.571749151597 
-151.141752054299 
-148.867850194996 
-148.693434888146 
-150.246652680193 
-152.839398635788 
-153.587003953076 
-161.904837432496 
-164.460370633793 
-165.552818917388 
-164.819777907454 
-164.819777907454 
-161.397954394584 
-162.169185296913 
-161.309958656624 
-161.483176564094 
-166.136771414763 
-169.105186513062 
-165.335031995577 
-164.868586524882 
-154.731855404426 
-153.161318754654 
-154.761530864027 
-154.122975195826 
-155.828473489625 
-170.328930435381 
-171.394347078824 
-174.358777166583 
-178.716299778356 
177.502935574126 
-173.118642028237 
175.708481755635 
-176.674935986352 
-171.305055717664 
-173.854206672591 
-171.503891177535 
-165.013606770922 
-169.941011746127 
-165.666690979380 
-166.111923445140 
-169.124429461142 
-166.221061849612 
-165.484148086512 
-164.389990884793 
-164.708463336030 
-168.327441230681 
-154.804727535687 
-168.540881450087 
-169.948350901717 
-170.738632195066 
-164.698976884806 
-174.469783626277 
-178.856453443651 
-177.487876183749 
-177.523461828876 
-176.477491983892 
-177.463994645622 
-174.333456318821 
-172.187809326260 
-171.525748767744 
-174.778092374090 
-174.843986344415 
-175.565473581354 
177.942380270705 
-176.450117013745 
-177.939447808347 
179.492421261008 
-176.129506339384 
-176.142730857352 
-178.764882762305 
174.510749817016 
166.292350155615 
162.487272605861 
168.244747731647 
164.561134140917 
169.495761806038 
167.458212072236 
167.458212072236 
167.412643783855 
172.775693850234 
169.022905847612 
154.991122053710 
159.538876197996 
165.659253597095 
164.709443794678 
172.817854692806 
-178.767964997174 
177.678752540437 
174.652735644159 
-179.476699118049 
-179.478984979497 
172.359970515121 
-150.739653767585 
-162.168863633025 
-158.674092746872 
-168.379801977499 
-159.602500024159 
-169.706404394198 
-156.965648140657 
-163.714297214310 
-165.897157213940 
-165.513191657070 
-163.265597229961 
-161.989955382567 
-162.302501456972 
-163.302160732588 
-159.332321846416 
175.958874267245 
179.574152754944 
-176.382803773931 
-172.648407799830 
-178.408392275468 
176.533617670471 
177.066926932420 
-177.253537726554 
-171.464078724795 
171.034114277127 
167.306822441096 
159.268816477819 
161.900137229875 
166.508845348986 
166.365530185087 
-172.320315287853 
-154.932440468036 
-165.381210865814 
-173.442187663896 
-166.246643350339 
-164.124163863018 
-172.263316701571 
-165.786405588300 
-175.403672616540 
-171.258849323783 
174.230988979411 
170.347210622640 
-177.684627491739 
-169.456942401207 
-168.655391020174 
-165.203620780465 
-170.065366938583 
-167.636776285816 
-163.637574167563 
-166.737292119852 
-151.815608084847 
-155.042112364073 
-146.624007452552 
-133.082099815086 
-129.325264176697 
-130.848993320690 
-138.514715976984 
-138.010876833194 
-147.254373524259 
-138.928779430110 
-138.915062610844 
-140.123877899293 
-141.997969679647 
-141.791798751403 
-135.670853548959 
-133.797424415000 
-137.381112671110 
-135.177156596149 
-137.189997104783 
-136.214533654355 
-137.574560534054 
-137.095452784344 
-137.963217110878 
-135.828975386350 
-135.828975386350 
-138.767247035208 
-141.382221222076 
-135.670667427584 
-140.461789348369 
-149.563889685422 
-150.854719301100 
-138.804856023352 
-139.945126216905 
-154.546887637381 
-150.902668890524 
-150.596477952165 
-149.648995623508 
-149.648995623508 
-163.005529471673 
-156.303004493890 
-148.316091267054 
-140.247795403068 
-140.580281828334 
-136.540833159781 
-144.726743244303 
-142.745799675835 
-139.487517101350 
-147.459643181216 
-129.709055697857 
-131.790979253782 
-130.849646744355 
-137.490743497578 
-133.815509107298 
-132.949673666003 
-132.745905062772 
-132.002383896698 
-134.024859341740 
-132.992516800435 
-134.795222724779 
-140.188371105538 
-139.144025732076 
-140.069788344331 
-139.270079723866 
-139.403412659023 
-140.427230542521 
-140.332922146986 
-134.109468276410 
-136.595522905164 
-124.950160842193 
-122.619453981666 
-131.458248283254 
-141.139107358617 
-128.392592215199 
-126.784675969182 
-135.405808906777 
-134.249607638084 
-138.764556781084 
-139.387461381695 
-138.709531562799 
-142.747736533980 
-139.851833766003 
-140.770944898050 
-140.538828909224 
-139.706231583819 
-136.034755216336 
-134.970008990937 
-146.302894252650 
-143.695930075074 
-143.430262770600 
-144.106257385645 
-146.816282147301 
-147.951002713766 
-144.248771443274 
-143.379337540563 
-145.802362202398 
-140.597674223421 
-139.787971263529 
-144.491462064528 
-150.163701836450 
-148.282954753382 
-144.185764315320 
-145.280836045014 
-148.369201297036 
-155.354274893734 
-158.391285380067 
-157.449291975525 
-158.543588429710 
-153.794303093624 
-159.561269527131 
-174.567516452697 
-173.061449119615 
-150.273895232706 
-123.134228720623 
-129.084182973177 
-123.291671169374 
-121.010477180227 
-131.310959757330 
-124.503780166722 
-111.162688817275 
-121.109174507589 
-133.339516635407 
-126.536716490375 
-133.440152836082 
-132.848716425329 
-140.352893132535 
-140.653143426434 
-143.136362869626 
-150.861576207905 
-144.641062502013 
-144.690558136754 
-144.692505012526 
-147.509856830157 
-150.976501711707 
-154.787293991680 
-155.372169065369 
-155.213683161114 
-155.203468686275 
-152.272482546173 
-147.512150434624 
-142.425605653289 
-146.580346498786 
-141.607705776644 
-139.809543973296 
-139.854000257905 
-143.432815573691 
-142.515218944851 
-140.675956325092 
-140.675956325092 
-140.675956325092 
-142.096851856924 
-142.096851856924 
-139.615042789214 
-134.859073433951 
-134.754066208312 
-132.789847757391 
-142.650179922962 
-149.637566105662 
-158.982218614075 
-159.571135931932 
-147.577055565602 
-156.448839682347 
-145.127586436117 
-150.066334654365 
-150.321713156900 
-147.420216628167 
-147.648564005789 
-151.223586176774 
-149.115057033981 
-160.870806068957 
-147.696409663679 
-146.974875828112 
-148.153821849443 
-150.880923877208 
-157.293625407937 
-157.364664146549 
-171.161239971942 
-160.724051048913 
-154.239511914890 
-155.823552850421 
-155.198586431553 
-156.562160984454 
-162.651696728614 
-158.857975629784 
-157.029187673363 
-157.354704919253 
-156.779484142368 
-158.944670674296 
-155.034435566814 
-146.963657139944 
-136.046426235223 
-133.653598471737 
-136.610160667598 
-139.532459263296 
-128.249952370513 
-130.231567399177 
-129.197040908780 
-124.861029097919 
-136.081609899138 
-124.799452012404 
-130.165140334875 
-127.713903067523 
-131.822629920847 
-142.148316457615 
-142.148316457615 
-140.765549017893 
-140.293925039508 
-142.256284634292 
-153.368370385991 
-153.627367185624 
-156.682415854983 
-148.181133881545 
-159.394922697153 
-159.632352432350 
-158.421004509968 
-158.573393660532 
-158.874836697475 
-157.752702846667 
-152.246204589798 
-154.227797125512 
-157.089570574678 
-155.496264872120 
-156.520000878680 
-159.507296568601 
-159.464352947053 
-161.312020474673 
-161.312020474673 
-159.919897981259 
-159.919897981259 
-159.919897981259 
-157.925685616713 
-157.925685616713 
-157.925685616713 
-152.728720136182 
-156.072203350161 
-154.797336719056 
-163.416792223226 
-163.202950775649 
-166.174461365789 
-164.857885463279 
-161.764621288370 
-162.189691740101 
-165.216039940317 
-157.475092581385 
-151.869353434454 
-151.926996845223 
-152.921398735312 
-151.507965022412 
-144.739001916237 
-142.571698821700 
-136.829307711192 
-136.008351738047 
-141.599162879907 
-141.640658536552 
-139.512182017228 
-138.467236710965 
-128.911649571749 
-136.611284994469 
-133.038968186819 
-128.702030670850 
-126.559923273411 
-130.493097303981 
-132.595037891718 
-117.948914505301 
-118.651051675868 
-124.814093459219 
-137.507195527796 
-149.651564524355 
-149.339782082114 
-147.180405918757 
-142.154278160935 
-140.979415180893 
-145.560948824140 
-127.570739349142 
-133.751191036848 
-132.352958754397 
-132.313453828095 
-133.872134387923 
-129.036794510527 
-138.270250637930 
-144.067228378364 
-130.317426785367 
-129.975341049548 
-139.971945927381 
-138.020568860848 
-149.727339571663 
-149.347963861794 
-149.499697640807 
-143.333260913900 
-146.978362733967 
-141.435697612582 
-144.160636318671 
-146.126065464606 
-144.421984308366 
-150.904781701403 
-156.710776466365 
-155.315110630766 
-156.084653962987 
-158.104784657633 
-163.893541856495 
-170.035397716597 
-165.827815392708 
-166.839887901893 
-165.428195527119 
-162.455959896940 
-160.475671675917 
-155.741195610279 
-154.844732686055 
-159.168580032781 
-159.424467260097 
-159.543511261922 
-157.898215672331 
-160.071539454665 
-161.366179665940 
-164.312118821024 
-164.693916061038 
-165.234430266162 
-163.181371587313 
-163.270260248748 
-149.798788322020 
-141.855459863826 
-144.515721582925 
-142.136924715951 
-159.271079858040 
-161.988577971924 
-163.762999079831 
-169.925164378450 
-131.667626475168 
-142.691235961353 
-146.867824314746 
-146.834624789622 
-144.151529928796 
-140.733327948944 
-140.656171935528 
-140.039713938051 
-139.121512677973 
-143.353997926215 
-144.840710819165 
-142.429901397221 
-144.069057637930 
-143.149305884582 
-131.509299228190 
-133.061201912068 
-142.082023414448 
-137.603680845565 
-131.840203034579 
-131.419652895651 
-133.112809720939 
-123.125081512261 
-137.067656288784 
-142.122564705333 
-132.354540856140 
-143.757042832877 
-146.332600733732 
-144.712901797072 
-150.126141112627 
-149.263282088090 
-149.466353527100 
-146.664352531064 
-157.330225856906 
-158.657775109782 
-173.362520834209 
178.744100633963 
178.193748316502 
-169.066453351203 
-167.160188878025 
-174.198531521015 
-166.146322141562 
-173.439107276804 
-169.157068420833 
-171.551231378801 
-174.042634291043 
-172.745337364879 
-171.647180207337 
-165.480012436044 
-162.407471788525 
-162.407471788525 
-162.564184261275 
-164.492714259815 
-164.474870285308 
-165.724343727952 
-164.643624369465 
-154.357870996384 
-154.149788900881 
-153.264671638983 
-153.722460020559 
-156.717749055188 
-158.004835531353 
-162.464903025754 
-159.297694228989 
-155.905701967610 
-155.449147842831 
-155.120485173298 
-160.073046135446 
-168.684129413000 
-162.742309620783 
-150.418550696207 
-145.683885311881 
-144.572150995918 
-142.789382185969 
-142.039437189972 
-142.442117896489 
-146.046378446170 
-147.772050999363 
-149.107709834213 
-147.648997766243 
-149.852600688395 
-149.652954045773 
-152.690855028975 
-166.563624438014 
-159.798314729711 
-166.328075238423 
-165.424111503450 
-175.924456337191 
-173.908369438392 
-176.746255890420 
-166.011884949086 
-171.490781405922 
-166.592215487773 
-173.922538356828 
-166.897499294966 
168.862205398239 
160.471160572187 
170.451227918211 
176.014089751628 
-179.773008440554 
-179.006557345153 
178.931252883502 
-175.548661617249 
-164.881149815105 
-177.764839611790 
-160.573461360208 
-157.245180922569 
-165.647261664669 
-157.649404614781 
-169.122555719436 
-175.572693352888 
-176.933306856407 
-174.144708115878 
-176.608142150231 
-171.464464711252 
179.327046902821 
-172.799102978583 
-167.272263799841 
-179.490630354198 
169.376662451891 
-174.217675940763 
-177.793817087076 
169.304084078569 
174.556845515374 
172.350625931662 
168.458735968800 
176.225903170047 
172.226759662754 
-177.109156337388 
-176.703536004650 
-172.954184347971 
174.050613271778 
169.309077580815 
156.618026432600 
171.230102968054 
165.650431337125 
168.387814335284 
168.987209527318 
171.049985479437 
168.384213297717 
165.455286915252 
166.507203363609 
172.435882096223 
176.374476520035 
174.179185403854 
177.752243290084 
175.241636594323 
159.788557775477 
161.687198349490 
158.511525320731 
175.206202669112 
-178.851959805938 
-172.951146958370 
171.714032000312 
173.419528939288 
171.441484816480 
-178.129822761014 
167.708803285130 
174.511035879749 
161.167563290553 
160.082940536304 
169.385534116160 
-179.649974139842 
176.322803595336 
171.722262021183 
-168.779737475604 
169.818527186428 
170.624087186365 
-171.294054643870 
-175.965716494502 
176.920895171862 
179.375052750811 
178.688829538098 
178.728916977301 
-177.571023295528 
-178.644516684365 
-150.289482006539 
-152.355078015557 
-153.253600046845 
-148.137954149391 
-143.471300924554 
-159.743404689338 
-164.534816409388 
-172.715396506143 
-173.955454706633 
-166.808917409117 
-168.848049333411 
-170.777162481231 
-158.299688870300 
-140.651505929800 
-146.875601179560 
-155.454733225791 
-146.388009100023 
-141.158649140727 
-144.782126199239 
-140.916046084933 
-137.261331994140 
-129.376817134792 
-136.506628152615 
-129.514157433071 
-134.011944649554 
-133.864890822759 
-133.569463064623 
-131.690986419496 
-131.690986419496 
-138.673459595005 
-153.194723834676 
-152.146782032757 
-150.246513820251 
-151.457597874619 
-150.385511690447 
-149.743938299471 
-149.766885183488 
-149.766885183488 
-151.670130980345 
-152.530392212852 
-153.991293485402 
-153.843108225072 
-153.662610483451 
-153.510564616971 
-154.258634406129 
-158.845411462297 
-169.610652571546 
-169.024910640286 
-163.066471860533 
-162.184901106046 
-158.974051798869 
-158.974051798869 
-162.568768165995 
-161.555943538104 
-162.573802648932 
-164.427056318022 
-172.316914980728 
-175.464963014736 
-175.464963014736 
-173.893351175555 
-173.871922303795 
-169.267565745679 
-171.054097147593 
-170.075412498777 
-169.133013919271 
-177.903952874374 
-175.753037810436 
-175.087438373649 
-172.799789552540 
-169.893093581832 
-173.094963712169 
178.340673912755 
-178.259934708609 
179.055179931093 
-179.365448092625 
177.521437917874 
178.919838794735 
173.713783791224 
178.125633073375 
167.685766958067 
166.983169519025 
173.600291922562 
172.810492705296 
177.818634519088 
-174.332321649078 
-174.877766027820 
-174.113897584405 
-172.957281002481 
-170.571777570912 
-176.041916355722 
-174.430964657360 
178.234537167339 
-178.621787270562 
-170.346039007151 
-170.985625512323 
-179.314914768868 
178.148830553469 
178.121332494509 
176.125499216011 
-177.085269198206 
-165.437067556852 
-164.267824580778 
-166.431898424482 
-165.277916415772 
-163.592673822620 
-164.152307162691 
-164.152307162691 
-139.788297848119 
-136.351380331591 
-137.605703695475 
-138.521060686309 
-142.888985714975 
-151.494576209782 
-152.578615763321 
-153.082178809643 
-153.082178809643 
-152.742442135758 
-151.609384244216 
-140.458405031004 
-139.496099925294 
-142.987080107598 
-142.984056818494 
-140.774967551927 
-139.963597207583 
-132.290142638503 
-131.217296288525 
-138.239011262588 
-140.812264412061 
-139.665330418200 
-140.253114130302 
-138.290682051925 
-135.940998765840 
-135.940998765840 
-137.916386723094 
-137.074766665115 
-137.074766665115 
-139.331926596814 
-140.243265511215 
-143.613172228985 
-150.162248760437 
-153.033306318812 
-158.908260147131 
-160.704447681584 
-162.910895059009 
-158.586644710996 
-157.142414166115 
-151.199022371185 
-145.228326306202 
-140.881710083228 
-138.950111218262 
-140.186827902754 
-145.836384835082 
-143.222735795393 
-143.275019534353 
-140.689993686983 
-145.207756284556 
-134.740096994286 
-140.007670312703 
-140.837009418002 
-146.691343444945 
-144.571027551166 
-140.814186193739 
-133.089897250052 
-139.200923301463 
-145.904047322008 
-138.704455915562 
-141.350548130082 
-131.903690059295 
-127.252689524943 
-126.802144728322 
-127.777838604911 
-127.683229169409 
-125.028352654580 
-122.652328758826 
-123.614327561565 
-123.614327561565 
-125.609007096313 
-126.419144994563 
-126.485617986154 
-119.317567857903 
-120.718880344385 
-119.765819036708 
-129.077540081217 
-132.365871331311 
-141.264902133735 
-142.820132058007 
-148.599999067721 
-132.274326964268 
-130.575039421949 
-113.936961956046 
-115.112571290677 
-115.397483330524 
-129.481712868884 
-122.687645709897 
-128.838059415258 
-131.191429225766 
-121.649120544523 
-121.297259809080 
-131.537412247073 
-125.618080629234 
-121.156184930201 
-155.859561610646 
-156.928714954696 
-151.121423842760 
-150.163406155019 
-150.143417667590 
-152.021036351811 
-150.615379791903 
-150.112367268050 
-149.317247785339 
-152.197793650388 
-148.867169039646 
-154.663467917922 
-155.531063603171 
-148.929709464142 
-148.975387776370 
-149.831224255099 
-153.464017924690 
-150.723021688772 
-152.322242430810 
-149.113293480553 
-149.796762849167 
-150.167062077154 
-151.772638143327 
-150.254170971448 
-144.767263913155 
-141.661857463175 
-147.167441001682 
-145.215155596631 
-138.423930102785 
-141.945683093168 
-140.492903381261 
-137.679403760142 
-134.425424002320 
-129.898191085752 
-131.099513293530 
-128.630902156039 
-135.110820859029 
-132.912750560427 
-135.309741945549 
-129.693265087811 
-133.505241865336 
-136.442377245418 
-139.235239064038 
-140.017705841134 
-135.659022843356 
-141.261185990974 
-150.880564044606 
-146.068420555016 
-149.153960828063 
-149.489115181289 
-143.739219494884 
-148.215514376805 
-142.358455840356 
-143.058367526794 
-137.397761670115 
-132.594263342088 
-130.820469878953 
-131.998442154226 
-130.754642353788 
-144.308662632352 
-143.591585653567 
-142.248655206799 
-143.546620984782 
-149.346359738859 
-147.517979892082 
-147.362047706405 
-146.495522157076 
-141.770137327055 
-141.770137327055 
-142.934081772923 
-140.663362286783 
-138.080323049666 
-157.038305549187 
-157.323404140541 
-157.431577232944 
-157.722961736878 
-154.387422941397 
-151.324125596027 
-146.465222321096 
-142.980838315969 
-139.968507078845 
-142.842074251788 
-139.273705572377 
-145.854158321124 
-130.677925323511 
-125.191617307105 
-124.581732807368 
-126.306663495811 
-122.796540935075 
-123.979786351891 
-134.115703622534 
-132.980802950458 
-136.341617946218 
-137.815427110174 
-155.048645840512 
-155.986256750430 
-155.229784430971 
-150.474915318450 
-168.617763833863 
-171.378813238621 
-176.460690088904 
-176.999643513206 
-165.667894227639 
-168.900760520984 
-170.707141865543 
-173.071014171539 
-176.889543617153 
-174.162894671399 
-174.162894671399 
-171.090845866875 
-169.037137304638 
-174.307972220199 
-167.284132312093 
-163.877911148326 
-165.258212192888 
-165.643110968177 
-166.059718301288 
-165.964515392926 
-162.127946687655 
-167.681337487282 
-168.128995511149 
-166.019929085307 
-168.702889428189 
-170.507170234305 
176.588813192789 
-166.126032236950 
-164.030364928760 
-174.543269452571 
-171.367500991088 
-168.726346866643 
-176.775806672345 
-166.461062332124 
-166.450448609570 
-166.554868860724 
-170.781696753975 
-179.115781141852 
179.858421698738 
179.997875809268 
-168.527767941679 
-165.439207747262 
-162.583472191879 
-153.096466991964 
-155.557310497945 
-148.659431289926 
-152.784842698028 
-147.435379141162 
-150.065607084709 
-151.770179215319 
-151.642671563509 
-151.243236347918 
-152.440766084227 
-164.525250238129 
-160.577320576175 
-164.046162177963 
-152.132129042780 
-149.019119731570 
-138.528533039973 
-140.073717450691 
-151.416361863429 
-156.283715963860 
-150.688338150202 
-148.902520851278 
-142.372029376915 
-141.608930151500 
-144.409694122518 
-159.497661248393 
-158.944901671005 
-170.821122457149 
-170.072484287845 
-173.120255418296 
-167.733229764374 
-163.647732609149 
-164.298951333244 
-170.376861312509 
-179.358069675267 
-166.514391198312 
-159.220052215046 
-158.992980164863 
-162.453980502844 
-147.902767395849 
-148.387249611220 
-150.822015459370 
-151.275226444734 
-150.449148664617 
-151.751512165964 
-149.095130847291 
-154.260340809134 
-154.451069571664 
-144.171510749347 
-144.488125458883 
-144.395028055002 
-144.395028055002 
-144.399237460368 
-146.151830944565 
-146.154400031539 
-145.619238591396 
-145.229286286754 
-149.531354153572 
-148.957611843552 
-149.612189969342 
-159.941836280823 
-161.780794445698 
-151.885730243229 
-149.118988416043 
-152.526005796464 
-142.198119045434 
-146.414371966134 
-144.522896663473 
-144.568854683852 
-145.006997863287 
-138.854937506552 
-138.837233324050 
-150.526195249547 
-148.445004929191 
-152.165125476237 
-152.165125476237 
-154.465589007825 
-160.145747924399 
-154.045642943939 
-158.906476441001 
-160.369594268572 
-161.543573422492 
-161.268736689200 
-162.518363973300 
-171.047393319740 
-158.589129892539 
-159.800072827852 
-156.369609915898 
-148.136229486732 
-149.538814076027 
-144.870593539383 
-148.592540407293 
-145.597952790197 
-151.221181955438 
-151.246920412830 
-152.766522576507 
-147.121554152563 
-147.990574219186 
-146.369470590367 
-140.277613108293 
-134.606400891104 
-128.925448048763 
-120.299547866927 
-123.801110792210 
-122.073045344063 
-124.573054568996 
-127.408584128976 
-123.884191187550 
-122.084265398932 
-122.189961937766 
-130.424691465631 
-129.669592924240 
-130.688583179357 
-131.588524984813 
-131.189071489399 
-128.367892634693 
-126.502227962640 
-132.326442595111 
-133.655531109224 
-138.525083859185 
-137.812896265616 
-137.812896265616 
-135.825404463075 
-135.825404463075 
-131.481243902763 
-134.196218896786 
-135.283972993063 
-135.703803399725 
-131.863105888984 
-130.269544605162 
-129.637146660190 
-137.702754671851 
-144.153437532355 
-141.575272833571 
-144.058248622932 
-140.662827509954 
-145.502938353682 
-148.718910836575 
-151.836595055545 
-152.085024320717 
-152.383023305276 
-152.458181359358 
-162.390447071786 
-162.183124104128 
-168.010441003105 
-169.189378494766 
-174.813422446355 
-175.302002745943 
-177.354310512278 
-162.778510354809 
-164.297703834613 
-163.135690760312 
-157.659917189479 
-148.385563174392 
-147.400141777082 
-145.407019247337 
-146.005714121964 
-139.951734012621 
-148.450186711845 
-156.796440451148 
-158.474067859850 
-160.079197280479 
-159.089361757982 
-150.262362706677 
-152.477451574007 
-151.066570101872 
-155.497097301874 
-155.398117496554 
-153.791215046896 
-152.585541574597 
-158.120900672830 
-152.805664193950 
-149.251780846547 
-147.277688774235 
-160.558614289419 
-155.784538352191 
-155.784538352191 
-148.767845795766 
-140.628182773130 
-136.806202621772 
-128.304211812568 
-146.935850359570 
-148.150425117182 
-157.090001100915 
-157.863906661030 
-150.277023482198 
-141.214589934165 
-135.470021211800 
-137.264260453132 
-138.993272112556 
-135.009714105648 
-141.577006004455 
-139.014887879267 
-136.489709384345 
-146.085169920789 
-151.870474991564 
-153.178002378737 
-147.932704029424 
-133.660398130094 
-133.955474745075 
-133.582110417808 
-134.762876335950 
-133.338405365558 
-129.016078931878 
-127.996243460539 
-127.965386282857 
-131.094904746032 
-130.221760880532 
-116.870391807821 
-116.353930749907 
-122.160178824280 
-122.396041230834 
-128.920050011158 
-128.939045689383 
-128.939045689383 
-131.175205098199 
-133.301789805589 
-136.988153508955 
-134.188392479261 
-131.412378968582 
-139.926940323311 
-138.350553825073 
-144.328158761914 
-147.173058216958 
-147.836341316071 
-145.217910021232 
-156.799138898729 
-154.466756489243 
-151.668484591958 
-159.932997666335 
-165.699296592686 
-168.123663552720 
-164.504400225733 
-172.444587449230 
-172.101170784933 
-161.278670425604 
-143.487785089853 
-145.761933294379 
-151.675437933316 
-149.132531510982 
-143.215326195684 
-137.208354891164 
-139.114731107937 
-118.690386419820 
-118.159016841941 
-127.139671021978 
-129.259629456870 
-132.321936523735 
-134.022950619414 
-140.070997593180 
-136.078032585779 
-134.299131765298 
-136.821327843045 
-138.721508988159 
-136.255846592251 
-137.354670569850 
-139.421715977550 
-138.006360347340 
-139.638668273870 
-139.638668273870 
-144.750849286543 
-144.955057909223 
-144.955057909223 
-144.410830909280 
-144.410830909280 
-144.933374375386 
-143.817377898454 
-150.642505266326 
-156.718124346254 
-156.771245304875 
-150.539387865978 
-156.388543119379 
-155.243320071686 
-160.303779032717 
-162.731815136952 
-176.407076839482 
-174.220953864904 
-173.189899134285 
-160.214906545406 
-160.214906545406 
-154.160713166836 
-158.271819936860 
-154.136188831195 
-155.577008032741 
-154.942160282312 
-157.459528603873 
-151.039212684607 
-146.495019028693 
-141.663050577982 
-150.644327113972 
-149.334421580618 
-153.807765354880 
-154.752431484508 
-159.555885827233 
-162.118924318672 
-168.178585509803 
-163.694108852121 
-171.160411511429 
173.658639143959 
174.355233476441 
167.509569139450 
167.190504554304 
174.869485656612 
175.164667421178 
171.416551242854 
174.582825309335 
176.655323590770 
162.967398026682 
170.965762370352 
174.056328652223 
172.882070815654 
171.166759824568 
172.808746022284 
172.808746022284 
179.383533592464 
-178.487114830103 
-173.867210363588 
-163.289163549278 
-164.962205566686 
-167.494957593290 
-167.728876985345 
-155.728537665761 
-150.526167429550 
-165.591704566984 
-161.008275406173 
-160.972445856471 
-166.307654186173 
-167.703999244719 
-163.167567699525 
-152.525764926572 
-157.269267582252 
-156.096522595058 
-154.475909475238 
-147.671349606787 
-146.906327702776 
-144.694661254654 
-145.596169681288 
-146.375636572283 
-142.120883072326 
-143.908075907706 
-150.900731074646 
-151.817924670291 
-153.289143720338 
-156.377798961663 
-151.576046655976 
-152.970250459021 
-152.601428023878 
-157.048647184279 
-153.041244470216 
-161.943088431918 
-160.013660385366 
-158.120176773936 
-149.557800541228 
-139.507054656113 
-148.439498311049 
-149.682073609725 
-151.201688700593 
-152.830131101530 
-142.251901468301 
-143.534574841831 
-139.363905788699 
-139.058780062854 
-140.107736694918 
-142.652138047157 
-139.501017671166 
-138.035706815430 
-136.628951322316 
-135.458070874135 
-137.870018293550 
-139.645645008378 
-139.294290496977 
-139.249327744797 
-140.318201185087 
-138.647340074867 
-138.304114237630 
-132.617787197692 
-134.126992412871 
-132.398206405079 
-132.476552704170 
-131.387775268468 
-130.690520346393 
-131.687574593716 
-129.521809578866 
-129.521809578866 
-129.198111381976 
-129.198111381976 
-130.502420385935 
-129.189610236404 
-131.565656431955 
-137.425361110336 
-137.480681759907 
-134.610152218055 
-135.967945475445 
-135.967945475445 
-131.598305108656 
-132.856553237977 
-135.296965781166 
-138.307825843457 
-139.167699986931 
-134.849203456423 
-154.597836257893 
-155.415184383474 
-148.631544425833 
-155.148774944025 
-156.995766458095 
-155.892545246975 
-154.719211160028 
-165.770023528180 
-167.604568322262 
-169.768818557831 
-164.050118551746 
-152.588108775197 
-158.213252002799 
-163.401090999324 
-166.039792693729 
-164.067783572643 
-170.803008505665 
-170.710170746489 
-170.007475949667 
-172.004200836006 
-173.958712445045 
-170.580083809429 
-170.870277138587 
-167.631655734510 
-132.279593704753 
-135.598227274077 
-130.618613219093 
-130.618613219093 
-127.656915108980 
-130.724484279385 
-133.148344679255 
-135.205460698485 
-134.374573075945 
-133.754513393078 
-134.135414123054 
-135.725533843362 
-136.432359530851 
-127.198115394376 
-119.924881923643 
-119.084033172980 
-131.853259863998 
-134.845495320900 
-131.651169307663 
-123.038588772921 
-124.598237969998 
-131.273717288633 
-132.220020143568 
-132.959825207618 
-132.931437127397 
-122.912325755154 
-124.450015902142 
-127.786577048556 
-131.566678081951 
-139.061179214219 
-133.452949220129 
-133.452949220129 
-132.553147111949 
-131.291738523125 
-132.668853989081 
-132.517577767102 
-137.428871403283 
-130.110343427840 
-130.276457854884 
-132.068897086972 
-142.038788012513 
-140.819078163510 
-139.798674558634 
-138.500589227236 
-142.289549294591 
-140.930018925494 
-141.410631859994 
-137.905907001979 
-142.483798804955 
-150.180395418058 
-137.490871073547 
-144.277470802554 
-144.595331168480 
-144.258953484382 
-135.830605108641 
-123.194492696023 
-123.278022078162 
-117.727146705890 
-122.340522254730 
-119.787100442923 
-125.245008208267 
-131.385260264248 
-125.533605487618 
-124.867719641051 
-135.325771886520 
-136.344393020005 
-131.670654553380 
-133.458521348061 
-133.329189063851 
-135.673555024926 
-129.651058030877 
-133.800188687195 
-120.045911071088 
-122.749167600948 
-119.139944735791 
-123.378758292952 
-122.564417275483 
-134.187438908880 
-131.893869726341 
-136.688014679972 
-130.205175043180 
-130.990260249196 
-140.028207432566 
-132.658232982561 
-132.913561987703 
-132.378784739509 
-131.659424412914 
-137.773003704630 
-141.218835406188 
-139.417362440103 
-140.351688034020 
-141.531491447905 
-140.999920720089 
-146.682952658029 
-149.827995608759 
-144.508227275896 
-151.591891957163 
-154.346043992536 
-143.611376526288 
-137.065683935268 
-133.362509944597 
-129.325020985489 
-129.410728118504 
-128.486496415411 
-131.483046251711 
-130.932431218285 
-130.932431218285 
-129.335549688837 
-128.402520273308 
-123.507737163067 
-123.507737163067 
-129.148089579327 
-130.701202980335 
-125.997258067816 
-133.036674712183 
-133.036674712183 
-129.892310311758 
-139.207821046494 
-133.025199788775 
-134.445351389014 
-142.493079298596 
-147.088732620860 
-147.849299696592 
-150.042415177120 
-152.057495102815 
-147.483205969116 
-137.883038015316 
-141.631020349792 
-146.623739770200 
-154.984012900595 
-155.773449010587 
-160.517918759584 
-157.760660569125 
-157.985990362796 
-155.872769485265 
-154.022037430198 
-152.604431562592 
-154.408438386608 
-149.940041075018 
-150.227266779655 
-151.690944740254 
-153.689741685555 
-147.583153455860 
-150.160149202646 
-152.628034191061 
-148.239360352996 
-148.119246659530 
-158.959214123860 
-163.169434472755 
-163.648599084649 
-159.639152484052 
-163.539726113340 
-163.067585891617 
-161.868262220619 
-165.663804810226 
-165.603081704590 
-172.067493143623 
-171.507422357908 
178.316145714915 
174.404852616480 
174.814727859321 
178.312192496300 
171.638349090898 
171.041218811156 
171.613259441397 
169.695622988563 
175.934234095928 
169.414656288843 
169.965401721070 
168.596802151656 
169.288506239752 
176.269349354248 
175.563869556876 
175.563869556876 
-179.456987063175 
179.107073068605 
168.441718015255 
163.797883534389 
166.097398141071 
164.081612303805 
163.001173442947 
163.185592431192 
167.268122487837 
166.963957744697 
164.647485568701 
168.916253863744 
175.293193932915 
169.910609577803 
-135.208099424596 
-135.981812435668 
-133.818956839164 
-126.052425561210 
-129.203412375751 
-129.472360813203 
-131.774951545643 
-131.774951545643 
-131.109219614156 
-132.081223701109 
-142.663739665035 
-138.311030610778 
-138.311030610778 
-134.687451408372 
-133.429012586903 
-135.307253054030 
-136.284993054888 
-136.563653569552 
-133.426147191787 
-129.767408408779 
-127.121647242938 
-128.657419679893 
-124.728725844480 
-120.259387193506 
-119.729281032032 
-119.696684349338 
-119.505652179167 
-121.206336369482 
-121.095400317185 
-122.559658467755 
-123.527023661478 
-123.527023661478 
-121.575465710352 
-122.890523461735 
-122.362032166674 
-120.743744424157 
-121.176294039415 
-120.631442061231 
-129.842077577315 
-128.717824495895 
-120.177780202079 
-130.302582160961 
-129.796990406180 
-131.164737549082 
-137.457623108254 
-133.898896491123 
-129.844960140453 
-131.424738332748 
-129.109025904125 
-129.145309992107 
-130.397889256980 
-122.671059771417 
-122.919230928496 
-128.923786495087 
-128.743028566787 
-128.743028566787 
-128.879957085331 
-130.842798892617 
-128.279462505057 
-126.780914048850 
-132.226821998346 
-130.322346852360 
-132.624302809646 
-133.145430680339 
-133.145430680339 
-133.768578913401 
-133.169335088240 
-133.169335088240 
-131.057934227853 
-131.021573481246 
-129.007797544599 
-126.533755440631 
-126.038054116791 
-131.589420444787 
-133.951195978383 
-129.528896594314 
-140.106993856008 
-136.361439306108 
-132.198980193969 
-134.546619162640 
-129.932662206825 
-129.822826587780 
-133.266108452490 
-136.569786947105 
-136.251400443779 
-135.092746525260 
-140.570770266355 
-140.212490577224 
-142.420157365462 
-140.528764629760 
-142.386294429202 
-140.305134113879 
-140.305134113879 
-127.208592385598 
-159.905273598174 
-159.616583552880 
-163.786961822469 
-165.371416599139 
-158.052415116025 
-158.052415116025 
-157.032075224525 
-160.159408928104 
-159.464827337904 
-158.727028048969 
-159.611484948994 
-155.176138495000 
-160.503518865207 
-164.009858324485 
-164.290425373329 
-164.290425373329 
-164.869749717332 
-156.396399748868 
-155.634020056370 
-155.720460619239 
-160.290957425742 
-155.865868026239 
-150.543407027905 
-149.020973993462 
-146.763696024404 
-144.337406842821 
-145.183466476118 
-144.949986772860 
-140.358904066219 
-139.787493365311 
-142.021307099390 
-143.428766015969 
-146.243644972054 
-157.746951675734 
-159.693297790894 
-156.499374353336 
-150.023956381767 
-151.990198346429 
-153.649147752809 
-145.782270204472 
-134.828469731091 
-134.987733953708 
-133.903053520705 
-141.029144386747 
-141.382069636322 
-142.325920736432 
-139.164239759227 
-135.818679508663 
-134.730727512268 
-131.264511458398 
-132.160574194442 
-133.524357422719 
-131.876582831054 
-137.332767312347 
-145.039844513852 
-139.080011498313 
-139.052332244290 
-137.952455967428 
-138.277248998369 
-145.477371121480 
-145.263781511502 
-152.079949941268 
-150.979210969277 
-152.661549577858 
-147.826036731612 
-156.732565108161 
-156.566676158693 
-164.299365096017 
-165.368928686543 
-161.160448028431 
-159.022099908973 
-160.062990500408 
-162.362824264019 
-162.092249253976 
-163.242972364273 
-163.891406813275 
-168.846872307819 
-166.710887734925 
-157.200475311365 
-156.967730618820 
-162.320736623275 
-165.071941139493 
-162.712870877161 
-157.612012534852 
-162.751926450878 
-164.542612424578 
-164.367754601976 
-167.947747272048 
-169.812263868981 
-171.903649320481 
-176.034108421006 
-173.172354333261 
-172.135278929897 
-169.467570535706 
-156.711037139750 
-158.059770083597 
-157.878099182188 
-155.092914720991 
-156.725139948120 
-153.473380179826 
-153.062410634823 
-152.240729714582 
-152.083783932014 
-148.734616216574 
-153.581703515378 
-154.495325560158 
-152.119426650302 
-150.144565326584 
-162.106022244794 
-163.529031409948 
-165.463393751121 
-164.582733845469 
-171.912218767396 
-172.769827019740 
-171.230683509337 
-169.088505264069 
-174.382878631716 
-170.247413890744 
-173.932144597326 
-162.478087407830 
-161.297508035810 
-162.129316420098 
-161.634742333916 
-169.922815768256 
-164.669562852144 
-160.564666466927 
-160.564666466927 
-156.378629300275 
-156.378629300275 
-152.722424986670 
-155.772328021899 
-157.824305632082 
-150.972271604875 
-146.871261098732 
-146.882066442577 
-153.694746305326 
-162.879984212889 
-160.763675430271 
-153.809559265313 
-155.219081395393 
-155.219081395393 
-152.108054051576 
-156.070542628735 
-153.781490771065 
-153.894381011197 
-153.452189629568 
-153.452189629568 
-155.171126610392 
-156.984271546552 
-162.720963852424 
-159.162501944106 
-159.151584697698 
-160.286900186597 
-158.048988234427 
-160.164506077823 
-160.162314201573 
-166.343113321106 
-169.949316592247 
-170.658363495355 
-174.396472430752 
-173.435506435643 
-175.911688731960 
-178.198234432527 
-171.994096606726 
-172.858574971870 
-172.298955807012 
-157.958180468346 
-156.935303673501 
-157.948879286781 
-168.663924316609 
-168.632578473394 
-165.924870128428 
-164.726558725475 
-166.634119306636 
-167.203219821627 
-166.766281609546 
-167.082589878899 
-160.793174129393 
-160.834601513392 
-151.709644372269 
-154.947296212011 
-147.593757480396 
-144.689949452019 
-143.905544122413 
-150.322876684848 
-153.709597453085 
-158.755075876539 
-162.515376791466 
-119.681465366855 
-128.233769744060 
-127.054115498147 
-126.517394798105 
-132.349743417674 
-146.073539300705 
-139.099763558463 
-125.682920478764 
-133.979681325354 
-138.241572360964 
-140.955496367880 
-139.137612273101 
-123.048300158573 
-131.281895729670 
-116.939782191502 
-116.939782191502 
-135.672696643660 
-130.280861534071 
-145.506781036639 
-140.312593843366 
-139.420033066826 
-140.261321340744 
-141.792672211811 
-146.303142739452 
-143.353418079365 
-140.463854707916 
-139.620459628428 
-148.923177350769 
-148.271773093974 
-148.362237919159 
-152.544388810001 
-156.316578422316 
-160.119353592817 
-161.035800981598 
-162.505235495119 
-165.177897765280 
-163.853665476483 
-173.347705428775 
172.088993420352 
-161.473227019962 
-160.468174561271 
-161.878098845178 
-154.109230401588 
-156.654739022903 
-160.769187330989 
-168.566508656283 
-168.634492682000 
-167.287395022569 
-167.855823735950 
-167.438564788929 
-168.755412439202 
-163.724385986044 
-162.043143460652 
-169.936979129479 
-170.089032816844 
-172.832588214863 
-173.988357976929 
-169.783673229886 
-167.918761065169 
-160.044351193902 
-158.012207058530 
-157.195878254734 
-135.000152210220 
-149.606781114757 
-148.994232853232 
-148.992974974923 
-147.170075030029 
-148.659823592996 
-156.771658527141 
-151.126395759266 
-152.086842459147 
-153.430332732515 
-156.226374323717 
-153.913345056159 
-154.626578314513 
-140.581984221907 
-138.068254771398 
-147.952142889055 
-149.242131788691 
-141.341057856541 
-145.938771364013 
-142.587537395083 
-142.490154446845 
-139.216351223420 
-140.352868876067 
-133.505708820239 
-133.745424019412 
-133.745424019412 
-137.034663850062 
-138.432272614403 
-135.069963817205 
-135.959686794933 
-144.053287600335 
-139.846121022995 
177.371243570141 
162.793479168790 
169.413665359090 
158.555273948894 
161.854917506877 
161.832210965181 
163.974307611190 
164.414698504632 
149.928877258177 
160.893382585500 
167.014476841301 
157.574640995309 
157.672812124260 
169.379072927235 
167.790017777509 
169.179013729384 
171.755076025750 
-178.171582043261 
179.377155904010 
172.496280020850 
171.692314170777 
-177.098968552440 
-176.964148520814 
-178.426475995445 
-175.400099717479 
-173.133646284224 
172.450752815141 
-179.303112016454 
-178.093748066888 
177.309178611068 
-173.588897438058 
-178.475925425247 
-173.901270514363 
-176.277228846934 
-177.327933747324 
-173.779797706399 
-174.060593128026 
-166.484403919027 
-166.484403919027 
-167.685872359411 
-167.581239621888 
-176.807213233316 
-177.506067946268 
177.802885914587 
177.436443439848 
177.436443439848 
-179.961496947651 
-179.961496947651 
-176.725681760603 
-179.512488661643 
-162.989369707000 
-158.864259938773 
-154.883374230182 
-152.620942152231 
-154.350795407787 
-154.341963401592 
-151.240189036134 
-155.296638225270 
-165.486636100880 
-172.904555023768 
-170.009936342947 
-169.906873424842 
-161.460230710128 
-161.999751460077 
-163.594397544171 
-162.521971385209 
-163.544505502250 
-170.488203103042 
-171.348325101624 
-178.229808170316 
-171.869874878126 
-173.609269460052 
-168.195040934951 
-173.253864732110 
-173.331026268565 
-173.969367554972 
-170.691102420329 
-169.391935793702 
-169.698070666699 
-170.324916490952 
-171.122838314568 
-173.610414739005 
-176.236944296281 
-176.328626120726 
-177.639681593506 
-177.639681593506 
-172.365732703277 
-175.580528150682 
-179.939385720338 
-170.707205261106 
-170.707205261106 
-169.140933697374 
-172.994044220687 
-169.976442281520 
-147.557127013346 
-148.482131911466 
-153.790549138163 
-153.243852226485 
-151.524132761371 
-156.392922352095 
-147.056535170874 
-156.685907768330 
-159.467208786875 
-158.877392064745 
-165.965433917531 
-164.932600452844 
-160.924286443009 
-160.248188995626 
-156.215867858633 
-160.355788371795 
-161.177608175308 
-159.222141384699 
-159.701723829830 
-160.275299858675 
-155.731905108462 
-157.078765365983 
-158.913874841396 
-158.369419025518 
-160.276587729663 
-162.444195513644 
-162.571333176035 
-162.583473801453 
-162.684254840265 
-161.570800786281 
-160.831787876909 
-160.224199348282 
-159.687291931248 
-169.444704767206 
-164.696229121914 
-168.183657239852 
-169.431625853842 
-170.675453226407 
-178.675983113367 
179.592646400546 
-173.307439192512 
-176.642431189165 
-177.986151829344 
-174.236423044194 
-175.314969910179 
-159.283219394558 
-158.853946307476 
-156.427827347267 
-157.730267089482 
-152.237663566188 
-151.849787925401 
-151.001016366543 
-151.542919424328 
-154.387375104780 
-157.769910854447 
-157.582080083806 
-157.432202718091 
-161.104197264681 
-161.116322548207 
-161.694700984357 
-160.585440463604 
-166.780871545225 
-169.344562266939 
-168.765877139037 
-168.915020617437 
-162.235853223689 
-161.082397901278 
-164.928294382883 
-166.780862512308 
-160.605782520233 
-166.558934792782 
-164.389067788773 
-170.830421432743 
-169.270178932720 
-170.569480241648 
-176.377656746478 
-171.573342056764 
-174.376280030777 
-175.464441429842 
-177.419787845852 
175.461530685744 
177.812909132285 
178.890436187590 
-177.405310603416 
177.632312922669 
178.057089721905 
178.778044418921 
179.776326158560 
-179.984664897059 
176.739491662003 
170.673769937348 
171.271183366730 
167.151327623518 
167.556923087318 
-155.628997848522 
-158.893344464994 
-155.370303312726 
-158.793761260814 
-160.124336046103 
-164.998874391969 
-166.574498178413 
-169.580543170385 
-170.408374200523 
-162.988638396551 
-172.142704103514 
-166.598658313534 
-164.348533393937 
-162.340869600196 
-165.742890680962 
-164.143012989824 
-163.594589216954 
-165.551685888442 
-163.146301113153 
-167.711343466252 
-174.006080508327 
-173.810715632347 
-161.874025005019 
-158.673476381682 
-165.248627796196 
-165.709979675477 
-159.959369608707 
-166.061323459639 
-166.311510481005 
-164.978319103443 
-167.174259861629 
-173.492651075295 
-170.660935706096 
-166.239604305637 
-163.120622428455 
-162.447043098186 
-168.925475956967 
-159.551718841495 
-159.551718841495 
-159.586260426291 
-159.420656640986 
-158.848348257689 
-156.247088997413 
-150.134003891657 
-149.767906669819 
-147.043736033869 
-144.433161542530 
-144.669093174969 
-142.193463934897 
-146.561830447685 
-142.402433706104 
-143.338376635112 
-144.523486394624 
-146.436803386034 
-146.341406576095 
-152.378032618514 
-156.917717063290 
-157.707620771708 
-156.466262196220 
-162.696905286078 
-156.059383052422 
-151.731497283746 
-153.137211633855 
-144.546642153453 
-149.750661956543 
-152.316325909733 
-152.342569512894 
-152.902699986854 
-147.216382545539 
-157.242435853547 
-157.251555506120 
-159.113690126446 
-155.834156741555 
-157.701457344319 
-164.695552766827 
-162.519527436131 
-161.055371963804 
-167.448245429160 
-165.555691990563 
-167.067704723699 
-167.072335193452 
-167.806786529110 
-178.661000731503 
-164.632259746061 
-165.127639691663 
-164.450953309582 
-160.917379860800 
-162.828024950173 
-162.092906283785 
-161.419148280089 
-161.506382852058 
-166.375489004200 
-167.425453624351 
-169.560817831340 
-113.348586273538 
-110.761917658456 
-119.859780214586 
-145.633417354487 
-141.548934096951 
-124.868785667852 
-132.325409550143 
-120.084830676785 
-136.110985965326 
-130.181036971667 
-132.664508891119 
-134.267116016627 
-128.961761183482 
-148.860667316311 
-154.577286419988 
-155.370015741203 
-147.510193428974 
-140.379367294919 
-137.431216502348 
-124.145023314275 
-125.405211573327 
-127.201764132643 
-126.093605744043 
-126.195378444223 
-124.832098538795 
-131.296819839130 
-130.545494862973 
-126.476906708256 
-130.652450994741 
-134.008376589414 
-130.863124190034 
-134.959684164717 
-132.029782120977 
-133.090744670358 
-146.910155606576 
-152.141959256951 
-160.176766221117 
-163.180856407143 
-158.376029856616 
-167.374967480381 
-165.295520855260 
-164.991478726530 
-160.906834797392 
-161.507527768809 
-158.479658590955 
-150.058541655343 
-147.002196790516 
-146.084132299319 
-153.538657305232 
-156.576102728362 
-163.914190381055 
-164.001516638541 
-155.329173555762 
-148.944029439675 
-162.227160047497 
-160.559231428436 
-154.352013166261 
-157.859461333226 
-157.023882442896 
-164.158094074187 
-163.720859448227 
-169.162730916399 
-179.955034996626 
177.923110838972 
178.036852668372 
179.599527084286 
-179.787362550368 
-166.877362219023 
-176.865303412480 
-176.285335607513 
-161.966298224311 
-163.182908867848 
-163.182908867848 
-163.481724858241 
-159.755894770206 
-161.063159205312 
-164.390423266362 
-156.874481562571 
-157.938382547019 
-156.456830957121 
-155.929783168217 
-154.762051905026 
-157.764347486160 
-158.495574169687 
-158.680917125237 
-158.276747226070 
-158.426532424851 
-149.651261807272 
-147.570755903028 
-147.144983297580 
-149.114202680056 
-149.114202680056 
-144.002880959552 
-136.012905627128 
-139.456064653013 
-139.605505061244 
-139.605505061244 
-139.393063582898 
-144.383907001676 
-142.998821923333 
-142.743729755035 
-140.195734478270 
-128.472520700476 
-136.733214644979 
-141.284004143871 
-139.878907617140 
-138.950345122433 
-143.134455766396 
-145.336282848236 
-145.471600771808 
-141.605588007287 
-130.941156489823 
-130.139513598516 
-129.451121154669 
-129.451121154669 
-135.616734441539 
-136.343095462130 
-133.575589389245 
-135.341890321268 
-131.615915375545 
-125.908431741269 
-135.912565530024 
-137.565691575876 
-135.673733932454 
-139.994331676616 
-144.645448244024 
-139.520825807354 
-127.969446319898 
-128.992299601568 
-131.323988004504 
-138.211460766027 
-137.920292856152 
-144.259021513532 
-148.498274712832 
-151.673529439393 
-160.194042037014 
-159.727815489324 
-152.775638268420 
-152.890562389582 
-152.743466229573 
-158.369761624756 
-155.314371621137 
-154.692070280181 
-156.087372202193 
-155.930916787464 
-156.410563836491 
-158.678999045141 
-155.567947191515 
-157.703109505925 
-158.620947546068 
-158.656948277887 
-157.403275311757 
-157.934360886374 
-157.620505340423 
-158.169945652669 
-159.212286031653 
-158.307365775451 
-160.526446706991 
-161.795816346341 
-163.881123858396 
-165.011029013124 
-162.493583672358 
-150.081703641048 
-151.052179083853 
-145.544054527046 
-150.545389794965 
-150.928483747176 
-141.170863135129 
-141.480436625640 
-138.827878247044 
-147.755885778879 
-150.070676804439 
-151.912084608235 
-154.810706910862 
-153.732633292736 
-152.457460227629 
-169.603190295174 
-170.574047296146 
-175.755216559735 
-172.518103321512 
-173.834334434946 
-179.244540584185 
-178.471301960363 
-176.288295190351 
-173.718869133265 
176.777407504927 
-171.426647243091 
-168.580215678861 
-134.795601074775 
-132.655779923785 
-135.087215331203 
-139.551065015087 
-136.684977607188 
-132.838832065632 
-138.779765729086 
-137.086061551537 
-128.354576804342 
-127.822742080508 
-125.930748928818 
-128.029788069753 
-129.313033379674 
-129.023735540526 
-131.249756407174 
-130.601674212949 
-134.384015548313 
-128.871924984024 
-128.871924984024 
-127.799382634987 
-125.526509741035 
-130.120520212008 
-130.667097939960 
-126.885744232701 
-134.221560721692 
-133.224092973506 
-132.779124613141 
-133.595183195190 
-132.572083788788 
-133.064965120170 
-133.906617835292 
-131.923444439571 
-134.130598490590 
-129.824899119328 
-128.438127306860 
-131.689076744390 
-131.273805143104 
-134.781206409835 
-134.411741236832 
-132.525541980654 
-134.321614512914 
-132.108246025305 
-130.394873236409 
-130.966037241322 
-132.732773274814 
-139.576513928228 
-140.529828005440 
-140.696715304167 
-140.321409948125 
-136.392393528519 
-134.186211767623 
-136.118554406165 
-136.356347773348 
-132.417378547695 
-144.250933017464 
-136.377387234972 
-139.377361928617 
-141.229172485032 
-162.449329892309 
-155.975529989945 
-154.964729658925 
-153.997959828039 
-151.209903376853 
-153.946222479337 
-161.801513564867 
-160.725465259450 
-160.984313737000 
-148.514197575971 
-145.468596122113 
-146.519540726238 
-147.555965021491 
-152.532279222381 
-156.167385929960 
-155.344346507376 
-157.833930739422 
-155.405841545427 
-159.839539701470 
-160.707220062656 
-160.964517426212 
-163.990172634334 
-166.821702915911 
-167.267379030442 
-169.253077537272 
178.730327169782 
175.341335223109 
-179.847772161676 
-178.459697043203 
171.502420012670 
172.045215157734 
171.420279121424 
160.085520466009 
171.583547671686 
172.801456803257 
173.020597745882 
-165.837600465267 
-154.248190817232 
-153.921443170296 
-155.605805675917 
-159.864667289516 
-160.991054528148 
-155.978942445839 
-155.577600229311 
-156.649329883719 
-144.770417104291 
-143.586084907511 
-136.792147163216 
-136.883901615467 
-134.581626471986 
-136.395344113337 
-137.918697614305 
-138.013617150842 
-135.464003215240 
-137.488612393335 
-134.704591876688 
-135.302056284509 
-136.054280315784 
-135.040293856215 
-136.764472696887 
-136.764472696887 
-134.609623105811 
-117.662780373366 
-124.043939271771 
-124.613391878378 
-129.545615648667 
-129.926569124177 
-132.733997449989 
-139.794933874669 
-130.622578097585 
-138.294640975159 
-135.787032839743 
-139.114211201115 
-140.720824897103 
-146.660730465975 
-140.488842877346 
-139.100826406674 
-136.526356178180 
-138.767041819343 
-137.787388268091 
-144.430069157463 
-148.085670598200 
-147.187294095415 
-141.240050947167 
-144.668813382945 
-144.365012217604 
-141.433194584877 
-146.573259460343 
-148.891696320011 
-148.968503150720 
-146.662001217127 
-143.423814945921 
-143.575208379290 
-144.152969573363 
-144.319750110174 
-145.981645066392 
-145.698723630810 
-145.405679113540 
-141.758102042347 
-143.888459732180 
-150.136219953294 
-142.285458814549 
-147.773545830558 
-144.959480624979 
-147.358554516352 
-150.262935199956 
-149.838657154003 
-152.375626327451 
-152.591618908629 
-150.752267959710 
-152.249349818365 
-153.197647813090 
-157.274882279574 
-153.583652395474 
-153.661775141712 
-156.146563939109 
-153.294498569096 
-155.097889422536 
-155.074671024322 
-153.952630013706 
-153.667606817775 
-157.257353426699 
-151.942496316558 
-149.408793699250 
-144.648486680470 
-140.492720088774 
-144.197264459173 
-136.166817186725 
-136.231860277245 
-135.020403744140 
-144.519974717763 
-144.240005434231 
-144.240005434231 
-145.137650250313 
-149.738373281776 
-151.903310796369 
-151.245013476460 
-148.306940481236 
-144.024875029312 
-141.552546712128 
-139.876486721565 
-131.728112367243 
-144.886903633288 
-149.353886665178 
-152.058426453197 
-144.519316240857 
-137.368651556662 
-139.106381848800 
-132.179932744920 
-130.421268846061 
-132.946979543345 
-118.458198304698 
-118.169274556123 
-121.755488861375 
-125.226948846891 
-125.740225490769 
-122.335292476596 
-122.288931416569 
-127.308356711513 
-138.165968012420 
-138.143377188457 
-141.309210244202 
-145.714876892735 
-148.519662368403 
-147.496171798629 
-147.109927307241 
-138.336852882006 
-134.398554023882 
-134.428684280783 
-122.303141267296 
-139.267424195633 
-135.902373114233 
-138.614129134296 
-140.539862431326 
-142.433688886299 
-143.683685945287 
-131.693761250479 
-129.741197824999 
-127.770675773369 
-138.684334747354 
-145.055708865560 
-139.927614987230 
-139.922730792689 
-142.003270047927 
-142.503864472379 
-144.555698102067 
-155.216221520343 
-145.025595142965 
-144.746543506674 
-138.973386197346 
-144.137485562605 
-158.259328604336 
-165.078912465058 
-164.828123789321 
-166.632118791235 
-166.954837934423 
-176.263473837496 
-165.847619755621 
-167.964740891291 
-171.270529230759 
-173.315664307232 
-171.898414579899 
-161.203155907781 
-142.890583678232 
-143.016878230435 
-136.656569441841 
-144.470496248592 
-145.179961420243 
-146.137561019560 
-140.575765593129 
-146.413131254733 
-139.680316011725 
-139.680316011725 
-141.793529099127 
-141.417645728606 
-144.823859303246 
-148.391209258835 
-150.455765606564 
-149.394858782588 
-148.720437742896 
-147.304811813780 
-147.741849418591 
-148.337627128607 
-150.927360553219 
-164.699897429514 
-149.710219074758 
-158.088149616096 
-155.889394358070 
-165.227192242662 
-168.882122538022 
-177.320622458047 
-174.453500392625 
-169.484437333493 
175.067616550386 
176.773680184726 
-174.064539039768 
-175.011359431115 
-175.257567977213 
-167.020856494951 
-161.531192564977 
-159.107257715720 
-154.265526490624 
-152.763907354272 
-149.857581248063 
-147.401241492403 
-146.317857470014 
-146.797988668320 
-153.148823324351 
-170.630879843478 
-165.597947616694 
-160.896147976982 
-158.720178736128 
-166.930921448723 
-164.367495491580 
-165.804800862936 
-163.423267780148 
-162.930129439372 
-162.725369436022 
-162.144673597266 
-158.844658468458 
-154.438565552472 
-156.804462231346 
-156.599363160732 
-155.670697117801 
-154.614902227725 
-154.927832772407 
-154.981674038318 
-156.316038495636 
-152.818471550985 
-153.470852186896 
-149.807486731089 
-147.835604890634 
-148.666432171154 
-149.820145487347 
-149.392372058514 
-150.979373946754 
-156.023365112587 
-153.302953839906 
-149.995163491520 
-150.054988930631 
-150.054988930631 
-149.747642572751 
-159.836733112416 
-170.642782172434 
-174.001760235697 
-173.988241580883 
-176.996051323046 
-176.294085040387 
-166.347820384078 
-169.736594414585 
-170.037625757950 
-172.472786173144 
-167.735123680591 
-177.274044415554 
175.270746228724 
168.404726360349 
177.286612659483 
176.579477042365 
179.733403925006 
178.781502417458 
179.920211362192 
178.039204295467 
-174.821652608202 
163.401947083158 
178.197196645035 
-179.279047212847 
-176.470995071324 
-172.031066825815 
-171.602749003441 
-170.221203327457 
-173.324975760201 
-177.741681836231 
179.922506765378 
179.843728196881 
-163.620035219097 
-172.753596639134 
-166.016281156031 
-160.346293935037 
-173.489561896651 
-174.516871778962 
-167.611729715349 
-178.982945802056 
-178.704945910729 
-172.125063273429 
-157.044621331913 
-150.008010844629 
-153.673573780773 
-154.036908711293 
-157.182645487332 
-155.400792640997 
-158.813489821928 
-159.020426141468 
-156.126652185534 
-121.123242029677 
-127.000744102549 
-124.812996585211 
-132.348805918846 
-129.994258246492 
-128.954489063753 
-135.144696737890 
-132.779514129751 
-129.648841119458 
-129.631593668886 
-125.303393688107 
-129.829552700563 
-137.873757434679 
-136.590667932385 
-138.797748109016 
-142.432708734686 
-129.792872182788 
-132.340262174267 
-130.774622668834 
-129.481895864663 
-125.257069458774 
-122.391511040075 
-120.909985848475 
-116.692776269650 
-133.431903918555 
-126.262339033909 
-124.541578764978 
-131.669998704658 
-120.329003517272 
-126.756244670135 
-129.726257851613 
-128.111891958340 
-128.317729286142 
-135.347661060829 
-127.003894550701 
-126.272628966467 
-125.997294340367 
-143.920859418839 
-147.998782273955 
-149.084564189184 
-145.874360885804 
-140.287664920793 
-131.163518554164 
-134.829220107795 
-137.211387151216 
-137.493148324984 
-143.477344659254 
-148.308448744310 
-151.600927318269 
-151.344889813399 
-154.743591658469 
-155.721756429077 
-152.420413988768 
-153.485074457895 
-147.775072067884 
-150.704511378591 
-149.635882462061 
-154.683603285593 
-149.861267215748 
-149.992519057549 
-150.614598580279 
-152.286955913997 
-149.530770901270 
-157.643708480226 
-158.034514793190 
-157.960702507098 
-154.803836867849 
-157.082307025100 
-158.357462922193 
-161.874205457602 
-160.089760981818 
-157.333180145383 
-154.973758891606 
-152.424255542792 
-156.597771978817 
-157.633200848259 
-156.797373433786 
-156.337594529526 
-155.666474802941 
-167.435092647164 
-171.467833987027 
-168.949921108461 
-170.983144755682 
173.682299954532 
-175.963670259376 
-172.066934662805 
-177.012476097773 
-176.236834347632 
-178.892110579229 
166.164408622474 
170.042061897650 
-177.919885628088 
-179.196721888948 
-170.814615651218 
-175.667553616256 
-173.002878241425 
171.437529035019 
172.662620636368 
-172.333793566054 
-151.935799945333 
-149.747320367418 
-153.432327929492 
-153.432327929492 
-152.653939974353 
-150.500541335101 
-154.973922972074 
-155.923482558896 
-157.432341495375 
-158.962863772729 
-158.191331936089 
-167.678782073832 
-165.953206634584 
-167.860699316486 
-156.257959366622 
-159.804707239513 
-166.224147579424 
-167.263898931774 
-164.688919409307 
-163.156856886248 
-155.040883714515 
-165.532868868579 
-155.978258081097 
-154.765072463713 
-152.085641511043 
-156.184952489445 
-154.092610564487 
-160.334636525941 
-158.800911045149 
-156.350385606531 
-157.715499387854 
-160.250966615488 
-159.848065110540 
-158.157943521131 
-164.424954136305 
-167.059883943903 
-178.132629740238 
-171.622761468232 
179.435528634974 
177.902727916838 
175.750337712577 
173.618874113908 
-176.612391363123 
-172.809376165177 
-167.734127390440 
-171.114890498910 
-173.867804268182 
-164.347064724165 
-158.337494979195 
-168.511565947810 
-166.742667355817 
-158.589572647127 
-156.927104092876 
-154.076751385090 
-160.520578182398 
-151.978679255849 
-154.428356711169 
-153.337718533010 
-156.470822773662 
-147.380219287740 
-142.174506502799 
-137.678953714769 
-142.837787107358 
-145.555447642937 
-150.392508392854 
-142.145444876196 
-143.852494253519 
-150.541771155447 
-149.517027326066 
-145.141570810912 
-145.633093241972 
-142.050679432211 
-142.788080211551 
-142.368235062844 
-162.748770801806 
-162.353784775731 
-162.355665930583 
-165.544891633072 
-163.937684307239 
-164.684791028252 
-167.674668736616 
-168.817397847949 
-170.924572483374 
-164.470256140767 
-169.655507805681 
-169.089741923922 
-173.804387043324 
-176.564236905679 
-176.564236905679 
-170.382951975254 
-164.474624499319 
-165.776224861584 
-163.781241526782 
-160.578259024538 
-154.339623966586 
-165.095544515728 
-162.501741573775 
-163.856980099851 
-160.898458196743 
-155.606333871699 
-152.338390884446 
-153.205312791923 
-163.723209128679 
-166.149506080005 
-166.989899924214 
-167.512871000075 
-169.335557500628 
-163.734144228669 
-173.109808858261 
-172.540020982953 
-164.868550682772 
-170.688826948680 
-163.025780573645 
-163.316653635403 
-163.900962832443 
-167.757150243733 
-166.907628392899 
-164.417484604998 
-165.207693065386 
-165.138677388208 
-167.588250271960 
-167.812467526483 
-159.476054306535 
-159.476054306535 
-161.627428969274 
-159.434711528563 
-158.672322046715 
-162.629290069869 
-162.879435181755 
-167.277824664357 
-162.330889864505 
-167.320398929951 
-165.813574656413 
-165.797239265100 
-167.198813050786 
-160.793843219906 
-161.228436786535 
-161.842015910227 
-169.504735607913 
-152.700945617722 
-151.751950386152 
-151.972068236104 
-150.885162893207 
-148.422130501937 
-142.695678491140 
-145.489503834994 
-153.881560692588 
-153.288119852425 
-151.926481214668 
-142.148506166173 
-148.684909958985 
-162.541360791111 
-162.275477018773 
-166.649561767024 
-171.765426393425 
-173.623792155728 
-174.555536715728 
-171.135306398003 
-179.461685642543 
152.875133044066 
154.920343127394 
150.313595865902 
174.845477249967 
-171.321967159828 
-169.727802800475 
-168.594111029694 
-167.223179135840 
-168.409490753426 
-155.182914572600 
-155.148437113265 
-144.329573695737 
-144.046483736170 
-144.970081090192 
-138.874323787283 
-141.473164358064 
-143.321381671606 
-138.334026921380 
-144.403699106073 
-142.919393412880 
-143.151958527057 
-145.970973080726 
-145.916613879637 
-145.949972249747 
-141.650509867173 
-141.784879498258 
-144.941335880514 
-141.150243335394 
-141.915143057315 
-142.794521950793 
-144.773555869475 
-145.164921813311 
-140.056768374168 
-132.145688621143 
-135.371239186470 
-132.608648015364 
-129.722392357602 
-127.947946161933 
-128.965281853250 
-138.245086138263 
-139.426704847969 
-136.275347330491 
-142.306321656217 
-138.536460156153 
-133.346870909331 
-146.353514498638 
-144.659479385995 
-134.923393559976 
-133.884940758545 
-146.197444451093 
-147.160365785638 
-153.139232218064 
-151.858824778191 
-154.522103985065 
-154.651503005546 
-155.511195631723 
-156.421317589197 
-156.523941372438 
-156.523941372438 
-156.523941372438 
-156.523941372438 
-156.523941372438 
-156.910757862820 
-162.431924591563 
-159.869525777212 
-160.375099290472 
-160.767952251389 
-157.990055045383 
-159.693840543313 
-172.491201243439 
-176.213579011921 
-176.111974351875 
174.307609946618 
-173.358945461190 
-171.913713980599 
-171.982562976576 
-170.633491525625 
-172.164563343593 
177.818540700314 
168.009553143893 
170.803340626962 
178.813254771251 
-177.731428174903 
-179.992746944181 
176.724250510204 
174.429554961128 
-171.886505357403 
-178.796125752594 
-179.239815209393 
172.798163648219 
171.091984504728 
174.958790912702 
168.355153893813 
169.118130197791 
170.705234968256 
172.456559612699 
175.169364605526 
178.661477730328 
166.930029586318 
162.397525247845 
170.866998527827 
167.329236156722 
170.588610985431 
-175.721870616088 
171.686274047395 
179.482753374860 
-145.414989567462 
-140.639054308608 
-137.470475277570 
-135.516370755952 
-138.689244331120 
-131.393908234084 
-133.202316297435 
-130.969930885587 
-133.879031056788 
-132.694587451497 
-129.909669827435 
-137.967360151822 
-154.913150840154 
-155.695972659035 
-155.793890109061 
-161.699915268550 
-161.688364201834 
-152.133519774587 
-147.773622368586 
-153.370159664512 
-155.101688904253 
-150.356393845577 
-150.982980150041 
-148.208281339396 
-149.543485546797 
-149.810178199701 
-152.002309371285 
-163.462511512564 
-172.092795410772 
-162.745200139705 
-161.652376458569 
-161.978450206039 
-158.187373929949 
-159.722557571597 
-166.410002689742 
-156.404140654190 
-157.502010204722 
-154.833917325336 
-155.648867555216 
-163.195975778851 
-162.632012746633 
-148.926151386807 
-146.144998887695 
-146.270218390760 
-145.387061902961 
-139.960481393380 
-138.123745210627 
-146.915806999544 
-151.859687815020 
-151.771025947771 
-152.967211206763 
-153.537658088107 
-150.708339586198 
-150.958572898869 
-151.610895557110 
-151.610895557110 
-150.617808434500 
-151.957328985103 
-151.885587484222 
-144.668314912709 
-147.458095172822 
-144.171997656979 
-144.171997656979 
-143.826003833579 
-146.591021250292 
-142.839156182290 
-140.051563648869 
-144.578865583612 
-143.450532152971 
-144.101922894038 
-143.958971875109 
-137.999999863019 
-146.974824118377 
-150.706665692665 
-157.352176557800 
-161.091794847678 
-160.959720667840 
-165.373211642973 
-159.853797389714 
-172.587647641325 
-172.001485796864 
-174.568262627851 
-178.957898650581 
-179.701944172414 
-178.215164950243 
-176.560209269533 
-176.529620870483 
-172.551105774998 
-171.201335124479 
-158.803440897750 
-162.914485873030 
-160.546072744712 
-162.344440729090 
-160.749052874193 
-162.366725564378 
-162.551856515166 
-162.369422311119 
-169.885512057474 
-172.318789867756 
-173.518013071911 
178.925810502643 
175.086856828544 
178.834551324727 
168.891100664931 
-178.773518931101 
-174.331932821778 
-169.539076911438 
-171.857192189225 
-165.615628191708 
-159.870695531220 
-168.573732191253 
-169.445871180688 
-175.177170617372 
-169.957502483447 
-174.989909262574 
-175.775828412392 
-172.585953670909 
-172.585953670909 
-169.604916232877 
-173.500805757552 
-175.334459864712 
-177.886441124251 
-169.267518142112 
-172.403171525842 
-175.417157630114 
-175.447132378823 
-172.101730200189 
-167.126415020690 
-170.156457643444 
-163.764558388141 
-162.805065513140 
-172.974321159346 
-159.576897136749 
-175.618164227115 
-174.580666804279 
-168.199722213026 
178.847365593778 
-172.147474110508 
-173.541398841519 
-169.122683614218 
-167.897914237871 
-171.969024498558 
-172.109608928570 
-175.190499907137 
179.453747327349 
-179.416335830693 
-171.997212461036 
-170.446893965865 
-171.230046834063 
-165.705224618362 
-174.045688986605 
-173.754042766307 
-172.757743228879 
-174.893826018279 
173.694898020730 
175.313888003388 
179.321617884243 
-173.341267195672 
-175.253166199009 
-171.277741072817 
-169.941969037280 
-170.538726244688 
-171.185347353496 
-174.291225838865 
-173.741635216829 
-169.547039146516 
-171.214224748642 
-171.937001986623 
-174.424878210928 
-172.285064610702 
-176.213402573281 
-170.475255732998 
-168.016513333374 
-166.767377958395 
-166.810683183154 
-161.844128382659 
-161.829940099010 
-164.476677706060 
-163.411783152502 
-163.187322432077 
-157.982465556425 
-158.196557690405 
-161.384655533459 
-154.049467495408 
-157.127652617275 
-176.233620153199 
173.295910819070 
175.960728557048 
176.609151288672 
175.804755609129 
167.512207804451 
177.770391125642 
-168.948019865414 
-161.278323962950 
-164.168946152540 
-165.747934816038 
-163.188916708485 
-163.944984984492 
-163.179976767730 
-166.668449415223 
-165.707646878240 
-155.928224086990 
-158.955255754317 
-157.492666259270 
-149.890904445450 
-151.895134344634 
-153.927031174560 
-153.669532743043 
-156.633253944823 
-157.601566241053 
-161.506797503893 
-162.415771686810 
-162.928929870977 
-162.137887798394 
-162.933208503033 
-156.802229757738 
-157.242119201746 
-166.070584215151 
-167.912073396425 
-155.868172818276 
-150.662803565348 
-144.680420199777 
-149.909788073784 
-149.367779128281 
-150.003051903683 
-142.123116475491 
-140.348795449545 
-120.495746453832 
-118.195462855987 
-107.566586098736 
-111.838891000660 
-115.685035899822 
-123.777323448271 
-109.866597009670 
-111.530473512938 
-105.965519044702 
-112.827279252633 
-99.676285758331 
-105.606132527983 
-106.335645906206 
-111.453345760097 
-102.729698075941 
-109.290486177259 
-102.760400522240 
-112.687172250304 
-109.068964431363 
-108.491022522665 
-103.706185968422 
-109.827548789961 
-107.449273675045 
-100.631618574963 
-97.601547421986 
-106.908970347845 
-101.026617685182 
-107.170066171966 
-105.493558798684 
-110.643972818881 
-118.104786277077 
-130.116029281576 
-134.788276588226 
-147.541511533101 
-145.491553043049 
-138.589652394890 
-135.126708829349 
-136.220200018559 
-140.484765652109 
-143.027960165999 
-148.395282805395 
-147.388477373333 
-147.267716997073 
-147.061879087886 
-146.705162288148 
-147.115998905150 
-146.402541395437 
-146.954601273316 
-147.483004237400 
-140.400612862431 
-140.400612862431 
-140.400612862431 
-176.072341685725 
-176.769750433662 
175.177385071446 
-179.657701970592 
-175.761606360508 
-172.309295746682 
-168.158481671950 
-167.503734597048 
-170.871295828699 
-166.098967698700 
-171.827338167477 
-165.893688827407 
-169.395326198904 
-151.370913933705 
-150.142053990398 
-174.197493790185 
-170.437506949934 
-169.239391832451 
-169.318233640206 
-169.318233640206 
-170.212014522442 
-174.743699279904 
168.814708648040 
177.464787471384 
171.220119932920 
176.312324506706 
178.161512840023 
-167.330805583348 
-167.156991294236 
-165.196282280238 
-165.662595132379 
-164.414947330321 
-164.864851888382 
-165.674664141043 
-166.515931098557 
-160.090810095581 
-159.816147974430 
-157.008300026532 
-163.120844762952 
-162.021981892191 
-156.836482676079 
-156.508451995388 
-155.830336120901 
-155.457878342757 
-159.836275607208 
-160.050415970879 
-159.858259674038 
-158.067254756495 
-158.260514138165 
-157.848904033002 
-156.043994832094 
-159.608926062273 
-161.002842467981 
-160.365049159186 
-163.116036711562 
-163.537524266665 
-163.492516062418 
-163.085119993798 
-163.409243016621 
-163.409243016621 
-163.409243016621 
-161.309579112518 
-162.897627916432 
-164.226375667115 
-164.473853404566 
-163.194237093518 
-162.620212443207 
-162.124108634049 
-164.740930804364 
-164.183662836849 
-164.183662836849 
-164.676981250208 
-165.909383911814 
-165.865864080516 
-165.865864080516 
-166.673765696093 
-166.997102331231 
-169.649138362909 
-169.649138362909 
-168.402538498803 
-168.399528304599 
-168.403009844077 
-168.206260618715 
-168.206260618715 
-165.774837606126 
-165.446694677959 
-155.729103494095 
-153.214340527592 
-151.708940576273 
-150.414793103220 
-160.605831746916 
-160.036179065549 
-163.026246976816 
-170.934741741505 
-145.709830053920 
-142.345979166249 
-147.117132950890 
-147.117132950890 
-138.400096495345 
-140.107399563973 
-141.754372090643 
-133.222137288445 
-133.113748984743 
-132.668976872440 
-133.065821737367 
-136.591225738577 
-135.573019030219 
-134.688136409291 
-128.776894036024 
-143.319488395035 
-138.155757603060 
-160.127573528609 
-157.136345879134 
-156.775083763561 
-158.943270930740 
-158.963209121048 
-162.076283932490 
-156.274258834040 
-155.428220867808 
-142.251083368287 
-138.526172037595 
-141.768228610953 
-144.700057087790 
-148.440956488949 
-147.403371914202 
-149.805250333319 
-142.417581920485 
-140.482107962624 
-136.469980250501 
-138.695957124360 
-141.890801472966 
-141.738937704864 
-143.245674188823 
-139.377039956914 
-139.977724634104 
-140.090269492558 
-138.965342281309 
-147.445246593566 
-150.865636361373 
-143.035405044758 
-130.386463577174 
-139.442951128793 
-140.752155215019 
-137.791811879075 
-131.102056210143 
-151.440288432664 
-155.602269935326 
-173.866091376990 
-178.116744278732 
-173.449447942000 
-150.939429081301 
-141.618873137790 
-125.209379231508 
-128.892705255542 
-136.199020551390 
-139.341057496223 
-129.681408642009 
-122.621160983539 
-124.330888774451 
-122.234153619280 
-124.089435940855 
-155.336833238837 
-132.987384383178 
-108.197458903125 
-123.743299784419 
-110.624979703934 
-115.423813544205 
-115.490608878740 
-125.542964844311 
-106.414466269118 
-105.208401095819 
-104.055428856406 
-109.236209993091 
-103.022101054519 
-124.116011224234 
-115.177738030887 
-116.782486745153 
-132.280763033038 
-120.428094679596 
-120.103268216073 
-119.131079807946 
-114.292899430452 
-120.968015533178 
-108.841105147182 
-125.140583753375 
-127.659075027229 
-130.713054704527 
-130.175480516967 
-179.764497631241 
-178.995744583685 
175.021891342412 
-179.537810500493 
178.937294737305 
173.908691509303 
175.118783181040 
171.022326155223 
170.612271135832 
174.680938176528 
177.927673732607 
175.725388590709 
175.673507755156 
172.957800508419 
-175.644085801273 
-175.387529718400 
-160.978661739461 
-172.003856438736 
175.707056057250 
178.610297205461 
-170.566647629751 
-174.412164020364 
176.865253449340 
177.260900689748 
-178.403396400511 
178.156783361791 
174.899933097132 
164.525285251019 
167.170851811975 
169.342513171513 
165.990712365489 
-177.169795176477 
177.945162341508 
-166.037933300385 
-169.343428175386 
-168.241550766028 
-174.736917033596 
-177.553473770107 
-171.737030476574 
-162.140227376573 
-165.308843781708 
-158.051075005239 
-161.145049742780 
-148.839369156305 
-142.371149032665 
-123.453030697267 
-132.649835186778 
-123.286245898174 
-142.300384180173 
-142.176932613865 
-142.055958666199 
-138.422232145040 
-135.967338202184 
-134.855041256676 
-129.319921250079 
-136.637699978505 
-134.099633595370 
-134.395424371448 
-134.395424371448 
-135.821552818404 
-132.647827275012 
-153.561648012847 
-167.341583134319 
155.611319946694 
172.293207641087 
169.816447866859 
167.035192756411 
160.513455821531 
157.439687866122 
137.424217961545 
151.900096132703 
141.455083640270 
136.541651216717 
143.606609215080 
118.824243052179 
111.319737728944 
111.319737728944 
105.648148820819 
116.490673728327 
127.967394781189 
122.104597410312 
115.190624805660 
128.475724613854 
151.914326464373 
135.088923800135 
141.478714655503 
144.917001739859 
136.441382786955 
134.207792111730 
147.512751830431 
145.825857424175 
163.404874923431 
150.560907657413 
153.579591263068 
165.188644595459 
164.587952472297 
175.696009886224 
168.427220347654 
161.981746947333 
164.193220087626 
162.322962617987 
167.924276970371 
165.699525926647 
168.670457581039 
167.060688890114 
169.915854559539 
169.299166823157 
166.418895802208 
168.502496601860 
168.380449719276 
168.027042318413 
165.830160257412 
165.830160257412 
169.084551648536 
168.270889162855 
168.649101843943 
164.945979551737 
175.335184691675 
167.225157338533 
161.795181923152 
170.602704919932 
163.242114591504 
166.028081554050 
175.004023580656 
171.211628094712 
172.052054648712 
173.751781644458 
174.879085757140 
166.269562278641 
166.292733963393 
161.438643997450 
161.001840691293 
173.195726825851 
175.456547201855 
-177.993154499579 
167.714200852522 
171.497417792075 
173.457225031108 
177.355657955216 
-178.358946893456 
155.310420443603 
166.664156102525 
163.573878834420 
171.083043044247 
174.716016721131 
159.943345864377 
168.863878395260 
167.277302438419 
163.732764565138 
160.954498210403 
172.068340121694 
169.298478669120 
166.772788218324 
169.671435165669 
169.671435165669 
166.092694316129 
159.556348977826 
161.505340211799 
167.659833665739 
164.512711760393 
164.765869870899 
164.949417672992 
166.919445323244 
171.104648437709 
169.421426683052 
176.879318647358 
-176.652410859494 
-175.363958746456 
-174.093190886945 
168.983754747549 
174.906155603499 
-169.826246572172 
-166.212629011924 
-166.459050075916 
-166.646253551229 
-162.053894538885 
-161.046547799245 
-166.507906697166 
-164.622989008968 
-156.282466235565 
-151.987550964657 
-153.291316800551 
-155.047353164824 
-161.020253614503 
-160.370412216318 
-160.425562865878 
-166.666709097401 
-162.696125043875 
-133.142500011317 
-139.296919675682 
-124.748839176340 
-126.424386966410 
-134.904613969043 
-135.870591894239 
-142.268239864907 
-139.376639282725 
-134.507275974335 
-136.761306409983 
-130.325022853493 
-128.690006440444 
-128.884238331552 
-131.311270281891 
-134.841606730008 
-130.607216024912 
-124.216294825608 
-125.016816020271 
-122.808780959826 
-123.344524280823 
-126.143553571357 
-129.107819046616 
-123.584369549072 
-128.315517701610 
-130.345784596610 
-129.680559674462 
-124.621271550096 
-125.584587355912 
-127.383368482608 
-129.061173674525 
-128.013579917702 
-127.326515722925 
-127.484402036537 
-128.159955815740 
-135.109890225306 
-131.186619756100 
-131.801387806460 
-130.801844566498 
-128.864858386464 
-128.035748278543 
-127.693679708229 
-123.276271705485 
-136.207368657270 
-134.507136815992 
-134.601998817595 
-131.476295690434 
-133.737627995241 
-141.805669214642 
-139.497485530304 
-152.125618099680 
-153.090137419206 
-154.059431537503 
-150.646540827469 
-150.440122927777 
-149.508104188814 
-149.855100479562 
-149.498086275632 
-151.124259731362 
-151.786925509993 
-147.240400329193 
-143.742736018823 
-138.189366167287 
-137.187771555071 
-147.100626813303 
-154.452066189224 
-150.383138201343 
-150.939304131376 
-151.061127190384 
-151.000573935073 
-150.534813886850 
-150.534813886850 
-150.534813886850 
-149.658393311112 
-149.576763863358 
-148.995835230945 
-147.984736790949 
-149.764528513835 
-151.080713701691 
-149.552971926046 
-148.072738991916 
-149.737370305266 
-148.954294416816 
-147.000568185649 
-147.000568185649 
-146.990325038459 
-146.990325038459 
-147.875978318147 
-148.604839123978 
-148.793650108688 
-138.538518538725 
-136.594510002132 
-137.710638077084 
-136.819442727311 
-130.861637681482 
-127.456404973584 
-129.150382327574 
-124.208134956072 
-133.226207941785 
-131.815990201492 
-121.780004523038 
-131.945877450714 
-121.065128499478 
-128.255846590360 
-133.817424954856 
-127.176521506786 
-145.581994547771 
-146.336396057571 
-142.268299399066 
-137.463718334004 
-136.369988059015 
-170.777641260656 
-170.951143054355 
-164.830953277238 
-169.441295230629 
-172.126257994054 
-174.782123862751 
-169.887531595949 
-169.887531595949 
-168.766930750404 
-170.254010634387 
-162.726067322728 
-162.453545368127 
-166.950881684905 
-167.862990965221 
-169.335591778978 
-168.137750016815 
-166.996573007001 
-164.337920791840 
-164.619932728925 
-161.932638992364 
-160.945937614963 
-160.967094229450 
-164.738721499810 
-162.248535164738 
-165.141469829821 
-164.145659690394 
-164.602573955724 
-158.865863704770 
-159.533061957017 
-155.498039223012 
-157.012776234795 
-153.439824753758 
-156.715793554696 
-157.625000119110 
-152.835674615708 
-157.516122782718 
-157.102958960867 
-147.741077751187 
-140.668587445474 
-139.981706826108 
-137.552067422466 
-140.883749126422 
-143.639159193599 
-130.927905162767 
-141.088567429001 
-144.588926746281 
-148.660065651129 
-147.909667672059 
-135.600848234463 
-138.519675612198 
-144.473228055418 
-154.538665252714 
-158.218116311904 
-159.358343747673 
-160.877991674068 
-159.677707865227 
-159.566326504661 
-161.074307474791 
-166.265806320005 
-161.808615748375 
-159.568981115554 
-169.770903006250 
-167.180753804756 
-162.636526324647 
-169.250136701163 
-168.877723959015 
-168.521355636050 
-175.139767859113 
-174.435776327687 
-176.639681522400 
-174.802860383063 
-175.138667932541 
-173.044588598417 
-174.740256315126 
-176.925076695043 
-174.964189266837 
-161.910936383828 
-159.452131962783 
-150.872453127339 
-151.024027946263 
-150.487058105359 
-150.813830636635 
-147.946482858811 
-146.658678166444 
-146.094717659183 
-146.082610470403 
-145.744291106490 
-144.684856327011 
-144.684856327011 
-144.512346038678 
-144.512346038678 
-144.556396433057 
-146.875324516999 
-145.884626526453 
-145.884626526453 
-145.618599127791 
-146.052040750848 
-146.998310402828 
-146.998310402828 
-146.998310402828 
-146.805474401788 
-146.910442801424 
-147.307446595432 
-142.500164073528 
-142.822522379322 
-142.822522379322 
-142.749884198752 
-142.749884198752 
-142.748577846307 
-142.748577846307 
-142.748577846307 
-142.828190985337 
-142.828190985337 
-145.967062951120 
-146.395220652717 
-146.102824682331 
-146.102824682331 
-145.930286381663 
-144.958180653770 
-144.856722016328 
-144.626168851085 
-148.795998250629 
-148.669306259059 
-152.189439153290 
-153.423961044056 
-153.598499361066 
-162.352887278303 
-162.352887278303 
-157.704949777715 
-161.209220726848 
-161.034444862373 
-161.034444862373 
-158.613938626538 
-162.561349636645 
-162.561349636645 
-169.501666574449 
-171.298429731033 
-167.858817180352 
-167.076026009603 
-169.523275697826 
-171.469634447363 
-171.056977125874 
-171.584180339677 
-169.039556398523 
-171.208566455719 
-164.473156415581 
-163.579203843853 
-162.713925970602 
-162.421911832804 
-163.185642110430 
-167.748357242586 
-163.202789402737 
-170.791945748589 
-167.168121979637 
-167.650872579326 
-169.894771702828 
-171.315531690394 
-177.377925564024 
178.143018402405 
-176.086889017617 
-176.618351411599 
-178.139903578116 
179.517928971171 
175.937810635801 
175.556866370379 
-178.754682639479 
-178.732270419877 
-178.081006423028 
-176.101050870232 
-170.186511004111 
-174.839062914215 
178.333505530474 
-147.887907293874 
-152.605157337256 
-162.787644138891 
-159.473551103638 
-155.934484185425 
-155.934484185425 
-164.378350267433 
-169.576864850350 
-171.780313526785 
-163.840166177321 
-163.314955075338 
-160.658206145328 
-161.744006255564 
-160.065289056794 
-154.819335849223 
-156.221718157175 
-155.502438450797 
-156.353028292093 
-151.090251234907 
-147.633931031262 
-150.336850075434 
-147.825852883028 
-154.533419202828 
-155.890633532349 
-161.774860937016 
-159.925673741386 
-164.464454092355 
-163.522793073318 
-165.055769167476 
-160.858577916046 
-160.491042407509 
-160.592010091991 
-160.050796550074 
-163.142309944874 
-165.873985697800 
-166.442118988809 
-170.066773969424 
-168.852332477523 
-165.617021276032 
-164.270374415824 
-159.970102758754 
-159.127088693509 
-159.334312239081 
-150.927190755555 
-143.918539013504 
-146.255656672267 
-146.255656672267 
-146.562727061816 
-146.562727061816 
-146.609784763221 
-146.609784763221 
-146.778210462218 
-146.710628826013 
-143.847527569034 
-143.257594261363 
-142.403397881207 
-141.230843043449 
-141.711125609220 
-141.110571994160 
-140.016016090357 
-140.016016090357 
-139.097350832565 
-138.253527597025 
-138.354378729400 
-138.354378729400 
-142.998323434429 
-149.514637273380 
-147.625491982852 
-145.627386302178 
-150.647266629385 
-154.087860852336 
-152.911753545521 
-152.719155360377 
-153.654343817378 
-158.148051626742 
-158.829871321359 
-156.251775571025 
-164.856769589193 
-161.981272087233 
-170.497025852416 
-169.410643226037 
-169.865715528342 
178.003475534915 
175.291399573019 
172.872733431892 
168.516454967221 
175.526600800630 
175.526600800630 
177.577632914879 
177.793545033928 
176.978723190021 
177.432533108534 
175.595505700811 
176.577881380038 
-141.205680905678 
-140.778313477655 
-140.426727921505 
-136.671057091534 
-140.004850404572 
-141.631928243897 
-138.700900711423 
-141.691979418516 
-146.172864100116 
-142.811881325999 
-136.637464489233 
-136.687582434706 
-142.541546654742 
-143.704494032111 
-146.250486608079 
-138.112295702654 
-141.915375599748 
-144.378779576288 
-149.946634065096 
-151.398183075736 
-151.414500598013 
-151.305047552009 
-151.409403570655 
-139.252114279495 
-141.150297480576 
-140.541207583184 
-136.639057162724 
-140.027335820172 
-132.722248560816 
-137.754808293118 
-139.421491521059 
-149.765208874517 
-148.362581855131 
-147.381756492343 
-147.225518120409 
-145.279695097267 
-142.191183533000 
-141.782504898175 
-138.014746999502 
-137.314943125675 
-140.562429960027 
-140.600330862368 
-142.773985349960 
-145.414430561195 
-146.777385560299 
-143.227542777793 
-143.690036380275 
-140.485681011783 
-141.489336911787 
-143.739853085606 
-136.454325541756 
-139.468663940568 
-133.290886839629 
-132.888848657404 
-136.165385542012 
-132.894538960232 
-135.719821610316 
-139.021738179866 
-135.506602066756 
-134.387380094611 
-145.066191422484 
-138.459967864367 
-138.852367581833 
-141.229386927274 
-136.636196523774 
-134.462678168446 
-132.110279421865 
-130.749779636799 
-127.703867388126 
-127.703867388126 
-131.576401323218 
-140.003653903597 
-134.540795386641 
-127.675168651137 
-141.495481909992 
-137.527988242006 
-150.218632757967 
-151.449937128937 
-151.449937128937 
-148.147694074912 
-148.020611162759 
-139.343057071843 
-141.550749293555 
-141.629395890450 
-133.333869599786 
-132.643904715094 
-134.721074463321 
-134.397006463798 
-136.353813315588 
-121.293740070188 
-127.419098581144 
-121.099647926233 
-119.160429334925 
-128.374987815985 
-147.072447061142 
-148.477974381356 
-148.477974381356 
-148.477974381356 
-147.094129953677 
-147.094129953677 
-147.437021462879 
-147.026569646028 
-148.876514021478 
-148.183052918468 
-149.049506336898 
-146.972614543666 
-150.109040686787 
-148.563980345547 
-149.775510701705 
-149.681900216378 
-154.938791995877 
-151.673159251533 
-148.350060112728 
-149.640200708670 
-150.922790811969 
-152.252243853324 
-154.073434890396 
-160.220145013898 
-156.599156092999 
-153.630110843385 
-156.000007768961 
-154.077573982220 
-156.672956764298 
-152.905626908314 
-142.786242600048 
-153.716615575218 
-157.056342912461 
-161.323150880565 
-156.122328856946 
-149.367040063683 
-154.834252999679 
-141.922562368616 
-139.116651220218 
-138.005515280900 
-140.585541999357 
-139.661078535085 
-144.729553772595 
-145.699733937081 
-145.393453909447 
-151.630361787441 
-147.572690063106 
-146.065952759314 
-151.646334042466 
-151.443435641836 
-152.435145367597 
-151.449364134238 
-154.192577796187 
-157.976052969254 
-166.004744096904 
-166.400109783158 
-168.358372034144 
-166.415992642498 
-165.041375470174 
-170.367052502662 
-162.907873455355 
-159.767006918186 
-157.108869495383 
-139.573410490334 
-140.112261849309 
-138.155982779093 
-138.155982779093 
-138.641921221146 
-141.566954662680 
-132.788371462949 
-138.234785042508 
-142.809768813120 
-142.284856570531 
-145.380006092105 
-141.288199406201 
-120.091666232082 
-122.909906373850 
-122.758778146556 
-117.174536602748 
-116.869155855557 
-118.269389883414 
-116.482802373855 
-113.009568347367 
-112.884659807670 
-112.849794621626 
-112.849794621626 
-122.397145922441 
-121.731497490255 
-118.328987997341 
-120.404576142680 
-120.404576142680 
-127.717637339667 
-125.081050760276 
-123.529115090108 
-144.058828863347 
-143.710544606976 
-147.673099478553 
-149.060898268720 
-149.086189140165 
-149.432661960226 
-148.688659724093 
-153.365083214831 
-149.128415460296 
-141.092454836711 
-139.084790189919 
-140.340958332195 
-141.702720965306 
-134.578401966932 
-135.862332062405 
-137.211958485537 
-143.642823775650 
-138.225265109761 
-137.778176965330 
-137.877017252866 
-130.698307171566 
-132.155228655119 
-132.566833832590 
-128.672256319887 
-129.415442232011 
-124.997657173019 
-133.553847313265 
-133.560392340245 
-134.402347795537 
-135.452685966897 
-133.565830437545 
-133.576968229524 
-136.755508536168 
-141.460152284452 
-140.236356373263 
-141.722639252150 
-139.535605329582 
-139.155838870272 
-135.875453055535 
-140.514640516714 
-141.501015158925 
-142.498896895280 
-145.210276923538 
-145.306499375467 
-151.217281236615 
-156.633224219100 
-154.069808299402 
-156.057412407238 
-156.107266819220 
-159.493043821650 
-161.055180129592 
-150.665696751398 
-142.012437798321 
-142.436045904816 
-145.879036934129 
-147.718452412665 
-146.559609528196 
-142.717996167496 
-139.728808320806 
-142.777316650595 
-134.816613027969 
-134.020898369761 
-127.144475660447 
-134.347210240705 
-139.897586099656 
-132.938307416334 
-150.423393399681 
-151.395458715595 
-147.072691756900 
-152.414798727677 
-162.427869229049 
-154.233110052434 
-142.674396650971 
-142.533674265019 
-143.251977757658 
-146.850810369344 
-149.403587613569 
-146.337455150890 
-145.676842832816 
-145.994169687931 
-146.976491426988 
-146.983217730456 
-148.334582727596 
-150.630513881651 
-149.741993455600 
-156.650189861771 
-157.627787102213 
-156.465219610666 
-160.592238240650 
-164.802714663305 
-160.368325721092 
-164.081813886309 
-166.216594181413 
-166.107607411490 
-125.452684565057 
-122.738425962534 
-123.331854205101 
-123.331854205101 
-123.416511535495 
-119.534000045052 
-126.589606325720 
-120.066550072647 
-124.426679478958 
-122.859743593906 
-138.153793553666 
-139.716777144785 
-137.405840663526 
-139.019202360016 
-135.315194566126 
-136.278972245261 
-139.108045268260 
-135.595242312513 
-134.315406297015 
-134.345451829885 
-149.711067413303 
-149.446509591932 
-154.052913414937 
-147.185062173386 
-155.664916480407 
-146.151875377916 
-144.974917999836 
-144.003692373191 
-144.003692373191 
-137.603457289027 
-139.917282351691 
-140.529004157656 
-143.069565101790 
-149.177384365581 
-142.666990344162 
-143.554022522419 
-143.870040409617 
-140.903252637412 
-144.419484984394 
-144.213680319665 
-144.349377884468 
-145.473814978961 
-146.043799608858 
-147.468457349310 
-148.240184244498 
-147.924455502467 
-146.959468258731 
-146.959468258731 
-147.574659874483 
-146.119461352254 
-146.857788963933 
-144.636962826760 
-145.369938069654 
-151.238954313564 
-152.881731971622 
-155.167010815806 
-151.772669771865 
-146.800428444759 
-159.086811152980 
-158.748719973722 
-156.675150574681 
-156.252581657832 
-150.621477915294 
-167.153912114525 
-166.532298750936 
-165.744904479453 
-166.459159706859 
-166.262777777777 
-168.481729559937 
-165.451938939182 
-158.827878808292 
-140.915797562381 
-147.333345191737 
-146.158123499121 
-150.819005058111 
-148.597351528390 
-159.510105531282 
-156.384760758981 
-154.906006042692 
-160.363418970136 
-167.755988158695 
-154.952864294880 
-156.991333642509 
-152.365948881572 
-142.439214720619 
-150.257851032686 
-150.257851032686 
-160.936621386729 
-155.078476050801 
-152.651692885237 
179.503655040653 
170.686649408751 
174.183217092796 
174.208493533267 
-132.407166804445 
-130.249949590935 
-129.571022505946 
-134.733223648206 
-140.242437000761 
-137.299865967768 
-138.083677126527 
-141.636294400782 
-141.633822082604 
-137.473288605057 
-136.771327946695 
-141.041301805669 
-137.317873018872 
-140.178929376952 
-147.567486543467 
-136.552593475999 
-137.246182007110 
-135.015527935348 
-129.064399595434 
-129.267553466265 
-115.286664278388 
-120.457959499965 
-134.474885190578 
-133.086723065475 
-142.604557157426 
-138.890021484891 
-137.955591610269 
-133.261329226482 
-136.848866944647 
-139.251258999241 
-127.083439258320 
-120.786155979137 
-123.591923073670 
-132.409595367725 
-132.416178864649 
-129.150850390754 
-129.003880006872 
-132.236368919297 
-132.882186080043 
-132.769125195884 
-143.857797216279 
-141.240346118359 
-140.949134956070 
-139.560891670603 
-138.359961066480 
-143.338099465906 
-139.872447364333 
-139.123023831736 
-129.472157850575 
-128.934677785800 
-123.205766602280 
-135.406165217123 
-122.625379185117 
-127.255863609941 
-127.806931193674 
-151.466220142019 
-134.146236588879 
-135.701000619944 
-116.696293386104 
-120.755189145074 
-109.571867619826 
-119.579630483713 
-118.850926282036 
-120.510612869174 
-114.767522763000 
-123.375837459322 
-111.479614771914 
-116.452818722100 
-112.644925546130 
-112.758854482969 
-127.185805961488 
-124.036370365905 
-117.120964217508 
-122.678970868501 
-117.781463349679 
-115.762543764333 
-114.433108203691 
-117.404884620668 
-128.465735415518 
-137.496783042149 
-131.524755384660 
-130.624625492302 
-128.978090875373 
-129.221987519346 
-130.698478323572 
-127.866505681846 
-129.051264808734 
-129.200949819593 
-122.588069523473 
-124.067927169738 
-126.348065044813 
-127.830217039181 
-135.844981722485 
-127.196426371936 
-172.951090175983 
-174.600202727281 
-176.068564022785 
-177.853344665518 
-176.491615948905 
-175.832866886423 
-173.253861842617 
-174.165616001901 
-169.753365821926 
-171.686195011722 
-169.487570444793 
-169.718312318959 
-158.765523489939 
-167.152244905206 
-166.973870416705 
-167.837302417152 
-173.154391511575 
-166.773737657455 
-174.614155518712 
-172.850424021415 
-168.715533593173 
-162.354847360331 
-156.190588603429 
-158.832609715153 
-152.549916465488 
-151.198424401172 
-151.198424401172 
-151.640224851136 
-153.679320016532 
-156.147471028951 
-158.893973169648 
-158.776311975463 
-160.479551684630 
-157.519127392332 
-154.168889402276 
-160.896131001224 
-152.877291079965 
-161.089260549458 
-161.860244647213 
-159.263958129093 
-155.854080429751 
-147.490488946218 
-141.033211158839 
-132.852099306043 
-127.561447487307 
-130.575441788702 
-136.672438872786 
-134.226994714237 
-139.471191751871 
-143.341993320582 
-145.678310065449 
-142.736815633370 
-142.736815633370 
-140.714286491430 
-141.046056914303 
-147.170292858624 
-147.041897905823 
-147.020487432774 
-149.787258159247 
-146.389141689070 
-146.416054264758 
-146.752898704820 
-147.776569625371 
-150.869884251433 
-154.373463620766 
-154.774737218776 
-154.683128018658 
-154.683128018658 
-154.055755183976 
-171.557309991349 
-175.936463539233 
-169.816192084437 
-167.556973408512 
-164.755295074508 
-164.293726986554 
-168.575592068280 
-173.657337724179 
-173.653002199898 
-168.113121649994 
-171.748456776438 
-174.041942414300 
-175.406488599461 
-168.265618130152 
-157.523922625475 
-154.320468473430 
-150.893051302717 
-151.238842624394 
-150.850082347714 
-151.984726335410 
-149.380588863635 
-140.873113021000 
-145.390687557254 
-153.868302178796 
-160.676950964320 
-136.128059785384 
-128.431016877982 
-124.417161269094 
-123.395955972988 
-134.960953999498 
-127.245717801240 
-120.248258147350 
-120.542797977804 
-142.299128927761 
-132.958204786884 
-140.775321129654 
-140.391068135344 
-141.546763874424 
-147.588002493294 
-147.207786245830 
-149.199071222129 
-147.092429502039 
-145.757877534840 
-149.095059170377 
-151.817144663154 
-165.550636539323 
-161.199953185235 
-167.977149229084 
-163.712069798027 
-175.480196823615 
-179.508072395268 
171.785165241355 
-176.850796592998 
-176.391642687441 
-170.363220359889 
-166.763969343467 
-167.375054458836 
-167.375054458836 
-152.297734651415 
-153.038273943823 
-153.559385366289 
-156.437950092371 
-155.116138742198 
-127.602144268054 
-133.739942355815 
-126.080743431080 
-117.205588416147 
-125.054675931816 
-125.748860073047 
-121.838691434562 
-121.036820534149 
-126.288509328009 
-120.951863498033 
-120.187897535440 
-117.667403329665 
-124.076887020775 
-125.987684961158 
-131.327862906021 
-131.636068000487 
-127.345599234167 
-129.012757548507 
-127.343275322402 
-127.475823337964 
-125.204700982919 
-128.224149467956 
-126.570439240916 
-116.959205511758 
-117.103393608198 
-129.282466203755 
-133.796714580538 
-132.550037152892 
-139.601875916960 
-145.281491566302 
-150.119445365333 
-153.048264327831 
-154.494158227484 
-143.187521444151 
-144.207110229862 
-142.531571143782 
-133.191419205350 
-141.140069550007 
-131.148540783501 
-131.148540783501 
-125.957975198021 
-126.805499232892 
-126.354289527640 
-122.838154739935 
-129.060234725201 
-139.639708901817 
-143.494620757882 
-151.820576360438 
-156.336667188378 
-164.071994791157 
-162.974817726482 
-160.603889953398 
-138.443807414563 
-150.386235966773 
-155.470759721331 
-151.162216187975 
-128.675707587026 
-127.837389657952 
-127.837389657952 
-129.398056970607 
-127.631543996832 
-127.376560605471 
-126.179229918659 
-134.484053142770 
-133.915164858529 
-137.470253093841 
-135.682038474773 
-143.770164964077 
-146.262908647136 
-145.580984897687 
-146.544959683245 
-134.781431239083 
-130.218089446328 
-135.976232234347 
-125.798429785286 
-137.272510327027 
-136.670048744894 
-131.953774684127 
-135.971329189471 
-127.328220350482 
-131.698956182206 
-120.928839927660 
-126.962469577196 
-130.738487621550 
-144.037989159448 
-157.214776988244 
-162.960189182366 
-162.960189182366 
-157.914883035595 
-162.229417310440 
-172.086678618038 
-161.001704122694 
-167.847896388055 
-169.345039879355 
-169.345039879355 
-169.316747335861 
-175.828506419814 
-167.417975830417 
174.118707868896 
170.307076690252 
174.289310567250 
173.758131316252 
-179.731607277170 
-178.190758120744 
-175.528782390561 
-178.863044463344 
-174.162490605489 
-174.472792929250 
-170.735413085558 
-164.841276437015 
-168.631907788804 
-165.190253995900 
-157.276118825940 
-157.247342074612 
-155.375632880477 
-154.502121770463 
-171.822062949509 
-170.655179436361 
-179.558121805393 
-169.904590451770 
-168.391513808106 
-169.173876408507 
-177.022405206120 
-171.734099075766 
-163.826623166044 
-161.723780067215 
-165.705595625474 
-171.672179864963 
-173.425428668696 
-173.723204611872 
-168.920705259669 
-165.321595250291 
-169.093792262641 
-162.469698199791 
-157.864410540317 
-157.533693162115 
-164.628678189014 
-164.720124281011 
-162.580859328480 
-168.175040483302 
-166.840790741226 
-157.818080979532 
-159.028374838836 
-155.711850891793 
-157.056414022108 
-162.165615730877 
-158.590150469507 
-162.415143332248 
-154.310318630675 
-154.633124818863 
-152.818108813283 
-154.693000749717 
-154.492644020685 
-152.240985545367 
-149.874271072232 
-155.248114941942 
-157.150754259006 
-163.191079314314 
-157.612839315868 
-161.269730813793 
-158.098270558479 
-158.098270558479 
-162.059276310791 
-151.801737607498 
-151.801737607498 
-169.685416629679 
-171.459666499129 
-168.796460829933 
-163.692602489559 
-169.017030866582 
-170.212795959691 
-170.996400086164 
168.441120515664 
-176.625910852883 
-177.233480138164 
-164.941836974330 
-174.844624588314 
-166.644192755356 
-168.294206039714 
-161.382398464558 
-164.151874308489 
-174.602884735952 
-176.526415794864 
-172.082002961919 
-175.105624138796 
-173.111019218010 
175.642842193865 
179.981135625464 
179.564389141416 
175.250929190833 
170.781638642868 
177.378330997561 
175.673764283579 
174.973520840771 
175.990085845645 
-173.412974227588 
-167.498263672254 
-160.711006251058 
-164.014367936304 
-162.653662277232 
-162.652398555397 
-162.434200915310 
-165.479387624506 
-168.552982219882 
-167.184922342442 
-168.893561305653 
-167.678355418813 
-164.462907621051 
-161.134705190756 
-157.088296468056 
-179.645882646519 
-179.822172434425 
-178.479890496568 
-179.890909974992 
179.126421579619 
-179.500878734236 
-171.820581375482 
-161.684163871500 
-161.105307730974 
-162.944546194760 
-174.693516142202 
-170.334710595645 
-177.705559351221 
-172.075702671195 
-171.094270978687 
-171.376733182328 
-169.346637057317 
-169.346637057317 
-169.063884231039 
-173.008214248111 
-172.620731552886 
-172.275119880620 
-167.249901734879 
-167.417450980858 
-170.436835843181 
-174.395275801707 
173.458093243821 
173.458093243821 
175.591082319354 
179.150819918535 
175.790680340083 
174.368654430288 
171.347094208527 
171.846795350898 
-155.306563660919 
-162.296071597601 
-164.688342657643 
-166.061233544223 
-157.444092489071 
-157.444092489071 
-156.899543535078 
-160.291831798616 
-158.787977390462 
-171.340423587110 
-170.905074648048 
-174.596816317616 
-175.150194137070 
-173.082403485325 
-171.117906613128 
-170.131177207694 
-176.400364686864 
-175.352252293575 
173.466032002467 
175.762661744714 
169.153235381110 
160.521436957132 
159.810721295542 
162.927358708492 
171.332198945651 
168.770539722502 
159.388587554651 
172.323549767956 
166.296298341898 
160.478931533707 
153.575987414557 
142.931661163604 
145.260838139934 
145.260838139934 
137.194518638975 
153.120315993719 
151.234492916199 
151.550030057158 
160.598910756562 
158.135379636457 
155.156041466705 
151.988808576049 
156.198641989202 
148.824883942950 
152.015732579069 
157.603618659052 
169.589231454153 
-178.189666470364 
160.730358678974 
173.337109943435 
-179.430995670549 
-173.615208538525 
-154.246347204944 
-154.924657018661 
-143.491026833010 
-159.232719685863 
-162.104011440169 
-167.268068660170 
-159.172343514140 
-170.531157456502 
-165.410930104364 
-162.675961067825 
-163.850339790612 
-161.322051288986 
-165.340173196295 
-145.550377043546 
-154.886608031851 
-143.583841474232 
-119.049846159557 
-88.166521107689 
-115.315143331941 
-120.394812700992 
-116.213855170017 
-109.575098650543 
-121.881687661128 
-110.495652953042 
-96.750473653774 
-109.105544868705 
-134.053183152045 
-142.070788884769 
-142.683940364591 
-124.955053252355 
-127.851315945831 
-132.533542979630 
-132.327657584377 
-135.298330096734 
-131.101722808185 
-131.372639625638 
-142.809277476854 
-140.210116998343 
-132.293740227948 
-146.459236971097 
-145.633861696054 
-141.377720054172 
-133.421637996313 
-134.884638433822 
-134.278939538398 
-134.431731765528 
-133.993435934800 
-144.552955966147 
-153.848053756115 
-154.618961929987 
-147.924745645408 
-149.824850788858 
-148.969398895292 
-144.490519068685 
-145.210901727654 
-145.486738524536 
-149.911493685965 
-140.544391665602 
-142.859799605168 
-137.873983258619 
-133.907065461192 
-118.211731052596 
-131.130906980963 
-130.822528969324 
-132.304025276046 
-140.435110862547 
-146.761983196748 
-147.629461135604 
-147.179370753598 
-149.433516842580 
-147.878306563748 
-145.538803805151 
-145.832778109667 
-145.590396796524 
-144.830987121202 
-142.883155452568 
-141.440530885058 
-128.069377897288 
-125.121285692221 
-128.093906447036 
-124.023202161299 
-125.703072606940 
-120.467275862371 
-123.674054536606 
-123.204425409725 
-126.554438298743 
-127.997187811971 
-128.593741326695 
-128.449277761401 
-130.753920010854 
-132.780473215608 
-134.488363429741 
-134.488363429741 
-120.876904961958 
-128.797719535268 
-131.718066019972 
-130.789951136471 
-135.049271904603 
-136.147033670261 
-138.176027617205 
-136.771320833233 
-134.316871148361 
-134.906057655500 
-133.729259356334 
-138.261627962289 
-134.610483209521 
-150.027750895553 
-150.079216547325 
-157.196082566659 
-147.151310515587 
-145.428538640767 
-142.122498209710 
-144.440234277686 
-143.300594197432 
-142.438849745930 
-144.579830323849 
-142.105721699318 
-139.031667825524 
-145.877691472277 
-148.141080101774 
-147.140909503638 
-149.190638247264 
-154.523802100311 
-158.679791659230 
-154.409731352144 
-150.122381857155 
-161.820053425465 
-161.996708238142 
-160.493185217111 
-162.813592178636 
-162.508993301386 
-163.004419794992 
-160.952940920698 
-162.512558967903 
-159.647092327649 
-159.465275948037 
-163.814035121622 
-165.612447921352 
-170.168056599317 
-171.245187909726 
-168.210483819529 
-166.254322426567 
-165.818146794158 
-165.126615510465 
-163.657792130974 
-171.854242163313 
-165.369145732343 
-172.263512677426 
-161.585381977912 
-164.369448553616 
-159.238324527160 
-152.954299329042 
-157.829882625362 
-154.211568583972 
-151.861269139565 
-151.372657738432 
-158.623804140616 
-155.525332174827 
-157.076650363901 
-156.934706391390 
-154.213533329187 
-154.896729850805 
-162.308344033696 
-163.991640877062 
-163.586518948173 
-164.523138824800 
-165.827396094393 
-165.239840558156 
-151.462851498898 
-163.072305690183 
-164.057533849353 
-160.899748017525 
-167.585459677010 
-152.856377924498 
-161.867665951392 
-154.493708042814 
-148.235532828783 
-148.399706475099 
-144.029497015460 
-145.063249007724 
-146.057532676594 
-146.241818915029 
-146.896497885475 
-145.731543502270 
-147.266455230610 
-146.224143042123 
-153.961206555556 
-151.112360546480 
-149.902078633139 
-156.212470765637 
-160.430419725089 
-157.945207768299 
-153.543207561642 
-153.543207561642 
-153.914516403377 
-153.434893156392 
-155.648606935237 
-155.856133988976 
-156.182776089447 
-158.360794397705 
-168.556425180995 
-161.053203477916 
-159.495088895027 
-142.714756232024 
-145.887325537876 
-145.704030120081 
-144.953440390447 
-153.397115206184 
-158.827709136725 
-166.306919716414 
-164.499807950885 
-166.386104311218 
-158.468597222314 
-157.015570192672 
-155.477937325159 
-152.254190030123 
-154.878621235202 
-150.622469514678 
-142.161575027226 
-145.873970490064 
-145.873970490064 
-145.813722001141 
-136.993420759196 
-137.004699533586 
-137.141030184819 
-137.924876493524 
-137.912902830501 
-137.829738153061 
-138.392457037440 
-138.731460918922 
-162.620332059464 
-162.440262013938 
-157.864289002463 
-157.440010317472 
-150.350334245300 
-149.681936931330 
-150.128448129113 
-148.787924480775 
-154.652378356404 
-160.376800256323 
-168.657728599915 
-168.447440101566 
-161.721155002203 
-162.446768069901 
-155.045960175662 
-142.119188732261 
-143.776975335884 
-145.653366285498 
-139.929074248279 
-138.050800931230 
-137.679567898612 
-137.679567898612 
-135.711836840410 
-136.122571324794 
-135.114904947403 
-145.778817453478 
-138.654483919495 
-146.477662868206 
-146.035028664505 
-148.085503647837 
-142.616559890457 
-139.186017491829 
-147.682601058925 
-148.407210615178 
-152.117965917548 
-148.474478595680 
-148.113907749365 
-151.157536708912 
-154.647439005516 
-162.015390906617 
-155.472051190179 
-141.074170042463 
-140.695176766716 
-138.804825409009 
-138.615128503940 
-142.502896015827 
-148.543058161211 
-139.879752279702 
-135.516580545778 
-132.597125910678 
-131.332940400650 
-132.804714550185 
-134.423050881584 
-135.252344107873 
-135.062262658684 
-133.253137849841 
-132.471558251787 
-125.309494047020 
-128.324357155305 
-130.204279861089 
-138.274812518341 
-133.474389718944 
-137.404084686726 
-128.538106044257 
-132.256742404703 
-127.984563360436 
-134.277639120642 
-129.720238522469 
-129.720238522469 
-130.924786627112 
-132.990668700393 
-137.109847502756 
-138.129121097650 
-137.029677234110 
-134.140774205363 
-138.662627136102 
-135.931249803070 
-134.821496621701 
-134.627289179913 
-145.484052251960 
-142.335367884326 
-146.919581294924 
-144.372677733563 
-142.924880008751 
-144.360739148573 
-151.143925146068 
-142.240303592076 
-149.296248566842 
-144.977325916216 
-141.122875440136 
-146.671425711280 
-149.659733917895 
-156.773501790179 
-158.104309653909 
-138.154708889408 
-138.154708889408 
-136.769069919501 
-141.970191087745 
-135.581927845195 
-124.853187679453 
-125.526680227215 
-124.094953297167 
-126.566188266974 
-132.518253150288 
-128.826924365052 
-129.038375947602 
-126.236801686105 
-131.474046614835 
-129.996757844072 
-123.811341683977 
-125.042729119914 
-126.659803005254 
-126.659803005254 
-129.323461313775 
-126.105136089454 
-131.105225568530 
-118.747785502424 
-118.103519440770 
-124.024767815409 
-132.778083787599 
-129.401201090144 
-120.098746253141 
-114.697245482434 
-117.222313366641 
-121.486727932085 
-116.884548013207 
-121.665569823118 
-116.876689583624 
-119.072408763970 
-116.496433977371 
-115.736814651142 
-121.788091500045 
-116.913934281874 
-128.536262455291 
-138.368910986376 
-132.072392443239 
-128.983673460652 
-145.672219200056 
-144.473877093933 
-137.537156115003 
-138.596142315714 
-139.206740282382 
-140.901289898942 
-141.216990488475 
-141.904651369607 
-142.516838295230 
-146.786313412930 
-135.731469181001 
-134.715299116787 
-133.638963787925 
-139.751004673084 
-139.366083296391 
-131.948753935651 
-131.258204618428 
-135.031395868838 
-130.092105918699 
-131.545578510615 
-140.632580959249 
-139.847627509327 
-143.170250085563 
-139.250863525047 
-129.982068036814 
-147.107371355468 
-143.936264548366 
-144.139848981071 
-148.924578271360 
-145.783660000593 
-145.783660000593 
-142.566458186244 
-142.532816455446 
-134.944143604507 
-124.010283469960 
-124.010283469960 
-117.658683627912 
-130.207184930518 
-128.631335424715 
-139.958681896920 
-130.452447904690 
-122.827925306570 
-149.214189454422 
-137.354466760631 
-112.029291589059 
-114.083939483648 
-114.059868510418 
-121.104290582746 
-125.680685468467 
-125.076485400003 
-114.584182637050 
-159.708430567899 
-158.247457343362 
-161.129103367233 
-160.198649710079 
-161.657902859684 
-155.368160097413 
-155.478617327487 
-153.183278563449 
-152.972213199694 
-154.184850906063 
-157.055491089168 
-152.626576259369 
-161.593925584833 
-161.569378784640 
-174.733198626839 
-165.442419458916 
-175.840861351900 
-174.944430121468 
-177.901208496064 
175.769676502079 
171.056176561581 
167.850951904937 
179.218265815229 
-178.262705655809 
170.669388426293 
171.027294856397 
169.122214676496 
172.350868074859 
-178.808677441787 
-177.971898461105 
-178.699227645168 
-176.073980416152 
-167.419399715208 
-164.155200837740 
-164.155200837740 
-163.427973267847 
-164.226873278935 
-164.226873278935 
-160.312623379479 
-161.933792782018 
-170.079446478587 
-165.409246777110 
-170.805166193560 
-164.449205282712 
-169.958447567172 
-167.275395652116 
-167.275395652116 
-164.275886836378 
-165.133274172044 
164.626617720922 
176.328689788383 
-169.853282206220 
-169.853282206220 
-172.498358374622 
162.731754139507 
149.096146245357 
142.734177098726 
155.120273141431 
158.487634995593 
150.630835062127 
156.559514419209 
150.724873578952 
147.092998900059 
153.986693038374 
156.489647327026 
148.137191608000 
147.215128674442 
150.945326059347 
-169.721089540228 
-170.530550641903 
-167.809444213271 
-171.758617586283 
176.603710775114 
175.921752539679 
171.698834297436 
177.203875069530 
-176.694714600652 
-172.436584742411 
-167.819377390909 
-167.032483302875 
-173.851170645357 
-173.851170645357 
-178.646911477079 
-170.141761254613 
-178.971586860170 
179.926111000767 
179.863618394055 
179.863618394055 
175.504992725410 
163.969786440474 
166.010371989117 
170.428089474380 
179.739890812722 
170.528611359723 
-153.791300570541 
-156.638537184763 
-156.367945171997 
-149.806617076254 
-160.418129222348 
-161.035274574646 
-157.409403732614 
-153.043115431667 
-161.142486562916 
-172.567669219849 
176.424902609351 
175.408124035582 
-179.136051931361 
-177.647858483191 
172.809727330317 
175.603305590201 
178.278629760143 
-166.493628539325 
-156.791466149332 
-157.224877965333 
-158.286123762182 
-161.231371815339 
-161.176356025875 
-164.998539767957 
-170.214824555584 
-173.117884957387 
-170.878854437179 
-170.878854437179 
-179.728016953975 
-179.728016953975 
-177.201835875807 
-178.670290031790 
-170.358324199412 
-170.859178963520 
-165.821403403223 
-165.203254115887 
-162.643229439293 
-161.283095681473 
-145.282480003023 
-145.014384138761 
-146.406168014644 
-145.571671847075 
-162.738645729631 
-149.275676977222 
-162.342655627014 
-163.597241926517 
-162.375356402005 
-161.682031038611 
-163.403517514431 
-162.221753135679 
-165.572767357810 
-166.329065751013 
-165.731071206577 
-173.273365670461 
-173.651960864174 
-160.930560946299 
-160.924966884708 
-142.002835292017 
-144.595922759273 
-139.166574126108 
-149.600089019498 
-149.777242097536 
-150.887701448624 
-150.937913351061 
-150.740686267918 
-144.808800956502 
-144.150166739748 
-143.398140677336 
-143.272589476831 
-147.828280015295 
-146.657082768536 
-151.936833380140 
-152.454569063131 
-152.538944072170 
-153.869136422256 
-154.056277405365 
-154.163611603593 
-155.822852835713 
-163.217812031585 
-164.970507706735 
-165.516346710425 
-165.479445168034 
-166.034835214870 
-169.065315595951 
-171.623368632348 
-171.563691051376 
-172.819653588303 
-171.617384537566 
-173.193114218660 
-173.193114218660 
-173.193114218660 
-171.877193447721 
-176.651188374042 
-176.156213363840 
-145.394805116384 
-147.380204023101 
-149.743217014314 
-149.204457781218 
-147.261720675672 
-146.617207107535 
-144.440786258762 
-152.135631684171 
-153.124299308013 
-155.592056652678 
-153.812033727420 
-160.346855216511 
-160.677962031576 
-159.753145778822 
-158.677942091905 
-158.568903808921 
-162.002359700652 
-158.278723902792 
-158.158629335083 
-159.823181938423 
-171.301972225474 
-170.108974082694 
-170.366685032362 
-169.503589104742 
-172.408251018171 
-166.591805642021 
-162.672977920831 
-153.462997499654 
-145.371057832495 
-147.005311087410 
-150.655698172823 
-147.380009905202 
-147.859717925233 
-145.730246242952 
-142.611248322384 
-141.479330837018 
-142.110702353917 
-144.075841664328 
-144.720515079160 
-150.135659348922 
-146.387231225316 
-149.195790509053 
-150.596351338345 
-151.782065486076 
-150.739728577411 
-150.451063955624 
-149.019360986561 
-137.079280494826 
-146.301742113262 
-146.998862534676 
-150.410549075031 
-144.868142847206 
-145.006820275629 
-146.005364199722 
-150.099781797365 
-152.111779158959 
-142.996637987368 
-141.235868294436 
-140.050808903322 
-143.026206987678 
-140.066381624697 
-140.646660333579 
-141.390757698473 
-142.817889978977 
-145.246991685029 
-142.783684052635 
-144.678299466032 
-137.482453310563 
-144.911103012070 
-145.590905813764 
-145.716539592273 
-141.850120668250 
-141.548528407925 
-142.253906733218 
-141.322540625697 
-134.771973051078 
-142.527732179341 
-148.841899499980 
-161.851038650406 
-167.216967491779 
-149.913365421581 
-150.337736771213 
-150.007402167068 
-159.679053712992 
-154.147995494496 
-164.193340648895 
-150.458385595581 
-150.458385595581 
-149.850718166043 
-149.850718166043 
-150.495757499661 
-154.285504473454 
-152.554776634206 
-152.756251393839 
-125.594480139363 
-128.861759776846 
-125.607046709668 
-131.212501139620 
-131.438958582201 
-132.724983170918 
-132.184616725121 
-132.661605504214 
-137.530718121327 
-132.125412901774 
-135.177380366462 
-135.151653207083 
-136.063997105065 
-133.062271237991 
-128.697773127659 
-127.436197391610 
-127.436197391610 
-140.724357586932 
-122.454821332926 
-124.754964370505 
-125.291009892581 
-135.247675672923 
-133.474079708362 
-133.527958978934 
-137.212560974684 
-137.550572942144 
-139.677621371643 
-141.587892962078 
-136.286246401333 
-137.925229560234 
-138.728380121973 
-139.160394870179 
-140.748225813148 
-138.340201000413 
-139.563840043229 
-139.628061828141 
-140.626826467550 
-137.164283077348 
-137.741037764871 
-142.080950255373 
-144.907694182972 
-143.864918823134 
-139.239161318557 
-142.395518011654 
-140.675113190235 
-140.617350748661 
-139.652872353222 
-143.032700022246 
-145.194960894511 
-143.500787552279 
-153.003972431565 
-149.779621259664 
-154.724923310965 
-157.800661296162 
-158.559745242716 
-168.584661382748 
-168.317987570335 
-169.804361770299 
-169.247123678476 
-174.284475276686 
-173.846182031821 
-179.920882550293 
175.491408477930 
170.357725193625 
168.786333493501 
170.030175091670 
168.309955176410 
178.102226197616 
-177.049225577246 
-151.572597260858 
-157.001862446078 
-152.449862738856 
-158.860826803786 
-160.557837373734 
-153.140884718206 
-142.529253222498 
-148.797441708215 
-153.501138025176 
-156.794957997043 
-153.648396632417 
-143.009070639694 
-140.828295898143 
-132.468150932317 
-134.629522779785 
-130.389677914757 
-156.134220784736 
-158.706988545264 
-145.787682199893 
-147.297771169190 
-164.388744529974 
-166.723833591293 
-161.508983618196 
-160.227604002299 
-159.304032188816 
-142.387205626553 
-142.387205626553 
-142.498389217241 
-145.958455548049 
-146.804783497596 
-137.568788992152 
-139.343248522083 
-134.380431688229 
-134.284989103849 
-133.989388549960 
-141.889909899509 
-140.141215098892 
-139.243346398186 
-146.251422640167 
-153.536631491182 
-152.303053401445 
-157.446138742359 
-157.684797883987 
-157.649540206596 
179.691699896429 
-172.501989314317 
-169.112426974355 
-171.895109076545 
-175.479458328521 
-172.439334469032 
-170.810087256418 
-173.941322322812 
-177.088249842421 
173.670276544709 
179.509732894887 
178.554983213096 
171.152138827958 
175.751965691705 
170.889162515274 
178.683322406999 
173.935667029822 
175.410062421890 
-171.888063251456 
-171.257663569217 
-162.364658224895 
-165.891303374823 
-170.251150877748 
-170.267737362282 
-172.497032067548 
-168.241990351244 
-172.155166756370 
-178.765555654588 
-172.624251128560 
-174.450658387291 
-174.964971983978 
-170.571495719646 
-174.483004121283 
-177.726689931212 
-176.592822503118 
-173.377099226947 
-170.702749188049 
-177.660367301040 
-175.356371687610 
-174.812821111451 
-176.982394146578 
-173.261407435389 
-177.528393917501 
-173.327450645546 
-177.221927249334 
-172.200380331075 
-157.001916243447 
-156.034995430813 
-159.739316182253 
-157.621098787528 
-149.414417498626 
-149.927640901520 
-154.372813063969 
-151.232886048044 
-139.959089536613 
-144.132254477021 
-145.819096995955 
-144.311531830727 
-144.556709791509 
-142.712006732046 
-145.578935556766 
-146.988752025156 
-146.850055242542 
-148.897370728815 
-147.420420527267 
-147.492241754812 
-145.549612503103 
-147.062459582449 
-144.535034605153 
-149.097916746667 
-146.424726475813 
-147.729725661152 
-145.201698350270 
-145.201698350270 
-147.796382358359 
-142.599988751867 
-131.421860224557 
-137.882592719019 
-135.731449092860 
-134.932884241043 
-140.842840860945 
-135.856254667074 
-141.893953776587 
-142.628390973669 
-138.663576327832 
-141.362551071518 
-141.625974922046 
-141.410247220992 
-143.293238507486 
-142.635550311775 
-147.814974037826 
-148.116433349622 
-150.040947878861 
-150.825861478684 
-153.277139792967 
-157.990943806008 
-157.700967785214 
-157.312225363323 
-162.752097417681 
-161.204379147463 
-157.536654659248 
-155.070609226144 
-155.870790576415 
-150.333976794945 
-144.659989954500 
-158.135491815682 
-154.094302535268 
-146.658689619323 
-149.159844256518 
-149.037902179037 
-149.837397959928 
-145.537435000433 
-147.446035279828 
-148.011834515160 
-145.619763037523 
-144.896290461609 
-142.938267075502 
-140.339984831386 
-152.000906625134 
-156.458522999847 
-157.327314057493 
-157.926957867309 
-159.678246258717 
-151.954976252153 
-151.150288953312 
-147.930337278160 
-151.840666934856 
-156.802419318976 
-155.954506429015 
-158.777322387181 
-158.144652842878 
-155.547344716084 
-160.721661084853 
-164.373381475656 
-162.538649155965 
-162.977798741783 
-164.213416647670 
-162.267546653910 
-158.885823235495 
-158.366700973815 
-153.404056988741 
-135.219432893541 
-135.167359996227 
-126.775288434880 
-137.669020394826 
-135.813093779645 
-136.426988074333 
-132.107079052999 
-128.411715128959 
-137.338619409773 
-135.295386818396 
-135.179324911141 
-136.577654887500 
-138.177090524164 
-130.218427558669 
-147.301755509144 
-128.884069607384 
-127.765795541855 
-133.933228744030 
-131.280664697710 
-131.843442988896 
-132.281201477263 
-126.244599141981 
-136.786622284479 
-114.572144671888 
-124.947771072910 
-129.086309985443 
-122.656647500397 
-113.587349510377 
-152.586982347082 
-147.893100788511 
-143.232016541606 
-139.928024308966 
-141.536134622453 
-146.578324561910 
-152.108985646938 
-153.665667876018 
-154.188834549564 
-154.188834549564 
-154.188834549564 
-156.007489832361 
-161.312234808550 
-162.482223796806 
-161.113680171506 
-161.962661341681 
-161.531477815929 
-160.484822960769 
-160.706411257930 
-162.242195722535 
-162.563614176230 
-162.563614176230 
-162.545293903693 
-166.404969045802 
-167.835132758229 
-167.835132758229 
-164.474377346705 
-168.372522778853 
-169.848725140510 
-171.365729655821 
-171.365729655821 
-171.022918205531 
-170.229145154702 
-169.334791938265 
-170.382633379913 
-173.327771293001 
-173.694826234103 
-164.192052514203 
167.885413869451 
-174.254584329755 
-168.533693419446 
-171.827202111732 
-172.363245583602 
-153.609485747966 
-153.609485747966 
-154.598279681425 
-154.463228600342 
-155.099818204668 
-154.980838285209 
-152.436325539218 
-153.249723713570 
-148.543845960063 
-154.597909006270 
-154.435619402390 
-153.524407111399 
-148.509018232473 
-140.922594313355 
-140.273406880824 
-141.098459817825 
-144.236143509421 
-144.037570120078 
-146.259126700907 
-143.823904157080 
-150.489247707927 
-144.394901212072 
-142.905717094835 
-144.487666767142 
-137.161416273056 
-142.625907731835 
-159.594439938642 
-159.594439938642 
-159.898065001732 
-156.628397757058 
-155.922837193446 
-147.096113069705 
-146.719156053486 
-152.196624448133 
-138.326851406894 
-147.175236088363 
-143.262222157492 
-143.797241239292 
-138.409790926119 
-158.046722743951 
-155.622433350138 
-154.658045939967 
-153.027228210017 
-142.562426191205 
-141.718255855406 
-152.630529513503 
-149.014206087055 
-149.184217497100 
-145.691088170901 
-135.667136636558 
-142.298859895529 
-147.967944317494 
-145.797740149652 
-146.711897926037 
-149.213078357919 
-146.963544021685 
-148.489723406820 
-145.581925112432 
-154.643229167195 
-150.717302380831 
-143.608297568503 
-145.717770051933 
-141.877318447910 
-159.038950134605 
-169.140728947950 
-168.680782492152 
-173.905096621088 
-167.339890514472 
-169.274859897504 
-172.044596808142 
-171.688847211481 
-151.012855416828 
-153.604877659162 
-152.039919210202 
-154.850289727889 
-146.466289464218 
-143.974143301248 
-146.885770366173 
-144.694657553270 
-148.565436235027 
-146.490011737199 
-177.756285166465 
-172.027954523001 
-163.731731025206 
-161.441273082734 
-159.551076750661 
-160.406745301119 
-148.051277704719 
-142.889200103475 
-143.852512951137 
-141.441999392628 
-143.303079429129 
-148.310549485552 
-146.936380132147 
-148.241203745026 
-148.831531755768 
-138.065983022289 
-134.421544961876 
-133.908325018292 
-134.343108407900 
-134.248270159118 
-139.934187092138 
-150.340739999015 
-149.528333676042 
-149.193569598567 
-145.000993388700 
-147.942442489874 
-147.208998639604 
-145.758914354411 
-146.303132102433 
-150.626982311186 
-148.520068857469 
-148.684766937373 
-149.589839122009 
-152.726721432496 
-156.842590280221 
-155.291467371113 
-152.511798512351 
-153.967306551226 
-150.158839490512 
-143.251404688404 
-144.503324707845 
-145.631527576965 
-159.976048266219 
-160.235560951348 
-152.319581011781 
-149.025240256909 
-159.019787433779 
-155.933804129414 
-154.222529645162 
-148.770183738996 
-156.516391517070 
-155.426362234266 
-154.462033209242 
-151.892739887163 
-147.898004569542 
-148.100921365072 
-148.100921365072 
-142.745280841212 
-139.081609225678 
-138.097318322952 
-139.849566520339 
-142.451846830101 
-142.856947641303 
-130.501999885086 
-132.795490110730 
-135.520309630854 
-135.503154706210 
-135.379746384347 
-135.379746384347 
-135.823492307670 
-137.459681564467 
-137.459681564467 
-140.104158177982 
-141.734376671027 
-143.733130216803 
-146.768027579603 
-143.431434759184 
-144.104216198245 
-151.024456764986 
-151.678261687522 
-141.914801128989 
-143.603323320418 
-141.696764472496 
-152.322311843199 
-142.532568547489 
-149.089835128357 
-149.777755861986 
-159.471387861245 
-151.884834421205 
-152.619033225935 
-152.727575518017 
-153.595679057114 
-155.343188697372 
-153.787434051435 
-151.106589692108 
-146.743211284657 
-145.656508726849 
-144.498701346229 
-132.844200801743 
-133.985355961388 
-132.059684001009 
-135.399168637025 
-134.722115625906 
-144.890459191152 
-147.424715278547 
-150.301086282688 
-165.434333739279 
-166.109634692580 
-165.609812263029 
-166.849677762843 
-172.872184128471 
-176.113402480574 
-174.566578297860 
-175.209319195357 
-172.281269377530 
-170.642378014610 
-164.150094955241 
-163.221762238490 
-163.844457887844 
-164.561085770183 
-174.381259353418 
-174.000399395424 
-177.395084147348 
-178.097909607571 
177.878564185840 
-179.680939783681 
-179.594051945715 
-177.964961994140 
177.691066463043 
-168.782403565829 
-169.780061458800 
-164.684304857787 
-160.604024956763 
-160.604024956763 
-172.456405752925 
-165.858359984621 
-164.580772196354 
-158.758042880892 
-161.791032650736 
-158.723358305077 
-157.126794724679 
-149.280728615679 
-148.460362666899 
-149.444842295973 
-149.084079110034 
-149.379672690225 
-140.991278414251 
-150.031423888544 
-146.267957079878 
-139.498328168629 
-145.067232756309 
-149.824134581774 
-150.909749212631 
-149.052601041941 
-151.269400071582 
-155.960328071809 
-152.570664841945 
-147.144225372048 
-169.792860044490 
-168.215744909998 
-166.204505495476 
-165.074663354754 
-165.846378506947 
-166.576412802775 
-166.679674304949 
-166.741894719321 
-161.977124432129 
-161.977124432129 
-164.583438589806 
-162.066389498120 
-166.520716193615 
-171.224168249597 
-176.585307961721 
177.802757694092 
-172.760956635018 
-174.753966413128 
-172.666806878629 
-172.672496216037 
-172.672496216037 
-173.128687854257 
-173.392281713716 
-175.616446692455 
-176.580723360327 
-168.082374070275 
-168.202130625102 
-166.317435222042 
-165.983779397832 
-162.523598489885 
-165.923114328276 
-173.546241791987 
-168.106876026899 
-168.422740292047 
-165.730638515098 
-174.960978954934 
-174.978660619545 
-178.117810086724 
179.717506613978 
-174.406566949747 
-179.349454935302 
172.378705433978 
177.453039875885 
171.414323317254 
169.103635277248 
177.675955203099 
179.047245458790 
-174.882452364964 
-166.745805490418 
-165.085350871198 
-166.215556854859 
-166.504580031205 
-166.469422487174 
-160.348159467993 
-172.259238410125 
-168.337166073796 
-167.181781733402 
-166.924767536572 
-166.827717445472 
-164.883051939887 
-165.560317767802 
-178.729045030759 
-177.904920833901 
-177.875516508697 
-177.875516508697 
-176.904101173716 
178.079138690862 
178.171634365771 
-177.466963541055 
-178.019977160620 
-176.958472601519 
-170.252780145272 
-167.779784388972 
-169.646086963897 
-168.981642780302 
-170.035991226146 
-166.437008861181 
-165.620101942478 
-167.985194559591 
-168.003720380594 
-171.337462465211 
-170.655712228954 
-173.668735485836 
-167.991165726139 
-167.114129236322 
-168.643773637861 
-166.937851133696 
-165.549362949996 
-162.469399811289 
-162.448857247584 
-162.024006634270 
-168.578841650669 
-169.219503738811 
-173.895757918064 
-154.113945118528 
-145.062433042957 
-139.317330255259 
-135.221160780307 
-139.596411579833 
-153.511426007722 
-151.932900543956 
-154.488983937248 
-144.119872113360 
-145.557843221465 
-145.557843221465 
-145.079668273698 
-145.908669484347 
-142.951718450341 
-146.318832606244 
-144.104414148917 
-143.677669156630 
-150.038926252115 
-156.929613328133 
-152.863769568371 
-155.018638734999 
-149.437700839849 
-149.423911460891 
-148.736589820254 
-149.153059046995 
-145.699103023534 
-139.950767610586 
-137.399717342243 
-137.836220582691 
-140.334763451786 
-141.083855211665 
-139.439310490172 
-137.855458086067 
-138.082077499105 
-134.577723025055 
-136.774967535971 
-131.511611431922 
-126.759816966929 
-135.674777319257 
-131.343404188784 
-136.915203962723 
-132.763330830559 
-130.371762568856 
-129.581614514154 
-132.468843928293 
-133.173168737172 
-128.210011266434 
-132.728572841749 
-141.271274128632 
-138.083544074794 
-138.905105162077 
-134.170495587816 
-139.605218464787 
-139.250494982446 
-143.705107155992 
-138.518757527755 
-140.177689262302 
-136.975471551101 
-142.876910497206 
-143.782463596148 
-147.897034755620 
-150.579884687421 
-155.782281966576 
-147.698973137113 
-146.800996884196 
-141.582221821439 
-141.550621000053 
-150.373601490719 
-151.519809353014 
-167.358307194592 
-170.716321929886 
-174.230093222714 
-163.341576324863 
-157.865555474615 
-158.100288888527 
-160.026614332204 
-161.070908814013 
-153.062196951746 
-153.455811566379 
-144.370440045017 
-140.431109838378 
-144.144582477444 
-138.606181704966 
-141.667115864366 
-142.587861860768 
-142.289422071992 
-132.527064787502 
-137.665358912503 
-139.995027143256 
-131.251844570741 
-139.996649194081 
-138.557615413582 
-139.197564112039 
-136.808370433314 
179.273712239852 
-178.396456264262 
-174.228773070542 
-174.544117720571 
-172.267797561849 
-172.974625258640 
-171.502439255017 
-175.123904905054 
-172.657068212650 
-170.278216336381 
-169.402689076108 
-170.896370584873 
-171.337875255127 
-170.063442245892 
-164.498364339590 
-158.514915670350 
-171.587072576022 
-173.777589133884 
-168.030514854279 
-163.924608746243 
-161.882834858683 
-161.882834858683 
-162.139613368972 
-162.139613368972 
-162.276639259009 
-160.832691579847 
-166.308548758340 
-165.874011961695 
-167.349979284271 
-161.653850661371 
-166.192243014615 
-163.156393063980 
-165.537221794630 
-170.208222582167 
-170.705389620192 
-170.803979868085 
-173.549061017184 
-168.426715096917 
-169.449599279003 
-169.449599279003 
-168.978184857101 
-167.927624634431 
-167.847598435858 
-166.066953623491 
-163.432151564403 
-162.765625201518 
-155.911588233487 
-154.823336487322 
-155.116651253935 
-154.871044939372 
-148.797276184490 
-152.303095326213 
-149.865158339377 
-149.865158339377 
-156.705538517831 
-151.424314410881 
-150.882263240164 
-150.882263240164 
-152.648018966337 
-152.945201200045 
-158.866860432820 
-154.900768691578 
-152.430341136885 
-150.459287997493 
-150.287677627494 
-148.559300115973 
-145.689348690377 
-144.624029702275 
-142.220103320232 
-148.962009602764 
-156.969253516118 
-155.379183413544 
-144.015946608069 
-145.546421447648 
-146.371277785473 
-144.830706298061 
-144.350562128952 
-143.872811529626 
-143.792271943155 
-137.762719287144 
-133.919921386101 
-135.821954024748 
-136.246056495945 
-137.411726702690 
-139.731451779287 
-134.783160654445 
-142.768581737577 
-132.692874126100 
-155.041486731214 
-156.980836700386 
-151.063030724825 
-154.056562330605 
-149.756415655131 
-149.756415655131 
