# time Tc_folded Tref_folded model model_err 
2453115.032645 0.000000 0.000000    -0.000000     1.331091 
2453116.705158 0.000000 0.000000    -0.000000     1.331091 
2453118.377671 0.000000 0.000000    -0.000000     1.331091 
2453120.050184 0.000000 0.000000    -0.000000     1.331091 
2453121.722697 0.000000 0.000000    -0.000000     1.331091 
2453123.395210 0.000000 0.000000    -0.000000     1.331091 
2453125.067724 0.000000 0.000000    -0.000000     1.331091 
2453126.740237 0.000000 0.000000    -0.000000     1.331091 
2453128.412750 0.000000 0.000000    -0.000000     1.331091 
2453130.085263 0.000000 0.000000    -0.000000     1.331091 
2453131.757776 0.000000 0.000000    -0.000000     1.331091 
2453133.430289 0.000000 0.000000    -0.000000     1.331091 
2453135.102802 0.000000 0.000000    -0.000000     1.331091 
2453136.775315 0.000000 0.000000    -0.000000     1.331091 
2453138.447828 0.000000 0.000000    -0.000000     1.331091 
2453140.120341 0.000000 0.000000    -0.000000     1.331091 
2453141.792855 0.000000 0.000000    -0.000000     1.331091 
2453143.465368 0.000000 0.000000    -0.000000     1.331091 
2453145.137881 0.000000 0.000000    -0.000000     1.331091 
2453146.810394 0.000000 0.000000    -0.000000     1.331091 
2453148.482907 0.000000 0.000000    -0.000000     1.331091 
2453150.155420 0.000000 0.000000    -0.000000     1.331091 
2453151.827933 0.000000 0.000000    -0.000000     1.331091 
2453153.500446 0.000000 0.000000     0.000000     1.331091 
2453155.172959 0.000000 0.000000     0.000000     1.331091 
2453156.845472 0.000000 0.000000    -0.000000     1.331091 
2453158.517986 0.000000 0.000000     0.000000     1.331091 
2453160.190499 0.000000 0.000000    -0.000000     1.331091 
2453161.863012 0.000000 0.000000    -0.000000     1.331091 
2453163.535525 0.000000 0.000000    -0.000000     1.331091 
2453165.208038 0.000000 0.000000    -0.000000     1.331091 
2453166.880551 0.000000 0.000000    -0.000000     1.331091 
2453168.553064 0.000000 0.000000    -0.000000     1.331091 
2453170.225577 0.000000 0.000000    -0.000000     1.331091 
2453171.898090 0.000000 0.000000    -0.000000     1.331091 
2453173.570603 0.000000 0.000000    -0.000000     1.331091 
2453175.243116 0.000000 0.000000    -0.000000     1.331091 
2453176.915630 0.000000 0.000000    -0.000000     1.331091 
2453178.588143 0.000000 0.000000     0.000000     1.331091 
2453180.260656 0.000000 0.000000     0.000000     1.331091 
2453181.933169 0.000000 0.000000     0.000000     1.331091 
2453183.605682 0.000000 0.000000     0.000000     1.331091 
2453185.278195 0.000000 0.000000     0.000000     1.331091 
2453186.950708 0.000000 0.000000     0.000000     1.331091 
2453188.623221 0.000000 0.000000     0.000000     1.331091 
2453190.295734 0.000000 0.000000     0.000000     1.331091 
2453191.968247 0.000000 0.000000     0.000000     1.331091 
2453193.640761 0.000000 0.000000    -0.000000     1.331091 
2453195.313274 0.000000 0.000000    -0.000000     1.331091 
2453196.985787 0.000000 0.000000    -0.000000     1.331091 
2453198.658300 0.000000 0.000000    -0.000000     1.331091 
2453200.330813 0.000000 0.000000     0.000000     1.331091 
2453202.003326 0.000000 0.000000     0.000000     1.331091 
2453203.675839 0.000000 0.000000     0.000000     1.331091 
2453205.348352 0.000000 0.000000     0.000000     1.331091 
2453207.020865 0.000000 0.000000     0.000000     1.331091 
2453208.693378 0.000000 0.000000     0.000000     1.331091 
2453210.365892 0.000000 0.000000     0.000000     1.331091 
2453212.038405 0.000000 0.000000     0.000000     1.331091 
2453213.710918 0.000000 0.000000    -0.000000     1.331091 
2453215.383431 0.000000 0.000000    -0.000000     1.331091 
2453217.055944 0.000000 0.000000    -0.000000     1.331091 
2453218.728457 0.000000 0.000000    -0.000000     1.331091 
2453220.400970 0.000000 0.000000    -0.000000     1.331091 
2453222.073483 0.000000 0.000000    -0.000000     1.331091 
2453223.745996 0.000000 0.000000     0.000000     1.331091 
2453225.418509 0.000000 0.000000     0.000000     1.331091 
2453227.091023 0.000000 0.000000     0.000000     1.331091 
2453228.763536 0.000000 0.000000     0.000000     1.331091 
2453230.436049 0.000000 0.000000     0.000000     1.331091 
2453232.108562 0.000000 0.000000     0.000000     1.331091 
2453233.781075 0.000000 0.000000    -0.000000     1.331091 
2453235.453588 0.000000 0.000000    -0.000000     1.331091 
2453237.126101 0.000000 0.000000    -0.000000     1.331091 
2453238.798614 0.000000 0.000000    -0.000000     1.331091 
2453240.471127 0.000000 0.000000    -0.000000     1.331091 
2453242.143640 0.000000 0.000000    -0.000000     1.331091 
2453243.816153 0.000000 0.000000    -0.000000     1.331091 
2453245.488667 0.000000 0.000000     0.000000     1.331091 
2453247.161180 0.000000 0.000000     0.000000     1.331091 
2453248.833693 0.000000 0.000000     0.000000     1.331091 
2453250.506206 0.000000 0.000000     0.000000     1.331091 
2453252.178719 0.000000 0.000000     0.000000     1.331091 
2453253.851232 0.000000 0.000000    -0.000000     1.331091 
2453255.523745 0.000000 0.000000    -0.000000     1.331091 
2453257.196258 0.000000 0.000000    -0.000000     1.331091 
2453258.868771 0.000000 0.000000    -0.000000     1.331091 
2453260.541284 0.000000 0.000000    -0.000000     1.331091 
2453262.213798 0.000000 0.000000    -0.000000     1.331091 
2453263.886311 0.000000 0.000000    -0.000000     1.331091 
2453265.558824 0.000000 0.000000    -0.000000     1.331091 
2453267.231337 0.000000 0.000000     0.000000     1.331091 
2453268.903850 0.000000 0.000000     0.000000     1.331091 
2453270.576363 0.000000 0.000000    -0.000000     1.331091 
2453272.248876 0.000000 0.000000    -0.000000     1.331091 
2453273.921389 0.000000 0.000000    -0.000000     1.331091 
2453275.593902 0.000000 0.000000    -0.000000     1.331091 
2453277.266415 0.000000 0.000000    -0.000000     1.331091 
2453278.938929 0.000000 0.000000    -0.000000     1.331091 
2453280.611442 0.000000 0.000000    -0.000000     1.331091 
2453282.283955 0.000000 0.000000    -0.000000     1.331091 
2453283.956468 0.000000 0.000000    -0.000000     1.331091 
2453285.628981 0.000000 0.000000    -0.000000     1.331091 
2453287.301494 0.000000 0.000000    -0.000000     1.331091 
2453288.974007 0.000000 0.000000    -0.000000     1.331091 
2453290.646520 0.000000 0.000000    -0.000000     1.331091 
2453292.319033 0.000000 0.000000    -0.000000     1.331091 
2453293.991546 0.000000 0.000000    -0.000000     1.331091 
2453295.664059 0.000000 0.000000    -0.000000     1.331091 
2453297.336573 0.000000 0.000000    -0.000000     1.331091 
2453299.009086 0.000000 0.000000    -0.000000     1.331091 
2453300.681599 0.000000 0.000000    -0.000000     1.331091 
2453302.354112 0.000000 0.000000    -0.000000     1.331091 
2453304.026625 0.000000 0.000000    -0.000000     1.331091 
2453305.699138 0.000000 0.000000    -0.000000     1.331091 
2453307.371651 0.000000 0.000000    -0.000000     1.331091 
2453309.044164 0.000000 0.000000    -0.000000     1.331091 
2453310.716677 0.000000 0.000000    -0.000000     1.331091 
2453312.389190 0.000000 0.000000    -0.000000     1.331091 
2453314.061704 0.000000 0.000000    -0.000000     1.331091 
2453315.734217 0.000000 0.000000    -0.000000     1.331091 
2453317.406730 0.000000 0.000000    -0.000000     1.331091 
2453319.079243 0.000000 0.000000    -0.000000     1.331091 
2453320.751756 0.000000 0.000000    -0.000000     1.331091 
2453322.424269 0.000000 0.000000    -0.000000     1.331091 
2453324.096782 0.000000 0.000000    -0.000000     1.331091 
2453325.769295 0.000000 0.000000    -0.000000     1.331091 
2453327.441808 0.000000 0.000000    -0.000000     1.331091 
2453329.114321 0.000000 0.000000    -0.000000     1.331091 
2453330.786835 0.000000 0.000000    -0.000000     1.331091 
2453332.459348 0.000000 0.000000    -0.000000     1.331091 
2453334.131861 0.000000 0.000000    -0.000000     1.331091 
2453335.804374 0.000000 0.000000    -0.000000     1.331091 
2453337.476887 0.000000 0.000000    -0.000000     1.331091 
2453339.149400 0.000000 0.000000    -0.000000     1.331091 
2453340.821913 0.000000 0.000000    -0.000000     1.331091 
2453342.494426 0.000000 0.000000     0.000000     1.331091 
2453344.166939 0.000000 0.000000     0.000000     1.331091 
2453345.839452 0.000000 0.000000     0.000000     1.331091 
2453347.511965 0.000000 0.000000     0.000000     1.331091 
2453349.184479 0.000000 0.000000     0.000000     1.331091 
2453350.856992 0.000000 0.000000     0.000000     1.331091 
2453352.529505 0.000000 0.000000     0.000000     1.331091 
2453354.202018 0.000000 0.000000    -0.000000     1.331091 
2453355.874531 0.000000 0.000000    -0.000000     1.331091 
2453357.547044 0.000000 0.000000    -0.000000     1.331091 
2453359.219557 0.000000 0.000000    -0.000000     1.331091 
2453360.892070 0.000000 0.000000    -0.000000     1.331091 
2453362.564583 0.000000 0.000000    -0.000000     1.331091 
2453364.237096 0.000000 0.000000    -0.000000     1.331091 
2453365.909610 0.000000 0.000000    -0.000000     1.331091 
2453367.582123 0.000000 0.000000     0.000000     1.331091 
2453369.254636 0.000000 0.000000     0.000000     1.331091 
2453370.927149 0.000000 0.000000     0.000000     1.331091 
2453372.599662 0.000000 0.000000     0.000000     1.331091 
2453374.272175 0.000000 0.000000     0.000000     1.331091 
2453375.944688 0.000000 0.000000     0.000000     1.331091 
2453377.617201 0.000000 0.000000     0.000000     1.331091 
2453379.289714 0.000000 0.000000     0.000000     1.331091 
2453380.962227 0.000000 0.000000    -0.000000     1.331091 
2453382.634741 0.000000 0.000000    -0.000000     1.331091 
2453384.307254 0.000000 0.000000    -0.000000     1.331091 
2453385.979767 0.000000 0.000000    -0.000000     1.331091 
2453387.652280 0.000000 0.000000    -0.000000     1.331091 
2453389.324793 0.000000 0.000000     0.000000     1.331091 
2453390.997306 0.000000 0.000000     0.000000     1.331091 
2453392.669819 0.000000 0.000000     0.000000     1.331091 
2453394.342332 0.000000 0.000000     0.000000     1.331091 
2453396.014845 0.000000 0.000000     0.000000     1.331091 
2453397.687358 0.000000 0.000000     0.000000     1.331091 
2453399.359872 0.000000 0.000000     0.000000     1.331091 
2453401.032385 0.000000 0.000000     0.000000     1.331091 
2453402.704898 0.000000 0.000000    -0.000000     1.331091 
2453404.377411 0.000000 0.000000    -0.000000     1.331091 
2453406.049924 0.000000 0.000000    -0.000000     1.331091 
2453407.722437 0.000000 0.000000    -0.000000     1.331091 
2453409.394950 0.000000 0.000000    -0.000000     1.331091 
2453411.067463 0.000000 0.000000     0.000000     1.331091 
2453412.739976 0.000000 0.000000     0.000000     1.331091 
2453414.412489 0.000000 0.000000     0.000000     1.331091 
2453416.085002 0.000000 0.000000     0.000000     1.331091 
2453417.757516 0.000000 0.000000     0.000000     1.331091 
2453419.430029 0.000000 0.000000     0.000000     1.331091 
2453421.102542 0.000000 0.000000     0.000000     1.331091 
2453422.775055 0.000000 0.000000    -0.000000     1.331091 
2453424.447568 0.000000 0.000000    -0.000000     1.331091 
2453426.120081 0.000000 0.000000    -0.000000     1.331091 
2453427.792594 0.000000 0.000000    -0.000000     1.331091 
2453429.465107 0.000000 0.000000    -0.000000     1.331091 
2453431.137620 0.000000 0.000000    -0.000000     1.331091 
2453432.810133 0.000000 0.000000     0.000000     1.331091 
2453434.482647 0.000000 0.000000     0.000000     1.331091 
2453436.155160 0.000000 0.000000     0.000000     1.331091 
2453437.827673 0.000000 0.000000     0.000000     1.331091 
2453439.500186 0.000000 0.000000     0.000000     1.331091 
2453441.172699 0.000000 0.000000     0.000000     1.331091 
2453442.845212 0.000000 0.000000    -0.000000     1.331091 
2453444.517725 0.000000 0.000000    -0.000000     1.331091 
2453446.190238 0.000000 0.000000    -0.000000     1.331091 
2453447.862751 0.000000 0.000000    -0.000000     1.331091 
2453449.535264 0.000000 0.000000    -0.000000     1.331091 
2453451.207778 0.000000 0.000000    -0.000000     1.331091 
2453452.880291 0.000000 0.000000    -0.000000     1.331091 
2453454.552804 0.000000 0.000000    -0.000000     1.331091 
2453456.225317 0.000000 0.000000    -0.000000     1.331091 
2453457.897830 0.000000 0.000000    -0.000000     1.331091 
2453459.570343 0.000000 0.000000    -0.000000     1.331091 
2453461.242856 0.000000 0.000000    -0.000000     1.331091 
2453462.915369 0.000000 0.000000    -0.000000     1.331091 
2453464.587882 0.000000 0.000000    -0.000000     1.331091 
2453466.260395 0.000000 0.000000    -0.000000     1.331091 
2453467.932908 0.000000 0.000000    -0.000000     1.331091 
2453469.605422 0.000000 0.000000    -0.000000     1.331091 
2453471.277935 0.000000 0.000000    -0.000000     1.331091 
2453472.950448 0.000000 0.000000    -0.000000     1.331091 
2453474.622961 0.000000 0.000000    -0.000000     1.331091 
2453476.295474 0.000000 0.000000    -0.000000     1.331091 
2453477.967987 0.000000 0.000000    -0.000000     1.331091 
2453479.640500 0.000000 0.000000    -0.000000     1.331091 
2453481.313013 0.000000 0.000000    -0.000000     1.331091 
2453482.985526 0.000000 0.000000    -0.000000     1.331091 
2453484.658039 0.000000 0.000000    -0.000000     1.331091 
2453486.330553 0.000000 0.000000    -0.000000     1.331091 
2453488.003066 0.000000 0.000000    -0.000000     1.331091 
2453489.675579 0.000000 0.000000    -0.000000     1.331091 
2453491.348092 0.000000 0.000000    -0.000000     1.331091 
2453493.020605 0.000000 0.000000    -0.000000     1.331091 
2453494.693118 0.000000 0.000000    -0.000000     1.331091 
2453496.365631 0.000000 0.000000    -0.000000     1.331091 
2453498.038144 0.000000 0.000000    -0.000000     1.331091 
2453499.710657 0.000000 0.000000    -0.000000     1.331091 
2453501.383170 0.000000 0.000000    -0.000000     1.331091 
2453503.055684 0.000000 0.000000    -0.000000     1.331091 
2453504.728197 0.000000 0.000000    -0.000000     1.331091 
2453506.400710 0.000000 0.000000    -0.000000     1.331091 
2453508.073223 0.000000 0.000000    -0.000000     1.331091 
2453509.745736 0.000000 0.000000    -0.000000     1.331091 
2453511.418249 0.000000 0.000000    -0.000000     1.331091 
2453513.090762 0.000000 0.000000    -0.000000     1.331091 
2453514.763275 0.000000 0.000000    -0.000000     1.331091 
2453516.435788 0.000000 0.000000    -0.000000     1.331091 
2453518.108301 0.000000 0.000000    -0.000000     1.331091 
2453519.780814 0.000000 0.000000    -0.000000     1.331091 
2453521.453328 0.000000 0.000000    -0.000000     1.331091 
2453523.125841 0.000000 0.000000    -0.000000     1.331091 
2453524.798354 0.000000 0.000000    -0.000000     1.331091 
2453526.470867 0.000000 0.000000    -0.000000     1.331091 
2453528.143380 0.000000 0.000000    -0.000000     1.331091 
2453529.815893 0.000000 0.000000     0.000000     1.331091 
2453531.488406 0.000000 0.000000     0.000000     1.331091 
2453533.160919 0.000000 0.000000     0.000000     1.331091 
2453534.833432 0.000000 0.000000     0.000000     1.331091 
2453536.505945 0.000000 0.000000     0.000000     1.331091 
2453538.178459 0.000000 0.000000     0.000000     1.331091 
2453539.850972 0.000000 0.000000     0.000000     1.331091 
2453541.523485 0.000000 0.000000     0.000000     1.331091 
2453543.195998 0.000000 0.000000     0.000000     1.331091 
2453544.868511 0.000000 0.000000     0.000000     1.331091 
2453546.541024 0.000000 0.000000     0.000000     1.331091 
2453548.213537 0.000000 0.000000     0.000000     1.331091 
2453549.886050 0.000000 0.000000    -0.000000     1.331091 
2453551.558563 0.000000 0.000000    -0.000000     1.331091 
2453553.231076 0.000000 0.000000    -0.000000     1.331091 
2453554.903590 0.000000 0.000000    -0.000000     1.331091 
2453556.576103 0.000000 0.000000     0.000000     1.331091 
2453558.248616 0.000000 0.000000     0.000000     1.331091 
2453559.921129 0.000000 0.000000     0.000000     1.331091 
2453561.593642 0.000000 0.000000     0.000000     1.331091 
2453563.266155 0.000000 0.000000     0.000000     1.331091 
2453564.938668 0.000000 0.000000     0.000000     1.331091 
2453566.611181 0.000000 0.000000     0.000000     1.331091 
2453568.283694 0.000000 0.000000     0.000000     1.331091 
2453569.956207 0.000000 0.000000    -0.000000     1.331091 
2453571.628720 0.000000 0.000000    -0.000000     1.331091 
2453573.301234 0.000000 0.000000    -0.000000     1.331091 
2453574.973747 0.000000 0.000000    -0.000000     1.331091 
2453576.646260 0.000000 0.000000    -0.000000     1.331091 
2453578.318773 0.000000 0.000000     0.000000     1.331091 
2453579.991286 0.000000 0.000000     0.000000     1.331091 
2453581.663799 0.000000 0.000000     0.000000     1.331091 
2453583.336312 0.000000 0.000000     0.000000     1.331091 
2453585.008825 0.000000 0.000000     0.000000     1.331091 
2453586.681338 0.000000 0.000000     0.000000     1.331091 
2453588.353851 0.000000 0.000000     0.000000     1.331091 
2453590.026365 0.000000 0.000000    -0.000000     1.331091 
2453591.698878 0.000000 0.000000    -0.000000     1.331091 
2453593.371391 0.000000 0.000000    -0.000000     1.331091 
2453595.043904 0.000000 0.000000    -0.000000     1.331091 
2453596.716417 0.000000 0.000000    -0.000000     1.331091 
2453598.388930 0.000000 0.000000    -0.000000     1.331091 
2453600.061443 0.000000 0.000000     0.000000     1.331091 
2453601.733956 0.000000 0.000000     0.000000     1.331091 
2453603.406469 0.000000 0.000000     0.000000     1.331091 
2453605.078982 0.000000 0.000000     0.000000     1.331091 
2453606.751496 0.000000 0.000000     0.000000     1.331091 
2453608.424009 0.000000 0.000000     0.000000     1.331091 
2453610.096522 0.000000 0.000000    -0.000000     1.331091 
2453611.769035 0.000000 0.000000    -0.000000     1.331091 
2453613.441548 0.000000 0.000000    -0.000000     1.331091 
2453615.114061 0.000000 0.000000    -0.000000     1.331091 
2453616.786574 0.000000 0.000000    -0.000000     1.331091 
2453618.459087 0.000000 0.000000    -0.000000     1.331091 
2453620.131600 0.000000 0.000000    -0.000000     1.331091 
2453621.804113 0.000000 0.000000     0.000000     1.331091 
2453623.476627 0.000000 0.000000     0.000000     1.331091 
2453625.149140 0.000000 0.000000     0.000000     1.331091 
2453626.821653 0.000000 0.000000     0.000000     1.331091 
2453628.494166 0.000000 0.000000    -0.000000     1.331091 
2453630.166679 0.000000 0.000000    -0.000000     1.331091 
2453631.839192 0.000000 0.000000    -0.000000     1.331091 
2453633.511705 0.000000 0.000000    -0.000000     1.331091 
2453635.184218 0.000000 0.000000    -0.000000     1.331091 
2453636.856731 0.000000 0.000000    -0.000000     1.331091 
2453638.529244 0.000000 0.000000    -0.000000     1.331091 
2453640.201757 0.000000 0.000000    -0.000000     1.331091 
2453641.874271 0.000000 0.000000    -0.000000     1.331091 
2453643.546784 0.000000 0.000000    -0.000000     1.331091 
2453645.219297 0.000000 0.000000    -0.000000     1.331091 
2453646.891810 0.000000 0.000000    -0.000000     1.331091 
2453648.564323 0.000000 0.000000    -0.000000     1.331091 
2453650.236836 0.000000 0.000000    -0.000000     1.331091 
2453651.909349 0.000000 0.000000    -0.000000     1.331091 
2453653.581862 0.000000 0.000000    -0.000000     1.331091 
2453655.254375 0.000000 0.000000    -0.000000     1.331091 
2453656.926888 0.000000 0.000000    -0.000000     1.331091 
2453658.599402 0.000000 0.000000    -0.000000     1.331091 
2453660.271915 0.000000 0.000000    -0.000000     1.331091 
2453661.944428 0.000000 0.000000    -0.000000     1.331091 
2453663.616941 0.000000 0.000000    -0.000000     1.331091 
2453665.289454 0.000000 0.000000    -0.000000     1.331091 
2453666.961967 0.000000 0.000000    -0.000000     1.331091 
2453668.634480 0.000000 0.000000    -0.000000     1.331091 
2453670.306993 0.000000 0.000000    -0.000000     1.331091 
2453671.979506 0.000000 0.000000    -0.000000     1.331091 
2453673.652019 0.000000 0.000000    -0.000000     1.331091 
2453675.324533 0.000000 0.000000    -0.000000     1.331091 
2453676.997046 0.000000 0.000000    -0.000000     1.331091 
2453678.669559 0.000000 0.000000    -0.000000     1.331091 
2453680.342072 0.000000 0.000000    -0.000000     1.331091 
2453682.014585 0.000000 0.000000    -0.000000     1.331091 
2453683.687098 0.000000 0.000000    -0.000000     1.331091 
2453685.359611 0.000000 0.000000    -0.000000     1.331091 
2453687.032124 0.000000 0.000000    -0.000000     1.331091 
2453688.704637 0.000000 0.000000    -0.000000     1.331091 
2453690.377150 0.000000 0.000000    -0.000000     1.331091 
2453692.049663 0.000000 0.000000    -0.000000     1.331091 
2453693.722177 0.000000 0.000000    -0.000000     1.331091 
2453695.394690 0.000000 0.000000    -0.000000     1.331091 
2453697.067203 0.000000 0.000000    -0.000000     1.331091 
2453698.739716 0.000000 0.000000     0.000000     1.331091 
2453700.412229 0.000000 0.000000    -0.000000     1.331091 
2453702.084742 0.000000 0.000000    -0.000000     1.331091 
2453703.757255 0.000000 0.000000    -0.000000     1.331091 
2453705.429768 0.000000 0.000000    -0.000000     1.331091 
2453707.102281 0.000000 0.000000    -0.000000     1.331091 
2453708.774794 0.000000 0.000000    -0.000000     1.331091 
2453710.447308 0.000000 0.000000    -0.000000     1.331091 
2453712.119821 0.000000 0.000000    -0.000000     1.331091 
2453713.792334 0.000000 0.000000    -0.000000     1.331091 
2453715.464847 0.000000 0.000000    -0.000000     1.331091 
2453717.137360 0.000000 0.000000    -0.000000     1.331091 
2453718.809873 0.000000 0.000000     0.000000     1.331091 
2453720.482386 0.000000 0.000000    -0.000000     1.331091 
2453722.154899 0.000000 0.000000     0.000000     1.331091 
2453723.827412 0.000000 0.000000     0.000000     1.331091 
2453725.499925 0.000000 0.000000     0.000000     1.331091 
2453727.172439 0.000000 0.000000     0.000000     1.331091 
2453728.844952 0.000000 0.000000     0.000000     1.331091 
2453730.517465 0.000000 0.000000     0.000000     1.331091 
2453732.189978 0.000000 0.000000     0.000000     1.331091 
2453733.862491 0.000000 0.000000     0.000000     1.331091 
2453735.535004 0.000000 0.000000     0.000000     1.331091 
2453737.207517 0.000000 0.000000    -0.000000     1.331091 
2453738.880030 0.000000 0.000000    -0.000000     1.331091 
2453740.552543 0.000000 0.000000    -0.000000     1.331091 
2453742.225056 0.000000 0.000000    -0.000000     1.331091 
2453743.897569 0.000000 0.000000    -0.000000     1.331091 
2453745.570083 0.000000 0.000000     0.000000     1.331091 
2453747.242596 0.000000 0.000000     0.000000     1.331091 
2453748.915109 0.000000 0.000000     0.000000     1.331091 
2453750.587622 0.000000 0.000000     0.000000     1.331091 
2453752.260135 0.000000 0.000000     0.000000     1.331091 
2453753.932648 0.000000 0.000000     0.000000     1.331091 
2453755.605161 0.000000 0.000000     0.000000     1.331091 
2453757.277674 0.000000 0.000000    -0.000000     1.331091 
2453758.950187 0.000000 0.000000    -0.000000     1.331091 
2453760.622700 0.000000 0.000000    -0.000000     1.331091 
2453762.295214 0.000000 0.000000    -0.000000     1.331091 
2453763.967727 0.000000 0.000000    -0.000000     1.331091 
2453765.640240 0.000000 0.000000    -0.000000     1.331091 
2453767.312753 0.000000 0.000000     0.000000     1.331091 
2453768.985266 0.000000 0.000000     0.000000     1.331091 
2453770.657779 0.000000 0.000000     0.000000     1.331091 
2453772.330292 0.000000 0.000000     0.000000     1.331091 
2453774.002805 0.000000 0.000000     0.000000     1.331091 
2453775.675318 0.000000 0.000000     0.000000     1.331091 
2453777.347831 0.000000 0.000000     0.000000     1.331091 
2453779.020345 0.000000 0.000000    -0.000000     1.331091 
2453780.692858 0.000000 0.000000    -0.000000     1.331091 
2453782.365371 0.000000 0.000000    -0.000000     1.331091 
2453784.037884 0.000000 0.000000    -0.000000     1.331091 
2453785.710397 0.000000 0.000000    -0.000000     1.331091 
2453787.382910 0.000000 0.000000    -0.000000     1.331091 
2453789.055423 0.000000 0.000000     0.000000     1.331091 
2453790.727936 0.000000 0.000000     0.000000     1.331091 
2453792.400449 0.000000 0.000000     0.000000     1.331091 
2453794.072962 0.000000 0.000000     0.000000     1.331091 
2453795.745476 0.000000 0.000000     0.000000     1.331091 
2453797.417989 0.000000 0.000000     0.000000     1.331091 
2453799.090502 0.000000 0.000000    -0.000000     1.331091 
2453800.763015 0.000000 0.000000    -0.000000     1.331091 
2453802.435528 0.000000 0.000000    -0.000000     1.331091 
2453804.108041 0.000000 0.000000    -0.000000     1.331091 
2453805.780554 0.000000 0.000000    -0.000000     1.331091 
2453807.453067 0.000000 0.000000    -0.000000     1.331091 
2453809.125580 0.000000 0.000000    -0.000000     1.331091 
2453810.798093 0.000000 0.000000     0.000000     1.331091 
2453812.470606 0.000000 0.000000     0.000000     1.331091 
2453814.143120 0.000000 0.000000     0.000000     1.331091 
2453815.815633 0.000000 0.000000    -0.000000     1.331091 
2453817.488146 0.000000 0.000000    -0.000000     1.331091 
2453819.160659 0.000000 0.000000    -0.000000     1.331091 
2453820.833172 0.000000 0.000000    -0.000000     1.331091 
2453822.505685 0.000000 0.000000    -0.000000     1.331091 
2453824.178198 0.000000 0.000000    -0.000000     1.331091 
2453825.850711 0.000000 0.000000    -0.000000     1.331091 
2453827.523224 0.000000 0.000000    -0.000000     1.331091 
2453829.195737 0.000000 0.000000    -0.000000     1.331091 
2453830.868251 0.000000 0.000000    -0.000000     1.331091 
2453832.540764 0.000000 0.000000    -0.000000     1.331091 
2453834.213277 0.000000 0.000000    -0.000000     1.331091 
2453835.885790 0.000000 0.000000    -0.000000     1.331091 
2453837.558303 0.000000 0.000000    -0.000000     1.331091 
2453839.230816 0.000000 0.000000    -0.000000     1.331091 
2453840.903329 0.000000 0.000000    -0.000000     1.331091 
2453842.575842 0.000000 0.000000    -0.000000     1.331091 
2453844.248355 0.000000 0.000000    -0.000000     1.331091 
2453845.920868 0.000000 0.000000    -0.000000     1.331091 
2453847.593382 0.000000 0.000000    -0.000000     1.331091 
2453849.265895 0.000000 0.000000    -0.000000     1.331091 
2453850.938408 0.000000 0.000000    -0.000000     1.331091 
2453852.610921 0.000000 0.000000    -0.000000     1.331091 
2453854.283434 0.000000 0.000000    -0.000000     1.331091 
2453855.955947 0.000000 0.000000    -0.000000     1.331091 
2453857.628460 0.000000 0.000000    -0.000000     1.331091 
2453859.300973 0.000000 0.000000    -0.000000     1.331091 
2453860.973486 0.000000 0.000000    -0.000000     1.331091 
2453862.645999 0.000000 0.000000    -0.000000     1.331091 
2453864.318512 0.000000 0.000000    -0.000000     1.331091 
2453865.991026 0.000000 0.000000    -0.000000     1.331091 
2453867.663539 0.000000 0.000000    -0.000000     1.331091 
2453869.336052 0.000000 0.000000    -0.000000     1.331091 
2453871.008565 0.000000 0.000000    -0.000000     1.331091 
2453872.681078 0.000000 0.000000    -0.000000     1.331091 
2453874.353591 0.000000 0.000000    -0.000000     1.331091 
2453876.026104 0.000000 0.000000    -0.000000     1.331091 
2453877.698617 0.000000 0.000000    -0.000000     1.331091 
2453879.371130 0.000000 0.000000    -0.000000     1.331091 
2453881.043643 0.000000 0.000000    -0.000000     1.331091 
2453882.716157 0.000000 0.000000    -0.000000     1.331091 
2453884.388670 0.000000 0.000000    -0.000000     1.331091 
2453886.061183 0.000000 0.000000     0.000000     1.331091 
2453887.733696 0.000000 0.000000     0.000000     1.331091 
2453889.406209 0.000000 0.000000     0.000000     1.331091 
2453891.078722 0.000000 0.000000     0.000000     1.331091 
2453892.751235 0.000000 0.000000     0.000000     1.331091 
2453894.423748 0.000000 0.000000     0.000000     1.331091 
2453896.096261 0.000000 0.000000     0.000000     1.331091 
2453897.768774 0.000000 0.000000    -0.000000     1.331091 
2453899.441288 0.000000 0.000000    -0.000000     1.331091 
2453901.113801 0.000000 0.000000    -0.000000     1.331091 
2453902.786314 0.000000 0.000000    -0.000000     1.331091 
2453904.458827 0.000000 0.000000    -0.000000     1.331091 
2453906.131340 0.000000 0.000000    -0.000000     1.331091 
2453907.803853 0.000000 0.000000    -0.000000     1.331091 
2453909.476366 0.000000 0.000000    -0.000000     1.331091 
2453911.148879 0.000000 0.000000     0.000000     1.331091 
2453912.821392 0.000000 0.000000     0.000000     1.331091 
2453914.493905 0.000000 0.000000     0.000000     1.331091 
2453916.166418 0.000000 0.000000     0.000000     1.331091 
2453917.838932 0.000000 0.000000     0.000000     1.331091 
2453919.511445 0.000000 0.000000     0.000000     1.331091 
2453921.183958 0.000000 0.000000     0.000000     1.331091 
2453922.856471 0.000000 0.000000     0.000000     1.331091 
2453924.528984 0.000000 0.000000     0.000000     1.331091 
2453926.201497 0.000000 0.000000    -0.000000     1.331091 
2453927.874010 0.000000 0.000000    -0.000000     1.331091 
2453929.546523 0.000000 0.000000    -0.000000     1.331091 
2453931.219036 0.000000 0.000000    -0.000000     1.331091 
2453932.891549 0.000000 0.000000    -0.000000     1.331091 
2453934.564063 0.000000 0.000000     0.000000     1.331091 
2453936.236576 0.000000 0.000000     0.000000     1.331091 
2453937.909089 0.000000 0.000000     0.000000     1.331091 
2453939.581602 0.000000 0.000000     0.000000     1.331091 
2453941.254115 0.000000 0.000000     0.000000     1.331091 
2453942.926628 0.000000 0.000000     0.000000     1.331091 
2453944.599141 0.000000 0.000000     0.000000     1.331091 
2453946.271654 0.000000 0.000000    -0.000000     1.331091 
2453947.944167 0.000000 0.000000    -0.000000     1.331091 
2453949.616680 0.000000 0.000000    -0.000000     1.331091 
2453951.289194 0.000000 0.000000    -0.000000     1.331091 
2453952.961707 0.000000 0.000000    -0.000000     1.331091 
2453954.634220 0.000000 0.000000    -0.000000     1.331091 
2453956.306733 0.000000 0.000000     0.000000     1.331091 
2453957.979246 0.000000 0.000000     0.000000     1.331091 
2453959.651759 0.000000 0.000000     0.000000     1.331091 
2453961.324272 0.000000 0.000000     0.000000     1.331091 
2453962.996785 0.000000 0.000000     0.000000     1.331091 
2453964.669298 0.000000 0.000000     0.000000     1.331091 
2453966.341811 0.000000 0.000000    -0.000000     1.331091 
2453968.014325 0.000000 0.000000    -0.000000     1.331091 
2453969.686838 0.000000 0.000000    -0.000000     1.331091 
2453971.359351 0.000000 0.000000    -0.000000     1.331091 
2453973.031864 0.000000 0.000000    -0.000000     1.331091 
2453974.704377 0.000000 0.000000    -0.000000     1.331091 
2453976.376890 0.000000 0.000000    -0.000000     1.331091 
2453978.049403 0.000000 0.000000     0.000000     1.331091 
2453979.721916 0.000000 0.000000     0.000000     1.331091 
2453981.394429 0.000000 0.000000     0.000000     1.331091 
2453983.066942 0.000000 0.000000     0.000000     1.331091 
2453984.739455 0.000000 0.000000     0.000000     1.331091 
2453986.411969 0.000000 0.000000    -0.000000     1.331091 
2453988.084482 0.000000 0.000000    -0.000000     1.331091 
2453989.756995 0.000000 0.000000    -0.000000     1.331091 
2453991.429508 0.000000 0.000000    -0.000000     1.331091 
2453993.102021 0.000000 0.000000    -0.000000     1.331091 
2453994.774534 0.000000 0.000000    -0.000000     1.331091 
2453996.447047 0.000000 0.000000    -0.000000     1.331091 
2453998.119560 0.000000 0.000000    -0.000000     1.331091 
2453999.792073 0.000000 0.000000    -0.000000     1.331091 
2454001.464586 0.000000 0.000000    -0.000000     1.331091 
2454003.137100 0.000000 0.000000    -0.000000     1.331091 
2454004.809613 0.000000 0.000000    -0.000000     1.331091 
2454006.482126 0.000000 0.000000    -0.000000     1.331091 
2454008.154639 0.000000 0.000000    -0.000000     1.331091 
2454009.827152 0.000000 0.000000    -0.000000     1.331091 
2454011.499665 0.000000 0.000000    -0.000000     1.331091 
2454013.172178 0.000000 0.000000    -0.000000     1.331091 
2454014.844691 0.000000 0.000000    -0.000000     1.331091 
2454016.517204 0.000000 0.000000    -0.000000     1.331091 
2454018.189717 0.000000 0.000000    -0.000000     1.331091 
2454019.862231 0.000000 0.000000    -0.000000     1.331091 
2454021.534744 0.000000 0.000000    -0.000000     1.331091 
2454023.207257 0.000000 0.000000    -0.000000     1.331091 
2454024.879770 0.000000 0.000000    -0.000000     1.331091 
2454026.552283 0.000000 0.000000    -0.000000     1.331091 
2454028.224796 0.000000 0.000000    -0.000000     1.331091 
2454029.897309 0.000000 0.000000    -0.000000     1.331091 
2454031.569822 0.000000 0.000000    -0.000000     1.331091 
2454033.242335 0.000000 0.000000    -0.000000     1.331091 
2454034.914848 0.000000 0.000000    -0.000000     1.331091 
2454036.587361 0.000000 0.000000    -0.000000     1.331091 
2454038.259875 0.000000 0.000000    -0.000000     1.331091 
2454039.932388 0.000000 0.000000    -0.000000     1.331091 
2454041.604901 0.000000 0.000000    -0.000000     1.331091 
2454043.277414 0.000000 0.000000    -0.000000     1.331091 
2454044.949927 0.000000 0.000000    -0.000000     1.331091 
2454046.622440 0.000000 0.000000    -0.000000     1.331091 
2454048.294953 0.000000 0.000000    -0.000000     1.331091 
2454049.967466 0.000000 0.000000    -0.000000     1.331091 
2454051.639979 0.000000 0.000000    -0.000000     1.331091 
2454053.312492 0.000000 0.000000    -0.000000     1.331091 
2454054.985006 0.000000 0.000000    -0.000000     1.331091 
2454056.657519 0.000000 0.000000    -0.000000     1.331091 
2454058.330032 0.000000 0.000000    -0.000000     1.331091 
2454060.002545 0.000000 0.000000    -0.000000     1.331091 
2454061.675058 0.000000 0.000000    -0.000000     1.331091 
2454063.347571 0.000000 0.000000    -0.000000     1.331091 
2454065.020084 0.000000 0.000000    -0.000000     1.331091 
2454066.692597 0.000000 0.000000    -0.000000     1.331091 
2454068.365110 0.000000 0.000000    -0.000000     1.331091 
2454070.037623 0.000000 0.000000    -0.000000     1.331091 
2454071.710137 0.000000 0.000000    -0.000000     1.331091 
2454073.382650 0.000000 0.000000    -0.000000     1.331091 
2454075.055163 0.000000 0.000000     0.000000     1.331091 
2454076.727676 0.000000 0.000000     0.000000     1.331091 
2454078.400189 0.000000 0.000000     0.000000     1.331091 
2454080.072702 0.000000 0.000000     0.000000     1.331091 
2454081.745215 0.000000 0.000000     0.000000     1.331091 
2454083.417728 0.000000 0.000000     0.000000     1.331091 
2454085.090241 0.000000 0.000000     0.000000     1.331091 
2454086.762754 0.000000 0.000000     0.000000     1.331091 
2454088.435267 0.000000 0.000000     0.000000     1.331091 
2454090.107781 0.000000 0.000000     0.000000     1.331091 
2454091.780294 0.000000 0.000000     0.000000     1.331091 
2454093.452807 0.000000 0.000000    -0.000000     1.331091 
2454095.125320 0.000000 0.000000    -0.000000     1.331091 
2454096.797833 0.000000 0.000000    -0.000000     1.331091 
2454098.470346 0.000000 0.000000    -0.000000     1.331091 
2454100.142859 0.000000 0.000000     0.000000     1.331091 
2454101.815372 0.000000 0.000000     0.000000     1.331091 
2454103.487885 0.000000 0.000000     0.000000     1.331091 
2454105.160398 0.000000 0.000000     0.000000     1.331091 
2454106.832912 0.000000 0.000000     0.000000     1.331091 
2454108.505425 0.000000 0.000000     0.000000     1.331091 
2454110.177938 0.000000 0.000000     0.000000     1.331091 
2454111.850451 0.000000 0.000000     0.000000     1.331091 
2454113.522964 0.000000 0.000000    -0.000000     1.331091 
2454115.195477 0.000000 0.000000    -0.000000     1.331091 
2454116.867990 0.000000 0.000000    -0.000000     1.331091 
2454118.540503 0.000000 0.000000    -0.000000     1.331091 
2454120.213016 0.000000 0.000000    -0.000000     1.331091 
2454121.885529 0.000000 0.000000    -0.000000     1.331091 
2454123.558043 0.000000 0.000000     0.000000     1.331091 
2454125.230556 0.000000 0.000000     0.000000     1.331091 
2454126.903069 0.000000 0.000000     0.000000     1.331091 
2454128.575582 0.000000 0.000000     0.000000     1.331091 
2454130.248095 0.000000 0.000000     0.000000     1.331091 
2454131.920608 0.000000 0.000000     0.000000     1.331091 
2454133.593121 0.000000 0.000000     0.000000     1.331091 
2454135.265634 0.000000 0.000000    -0.000000     1.331091 
2454136.938147 0.000000 0.000000    -0.000000     1.331091 
2454138.610660 0.000000 0.000000    -0.000000     1.331091 
2454140.283173 0.000000 0.000000    -0.000000     1.331091 
2454141.955687 0.000000 0.000000    -0.000000     1.331091 
2454143.628200 0.000000 0.000000    -0.000000     1.331091 
2454145.300713 0.000000 0.000000     0.000000     1.331091 
2454146.973226 0.000000 0.000000     0.000000     1.331091 
2454148.645739 0.000000 0.000000     0.000000     1.331091 
2454150.318252 0.000000 0.000000     0.000000     1.331091 
2454151.990765 0.000000 0.000000     0.000000     1.331091 
2454153.663278 0.000000 0.000000     0.000000     1.331091 
2454155.335791 0.000000 0.000000    -0.000000     1.331091 
2454157.008304 0.000000 0.000000    -0.000000     1.331091 
2454158.680818 0.000000 0.000000    -0.000000     1.331091 
2454160.353331 0.000000 0.000000    -0.000000     1.331091 
2454162.025844 0.000000 0.000000    -0.000000     1.331091 
2454163.698357 0.000000 0.000000    -0.000000     1.331091 
2454165.370870 0.000000 0.000000    -0.000000     1.331091 
2454167.043383 0.000000 0.000000     0.000000     1.331091 
2454168.715896 0.000000 0.000000     0.000000     1.331091 
2454170.388409 0.000000 0.000000     0.000000     1.331091 
2454172.060922 0.000000 0.000000     0.000000     1.331091 
2454173.733435 0.000000 0.000000    -0.000000     1.331091 
2454175.405949 0.000000 0.000000    -0.000000     1.331091 
2454177.078462 0.000000 0.000000    -0.000000     1.331091 
2454178.750975 0.000000 0.000000    -0.000000     1.331091 
2454180.423488 0.000000 0.000000    -0.000000     1.331091 
2454182.096001 0.000000 0.000000    -0.000000     1.331091 
2454183.768514 0.000000 0.000000    -0.000000     1.331091 
2454185.441027 0.000000 0.000000    -0.000000     1.331091 
2454187.113540 0.000000 0.000000    -0.000000     1.331091 
2454188.786053 0.000000 0.000000    -0.000000     1.331091 
2454190.458566 0.000000 0.000000    -0.000000     1.331091 
2454192.131080 0.000000 0.000000    -0.000000     1.331091 
2454193.803593 0.000000 0.000000    -0.000000     1.331091 
2454195.476106 0.000000 0.000000    -0.000000     1.331091 
2454197.148619 0.000000 0.000000    -0.000000     1.331091 
2454198.821132 0.000000 0.000000    -0.000000     1.331091 
2454200.493645 0.000000 0.000000    -0.000000     1.331091 
2454202.166158 0.000000 0.000000    -0.000000     1.331091 
2454203.838671 0.000000 0.000000    -0.000000     1.331091 
2454205.511184 0.000000 0.000000    -0.000000     1.331091 
2454207.183697 0.000000 0.000000    -0.000000     1.331091 
2454208.856210 0.000000 0.000000    -0.000000     1.331091 
2454210.528724 0.000000 0.000000    -0.000000     1.331091 
2454212.201237 0.000000 0.000000    -0.000000     1.331091 
2454213.873750 0.000000 0.000000    -0.000000     1.331091 
2454215.546263 0.000000 0.000000    -0.000000     1.331091 
2454217.218776 0.000000 0.000000    -0.000000     1.331091 
2454218.891289 0.000000 0.000000    -0.000000     1.331091 
2454220.563802 0.000000 0.000000    -0.000000     1.331091 
2454222.236315 0.000000 0.000000    -0.000000     1.331091 
2454223.908828 0.000000 0.000000    -0.000000     1.331091 
2454225.581341 0.000000 0.000000    -0.000000     1.331091 
2454227.253855 0.000000 0.000000    -0.000000     1.331091 
2454228.926368 0.000000 0.000000    -0.000000     1.331091 
2454230.598881 0.000000 0.000000    -0.000000     1.331091 
2454232.271394 0.000000 0.000000    -0.000000     1.331091 
2454233.943907 0.000000 0.000000    -0.000000     1.331091 
2454235.616420 0.000000 0.000000    -0.000000     1.331091 
2454237.288933 0.000000 0.000000    -0.000000     1.331091 
2454238.961446 0.000000 0.000000    -0.000000     1.331091 
2454240.633959 0.000000 0.000000    -0.000000     1.331091 
2454242.306472 0.000000 0.000000    -0.000000     1.331091 
2454243.978986 0.000000 0.000000    -0.000000     1.331091 
2454245.651499 0.000000 0.000000    -0.000000     1.331091 
2454247.324012 0.000000 0.000000    -0.000000     1.331091 
2454248.996525 0.000000 0.000000    -0.000000     1.331091 
2454250.669038 0.000000 0.000000    -0.000000     1.331091 
2454252.341551 0.000000 0.000000    -0.000000     1.331091 
2454254.014064 0.000000 0.000000    -0.000000     1.331091 
2454255.686577 0.000000 0.000000    -0.000000     1.331091 
2454257.359090 0.000000 0.000000    -0.000000     1.331091 
2454259.031603 0.000000 0.000000    -0.000000     1.331091 
2454260.704116 0.000000 0.000000    -0.000000     1.331091 
2454262.376630 0.000000 0.000000     0.000000     1.331091 
2454264.049143 0.000000 0.000000     0.000000     1.331091 
2454265.721656 0.000000 0.000000     0.000000     1.331091 
2454267.394169 0.000000 0.000000     0.000000     1.331091 
2454269.066682 0.000000 0.000000     0.000000     1.331091 
2454270.739195 0.000000 0.000000     0.000000     1.331091 
2454272.411708 0.000000 0.000000     0.000000     1.331091 
2454274.084221 0.000000 0.000000     0.000000     1.331091 
2454275.756734 0.000000 0.000000     0.000000     1.331091 
2454277.429247 0.000000 0.000000     0.000000     1.331091 
2454279.101761 0.000000 0.000000     0.000000     1.331091 
2454280.774274 0.000000 0.000000     0.000000     1.331091 
2454282.446787 0.000000 0.000000    -0.000000     1.331091 
2454284.119300 0.000000 0.000000    -0.000000     1.331091 
2454285.791813 0.000000 0.000000    -0.000000     1.331091 
2454287.464326 0.000000 0.000000    -0.000000     1.331091 
2454289.136839 0.000000 0.000000     0.000000     1.331091 
2454290.809352 0.000000 0.000000     0.000000     1.331091 
2454292.481865 0.000000 0.000000     0.000000     1.331091 
2454294.154378 0.000000 0.000000     0.000000     1.331091 
2454295.826892 0.000000 0.000000     0.000000     1.331091 
2454297.499405 0.000000 0.000000     0.000000     1.331091 
2454299.171918 0.000000 0.000000     0.000000     1.331091 
2454300.844431 0.000000 0.000000     0.000000     1.331091 
2454302.516944 0.000000 0.000000    -0.000000     1.331091 
2454304.189457 0.000000 0.000000    -0.000000     1.331091 
2454305.861970 0.000000 0.000000    -0.000000     1.331091 
2454307.534483 0.000000 0.000000    -0.000000     1.331091 
2454309.206996 0.000000 0.000000    -0.000000     1.331091 
2454310.879509 0.000000 0.000000     0.000000     1.331091 
2454312.552022 0.000000 0.000000     0.000000     1.331091 
2454314.224536 0.000000 0.000000     0.000000     1.331091 
2454315.897049 0.000000 0.000000     0.000000     1.331091 
2454317.569562 0.000000 0.000000     0.000000     1.331091 
2454319.242075 0.000000 0.000000     0.000000     1.331091 
2454320.914588 0.000000 0.000000     0.000000     1.331091 
2454322.587101 0.000000 0.000000    -0.000000     1.331091 
2454324.259614 0.000000 0.000000    -0.000000     1.331091 
2454325.932127 0.000000 0.000000    -0.000000     1.331091 
2454327.604640 0.000000 0.000000    -0.000000     1.331091 
2454329.277153 0.000000 0.000000    -0.000000     1.331091 
2454330.949667 0.000000 0.000000    -0.000000     1.331091 
2454332.622180 0.000000 0.000000     0.000000     1.331091 
2454334.294693 0.000000 0.000000     0.000000     1.331091 
2454335.967206 0.000000 0.000000     0.000000     1.331091 
2454337.639719 0.000000 0.000000     0.000000     1.331091 
2454339.312232 0.000000 0.000000     0.000000     1.331091 
2454340.984745 0.000000 0.000000     0.000000     1.331091 
2454342.657258 0.000000 0.000000    -0.000000     1.331091 
2454344.329771 0.000000 0.000000    -0.000000     1.331091 
2454346.002284 0.000000 0.000000    -0.000000     1.331091 
2454347.674798 0.000000 0.000000    -0.000000     1.331091 
2454349.347311 0.000000 0.000000    -0.000000     1.331091 
2454351.019824 0.000000 0.000000    -0.000000     1.331091 
2454352.692337 0.000000 0.000000    -0.000000     1.331091 
2454354.364850 0.000000 0.000000    -0.000000     1.331091 
2454356.037363 0.000000 0.000000     0.000000     1.331091 
2454357.709876 0.000000 0.000000     0.000000     1.331091 
2454359.382389 0.000000 0.000000    -0.000000     1.331091 
2454361.054902 0.000000 0.000000    -0.000000     1.331091 
2454362.727415 0.000000 0.000000    -0.000000     1.331091 
2454364.399929 0.000000 0.000000    -0.000000     1.331091 
2454366.072442 0.000000 0.000000    -0.000000     1.331091 
2454367.744955 0.000000 0.000000    -0.000000     1.331091 
2454369.417468 0.000000 0.000000    -0.000000     1.331091 
2454371.089981 0.000000 0.000000    -0.000000     1.331091 
2454372.762494 0.000000 0.000000    -0.000000     1.331091 
2454374.435007 0.000000 0.000000    -0.000000     1.331091 
2454376.107520 0.000000 0.000000    -0.000000     1.331091 
2454377.780033 0.000000 0.000000    -0.000000     1.331091 
2454379.452546 0.000000 0.000000    -0.000000     1.331091 
2454381.125059 0.000000 0.000000    -0.000000     1.331091 
2454382.797573 0.000000 0.000000    -0.000000     1.331091 
2454384.470086 0.000000 0.000000    -0.000000     1.331091 
2454386.142599 0.000000 0.000000    -0.000000     1.331091 
2454387.815112 0.000000 0.000000    -0.000000     1.331091 
2454389.487625 0.000000 0.000000    -0.000000     1.331091 
2454391.160138 0.000000 0.000000    -0.000000     1.331091 
2454392.832651 0.000000 0.000000    -0.000000     1.331091 
2454394.505164 0.000000 0.000000    -0.000000     1.331091 
2454396.177677 0.000000 0.000000    -0.000000     1.331091 
2454397.850190 0.000000 0.000000    -0.000000     1.331091 
2454399.522704 0.000000 0.000000    -0.000000     1.331091 
2454401.195217 0.000000 0.000000    -0.000000     1.331091 
2454402.867730 0.000000 0.000000    -0.000000     1.331091 
2454404.540243 0.000000 0.000000    -0.000000     1.331091 
2454406.212756 0.000000 0.000000    -0.000000     1.331091 
2454407.885269 0.000000 0.000000    -0.000000     1.331091 
2454409.557782 0.000000 0.000000    -0.000000     1.331091 
2454411.230295 0.000000 0.000000    -0.000000     1.331091 
2454412.902808 0.000000 0.000000    -0.000000     1.331091 
2454414.575321 0.000000 0.000000    -0.000000     1.331091 
2454416.247835 0.000000 0.000000    -0.000000     1.331091 
2454417.920348 0.000000 0.000000    -0.000000     1.331091 
2454419.592861 0.000000 0.000000    -0.000000     1.331091 
2454421.265374 0.000000 0.000000    -0.000000     1.331091 
2454422.937887 0.000000 0.000000    -0.000000     1.331091 
2454424.610400 0.000000 0.000000    -0.000000     1.331091 
2454426.282913 0.000000 0.000000    -0.000000     1.331091 
2454427.955426 0.000000 0.000000    -0.000000     1.331091 
2454429.627939 0.000000 0.000000    -0.000000     1.331091 
2454431.300452 0.000000 0.000000     0.000000     1.331091 
2454432.972965 0.000000 0.000000     0.000000     1.331091 
2454434.645479 0.000000 0.000000     0.000000     1.331091 
2454436.317992 0.000000 0.000000     0.000000     1.331091 
2454437.990505 0.000000 0.000000     0.000000     1.331091 
2454439.663018 0.000000 0.000000    -0.000000     1.331091 
2454441.335531 0.000000 0.000000    -0.000000     1.331091 
2454443.008044 0.000000 0.000000    -0.000000     1.331091 
2454444.680557 0.000000 0.000000    -0.000000     1.331091 
2454446.353070 0.000000 0.000000    -0.000000     1.331091 
2454448.025583 0.000000 0.000000    -0.000000     1.331091 
2454449.698096 0.000000 0.000000    -0.000000     1.331091 
2454451.370610 0.000000 0.000000    -0.000000     1.331091 
2454453.043123 0.000000 0.000000    -0.000000     1.331091 
2454454.715636 0.000000 0.000000    -0.000000     1.331091 
2454456.388149 0.000000 0.000000     0.000000     1.331091 
2454458.060662 0.000000 0.000000     0.000000     1.331091 
2454459.733175 0.000000 0.000000     0.000000     1.331091 
2454461.405688 0.000000 0.000000     0.000000     1.331091 
2454463.078201 0.000000 0.000000     0.000000     1.331091 
2454464.750714 0.000000 0.000000     0.000000     1.331091 
2454466.423227 0.000000 0.000000     0.000000     1.331091 
2454468.095741 0.000000 0.000000     0.000000     1.331091 
2454469.768254 0.000000 0.000000    -0.000000     1.331091 
2454471.440767 0.000000 0.000000    -0.000000     1.331091 
2454473.113280 0.000000 0.000000    -0.000000     1.331091 
2454474.785793 0.000000 0.000000    -0.000000     1.331091 
2454476.458306 0.000000 0.000000    -0.000000     1.331091 
2454478.130819 0.000000 0.000000     0.000000     1.331091 
2454479.803332 0.000000 0.000000     0.000000     1.331091 
2454481.475845 0.000000 0.000000     0.000000     1.331091 
2454483.148358 0.000000 0.000000     0.000000     1.331091 
2454484.820871 0.000000 0.000000     0.000000     1.331091 
2454486.493385 0.000000 0.000000     0.000000     1.331091 
2454488.165898 0.000000 0.000000     0.000000     1.331091 
2454489.838411 0.000000 0.000000     0.000000     1.331091 
2454491.510924 0.000000 0.000000    -0.000000     1.331091 
2454493.183437 0.000000 0.000000    -0.000000     1.331091 
2454494.855950 0.000000 0.000000    -0.000000     1.331091 
2454496.528463 0.000000 0.000000    -0.000000     1.331091 
2454498.200976 0.000000 0.000000    -0.000000     1.331091 
2454499.873489 0.000000 0.000000     0.000000     1.331091 
2454501.546002 0.000000 0.000000     0.000000     1.331091 
2454503.218516 0.000000 0.000000     0.000000     1.331091 
2454504.891029 0.000000 0.000000     0.000000     1.331091 
2454506.563542 0.000000 0.000000     0.000000     1.331091 
2454508.236055 0.000000 0.000000     0.000000     1.331091 
2454509.908568 0.000000 0.000000     0.000000     1.331091 
2454511.581081 0.000000 0.000000    -0.000000     1.331091 
2454513.253594 0.000000 0.000000    -0.000000     1.331091 
2454514.926107 0.000000 0.000000    -0.000000     1.331091 
2454516.598620 0.000000 0.000000    -0.000000     1.331091 
2454518.271133 0.000000 0.000000    -0.000000     1.331091 
2454519.943647 0.000000 0.000000    -0.000000     1.331091 
2454521.616160 0.000000 0.000000     0.000000     1.331091 
2454523.288673 0.000000 0.000000     0.000000     1.331091 
2454524.961186 0.000000 0.000000     0.000000     1.331091 
2454526.633699 0.000000 0.000000     0.000000     1.331091 
2454528.306212 0.000000 0.000000     0.000000     1.331091 
2454529.978725 0.000000 0.000000     0.000000     1.331091 
2454531.651238 0.000000 0.000000    -0.000000     1.331091 
2454533.323751 0.000000 0.000000    -0.000000     1.331091 
2454534.996264 0.000000 0.000000    -0.000000     1.331091 
2454536.668778 0.000000 0.000000    -0.000000     1.331091 
2454538.341291 0.000000 0.000000    -0.000000     1.331091 
2454540.013804 0.000000 0.000000    -0.000000     1.331091 
2454541.686317 0.000000 0.000000    -0.000000     1.331091 
2454543.358830 0.000000 0.000000    -0.000000     1.331091 
2454545.031343 0.000000 0.000000     0.000000     1.331091 
2454546.703856 0.000000 0.000000    -0.000000     1.331091 
2454548.376369 0.000000 0.000000    -0.000000     1.331091 
2454550.048882 0.000000 0.000000    -0.000000     1.331091 
2454551.721395 0.000000 0.000000    -0.000000     1.331091 
2454553.393908 0.000000 0.000000    -0.000000     1.331091 
2454555.066422 0.000000 0.000000    -0.000000     1.331091 
2454556.738935 0.000000 0.000000    -0.000000     1.331091 
2454558.411448 0.000000 0.000000    -0.000000     1.331091 
2454560.083961 0.000000 0.000000    -0.000000     1.331091 
2454561.756474 0.000000 0.000000    -0.000000     1.331091 
2454563.428987 0.000000 0.000000    -0.000000     1.331091 
2454565.101500 0.000000 0.000000    -0.000000     1.331091 
2454566.774013 0.000000 0.000000    -0.000000     1.331091 
2454568.446526 0.000000 0.000000    -0.000000     1.331091 
2454570.119039 0.000000 0.000000    -0.000000     1.331091 
2454571.791553 0.000000 0.000000    -0.000000     1.331091 
2454573.464066 0.000000 0.000000    -0.000000     1.331091 
2454575.136579 0.000000 0.000000    -0.000000     1.331091 
2454576.809092 0.000000 0.000000    -0.000000     1.331091 
2454578.481605 0.000000 0.000000    -0.000000     1.331091 
2454580.154118 0.000000 0.000000    -0.000000     1.331091 
2454581.826631 0.000000 0.000000    -0.000000     1.331091 
2454583.499144 0.000000 0.000000    -0.000000     1.331091 
2454585.171657 0.000000 0.000000    -0.000000     1.331091 
2454586.844170 0.000000 0.000000    -0.000000     1.331091 
2454588.516684 0.000000 0.000000    -0.000000     1.331091 
2454590.189197 0.000000 0.000000    -0.000000     1.331091 
2454591.861710 0.000000 0.000000    -0.000000     1.331091 
2454593.534223 0.000000 0.000000    -0.000000     1.331091 
2454595.206736 0.000000 0.000000    -0.000000     1.331091 
2454596.879249 0.000000 0.000000    -0.000000     1.331091 
2454598.551762 0.000000 0.000000    -0.000000     1.331091 
2454600.224275 0.000000 0.000000    -0.000000     1.331091 
2454601.896788 0.000000 0.000000    -0.000000     1.331091 
2454603.569301 0.000000 0.000000    -0.000000     1.331091 
2454605.241814 0.000000 0.000000    -0.000000     1.331091 
2454606.914328 0.000000 0.000000    -0.000000     1.331091 
2454608.586841 0.000000 0.000000    -0.000000     1.331091 
2454610.259354 0.000000 0.000000    -0.000000     1.331091 
2454611.931867 0.000000 0.000000    -0.000000     1.331091 
2454613.604380 0.000000 0.000000    -0.000000     1.331091 
2454615.276893 0.000000 0.000000    -0.000000     1.331091 
2454616.949406 0.000000 0.000000    -0.000000     1.331091 
2454618.621919 0.000000 0.000000     0.000000     1.331091 
2454620.294432 0.000000 0.000000     0.000000     1.331091 
2454621.966945 0.000000 0.000000     0.000000     1.331091 
2454623.639459 0.000000 0.000000     0.000000     1.331091 
2454625.311972 0.000000 0.000000     0.000000     1.331091 
2454626.984485 0.000000 0.000000     0.000000     1.331091 
2454628.656998 0.000000 0.000000     0.000000     1.331091 
2454630.329511 0.000000 0.000000     0.000000     1.331091 
2454632.002024 0.000000 0.000000     0.000000     1.331091 
2454633.674537 0.000000 0.000000     0.000000     1.331091 
2454635.347050 0.000000 0.000000     0.000000     1.331091 
2454637.019563 0.000000 0.000000    -0.000000     1.331091 
2454638.692076 0.000000 0.000000    -0.000000     1.331091 
2454640.364590 0.000000 0.000000    -0.000000     1.331091 
2454642.037103 0.000000 0.000000    -0.000000     1.331091 
2454643.709616 0.000000 0.000000    -0.000000     1.331091 
2454645.382129 0.000000 0.000000     0.000000     1.331091 
2454647.054642 0.000000 0.000000     0.000000     1.331091 
2454648.727155 0.000000 0.000000     0.000000     1.331091 
2454650.399668 0.000000 0.000000     0.000000     1.331091 
2454652.072181 0.000000 0.000000     0.000000     1.331091 
2454653.744694 0.000000 0.000000     0.000000     1.331091 
2454655.417207 0.000000 0.000000     0.000000     1.331091 
2454657.089720 0.000000 0.000000     0.000000     1.331091 
2454658.762234 0.000000 0.000000    -0.000000     1.331091 
2454660.434747 0.000000 0.000000    -0.000000     1.331091 
2454662.107260 0.000000 0.000000    -0.000000     1.331091 
2454663.779773 0.000000 0.000000    -0.000000     1.331091 
2454665.452286 0.000000 0.000000    -0.000000     1.331091 
2454667.124799 0.000000 0.000000     0.000000     1.331091 
2454668.797312 0.000000 0.000000     0.000000     1.331091 
2454670.469825 0.000000 0.000000     0.000000     1.331091 
2454672.142338 0.000000 0.000000     0.000000     1.331091 
2454673.814851 0.000000 0.000000     0.000000     1.331091 
2454675.487365 0.000000 0.000000     0.000000     1.331091 
2454677.159878 0.000000 0.000000     0.000000     1.331091 
2454678.832391 0.000000 0.000000    -0.000000     1.331091 
2454680.504904 0.000000 0.000000    -0.000000     1.331091 
2454682.177417 0.000000 0.000000    -0.000000     1.331091 
2454683.849930 0.000000 0.000000    -0.000000     1.331091 
2454685.522443 0.000000 0.000000    -0.000000     1.331091 
2454687.194956 0.000000 0.000000    -0.000000     1.331091 
2454688.867469 0.000000 0.000000     0.000000     1.331091 
2454690.539982 0.000000 0.000000     0.000000     1.331091 
2454692.212496 0.000000 0.000000     0.000000     1.331091 
2454693.885009 0.000000 0.000000     0.000000     1.331091 
2454695.557522 0.000000 0.000000     0.000000     1.331091 
2454697.230035 0.000000 0.000000     0.000000     1.331091 
2454698.902548 0.000000 0.000000    -0.000000     1.331091 
2454700.575061 0.000000 0.000000    -0.000000     1.331091 
2454702.247574 0.000000 0.000000    -0.000000     1.331091 
2454703.920087 0.000000 0.000000    -0.000000     1.331091 
2454705.592600 0.000000 0.000000    -0.000000     1.331091 
2454707.265113 0.000000 0.000000    -0.000000     1.331091 
2454708.937626 0.000000 0.000000    -0.000000     1.331091 
2454710.610140 0.000000 0.000000     0.000000     1.331091 
2454712.282653 0.000000 0.000000     0.000000     1.331091 
2454713.955166 0.000000 0.000000     0.000000     1.331091 
2454715.627679 0.000000 0.000000     0.000000     1.331091 
2454717.300192 0.000000 0.000000     0.000000     1.331091 
2454718.972705 0.000000 0.000000    -0.000000     1.331091 
2454720.645218 0.000000 0.000000    -0.000000     1.331091 
2454722.317731 0.000000 0.000000    -0.000000     1.331091 
2454723.990244 0.000000 0.000000    -0.000000     1.331091 
2454725.662757 0.000000 0.000000    -0.000000     1.331091 
2454727.335271 0.000000 0.000000    -0.000000     1.331091 
2454729.007784 0.000000 0.000000    -0.000000     1.331091 
2454730.680297 0.000000 0.000000    -0.000000     1.331091 
2454732.352810 0.000000 0.000000    -0.000000     1.331091 
2454734.025323 0.000000 0.000000    -0.000000     1.331091 
2454735.697836 0.000000 0.000000    -0.000000     1.331091 
2454737.370349 0.000000 0.000000    -0.000000     1.331091 
2454739.042862 0.000000 0.000000    -0.000000     1.331091 
2454740.715375 0.000000 0.000000    -0.000000     1.331091 
2454742.387888 0.000000 0.000000    -0.000000     1.331091 
2454744.060402 0.000000 0.000000    -0.000000     1.331091 
2454745.732915 0.000000 0.000000    -0.000000     1.331091 
2454747.405428 0.000000 0.000000    -0.000000     1.331091 
2454749.077941 0.000000 0.000000    -0.000000     1.331091 
2454750.750454 0.000000 0.000000    -0.000000     1.331091 
2454752.422967 0.000000 0.000000    -0.000000     1.331091 
2454754.095480 0.000000 0.000000    -0.000000     1.331091 
2454755.767993 0.000000 0.000000    -0.000000     1.331091 
2454757.440506 0.000000 0.000000    -0.000000     1.331091 
2454759.113019 0.000000 0.000000    -0.000000     1.331091 
2454760.785533 0.000000 0.000000    -0.000000     1.331091 
2454762.458046 0.000000 0.000000    -0.000000     1.331091 
2454764.130559 0.000000 0.000000    -0.000000     1.331091 
2454765.803072 0.000000 0.000000    -0.000000     1.331091 
2454767.475585 0.000000 0.000000    -0.000000     1.331091 
2454769.148098 0.000000 0.000000    -0.000000     1.331091 
2454770.820611 0.000000 0.000000    -0.000000     1.331091 
2454772.493124 0.000000 0.000000    -0.000000     1.331091 
2454774.165637 0.000000 0.000000    -0.000000     1.331091 
2454775.838150 0.000000 0.000000    -0.000000     1.331091 
2454777.510663 0.000000 0.000000    -0.000000     1.331091 
2454779.183177 0.000000 0.000000    -0.000000     1.331091 
2454780.855690 0.000000 0.000000    -0.000000     1.331091 
2454782.528203 0.000000 0.000000    -0.000000     1.331091 
2454784.200716 0.000000 0.000000    -0.000000     1.331091 
2454785.873229 0.000000 0.000000    -0.000000     1.331091 
2454787.545742 0.000000 0.000000    -0.000000     1.331091 
2454789.218255 0.000000 0.000000    -0.000000     1.331091 
2454790.890768 0.000000 0.000000    -0.000000     1.331091 
2454792.563281 0.000000 0.000000    -0.000000     1.331091 
2454794.235794 0.000000 0.000000    -0.000000     1.331091 
2454795.908308 0.000000 0.000000    -0.000000     1.331091 
2454797.580821 0.000000 0.000000    -0.000000     1.331091 
2454799.253334 0.000000 0.000000    -0.000000     1.331091 
2454800.925847 0.000000 0.000000    -0.000000     1.331091 
2454802.598360 0.000000 0.000000    -0.000000     1.331091 
2454804.270873 0.000000 0.000000    -0.000000     1.331091 
2454805.943386 0.000000 0.000000    -0.000000     1.331091 
2454807.615899 0.000000 0.000000     0.000000     1.331091 
2454809.288412 0.000000 0.000000     0.000000     1.331091 
2454810.960925 0.000000 0.000000     0.000000     1.331091 
2454812.633439 0.000000 0.000000     0.000000     1.331091 
2454814.305952 0.000000 0.000000     0.000000     1.331091 
2454815.978465 0.000000 0.000000     0.000000     1.331091 
2454817.650978 0.000000 0.000000     0.000000     1.331091 
2454819.323491 0.000000 0.000000     0.000000     1.331091 
2454820.996004 0.000000 0.000000     0.000000     1.331091 
2454822.668517 0.000000 0.000000     0.000000     1.331091 
2454824.341030 0.000000 0.000000     0.000000     1.331091 
2454826.013543 0.000000 0.000000    -0.000000     1.331091 
2454827.686056 0.000000 0.000000    -0.000000     1.331091 
2454829.358569 0.000000 0.000000    -0.000000     1.331091 
2454831.031083 0.000000 0.000000    -0.000000     1.331091 
2454832.703596 0.000000 0.000000    -0.000000     1.331091 
2454834.376109 0.000000 0.000000     0.000000     1.331091 
2454836.048622 0.000000 0.000000     0.000000     1.331091 
2454837.721135 0.000000 0.000000     0.000000     1.331091 
2454839.393648 0.000000 0.000000     0.000000     1.331091 
2454841.066161 0.000000 0.000000     0.000000     1.331091 
2454842.738674 0.000000 0.000000     0.000000     1.331091 
2454844.411187 0.000000 0.000000     0.000000     1.331091 
2454846.083700 0.000000 0.000000     0.000000     1.331091 
2454847.756214 0.000000 0.000000    -0.000000     1.331091 
2454849.428727 0.000000 0.000000    -0.000000     1.331091 
2454851.101240 0.000000 0.000000    -0.000000     1.331091 
2454852.773753 0.000000 0.000000    -0.000000     1.331091 
2454854.446266 0.000000 0.000000    -0.000000     1.331091 
2454856.118779 0.000000 0.000000     0.000000     1.331091 
2454857.791292 0.000000 0.000000     0.000000     1.331091 
2454859.463805 0.000000 0.000000     0.000000     1.331091 
2454861.136318 0.000000 0.000000     0.000000     1.331091 
2454862.808831 0.000000 0.000000     0.000000     1.331091 
2454864.481345 0.000000 0.000000     0.000000     1.331091 
2454866.153858 0.000000 0.000000     0.000000     1.331091 
2454867.826371 0.000000 0.000000    -0.000000     1.331091 
2454869.498884 0.000000 0.000000    -0.000000     1.331091 
2454871.171397 0.000000 0.000000    -0.000001     1.331091 
2454872.843910 0.000000 0.000000    -0.000001     1.331091 
2454874.516423 0.000000 0.000000    -0.000001     1.331091 
2454876.188936 0.000000 0.000000    -0.000000     1.331091 
2454877.861449 0.000000 0.000000     0.000000     1.331091 
2454879.533962 0.000000 0.000000     0.000000     1.331091 
2454881.206475 0.000000 0.000000     0.000000     1.331091 
2454882.878989 0.000000 0.000000     0.000000     1.331091 
2454884.551502 0.000000 0.000000     0.000000     1.331091 
2454886.224015 0.000000 0.000000     0.000000     1.331091 
2454887.896528 0.000000 0.000000    -0.000000     1.331091 
2454889.569041 0.000000 0.000000    -0.000001     1.331091 
2454891.241554 0.000000 0.000000    -0.000001     1.331091 
2454892.914067 0.000000 0.000000    -0.000002     1.331091 
2454894.586580 0.000000 0.000000    -0.000002     1.331091 
2454896.259093 0.000000 0.000000    -0.000001     1.331091 
2454897.931606 0.000000 0.000000    -0.000000     1.331091 
2454899.604120 0.000000 0.000000     0.000000     1.331091 
2454901.276633 0.000000 0.000000     0.000000     1.331091 
2454902.949146 0.000000 0.000000     0.000000     1.331091 
2454904.621659 0.000000 0.000000    -0.000000     1.331091 
2454906.294172 0.000000 0.000000    -0.000000     1.331091 
2454907.966685 0.000000 0.000000    -0.000000     1.331091 
2454909.639198 0.000000 0.000000    -0.000001     1.331091 
2454911.311711 0.000000 0.000000    -0.000001     1.331091 
2454912.984224 0.000000 0.000000    -0.000002     1.331091 
2454914.656737 0.000000 0.000000    -0.000003     1.331091 
2454916.329251 0.000000 0.000000    -0.000002     1.331091 
2454918.001764 0.000000 0.000000    -0.000001     1.331091 
2454919.674277 0.000000 0.000000    -0.000001     1.331091 
2454921.346790 0.000000 0.000000    -0.000000     1.331091 
2454923.019303 0.000000 0.000000    -0.000000     1.331091 
2454924.691816 0.000000 0.000000    -0.000001     1.331091 
2454926.364329 0.000000 0.000000    -0.000001     1.331091 
2454928.036842 0.000000 0.000000    -0.000001     1.331091 
2454929.709355 0.000000 0.000000    -0.000001     1.331091 
2454931.381868 0.000000 0.000000    -0.000002     1.331091 
2454933.054382 0.000000 0.000000    -0.000002     1.331091 
2454934.726895 0.000000 0.000000    -0.000003     1.331091 
2454936.399408 0.000000 0.000000    -0.000003     1.331091 
2454938.071921 0.000000 0.000000    -0.000003     1.331091 
2454939.744434 0.000000 0.000000    -0.000002     1.331091 
2454941.416947 0.000000 0.000000    -0.000002     1.331091 
2454943.089460 0.000000 0.000000    -0.000002     1.331091 
2454944.761973 0.000000 0.000000    -0.000002     1.331091 
2454946.434486 0.000000 0.000000    -0.000002     1.331091 
2454948.106999 0.000000 0.000000    -0.000002     1.331091 
2454949.779512 0.000000 0.000000    -0.000002     1.331091 
2454951.452026 0.000000 0.000000    -0.000002     1.331091 
2454953.124539 0.000000 0.000000    -0.000001     1.331091 
2454954.797052 0.000000 0.000000    -0.000001     1.331091 
2454956.469565 0.000000 0.000000    -0.000002     1.331091 
2454958.142078 0.000000 0.000000    -0.000002     1.331091 
2454959.814591 0.000000 0.000000    -0.000002     1.331091 
2454961.487104 0.000000 0.000000    -0.000002     1.331091 
2454963.159617 0.000000 0.000000    -0.000003     1.331091 
2454964.832130 0.000000 0.000000    -0.000003     1.331091 
2454966.504643 0.000000 0.000000    -0.000003     1.331091 
2454968.177157 0.000000 0.000000    -0.000003     1.331091 
2454969.849670 0.000000 0.000000    -0.000002     1.331091 
2454971.522183 0.000000 0.000000    -0.000002     1.331091 
2454973.194696 0.000000 0.000000    -0.000001     1.331091 
2454974.867209 0.000000 0.000000     0.000000     1.331091 
2454976.539722 0.000000 0.000000     0.000000     1.331091 
2454978.212235 0.000000 0.000000    -0.000000     1.331091 
2454979.884748 0.000000 0.000000     0.000000     1.331091 
2454981.557261 0.000000 0.000000    -0.000000     1.331091 
2454983.229774 0.000000 0.000000    -0.000001     1.331091 
2454984.902288 0.000000 0.000000    -0.000001     1.331091 
2454986.574801 0.000000 0.000000    -0.000001     1.331091 
2454988.247314 0.000000 0.000000    -0.000001     1.331091 
2454989.919827 0.000000 0.000000    -0.000001     1.331091 
2454991.592340 0.000000 0.000000    -0.000001     1.331091 
2454993.264853 0.000000 0.000000    -0.000000     1.331091 
2454994.937366 0.000000 0.000000    -0.000000     1.331091 
2454996.609879 0.000000 0.000000    -0.000000     1.331091 
2454998.282392 0.000000 0.000000    -0.000000     1.331091 
2454999.954905 0.000000 0.000000     0.000001     1.331091 
2455001.627418 0.000000 0.000000     0.000003     1.331091 
2455003.299932 0.000000 0.000000     0.000006     1.331091 
2455004.972445 0.000000 0.000000     0.000007     1.331091 
2455006.644958 0.000000 0.000000     0.000006     1.331091 
2455008.317471 0.000000 0.000000     0.000005     1.331091 
2455009.989984 0.000000 0.000000     0.000004     1.331091 
2455011.662497 0.000000 0.000000     0.000004     1.331091 
2455013.335010 0.000000 0.000000     0.000001     1.331091 
2455015.007523 0.000000 0.000000    -0.000003     1.331091 
2455016.680036 0.000000 0.000000    -0.000007     1.331091 
2455018.352549 0.000000 0.000000    -0.000011     1.331091 
2455020.025063 0.000000 0.000000    -0.000011     1.331091 
2455021.697576 0.000000 0.000000    -0.000002     1.331091 
2455023.370089 0.000000 0.000000     0.000010     1.331091 
2455025.042602 0.000000 0.000000     0.000020     1.331091 
2455026.715115 0.000000 0.000000     0.000023     1.331091 
2455028.387628 0.000000 0.000000     0.000019     1.331091 
2455030.060141 0.000000 0.000000     0.000015     1.331091 
2455031.732654 0.000000 0.000000     0.000013     1.331091 
2455033.405167 0.000000 0.000000     0.000008     1.331091 
2455035.077680 0.000000 0.000000    -0.000005     1.331091 
2455036.750194 0.000000 0.000000    -0.000021     1.331091 
2455038.422707 0.000000 0.000000    -0.000038     1.331091 
2455040.095220 0.000000 0.000000    -0.000049     1.331091 
2455041.767733 0.000000 0.000000    -0.000039     1.331091 
2455043.440246 0.000000 0.000000    -0.000008     1.331091 
2455045.112759 0.000000 0.000000     0.000023     1.331091 
2455046.785272 0.000000 0.000000     0.000041     1.331091 
2455048.457785 0.000000 0.000000     0.000041     1.331091 
2455050.130298 0.000000 0.000000     0.000029     1.331091 
2455051.802811 0.000000 0.000000     0.000023     1.331091 
2455053.475324 0.000000 0.000000     0.000018     1.331091 
2455055.147838 0.000000 0.000000    -0.000004     1.331091 
2455056.820351 0.000000 0.000000    -0.000039     1.331091 
2455058.492864 0.000000 0.000000    -0.000075     1.331091 
2455060.165377 0.000000 0.000000    -0.000111     1.331091 
2455061.837890 0.000000 0.000000    -0.000122     1.331091 
2455063.510403 0.000000 0.000000    -0.000080     1.331091 
2455065.182916 0.000000 0.000000    -0.000014     1.331091 
2455066.855429 0.000000 0.000000     0.000034     1.331091 
2455068.527942 0.000000 0.000000     0.000051     1.331091 
2455070.200455 0.000000 0.000000     0.000038     1.331091 
2455071.872969 0.000000 0.000000     0.000019     1.331091 
2455073.545482 0.000000 0.000000     0.000016     1.331091 
2455075.217995 0.000000 0.000000    -0.000003     1.331091 
2455076.890508 0.000000 0.000000    -0.000055     1.331091 
2455078.563021 0.000000 0.000000    -0.000112     1.331091 
2455080.235534 0.000000 0.000000    -0.000172     1.331091 
2455081.908047 0.000000 0.000000    -0.000228     1.331091 
2455083.580560 0.000000 0.000000    -0.000212     1.331091 
2455085.253073 0.000000 0.000000    -0.000121     1.331091 
2455086.925586 0.000000 0.000000    -0.000035     1.331091 
2455088.598100 0.000000 0.000000     0.000008     1.331091 
2455090.270613 0.000000 0.000000     0.000011     1.331091 
2455091.943126 0.000000 0.000000    -0.000015     1.331091 
2455093.615639 0.000000 0.000000    -0.000028     1.331091 
2455095.288152 0.000000 0.000000    -0.000030     1.331091 
2455096.960665 0.000000 0.000000    -0.000073     1.331091 
2455098.633178 0.000000 0.000000    -0.000140     1.331091 
2455100.305691 0.000000 0.000000    -0.000201     1.331091 
2455101.978204 0.000000 0.000000    -0.000284     1.331091 
2455103.650717 0.000000 0.000000    -0.000333     1.331091 
2455105.323231 0.000000 0.000000    -0.000270     1.331091 
2455106.995744 0.000000 0.000000    -0.000165     1.331091 
2455108.668257 0.000000 0.000000    -0.000108     1.331091 
2455110.340770 0.000000 0.000000    -0.000090     1.331091 
2455112.013283 0.000000 0.000000    -0.000103     1.331091 
2455113.685796 0.000000 0.000000    -0.000126     1.331091 
2455115.358309 0.000000 0.000000    -0.000121     1.331091 
2455117.030822 0.000000 0.000000    -0.000124     1.331091 
2455118.703335 0.000000 0.000000    -0.000163     1.331091 
2455120.375848 0.000000 0.000000    -0.000190     1.331091 
2455122.048361 0.000000 0.000000    -0.000234     1.331091 
2455123.720875 0.000000 0.000000    -0.000317     1.331091 
2455125.393388 0.000000 0.000000    -0.000333     1.331091 
2455127.065901 0.000000 0.000000    -0.000265     1.331091 
2455128.738414 0.000000 0.000000    -0.000231     1.331091 
2455130.410927 0.000000 0.000000    -0.000239     1.331091 
2455132.083440 0.000000 0.000000    -0.000241     1.331091 
2455133.755953 0.000000 0.000000    -0.000253     1.331091 
2455135.428466 0.000000 0.000000    -0.000253     1.331091 
2455137.100979 0.000000 0.000000    -0.000224     1.331091 
2455138.773492 0.000000 0.000000    -0.000201     1.331091 
2455140.446006 0.000000 0.000000    -0.000164     1.331091 
2455142.118519 0.000000 0.000000    -0.000111     1.331091 
2455143.791032 0.000000 0.000000    -0.000127     1.331091 
2455145.463545 0.000000 0.000000    -0.000178     1.331091 
2455147.136058 0.000000 0.000000    -0.000176     1.331091 
2455148.808571 0.000000 0.000000    -0.000184     1.331091 
2455150.481084 0.000000 0.000000    -0.000249     1.331091 
2455152.153597 0.000000 0.000000    -0.000289     1.331091 
2455153.826110 0.000000 0.000000    -0.000293     1.331091 
2455155.498623 0.000000 0.000000    -0.000300     1.331091 
2455157.171137 0.000000 0.000000    -0.000276     1.331091 
2455158.843650 0.000000 0.000000    -0.000216     1.331091 
2455160.516163 0.000000 0.000000    -0.000136     1.331091 
2455162.188676 0.000000 0.000000    -0.000024     1.331091 
2455163.861189 0.000000 0.000000     0.000052     1.331091 
2455165.533702 0.000000 0.000000     0.000048     1.331091 
2455167.206215 0.000000 0.000000     0.000062     1.331091 
2455168.878728 0.000000 0.000000     0.000114     1.331091 
2455170.551241 0.000000 0.000000     0.000117     1.331091 
2455172.223754 0.000000 0.000000     0.000089     1.331091 
2455173.896267 0.000000 0.000000     0.000063     1.331091 
2455175.568781 0.000000 0.000000     0.000004     1.331091 
2455177.241294 0.000000 0.000000    -0.000032     1.331091 
2455178.913807 0.000000 0.000000    -0.000004     1.331091 
2455180.586320 0.000000 0.000000     0.000001     1.331091 
2455182.258833 0.000000 0.000000    -0.000041     1.331091 
2455183.931346 0.000000 0.000000    -0.000106     1.331091 
2455185.603859 0.000000 0.000000    -0.000221     1.331091 
2455187.276372 0.000000 0.000000    -0.000219     1.331091 
2455188.948885 0.000000 0.000000     0.000125     1.331091 
2455190.621398 0.000000 0.000000     0.000659     1.331091 
2455192.293912 0.000000 0.000000     0.001082     1.331091 
2455193.966425 0.000000 0.000000     0.001249     1.331091 
2455195.638938 0.000000 0.000000     0.001090     1.331091 
2455197.311451 0.000000 0.000000     0.000814     1.331091 
2455198.983964 0.000000 0.000000     0.000727     1.331091 
2455200.656477 0.000000 0.000000     0.000569     1.331091 
2455202.328990 0.000000 0.000000    -0.000004     1.331091 
2455204.001503 0.000000 0.000000    -0.000783     1.331091 
2455205.674016 0.000000 0.000000    -0.001606     1.331091 
2455207.346529 0.000000 0.000000    -0.002235     1.331091 
2455209.019043 0.000000 0.000000    -0.001805     1.331091 
2455210.691556 0.000000 0.000000    -0.000084     1.331091 
2455212.364069 0.000000 0.000000     0.001871     1.331091 
2455214.036582 0.000000 0.000000     0.003105     1.331091 
2455215.709095 0.000000 0.000000     0.003243     1.331091 
2455217.381608 0.000000 0.000000     0.002507     1.331091 
2455219.054121 0.000000 0.000000     0.001958     1.331091 
2455220.726634 0.000000 0.000000     0.001731     1.331091 
2455222.399147 0.000000 0.000000     0.000517     1.331091 
2455224.071660 0.000000 0.000000    -0.001761     1.331091 
2455225.744173 0.000000 0.000000    -0.004190     1.331090 
2455227.416687 0.000000 0.000000    -0.006624     1.331089 
2455229.089200 0.000000 0.000000    -0.007622     1.331088 
2455230.761713 0.000000 0.000000    -0.005047     1.331088 
2455232.434226 0.000000 0.000000    -0.000218     1.331088 
2455234.106739 0.000000 0.000000     0.003730     1.331088 
2455235.779252 0.000000 0.000000     0.005430     1.331088 
2455237.451765 0.000000 0.000000     0.004716     1.331088 
2455239.124278 0.000000 0.000000     0.003103     1.331089 
2455240.796791 0.000000 0.000000     0.002589     1.331089 
2455242.469304 0.000000 0.000000     0.001434     1.331088 
2455244.141818 0.000000 0.000000    -0.002477     1.331088 
2455245.814331 0.000000 0.000000    -0.007360     1.331088 
2455247.486844 0.000000 0.000000    -0.012319     1.331086 
2455249.159357 0.000000 0.000000    -0.016905     1.331083 
2455250.831870 0.000000 0.000000    -0.016357     1.331082 
2455252.504383 0.000000 0.000000    -0.008992     1.331082 
2455254.176896 0.000000 0.000000    -0.000674     1.331082 
2455255.849409 0.000000 0.000000     0.004190     1.331082 
2455257.521922 0.000000 0.000000     0.005083     1.331082 
2455259.194435 0.000000 0.000000     0.002765     1.331083 
2455260.866949 0.000000 0.000000     0.000982     1.331084 
2455262.539462 0.000000 0.000000     0.000617     1.331083 
2455264.211975 0.000000 0.000000    -0.003162     1.331082 
2455265.884488 0.000000 0.000000    -0.010237     1.331082 
2455267.557001 0.000000 0.000000    -0.017146     1.331081 
2455269.229514 0.000000 0.000000    -0.025134     1.331077 
2455270.902027 0.000000 0.000000    -0.030453     1.331073 
2455272.574540 0.000000 0.000000    -0.025001     1.331073 
2455274.247053 0.000000 0.000000    -0.013051     1.331073 
2455275.919566 0.000000 0.000000    -0.004567     1.331072 
2455277.592079 0.000000 0.000000    -0.001180     1.331073 
2455279.264593 0.000000 0.000000    -0.002179     1.331074 
2455280.937106 0.000000 0.000000    -0.005322     1.331076 
2455282.609619 0.000000 0.000000    -0.005759     1.331076 
2455284.282132 0.000000 0.000000    -0.006761     1.331074 
2455285.954645 0.000000 0.000000    -0.012959     1.331073 
2455287.627158 0.000000 0.000000    -0.019692     1.331073 
2455289.299671 0.000000 0.000000    -0.026784     1.331071 
2455290.972184 0.000000 0.000000    -0.036687     1.331068 
2455292.644697 0.000000 0.000000    -0.039068     1.331067 
2455294.317210 0.000000 0.000000    -0.029187     1.331067 
2455295.989724 0.000000 0.000000    -0.019545     1.331067 
2455297.662237 0.000000 0.000000    -0.016083     1.331067 
2455299.334750 0.000000 0.000000    -0.015346     1.331067 
2455301.007263 0.000000 0.000000    -0.017420     1.331069 
2455302.679776 0.000000 0.000000    -0.018955     1.331070 
2455304.352289 0.000000 0.000000    -0.017265     1.331068 
2455306.024802 0.000000 0.000000    -0.018108     1.331067 
2455307.697315 0.000000 0.000000    -0.020614     1.331067 
2455309.369828 0.000000 0.000000    -0.021067     1.331067 
2455311.042341 0.000000 0.000000    -0.026447     1.331067 
2455312.714855 0.000000 0.000000    -0.034673     1.331066 
2455314.387368 0.000000 0.000000    -0.033371     1.331066 
2455316.059881 0.000000 0.000000    -0.027936     1.331066 
2455317.732394 0.000000 0.000000    -0.029074     1.331066 
2455319.404907 0.000000 0.000000    -0.031439     1.331066 
2455321.077420 0.000000 0.000000    -0.031723     1.331066 
2455322.749933 0.000000 0.000000    -0.032797     1.331067 
2455324.422446 0.000000 0.000000    -0.031161     1.331066 
2455326.094959 0.000000 0.000000    -0.026637     1.331066 
2455327.767472 0.000000 0.000000    -0.021767     1.331067 
2455329.439986 0.000000 0.000000    -0.013255     1.331067 
2455331.112499 0.000000 0.000000    -0.006229     1.331066 
2455332.785012 0.000000 0.000000    -0.008773     1.331066 
2455334.457525 0.000000 0.000000    -0.012299     1.331065 
2455336.130038 0.000000 0.000000    -0.011661     1.331064 
2455337.802551 0.000000 0.000000    -0.016398     1.331065 
2455339.475064 0.000000 0.000000    -0.024750     1.331067 
2455341.147577 0.000000 0.000000    -0.027816     1.331069 
2455342.820090 0.000000 0.000000    -0.029015     1.331069 
2455344.492603 0.000000 0.000000    -0.029795     1.331069 
2455346.165116 0.000000 0.000000    -0.025463     1.331069 
2455347.837630 0.000000 0.000000    -0.017989     1.331069 
2455349.510143 0.000000 0.000000    -0.008277     1.331066 
2455351.182656 0.000000 0.000000     0.002850     1.331053 
2455352.855169 0.000000 0.000000     0.006653     1.331015 
2455354.527682 0.000000 0.000000     0.006190     1.330966 
2455356.200195 0.000000 0.000000     0.015255     1.330945 
2455357.872708 0.000000 0.000000     0.029137     1.330951 
2455359.545221 0.000000 0.000000     0.036314     1.330961 
2455361.217734 0.000000 0.000000     0.037981     1.330973 
2455362.890247 0.000000 0.000000     0.032141     1.330988 
2455364.562761 0.000000 0.000000     0.020093     1.331008 
2455366.235274 0.000000 0.000000     0.016279     1.331015 
2455367.907787 0.000000 0.000000     0.016833     1.330997 
2455369.580300 0.000000 0.000000     0.004640     1.330965 
2455371.252813 0.000000 0.000000    -0.016550     1.330855 
2455372.925326 0.000000 0.000000    -0.042318     1.330450 
2455374.597839 0.000000 0.000000    -0.067264     1.329685 
2455376.270352 0.000000 0.000000    -0.051514     1.329161 
2455377.942865 0.000000 0.000000     0.026294     1.329137 
2455379.615378 0.000000 0.000000     0.122303     1.329153 
2455381.287892 0.000000 0.000000     0.188419     1.329135 
2455382.960405 0.000000 0.000000     0.201783     1.329239 
2455384.632918 0.000000 0.000000     0.163511     1.329536 
2455386.305431 0.000000 0.000000     0.126521     1.329809 
2455387.977944 0.000000 0.000000     0.115976     1.329632 
2455389.650457 0.000000 0.000000     0.064992     1.329333 
2455391.322970 0.000000 0.000000    -0.051969     1.329017 
2455392.995483 0.000000 0.000000    -0.186835     1.327549 
2455394.667996 0.000000 0.000000    -0.323976     1.323290 
2455396.340509 0.000000 0.000000    -0.393080     1.318373 
2455398.013022 0.000000 0.000000    -0.258474     1.316910 
2455399.685536 0.000000 0.000000     0.040160     1.317069 
2455401.358049 0.000000 0.000000     0.314708     1.316649 
2455403.030562 0.000000 0.000000     0.452528     1.316675 
2455404.703075 0.000000 0.000000     0.422478     1.318019 
2455406.375588 0.000000 0.000000     0.305952     1.320562 
2455408.048101 0.000000 0.000000     0.254892     1.320817 
2455409.720614 0.000000 0.000000     0.194431     1.318532 
2455411.393127 0.000000 0.000000    -0.051045     1.317359 
2455413.065640 0.000000 0.000000    -0.401047     1.315153 
2455414.738153 0.000000 0.000000    -0.757098     1.304414 
2455416.410667 0.000000 0.000000    -1.090224     1.283460 
2455418.083180 0.000000 0.000000    -1.100027     1.269899 
2455419.755693 0.000000 0.000000    -0.590628     1.269088 
2455421.428206 0.000000 0.000000     0.083524     1.268061 
2455423.100719 0.000000 0.000000     0.534791     1.266504 
2455424.773232 0.000000 0.000000     0.658062     1.268941 
2455426.445745 0.000000 0.000000     0.486577     1.278375 
2455428.118258 0.000000 0.000000     0.305696     1.286391 
2455429.790771 0.000000 0.000000     0.263083     1.279365 
2455431.463284 0.000000 0.000000    -0.006075     1.271337 
2455433.135798 0.000000 0.000000    -0.609193     1.269280 
2455434.808311 0.000000 0.000000    -1.247148     1.256879 
2455436.480824 0.000000 0.000000    -1.927003     1.212084 
2455438.153337 0.000000 0.000000    -2.422825     1.155706 
2455439.825850 0.000000 0.000000    -2.045481     1.138552 
2455441.498363 0.000000 0.000000    -0.950491     1.138071 
2455443.170876 0.000000 0.000000    -0.011352     1.131800 
2455444.843389 0.000000 0.000000     0.432991     1.132750 
2455446.515902 0.000000 0.000000     0.391462     1.151231 
2455448.188415 0.000000 0.000000     0.063816     1.185517 
2455449.860928 0.000000 0.000000    -0.056227     1.185962 
2455451.533442 0.000000 0.000000    -0.158449     1.154000 
2455453.205955 0.000000 0.000000    -0.798652     1.142048 
2455454.878468 0.000000 0.000000    -1.654892     1.138430 
2455456.550981 0.000000 0.000000    -2.492330     1.093462 
2455458.223494 0.000000 0.000000    -3.501786     0.977094 
2455459.896007 0.000000 0.000000    -3.838671     0.885897 
2455461.568520 0.000000 0.000000    -2.807290     0.878680 
2455463.241033 0.000000 0.000000    -1.457644     0.864823 
2455464.913546 0.000000 0.000000    -0.726406     0.857598 
2455466.586059 0.000000 0.000000    -0.514844     0.883099 
2455468.258573 0.000000 0.000000    -0.760011     0.960529 
2455469.931086 0.000000 0.000000    -1.049986     1.013473 
2455471.603599 0.000000 0.000000    -0.992672     0.957287 
2455473.276112 0.000000 0.000000    -1.243837     0.892004 
2455474.948625 0.000000 0.000000    -1.962068     0.888064 
2455476.621138 0.000000 0.000000    -2.553731     0.884067 
2455478.293651 0.000000 0.000000    -3.421505     0.788437 
2455479.966164 0.000000 0.000000    -4.480761     0.609169 
2455481.638677 0.000000 0.000000    -4.313223     0.568612 
2455483.311190 0.000000 0.000000    -3.143298     0.566590 
2455484.983704 0.000000 0.000000    -2.490908     0.518060 
2455486.656217 0.000000 0.000000    -2.370033     0.543333 
2455488.328730 0.000000 0.000000    -2.384491     0.638091 
2455490.001243 0.000000 0.000000    -2.629961     0.756019 
2455491.673756 0.000000 0.000000    -2.619494     0.745718 
2455493.346269 0.000000 0.000000    -2.353155     0.619566 
2455495.018782 0.000000 0.000000    -2.385043     0.576382 
2455496.691295 0.000000 0.000000    -2.275369     0.622219 
2455498.363808 0.000000 0.000000    -2.103738     0.602375 
2455500.036321 0.000000 0.000000    -2.777645     0.531781 
2455501.708835 0.000000 0.000000    -3.453079     0.519197 
2455503.381348 0.000000 0.000000    -3.161794     0.566644 
2455505.053861 0.000000 0.000000    -3.077389     0.554100 
2455506.726374 0.000000 0.000000    -3.672326     0.544621 
2455508.398887 0.000000 0.000000    -3.961403     0.552986 
2455510.071400 0.000000 0.000000    -3.997008     0.561166 
2455511.743913 0.000000 0.000000    -4.039623     0.569189 
2455513.416426 0.000000 0.000000    -3.652637     0.535808 
2455515.088939 0.000000 0.000000    -2.977508     0.592376 
2455516.761452 0.000000 0.000000    -2.037102     0.704890 
2455518.433965 0.000000 0.000000    -0.666559     0.683713 
2455520.106479 0.000000 0.000000     0.082779     0.635934 
2455521.778992 0.000000 0.000000    -0.257035     0.642332 
2455523.451505 0.000000 0.000000    -0.638565     0.563673 
2455525.124018 0.000000 0.000000    -1.174128     0.592164 
2455526.796531 0.000000 0.000000    -2.533695     0.735937 
2455528.469044 0.000000 0.000000    -3.711702     0.837757 
2455530.141557 0.000000 0.000000    -3.996419     0.875632 
2455531.814070 0.000000 0.000000    -4.025696     0.886184 
2455533.486583 0.000000 0.000000    -3.856686     0.879184 
2455535.159096 0.000000 0.000000    -3.157566     0.878261 
2455536.831610 0.000000 0.000000    -1.980059     0.933160 
2455538.504123 0.000000 0.000000    -0.261573     0.960939 
2455540.176636 0.000000 0.000000     1.430888     0.924908 
2455541.849149 0.000000 0.000000     2.075981     0.931133 
2455543.521662 0.000000 0.000000     1.856142     0.906003 
2455545.194175 0.000000 0.000000     1.212572     0.879479 
2455546.866688 0.000000 0.000000    -0.202068     0.954988 
2455548.539201 0.000000 0.000000    -1.890977     1.062086 
2455550.211714 0.000000 0.000000    -2.744554     1.120366 
2455551.884227 0.000000 0.000000    -2.895605     1.141996 
2455553.556741 0.000000 0.000000    -2.885418     1.146441 
2455555.229254 0.000000 0.000000    -2.552807     1.139301 
2455556.901767 0.000000 0.000000    -1.745665     1.146184 
2455558.574280 0.000000 0.000000    -0.483745     1.167328 
2455560.246793 0.000000 0.000000     1.051690     1.161054 
2455561.919306 0.000000 0.000000     2.177619     1.154883 
2455563.591819 0.000000 0.000000     2.485965     1.155411 
2455565.264332 0.000000 0.000000     2.190888     1.140291 
2455566.936845 0.000000 0.000000     1.289674     1.148758 
2455568.609358 0.000000 0.000000    -0.094813     1.191016 
2455570.281871 0.000000 0.000000    -1.174335     1.231850 
2455571.954385 0.000000 0.000000    -1.555332     1.251700 
2455573.626898 0.000000 0.000000    -1.609423     1.259008 
2455575.299411 0.000000 0.000000    -1.519982     1.257782 
2455576.971924 0.000000 0.000000    -1.177536     1.256453 
2455578.644437 0.000000 0.000000    -0.588453     1.264078 
2455580.316950 0.000000 0.000000     0.200427     1.268692 
2455581.989463 0.000000 0.000000     1.024892     1.266535 
2455583.661976 0.000000 0.000000     1.571651     1.269627 
2455585.334489 0.000000 0.000000     1.689151     1.266733 
2455587.007002 0.000000 0.000000     1.367018     1.257959 
2455588.679516 0.000000 0.000000     0.648151     1.250978 
2455590.352029 0.000000 0.000000    -0.150974     1.247559 
2455592.024542 0.000000 0.000000    -0.629022     1.250817 
2455593.697055 0.000000 0.000000    -0.754677     1.256551 
2455595.369568 0.000000 0.000000    -0.722938     1.257042 
2455597.042081 0.000000 0.000000    -0.613446     1.256073 
2455598.714594 0.000000 0.000000    -0.480891     1.261982 
2455600.387107 0.000000 0.000000    -0.399042     1.270515 
2455602.059620 0.000000 0.000000    -0.257911     1.276955 
2455603.732133 0.000000 0.000000     0.075647     1.289132 
2455605.404647 0.000000 0.000000     0.418648     1.299465 
2455607.077160 0.000000 0.000000     0.501323     1.288981 
2455608.749673 0.000000 0.000000     0.320713     1.251591 
2455610.422186 0.000000 0.000000    -0.013588     1.192232 
2455612.094699 0.000000 0.000000    -0.384541     1.145178 
2455613.767212 0.000000 0.000000    -0.593684     1.139788 
2455615.439725 0.000000 0.000000    -0.584948     1.142734 
2455617.112238 0.000000 0.000000    -0.512278     1.138996 
2455618.784751 0.000000 0.000000    -0.519677     1.144620 
2455620.457264 0.000000 0.000000    -0.759252     1.160256 
2455622.129777 0.000000 0.000000    -1.187718     1.176066 
2455623.802291 0.000000 0.000000    -1.333121     1.210082 
2455625.474804 0.000000 0.000000    -1.009213     1.260235 
2455627.147317 0.000000 0.000000    -0.684267     1.271295 
2455628.819830 0.000000 0.000000    -0.598492     1.212195 
2455630.492343 0.000000 0.000000    -0.604404     1.092717 
2455632.164856 0.000000 0.000000    -0.768736     0.949263 
2455633.837369 0.000000 0.000000    -1.049493     0.879123 
2455635.509882 0.000000 0.000000    -1.143697     0.888162 
2455637.182395 0.000000 0.000000    -1.081793     0.885329 
2455638.854908 0.000000 0.000000    -1.080577     0.879968 
2455640.527422 0.000000 0.000000    -1.262462     0.895807 
2455642.199935 0.000000 0.000000    -1.771904     0.915974 
2455643.872448 0.000000 0.000000    -2.279137     0.981393 
2455645.544961 0.000000 0.000000    -2.176321     1.121762 
2455647.217474 0.000000 0.000000    -1.736908     1.212102 
2455648.889987 0.000000 0.000000    -1.564676     1.165790 
2455650.562500 0.000000 0.000000    -1.516341     0.988693 
2455652.235013 0.000000 0.000000    -1.500558     0.760005 
2455653.907526 0.000000 0.000000    -1.758324     0.572539 
2455655.580039 0.000000 0.000000    -2.035677     0.571159 
2455657.252553 0.000000 0.000000    -2.084149     0.590372 
2455658.925066 0.000000 0.000000    -2.117519     0.558025 
2455660.597579 0.000000 0.000000    -2.171015     0.558493 
2455662.270092 0.000000 0.000000    -2.288946     0.581158 
2455663.942605 0.000000 0.000000    -2.589623     0.661640 
2455665.615118 0.000000 0.000000    -2.627807     0.909470 
2455667.287631 0.000000 0.000000    -2.227582     1.110395 
2455668.960144 0.000000 0.000000    -2.043000     1.130644 
2455670.632657 0.000000 0.000000    -2.165389     0.956674 
2455672.305170 0.000000 0.000000    -2.140931     0.686480 
2455673.977684 0.000000 0.000000    -2.188184     0.600622 
2455675.650197 0.000000 0.000000    -2.503709     0.633381 
2455677.322710 0.000000 0.000000    -2.752304     0.677740 
2455678.995223 0.000000 0.000000    -2.918855     0.635317 
2455680.667736 0.000000 0.000000    -3.021550     0.642702 
2455682.340249 0.000000 0.000000    -2.796710     0.764998 
2455684.012762 0.000000 0.000000    -2.435728     0.818377 
2455685.685275 0.000000 0.000000    -2.174461     0.863140 
2455687.357788 0.000000 0.000000    -1.841581     1.003233 
2455689.030301 0.000000 0.000000    -1.701530     1.073801 
2455690.702814 0.000000 0.000000    -2.029634     0.964294 
2455692.375328 0.000000 0.000000    -2.252543     0.760784 
2455694.047841 0.000000 0.000000    -2.102662     0.668835 
2455695.720354 0.000000 0.000000    -2.106152     0.676670 
2455697.392867 0.000000 0.000000    -2.399510     0.784967 
2455699.065380 0.000000 0.000000    -2.744965     0.869849 
2455700.737893 0.000000 0.000000    -3.021571     0.882141 
2455702.410406 0.000000 0.000000    -2.874432     0.937781 
2455704.082919 0.000000 0.000000    -2.169401     0.956460 
2455705.755432 0.000000 0.000000    -1.437923     0.855008 
2455707.427945 0.000000 0.000000    -1.020191     0.831661 
2455709.100459 0.000000 0.000000    -0.923344     0.928603 
2455710.772972 0.000000 0.000000    -1.288881     0.921316 
2455712.445485 0.000000 0.000000    -1.814010     0.754473 
2455714.117998 0.000000 0.000000    -1.855019     0.635330 
2455715.790511 0.000000 0.000000    -1.572406     0.567223 
2455717.463024 0.000000 0.000000    -1.595167     0.728391 
2455719.135537 0.000000 0.000000    -1.984369     0.950347 
2455720.808050 0.000000 0.000000    -2.425251     1.046878 
2455722.480563 0.000000 0.000000    -2.549733     1.076177 
2455724.153076 0.000000 0.000000    -2.056144     1.067522 
2455725.825590 0.000000 0.000000    -1.242260     0.910518 
2455727.498103 0.000000 0.000000    -0.738639     0.639642 
2455729.170616 0.000000 0.000000    -0.655601     0.706401 
2455730.843129 0.000000 0.000000    -0.842107     0.872196 
2455732.515642 0.000000 0.000000    -1.255990     0.830345 
2455734.188155 0.000000 0.000000    -1.537101     0.674324 
2455735.860668 0.000000 0.000000    -1.351270     0.616535 
2455737.533181 0.000000 0.000000    -1.105735     0.734660 
2455739.205694 0.000000 0.000000    -1.319265     0.919076 
2455740.878207 0.000000 0.000000    -1.846243     1.036310 
2455742.550720 0.000000 0.000000    -2.219637     1.075863 
2455744.223234 0.000000 0.000000    -2.120621     1.090488 
2455745.895747 0.000000 0.000000    -1.626613     1.023360 
2455747.568260 0.000000 0.000000    -1.251407     0.800178 
2455749.240773 0.000000 0.000000    -1.265579     0.679231 
2455750.913286 0.000000 0.000000    -1.362317     0.819482 
2455752.585799 0.000000 0.000000    -1.369846     0.885143 
2455754.258312 0.000000 0.000000    -1.359161     0.726853 
2455755.930825 0.000000 0.000000    -1.143097     0.611137 
2455757.603338 0.000000 0.000000    -0.745335     0.739222 
2455759.275851 0.000000 0.000000    -0.723032     0.866808 
2455760.948365 0.000000 0.000000    -1.268406     0.907382 
2455762.620878 0.000000 0.000000    -1.884083     0.905144 
2455764.293391 0.000000 0.000000    -2.126076     0.929483 
2455765.965904 0.000000 0.000000    -1.974423     0.962440 
2455767.638417 0.000000 0.000000    -1.745603     0.865141 
2455769.310930 0.000000 0.000000    -1.808239     0.661147 
2455770.983443 0.000000 0.000000    -2.080858     0.719536 
2455772.655956 0.000000 0.000000    -2.185134     0.871595 
2455774.328469 0.000000 0.000000    -2.011531     0.831338 
2455776.000982 0.000000 0.000000    -1.548730     0.684390 
2455777.673496 0.000000 0.000000    -0.816209     0.716587 
2455779.346009 0.000000 0.000000    -0.333725     0.778974 
2455781.018522 0.000000 0.000000    -0.614864     0.754079 
2455782.691035 0.000000 0.000000    -1.317016     0.677670 
2455784.363548 0.000000 0.000000    -1.808941     0.654613 
2455786.036061 0.000000 0.000000    -1.926996     0.730836 
2455787.708574 0.000000 0.000000    -1.773882     0.782151 
2455789.381087 0.000000 0.000000    -1.636550     0.709088 
2455791.053600 0.000000 0.000000    -1.914646     0.713283 
2455792.726113 0.000000 0.000000    -2.559030     0.825012 
2455794.398626 0.000000 0.000000    -3.057932     0.828284 
2455796.071140 0.000000 0.000000    -2.926291     0.725727 
2455797.743653 0.000000 0.000000    -1.988712     0.742965 
2455799.416166 0.000000 0.000000    -0.783212     0.772207 
2455801.088679 0.000000 0.000000    -0.277718     0.681812 
2455802.761192 0.000000 0.000000    -0.608933     0.628760 
2455804.433705 0.000000 0.000000    -1.119084     0.610566 
2455806.106218 0.000000 0.000000    -1.493957     0.615350 
2455807.778731 0.000000 0.000000    -1.632647     0.623739 
2455809.451244 0.000000 0.000000    -1.413861     0.626102 
2455811.123757 0.000000 0.000000    -1.355363     0.635900 
2455812.796271 0.000000 0.000000    -2.072074     0.705584 
2455814.468784 0.000000 0.000000    -3.161067     0.708813 
2455816.141297 0.000000 0.000000    -3.654889     0.593723 
2455817.813810 0.000000 0.000000    -2.982823     0.619024 
2455819.486323 0.000000 0.000000    -1.467684     0.727996 
2455821.158836 0.000000 0.000000    -0.251917     0.721503 
2455822.831349 0.000000 0.000000    -0.010740     0.692865 
2455824.503862 0.000000 0.000000    -0.322277     0.688022 
2455826.176375 0.000000 0.000000    -0.856209     0.726125 
2455827.848888 0.000000 0.000000    -1.500841     0.780655 
2455829.521402 0.000000 0.000000    -1.663997     0.805132 
2455831.193915 0.000000 0.000000    -1.357972     0.791576 
2455832.866428 0.000000 0.000000    -1.566788     0.712640 
2455834.538941 0.000000 0.000000    -2.457023     0.603642 
2455836.211454 0.000000 0.000000    -3.053701     0.557292 
2455837.883967 0.000000 0.000000    -2.635157     0.587281 
2455839.556480 0.000000 0.000000    -1.340796     0.611652 
2455841.228993 0.000000 0.000000    -0.064259     0.635519 
2455842.901506 0.000000 0.000000     0.388864     0.634407 
2455844.574019 0.000000 0.000000     0.184447     0.638144 
2455846.246532 0.000000 0.000000    -0.397431     0.668633 
2455847.919046 0.000000 0.000000    -1.426715     0.754603 
2455849.591559 0.000000 0.000000    -2.192280     0.802424 
2455851.264072 0.000000 0.000000    -1.961478     0.835612 
2455852.936585 0.000000 0.000000    -1.549205     0.797097 
2455854.609098 0.000000 0.000000    -1.858073     0.715476 
2455856.281611 0.000000 0.000000    -2.333340     0.687412 
2455857.954124 0.000000 0.000000    -2.126637     0.686429 
2455859.626637 0.000000 0.000000    -1.173814     0.755238 
2455861.299150 0.000000 0.000000    -0.083813     0.852176 
2455862.971663 0.000000 0.000000     0.396132     0.897980 
2455864.644177 0.000000 0.000000     0.215385     0.912182 
2455866.316690 0.000000 0.000000    -0.331993     0.901475 
2455867.989203 0.000000 0.000000    -1.395643     0.848752 
2455869.661716 0.000000 0.000000    -2.552689     0.700234 
2455871.334229 0.000000 0.000000    -2.668192     0.670328 
2455873.006742 0.000000 0.000000    -1.912320     0.709770 
2455874.679255 0.000000 0.000000    -1.564276     0.673007 
2455876.351768 0.000000 0.000000    -1.824408     0.719283 
2455878.024281 0.000000 0.000000    -1.898214     0.687619 
2455879.696794 0.000000 0.000000    -1.371609     0.760319 
2455881.369308 0.000000 0.000000    -0.507639     0.969744 
2455883.041821 0.000000 0.000000     0.064793     1.102107 
2455884.714334 0.000000 0.000000     0.043768     1.146656 
2455886.386847 0.000000 0.000000    -0.343352     1.151655 
2455888.059360 0.000000 0.000000    -1.117988     1.120750 
2455889.731873 0.000000 0.000000    -2.217599     1.025911 
2455891.404386 0.000000 0.000000    -2.714192     0.942146 
2455893.076899 0.000000 0.000000    -2.131777     0.952708 
2455894.749412 0.000000 0.000000    -1.406432     0.942939 
2455896.421925 0.000000 0.000000    -1.314119     0.948193 
2455898.094439 0.000000 0.000000    -1.501871     0.951263 
2455899.766952 0.000000 0.000000    -1.398134     0.945071 
2455901.439465 0.000000 0.000000    -0.890743     1.050264 
2455903.111978 0.000000 0.000000    -0.321932     1.184113 
2455904.784491 0.000000 0.000000    -0.105501     1.252233 
2455906.457004 0.000000 0.000000    -0.249279     1.270754 
2455908.129517 0.000000 0.000000    -0.667372     1.265656 
2455909.802030 0.000000 0.000000    -1.404980     1.233646 
2455911.474543 0.000000 0.000000    -2.011332     1.190237 
2455913.147056 0.000000 0.000000    -1.856390     1.181355 
2455914.819569 0.000000 0.000000    -1.228388     1.181744 
2455916.492083 0.000000 0.000000    -0.897444     1.174701 
2455918.164596 0.000000 0.000000    -0.990110     1.175996 
2455919.837109 0.000000 0.000000    -1.111048     1.170192 
2455921.509622 0.000000 0.000000    -0.963665     1.186933 
2455923.182135 0.000000 0.000000    -0.565666     1.242143 
2455924.854648 0.000000 0.000000    -0.192293     1.291151 
2455926.527161 0.000000 0.000000    -0.062280     1.310958 
2455928.199674 0.000000 0.000000    -0.200922     1.314427 
2455929.872187 0.000000 0.000000    -0.603967     1.308468 
2455931.544700 0.000000 0.000000    -1.085102     1.294624 
2455933.217214 0.000000 0.000000    -1.227176     1.286143 
2455934.889727 0.000000 0.000000    -0.946217     1.283982 
2455936.562240 0.000000 0.000000    -0.653505     1.278838 
2455938.234753 0.000000 0.000000    -0.649364     1.276487 
2455939.907266 0.000000 0.000000    -0.819331     1.275190 
2455941.579779 0.000000 0.000000    -0.899468     1.275382 
2455943.252292 0.000000 0.000000    -0.721144     1.287222 
2455944.924805 0.000000 0.000000    -0.307930     1.304329 
2455946.597318 0.000000 0.000000     0.110685     1.313607 
2455948.269831 0.000000 0.000000     0.254046     1.316215 
2455949.942345 0.000000 0.000000     0.036342     1.318122 
2455951.614858 0.000000 0.000000    -0.345887     1.318798 
2455953.287371 0.000000 0.000000    -0.605441     1.315985 
2455954.959884 0.000000 0.000000    -0.629066     1.306684 
2455956.632397 0.000000 0.000000    -0.544688     1.290205 
2455958.304910 0.000000 0.000000    -0.564654     1.280782 
2455959.977423 0.000000 0.000000    -0.754094     1.279614 
2455961.649936 0.000000 0.000000    -0.967929     1.279217 
2455963.322449 0.000000 0.000000    -0.990858     1.281492 
2455964.994962 0.000000 0.000000    -0.647562     1.284033 
2455966.667475 0.000000 0.000000     0.020294     1.280556 
2455968.339989 0.000000 0.000000     0.563239     1.276655 
2455970.012502 0.000000 0.000000     0.543534     1.281142 
2455971.685015 0.000000 0.000000     0.133641     1.294579 
2455973.357528 0.000000 0.000000    -0.222562     1.303332 
2455975.030041 0.000000 0.000000    -0.417485     1.291948 
2455976.702554 0.000000 0.000000    -0.539768     1.245918 
2455978.375067 0.000000 0.000000    -0.663578     1.195132 
2455980.047580 0.000000 0.000000    -0.893755     1.181845 
2455981.720093 0.000000 0.000000    -1.211058     1.181390 
2455983.392606 0.000000 0.000000    -1.424256     1.183562 
2455985.065120 0.000000 0.000000    -1.280975     1.188976 
2455986.737633 0.000000 0.000000    -0.574794     1.177793 
2455988.410146 0.000000 0.000000     0.373984     1.161486 
2455990.082659 0.000000 0.000000     0.741333     1.164887 
2455991.755172 0.000000 0.000000     0.343904     1.197414 
2455993.427685 0.000000 0.000000    -0.154060     1.234477 
2455995.100198 0.000000 0.000000    -0.417921     1.242267 
2455996.772711 0.000000 0.000000    -0.630007     1.186592 
2455998.445224 0.000000 0.000000    -0.849700     1.045018 
2456000.117737 0.000000 0.000000    -1.101989     0.941997 
2456001.790251 0.000000 0.000000    -1.452775     0.930378 
2456003.462764 0.000000 0.000000    -1.785919     0.931799 
2456005.135277 0.000000 0.000000    -1.895678     0.954602 
2456006.807790 0.000000 0.000000    -1.488518     0.957920 
2456008.480303 0.000000 0.000000    -0.515322     0.916948 
2456010.152816 0.000000 0.000000     0.232835     0.916924 
2456011.825329 0.000000 0.000000     0.058195     0.976596 
2456013.497842 0.000000 0.000000    -0.493230     1.059975 
2456015.170355 0.000000 0.000000    -0.726883     1.110349 
2456016.842868 0.000000 0.000000    -0.827012     1.105560 
2456018.515381 0.000000 0.000000    -1.030224     0.980232 
2456020.187895 0.000000 0.000000    -1.260896     0.723224 
2456021.860408 0.000000 0.000000    -1.526731     0.595246 
2456023.532921 0.000000 0.000000    -1.786432     0.585838 
2456025.205434 0.000000 0.000000    -1.957808     0.632946 
2456026.877947 0.000000 0.000000    -1.950265     0.720795 
2456028.550460 0.000000 0.000000    -1.525000     0.663321 
2456030.222973 0.000000 0.000000    -0.935476     0.587246 
2456031.895486 0.000000 0.000000    -0.914836     0.644209 
2456033.567999 0.000000 0.000000    -1.320892     0.758355 
2456035.240512 0.000000 0.000000    -1.380981     0.841264 
2456036.913026 0.000000 0.000000    -1.157778     0.905197 
2456038.585539 0.000000 0.000000    -1.135164     0.937602 
2456040.258052 0.000000 0.000000    -1.288130     0.874296 
2456041.930565 0.000000 0.000000    -1.435752     0.829047 
2456043.603078 0.000000 0.000000    -1.467224     0.823449 
2456045.275591 0.000000 0.000000    -1.358641     0.823753 
2456046.948104 0.000000 0.000000    -1.348836     0.851967 
2456048.620617 0.000000 0.000000    -1.493466     0.859310 
2456050.293130 0.000000 0.000000    -1.598774     0.780399 
2456051.965643 0.000000 0.000000    -1.790556     0.635701 
2456053.638157 0.000000 0.000000    -2.059307     0.527118 
2456055.310670 0.000000 0.000000    -1.918278     0.530840 
2456056.983183 0.000000 0.000000    -1.383452     0.574572 
2456058.655696 0.000000 0.000000    -1.050183     0.715334 
2456060.328209 0.000000 0.000000    -1.088843     0.798192 
2456062.000722 0.000000 0.000000    -1.227761     0.828321 
2456063.673235 0.000000 0.000000    -1.166613     0.838880 
2456065.345748 0.000000 0.000000    -0.721037     0.826384 
2456067.018261 0.000000 0.000000    -0.212760     0.838048 
2456068.690774 0.000000 0.000000    -0.202252     0.869091 
2456070.363288 0.000000 0.000000    -0.662894     0.861620 
2456072.035801 0.000000 0.000000    -1.187341     0.772079 
2456073.708314 0.000000 0.000000    -1.513507     0.717402 
2456075.380827 0.000000 0.000000    -1.424213     0.740098 
2456077.053340 0.000000 0.000000    -0.959422     0.693218 
2456078.725853 0.000000 0.000000    -0.586413     0.605553 
2456080.398366 0.000000 0.000000    -0.596737     0.609326 
2456082.070879 0.000000 0.000000    -0.842616     0.635906 
2456083.743392 0.000000 0.000000    -0.997468     0.696321 
2456085.415905 0.000000 0.000000    -0.653444     0.657278 
2456087.088418 0.000000 0.000000     0.212551     0.658085 
2456088.760932 0.000000 0.000000     0.899869     0.711637 
2456090.433445 0.000000 0.000000     0.871556     0.781788 
2456092.105958 0.000000 0.000000     0.433820     0.750028 
2456093.778471 0.000000 0.000000     0.074308     0.706865 
2456095.450984 0.000000 0.000000    -0.055797     0.764010 
2456097.123497 0.000000 0.000000     0.016913     0.779789 
2456098.796010 0.000000 0.000000     0.109896     0.728182 
2456100.468523 0.000000 0.000000     0.000685     0.712572 
2456102.141036 0.000000 0.000000    -0.337928     0.753664 
2456103.813549 0.000000 0.000000    -0.791773     0.843413 
2456105.486063 0.000000 0.000000    -1.010659     0.866842 
2456107.158576 0.000000 0.000000    -0.508703     0.833382 
2456108.831089 0.000000 0.000000     0.532151     0.840739 
2456110.503602 0.000000 0.000000     1.301313     0.877274 
2456112.176115 0.000000 0.000000     1.519998     0.861682 
2456113.848628 0.000000 0.000000     1.490532     0.774228 
2456115.521141 0.000000 0.000000     1.279297     0.711969 
2456117.193654 0.000000 0.000000     0.900544     0.713268 
2456118.866167 0.000000 0.000000     0.595139     0.705689 
2456120.538680 0.000000 0.000000     0.389882     0.728225 
2456122.211194 0.000000 0.000000     0.086992     0.771700 
2456123.883707 0.000000 0.000000    -0.444218     0.874885 
2456125.556220 0.000000 0.000000    -1.149538     0.943304 
2456127.228733 0.000000 0.000000    -1.492514     0.908648 
2456128.901246 0.000000 0.000000    -0.906542     0.863616 
2456130.573759 0.000000 0.000000     0.229814     0.890079 
2456132.246272 0.000000 0.000000     1.191647     0.881421 
2456133.918785 0.000000 0.000000     1.842774     0.800929 
2456135.591298 0.000000 0.000000     1.988726     0.783278 
2456137.263811 0.000000 0.000000     1.371611     0.837468 
2456138.936324 0.000000 0.000000     0.601962     0.840956 
2456140.608838 0.000000 0.000000     0.340829     0.848982 
2456142.281351 0.000000 0.000000     0.271027     0.864294 
2456143.953864 0.000000 0.000000    -0.074617     0.842663 
2456145.626377 0.000000 0.000000    -0.769032     0.835482 
2456147.298890 0.000000 0.000000    -1.612972     0.799042 
2456148.971403 0.000000 0.000000    -1.908263     0.719497 
2456150.643916 0.000000 0.000000    -1.232792     0.720057 
2456152.316429 0.000000 0.000000    -0.126846     0.749899 
2456153.988942 0.000000 0.000000     0.963072     0.674974 
2456155.661455 0.000000 0.000000     1.756630     0.694517 
2456157.333969 0.000000 0.000000     1.492560     0.843794 
2456159.006482 0.000000 0.000000     0.416599     0.891180 
2456160.678995 0.000000 0.000000    -0.032159     0.855258 
2456162.351508 0.000000 0.000000     0.241725     0.881961 
2456164.024021 0.000000 0.000000     0.206745     0.854877 
2456165.696534 0.000000 0.000000    -0.193595     0.722067 
2456167.369047 0.000000 0.000000    -0.675353     0.624553 
2456169.041560 0.000000 0.000000    -1.230253     0.578129 
2456170.714073 0.000000 0.000000    -1.366825     0.595005 
2456172.386586 0.000000 0.000000    -0.835047     0.633831 
2456174.059100 0.000000 0.000000     0.045865     0.624110 
2456175.731613 0.000000 0.000000     1.097337     0.653690 
2456177.404126 0.000000 0.000000     1.532310     0.738410 
2456179.076639 0.000000 0.000000     0.666128     0.804610 
2456180.749152 0.000000 0.000000    -0.121100     0.758523 
2456182.421665 0.000000 0.000000     0.282632     0.724904 
2456184.094178 0.000000 0.000000     0.583810     0.748959 
2456185.766691 0.000000 0.000000     0.238095     0.688543 
2456187.439204 0.000000 0.000000     0.338797     0.617433 
2456189.111717 0.000000 0.000000     0.696888     0.571939 
2456190.784230 0.000000 0.000000     0.562774     0.560390 
2456192.456744 0.000000 0.000000     0.446446     0.639050 
2456194.129257 0.000000 0.000000     0.824986     0.653808 
2456195.801770 0.000000 0.000000     1.598830     0.590590 
2456197.474283 0.000000 0.000000     2.258525     0.598746 
2456199.146796 0.000000 0.000000     1.777108     0.635195 
2456200.819309 0.000000 0.000000     0.635852     0.705398 
2456202.491822 0.000000 0.000000     0.604832     0.739798 
2456204.164335 0.000000 0.000000     1.103295     0.672724 
2456205.836848 0.000000 0.000000     0.679928     0.643307 
2456207.509361 0.000000 0.000000     0.610754     0.656861 
2456209.181875 0.000000 0.000000     1.889327     0.612265 
2456210.854388 0.000000 0.000000     2.892226     0.598245 
2456212.526901 0.000000 0.000000     2.876186     0.661044 
2456214.199414 0.000000 0.000000     2.858540     0.761602 
2456215.871927 0.000000 0.000000     3.240292     0.720291 
2456217.544440 0.000000 0.000000     3.602895     0.582210 
2456219.216953 0.000000 0.000000     3.188454     0.532494 
2456220.889466 0.000000 0.000000     1.829958     0.602965 
2456222.561979 0.000000 0.000000     0.991280     0.798588 
2456224.234492 0.000000 0.000000     1.256183     0.905083 
2456225.907006 0.000000 0.000000     1.070402     0.911507 
2456227.579519 0.000000 0.000000     0.536656     0.927987 
2456229.252032 0.000000 0.000000     1.484098     0.912615 
2456230.924545 0.000000 0.000000     3.273216     0.895563 
2456232.597058 0.000000 0.000000     4.013187     0.912592 
2456234.269571 0.000000 0.000000     3.962917     0.960049 
2456235.942084 0.000000 0.000000     4.077152     0.986456 
2456237.614597 0.000000 0.000000     4.214479     0.923406 
2456239.287110 0.000000 0.000000     3.815879     0.872675 
2456240.959623 0.000000 0.000000     2.603008     0.878825 
2456242.632137 0.000000 0.000000     1.321973     0.950987 
2456244.304650 0.000000 0.000000     1.018736     1.073951 
2456245.977163 0.000000 0.000000     1.045286     1.138559 
2456247.649676 0.000000 0.000000     0.548689     1.156905 
2456249.322189 0.000000 0.000000     0.661998     1.158449 
2456250.994702 0.000000 0.000000     2.041434     1.148058 
2456252.667215 0.000000 0.000000     3.252546     1.148371 
2456254.339728 0.000000 0.000000     3.503545     1.160814 
2456256.012241 0.000000 0.000000     3.510785     1.179970 
2456257.684754 0.000000 0.000000     3.584793     1.170520 
2456259.357267 0.000000 0.000000     3.347883     1.143405 
2456261.029781 0.000000 0.000000     2.541602     1.138174 
2456262.702294 0.000000 0.000000     1.431265     1.154228 
2456264.374807 0.000000 0.000000     0.775991     1.198856 
2456266.047320 0.000000 0.000000     0.708861     1.248803 
2456267.719833 0.000000 0.000000     0.507018     1.270901 
2456269.392346 0.000000 0.000000     0.273833     1.276288 
2456271.064859 0.000000 0.000000     0.807553     1.274020 
2456272.737372 0.000000 0.000000     1.763808     1.271719 
2456274.409885 0.000000 0.000000     2.236879     1.273783 
2456276.082398 0.000000 0.000000     2.288793     1.279842 
2456277.754912 0.000000 0.000000     2.331095     1.282281 
2456279.427425 0.000000 0.000000     2.272031     1.274157 
2456281.099938 0.000000 0.000000     1.895253     1.268821 
2456282.772451 0.000000 0.000000     1.247530     1.271511 
2456284.444964 0.000000 0.000000     0.674085     1.282093 
2456286.117477 0.000000 0.000000     0.462957     1.299996 
2456287.789990 0.000000 0.000000     0.390877     1.313496 
2456289.462503 0.000000 0.000000     0.226034     1.318103 
2456291.135016 0.000000 0.000000     0.275153     1.318561 
2456292.807529 0.000000 0.000000     0.688073     1.317778 
2456294.480043 0.000000 0.000000     1.059764     1.317703 
2456296.152556 0.000000 0.000000     1.169642     1.318801 
2456297.825069 0.000000 0.000000     1.204126     1.320189 
2456299.497582 0.000000 0.000000     1.240037     1.319214 
2456301.170095 0.000000 0.000000     1.179789     1.317145 
2456302.842608 0.000000 0.000000     0.994688     1.316716 
2456304.515121 0.000000 0.000000     0.754798     1.318063 
2456306.187634 0.000000 0.000000     0.565575     1.321517 
2456307.860147 0.000000 0.000000     0.457309     1.325707 
2456309.532660 0.000000 0.000000     0.368335     1.327797 
2456311.205173 0.000000 0.000000     0.314021     1.327810 
2456312.877687 0.000000 0.000000     0.367115     1.327464 
2456314.550200 0.000000 0.000000     0.469918     1.327736 
2456316.222713 0.000000 0.000000     0.522107     1.328487 
2456317.895226 0.000000 0.000000     0.553920     1.329156 
2456319.567739 0.000000 0.000000     0.628691     1.329263 
2456321.240252 0.000000 0.000000     0.752695     1.328488 
2456322.912765 0.000000 0.000000     0.936323     1.326418 
2456324.585278 0.000000 0.000000     1.121770     1.322855 
2456326.257791 0.000000 0.000000     1.137595     1.320483 
2456327.930304 0.000000 0.000000     0.956398     1.321426 
2456329.602818 0.000000 0.000000     0.783460     1.323271 
2456331.275331 0.000000 0.000000     0.721095     1.321443 
2456332.947844 0.000000 0.000000     0.655816     1.317914 
2456334.620357 0.000000 0.000000     0.530949     1.318403 
2456336.292870 0.000000 0.000000     0.421942     1.322745 
2456337.965383 0.000000 0.000000     0.395617     1.326973 
2456339.637896 0.000000 0.000000     0.474065     1.328828 
2456341.310409 0.000000 0.000000     0.685205     1.328286 
2456342.982922 0.000000 0.000000     1.120155     1.322831 
2456344.655435 0.000000 0.000000     1.756049     1.307727 
2456346.327949 0.000000 0.000000     2.174123     1.290045 
2456348.000462 0.000000 0.000000     2.001588     1.286152 
2456349.672975 0.000000 0.000000     1.574537     1.293793 
2456351.345488 0.000000 0.000000     1.397006     1.294329 
2456353.018001 0.000000 0.000000     1.338695     1.279578 
2456354.690514 0.000000 0.000000     1.100591     1.272153 
2456356.363027 0.000000 0.000000     0.797392     1.284506 
2456358.035540 0.000000 0.000000     0.638660     1.304350 
2456359.708053 0.000000 0.000000     0.658531     1.317028 
2456361.380566 0.000000 0.000000     0.862720     1.321404 
2456363.053079 0.000000 0.000000     1.389164     1.314870 
2456364.725593 0.000000 0.000000     2.369151     1.282186 
2456366.398106 0.000000 0.000000     3.332882     1.218997 
2456368.070619 0.000000 0.000000     3.397639     1.180380 
2456369.743132 0.000000 0.000000     2.659078     1.196582 
2456371.415645 0.000000 0.000000     2.149372     1.218213 
2456373.088158 0.000000 0.000000     2.101470     1.194579 
2456374.760671 0.000000 0.000000     1.901964     1.152591 
2456376.433184 0.000000 0.000000     1.461982     1.163388 
2456378.105697 0.000000 0.000000     1.153390     1.217631 
2456379.778210 0.000000 0.000000     1.072143     1.264752 
2456381.450724 0.000000 0.000000     1.159641     1.290316 
2456383.123237 0.000000 0.000000     1.555891     1.297586 
2456384.795750 0.000000 0.000000     2.570504     1.264359 
2456386.468263 0.000000 0.000000     3.938926     1.148492 
2456388.140776 0.000000 0.000000     4.436956     0.986334 
2456389.813289 0.000000 0.000000     3.556918     0.967004 
2456391.485802 0.000000 0.000000     2.576299     1.037881 
2456393.158315 0.000000 0.000000     2.423285     1.044663 
2456394.830828 0.000000 0.000000     2.401595     0.953721 
2456396.503341 0.000000 0.000000     1.999408     0.908763 
2456398.175855 0.000000 0.000000     1.649780     1.004205 
2456399.848368 0.000000 0.000000     1.562872     1.116192 
2456401.520881 0.000000 0.000000     1.525879     1.187071 
2456403.193394 0.000000 0.000000     1.580898     1.235606 
2456404.865907 0.000000 0.000000     2.202142     1.239704 
2456406.538420 0.000000 0.000000     3.496846     1.152484 
2456408.210933 0.000000 0.000000     4.277207     0.925485 
2456409.883446 0.000000 0.000000     3.470948     0.681303 
2456411.555959 0.000000 0.000000     2.163987     0.724562 
2456413.228472 0.000000 0.000000     1.853305     0.795348 
2456414.900985 0.000000 0.000000     2.043894     0.740684 
2456416.573499 0.000000 0.000000     1.846006     0.605966 
2456418.246012 0.000000 0.000000     1.640586     0.680112 
2456419.918525 0.000000 0.000000     1.795898     0.847555 
2456421.591038 0.000000 0.000000     1.887802     0.961354 
2456423.263551 0.000000 0.000000     1.635833     1.070266 
2456424.936064 0.000000 0.000000     1.573923     1.135542 
2456426.608577 0.000000 0.000000     2.313295     1.125766 
2456428.281090 0.000000 0.000000     3.043278     1.034214 
2456429.953603 0.000000 0.000000     2.386316     0.877596 
2456431.626116 0.000000 0.000000     1.053106     0.689717 
2456433.298630 0.000000 0.000000     0.761673     0.541647 
2456434.971143 0.000000 0.000000     1.179616     0.546288 
2456436.643656 0.000000 0.000000     1.155168     0.575069 
2456438.316169 0.000000 0.000000     1.056711     0.563935 
2456439.988682 0.000000 0.000000     1.523507     0.637557 
2456441.661195 0.000000 0.000000     2.058049     0.719732 
2456443.333708 0.000000 0.000000     1.906608     0.849226 
2456445.006221 0.000000 0.000000     1.304012     0.928668 
2456446.678734 0.000000 0.000000     1.312304     0.921608 
2456448.351247 0.000000 0.000000     1.868318     0.933395 
2456450.023761 0.000000 0.000000     1.504651     0.942899 
2456451.696274 0.000000 0.000000     0.351677     0.829040 
2456453.368787 0.000000 0.000000     0.202431     0.632847 
2456455.041300 0.000000 0.000000     0.946332     0.579292 
2456456.713813 0.000000 0.000000     1.076710     0.685938 
2456458.386326 0.000000 0.000000     0.795030     0.689515 
2456460.058839 0.000000 0.000000     1.138084     0.648642 
2456461.731352 0.000000 0.000000     1.920527     0.704176 
2456463.403865 0.000000 0.000000     2.205636     0.834299 
2456465.076378 0.000000 0.000000     1.622026     0.889982 
2456466.748892 0.000000 0.000000     1.044584     0.735103 
2456468.421405 0.000000 0.000000     1.243315     0.646185 
2456470.093918 0.000000 0.000000     1.207674     0.828398 
2456471.766431 0.000000 0.000000     0.319756     0.840889 
2456473.438944 0.000000 0.000000     0.128823     0.642113 
2456475.111457 0.000000 0.000000     1.154045     0.655797 
2456476.783970 0.000000 0.000000     1.724537     0.808289 
2456478.456483 0.000000 0.000000     1.368961     0.818262 
2456480.128996 0.000000 0.000000     1.230323     0.636097 
2456481.801509 0.000000 0.000000     1.672283     0.582239 
2456483.474022 0.000000 0.000000     2.139435     0.768984 
2456485.146536 0.000000 0.000000     2.063898     0.936310 
2456486.819049 0.000000 0.000000     1.516432     0.953151 
2456488.491562 0.000000 0.000000     1.278566     0.920646 
2456490.164075 0.000000 0.000000     1.270744     0.973328 
2456491.836588 0.000000 0.000000     0.677463     1.020777 
2456493.509101 0.000000 0.000000     0.236701     0.950420 
2456495.181614 0.000000 0.000000     1.016234     0.913240 
2456496.854127 0.000000 0.000000     1.957996     0.983405 
2456498.526640 0.000000 0.000000     1.907809     1.001721 
2456500.199153 0.000000 0.000000     1.478526     0.838173 
2456501.871667 0.000000 0.000000     1.327765     0.623108 
2456503.544180 0.000000 0.000000     1.439838     0.646238 
2456505.216693 0.000000 0.000000     1.744244     0.801010 
2456506.889206 0.000000 0.000000     1.924929     0.957345 
2456508.561719 0.000000 0.000000     1.830901     1.070867 
2456510.234232 0.000000 0.000000     1.646583     1.146165 
2456511.906745 0.000000 0.000000     1.163022     1.189896 
2456513.579258 0.000000 0.000000     0.537230     1.186362 
2456515.251771 0.000000 0.000000     0.674600     1.157219 
2456516.924284 0.000000 0.000000     1.415469     1.161814 
2456518.596798 0.000000 0.000000     1.628750     1.163922 
2456520.269311 0.000000 0.000000     1.206063     1.065779 
2456521.941824 0.000000 0.000000     0.721354     0.842353 
2456523.614337 0.000000 0.000000     0.421187     0.618995 
2456525.286850 0.000000 0.000000     0.657200     0.572263 
2456526.959363 0.000000 0.000000     1.510913     0.755876 
2456528.631876 0.000000 0.000000     2.248363     0.990417 
2456530.304389 0.000000 0.000000     2.299023     1.151860 
2456531.976902 0.000000 0.000000     1.764666     1.240660 
2456533.649415 0.000000 0.000000     1.009935     1.276087 
2456535.321928 0.000000 0.000000     0.603537     1.276087 
2456536.994442 0.000000 0.000000     0.782435     1.270185 
2456538.666955 0.000000 0.000000     0.952750     1.260489 
2456540.339468 0.000000 0.000000     0.658064     1.201628 
2456542.011981 0.000000 0.000000     0.190079     1.046251 
2456543.684494 0.000000 0.000000    -0.140741     0.861834 
2456545.357007 0.000000 0.000000    -0.110311     0.771376 
2456547.029520 0.000000 0.000000     0.654291     0.757767 
2456548.702033 0.000000 0.000000     1.909779     0.832580 
2456550.374546 0.000000 0.000000     2.651146     1.006831 
2456552.047059 0.000000 0.000000     2.363300     1.170610 
2456553.719573 0.000000 0.000000     1.526221     1.270204 
2456555.392086 0.000000 0.000000     0.817638     1.305396 
2456557.064599 0.000000 0.000000     0.514396     1.310691 
2456558.737112 0.000000 0.000000     0.434291     1.300715 
2456560.409625 0.000000 0.000000     0.205786     1.253393 
2456562.082138 0.000000 0.000000    -0.163182     1.110841 
2456563.754651 0.000000 0.000000    -0.332493     0.893099 
2456565.427164 0.000000 0.000000    -0.259187     0.785496 
2456567.099677 0.000000 0.000000     0.034835     0.769988 
2456568.772190 0.000000 0.000000     0.831069     0.721007 
2456570.444704 0.000000 0.000000     1.879021     0.759761 
2456572.117217 0.000000 0.000000     2.251423     0.987024 
2456573.789730 0.000000 0.000000     1.722048     1.192809 
2456575.462243 0.000000 0.000000     0.980408     1.288122 
2456577.134756 0.000000 0.000000     0.481249     1.315180 
2456578.807269 0.000000 0.000000     0.196430     1.314197 
2456580.479782 0.000000 0.000000    -0.038111     1.282513 
2456582.152295 0.000000 0.000000    -0.338956     1.166922 
2456583.824808 0.000000 0.000000    -0.473766     0.893822 
2456585.497321 0.000000 0.000000    -0.281571     0.561402 
2456587.169834 0.000000 0.000000    -0.174300     0.569499 
2456588.842348 0.000000 0.000000    -0.186113     0.648550 
2456590.514861 0.000000 0.000000     0.281696     0.616866 
2456592.187374 0.000000 0.000000     1.026695     0.800186 
2456593.859887 0.000000 0.000000     1.203916     1.083194 
2456595.532400 0.000000 0.000000     0.820230     1.249382 
2456597.204913 0.000000 0.000000     0.411090     1.307106 
2456598.877426 0.000000 0.000000     0.119988     1.319336 
2456600.549939 0.000000 0.000000    -0.099438     1.308719 
2456602.222452 0.000000 0.000000    -0.314228     1.257990 
2456603.894965 0.000000 0.000000    -0.477597     1.123256 
2456605.567479 0.000000 0.000000    -0.343974     0.956775 
2456607.239992 0.000000 0.000000    -0.157420     0.907861 
2456608.912505 0.000000 0.000000    -0.418360     0.923928 
2456610.585018 0.000000 0.000000    -0.685310     0.925023 
2456612.257531 0.000000 0.000000    -0.303545     0.946202 
2456613.930044 0.000000 0.000000     0.269394     1.080662 
2456615.602557 0.000000 0.000000     0.399469     1.228724 
2456617.275070 0.000000 0.000000     0.243519     1.300679 
2456618.947583 0.000000 0.000000     0.075014     1.321441 
2456620.620096 0.000000 0.000000    -0.070620     1.323069 
2456622.292610 0.000000 0.000000    -0.193381     1.310474 
2456623.965123 0.000000 0.000000    -0.318381     1.270761 
2456625.637636 0.000000 0.000000    -0.315063     1.209124 
2456627.310149 0.000000 0.000000    -0.140537     1.176222 
2456628.982662 0.000000 0.000000    -0.224304     1.170557 
2456630.655175 0.000000 0.000000    -0.664161     1.168430 
2456632.327688 0.000000 0.000000    -0.806832     1.164939 
2456634.000201 0.000000 0.000000    -0.423036     1.193772 
2456635.672714 0.000000 0.000000    -0.046036     1.256265 
2456637.345227 0.000000 0.000000     0.047237     1.305051 
2456639.017741 0.000000 0.000000     0.014818     1.323686 
2456640.690254 0.000000 0.000000    -0.037171     1.328052 
2456642.362767 0.000000 0.000000    -0.083337     1.326810 
2456644.035280 0.000000 0.000000    -0.136060     1.319458 
2456645.707793 0.000000 0.000000    -0.180039     1.303797 
2456647.380306 0.000000 0.000000    -0.117138     1.290140 
2456649.052819 0.000000 0.000000    -0.077836     1.285356 
2456650.725332 0.000000 0.000000    -0.312754     1.282996 
2456652.397845 0.000000 0.000000    -0.606826     1.279855 
2456654.070358 0.000000 0.000000    -0.564323     1.282579 
2456655.742871 0.000000 0.000000    -0.287894     1.298136 
2456657.415385 0.000000 0.000000    -0.099078     1.316713 
2456659.087898 0.000000 0.000000    -0.042828     1.326298 
2456660.760411 0.000000 0.000000    -0.026800     1.328816 
2456662.432924 0.000000 0.000000    -0.012457     1.329147 
2456664.105437 0.000000 0.000000    -0.004665     1.328690 
2456665.777950 0.000000 0.000000    -0.022016     1.326851 
2456667.450463 0.000000 0.000000    -0.027463     1.324013 
2456669.122976 0.000000 0.000000    -0.006656     1.322434 
2456670.795489 0.000000 0.000000    -0.075281     1.321582 
2456672.468002 0.000000 0.000000    -0.255506     1.320525 
2456674.140516 0.000000 0.000000    -0.353619     1.319969 
2456675.813029 0.000000 0.000000    -0.273513     1.322005 
2456677.485542 0.000000 0.000000    -0.149249     1.325411 
2456679.158055 0.000000 0.000000    -0.083081     1.326039 
2456680.830568 0.000000 0.000000    -0.037950     1.323188 
2456682.503081 0.000000 0.000000     0.023343     1.321182 
2456684.175594 0.000000 0.000000     0.084528     1.322323 
2456685.848107 0.000000 0.000000     0.125290     1.325580 
2456687.520620 0.000000 0.000000     0.138919     1.328060 
2456689.193133 0.000000 0.000000     0.122451     1.329149 
2456690.865647 0.000000 0.000000     0.068828     1.329602 
2456692.538160 0.000000 0.000000    -0.022320     1.329603 
2456694.210673 0.000000 0.000000    -0.109371     1.329391 
2456695.883186 0.000000 0.000000    -0.134055     1.329065 
2456697.555699 0.000000 0.000000    -0.113805     1.327551 
2456699.228212 0.000000 0.000000    -0.104865     1.320556 
2456700.900725 0.000000 0.000000    -0.075815     1.303264 
2456702.573238 0.000000 0.000000     0.021307     1.286218 
2456704.245751 0.000000 0.000000     0.142524     1.284933 
2456705.918264 0.000000 0.000000     0.260930     1.297815 
2456707.590777 0.000000 0.000000     0.379765     1.313108 
2456709.263291 0.000000 0.000000     0.411570     1.322260 
2456710.935804 0.000000 0.000000     0.307490     1.327330 
2456712.608317 0.000000 0.000000     0.168722     1.329550 
2456714.280830 0.000000 0.000000     0.067957     1.330091 
2456715.953343 0.000000 0.000000    -0.001275     1.329589 
2456717.625856 0.000000 0.000000    -0.048156     1.326397 
2456719.298369 0.000000 0.000000    -0.108367     1.313352 
2456720.970882 0.000000 0.000000    -0.141790     1.272300 
2456722.643395 0.000000 0.000000    -0.034852     1.204752 
2456724.315908 0.000000 0.000000     0.157590     1.171645 
2456725.988422 0.000000 0.000000     0.354735     1.197050 
2456727.660935 0.000000 0.000000     0.633331     1.246364 
2456729.333448 0.000000 0.000000     0.869032     1.283085 
2456731.005961 0.000000 0.000000     0.789079     1.307562 
2456732.678474 0.000000 0.000000     0.500128     1.322289 
2456734.350987 0.000000 0.000000     0.272518     1.327592 
2456736.023500 0.000000 0.000000     0.124591     1.328486 
2456737.696013 0.000000 0.000000     0.011608     1.325409 
2456739.368526 0.000000 0.000000    -0.099511     1.310905 
2456741.041039 0.000000 0.000000    -0.212964     1.257090 
2456742.713553 0.000000 0.000000    -0.149187     1.119070 
2456744.386066 0.000000 0.000000     0.111617     0.956206 
2456746.058579 0.000000 0.000000     0.374483     0.954993 
2456747.731092 0.000000 0.000000     0.767888     1.060851 
2456749.403605 0.000000 0.000000     1.323115     1.156726 
2456751.076118 0.000000 0.000000     1.486305     1.230481 
2456752.748631 0.000000 0.000000     1.077455     1.289552 
2456754.421144 0.000000 0.000000     0.610599     1.316936 
2456756.093657 0.000000 0.000000     0.319733     1.324977 
2456757.766170 0.000000 0.000000     0.095468     1.324952 
2456759.438683 0.000000 0.000000    -0.090172     1.314227 
2456761.111197 0.000000 0.000000    -0.270672     1.270654 
2456762.783710 0.000000 0.000000    -0.294288     1.132546 
2456764.456223 0.000000 0.000000    -0.002834     0.852355 
2456766.128736 0.000000 0.000000     0.331941     0.647760 
2456767.801249 0.000000 0.000000     0.724201     0.744060 
2456769.473762 0.000000 0.000000     1.502657     0.884385 
2456771.146275 0.000000 0.000000     2.095771     1.035325 
2456772.818788 0.000000 0.000000     1.776278     1.192567 
2456774.491301 0.000000 0.000000     1.053209     1.281442 
2456776.163814 0.000000 0.000000     0.584937     1.311573 
2456777.836328 0.000000 0.000000     0.253937     1.320452 
2456779.508841 0.000000 0.000000    -0.067386     1.316746 
2456781.181354 0.000000 0.000000    -0.342672     1.288509 
2456782.853867 0.000000 0.000000    -0.461965     1.191840 
2456784.526380 0.000000 0.000000    -0.192382     0.969453 
2456786.198893 0.000000 0.000000     0.243195     0.742184 
2456787.871406 0.000000 0.000000     0.613018     0.699615 
2456789.543919 0.000000 0.000000     1.370226     0.638943 
2456791.216432 0.000000 0.000000     2.278836     0.775192 
2456792.888945 0.000000 0.000000     2.232498     1.033594 
2456794.561459 0.000000 0.000000     1.372892     1.201259 
2456796.233972 0.000000 0.000000     0.752418     1.267691 
2456797.906485 0.000000 0.000000     0.434568     1.294971 
2456799.578998 0.000000 0.000000     0.018053     1.307225 
2456801.251511 0.000000 0.000000    -0.443195     1.291769 
2456802.924024 0.000000 0.000000    -0.708488     1.224747 
2456804.596537 0.000000 0.000000    -0.508439     1.057661 
2456806.269050 0.000000 0.000000     0.009438     0.807999 
2456807.941563 0.000000 0.000000     0.417443     0.712299 
2456809.614076 0.000000 0.000000     1.032012     0.722935 
2456811.286590 0.000000 0.000000     1.988485     0.812874 
2456812.959103 0.000000 0.000000     2.197102     0.969583 
2456814.631616 0.000000 0.000000     1.337097     1.088746 
2456816.304129 0.000000 0.000000     0.609640     1.154345 
2456817.976642 0.000000 0.000000     0.451189     1.203212 
2456819.649155 0.000000 0.000000     0.170663     1.256284 
2456821.321668 0.000000 0.000000    -0.461746     1.271406 
2456822.994181 0.000000 0.000000    -1.005856     1.218333 
2456824.666694 0.000000 0.000000    -0.958148     1.106691 
2456826.339207 0.000000 0.000000    -0.388827     0.950468 
2456828.011720 0.000000 0.000000     0.065939     0.805756 
2456829.684234 0.000000 0.000000     0.477723     0.727762 
2456831.356747 0.000000 0.000000     1.324723     0.829119 
2456833.029260 0.000000 0.000000     1.811945     0.975791 
2456834.701773 0.000000 0.000000     1.142523     0.996495 
2456836.374286 0.000000 0.000000     0.316515     0.937472 
2456838.046799 0.000000 0.000000     0.268263     0.971834 
2456839.719312 0.000000 0.000000     0.333924     1.106434 
2456841.391825 0.000000 0.000000    -0.220970     1.209157 
2456843.064338 0.000000 0.000000    -1.058209     1.176913 
2456844.736851 0.000000 0.000000    -1.304306     1.034606 
2456846.409365 0.000000 0.000000    -0.666677     0.923717 
2456848.081878 0.000000 0.000000     0.043706     0.917730 
2456849.754391 0.000000 0.000000     0.313335     0.928517 
2456851.426904 0.000000 0.000000     0.778152     0.939505 
2456853.099417 0.000000 0.000000     1.410304     0.984265 
2456854.771930 0.000000 0.000000     1.227949     0.975068 
2456856.444443 0.000000 0.000000     0.482411     0.801962 
2456858.116956 0.000000 0.000000     0.294857     0.673350 
2456859.789469 0.000000 0.000000     0.533063     0.894274 
2456861.461982 0.000000 0.000000     0.260530     1.118712 
2456863.134496 0.000000 0.000000    -0.637295     1.169144 
2456864.807009 0.000000 0.000000    -1.272266     1.016932 
2456866.479522 0.000000 0.000000    -0.840815     0.788644 
2456868.152035 0.000000 0.000000     0.160892     0.856743 
2456869.824548 0.000000 0.000000     0.642221     1.027150 
2456871.497061 0.000000 0.000000     0.753027     1.094398 
2456873.169574 0.000000 0.000000     1.191629     1.044415 
2456874.842087 0.000000 0.000000     1.544378     0.925300 
2456876.514600 0.000000 0.000000     1.302885     0.813207 
2456878.187113 0.000000 0.000000     0.987887     0.801911 
2456879.859626 0.000000 0.000000     0.975868     0.948588 
2456881.532140 0.000000 0.000000     0.799961     1.112967 
2456883.204653 0.000000 0.000000     0.078134     1.210910 
2456884.877166 0.000000 0.000000    -0.751408     1.170030 
2456886.549679 0.000000 0.000000    -0.803032     1.037995 
2456888.222192 0.000000 0.000000     0.040917     1.000013 
2456889.894705 0.000000 0.000000     0.799812     1.096708 
2456891.567218 0.000000 0.000000     0.936459     1.182371 
2456893.239731 0.000000 0.000000     1.070695     1.148383 
2456894.912244 0.000000 0.000000     1.563313     0.947331 
2456896.584757 0.000000 0.000000     1.929047     0.697391 
2456898.257271 0.000000 0.000000     1.874051     0.807417 
2456899.929784 0.000000 0.000000     1.607854     1.030364 
2456901.602297 0.000000 0.000000     1.243504     1.174935 
2456903.274810 0.000000 0.000000     0.659730     1.255011 
2456904.947323 0.000000 0.000000    -0.080975     1.273007 
2456906.619836 0.000000 0.000000    -0.474561     1.235153 
2456908.292349 0.000000 0.000000    -0.119959     1.201941 
2456909.964862 0.000000 0.000000     0.561075     1.214621 
2456911.637375 0.000000 0.000000     0.872630     1.250558 
2456913.309888 0.000000 0.000000     0.898121     1.249159 
2456914.982402 0.000000 0.000000     1.176395     1.151919 
2456916.654915 0.000000 0.000000     1.716686     0.994939 
2456918.327428 0.000000 0.000000     2.044006     0.969412 
2456919.999941 0.000000 0.000000     1.897052     1.089742 
2456921.672454 0.000000 0.000000     1.436276     1.216942 
2456923.344967 0.000000 0.000000     0.891946     1.284578 
2456925.017480 0.000000 0.000000     0.336069     1.309778 
2456926.689993 0.000000 0.000000    -0.090574     1.308315 
2456928.362506 0.000000 0.000000    -0.113087     1.297201 
2456930.035019 0.000000 0.000000     0.240663     1.294546 
2456931.707532 0.000000 0.000000     0.557983     1.301287 
2456933.380046 0.000000 0.000000     0.630335     1.304338 
2456935.052559 0.000000 0.000000     0.715225     1.278800 
2456936.725072 0.000000 0.000000     1.060516     1.221685 
2456938.397585 0.000000 0.000000     1.482873     1.186917 
2456940.070098 0.000000 0.000000     1.591649     1.205882 
2456941.742611 0.000000 0.000000     1.292475     1.259090 
2456943.415124 0.000000 0.000000     0.836518     1.303052 
2456945.087637 0.000000 0.000000     0.430961     1.321602 
2456946.760150 0.000000 0.000000     0.121128     1.326296 
2456948.432663 0.000000 0.000000    -0.017203     1.325231 
2456950.105177 0.000000 0.000000     0.069235     1.323904 
2456951.777690 0.000000 0.000000     0.245915     1.324308 
2456953.450203 0.000000 0.000000     0.338627     1.324930 
2456955.122716 0.000000 0.000000     0.369911     1.320805 
2456956.795229 0.000000 0.000000     0.505048     1.307159 
2456958.467742 0.000000 0.000000     0.778268     1.292700 
2456960.140255 0.000000 0.000000     0.976277     1.290621 
2456961.812768 0.000000 0.000000     0.898256     1.301515 
2456963.485281 0.000000 0.000000     0.620476     1.317489 
2456965.157794 0.000000 0.000000     0.344568     1.326791 
2456966.830308 0.000000 0.000000     0.150108     1.329771 
2456968.502821 0.000000 0.000000     0.037900     1.330323 
2456970.175334 0.000000 0.000000     0.020379     1.330225 
2456971.847847 0.000000 0.000000     0.072490     1.330191 
2456973.520360 0.000000 0.000000     0.126461     1.330204 
2456975.192873 0.000000 0.000000     0.151704     1.329757 
2456976.865386 0.000000 0.000000     0.194039     1.327860 
2456978.537899 0.000000 0.000000     0.308652     1.324769 
2456980.210412 0.000000 0.000000     0.443678     1.323105 
2456981.882925 0.000000 0.000000     0.470285     1.324028 
2456983.555438 0.000000 0.000000     0.359388     1.327003 
2456985.227952 0.000000 0.000000     0.209463     1.329634 
2456986.900465 0.000000 0.000000     0.098960     1.330685 
2456988.572978 0.000000 0.000000     0.033861     1.330951 
2456990.245491 0.000000 0.000000     0.005553     1.330992 
2456991.918004 0.000000 0.000000     0.007557     1.330988 
2456993.590517 0.000000 0.000000     0.024052     1.330982 
2456995.263030 0.000000 0.000000     0.039228     1.330954 
2456996.935543 0.000000 0.000000     0.055288     1.330821 
2456998.608056 0.000000 0.000000     0.093409     1.330507 
2457000.280569 0.000000 0.000000     0.151890     1.330214 
2457001.953083 0.000000 0.000000     0.183256     1.330198 
2457003.625596 0.000000 0.000000     0.155643     1.330465 
2457005.298109 0.000000 0.000000     0.097041     1.330817 
2457006.970622 0.000000 0.000000     0.046889     1.330999 
2457008.643135 0.000000 0.000000     0.014311     1.331049 
2457010.315648 0.000000 0.000000    -0.004994     1.331059 
2457011.988161 0.000000 0.000000    -0.012194     1.331055 
2457013.660674 0.000000 0.000000    -0.008579     1.331049 
2457015.333187 0.000000 0.000000    -0.000066     1.331047 
2457017.005700 0.000000 0.000000     0.007863     1.331043 
2457018.678214 0.000000 0.000000     0.021923     1.331018 
2457020.350727 0.000000 0.000000     0.049444     1.330978 
2457022.023240 0.000000 0.000000     0.074165     1.330965 
2457023.695753 0.000000 0.000000     0.073688     1.330987 
2457025.368266 0.000000 0.000000     0.052734     1.331025 
2457027.040779 0.000000 0.000000     0.030223     1.331052 
2457028.713292 0.000000 0.000000     0.011928     1.331062 
2457030.385805 0.000000 0.000000    -0.003979     1.331066 
2457032.058318 0.000000 0.000000    -0.014155     1.331061 
2457033.730831 0.000000 0.000000    -0.014130     1.331053 
2457035.403345 0.000000 0.000000    -0.006260     1.331046 
2457037.075858 0.000000 0.000000     0.001004     1.331017 
2457038.748371 0.000000 0.000000     0.008999     1.330886 
2457040.420884 0.000000 0.000000     0.037742     1.330593 
2457042.093397 0.000000 0.000000     0.092538     1.330356 
2457043.765910 0.000000 0.000000     0.135216     1.330359 
2457045.438423 0.000000 0.000000     0.129357     1.330562 
2457047.110936 0.000000 0.000000     0.089633     1.330828 
2457048.783449 0.000000 0.000000     0.048597     1.330967 
2457050.455962 0.000000 0.000000     0.015955     1.331004 
2457052.128475 0.000000 0.000000    -0.006321     1.331007 
2457053.800989 0.000000 0.000000    -0.014063     1.330995 
2457055.473502 0.000000 0.000000    -0.009785     1.330958 
2457057.146015 0.000000 0.000000    -0.000510     1.330810 
2457058.818528 0.000000 0.000000     0.009472     1.330154 
2457060.491041 0.000000 0.000000     0.047487     1.328180 
2457062.163554 0.000000 0.000000     0.164670     1.325552 
2457063.836067 0.000000 0.000000     0.325022     1.324627 
2457065.508580 0.000000 0.000000     0.391959     1.325711 
2457067.181093 0.000000 0.000000     0.312947     1.328045 
2457068.853606 0.000000 0.000000     0.178975     1.329785 
2457070.526120 0.000000 0.000000     0.071167     1.330253 
2457072.198633 0.000000 0.000000     0.003348     1.330256 
2457073.871146 0.000000 0.000000    -0.027119     1.330256 
2457075.543659 0.000000 0.000000    -0.034220     1.330157 
2457077.216172 0.000000 0.000000    -0.028342     1.329763 
2457078.888685 0.000000 0.000000    -0.009694     1.328079 
2457080.561198 0.000000 0.000000     0.037841     1.321560 
2457082.233711 0.000000 0.000000     0.210691     1.307843 
2457083.906224 0.000000 0.000000     0.556993     1.297470 
2457085.578737 0.000000 0.000000     0.847224     1.298732 
2457087.251251 0.000000 0.000000     0.809929     1.309170 
2457088.923764 0.000000 0.000000     0.518683     1.320874 
2457090.596277 0.000000 0.000000     0.220670     1.325194 
2457092.268790 0.000000 0.000000     0.021483     1.324685 
2457093.941303 0.000000 0.000000    -0.077887     1.324337 
2457095.613816 0.000000 0.000000    -0.110792     1.324258 
2457097.286329 0.000000 0.000000    -0.118115     1.323425 
2457098.958842 0.000000 0.000000    -0.092159     1.321014 
2457100.631355 0.000000 0.000000    -0.023790     1.310267 
2457102.303868 0.000000 0.000000     0.168794     1.274542 
2457103.976381 0.000000 0.000000     0.668351     1.223252 
2457105.648895 0.000000 0.000000     1.317156     1.206616 
2457107.321408 0.000000 0.000000     1.551038     1.232964 
2457108.993921 0.000000 0.000000     1.170914     1.279105 
2457110.666434 0.000000 0.000000     0.568406     1.304572 
2457112.338947 0.000000 0.000000     0.095732     1.302391 
2457114.011460 0.000000 0.000000    -0.172206     1.296248 
2457115.683973 0.000000 0.000000    -0.273519     1.296168 
2457117.356486 0.000000 0.000000    -0.303462     1.294466 
2457119.028999 0.000000 0.000000    -0.285672     1.291555 
2457120.701512 0.000000 0.000000    -0.184486     1.284310 
2457122.374026 0.000000 0.000000     0.019344     1.242766 
2457124.046539 0.000000 0.000000     0.536876     1.122466 
2457125.719052 0.000000 0.000000     1.464648     1.003692 
2457127.391565 0.000000 0.000000     2.177497     1.032736 
2457129.064078 0.000000 0.000000     1.993024     1.156897 
2457130.736591 0.000000 0.000000     1.147599     1.248876 
2457132.409104 0.000000 0.000000     0.295383     1.252748 
2457134.081617 0.000000 0.000000    -0.264948     1.215709 
2457135.754130 0.000000 0.000000    -0.518304     1.204458 
2457137.426643 0.000000 0.000000    -0.589865     1.203782 
2457139.099157 0.000000 0.000000    -0.594986     1.195795 
2457140.771670 0.000000 0.000000    -0.481639     1.198118 
2457142.444183 0.000000 0.000000    -0.239219     1.198598 
2457144.116696 0.000000 0.000000     0.202704     1.109254 
2457145.789209 0.000000 0.000000     1.104407     0.876408 
2457147.461722 0.000000 0.000000     2.163158     0.775623 
2457149.134235 0.000000 0.000000     2.448057     0.981608 
2457150.806748 0.000000 0.000000     1.700927     1.165606 
2457152.479261 0.000000 0.000000     0.595959     1.200421 
2457154.151774 0.000000 0.000000    -0.277965     1.095856 
2457155.824287 0.000000 0.000000    -0.753224     0.996169 
2457157.496801 0.000000 0.000000    -0.905542     0.995405 
2457159.169314 0.000000 0.000000    -0.932167     0.972756 
2457160.841827 0.000000 0.000000    -0.848381     0.969390 
2457162.514340 0.000000 0.000000    -0.581038     1.050808 
2457164.186853 0.000000 0.000000    -0.187396     1.128544 
2457165.859366 0.000000 0.000000     0.466269     1.075273 
2457167.531879 0.000000 0.000000     1.441584     0.993593 
2457169.204392 0.000000 0.000000     2.090870     1.039184 
2457170.876905 0.000000 0.000000     1.784262     1.155269 
2457172.549418 0.000000 0.000000     0.814565     1.206333 
2457174.221932 0.000000 0.000000    -0.164327     1.097355 
2457175.894445 0.000000 0.000000    -0.809180     0.847987 
2457177.566958 0.000000 0.000000    -1.068168     0.750407 
2457179.239471 0.000000 0.000000    -1.114076     0.738059 
2457180.911984 0.000000 0.000000    -1.071571     0.647301 
2457182.584497 0.000000 0.000000    -0.851477     0.809700 
2457184.257010 0.000000 0.000000    -0.483005     1.063993 
2457185.929523 0.000000 0.000000    -0.037829     1.188486 
2457187.602036 0.000000 0.000000     0.600157     1.199868 
2457189.274549 0.000000 0.000000     1.242205     1.204796 
2457190.947063 0.000000 0.000000     1.343741     1.233930 
2457192.619576 0.000000 0.000000     0.798396     1.260905 
2457194.292089 0.000000 0.000000     0.023576     1.220596 
2457195.964602 0.000000 0.000000    -0.605847     1.090035 
2457197.637115 0.000000 0.000000    -0.930816     0.994043 
2457199.309628 0.000000 0.000000    -1.006109     0.995988 
2457200.982141 0.000000 0.000000    -0.985326     0.970439 
2457202.654654 0.000000 0.000000    -0.850113     0.976432 
2457204.327167 0.000000 0.000000    -0.559180     1.086133 
2457205.999680 0.000000 0.000000    -0.234068     1.219855 
2457207.672194 0.000000 0.000000     0.110493     1.278370 
2457209.344707 0.000000 0.000000     0.510287     1.291097 
2457211.017220 0.000000 0.000000     0.733913     1.298015 
2457212.689733 0.000000 0.000000     0.566159     1.305388 
2457214.362246 0.000000 0.000000     0.135188     1.298271 
2457216.034759 0.000000 0.000000    -0.309388     1.258349 
2457217.707272 0.000000 0.000000    -0.602888     1.213185 
2457219.379785 0.000000 0.000000    -0.702300     1.204383 
2457221.052298 0.000000 0.000000    -0.691058     1.200027 
2457222.724811 0.000000 0.000000    -0.602992     1.190623 
2457224.397324 0.000000 0.000000    -0.395565     1.206063 
2457226.069838 0.000000 0.000000    -0.152996     1.255235 
2457227.742351 0.000000 0.000000     0.021845     1.300474 
2457229.414864 0.000000 0.000000     0.177104     1.318079 
2457231.087377 0.000000 0.000000     0.309094     1.322902 
2457232.759890 0.000000 0.000000     0.298740     1.324789 
2457234.432403 0.000000 0.000000     0.130352     1.324195 
2457236.104916 0.000000 0.000000    -0.097655     1.316355 
2457237.777429 0.000000 0.000000    -0.288354     1.302256 
2457239.449942 0.000000 0.000000    -0.379666     1.293507 
2457241.122455 0.000000 0.000000    -0.379499     1.285691 
2457242.794969 0.000000 0.000000    -0.301072     1.268121 
2457244.467482 0.000000 0.000000    -0.111313     1.258239 
2457246.139995 0.000000 0.000000     0.116039     1.268219 
2457247.812508 0.000000 0.000000     0.222565     1.292818 
2457249.485021 0.000000 0.000000     0.210647     1.315383 
2457251.157534 0.000000 0.000000     0.188090     1.325692 
2457252.830047 0.000000 0.000000     0.161648     1.328909 
2457254.502560 0.000000 0.000000     0.096624     1.329591 
2457256.175073 0.000000 0.000000     0.005251     1.328679 
2457257.847586 0.000000 0.000000    -0.086798     1.325558 
2457259.520100 0.000000 0.000000    -0.146078     1.319668 
2457261.192613 0.000000 0.000000    -0.153434     1.304228 
2457262.865126 0.000000 0.000000    -0.088054     1.261139 
2457264.537639 0.000000 0.000000     0.118560     1.206052 
2457266.210152 0.000000 0.000000     0.420522     1.191369 
2457267.882665 0.000000 0.000000     0.581308     1.215455 
2457269.555178 0.000000 0.000000     0.493841     1.268558 
2457271.227691 0.000000 0.000000     0.318559     1.309106 
2457272.900204 0.000000 0.000000     0.193441     1.324494 
2457274.572717 0.000000 0.000000     0.114673     1.328846 
2457276.245230 0.000000 0.000000     0.060471     1.329601 
2457277.917744 0.000000 0.000000     0.017449     1.328736 
2457279.590257 0.000000 0.000000    -0.016654     1.324225 
2457281.262770 0.000000 0.000000    -0.025724     1.306391 
2457282.935283 0.000000 0.000000     0.013908     1.242662 
2457284.607796 0.000000 0.000000     0.197772     1.096719 
2457286.280309 0.000000 0.000000     0.573069     0.971185 
2457287.952822 0.000000 0.000000     0.893232     0.992182 
2457289.625335 0.000000 0.000000     0.869597     1.121590 
2457291.297848 0.000000 0.000000     0.594745     1.250787 
2457292.970361 0.000000 0.000000     0.340919     1.307590 
2457294.642875 0.000000 0.000000     0.192479     1.324321 
2457296.315388 0.000000 0.000000     0.113140     1.328401 
2457297.987901 0.000000 0.000000     0.072324     1.328670 
2457299.660414 0.000000 0.000000     0.044022     1.325964 
2457301.332927 0.000000 0.000000     0.030344     1.313303 
2457303.005440 0.000000 0.000000     0.046336     1.264226 
2457304.677953 0.000000 0.000000     0.159895     1.109310 
2457306.350466 0.000000 0.000000     0.492001     0.807046 
2457308.022979 0.000000 0.000000     0.924984     0.664474 
2457309.695492 0.000000 0.000000     1.079799     0.901074 
2457311.368006 0.000000 0.000000     0.844454     1.151877 
2457313.040519 0.000000 0.000000     0.505246     1.277169 
2457314.713032 0.000000 0.000000     0.280077     1.316587 
2457316.385545 0.000000 0.000000     0.160589     1.326762 
2457318.058058 0.000000 0.000000     0.100714     1.328773 
2457319.730571 0.000000 0.000000     0.067703     1.328132 
2457321.403084 0.000000 0.000000     0.046069     1.322940 
2457323.075597 0.000000 0.000000     0.045351     1.302289 
2457324.748110 0.000000 0.000000     0.091944     1.232561 
2457326.420623 0.000000 0.000000     0.285255     1.082589 
2457328.093136 0.000000 0.000000     0.654157     0.968335 
2457329.765650 0.000000 0.000000     0.935605     1.001156 
2457331.438163 0.000000 0.000000     0.866489     1.135740 
2457333.110676 0.000000 0.000000     0.570707     1.260046 
2457334.783189 0.000000 0.000000     0.317830     1.311672 
2457336.455702 0.000000 0.000000     0.177882     1.325949 
2457338.128215 0.000000 0.000000     0.105547     1.329292 
2457339.800728 0.000000 0.000000     0.068072     1.329718 
2457341.473241 0.000000 0.000000     0.043456     1.328584 
2457343.145754 0.000000 0.000000     0.031984     1.323236 
2457344.818267 0.000000 0.000000     0.043307     1.304684 
2457346.490781 0.000000 0.000000     0.118056     1.258496 
2457348.163294 0.000000 0.000000     0.323252     1.208407 
2457349.835807 0.000000 0.000000     0.575314     1.199948 
2457351.508320 0.000000 0.000000     0.647607     1.226550 
2457353.180833 0.000000 0.000000     0.491456     1.278738 
2457354.853346 0.000000 0.000000     0.286880     1.314670 
2457356.525859 0.000000 0.000000     0.157417     1.326855 
2457358.198372 0.000000 0.000000     0.090412     1.329925 
2457359.870885 0.000000 0.000000     0.054990     1.330545 
2457361.543398 0.000000 0.000000     0.033669     1.330489 
2457363.215912 0.000000 0.000000     0.019487     1.329621 
2457364.888425 0.000000 0.000000     0.017278     1.326402 
2457366.560938 0.000000 0.000000     0.036813     1.317081 
2457368.233451 0.000000 0.000000     0.113643     1.302276 
2457369.905964 0.000000 0.000000     0.253735     1.295000 
2457371.578477 0.000000 0.000000     0.353913     1.297696 
2457373.250990 0.000000 0.000000     0.320025     1.309015 
2457374.923503 0.000000 0.000000     0.206015     1.322407 
2457376.596016 0.000000 0.000000     0.113054     1.328742 
2457378.268529 0.000000 0.000000     0.063362     1.330504 
2457379.941043 0.000000 0.000000     0.037100     1.330905 
2457381.613556 0.000000 0.000000     0.021855     1.330966 
2457383.286069 0.000000 0.000000     0.011089     1.330891 
2457384.958582 0.000000 0.000000     0.005491     1.330529 
2457386.631095 0.000000 0.000000     0.007983     1.329391 
2457388.303608 0.000000 0.000000     0.027517     1.326910 
2457389.976121 0.000000 0.000000     0.078492     1.324672 
2457391.648634 0.000000 0.000000     0.138420     1.324437 
2457393.321147 0.000000 0.000000     0.152880     1.325762 
2457394.993660 0.000000 0.000000     0.113445     1.328389 
2457396.666173 0.000000 0.000000     0.064927     1.330260 
2457398.338687 0.000000 0.000000     0.035512     1.330889 
2457400.011200 0.000000 0.000000     0.020437     1.331039 
2457401.683713 0.000000 0.000000     0.011670     1.331069 
2457403.356226 0.000000 0.000000     0.005611     1.331070 
2457405.028739 0.000000 0.000000     0.001297     1.331045 
2457406.701252 0.000000 0.000000     0.000046     1.330963 
2457408.373765 0.000000 0.000000     0.003225     1.330748 
2457410.046278 0.000000 0.000000     0.015390     1.330440 
2457411.718791 0.000000 0.000000     0.036545     1.330310 
2457413.391304 0.000000 0.000000     0.050888     1.330382 
2457415.063818 0.000000 0.000000     0.045208     1.330636 
2457416.736331 0.000000 0.000000     0.028473     1.330920 
2457418.408844 0.000000 0.000000     0.015485     1.331048 
2457420.081357 0.000000 0.000000     0.008778     1.331081 
2457421.753870 0.000000 0.000000     0.004983     1.331088 
2457423.426383 0.000000 0.000000     0.002339     1.331089 
2457425.098896 0.000000 0.000000     0.000218     1.331088 
2457426.771409 0.000000 0.000000    -0.001046     1.331084 
2457428.443922 0.000000 0.000000    -0.001001     1.331073 
2457430.116435 0.000000 0.000000     0.000944     1.331051 
2457431.788949 0.000000 0.000000     0.005910     1.331031 
2457433.461462 0.000000 0.000000     0.011844     1.331029 
2457435.133975 0.000000 0.000000     0.013637     1.331042 
2457436.806488 0.000000 0.000000     0.010317     1.331066 
2457438.479001 0.000000 0.000000     0.006006     1.331084 
2457440.151514 0.000000 0.000000     0.003374     1.331089 
2457441.824027 0.000000 0.000000     0.001942     1.331091 
2457443.496540 0.000000 0.000000     0.000966     1.331091 
2457445.169053 0.000000 0.000000     0.000178     1.331091 
2457446.841566 0.000000 0.000000    -0.000455     1.331091 
2457448.514079 0.000000 0.000000    -0.000711     1.331089 
2457450.186593 0.000000 0.000000    -0.000441     1.331086 
2457451.859106 0.000000 0.000000     0.000926     1.331080 
2457453.531619 0.000000 0.000000     0.003863     1.331076 
2457455.204132 0.000000 0.000000     0.006678     1.331076 
2457456.876645 0.000000 0.000000     0.006916     1.331080 
2457458.549158 0.000000 0.000000     0.004925     1.331086 
2457460.221671 0.000000 0.000000     0.002879     1.331090 
2457461.894184 0.000000 0.000000     0.001633     1.331091 
2457463.566697 0.000000 0.000000     0.000917     1.331091 
2457465.239210 0.000000 0.000000     0.000501     1.331091 
2457466.911724 0.000000 0.000000     0.000191     1.331091 
2457468.584237 0.000000 0.000000    -0.000004     1.331090 
2457470.256750 0.000000 0.000000     0.000045     1.331088 
2457471.929263 0.000000 0.000000     0.000744     1.331081 
2457473.601776 0.000000 0.000000     0.003131     1.331073 
2457475.274289 0.000000 0.000000     0.006817     1.331070 
2457476.946802 0.000000 0.000000     0.008822     1.331072 
2457478.619315 0.000000 0.000000     0.007464     1.331080 
2457480.291828 0.000000 0.000000     0.004681     1.331087 
2457481.964341 0.000000 0.000000     0.002615     1.331090 
2457483.636855 0.000000 0.000000     0.001468     1.331091 
2457485.309368 0.000000 0.000000     0.000884     1.331091 
2457486.981881 0.000000 0.000000     0.000584     1.331091 
2457488.654394 0.000000 0.000000     0.000377     1.331091 
2457490.326907 0.000000 0.000000     0.000335     1.331089 
2457491.999420 0.000000 0.000000     0.000652     1.331084 
2457493.671933 0.000000 0.000000     0.002200     1.331075 
2457495.344446 0.000000 0.000000     0.005654     1.331068 
2457497.016959 0.000000 0.000000     0.008927     1.331068 
2457498.689472 0.000000 0.000000     0.008984     1.331074 
2457500.361985 0.000000 0.000000     0.006290     1.331083 
2457502.034499 0.000000 0.000000     0.003582     1.331089 
2457503.707012 0.000000 0.000000     0.001976     1.331091 
2457505.379525 0.000000 0.000000     0.001138     1.331091 
2457507.052038 0.000000 0.000000     0.000732     1.331091 
2457508.724551 0.000000 0.000000     0.000490     1.331091 
2457510.397064 0.000000 0.000000     0.000358     1.331090 
2457512.069577 0.000000 0.000000     0.000436     1.331088 
2457513.742090 0.000000 0.000000     0.001099     1.331083 
2457515.414603 0.000000 0.000000     0.003207     1.331077 
2457517.087116 0.000000 0.000000     0.006259     1.331076 
2457518.759630 0.000000 0.000000     0.007671     1.331078 
2457520.432143 0.000000 0.000000     0.006249     1.331083 
2457522.104656 0.000000 0.000000     0.003803     1.331088 
2457523.777169 0.000000 0.000000     0.002083     1.331090 
2457525.449682 0.000000 0.000000     0.001167     1.331091 
2457527.122195 0.000000 0.000000     0.000704     1.331091 
2457528.794708 0.000000 0.000000     0.000458     1.331091 
2457530.467221 0.000000 0.000000     0.000290     1.331091 
2457532.139734 0.000000 0.000000     0.000244     1.331091 
2457533.812247 0.000000 0.000000     0.000430     1.331089 
2457535.484761 0.000000 0.000000     0.001289     1.331086 
2457537.157274 0.000000 0.000000     0.003107     1.331085 
2457538.829787 0.000000 0.000000     0.004722     1.331085 
2457540.502300 0.000000 0.000000     0.004617     1.331087 
2457542.174813 0.000000 0.000000     0.003155     1.331089 
2457543.847326 0.000000 0.000000     0.001768     1.331091 
2457545.519839 0.000000 0.000000     0.000979     1.331091 
2457547.192352 0.000000 0.000000     0.000574     1.331091 
2457548.864865 0.000000 0.000000     0.000366     1.331091 
2457550.537378 0.000000 0.000000     0.000223     1.331091 
2457552.209891 0.000000 0.000000     0.000130     1.331091 
2457553.882405 0.000000 0.000000     0.000141     1.331091 
2457555.554918 0.000000 0.000000     0.000377     1.331090 
2457557.227431 0.000000 0.000000     0.001099     1.331090 
2457558.899944 0.000000 0.000000     0.002101     1.331089 
2457560.572457 0.000000 0.000000     0.002523     1.331090 
2457562.244970 0.000000 0.000000     0.002023     1.331090 
2457563.917483 0.000000 0.000000     0.001225     1.331091 
2457565.589996 0.000000 0.000000     0.000681     1.331091 
2457567.262509 0.000000 0.000000     0.000393     1.331091 
2457568.935022 0.000000 0.000000     0.000247     1.331091 
2457570.607536 0.000000 0.000000     0.000161     1.331091 
2457572.280049 0.000000 0.000000     0.000083     1.331091 
2457573.952562 0.000000 0.000000     0.000042     1.331091 
2457575.625075 0.000000 0.000000     0.000076     1.331091 
2457577.297588 0.000000 0.000000     0.000269     1.331091 
2457578.970101 0.000000 0.000000     0.000664     1.331091 
2457580.642614 0.000000 0.000000     0.001009     1.331091 
2457582.315127 0.000000 0.000000     0.001001     1.331091 
2457583.987640 0.000000 0.000000     0.000732     1.331091 
2457585.660153 0.000000 0.000000     0.000453     1.331091 
2457587.332667 0.000000 0.000000     0.000230     1.331091 
2457589.005180 0.000000 0.000000     0.000081     1.331091 
2457590.677693 0.000000 0.000000     0.000031     1.331091 
2457592.350206 0.000000 0.000000     0.000016     1.331091 
2457594.022719 0.000000 0.000000    -0.000005     1.331091 
2457595.695232 0.000000 0.000000    -0.000005     1.331091 
2457597.367745 0.000000 0.000000     0.000037     1.331091 
2457599.040258 0.000000 0.000000     0.000151     1.331091 
2457600.712771 0.000000 0.000000     0.000320     1.331091 
2457602.385284 0.000000 0.000000     0.000450     1.331091 
2457604.057798 0.000000 0.000000     0.000510     1.331091 
2457605.730311 0.000000 0.000000     0.000483     1.331091 
2457607.402824 0.000000 0.000000     0.000251     1.331091 
2457609.075337 0.000000 0.000000    -0.000111     1.331091 
2457610.747850 0.000000 0.000000    -0.000299     1.331091 
2457612.420363 0.000000 0.000000    -0.000246     1.331091 
2457614.092876 0.000000 0.000000    -0.000147     1.331091 
2457615.765389 0.000000 0.000000    -0.000083     1.331091 
2457617.437902 0.000000 0.000000    -0.000029     1.331091 
2457619.110415 0.000000 0.000000     0.000031     1.331091 
2457620.782928 0.000000 0.000000     0.000141     1.331091 
2457622.455442 0.000000 0.000000     0.000319     1.331091 
2457624.127955 0.000000 0.000000     0.000578     1.331091 
2457625.800468 0.000000 0.000000     0.000836     1.331090 
2457627.472981 0.000000 0.000000     0.000683     1.331090 
2457629.145494 0.000000 0.000000    -0.000082     1.331090 
2457630.818007 0.000000 0.000000    -0.000824     1.331090 
2457632.490520 0.000000 0.000000    -0.000914     1.331090 
2457634.163033 0.000000 0.000000    -0.000599     1.331091 
2457635.835546 0.000000 0.000000    -0.000321     1.331091 
2457637.508059 0.000000 0.000000    -0.000140     1.331091 
2457639.180573 0.000000 0.000000    -0.000021     1.331091 
2457640.853086 0.000000 0.000000     0.000109     1.331091 
2457642.525599 0.000000 0.000000     0.000349     1.331091 
2457644.198112 0.000000 0.000000     0.000751     1.331091 
2457645.870625 0.000000 0.000000     0.001323     1.331090 
2457647.543138 0.000000 0.000000     0.001543     1.331087 
2457649.215651 0.000000 0.000000     0.000571     1.331085 
2457650.888164 0.000000 0.000000    -0.001115     1.331086 
2457652.560677 0.000000 0.000000    -0.001928     1.331087 
2457654.233190 0.000000 0.000000    -0.001522     1.331089 
2457655.905704 0.000000 0.000000    -0.000850     1.331091 
2457657.578217 0.000000 0.000000    -0.000406     1.331091 
2457659.250730 0.000000 0.000000    -0.000134     1.331091 
2457660.923243 0.000000 0.000000     0.000052     1.331091 
2457662.595756 0.000000 0.000000     0.000333     1.331091 
2457664.268269 0.000000 0.000000     0.000822     1.331091 
2457665.940782 0.000000 0.000000     0.001603     1.331089 
2457667.613295 0.000000 0.000000     0.002382     1.331084 
2457669.285808 0.000000 0.000000     0.001852     1.331079 
2457670.958321 0.000000 0.000000    -0.000483     1.331077 
2457672.630834 0.000000 0.000000    -0.002572     1.331079 
2457674.303348 0.000000 0.000000    -0.002629     1.331085 
2457675.975861 0.000000 0.000000    -0.001572     1.331089 
2457677.648374 0.000000 0.000000    -0.000764     1.331090 
2457679.320887 0.000000 0.000000    -0.000313     1.331091 
2457680.993400 0.000000 0.000000    -0.000039     1.331091 
2457682.665913 0.000000 0.000000     0.000227     1.331091 
2457684.338426 0.000000 0.000000     0.000706     1.331091 
2457686.010939 0.000000 0.000000     0.001488     1.331089 
2457687.683452 0.000000 0.000000     0.002580     1.331085 
2457689.355965 0.000000 0.000000     0.002951     1.331076 
2457691.028479 0.000000 0.000000     0.001087     1.331070 
2457692.700992 0.000000 0.000000    -0.001841     1.331071 
2457694.373505 0.000000 0.000000    -0.002860     1.331078 
2457696.046018 0.000000 0.000000    -0.001792     1.331085 
2457697.718531 0.000000 0.000000    -0.000710     1.331089 
2457699.391044 0.000000 0.000000    -0.000283     1.331091 
2457701.063557 0.000000 0.000000    -0.000058     1.331091 
2457702.736070 0.000000 0.000000     0.000138     1.331091 
2457704.408583 0.000000 0.000000     0.000483     1.331091 
2457706.081096 0.000000 0.000000     0.001095     1.331090 
2457707.753610 0.000000 0.000000     0.002046     1.331088 
2457709.426123 0.000000 0.000000     0.002992     1.331081 
2457711.098636 0.000000 0.000000     0.002475     1.331073 
2457712.771149 0.000000 0.000000     0.000210     1.331071 
2457714.443662 0.000000 0.000000    -0.001230     1.331075 
2457716.116175 0.000000 0.000000    -0.000407     1.331082 
2457717.788688 0.000000 0.000000     0.000714     1.331087 
2457719.461201 0.000000 0.000000     0.000697     1.331089 
2457721.133714 0.000000 0.000000     0.000337     1.331090 
2457722.806227 0.000000 0.000000     0.000247     1.331091 
2457724.478740 0.000000 0.000000     0.000376     1.331091 
2457726.151254 0.000000 0.000000     0.000765     1.331091 
2457727.823767 0.000000 0.000000     0.001447     1.331090 
2457729.496280 0.000000 0.000000     0.002456     1.331087 
2457731.168793 0.000000 0.000000     0.003140     1.331081 
2457732.841306 0.000000 0.000000     0.002459     1.331077 
2457734.513819 0.000000 0.000000     0.001492     1.331076 
2457736.186332 0.000000 0.000000     0.002237     1.331079 
2457737.858845 0.000000 0.000000     0.003562     1.331082 
2457739.531358 0.000000 0.000000     0.003127     1.331084 
2457741.203871 0.000000 0.000000     0.001598     1.331087 
2457742.876385 0.000000 0.000000     0.000714     1.331089 
2457744.548898 0.000000 0.000000     0.000562     1.331090 
2457746.221411 0.000000 0.000000     0.000860     1.331091 
2457747.893924 0.000000 0.000000     0.001682     1.331090 
2457749.566437 0.000000 0.000000     0.003235     1.331085 
2457751.238950 0.000000 0.000000     0.005463     1.331071 
2457752.911463 0.000000 0.000000     0.006387     1.331047 
2457754.583976 0.000000 0.000000     0.004425     1.331033 
2457756.256489 0.000000 0.000000     0.002524     1.331035 
2457757.929002 0.000000 0.000000     0.003374     1.331049 
2457759.601516 0.000000 0.000000     0.004140     1.331064 
2457761.274029 0.000000 0.000000     0.002619     1.331075 
2457762.946542 0.000000 0.000000     0.001057     1.331082 
2457764.619055 0.000000 0.000000     0.000781     1.331087 
2457766.291568 0.000000 0.000000     0.001361     1.331088 
2457767.964081 0.000000 0.000000     0.003167     1.331083 
2457769.636594 0.000000 0.000000     0.006891     1.331058 
2457771.309107 0.000000 0.000000     0.013418     1.330956 
2457772.981620 0.000000 0.000000     0.019099     1.330699 
2457774.654133 0.000000 0.000000     0.014122     1.330426 
2457776.326647 0.000000 0.000000    -0.000901     1.330374 
2457777.999160 0.000000 0.000000    -0.010253     1.330540 
2457779.671673 0.000000 0.000000    -0.007958     1.330801 
2457781.344186 0.000000 0.000000    -0.003807     1.330971 
2457783.016699 0.000000 0.000000    -0.002243     1.331041 
2457784.689212 0.000000 0.000000    -0.000653     1.331067 
2457786.361725 0.000000 0.000000     0.001338     1.331071 
2457788.034238 0.000000 0.000000     0.005131     1.331049 
2457789.706751 0.000000 0.000000     0.013062     1.330934 
2457791.379264 0.000000 0.000000     0.027801     1.330443 
2457793.051777 0.000000 0.000000     0.047256     1.328851 
2457794.724291 0.000000 0.000000     0.047453     1.326233 
2457796.396804 0.000000 0.000000     0.007681     1.324796 
2457798.069317 0.000000 0.000000    -0.040952     1.325496 
2457799.741830 0.000000 0.000000    -0.053303     1.327684 
2457801.414343 0.000000 0.000000    -0.036513     1.329702 
2457803.086856 0.000000 0.000000    -0.019961     1.330616 
2457804.759369 0.000000 0.000000    -0.009254     1.330911 
2457806.431882 0.000000 0.000000    -0.001725     1.330975 
2457808.104395 0.000000 0.000000     0.005360     1.330929 
2457809.776908 0.000000 0.000000     0.018889     1.330620 
2457811.449422 0.000000 0.000000     0.044043     1.329258 
2457813.121935 0.000000 0.000000     0.085392     1.324110 
2457814.794448 0.000000 0.000000     0.113979     1.311835 
2457816.466961 0.000000 0.000000     0.062599     1.299549 
2457818.139474 0.000000 0.000000    -0.058886     1.298194 
2457819.811987 0.000000 0.000000    -0.136876     1.307209 
2457821.484500 0.000000 0.000000    -0.120444     1.319789 
2457823.157013 0.000000 0.000000    -0.071205     1.327231 
2457824.829526 0.000000 0.000000    -0.035729     1.329832 
2457826.502039 0.000000 0.000000    -0.013215     1.330541 
2457828.174553 0.000000 0.000000     0.001148     1.330591 
2457829.847066 0.000000 0.000000     0.019780     1.330108 
2457831.519579 0.000000 0.000000     0.054596     1.327732 
2457833.192092 0.000000 0.000000     0.115533     1.318112 
2457834.864605 0.000000 0.000000     0.190540     1.287527 
2457836.537118 0.000000 0.000000     0.177193     1.235907 
2457838.209631 0.000000 0.000000    -0.002239     1.208252 
2457839.882144 0.000000 0.000000    -0.206911     1.227068 
2457841.554657 0.000000 0.000000    -0.250342     1.273192 
2457843.227170 0.000000 0.000000    -0.168050     1.309753 
2457844.899683 0.000000 0.000000    -0.087477     1.324510 
2457846.572197 0.000000 0.000000    -0.038649     1.328853 
2457848.244710 0.000000 0.000000    -0.009491     1.329804 
2457849.917223 0.000000 0.000000     0.013320     1.329479 
2457851.589736 0.000000 0.000000     0.052664     1.326874 
2457853.262249 0.000000 0.000000     0.121629     1.315726 
2457854.934762 0.000000 0.000000     0.229560     1.274008 
2457856.607275 0.000000 0.000000     0.296218     1.163960 
2457858.279788 0.000000 0.000000     0.149208     1.027353 
2457859.952301 0.000000 0.000000    -0.164471     1.021511 
2457861.624814 0.000000 0.000000    -0.340299     1.138809 
2457863.297328 0.000000 0.000000    -0.271333     1.253582 
2457864.969841 0.000000 0.000000    -0.141104     1.307136 
2457866.642354 0.000000 0.000000    -0.064889     1.323670 
2457868.314867 0.000000 0.000000    -0.022771     1.328120 
2457869.987380 0.000000 0.000000     0.004037     1.328838 
2457871.659893 0.000000 0.000000     0.038616     1.327315 
2457873.332406 0.000000 0.000000     0.101565     1.319368 
2457875.004919 0.000000 0.000000     0.205913     1.288141 
2457876.677432 0.000000 0.000000     0.328766     1.184099 
2457878.349945 0.000000 0.000000     0.301464     0.957648 
2457880.022459 0.000000 0.000000     0.018820     0.779620 
2457881.694972 0.000000 0.000000    -0.259230     0.949220 
2457883.367485 0.000000 0.000000    -0.258743     1.160072 
2457885.039998 0.000000 0.000000    -0.108797     1.272614 
2457886.712511 0.000000 0.000000    -0.027663     1.311044 
2457888.385024 0.000000 0.000000    -0.008483     1.323086 
2457890.057537 0.000000 0.000000     0.006032     1.327356 
2457891.730050 0.000000 0.000000     0.026557     1.328146 
2457893.402563 0.000000 0.000000     0.070268     1.325243 
2457895.075076 0.000000 0.000000     0.146144     1.312062 
2457896.747589 0.000000 0.000000     0.260127     1.265548 
2457898.420103 0.000000 0.000000     0.335545     1.149760 
2457900.092616 0.000000 0.000000     0.218600     1.018068 
2457901.765129 0.000000 0.000000    -0.001905     1.022311 
2457903.437642 0.000000 0.000000    -0.030701     1.131625 
2457905.110155 0.000000 0.000000     0.120657     1.231363 
2457906.782668 0.000000 0.000000     0.180451     1.278884 
2457908.455181 0.000000 0.000000     0.109515     1.300910 
2457910.127694 0.000000 0.000000     0.049657     1.316895 
2457911.800207 0.000000 0.000000     0.036820     1.325534 
2457913.472720 0.000000 0.000000     0.052790     1.327815 
2457915.145234 0.000000 0.000000     0.097404     1.325196 
2457916.817747 0.000000 0.000000     0.171428     1.312970 
2457918.490260 0.000000 0.000000     0.266764     1.278038 
2457920.162773 0.000000 0.000000     0.301951     1.225268 
2457921.835286 0.000000 0.000000     0.252761     1.196606 
2457923.507799 0.000000 0.000000     0.306460     1.191079 
2457925.180312 0.000000 0.000000     0.517827     1.186272 
2457926.852825 0.000000 0.000000     0.599563     1.191533 
2457928.525338 0.000000 0.000000     0.413307     1.219260 
2457930.197851 0.000000 0.000000     0.186468     1.267074 
2457931.870365 0.000000 0.000000     0.083581     1.306615 
2457933.542878 0.000000 0.000000     0.061466     1.323211 
2457935.215391 0.000000 0.000000     0.076555     1.327636 
2457936.887904 0.000000 0.000000     0.117876     1.326646 
2457938.560417 0.000000 0.000000     0.184716     1.319827 
2457940.232930 0.000000 0.000000     0.272552     1.304575 
2457941.905443 0.000000 0.000000     0.359247     1.284701 
2457943.577956 0.000000 0.000000     0.529769     1.248131 
2457945.250469 0.000000 0.000000     0.855035     1.152679 
2457946.922982 0.000000 0.000000     1.067067     1.024335 
2457948.595496 0.000000 0.000000     0.868800     1.011502 
2457950.268009 0.000000 0.000000     0.452948     1.123637 
2457951.940522 0.000000 0.000000     0.180030     1.244317 
2457953.613035 0.000000 0.000000     0.090430     1.304281 
2457955.285548 0.000000 0.000000     0.074824     1.323142 
2457956.958061 0.000000 0.000000     0.092972     1.327842 
2457958.630574 0.000000 0.000000     0.130972     1.327823 
2457960.303087 0.000000 0.000000     0.200521     1.324577 
2457961.975600 0.000000 0.000000     0.319248     1.315235 
2457963.648113 0.000000 0.000000     0.526887     1.286919 
2457965.320626 0.000000 0.000000     0.895312     1.192871 
2457966.993140 0.000000 0.000000     1.255511     0.976341 
2457968.665653 0.000000 0.000000     1.214960     0.775264 
2457970.338166 0.000000 0.000000     0.759508     0.923781 
2457972.010679 0.000000 0.000000     0.318890     1.144880 
2457973.683192 0.000000 0.000000     0.125683     1.270529 
2457975.355705 0.000000 0.000000     0.076046     1.314317 
2457977.028218 0.000000 0.000000     0.073613     1.326104 
2457978.700731 0.000000 0.000000     0.093455     1.328700 
2457980.373244 0.000000 0.000000     0.130323     1.328508 
2457982.045757 0.000000 0.000000     0.211740     1.325440 
2457983.718271 0.000000 0.000000     0.367729     1.313472 
2457985.390784 0.000000 0.000000     0.650376     1.271379 
2457987.063297 0.000000 0.000000     1.017180     1.161429 
2457988.735810 0.000000 0.000000     1.165562     1.024790 
2457990.408323 0.000000 0.000000     0.884535     1.019851 
2457992.080836 0.000000 0.000000     0.432825     1.137029 
2457993.753349 0.000000 0.000000     0.157052     1.253847 
2457995.425862 0.000000 0.000000     0.070776     1.308788 
2457997.098375 0.000000 0.000000     0.053112     1.325094 
2457998.770888 0.000000 0.000000     0.059644     1.329116 
2458000.443402 0.000000 0.000000     0.076671     1.329819 
2458002.115915 0.000000 0.000000     0.113968     1.329283 
2458003.788428 0.000000 0.000000     0.196953     1.326201 
2458005.460941 0.000000 0.000000     0.352355     1.315035 
2458007.133454 0.000000 0.000000     0.595960     1.282579 
2458008.805967 0.000000 0.000000     0.797382     1.231255 
2458010.478480 0.000000 0.000000     0.734887     1.207600 
2458012.150993 0.000000 0.000000     0.437576     1.229677 
2458013.823506 0.000000 0.000000     0.171722     1.276744 
2458015.496019 0.000000 0.000000     0.061272     1.312592 
2458017.168532 0.000000 0.000000     0.034879     1.326162 
2458018.841046 0.000000 0.000000     0.032639     1.329743 
2458020.513559 0.000000 0.000000     0.040022     1.330534 
2458022.186072 0.000000 0.000000     0.053630     1.330592 
2458023.858585 0.000000 0.000000     0.086600     1.330120 
2458025.531098 0.000000 0.000000     0.151850     1.328195 
2458027.203611 0.000000 0.000000     0.264490     1.322085 
2458028.876124 0.000000 0.000000     0.400214     1.309296 
2458030.548637 0.000000 0.000000     0.442898     1.298343 
2458032.221150 0.000000 0.000000     0.324061     1.298914 
2458033.893663 0.000000 0.000000     0.150874     1.309083 
2458035.566177 0.000000 0.000000     0.050203     1.321651 
2458037.238690 0.000000 0.000000     0.020793     1.328380 
2458038.911203 0.000000 0.000000     0.015479     1.330403 
2458040.583716 0.000000 0.000000     0.017599     1.330885 
2458042.256229 0.000000 0.000000     0.022588     1.330973 
2458043.928742 0.000000 0.000000     0.032904     1.330941 
2458045.601255 0.000000 0.000000     0.054510     1.330726 
2458047.273768 0.000000 0.000000     0.091986     1.330013 
2458048.946281 0.000000 0.000000     0.148284     1.328164 
2458050.618794 0.000000 0.000000     0.192053     1.325665 
2458052.291308 0.000000 0.000000     0.171703     1.324761 
2458053.963821 0.000000 0.000000     0.098068     1.325908 
2458055.636334 0.000000 0.000000     0.035703     1.328281 
2458057.308847 0.000000 0.000000     0.011337     1.330150 
2458058.981360 0.000000 0.000000     0.006281     1.330854 
2458060.653873 0.000000 0.000000     0.006276     1.331031 
2458062.326386 0.000000 0.000000     0.008163     1.331068 
2458063.998899 0.000000 0.000000     0.011232     1.331070 
2458065.671412 0.000000 0.000000     0.017174     1.331050 
2458067.343925 0.000000 0.000000     0.026312     1.330994 
2458069.016438 0.000000 0.000000     0.040424     1.330851 
2458070.688952 0.000000 0.000000     0.057746     1.330580 
2458072.361465 0.000000 0.000000     0.062249     1.330375 
2458074.033978 0.000000 0.000000     0.044064     1.330410 
2458075.706491 0.000000 0.000000     0.019209     1.330637 
2458077.379004 0.000000 0.000000     0.005605     1.330904 
2458079.051517 0.000000 0.000000     0.002118     1.331041 
2458080.724030 0.000000 0.000000     0.001803     1.331079 
2458082.396543 0.000000 0.000000     0.002452     1.331087 
2458084.069056 0.000000 0.000000     0.003565     1.331088 
2458085.741569 0.000000 0.000000     0.005305     1.331084 
2458087.414083 0.000000 0.000000     0.007323     1.331076 
2458089.086596 0.000000 0.000000     0.009087     1.331067 
2458090.759109 0.000000 0.000000     0.012133     1.331053 
2458092.431622 0.000000 0.000000     0.015515     1.331035 
2458094.104135 0.000000 0.000000     0.014295     1.331032 
2458095.776648 0.000000 0.000000     0.008240     1.331044 
2458097.449161 0.000000 0.000000     0.002916     1.331066 
2458099.121674 0.000000 0.000000     0.000913     1.331083 
2458100.794187 0.000000 0.000000     0.000603     1.331089 
2458102.466700 0.000000 0.000000     0.000798     1.331090 
2458104.139214 0.000000 0.000000     0.001280     1.331091 
2458105.811727 0.000000 0.000000     0.002018     1.331090 
2458107.484240 0.000000 0.000000     0.002928     1.331087 
2458109.156753 0.000000 0.000000     0.003427     1.331085 
2458110.829266 0.000000 0.000000     0.003987     1.331083 
2458112.501779 0.000000 0.000000     0.005913     1.331079 
2458114.174292 0.000000 0.000000     0.007776     1.331076 
2458115.846805 0.000000 0.000000     0.006769     1.331076 
2458117.519318 0.000000 0.000000     0.003697     1.331080 
2458119.191831 0.000000 0.000000     0.001462     1.331086 
2458120.864344 0.000000 0.000000     0.000706     1.331089 
2458122.536858 0.000000 0.000000     0.000594     1.331091 
2458124.209371 0.000000 0.000000     0.000783     1.331091 
2458125.881884 0.000000 0.000000     0.001172     1.331091 
2458127.554397 0.000000 0.000000     0.001805     1.331090 
2458129.226910 0.000000 0.000000     0.002655     1.331089 
2458130.899423 0.000000 0.000000     0.003822     1.331088 
2458132.571936 0.000000 0.000000     0.006231     1.331084 
2458134.244449 0.000000 0.000000     0.009395     1.331076 
2458135.916962 0.000000 0.000000     0.010065     1.331071 
2458137.589475 0.000000 0.000000     0.006954     1.331073 
2458139.261989 0.000000 0.000000     0.003164     1.331079 
2458140.934502 0.000000 0.000000     0.001256     1.331086 
2458142.607015 0.000000 0.000000     0.000725     1.331090 
2458144.279528 0.000000 0.000000     0.000682     1.331091 
2458145.952041 0.000000 0.000000     0.000882     1.331091 
2458147.624554 0.000000 0.000000     0.001247     1.331091 
2458149.297067 0.000000 0.000000     0.001967     1.331091 
2458150.969580 0.000000 0.000000     0.003245     1.331090 
2458152.642093 0.000000 0.000000     0.005602     1.331087 
2458154.314606 0.000000 0.000000     0.009161     1.331079 
2458155.987120 0.000000 0.000000     0.011394     1.331071 
2458157.659633 0.000000 0.000000     0.009485     1.331069 
2458159.332146 0.000000 0.000000     0.005087     1.331074 
2458161.004659 0.000000 0.000000     0.001947     1.331083 
2458162.677172 0.000000 0.000000     0.000841     1.331088 
2458164.349685 0.000000 0.000000     0.000592     1.331090 
2458166.022198 0.000000 0.000000     0.000641     1.331091 
2458167.694711 0.000000 0.000000     0.000829     1.331091 
2458169.367224 0.000000 0.000000     0.001207     1.331091 
2458171.039737 0.000000 0.000000     0.002041     1.331091 
2458172.712251 0.000000 0.000000     0.003617     1.331090 
2458174.384764 0.000000 0.000000     0.006283     1.331086 
2458176.057277 0.000000 0.000000     0.008966     1.331080 
2458177.729790 0.000000 0.000000     0.008975     1.331077 
2458179.402303 0.000000 0.000000     0.005849     1.331078 
2458181.074816 0.000000 0.000000     0.002490     1.331083 
2458182.747329 0.000000 0.000000     0.000893     1.331088 
2458184.419842 0.000000 0.000000     0.000472     1.331090 
2458186.092355 0.000000 0.000000     0.000411     1.331091 
2458187.764868 0.000000 0.000000     0.000493     1.331091 
2458189.437381 0.000000 0.000000     0.000651     1.331091 
2458191.109895 0.000000 0.000000     0.001029     1.331091 
2458192.782408 0.000000 0.000000     0.001812     1.331091 
2458194.454921 0.000000 0.000000     0.003222     1.331090 
2458196.127434 0.000000 0.000000     0.005125     1.331088 
2458197.799947 0.000000 0.000000     0.006101     1.331086 
2458199.472460 0.000000 0.000000     0.004865     1.331085 
2458201.144973 0.000000 0.000000     0.002484     1.331087 
2458202.817486 0.000000 0.000000     0.000879     1.331089 
2458204.489999 0.000000 0.000000     0.000346     1.331091 
2458206.162512 0.000000 0.000000     0.000235     1.331091 
2458207.835026 0.000000 0.000000     0.000250     1.331091 
2458209.507539 0.000000 0.000000     0.000314     1.331091 
2458211.180052 0.000000 0.000000     0.000445     1.331091 
2458212.852565 0.000000 0.000000     0.000746     1.331091 
2458214.525078 0.000000 0.000000     0.001303     1.331091 
2458216.197591 0.000000 0.000000     0.002193     1.331091 
2458217.870104 0.000000 0.000000     0.003027     1.331090 
2458219.542617 0.000000 0.000000     0.002933     1.331090 
2458221.215130 0.000000 0.000000     0.001840     1.331090 
2458222.887643 0.000000 0.000000     0.000738     1.331090 
2458224.560157 0.000000 0.000000     0.000239     1.331091 
2458226.232670 0.000000 0.000000     0.000119     1.331091 
2458227.905183 0.000000 0.000000     0.000106     1.331091 
2458229.577696 0.000000 0.000000     0.000130     1.331091 
2458231.250209 0.000000 0.000000     0.000172     1.331091 
2458232.922722 0.000000 0.000000     0.000264     1.331091 
2458234.595235 0.000000 0.000000     0.000434     1.331091 
2458236.267748 0.000000 0.000000     0.000715     1.331091 
2458237.940261 0.000000 0.000000     0.001085     1.331091 
2458239.612774 0.000000 0.000000     0.001254     1.331091 
2458241.285287 0.000000 0.000000     0.000968     1.331091 
2458242.957801 0.000000 0.000000     0.000469     1.331091 
2458244.630314 0.000000 0.000000     0.000150     1.331091 
2458246.302827 0.000000 0.000000     0.000053     1.331091 
2458247.975340 0.000000 0.000000     0.000037     1.331091 
2458249.647853 0.000000 0.000000     0.000043     1.331091 
2458251.320366 0.000000 0.000000     0.000059     1.331091 
2458252.992879 0.000000 0.000000     0.000085     1.331091 
2458254.665392 0.000000 0.000000     0.000128     1.331091 
2458256.337905 0.000000 0.000000     0.000186     1.331091 
2458258.010418 0.000000 0.000000     0.000274     1.331091 
2458259.682932 0.000000 0.000000     0.000362     1.331091 
2458261.355445 0.000000 0.000000     0.000344     1.331091 
2458263.027958 0.000000 0.000000     0.000208     1.331091 
2458264.700471 0.000000 0.000000     0.000077     1.331091 
2458266.372984 0.000000 0.000000     0.000021     1.331091 
2458268.045497 0.000000 0.000000     0.000011     1.331091 
2458269.718010 0.000000 0.000000     0.000012     1.331091 
2458271.390523 0.000000 0.000000     0.000018     1.331091 
2458273.063036 0.000000 0.000000     0.000027     1.331091 
2458274.735549 0.000000 0.000000     0.000040     1.331091 
2458276.408063 0.000000 0.000000     0.000050     1.331091 
2458278.080576 0.000000 0.000000     0.000058     1.331091 
2458279.753089 0.000000 0.000000     0.000078     1.331091 
2458281.425602 0.000000 0.000000     0.000096     1.331091 
2458283.098115 0.000000 0.000000     0.000080     1.331091 
2458284.770628 0.000000 0.000000     0.000041     1.331091 
2458286.443141 0.000000 0.000000     0.000014     1.331091 
2458288.115654 0.000000 0.000000     0.000006     1.331091 
2458289.788167 0.000000 0.000000     0.000005     1.331091 
2458291.460680 0.000000 0.000000     0.000007     1.331091 
2458293.133193 0.000000 0.000000     0.000011     1.331091 
2458294.805707 0.000000 0.000000     0.000018     1.331091 
2458296.478220 0.000000 0.000000     0.000025     1.331091 
2458298.150733 0.000000 0.000000     0.000029     1.331091 
2458299.823246 0.000000 0.000000     0.000040     1.331091 
2458301.495759 0.000000 0.000000     0.000062     1.331091 
2458303.168272 0.000000 0.000000     0.000073     1.331091 
2458304.840785 0.000000 0.000000     0.000055     1.331091 
2458306.513298 0.000000 0.000000     0.000027     1.331091 
2458308.185811 0.000000 0.000000     0.000011     1.331091 
2458309.858324 0.000000 0.000000     0.000006     1.331091 
2458311.530838 0.000000 0.000000     0.000006     1.331091 
2458313.203351 0.000000 0.000000     0.000008     1.331091 
2458314.875864 0.000000 0.000000     0.000011     1.331091 
2458316.548377 0.000000 0.000000     0.000017     1.331091 
2458318.220890 0.000000 0.000000     0.000026     1.331091 
2458319.893403 0.000000 0.000000     0.000042     1.331091 
2458321.565916 0.000000 0.000000     0.000070     1.331091 
2458323.238429 0.000000 0.000000     0.000094     1.331091 
2458324.910942 0.000000 0.000000     0.000087     1.331091 
2458326.583455 0.000000 0.000000     0.000051     1.331091 
2458328.255969 0.000000 0.000000     0.000021     1.331091 
2458329.928482 0.000000 0.000000     0.000009     1.331091 
2458331.600995 0.000000 0.000000     0.000006     1.331091 
2458333.273508 0.000000 0.000000     0.000006     1.331091 
2458334.946021 0.000000 0.000000     0.000008     1.331091 
2458336.618534 0.000000 0.000000     0.000012     1.331091 
2458338.291047 0.000000 0.000000     0.000019     1.331091 
2458339.963560 0.000000 0.000000     0.000033     1.331091 
2458341.636073 0.000000 0.000000     0.000058     1.331091 
2458343.308586 0.000000 0.000000     0.000088     1.331091 
2458344.981100 0.000000 0.000000     0.000096     1.331091 
2458346.653613 0.000000 0.000000     0.000068     1.331091 
2458348.326126 0.000000 0.000000     0.000032     1.331091 
2458349.998639 0.000000 0.000000     0.000012     1.331091 
2458351.671152 0.000000 0.000000     0.000006     1.331091 
2458353.343665 0.000000 0.000000     0.000005     1.331091 
2458355.016178 0.000000 0.000000     0.000006     1.331091 
2458356.688691 0.000000 0.000000     0.000007     1.331091 
2458358.361204 0.000000 0.000000     0.000011     1.331091 
2458360.033717 0.000000 0.000000     0.000020     1.331091 
2458361.706230 0.000000 0.000000     0.000035     1.331091 
2458363.378744 0.000000 0.000000     0.000058     1.331091 
2458365.051257 0.000000 0.000000     0.000074     1.331091 
2458366.723770 0.000000 0.000000     0.000064     1.331091 
2458368.396283 0.000000 0.000000     0.000036     1.331091 
2458370.068796 0.000000 0.000000     0.000014     1.331091 
2458371.741309 0.000000 0.000000     0.000005     1.331091 
2458373.413822 0.000000 0.000000     0.000003     1.331091 
2458375.086335 0.000000 0.000000     0.000003     1.331091 
2458376.758848 0.000000 0.000000     0.000004     1.331091 
2458378.431361 0.000000 0.000000     0.000006     1.331091 
2458380.103875 0.000000 0.000000     0.000009     1.331091 
2458381.776388 0.000000 0.000000     0.000016     1.331091 
2458383.448901 0.000000 0.000000     0.000028     1.331091 
2458385.121414 0.000000 0.000000     0.000042     1.331091 
2458386.793927 0.000000 0.000000     0.000044     1.331091 
2458388.466440 0.000000 0.000000     0.000030     1.331091 
2458390.138953 0.000000 0.000000     0.000013     1.331091 
2458391.811466 0.000000 0.000000     0.000004     1.331091 
2458393.483979 0.000000 0.000000     0.000002     1.331091 
2458395.156492 0.000000 0.000000     0.000002     1.331091 
2458396.829006 0.000000 0.000000     0.000002     1.331091 
2458398.501519 0.000000 0.000000     0.000002     1.331091 
2458400.174032 0.000000 0.000000     0.000004     1.331091 
2458401.846545 0.000000 0.000000     0.000006     1.331091 
2458403.519058 0.000000 0.000000     0.000011     1.331091 
2458405.191571 0.000000 0.000000     0.000017     1.331091 
2458406.864084 0.000000 0.000000     0.000021     1.331091 
2458408.536597 0.000000 0.000000     0.000018     1.331091 
2458410.209110 0.000000 0.000000     0.000010     1.331091 
2458411.881623 0.000000 0.000000     0.000003     1.331091 
2458413.554136 0.000000 0.000000     0.000001     1.331091 
2458415.226650 0.000000 0.000000     0.000001     1.331091 
2458416.899163 0.000000 0.000000     0.000001     1.331091 
2458418.571676 0.000000 0.000000     0.000001     1.331091 
2458420.244189 0.000000 0.000000     0.000001     1.331091 
2458421.916702 0.000000 0.000000     0.000002     1.331091 
2458423.589215 0.000000 0.000000     0.000003     1.331091 
2458425.261728 0.000000 0.000000     0.000005     1.331091 
2458426.934241 0.000000 0.000000     0.000007     1.331091 
2458428.606754 0.000000 0.000000     0.000008     1.331091 
2458430.279267 0.000000 0.000000     0.000005     1.331091 
2458431.951781 0.000000 0.000000     0.000002     1.331091 
2458433.624294 0.000000 0.000000     0.000001     1.331091 
2458435.296807 0.000000 0.000000     0.000000     1.331091 
2458436.969320 0.000000 0.000000     0.000000     1.331091 
2458438.641833 0.000000 0.000000     0.000000     1.331091 
2458440.314346 0.000000 0.000000     0.000000     1.331091 
2458441.986859 0.000000 0.000000     0.000001     1.331091 
2458443.659372 0.000000 0.000000     0.000001     1.331091 
2458445.331885 0.000000 0.000000     0.000001     1.331091 
2458447.004398 0.000000 0.000000     0.000002     1.331091 
2458448.676912 0.000000 0.000000     0.000002     1.331091 
2458450.349425 0.000000 0.000000     0.000002     1.331091 
2458452.021938 0.000000 0.000000     0.000001     1.331091 
2458453.694451 0.000000 0.000000     0.000000     1.331091 
2458455.366964 0.000000 0.000000     0.000000     1.331091 
2458457.039477 0.000000 0.000000     0.000000     1.331091 
2458458.711990 0.000000 0.000000     0.000000     1.331091 
2458460.384503 0.000000 0.000000     0.000000     1.331091 
2458462.057016 0.000000 0.000000     0.000000     1.331091 
2458463.729529 0.000000 0.000000     0.000000     1.331091 
2458465.402042 0.000000 0.000000     0.000000     1.331091 
2458467.074556 0.000000 0.000000     0.000000     1.331091 
2458468.747069 0.000000 0.000000     0.000001     1.331091 
2458470.419582 0.000000 0.000000     0.000001     1.331091 
2458472.092095 0.000000 0.000000     0.000001     1.331091 
2458473.764608 0.000000 0.000000     0.000000     1.331091 
2458475.437121 0.000000 0.000000     0.000000     1.331091 
2458477.109634 0.000000 0.000000     0.000000     1.331091 
2458478.782147 0.000000 0.000000     0.000000     1.331091 
2458480.454660 0.000000 0.000000     0.000000     1.331091 
2458482.127173 0.000000 0.000000     0.000000     1.331091 
2458483.799687 0.000000 0.000000     0.000000     1.331091 
2458485.472200 0.000000 0.000000     0.000000     1.331091 
2458487.144713 0.000000 0.000000     0.000000     1.331091 
2458488.817226 0.000000 0.000000     0.000000     1.331091 
2458490.489739 0.000000 0.000000     0.000001     1.331091 
2458492.162252 0.000000 0.000000     0.000001     1.331091 
2458493.834765 0.000000 0.000000     0.000000     1.331091 
2458495.507278 0.000000 0.000000     0.000000     1.331091 
2458497.179791 0.000000 0.000000     0.000000     1.331091 
2458498.852304 0.000000 0.000000     0.000000     1.331091 
2458500.524818 0.000000 0.000000     0.000000     1.331091 
2458502.197331 0.000000 0.000000     0.000000     1.331091 
2458503.869844 0.000000 0.000000     0.000000     1.331091 
2458505.542357 0.000000 0.000000     0.000000     1.331091 
2458507.214870 0.000000 0.000000     0.000000     1.331091 
2458508.887383 0.000000 0.000000     0.000000     1.331091 
2458510.559896 0.000000 0.000000     0.000001     1.331091 
2458512.232409 0.000000 0.000000     0.000001     1.331091 
2458513.904922 0.000000 0.000000     0.000001     1.331091 
2458515.577435 0.000000 0.000000     0.000000     1.331091 
2458517.249949 0.000000 0.000000     0.000000     1.331091 
2458518.922462 0.000000 0.000000     0.000000     1.331091 
2458520.594975 0.000000 0.000000     0.000000     1.331091 
2458522.267488 0.000000 0.000000     0.000000     1.331091 
2458523.940001 0.000000 0.000000     0.000000     1.331091 
2458525.612514 0.000000 0.000000     0.000000     1.331091 
2458527.285027 0.000000 0.000000     0.000000     1.331091 
2458528.957540 0.000000 0.000000     0.000000     1.331091 
2458530.630053 0.000000 0.000000     0.000001     1.331091 
2458532.302566 0.000000 0.000000     0.000001     1.331091 
2458533.975079 0.000000 0.000000     0.000001     1.331091 
2458535.647593 0.000000 0.000000     0.000000     1.331091 
2458537.320106 0.000000 0.000000     0.000000     1.331091 
2458538.992619 0.000000 0.000000     0.000000     1.331091 
2458540.665132 0.000000 0.000000     0.000000     1.331091 
2458542.337645 0.000000 0.000000     0.000000     1.331091 
2458544.010158 0.000000 0.000000     0.000000     1.331091 
2458545.682671 0.000000 0.000000     0.000000     1.331091 
2458547.355184 0.000000 0.000000     0.000000     1.331091 
2458549.027697 0.000000 0.000000     0.000000     1.331091 
2458550.700210 0.000000 0.000000     0.000000     1.331091 
2458552.372724 0.000000 0.000000     0.000001     1.331091 
2458554.045237 0.000000 0.000000     0.000001     1.331091 
2458555.717750 0.000000 0.000000     0.000000     1.331091 
2458557.390263 0.000000 0.000000     0.000000     1.331091 
2458559.062776 0.000000 0.000000     0.000000     1.331091 
2458560.735289 0.000000 0.000000     0.000000     1.331091 
2458562.407802 0.000000 0.000000     0.000000     1.331091 
2458564.080315 0.000000 0.000000     0.000000     1.331091 
2458565.752828 0.000000 0.000000     0.000000     1.331091 
2458567.425341 0.000000 0.000000     0.000000     1.331091 
2458569.097855 0.000000 0.000000     0.000000     1.331091 
2458570.770368 0.000000 0.000000     0.000000     1.331091 
2458572.442881 0.000000 0.000000     0.000000     1.331091 
2458574.115394 0.000000 0.000000     0.000000     1.331091 
2458575.787907 0.000000 0.000000     0.000000     1.331091 
2458577.460420 0.000000 0.000000     0.000000     1.331091 
2458579.132933 0.000000 0.000000     0.000000     1.331091 
2458580.805446 0.000000 0.000000     0.000000     1.331091 
2458582.477959 0.000000 0.000000     0.000000     1.331091 
2458584.150472 0.000000 0.000000     0.000000     1.331091 
2458585.822985 0.000000 0.000000     0.000000     1.331091 
2458587.495499 0.000000 0.000000     0.000000     1.331091 
2458589.168012 0.000000 0.000000     0.000000     1.331091 
2458590.840525 0.000000 0.000000     0.000000     1.331091 
2458592.513038 0.000000 0.000000     0.000000     1.331091 
2458594.185551 0.000000 0.000000     0.000000     1.331091 
2458595.858064 0.000000 0.000000     0.000000     1.331091 
2458597.530577 0.000000 0.000000     0.000000     1.331091 
2458599.203090 0.000000 0.000000     0.000000     1.331091 
2458600.875603 0.000000 0.000000     0.000000     1.331091 
2458602.548116 0.000000 0.000000     0.000000     1.331091 
2458604.220630 0.000000 0.000000     0.000000     1.331091 
2458605.893143 0.000000 0.000000     0.000000     1.331091 
2458607.565656 0.000000 0.000000     0.000000     1.331091 
2458609.238169 0.000000 0.000000     0.000000     1.331091 
2458610.910682 0.000000 0.000000     0.000000     1.331091 
2458612.583195 0.000000 0.000000     0.000000     1.331091 
2458614.255708 0.000000 0.000000     0.000000     1.331091 
2458615.928221 0.000000 0.000000     0.000000     1.331091 
2458617.600734 0.000000 0.000000     0.000000     1.331091 
2458619.273247 0.000000 0.000000     0.000000     1.331091 
2458620.945761 0.000000 0.000000     0.000000     1.331091 
2458622.618274 0.000000 0.000000     0.000000     1.331091 
2458624.290787 0.000000 0.000000     0.000000     1.331091 
2458625.963300 0.000000 0.000000     0.000000     1.331091 
2458627.635813 0.000000 0.000000     0.000000     1.331091 
2458629.308326 0.000000 0.000000     0.000000     1.331091 
2458630.980839 0.000000 0.000000     0.000000     1.331091 
2458632.653352 0.000000 0.000000     0.000000     1.331091 
2458634.325865 0.000000 0.000000     0.000000     1.331091 
2458635.998378 0.000000 0.000000     0.000000     1.331091 
2458637.670891 0.000000 0.000000     0.000000     1.331091 
2458639.343405 0.000000 0.000000     0.000000     1.331091 
2458641.015918 0.000000 0.000000     0.000000     1.331091 
2458642.688431 0.000000 0.000000     0.000000     1.331091 
2458644.360944 0.000000 0.000000     0.000000     1.331091 
2458646.033457 0.000000 0.000000     0.000000     1.331091 
2458647.705970 0.000000 0.000000     0.000000     1.331091 
2458649.378483 0.000000 0.000000     0.000000     1.331091 
2458651.050996 0.000000 0.000000     0.000000     1.331091 
2458652.723509 0.000000 0.000000     0.000000     1.331091 
2458654.396022 0.000000 0.000000     0.000000     1.331091 
2458656.068536 0.000000 0.000000     0.000000     1.331091 
2458657.741049 0.000000 0.000000     0.000000     1.331091 
2458659.413562 0.000000 0.000000     0.000000     1.331091 
2458661.086075 0.000000 0.000000     0.000000     1.331091 
2458662.758588 0.000000 0.000000     0.000000     1.331091 
2458664.431101 0.000000 0.000000     0.000000     1.331091 
2458666.103614 0.000000 0.000000     0.000000     1.331091 
2458667.776127 0.000000 0.000000     0.000000     1.331091 
2458669.448640 0.000000 0.000000     0.000000     1.331091 
2458671.121153 0.000000 0.000000     0.000000     1.331091 
2458672.793667 0.000000 0.000000     0.000000     1.331091 
2458674.466180 0.000000 0.000000     0.000000     1.331091 
2458676.138693 0.000000 0.000000     0.000000     1.331091 
2458677.811206 0.000000 0.000000     0.000000     1.331091 
2458679.483719 0.000000 0.000000     0.000000     1.331091 
2458681.156232 0.000000 0.000000     0.000000     1.331091 
2458682.828745 0.000000 0.000000     0.000000     1.331091 
2458684.501258 0.000000 0.000000     0.000000     1.331091 
2458686.173771 0.000000 0.000000     0.000000     1.331091 
2458687.846284 0.000000 0.000000     0.000000     1.331091 
2458689.518797 0.000000 0.000000     0.000000     1.331091 
2458691.191311 0.000000 0.000000     0.000000     1.331091 
2458692.863824 0.000000 0.000000     0.000000     1.331091 
2458694.536337 0.000000 0.000000     0.000000     1.331091 
2458696.208850 0.000000 0.000000     0.000000     1.331091 
2458697.881363 0.000000 0.000000     0.000000     1.331091 
2458699.553876 0.000000 0.000000     0.000000     1.331091 
2458701.226389 0.000000 0.000000     0.000000     1.331091 
2458702.898902 0.000000 0.000000     0.000000     1.331091 
2458704.571415 0.000000 0.000000     0.000000     1.331091 
2458706.243928 0.000000 0.000000     0.000000     1.331091 
2458707.916442 0.000000 0.000000     0.000000     1.331091 
2458709.588955 0.000000 0.000000     0.000000     1.331091 
2458711.261468 0.000000 0.000000     0.000000     1.331091 
2458712.933981 0.000000 0.000000     0.000000     1.331091 
2458714.606494 0.000000 0.000000     0.000000     1.331091 
2458716.279007 0.000000 0.000000     0.000000     1.331091 
2458717.951520 0.000000 0.000000     0.000000     1.331091 
2458719.624033 0.000000 0.000000     0.000000     1.331091 
2458721.296546 0.000000 0.000000     0.000000     1.331091 
2458722.969059 0.000000 0.000000     0.000000     1.331091 
2458724.641573 0.000000 0.000000     0.000000     1.331091 
2458726.314086 0.000000 0.000000     0.000000     1.331091 
2458727.986599 0.000000 0.000000     0.000000     1.331091 
2458729.659112 0.000000 0.000000     0.000000     1.331091 
2458731.331625 0.000000 0.000000     0.000000     1.331091 
2458733.004138 0.000000 0.000000     0.000000     1.331091 
2458734.676651 0.000000 0.000000     0.000000     1.331091 
2458736.349164 0.000000 0.000000     0.000000     1.331091 
2458738.021677 0.000000 0.000000     0.000000     1.331091 
2458739.694190 0.000000 0.000000     0.000000     1.331091 
2458741.366704 0.000000 0.000000     0.000000     1.331091 
2458743.039217 0.000000 0.000000     0.000000     1.331091 
2458744.711730 0.000000 0.000000     0.000000     1.331091 
2458746.384243 0.000000 0.000000     0.000000     1.331091 
2458748.056756 0.000000 0.000000     0.000000     1.331091 
2458749.729269 0.000000 0.000000     0.000000     1.331091 
2458751.401782 0.000000 0.000000     0.000000     1.331091 
2458753.074295 0.000000 0.000000     0.000000     1.331091 
2458754.746808 0.000000 0.000000     0.000000     1.331091 
2458756.419321 0.000000 0.000000     0.000000     1.331091 
2458758.091834 0.000000 0.000000     0.000000     1.331091 
2458759.764348 0.000000 0.000000     0.000000     1.331091 
2458761.436861 0.000000 0.000000     0.000000     1.331091 
2458763.109374 0.000000 0.000000     0.000000     1.331091 
2458764.781887 0.000000 0.000000     0.000000     1.331091 
2458766.454400 0.000000 0.000000     0.000000     1.331091 
2458768.126913 0.000000 0.000000     0.000000     1.331091 
2458769.799426 0.000000 0.000000     0.000000     1.331091 
2458771.471939 0.000000 0.000000     0.000000     1.331091 
2458773.144452 0.000000 0.000000     0.000000     1.331091 
2458774.816965 0.000000 0.000000     0.000000     1.331091 
2458776.489479 0.000000 0.000000     0.000000     1.331091 
2458778.161992 0.000000 0.000000     0.000000     1.331091 
2458779.834505 0.000000 0.000000     0.000000     1.331091 
2458781.507018 0.000000 0.000000     0.000000     1.331091 
2458783.179531 0.000000 0.000000     0.000000     1.331091 
2458784.852044 0.000000 0.000000     0.000000     1.331091 
2458786.524557 0.000000 0.000000     0.000000     1.331091 
2458788.197070 0.000000 0.000000     0.000000     1.331091 
2458789.869583 0.000000 0.000000     0.000000     1.331091 
2458791.542096 0.000000 0.000000     0.000000     1.331091 
2458793.214610 0.000000 0.000000     0.000000     1.331091 
2458794.887123 0.000000 0.000000     0.000000     1.331091 
2458796.559636 0.000000 0.000000     0.000000     1.331091 
2458798.232149 0.000000 0.000000     0.000000     1.331091 
2458799.904662 0.000000 0.000000     0.000000     1.331091 
2458801.577175 0.000000 0.000000     0.000000     1.331091 
2458803.249688 0.000000 0.000000     0.000000     1.331091 
2458804.922201 0.000000 0.000000     0.000000     1.331091 
2458806.594714 0.000000 0.000000     0.000000     1.331091 
2458808.267227 0.000000 0.000000     0.000000     1.331091 
2458809.939740 0.000000 0.000000     0.000000     1.331091 
2458811.612254 0.000000 0.000000     0.000000     1.331091 
2458813.284767 0.000000 0.000000     0.000000     1.331091 
2458814.957280 0.000000 0.000000     0.000000     1.331091 
2458816.629793 0.000000 0.000000     0.000000     1.331091 
2458818.302306 0.000000 0.000000     0.000000     1.331091 
2458819.974819 0.000000 0.000000     0.000000     1.331091 
2458821.647332 0.000000 0.000000     0.000000     1.331091 
2458823.319845 0.000000 0.000000     0.000000     1.331091 
2458824.992358 0.000000 0.000000     0.000000     1.331091 
2458826.664871 0.000000 0.000000     0.000000     1.331091 
2458828.337385 0.000000 0.000000     0.000000     1.331091 
2458830.009898 0.000000 0.000000     0.000000     1.331091 
2458831.682411 0.000000 0.000000     0.000000     1.331091 
2458833.354924 0.000000 0.000000     0.000000     1.331091 
2458835.027437 0.000000 0.000000     0.000000     1.331091 
2458836.699950 0.000000 0.000000     0.000000     1.331091 
2458838.372463 0.000000 0.000000     0.000000     1.331091 
2458840.044976 0.000000 0.000000     0.000000     1.331091 
2458841.717489 0.000000 0.000000     0.000000     1.331091 
2458843.390002 0.000000 0.000000     0.000000     1.331091 
2458845.062516 0.000000 0.000000     0.000000     1.331091 
2458846.735029 0.000000 0.000000     0.000000     1.331091 
2458848.407542 0.000000 0.000000     0.000000     1.331091 
2458850.080055 0.000000 0.000000     0.000000     1.331091 
2458851.752568 0.000000 0.000000     0.000000     1.331091 
2458853.425081 0.000000 0.000000     0.000000     1.331091 
2458855.097594 0.000000 0.000000     0.000000     1.331091 
2458856.770107 0.000000 0.000000     0.000000     1.331091 
2458858.442620 0.000000 0.000000     0.000000     1.331091 
2458860.115133 0.000000 0.000000     0.000000     1.331091 
2458861.787646 0.000000 0.000000     0.000000     1.331091 
2458863.460160 0.000000 0.000000     0.000000     1.331091 
2458865.132673 0.000000 0.000000     0.000000     1.331091 
2458866.805186 0.000000 0.000000     0.000000     1.331091 
2458868.477699 0.000000 0.000000     0.000000     1.331091 
2458870.150212 0.000000 0.000000     0.000000     1.331091 
2458871.822725 0.000000 0.000000     0.000000     1.331091 
2458873.495238 0.000000 0.000000     0.000000     1.331091 
2458875.167751 0.000000 0.000000     0.000000     1.331091 
2458876.840264 0.000000 0.000000     0.000000     1.331091 
2458878.512777 0.000000 0.000000     0.000000     1.331091 
2458880.185291 0.000000 0.000000     0.000000     1.331091 
2458881.857804 0.000000 0.000000     0.000000     1.331091 
2458883.530317 0.000000 0.000000     0.000000     1.331091 
2458885.202830 0.000000 0.000000     0.000000     1.331091 
2458886.875343 0.000000 0.000000     0.000000     1.331091 
2458888.547856 0.000000 0.000000     0.000000     1.331091 
2458890.220369 0.000000 0.000000     0.000000     1.331091 
2458891.892882 0.000000 0.000000     0.000000     1.331091 
2458893.565395 0.000000 0.000000     0.000000     1.331091 
2458895.237908 0.000000 0.000000     0.000000     1.331091 
2458896.910422 0.000000 0.000000     0.000000     1.331091 
2458898.582935 0.000000 0.000000     0.000000     1.331091 
2458900.255448 0.000000 0.000000     0.000000     1.331091 
2458901.927961 0.000000 0.000000     0.000000     1.331091 
2458903.600474 0.000000 0.000000     0.000000     1.331091 
2458905.272987 0.000000 0.000000     0.000000     1.331091 
2458906.945500 0.000000 0.000000     0.000000     1.331091 
2458908.618013 0.000000 0.000000     0.000000     1.331091 
2458910.290526 0.000000 0.000000     0.000000     1.331091 
2458911.963039 0.000000 0.000000     0.000000     1.331091 
2458913.635553 0.000000 0.000000     0.000000     1.331091 
2458915.308066 0.000000 0.000000     0.000000     1.331091 
2458916.980579 0.000000 0.000000     0.000000     1.331091 
2458918.653092 0.000000 0.000000     0.000000     1.331091 
2458920.325605 0.000000 0.000000     0.000000     1.331091 
2458921.998118 0.000000 0.000000     0.000000     1.331091 
2458923.670631 0.000000 0.000000     0.000000     1.331091 
2458925.343144 0.000000 0.000000     0.000000     1.331091 
2458927.015657 0.000000 0.000000     0.000000     1.331091 
2458928.688170 0.000000 0.000000     0.000000     1.331091 
2458930.360683 0.000000 0.000000     0.000000     1.331091 
2458932.033197 0.000000 0.000000     0.000000     1.331091 
2458933.705710 0.000000 0.000000     0.000000     1.331091 
2458935.378223 0.000000 0.000000     0.000000     1.331091 
2458937.050736 0.000000 0.000000     0.000000     1.331091 
2458938.723249 0.000000 0.000000     0.000000     1.331091 
2458940.395762 0.000000 0.000000     0.000000     1.331091 
2458942.068275 0.000000 0.000000     0.000000     1.331091 
2458943.740788 0.000000 0.000000     0.000000     1.331091 
2458945.413301 0.000000 0.000000     0.000000     1.331091 
2458947.085814 0.000000 0.000000     0.000000     1.331091 
2458948.758328 0.000000 0.000000     0.000000     1.331091 
2458950.430841 0.000000 0.000000     0.000000     1.331091 
2458952.103354 0.000000 0.000000     0.000000     1.331091 
2458953.775867 0.000000 0.000000     0.000000     1.331091 
2458955.448380 0.000000 0.000000     0.000000     1.331091 
2458957.120893 0.000000 0.000000     0.000000     1.331091 
2458958.793406 0.000000 0.000000     0.000000     1.331091 
2458960.465919 0.000000 0.000000     0.000000     1.331091 
2458962.138432 0.000000 0.000000     0.000000     1.331091 
2458963.810945 0.000000 0.000000     0.000000     1.331091 
2458965.483459 0.000000 0.000000     0.000000     1.331091 
2458967.155972 0.000000 0.000000     0.000000     1.331091 
2458968.828485 0.000000 0.000000     0.000000     1.331091 
2458970.500998 0.000000 0.000000     0.000000     1.331091 
2458972.173511 0.000000 0.000000     0.000000     1.331091 
2458973.846024 0.000000 0.000000     0.000000     1.331091 
2458975.518537 0.000000 0.000000     0.000000     1.331091 
2458977.191050 0.000000 0.000000     0.000000     1.331091 
2458978.863563 0.000000 0.000000     0.000000     1.331091 
2458980.536076 0.000000 0.000000     0.000000     1.331091 
2458982.208589 0.000000 0.000000     0.000000     1.331091 
2458983.881103 0.000000 0.000000    -0.000000     1.331091 
2458985.553616 0.000000 0.000000    -0.000000     1.331091 
2458987.226129 0.000000 0.000000    -0.000000     1.331091 
2458988.898642 0.000000 0.000000     0.000000     1.331091 
2458990.571155 0.000000 0.000000     0.000000     1.331091 
2458992.243668 0.000000 0.000000     0.000000     1.331091 
2458993.916181 0.000000 0.000000     0.000000     1.331091 
2458995.588694 0.000000 0.000000     0.000000     1.331091 
2458997.261207 0.000000 0.000000     0.000000     1.331091 
2458998.933720 0.000000 0.000000     0.000000     1.331091 
2459000.606234 0.000000 0.000000     0.000000     1.331091 
2459002.278747 0.000000 0.000000     0.000000     1.331091 
2459003.951260 0.000000 0.000000     0.000000     1.331091 
2459005.623773 0.000000 0.000000    -0.000000     1.331091 
2459007.296286 0.000000 0.000000    -0.000000     1.331091 
2459008.968799 0.000000 0.000000    -0.000000     1.331091 
2459010.641312 0.000000 0.000000     0.000000     1.331091 
2459012.313825 0.000000 0.000000     0.000000     1.331091 
2459013.986338 0.000000 0.000000     0.000000     1.331091 
2459015.658851 0.000000 0.000000     0.000000     1.331091 
2459017.331365 0.000000 0.000000     0.000000     1.331091 
2459019.003878 0.000000 0.000000     0.000000     1.331091 
2459020.676391 0.000000 0.000000     0.000000     1.331091 
2459022.348904 0.000000 0.000000     0.000000     1.331091 
2459024.021417 0.000000 0.000000     0.000000     1.331091 
2459025.693930 0.000000 0.000000     0.000000     1.331091 
2459027.366443 0.000000 0.000000    -0.000000     1.331091 
2459029.038956 0.000000 0.000000    -0.000000     1.331091 
2459030.711469 0.000000 0.000000     0.000000     1.331091 
2459032.383982 0.000000 0.000000     0.000000     1.331091 
2459034.056495 0.000000 0.000000     0.000000     1.331091 
2459035.729009 0.000000 0.000000     0.000000     1.331091 
2459037.401522 0.000000 0.000000     0.000000     1.331091 
2459039.074035 0.000000 0.000000     0.000000     1.331091 
2459040.746548 0.000000 0.000000     0.000000     1.331091 
2459042.419061 0.000000 0.000000     0.000000     1.331091 
2459044.091574 0.000000 0.000000     0.000000     1.331091 
2459045.764087 0.000000 0.000000     0.000000     1.331091 
2459047.436600 0.000000 0.000000    -0.000000     1.331091 
2459049.109113 0.000000 0.000000    -0.000000     1.331091 
2459050.781626 0.000000 0.000000    -0.000000     1.331091 
2459052.454140 0.000000 0.000000     0.000000     1.331091 
2459054.126653 0.000000 0.000000     0.000000     1.331091 
2459055.799166 0.000000 0.000000     0.000000     1.331091 
2459057.471679 0.000000 0.000000     0.000000     1.331091 
2459059.144192 0.000000 0.000000     0.000000     1.331091 
2459060.816705 0.000000 0.000000     0.000000     1.331091 
2459062.489218 0.000000 0.000000     0.000000     1.331091 
2459064.161731 0.000000 0.000000     0.000000     1.331091 
2459065.834244 0.000000 0.000000     0.000000     1.331091 
2459067.506757 0.000000 0.000000     0.000000     1.331091 
2459069.179271 0.000000 0.000000    -0.000000     1.331091 
2459070.851784 0.000000 0.000000    -0.000000     1.331091 
2459072.524297 0.000000 0.000000    -0.000000     1.331091 
2459074.196810 0.000000 0.000000     0.000000     1.331091 
2459075.869323 0.000000 0.000000     0.000000     1.331091 
2459077.541836 0.000000 0.000000     0.000000     1.331091 
2459079.214349 0.000000 0.000000     0.000000     1.331091 
2459080.886862 0.000000 0.000000     0.000000     1.331091 
2459082.559375 0.000000 0.000000     0.000000     1.331091 
2459084.231888 0.000000 0.000000     0.000000     1.331091 
2459085.904402 0.000000 0.000000     0.000000     1.331091 
2459087.576915 0.000000 0.000000     0.000000     1.331091 
2459089.249428 0.000000 0.000000    -0.000000     1.331091 
2459090.921941 0.000000 0.000000    -0.000000     1.331091 
2459092.594454 0.000000 0.000000    -0.000000     1.331091 
2459094.266967 0.000000 0.000000    -0.000000     1.331091 
2459095.939480 0.000000 0.000000     0.000000     1.331091 
2459097.611993 0.000000 0.000000     0.000000     1.331091 
2459099.284506 0.000000 0.000000     0.000000     1.331091 
2459100.957019 0.000000 0.000000     0.000000     1.331091 
2459102.629532 0.000000 0.000000     0.000000     1.331091 
2459104.302046 0.000000 0.000000     0.000000     1.331091 
2459105.974559 0.000000 0.000000     0.000000     1.331091 
2459107.647072 0.000000 0.000000     0.000000     1.331091 
2459109.319585 0.000000 0.000000    -0.000000     1.331091 
2459110.992098 0.000000 0.000000    -0.000000     1.331091 
2459112.664611 0.000000 0.000000    -0.000000     1.331091 
2459114.337124 0.000000 0.000000    -0.000000     1.331091 
2459116.009637 0.000000 0.000000     0.000000     1.331091 
2459117.682150 0.000000 0.000000     0.000000     1.331091 
2459119.354663 0.000000 0.000000     0.000000     1.331091 
2459121.027177 0.000000 0.000000     0.000000     1.331091 
2459122.699690 0.000000 0.000000     0.000000     1.331091 
2459124.372203 0.000000 0.000000     0.000000     1.331091 
2459126.044716 0.000000 0.000000     0.000000     1.331091 
2459127.717229 0.000000 0.000000     0.000000     1.331091 
2459129.389742 0.000000 0.000000    -0.000000     1.331091 
2459131.062255 0.000000 0.000000    -0.000000     1.331091 
2459132.734768 0.000000 0.000000    -0.000000     1.331091 
2459134.407281 0.000000 0.000000    -0.000000     1.331091 
2459136.079794 0.000000 0.000000    -0.000000     1.331091 
2459137.752308 0.000000 0.000000     0.000000     1.331091 
2459139.424821 0.000000 0.000000     0.000000     1.331091 
2459141.097334 0.000000 0.000000     0.000000     1.331091 
2459142.769847 0.000000 0.000000     0.000000     1.331091 
2459144.442360 0.000000 0.000000     0.000000     1.331091 
2459146.114873 0.000000 0.000000     0.000000     1.331091 
2459147.787386 0.000000 0.000000     0.000000     1.331091 
2459149.459899 0.000000 0.000000    -0.000000     1.331091 
2459151.132412 0.000000 0.000000    -0.000000     1.331091 
2459152.804925 0.000000 0.000000    -0.000000     1.331091 
2459154.477438 0.000000 0.000000    -0.000000     1.331091 
2459156.149952 0.000000 0.000000    -0.000000     1.331091 
2459157.822465 0.000000 0.000000    -0.000000     1.331091 
2459159.494978 0.000000 0.000000     0.000000     1.331091 
2459161.167491 0.000000 0.000000     0.000000     1.331091 
2459162.840004 0.000000 0.000000     0.000000     1.331091 
2459164.512517 0.000000 0.000000     0.000000     1.331091 
2459166.185030 0.000000 0.000000     0.000000     1.331091 
2459167.857543 0.000000 0.000000     0.000000     1.331091 
2459169.530056 0.000000 0.000000     0.000000     1.331091 
2459171.202569 0.000000 0.000000    -0.000000     1.331091 
2459172.875083 0.000000 0.000000    -0.000000     1.331091 
2459174.547596 0.000000 0.000000    -0.000000     1.331091 
2459176.220109 0.000000 0.000000    -0.000000     1.331091 
2459177.892622 0.000000 0.000000    -0.000000     1.331091 
2459179.565135 0.000000 0.000000     0.000000     1.331091 
2459181.237648 0.000000 0.000000     0.000000     1.331091 
2459182.910161 0.000000 0.000000     0.000000     1.331091 
2459184.582674 0.000000 0.000000     0.000000     1.331091 
2459186.255187 0.000000 0.000000     0.000000     1.331091 
2459187.927700 0.000000 0.000000     0.000000     1.331091 
2459189.600214 0.000000 0.000000     0.000000     1.331091 
2459191.272727 0.000000 0.000000     0.000000     1.331091 
2459192.945240 0.000000 0.000000     0.000000     1.331091 
2459194.617753 0.000000 0.000000    -0.000000     1.331091 
2459196.290266 0.000000 0.000000    -0.000000     1.331091 
2459197.962779 0.000000 0.000000    -0.000000     1.331091 
2459199.635292 0.000000 0.000000     0.000000     1.331091 
2459201.307805 0.000000 0.000000     0.000000     1.331091 
2459202.980318 0.000000 0.000000     0.000000     1.331091 
2459204.652831 0.000000 0.000000     0.000000     1.331091 
2459206.325344 0.000000 0.000000     0.000000     1.331091 
2459207.997858 0.000000 0.000000     0.000000     1.331091 
2459209.670371 0.000000 0.000000     0.000000     1.331091 
2459211.342884 0.000000 0.000000     0.000000     1.331091 
2459213.015397 0.000000 0.000000     0.000000     1.331091 
2459214.687910 0.000000 0.000000     0.000000     1.331091 
2459216.360423 0.000000 0.000000    -0.000000     1.331091 
2459218.032936 0.000000 0.000000    -0.000000     1.331091 
2459219.705449 0.000000 0.000000     0.000000     1.331091 
2459221.377962 0.000000 0.000000     0.000000     1.331091 
2459223.050475 0.000000 0.000000     0.000000     1.331091 
2459224.722989 0.000000 0.000000     0.000000     1.331091 
2459226.395502 0.000000 0.000000     0.000000     1.331091 
2459228.068015 0.000000 0.000000     0.000000     1.331091 
2459229.740528 0.000000 0.000000     0.000000     1.331091 
2459231.413041 0.000000 0.000000     0.000000     1.331091 
2459233.085554 0.000000 0.000000     0.000000     1.331091 
2459234.758067 0.000000 0.000000     0.000000     1.331091 
2459236.430580 0.000000 0.000000    -0.000000     1.331091 
2459238.103093 0.000000 0.000000    -0.000000     1.331091 
2459239.775606 0.000000 0.000000    -0.000000     1.331091 
2459241.448120 0.000000 0.000000     0.000000     1.331091 
2459243.120633 0.000000 0.000000     0.000000     1.331091 
2459244.793146 0.000000 0.000000     0.000000     1.331091 
2459246.465659 0.000000 0.000000     0.000000     1.331091 
2459248.138172 0.000000 0.000000     0.000000     1.331091 
2459249.810685 0.000000 0.000000     0.000000     1.331091 
2459251.483198 0.000000 0.000000     0.000000     1.331091 
2459253.155711 0.000000 0.000000     0.000000     1.331091 
2459254.828224 0.000000 0.000000     0.000000     1.331091 
2459256.500737 0.000000 0.000000    -0.000000     1.331091 
2459258.173250 0.000000 0.000000    -0.000000     1.331091 
2459259.845764 0.000000 0.000000    -0.000000     1.331091 
2459261.518277 0.000000 0.000000    -0.000000     1.331091 
2459263.190790 0.000000 0.000000     0.000000     1.331091 
2459264.863303 0.000000 0.000000     0.000000     1.331091 
2459266.535816 0.000000 0.000000     0.000000     1.331091 
2459268.208329 0.000000 0.000000     0.000000     1.331091 
2459269.880842 0.000000 0.000000     0.000000     1.331091 
2459271.553355 0.000000 0.000000     0.000000     1.331091 
2459273.225868 0.000000 0.000000     0.000000     1.331091 
2459274.898381 0.000000 0.000000     0.000000     1.331091 
2459276.570895 0.000000 0.000000    -0.000000     1.331091 
2459278.243408 0.000000 0.000000    -0.000000     1.331091 
2459279.915921 0.000000 0.000000    -0.000000     1.331091 
2459281.588434 0.000000 0.000000    -0.000000     1.331091 
2459283.260947 0.000000 0.000000     0.000000     1.331091 
2459284.933460 0.000000 0.000000     0.000000     1.331091 
2459286.605973 0.000000 0.000000     0.000000     1.331091 
2459288.278486 0.000000 0.000000     0.000000     1.331091 
2459289.950999 0.000000 0.000000     0.000000     1.331091 
2459291.623512 0.000000 0.000000     0.000000     1.331091 
2459293.296026 0.000000 0.000000     0.000000     1.331091 
2459294.968539 0.000000 0.000000     0.000000     1.331091 
2459296.641052 0.000000 0.000000     0.000000     1.331091 
2459298.313565 0.000000 0.000000    -0.000000     1.331091 
2459299.986078 0.000000 0.000000    -0.000000     1.331091 
2459301.658591 0.000000 0.000000    -0.000000     1.331091 
2459303.331104 0.000000 0.000000    -0.000000     1.331091 
2459305.003617 0.000000 0.000000     0.000000     1.331091 
2459306.676130 0.000000 0.000000     0.000000     1.331091 
2459308.348643 0.000000 0.000000     0.000000     1.331091 
2459310.021157 0.000000 0.000000     0.000000     1.331091 
2459311.693670 0.000000 0.000000     0.000000     1.331091 
2459313.366183 0.000000 0.000000     0.000000     1.331091 
2459315.038696 0.000000 0.000000     0.000000     1.331091 
2459316.711209 0.000000 0.000000     0.000000     1.331091 
2459318.383722 0.000000 0.000000    -0.000000     1.331091 
2459320.056235 0.000000 0.000000    -0.000000     1.331091 
2459321.728748 0.000000 0.000000    -0.000000     1.331091 
2459323.401261 0.000000 0.000000    -0.000000     1.331091 
2459325.073774 0.000000 0.000000    -0.000000     1.331091 
2459326.746287 0.000000 0.000000     0.000000     1.331091 
2459328.418801 0.000000 0.000000     0.000000     1.331091 
2459330.091314 0.000000 0.000000     0.000000     1.331091 
2459331.763827 0.000000 0.000000     0.000000     1.331091 
2459333.436340 0.000000 0.000000     0.000000     1.331091 
2459335.108853 0.000000 0.000000     0.000000     1.331091 
2459336.781366 0.000000 0.000000     0.000000     1.331091 
2459338.453879 0.000000 0.000000    -0.000000     1.331091 
2459340.126392 0.000000 0.000000    -0.000000     1.331091 
2459341.798905 0.000000 0.000000    -0.000000     1.331091 
2459343.471418 0.000000 0.000000    -0.000000     1.331091 
2459345.143932 0.000000 0.000000    -0.000000     1.331091 
2459346.816445 0.000000 0.000000     0.000000     1.331091 
2459348.488958 0.000000 0.000000     0.000000     1.331091 
2459350.161471 0.000000 0.000000     0.000000     1.331091 
2459351.833984 0.000000 0.000000     0.000000     1.331091 
2459353.506497 0.000000 0.000000     0.000000     1.331091 
2459355.179010 0.000000 0.000000     0.000000     1.331091 
2459356.851523 0.000000 0.000000     0.000000     1.331091 
2459358.524036 0.000000 0.000000     0.000000     1.331091 
2459360.196549 0.000000 0.000000    -0.000000     1.331091 
2459361.869063 0.000000 0.000000    -0.000000     1.331091 
2459363.541576 0.000000 0.000000    -0.000000     1.331091 
2459365.214089 0.000000 0.000000    -0.000000     1.331091 
2459366.886602 0.000000 0.000000     0.000000     1.331091 
2459368.559115 0.000000 0.000000     0.000000     1.331091 
2459370.231628 0.000000 0.000000     0.000000     1.331091 
2459371.904141 0.000000 0.000000     0.000000     1.331091 
2459373.576654 0.000000 0.000000     0.000000     1.331091 
2459375.249167 0.000000 0.000000     0.000000     1.331091 
2459376.921680 0.000000 0.000000     0.000000     1.331091 
2459378.594193 0.000000 0.000000     0.000000     1.331091 
2459380.266707 0.000000 0.000000     0.000000     1.331091 
2459381.939220 0.000000 0.000000     0.000000     1.331091 
2459383.611733 0.000000 0.000000    -0.000000     1.331091 
2459385.284246 0.000000 0.000000    -0.000000     1.331091 
2459386.956759 0.000000 0.000000     0.000000     1.331091 
2459388.629272 0.000000 0.000000     0.000000     1.331091 
2459390.301785 0.000000 0.000000     0.000000     1.331091 
2459391.974298 0.000000 0.000000     0.000000     1.331091 
2459393.646811 0.000000 0.000000     0.000000     1.331091 
2459395.319324 0.000000 0.000000     0.000000     1.331091 
2459396.991838 0.000000 0.000000     0.000000     1.331091 
2459398.664351 0.000000 0.000000     0.000000     1.331091 
2459400.336864 0.000000 0.000000     0.000000     1.331091 
2459402.009377 0.000000 0.000000     0.000000     1.331091 
2459403.681890 0.000000 0.000000    -0.000000     1.331091 
2459405.354403 0.000000 0.000000    -0.000000     1.331091 
2459407.026916 0.000000 0.000000    -0.000000     1.331091 
2459408.699429 0.000000 0.000000     0.000000     1.331091 
2459410.371942 0.000000 0.000000     0.000000     1.331091 
2459412.044455 0.000000 0.000000     0.000000     1.331091 
2459413.716969 0.000000 0.000000     0.000000     1.331091 
2459415.389482 0.000000 0.000000     0.000000     1.331091 
2459417.061995 0.000000 0.000000     0.000000     1.331091 
2459418.734508 0.000000 0.000000     0.000000     1.331091 
2459420.407021 0.000000 0.000000     0.000000     1.331091 
2459422.079534 0.000000 0.000000     0.000000     1.331091 
2459423.752047 0.000000 0.000000    -0.000000     1.331091 
2459425.424560 0.000000 0.000000    -0.000000     1.331091 
2459427.097073 0.000000 0.000000    -0.000000     1.331091 
2459428.769586 0.000000 0.000000    -0.000000     1.331091 
2459430.442099 0.000000 0.000000     0.000000     1.331091 
2459432.114613 0.000000 0.000000     0.000000     1.331091 
2459433.787126 0.000000 0.000000     0.000000     1.331091 
2459435.459639 0.000000 0.000000     0.000001     1.331091 
2459437.132152 0.000000 0.000000     0.000001     1.331091 
2459438.804665 0.000000 0.000000     0.000000     1.331091 
2459440.477178 0.000000 0.000000     0.000000     1.331091 
2459442.149691 0.000000 0.000000     0.000000     1.331091 
2459443.822204 0.000000 0.000000     0.000000     1.331091 
2459445.494717 0.000000 0.000000    -0.000000     1.331091 
2459447.167230 0.000000 0.000000    -0.000000     1.331091 
2459448.839744 0.000000 0.000000    -0.000000     1.331091 
2459450.512257 0.000000 0.000000     0.000000     1.331091 
2459452.184770 0.000000 0.000000     0.000000     1.331091 
2459453.857283 0.000000 0.000000     0.000001     1.331091 
2459455.529796 0.000000 0.000000     0.000001     1.331091 
2459457.202309 0.000000 0.000000     0.000001     1.331091 
2459458.874822 0.000000 0.000000     0.000001     1.331091 
2459460.547335 0.000000 0.000000     0.000001     1.331091 
2459462.219848 0.000000 0.000000     0.000000     1.331091 
2459463.892361 0.000000 0.000000     0.000000     1.331091 
2459465.564875 0.000000 0.000000    -0.000000     1.331091 
2459467.237388 0.000000 0.000000    -0.000000     1.331091 
2459468.909901 0.000000 0.000000    -0.000000     1.331091 
2459470.582414 0.000000 0.000000    -0.000000     1.331091 
2459472.254927 0.000000 0.000000     0.000000     1.331091 
2459473.927440 0.000000 0.000000     0.000001     1.331091 
2459475.599953 0.000000 0.000000     0.000001     1.331091 
2459477.272466 0.000000 0.000000     0.000001     1.331091 
2459478.944979 0.000000 0.000000     0.000001     1.331091 
2459480.617492 0.000000 0.000000     0.000001     1.331091 
2459482.290006 0.000000 0.000000     0.000001     1.331091 
2459483.962519 0.000000 0.000000     0.000000     1.331091 
2459485.635032 0.000000 0.000000    -0.000000     1.331091 
2459487.307545 0.000000 0.000000    -0.000001     1.331091 
2459488.980058 0.000000 0.000000    -0.000001     1.331091 
2459490.652571 0.000000 0.000000    -0.000001     1.331091 
2459492.325084 0.000000 0.000000    -0.000000     1.331091 
2459493.997597 0.000000 0.000000     0.000001     1.331091 
2459495.670110 0.000000 0.000000     0.000001     1.331091 
2459497.342623 0.000000 0.000000     0.000001     1.331091 
2459499.015136 0.000000 0.000000     0.000002     1.331091 
2459500.687650 0.000000 0.000000     0.000002     1.331091 
2459502.360163 0.000000 0.000000     0.000001     1.331091 
2459504.032676 0.000000 0.000000     0.000000     1.331091 
2459505.705189 0.000000 0.000000    -0.000000     1.331091 
2459507.377702 0.000000 0.000000    -0.000001     1.331091 
2459509.050215 0.000000 0.000000    -0.000001     1.331091 
2459510.722728 0.000000 0.000000    -0.000001     1.331091 
2459512.395241 0.000000 0.000000    -0.000001     1.331091 
2459514.067754 0.000000 0.000000     0.000000     1.331091 
2459515.740267 0.000000 0.000000     0.000001     1.331091 
2459517.412781 0.000000 0.000000     0.000001     1.331091 
2459519.085294 0.000000 0.000000     0.000002     1.331091 
2459520.757807 0.000000 0.000000     0.000002     1.331091 
2459522.430320 0.000000 0.000000     0.000002     1.331091 
2459524.102833 0.000000 0.000000     0.000001     1.331091 
2459525.775346 0.000000 0.000000     0.000000     1.331091 
2459527.447859 0.000000 0.000000    -0.000000     1.331091 
2459529.120372 0.000000 0.000000    -0.000001     1.331091 
2459530.792885 0.000000 0.000000    -0.000001     1.331091 
2459532.465398 0.000000 0.000000    -0.000001     1.331091 
2459534.137912 0.000000 0.000000    -0.000000     1.331091 
2459535.810425 0.000000 0.000000     0.000000     1.331091 
2459537.482938 0.000000 0.000000     0.000001     1.331091 
2459539.155451 0.000000 0.000000     0.000001     1.331091 
2459540.827964 0.000000 0.000000     0.000002     1.331091 
2459542.500477 0.000000 0.000000     0.000002     1.331091 
2459544.172990 0.000000 0.000000     0.000002     1.331091 
2459545.845503 0.000000 0.000000     0.000001     1.331091 
2459547.518016 0.000000 0.000000     0.000000     1.331091 
2459549.190529 0.000000 0.000000    -0.000000     1.331091 
2459550.863042 0.000000 0.000000    -0.000001     1.331091 
2459552.535556 0.000000 0.000000    -0.000001     1.331091 
2459554.208069 0.000000 0.000000    -0.000000     1.331091 
2459555.880582 0.000000 0.000000     0.000001     1.331091 
2459557.553095 0.000000 0.000000     0.000002     1.331091 
2459559.225608 0.000000 0.000000     0.000003     1.331091 
2459560.898121 0.000000 0.000000     0.000004     1.331091 
2459562.570634 0.000000 0.000000     0.000005     1.331091 
2459564.243147 0.000000 0.000000     0.000005     1.331091 
2459565.915660 0.000000 0.000000     0.000003     1.331091 
2459567.588173 0.000000 0.000000     0.000002     1.331091 
2459569.260687 0.000000 0.000000     0.000001     1.331091 
2459570.933200 0.000000 0.000000    -0.000000     1.331091 
2459572.605713 0.000000 0.000000    -0.000001     1.331091 
2459574.278226 0.000000 0.000000    -0.000000     1.331091 
2459575.950739 0.000000 0.000000     0.000001     1.331091 
2459577.623252 0.000000 0.000000     0.000005     1.331091 
2459579.295765 0.000000 0.000000     0.000008     1.331091 
2459580.968278 0.000000 0.000000     0.000012     1.331091 
2459582.640791 0.000000 0.000000     0.000014     1.331091 
2459584.313304 0.000000 0.000000     0.000014     1.331091 
2459585.985818 0.000000 0.000000     0.000010     1.331091 
2459587.658331 0.000000 0.000000     0.000008     1.331091 
2459589.330844 0.000000 0.000000     0.000006     1.331091 
2459591.003357 0.000000 0.000000     0.000001     1.331091 
2459592.675870 0.000000 0.000000    -0.000002     1.331091 
2459594.348383 0.000000 0.000000    -0.000002     1.331091 
2459596.020896 0.000000 0.000000     0.000000     1.331091 
2459597.693409 0.000000 0.000000     0.000007     1.331091 
2459599.365922 0.000000 0.000000     0.000018     1.331091 
2459601.038435 0.000000 0.000000     0.000026     1.331091 
2459602.710948 0.000000 0.000000     0.000034     1.331091 
2459604.383462 0.000000 0.000000     0.000037     1.331091 
2459606.055975 0.000000 0.000000     0.000030     1.331091 
2459607.728488 0.000000 0.000000     0.000020     1.331091 
2459609.401001 0.000000 0.000000     0.000015     1.331091 
2459611.073514 0.000000 0.000000     0.000007     1.331091 
2459612.746027 0.000000 0.000000    -0.000005     1.331091 
2459614.418540 0.000000 0.000000    -0.000010     1.331091 
2459616.091053 0.000000 0.000000    -0.000007     1.331091 
2459617.763566 0.000000 0.000000     0.000004     1.331091 
2459619.436079 0.000000 0.000000     0.000026     1.331091 
2459621.108593 0.000000 0.000000     0.000047     1.331091 
2459622.781106 0.000000 0.000000     0.000063     1.331091 
2459624.453619 0.000000 0.000000     0.000076     1.331091 
2459626.126132 0.000000 0.000000     0.000072     1.331091 
2459627.798645 0.000000 0.000000     0.000048     1.331091 
2459629.471158 0.000000 0.000000     0.000030     1.331091 
2459631.143671 0.000000 0.000000     0.000018     1.331091 
2459632.816184 0.000000 0.000000    -0.000004     1.331091 
2459634.488697 0.000000 0.000000    -0.000023     1.331091 
2459636.161210 0.000000 0.000000    -0.000025     1.331091 
2459637.833724 0.000000 0.000000    -0.000014     1.331091 
2459639.506237 0.000000 0.000000     0.000019     1.331091 
2459641.178750 0.000000 0.000000     0.000063     1.331091 
2459642.851263 0.000000 0.000000     0.000094     1.331091 
2459644.523776 0.000000 0.000000     0.000120     1.331091 
2459646.196289 0.000000 0.000000     0.000133     1.331091 
2459647.868802 0.000000 0.000000     0.000104     1.331091 
2459649.541315 0.000000 0.000000     0.000058     1.331091 
2459651.213828 0.000000 0.000000     0.000031     1.331091 
2459652.886341 0.000000 0.000000     0.000002     1.331091 
2459654.558855 0.000000 0.000000    -0.000034     1.331091 
2459656.231368 0.000000 0.000000    -0.000052     1.331091 
2459657.903881 0.000000 0.000000    -0.000048     1.331091 
2459659.576394 0.000000 0.000000    -0.000014     1.331091 
2459661.248907 0.000000 0.000000     0.000053     1.331091 
2459662.921420 0.000000 0.000000     0.000111     1.331091 
2459664.593933 0.000000 0.000000     0.000146     1.331091 
2459666.266446 0.000000 0.000000     0.000180     1.331091 
2459667.938959 0.000000 0.000000     0.000176     1.331091 
2459669.611472 0.000000 0.000000     0.000112     1.331091 
2459671.283985 0.000000 0.000000     0.000048     1.331091 
2459672.956499 0.000000 0.000000     0.000008     1.331091 
2459674.629012 0.000000 0.000000    -0.000037     1.331091 
2459676.301525 0.000000 0.000000    -0.000075     1.331091 
2459677.974038 0.000000 0.000000    -0.000087     1.331091 
2459679.646551 0.000000 0.000000    -0.000067     1.331091 
2459681.319064 0.000000 0.000000     0.000004     1.331091 
2459682.991577 0.000000 0.000000     0.000091     1.331091 
2459684.664090 0.000000 0.000000     0.000140     1.331091 
2459686.336603 0.000000 0.000000     0.000180     1.331091 
2459688.009116 0.000000 0.000000     0.000215     1.331091 
2459689.681630 0.000000 0.000000     0.000179     1.331091 
2459691.354143 0.000000 0.000000     0.000087     1.331091 
2459693.026656 0.000000 0.000000     0.000014     1.331091 
2459694.699169 0.000000 0.000000    -0.000034     1.331091 
2459696.371682 0.000000 0.000000    -0.000078     1.331091 
2459698.044195 0.000000 0.000000    -0.000107     1.331091 
2459699.716708 0.000000 0.000000    -0.000110     1.331091 
2459701.389221 0.000000 0.000000    -0.000060     1.331091 
2459703.061734 0.000000 0.000000     0.000037     1.331091 
2459704.734247 0.000000 0.000000     0.000109     1.331091 
2459706.406761 0.000000 0.000000     0.000145     1.331091 
2459708.079274 0.000000 0.000000     0.000197     1.331091 
2459709.751787 0.000000 0.000000     0.000224     1.331091 
2459711.424300 0.000000 0.000000     0.000158     1.331091 
2459713.096813 0.000000 0.000000     0.000055     1.331091 
2459714.769326 0.000000 0.000000    -0.000011     1.331091 
2459716.441839 0.000000 0.000000    -0.000052     1.331091 
2459718.114352 0.000000 0.000000    -0.000088     1.331091 
2459719.786865 0.000000 0.000000    -0.000108     1.331091 
2459721.459378 0.000000 0.000000    -0.000088     1.331091 
2459723.131891 0.000000 0.000000    -0.000004     1.331091 
2459724.804405 0.000000 0.000000     0.000102     1.331091 
2459726.476918 0.000000 0.000000     0.000167     1.331091 
2459728.149431 0.000000 0.000000     0.000229     1.331091 
2459729.821944 0.000000 0.000000     0.000307     1.331091 
2459731.494457 0.000000 0.000000     0.000303     1.331091 
2459733.166970 0.000000 0.000000     0.000200     1.331091 
2459734.839483 0.000000 0.000000     0.000108     1.331091 
2459736.511996 0.000000 0.000000     0.000046     1.331091 
2459738.184509 0.000000 0.000000    -0.000027     1.331091 
2459739.857022 0.000000 0.000000    -0.000074     1.331091 
2459741.529536 0.000000 0.000000    -0.000064     1.331091 
2459743.202049 0.000000 0.000000     0.000017     1.331091 
2459744.874562 0.000000 0.000000     0.000198     1.331091 
2459746.547075 0.000000 0.000000     0.000400     1.331091 
2459748.219588 0.000000 0.000000     0.000564     1.331091 
2459749.892101 0.000000 0.000000     0.000733     1.331091 
2459751.564614 0.000000 0.000000     0.000794     1.331091 
2459753.237127 0.000000 0.000000     0.000634     1.331091 
2459754.909640 0.000000 0.000000     0.000463     1.331091 
2459756.582153 0.000000 0.000000     0.000362     1.331091 
2459758.254667 0.000000 0.000000     0.000146     1.331091 
2459759.927180 0.000000 0.000000    -0.000075     1.331091 
2459761.599693 0.000000 0.000000    -0.000103     1.331091 
2459763.272206 0.000000 0.000000     0.000016     1.331091 
2459764.944719 0.000000 0.000000     0.000362     1.331091 
2459766.617232 0.000000 0.000000     0.000949     1.331091 
2459768.289745 0.000000 0.000000     0.001490     1.331091 
2459769.962258 0.000000 0.000000     0.001954     1.331091 
2459771.634771 0.000000 0.000000     0.002256     1.331091 
2459773.307284 0.000000 0.000000     0.001960     1.331091 
2459774.979797 0.000000 0.000000     0.001367     1.331090 
2459776.652311 0.000000 0.000000     0.001085     1.331091 
2459778.324824 0.000000 0.000000     0.000676     1.331091 
2459779.997337 0.000000 0.000000    -0.000074     1.331091 
2459781.669850 0.000000 0.000000    -0.000451     1.331091 
2459783.342363 0.000000 0.000000    -0.000325     1.331091 
2459785.014876 0.000000 0.000000     0.000234     1.331091 
2459786.687389 0.000000 0.000000     0.001545     1.331091 
2459788.359902 0.000000 0.000000     0.003062     1.331090 
2459790.032415 0.000000 0.000000     0.004222     1.331089 
2459791.704928 0.000000 0.000000     0.005216     1.331089 
2459793.377442 0.000000 0.000000     0.005203     1.331088 
2459795.049955 0.000000 0.000000     0.003724     1.331088 
2459796.722468 0.000000 0.000000     0.002471     1.331088 
2459798.394981 0.000000 0.000000     0.001774     1.331088 
2459800.067494 0.000000 0.000000     0.000285     1.331088 
2459801.740007 0.000000 0.000000    -0.001202     1.331088 
2459803.412520 0.000000 0.000000    -0.001484     1.331089 
2459805.085033 0.000000 0.000000    -0.000851     1.331090 
2459806.757546 0.000000 0.000000     0.001239     1.331090 
2459808.430059 0.000000 0.000000     0.004569     1.331088 
2459810.102573 0.000000 0.000000     0.007234     1.331085 
2459811.775086 0.000000 0.000000     0.009307     1.331083 
2459813.447599 0.000000 0.000000     0.010640     1.331082 
2459815.120112 0.000000 0.000000     0.008896     1.331082 
2459816.792625 0.000000 0.000000     0.005401     1.331081 
2459818.465138 0.000000 0.000000     0.003361     1.331081 
2459820.137651 0.000000 0.000000     0.001301     1.331082 
2459821.810164 0.000000 0.000000    -0.001851     1.331082 
2459823.482677 0.000000 0.000000    -0.003610     1.331083 
2459825.155190 0.000000 0.000000    -0.003432     1.331086 
2459826.827703 0.000000 0.000000    -0.001150     1.331087 
2459828.500217 0.000000 0.000000     0.004190     1.331086 
2459830.172730 0.000000 0.000000     0.009646     1.331080 
2459831.845243 0.000000 0.000000     0.013137     1.331074 
2459833.517756 0.000000 0.000000     0.016311     1.331073 
2459835.190269 0.000000 0.000000     0.016569     1.331072 
2459836.862782 0.000000 0.000000     0.011354     1.331072 
2459838.535295 0.000000 0.000000     0.005808     1.331072 
2459840.207808 0.000000 0.000000     0.002494     1.331072 
2459841.880321 0.000000 0.000000    -0.001760     1.331072 
2459843.552834 0.000000 0.000000    -0.005834     1.331073 
2459845.225348 0.000000 0.000000    -0.007187     1.331077 
2459846.897861 0.000000 0.000000    -0.005794     1.331081 
2459848.570374 0.000000 0.000000     0.000178     1.331082 
2459850.242887 0.000000 0.000000     0.008941     1.331077 
2459851.915400 0.000000 0.000000     0.014772     1.331070 
2459853.587913 0.000000 0.000000     0.018885     1.331066 
2459855.260426 0.000000 0.000000     0.022545     1.331066 
2459856.932939 0.000000 0.000000     0.019554     1.331066 
2459858.605452 0.000000 0.000000     0.010600     1.331066 
2459860.277965 0.000000 0.000000     0.003588     1.331066 
2459861.950479 0.000000 0.000000    -0.001369     1.331066 
2459863.622992 0.000000 0.000000    -0.006739     1.331067 
2459865.295505 0.000000 0.000000    -0.010296     1.331068 
2459866.968018 0.000000 0.000000    -0.010865     1.331072 
2459868.640531 0.000000 0.000000    -0.006587     1.331073 
2459870.313044 0.000000 0.000000     0.003514     1.331073 
2459871.985557 0.000000 0.000000     0.012510     1.331070 
2459873.658070 0.000000 0.000000     0.016973     1.331067 
2459875.330583 0.000000 0.000000     0.022050     1.331066 
2459877.003096 0.000000 0.000000     0.024761     1.331066 
2459878.675610 0.000000 0.000000     0.017845     1.331066 
2459880.348123 0.000000 0.000000     0.006727     1.331066 
2459882.020636 0.000000 0.000000    -0.000764     1.331066 
2459883.693149 0.000000 0.000000    -0.005905     1.331066 
2459885.365662 0.000000 0.000000    -0.010363     1.331066 
2459887.038175 0.000000 0.000000    -0.013003     1.331066 
2459888.710688 0.000000 0.000000    -0.011786     1.331066 
2459890.383201 0.000000 0.000000    -0.003696     1.331066 
2459892.055714 0.000000 0.000000     0.007460     1.331066 
2459893.728227 0.000000 0.000000     0.013867     1.331065 
2459895.400740 0.000000 0.000000     0.018335     1.331065 
2459897.073254 0.000000 0.000000     0.025138     1.331065 
2459898.745767 0.000000 0.000000     0.025802     1.331065 
2459900.418280 0.000000 0.000000     0.015772     1.331066 
2459902.090793 0.000000 0.000000     0.004759     1.331066 
2459903.763306 0.000000 0.000000    -0.001454     1.331067 
2459905.435819 0.000000 0.000000    -0.006196     1.331068 
2459907.108332 0.000000 0.000000    -0.010235     1.331069 
2459908.780845 0.000000 0.000000    -0.011234     1.331068 
2459910.453358 0.000000 0.000000    -0.006193     1.331068 
2459912.125871 0.000000 0.000000     0.006144     1.331065 
2459913.798385 0.000000 0.000000     0.018945     1.331053 
2459915.470898 0.000000 0.000000     0.027494     1.331032 
2459917.143411 0.000000 0.000000     0.037676     1.331018 
2459918.815924 0.000000 0.000000     0.045913     1.330998 
2459920.488437 0.000000 0.000000     0.039739     1.330954 
2459922.160950 0.000000 0.000000     0.025913     1.330933 
2459923.833463 0.000000 0.000000     0.016886     1.330961 
2459925.505976 0.000000 0.000000     0.007080     1.330984 
2459927.178489 0.000000 0.000000    -0.004512     1.330991 
2459928.851002 0.000000 0.000000    -0.008318     1.331005 
2459930.523516 0.000000 0.000000    -0.003448     1.331026 
2459932.196029 0.000000 0.000000     0.013349     1.331001 
2459933.868542 0.000000 0.000000     0.044166     1.330812 
2459935.541055 0.000000 0.000000     0.074311     1.330359 
2459937.213568 0.000000 0.000000     0.100281     1.330005 
2459938.886081 0.000000 0.000000     0.123077     1.329808 
2459940.558594 0.000000 0.000000     0.117666     1.329346 
2459942.231107 0.000000 0.000000     0.086642     1.328856 
2459943.903620 0.000000 0.000000     0.067463     1.328984 
2459945.576133 0.000000 0.000000     0.048579     1.329222 
2459947.248646 0.000000 0.000000     0.008332     1.329251 
2459948.921160 0.000000 0.000000    -0.018087     1.329445 
2459950.593673 0.000000 0.000000    -0.013656     1.329994 
2459952.266186 0.000000 0.000000     0.013337     1.330338 
2459953.938699 0.000000 0.000000     0.082502     1.329568 
2459955.611212 0.000000 0.000000     0.175447     1.326408 
2459957.283725 0.000000 0.000000     0.251642     1.322321 
2459958.956238 0.000000 0.000000     0.318759     1.320684 
2459960.628751 0.000000 0.000000     0.337437     1.319021 
2459962.301264 0.000000 0.000000     0.260993     1.315985 
2459963.973777 0.000000 0.000000     0.180546     1.315073 
2459965.646291 0.000000 0.000000     0.142918     1.316618 
2459967.318804 0.000000 0.000000     0.057767     1.316884 
2459968.991317 0.000000 0.000000    -0.048079     1.317404 
2459970.663830 0.000000 0.000000    -0.076357     1.320562 
2459972.336343 0.000000 0.000000    -0.041699     1.325074 
2459974.008856 0.000000 0.000000     0.075951     1.325395 
2459975.681369 0.000000 0.000000     0.294846     1.316247 
2459977.353882 0.000000 0.000000     0.496987     1.295187 
2459979.026395 0.000000 0.000000     0.652972     1.280989 
2459980.698908 0.000000 0.000000     0.768757     1.276657 
2459982.371422 0.000000 0.000000     0.685444     1.268671 
2459984.043935 0.000000 0.000000     0.447429     1.260788 
2459985.716448 0.000000 0.000000     0.303299     1.264002 
2459987.388961 0.000000 0.000000     0.177047     1.267230 
2459989.061474 0.000000 0.000000    -0.059808     1.267589 
2459990.733987 0.000000 0.000000    -0.218417     1.275182 
2459992.406500 0.000000 0.000000    -0.215658     1.295043 
2459994.079013 0.000000 0.000000    -0.075964     1.308737 
2459995.751526 0.000000 0.000000     0.296067     1.298816 
2459997.424039 0.000000 0.000000     0.747489     1.247467 
2459999.096552 0.000000 0.000000     1.061820     1.176489 
2460000.769066 0.000000 0.000000     1.331726     1.152079 
2460002.441579 0.000000 0.000000     1.407069     1.140398 
2460004.114092 0.000000 0.000000     1.035901     1.119936 
2460005.786605 0.000000 0.000000     0.589314     1.115718 
2460007.459118 0.000000 0.000000     0.343084     1.128230 
2460009.131631 0.000000 0.000000     0.003342     1.131164 
2460010.804144 0.000000 0.000000    -0.385679     1.141712 
2460012.476657 0.000000 0.000000    -0.529291     1.187007 
2460014.149170 0.000000 0.000000    -0.439549     1.244609 
2460015.821683 0.000000 0.000000    -0.000058     1.257639 
2460017.494197 0.000000 0.000000     0.768861     1.201004 
2460019.166710 0.000000 0.000000     1.376521     1.035153 
2460020.839223 0.000000 0.000000     1.784335     0.881043 
2460022.511736 0.000000 0.000000     2.145268     0.854203 
2460024.184249 0.000000 0.000000     1.949471     0.830442 
2460025.856762 0.000000 0.000000     1.164671     0.808601 
2460027.529275 0.000000 0.000000     0.537548     0.827050 
2460029.201788 0.000000 0.000000     0.100152     0.846188 
2460030.874301 0.000000 0.000000    -0.463609     0.868893 
2460032.546814 0.000000 0.000000    -0.869869     0.936390 
2460034.219328 0.000000 0.000000    -0.945586     1.066393 
2460035.891841 0.000000 0.000000    -0.616682     1.138716 
2460037.564354 0.000000 0.000000     0.316143     1.122731 
2460039.236867 0.000000 0.000000     1.324347     0.982146 
2460040.909380 0.000000 0.000000     1.885252     0.659380 
2460042.581893 0.000000 0.000000     2.398922     0.347851 
2460044.254406 0.000000 0.000000     2.695858     0.350326 
2460045.926919 0.000000 0.000000     2.036060     0.348686 
2460047.599432 0.000000 0.000000     0.917685     0.373468 
2460049.271945 0.000000 0.000000     0.158550     0.417733 
2460050.944459 0.000000 0.000000    -0.441042     0.502681 
2460052.616972 0.000000 0.000000    -1.017171     0.593185 
2460054.289485 0.000000 0.000000    -1.334657     0.737936 
2460055.961998 0.000000 0.000000    -1.270814     0.861414 
2460057.634511 0.000000 0.000000    -0.509636     0.890691 
2460059.307024 0.000000 0.000000     0.743202     0.850146 
2460060.979537 0.000000 0.000000     1.566735     0.726144 
2460062.652050 0.000000 0.000000     2.025417     0.632154 
2460064.324563 0.000000 0.000000     2.660133     0.596604 
2460065.997076 0.000000 0.000000     2.719305     0.544855 
2460067.669589 0.000000 0.000000     1.653906     0.492385 
2460069.342103 0.000000 0.000000     0.415574     0.585534 
2460071.014616 0.000000 0.000000    -0.334332     0.571322 
2460072.687129 0.000000 0.000000    -0.867389     0.437050 
2460074.359642 0.000000 0.000000    -1.309767     0.464891 
2460076.032155 0.000000 0.000000    -1.522226     0.383459 
2460077.704668 0.000000 0.000000    -1.172299     0.361377 
2460079.377181 0.000000 0.000000    -0.089113     0.376555 
2460081.049694 0.000000 0.000000     0.962732     0.417760 
2460082.722207 0.000000 0.000000     1.416658     0.508571 
2460084.394720 0.000000 0.000000     1.946874     0.537474 
2460086.067234 0.000000 0.000000     2.620605     0.524270 
2460087.739747 0.000000 0.000000     2.334588     0.637554 
2460089.412260 0.000000 0.000000     1.080294     0.716400 
2460091.084773 0.000000 0.000000     0.004112     0.834669 
2460092.757286 0.000000 0.000000    -0.542161     0.825652 
2460094.429799 0.000000 0.000000    -0.931883     0.839528 
2460096.102312 0.000000 0.000000    -1.263345     0.876989 
2460097.774825 0.000000 0.000000    -1.285905     0.901061 
2460099.447338 0.000000 0.000000    -0.688490     0.914497 
2460101.119851 0.000000 0.000000     0.259688     0.905694 
2460102.792365 0.000000 0.000000     0.819876     0.888545 
2460104.464878 0.000000 0.000000     1.116457     0.894619 
2460106.137391 0.000000 0.000000     1.760524     0.883611 
2460107.809904 0.000000 0.000000     2.182837     0.919848 
2460109.482417 0.000000 0.000000     1.549386     0.952211 
2460111.154930 0.000000 0.000000     0.440854     1.027921 
2460112.827443 0.000000 0.000000    -0.241748     1.093011 
2460114.499956 0.000000 0.000000    -0.573374     1.106469 
2460116.172469 0.000000 0.000000    -0.872796     1.131190 
2460117.844982 0.000000 0.000000    -1.059491     1.154592 
2460119.517495 0.000000 0.000000    -0.894240     1.170467 
2460121.190009 0.000000 0.000000    -0.325037     1.171607 
2460122.862522 0.000000 0.000000     0.246872     1.160419 
2460124.535035 0.000000 0.000000     0.506679     1.152303 
2460126.207548 0.000000 0.000000     0.845758     1.149225 
2460127.880061 0.000000 0.000000     1.390506     1.146922 
2460129.552574 0.000000 0.000000     1.390733     1.156556 
2460131.225087 0.000000 0.000000     0.636280     1.172879 
2460132.897600 0.000000 0.000000    -0.092620     1.212282 
2460134.570113 0.000000 0.000000    -0.441782     1.220660 
2460136.242626 0.000000 0.000000    -0.700453     1.223653 
2460137.915140 0.000000 0.000000    -0.920524     1.234830 
2460139.587653 0.000000 0.000000    -0.956793     1.244618 
2460141.260166 0.000000 0.000000    -0.741224     1.248482 
2460142.932679 0.000000 0.000000    -0.313331     1.246179 
2460144.605192 0.000000 0.000000     0.048972     1.241094 
2460146.277705 0.000000 0.000000     0.271786     1.239203 
2460147.950218 0.000000 0.000000     0.645104     1.236463 
2460149.622731 0.000000 0.000000     0.917809     1.236569 
2460151.295244 0.000000 0.000000     0.537482     1.238638 
2460152.967757 0.000000 0.000000    -0.147044     1.247865 
2460154.640271 0.000000 0.000000    -0.535295     1.224340 
2460156.312784 0.000000 0.000000    -0.781645     1.179893 
2460157.985297 0.000000 0.000000    -1.045285     1.173703 
2460159.657810 0.000000 0.000000    -1.152962     1.176766 
2460161.330323 0.000000 0.000000    -1.111529     1.179128 
2460163.002836 0.000000 0.000000    -0.878363     1.179336 
2460164.675349 0.000000 0.000000    -0.433020     1.178389 
2460166.347862 0.000000 0.000000    -0.079335     1.177342 
2460168.020375 0.000000 0.000000     0.201647     1.177055 
2460169.692888 0.000000 0.000000     0.544160     1.177544 
2460171.365401 0.000000 0.000000     0.429315     1.180199 
2460173.037915 0.000000 0.000000    -0.256753     1.194635 
2460174.710428 0.000000 0.000000    -0.765956     1.175623 
2460176.382941 0.000000 0.000000    -0.977098     1.034963 
2460178.055454 0.000000 0.000000    -1.270836     0.933589 
2460179.727967 0.000000 0.000000    -1.468664     0.925956 
2460181.400480 0.000000 0.000000    -1.470275     0.925185 
2460183.072993 0.000000 0.000000    -1.382079     0.925075 
2460184.745506 0.000000 0.000000    -0.979579     0.926095 
2460186.418019 0.000000 0.000000    -0.415069     0.926930 
2460188.090532 0.000000 0.000000    -0.054329     0.927902 
2460189.763046 0.000000 0.000000     0.309846     0.931729 
2460191.435559 0.000000 0.000000     0.463574     0.943509 
2460193.108072 0.000000 0.000000    -0.145697     0.983835 
2460194.780585 0.000000 0.000000    -0.907343     1.072201 
2460196.453098 0.000000 0.000000    -1.151325     0.986164 
2460198.125611 0.000000 0.000000    -1.338667     0.641970 
2460199.798124 0.000000 0.000000    -1.612994     0.421440 
2460201.470637 0.000000 0.000000    -1.653233     0.353410 
2460203.143150 0.000000 0.000000    -1.608240     0.346020 
2460204.815663 0.000000 0.000000    -1.373428     0.350328 
2460206.488177 0.000000 0.000000    -0.760573     0.384410 
2460208.160690 0.000000 0.000000    -0.240785     0.396883 
2460209.833203 0.000000 0.000000     0.110656     0.434787 
2460211.505716 0.000000 0.000000     0.458481     0.516512 
2460213.178229 0.000000 0.000000     0.177450     0.641847 
2460214.850742 0.000000 0.000000    -0.698474     0.909169 
2460216.523255 0.000000 0.000000    -1.148625     1.070572 
2460218.195768 0.000000 0.000000    -1.188250     1.001440 
2460219.868281 0.000000 0.000000    -1.376282     0.933101 
2460221.540794 0.000000 0.000000    -1.482432     0.928443 
2460223.213308 0.000000 0.000000    -1.429522     0.926965 
2460224.885821 0.000000 0.000000    -1.340847     0.926726 
2460226.558334 0.000000 0.000000    -0.930912     0.928066 
2460228.230847 0.000000 0.000000    -0.375681     0.929112 
2460229.903360 0.000000 0.000000    -0.042095     0.930819 
2460231.575873 0.000000 0.000000     0.286536     0.935339 
2460233.248386 0.000000 0.000000     0.369091     0.948685 
2460234.920899 0.000000 0.000000    -0.236182     1.005110 
2460236.593412 0.000000 0.000000    -0.852331     1.142886 
2460238.265925 0.000000 0.000000    -0.925037     1.203926 
2460239.938438 0.000000 0.000000    -0.937523     1.191784 
2460241.610952 0.000000 0.000000    -1.043918     1.189776 
2460243.283465 0.000000 0.000000    -1.017985     1.189403 
2460244.955978 0.000000 0.000000    -0.970399     1.189402 
2460246.628491 0.000000 0.000000    -0.806615     1.189538 
2460248.301004 0.000000 0.000000    -0.416188     1.189910 
2460249.973517 0.000000 0.000000    -0.112109     1.190113 
2460251.646030 0.000000 0.000000     0.095128     1.190784 
2460253.318543 0.000000 0.000000     0.291944     1.192683 
2460254.991056 0.000000 0.000000     0.095362     1.198768 
2460256.663569 0.000000 0.000000    -0.405788     1.231580 
2460258.336083 0.000000 0.000000    -0.606314     1.278790 
2460260.008596 0.000000 0.000000    -0.555360     1.291967 
2460261.681109 0.000000 0.000000    -0.582741     1.292319 
2460263.353622 0.000000 0.000000    -0.593378     1.292692 
2460265.026135 0.000000 0.000000    -0.554266     1.292710 
2460266.698648 0.000000 0.000000    -0.509305     1.292726 
2460268.371161 0.000000 0.000000    -0.335085     1.292820 
2460270.043674 0.000000 0.000000    -0.119601     1.292874 
2460271.716187 0.000000 0.000000     0.002718     1.292987 
2460273.388700 0.000000 0.000000     0.129968     1.293237 
2460275.061214 0.000000 0.000000     0.153165     1.293962 
2460276.733727 0.000000 0.000000    -0.081243     1.298010 
2460278.406240 0.000000 0.000000    -0.295515     1.311097 
2460280.078753 0.000000 0.000000    -0.295788     1.321365 
2460281.751266 0.000000 0.000000    -0.267634     1.323449 
2460283.423779 0.000000 0.000000    -0.276900     1.323846 
2460285.096292 0.000000 0.000000    -0.258408     1.323909 
2460286.768805 0.000000 0.000000    -0.240687     1.323922 
2460288.441318 0.000000 0.000000    -0.192096     1.323937 
2460290.113831 0.000000 0.000000    -0.089257     1.323954 
2460291.786344 0.000000 0.000000    -0.016676     1.323964 
2460293.458858 0.000000 0.000000     0.034350     1.323996 
2460295.131371 0.000000 0.000000     0.083491     1.324074 
2460296.803884 0.000000 0.000000     0.031752     1.324361 
2460298.476397 0.000000 0.000000    -0.088270     1.326035 
2460300.148910 0.000000 0.000000    -0.128933     1.328752 
2460301.821423 0.000000 0.000000    -0.106916     1.329972 
2460303.493936 0.000000 0.000000    -0.101111     1.330204 
2460305.166449 0.000000 0.000000    -0.096985     1.330251 
2460306.838962 0.000000 0.000000    -0.087669     1.330259 
2460308.511475 0.000000 0.000000    -0.077865     1.330262 
2460310.183989 0.000000 0.000000    -0.046681     1.330265 
2460311.856502 0.000000 0.000000    -0.012776     1.330265 
2460313.529015 0.000000 0.000000     0.005128     1.330268 
2460315.201528 0.000000 0.000000     0.026012     1.330273 
2460316.874041 0.000000 0.000000     0.029684     1.330288 
2460318.546554 0.000000 0.000000    -0.006666     1.330385 
2460320.219067 0.000000 0.000000    -0.038291     1.330686 
2460321.891580 0.000000 0.000000    -0.037169     1.330938 
2460323.564093 0.000000 0.000000    -0.030688     1.331008 
2460325.236606 0.000000 0.000000    -0.029924     1.331021 
2460326.909120 0.000000 0.000000    -0.027437     1.331023 
2460328.581633 0.000000 0.000000    -0.025124     1.331024 
2460330.254146 0.000000 0.000000    -0.018954     1.331024 
2460331.926659 0.000000 0.000000    -0.007728     1.331024 
2460333.599172 0.000000 0.000000    -0.000450     1.331024 
2460335.271685 0.000000 0.000000     0.005077     1.331024 
2460336.944198 0.000000 0.000000     0.011036     1.331025 
2460338.616711 0.000000 0.000000     0.006691     1.331028 
2460340.289224 0.000000 0.000000    -0.005789     1.331044 
2460341.961737 0.000000 0.000000    -0.011709     1.331067 
2460343.634250 0.000000 0.000000    -0.011208     1.331075 
2460345.306764 0.000000 0.000000    -0.011999     1.331074 
2460346.979277 0.000000 0.000000    -0.013079     1.331074 
2460348.651790 0.000000 0.000000    -0.012844     1.331074 
2460350.324303 0.000000 0.000000    -0.011854     1.331074 
2460351.996816 0.000000 0.000000    -0.008244     1.331074 
2460353.669329 0.000000 0.000000    -0.003349     1.331074 
2460355.341842 0.000000 0.000000    -0.000186     1.331074 
2460357.014355 0.000000 0.000000     0.003018     1.331074 
2460358.686868 0.000000 0.000000     0.005000     1.331075 
2460360.359381 0.000000 0.000000     0.000720     1.331076 
2460362.031895 0.000000 0.000000    -0.006045     1.331079 
2460363.704408 0.000000 0.000000    -0.008832     1.331077 
2460365.376921 0.000000 0.000000    -0.010349     1.331071 
2460367.049434 0.000000 0.000000    -0.012893     1.331069 
2460368.721947 0.000000 0.000000    -0.013786     1.331069 
2460370.394460 0.000000 0.000000    -0.013524     1.331069 
2460372.066973 0.000000 0.000000    -0.012039     1.331069 
2460373.739486 0.000000 0.000000    -0.007338     1.331069 
2460375.411999 0.000000 0.000000    -0.002607     1.331069 
2460377.084512 0.000000 0.000000     0.000407     1.331069 
2460378.757026 0.000000 0.000000     0.003689     1.331069 
2460380.429539 0.000000 0.000000     0.002825     1.331070 
2460382.102052 0.000000 0.000000    -0.004335     1.331072 
2460383.774565 0.000000 0.000000    -0.009605     1.331076 
2460385.447078 0.000000 0.000000    -0.010693     1.331071 
2460387.119591 0.000000 0.000000    -0.012688     1.331067 
2460388.792104 0.000000 0.000000    -0.014406     1.331066 
2460390.464617 0.000000 0.000000    -0.014184     1.331066 
2460392.137130 0.000000 0.000000    -0.013593     1.331066 
2460393.809643 0.000000 0.000000    -0.010314     1.331066 
2460395.482156 0.000000 0.000000    -0.004725     1.331066 
2460397.154670 0.000000 0.000000    -0.001043     1.331066 
2460398.827183 0.000000 0.000000     0.002140     1.331067 
2460400.499696 0.000000 0.000000     0.003998     1.331067 
2460402.172209 0.000000 0.000000    -0.000914     1.331068 
2460403.844722 0.000000 0.000000    -0.007965     1.331074 
2460405.517235 0.000000 0.000000    -0.009834     1.331078 
2460407.189748 0.000000 0.000000    -0.010146     1.331076 
2460408.862261 0.000000 0.000000    -0.011702     1.331075 
2460410.534774 0.000000 0.000000    -0.011851     1.331075 
2460412.207287 0.000000 0.000000    -0.011371     1.331075 
2460413.879801 0.000000 0.000000    -0.010016     1.331075 
2460415.552314 0.000000 0.000000    -0.005834     1.331075 
2460417.224827 0.000000 0.000000    -0.001901     1.331075 
2460418.897340 0.000000 0.000000     0.000519     1.331075 
2460420.569853 0.000000 0.000000     0.003072     1.331075 
2460422.242366 0.000000 0.000000     0.001890     1.331075 
2460423.914879 0.000000 0.000000    -0.003912     1.331078 
2460425.587392 0.000000 0.000000    -0.007298     1.331083 
2460427.259905 0.000000 0.000000    -0.007062     1.331085 
2460428.932418 0.000000 0.000000    -0.007472     1.331084 
2460430.604932 0.000000 0.000000    -0.007951     1.331084 
2460432.277445 0.000000 0.000000    -0.007532     1.331084 
2460433.949958 0.000000 0.000000    -0.007093     1.331084 
2460435.622471 0.000000 0.000000    -0.005163     1.331084 
2460437.294984 0.000000 0.000000    -0.002154     1.331084 
2460438.967497 0.000000 0.000000    -0.000310     1.331084 
2460440.640010 0.000000 0.000000     0.001354     1.331084 
2460442.312523 0.000000 0.000000     0.002189     1.331085 
2460443.985036 0.000000 0.000000    -0.000491     1.331085 
2460445.657549 0.000000 0.000000    -0.003867     1.331087 
2460447.330063 0.000000 0.000000    -0.004363     1.331089 
2460449.002576 0.000000 0.000000    -0.003995     1.331089 
2460450.675089 0.000000 0.000000    -0.004253     1.331089 
2460452.347602 0.000000 0.000000    -0.004106     1.331089 
2460454.020115 0.000000 0.000000    -0.003846     1.331089 
2460455.692628 0.000000 0.000000    -0.003292     1.331089 
2460457.365141 0.000000 0.000000    -0.001778     1.331089 
2460459.037654 0.000000 0.000000    -0.000478     1.331089 
2460460.710167 0.000000 0.000000     0.000317     1.331089 
2460462.382680 0.000000 0.000000     0.001178     1.331089 
2460464.055193 0.000000 0.000000     0.000716     1.331089 
2460465.727707 0.000000 0.000000    -0.001195     1.331090 
2460467.400220 0.000000 0.000000    -0.002166     1.331090 
2460469.072733 0.000000 0.000000    -0.001906     1.331091 
2460470.745246 0.000000 0.000000    -0.001813     1.331091 
2460472.417759 0.000000 0.000000    -0.001813     1.331091 
2460474.090272 0.000000 0.000000    -0.001656     1.331091 
2460475.762785 0.000000 0.000000    -0.001521     1.331091 
2460477.435298 0.000000 0.000000    -0.001040     1.331091 
2460479.107811 0.000000 0.000000    -0.000370     1.331091 
2460480.780324 0.000000 0.000000     0.000006     1.331091 
2460482.452838 0.000000 0.000000     0.000375     1.331091 
2460484.125351 0.000000 0.000000     0.000550     1.331091 
2460485.797864 0.000000 0.000000    -0.000039     1.331091 
2460487.470377 0.000000 0.000000    -0.000727     1.331091 
2460489.142890 0.000000 0.000000    -0.000783     1.331091 
2460490.815403 0.000000 0.000000    -0.000642     1.331091 
2460492.487916 0.000000 0.000000    -0.000625     1.331091 
2460494.160429 0.000000 0.000000    -0.000575     1.331091 
2460495.832942 0.000000 0.000000    -0.000524     1.331091 
2460497.505455 0.000000 0.000000    -0.000426     1.331091 
2460499.177969 0.000000 0.000000    -0.000200     1.331091 
2460500.850482 0.000000 0.000000    -0.000030     1.331091 
2460502.522995 0.000000 0.000000     0.000075     1.331091 
2460504.195508 0.000000 0.000000     0.000201     1.331091 
2460505.868021 0.000000 0.000000     0.000140     1.331091 
2460507.540534 0.000000 0.000000    -0.000113     1.331091 
2460509.213047 0.000000 0.000000    -0.000241     1.331091 
2460510.885560 0.000000 0.000000    -0.000206     1.331091 
2460512.558073 0.000000 0.000000    -0.000185     1.331091 
2460514.230586 0.000000 0.000000    -0.000184     1.331091 
2460515.903099 0.000000 0.000000    -0.000170     1.331091 
2460517.575613 0.000000 0.000000    -0.000154     1.331091 
2460519.248126 0.000000 0.000000    -0.000101     1.331091 
2460520.920639 0.000000 0.000000    -0.000034     1.331091 
2460522.593152 0.000000 0.000000     0.000005     1.331091 
2460524.265665 0.000000 0.000000     0.000045     1.331091 
2460525.938178 0.000000 0.000000     0.000073     1.331091 
2460527.610691 0.000000 0.000000     0.000023     1.331091 
2460529.283204 0.000000 0.000000    -0.000056     1.331091 
2460530.955717 0.000000 0.000000    -0.000083     1.331091 
2460532.628230 0.000000 0.000000    -0.000087     1.331091 
2460534.300744 0.000000 0.000000    -0.000103     1.331091 
2460535.973257 0.000000 0.000000    -0.000111     1.331091 
2460537.645770 0.000000 0.000000    -0.000109     1.331091 
2460539.318283 0.000000 0.000000    -0.000098     1.331091 
2460540.990796 0.000000 0.000000    -0.000062     1.331091 
2460542.663309 0.000000 0.000000    -0.000022     1.331091 
2460544.335822 0.000000 0.000000     0.000003     1.331091 
2460546.008335 0.000000 0.000000     0.000031     1.331091 
2460547.680848 0.000000 0.000000     0.000034     1.331091 
2460549.353361 0.000000 0.000000    -0.000018     1.331091 
2460551.025875 0.000000 0.000000    -0.000069     1.331091 
2460552.698388 0.000000 0.000000    -0.000085     1.331091 
2460554.370901 0.000000 0.000000    -0.000103     1.331091 
2460556.043414 0.000000 0.000000    -0.000123     1.331091 
2460557.715927 0.000000 0.000000    -0.000125     1.331091 
2460559.388440 0.000000 0.000000    -0.000121     1.331091 
2460561.060953 0.000000 0.000000    -0.000098     1.331091 
2460562.733466 0.000000 0.000000    -0.000050     1.331091 
2460564.405979 0.000000 0.000000    -0.000014     1.331091 
2460566.078492 0.000000 0.000000     0.000013     1.331091 
2460567.751005 0.000000 0.000000     0.000037     1.331091 
2460569.423519 0.000000 0.000000     0.000006     1.331091 
2460571.096032 0.000000 0.000000    -0.000062     1.331091 
2460572.768545 0.000000 0.000000    -0.000091     1.331091 
2460574.441058 0.000000 0.000000    -0.000097     1.331091 
2460576.113571 0.000000 0.000000    -0.000116     1.331091 
2460577.786084 0.000000 0.000000    -0.000123     1.331091 
2460579.458597 0.000000 0.000000    -0.000119     1.331091 
2460581.131110 0.000000 0.000000    -0.000109     1.331091 
2460582.803623 0.000000 0.000000    -0.000071     1.331091 
2460584.476136 0.000000 0.000000    -0.000027     1.331091 
2460586.148650 0.000000 0.000000    -0.000000     1.331091 
2460587.821163 0.000000 0.000000     0.000027     1.331091 
2460589.493676 0.000000 0.000000     0.000027     1.331091 
2460591.166189 0.000000 0.000000    -0.000030     1.331091 
2460592.838702 0.000000 0.000000    -0.000076     1.331091 
2460594.511215 0.000000 0.000000    -0.000080     1.331091 
2460596.183728 0.000000 0.000000    -0.000085     1.331091 
2460597.856241 0.000000 0.000000    -0.000095     1.331091 
2460599.528754 0.000000 0.000000    -0.000092     1.331091 
2460601.201267 0.000000 0.000000    -0.000088     1.331091 
2460602.873781 0.000000 0.000000    -0.000070     1.331091 
2460604.546294 0.000000 0.000000    -0.000033     1.331091 
2460606.218807 0.000000 0.000000    -0.000008     1.331091 
2460607.891320 0.000000 0.000000     0.000012     1.331091 
2460609.563833 0.000000 0.000000     0.000027     1.331091 
2460611.236346 0.000000 0.000000     0.000002     1.331091 
2460612.908859 0.000000 0.000000    -0.000044     1.331091 
2460614.581372 0.000000 0.000000    -0.000057     1.331091 
2460616.253885 0.000000 0.000000    -0.000053     1.331091 
2460617.926398 0.000000 0.000000    -0.000058     1.331091 
2460619.598912 0.000000 0.000000    -0.000058     1.331091 
2460621.271425 0.000000 0.000000    -0.000055     1.331091 
2460622.943938 0.000000 0.000000    -0.000049     1.331091 
2460624.616451 0.000000 0.000000    -0.000030     1.331091 
2460626.288964 0.000000 0.000000    -0.000010     1.331091 
2460627.961477 0.000000 0.000000     0.000002     1.331091 
2460629.633990 0.000000 0.000000     0.000014     1.331091 
2460631.306503 0.000000 0.000000     0.000013     1.331091 
2460632.979016 0.000000 0.000000    -0.000013     1.331091 
2460634.651529 0.000000 0.000000    -0.000031     1.331091 
2460636.324042 0.000000 0.000000    -0.000030     1.331091 
2460637.996556 0.000000 0.000000    -0.000029     1.331091 
2460639.669069 0.000000 0.000000    -0.000030     1.331091 
2460641.341582 0.000000 0.000000    -0.000028     1.331091 
2460643.014095 0.000000 0.000000    -0.000026     1.331091 
2460644.686608 0.000000 0.000000    -0.000020     1.331091 
2460646.359121 0.000000 0.000000    -0.000008     1.331091 
2460648.031634 0.000000 0.000000    -0.000001     1.331091 
2460649.704147 0.000000 0.000000     0.000005     1.331091 
2460651.376660 0.000000 0.000000     0.000009     1.331091 
2460653.049173 0.000000 0.000000     0.000001     1.331091 
2460654.721687 0.000000 0.000000    -0.000012     1.331091 
2460656.394200 0.000000 0.000000    -0.000014     1.331091 
2460658.066713 0.000000 0.000000    -0.000012     1.331091 
2460659.739226 0.000000 0.000000    -0.000012     1.331091 
2460661.411739 0.000000 0.000000    -0.000011     1.331091 
2460663.084252 0.000000 0.000000    -0.000010     1.331091 
2460664.756765 0.000000 0.000000    -0.000009     1.331091 
2460666.429278 0.000000 0.000000    -0.000005     1.331091 
2460668.101791 0.000000 0.000000    -0.000001     1.331091 
2460669.774304 0.000000 0.000000     0.000001     1.331091 
2460671.446818 0.000000 0.000000     0.000003     1.331091 
2460673.119331 0.000000 0.000000     0.000003     1.331091 
2460674.791844 0.000000 0.000000    -0.000002     1.331091 
2460676.464357 0.000000 0.000000    -0.000005     1.331091 
2460678.136870 0.000000 0.000000    -0.000004     1.331091 
2460679.809383 0.000000 0.000000    -0.000004     1.331091 
2460681.481896 0.000000 0.000000    -0.000004     1.331091 
2460683.154409 0.000000 0.000000    -0.000003     1.331091 
2460684.826922 0.000000 0.000000    -0.000003     1.331091 
2460686.499435 0.000000 0.000000    -0.000002     1.331091 
2460688.171948 0.000000 0.000000    -0.000001     1.331091 
2460689.844462 0.000000 0.000000     0.000000     1.331091 
2460691.516975 0.000000 0.000000     0.000001     1.331091 
2460693.189488 0.000000 0.000000     0.000001     1.331091 
2460694.862001 0.000000 0.000000     0.000000     1.331091 
2460696.534514 0.000000 0.000000    -0.000001     1.331091 
2460698.207027 0.000000 0.000000    -0.000001     1.331091 
2460699.879540 0.000000 0.000000    -0.000001     1.331091 
2460701.552053 0.000000 0.000000    -0.000001     1.331091 
2460703.224566 0.000000 0.000000    -0.000001     1.331091 
2460704.897079 0.000000 0.000000    -0.000001     1.331091 
2460706.569593 0.000000 0.000000    -0.000001     1.331091 
2460708.242106 0.000000 0.000000    -0.000001     1.331091 
2460709.914619 0.000000 0.000000    -0.000000     1.331091 
2460711.587132 0.000000 0.000000     0.000000     1.331091 
2460713.259645 0.000000 0.000000     0.000000     1.331091 
2460714.932158 0.000000 0.000000     0.000000     1.331091 
2460716.604671 0.000000 0.000000    -0.000000     1.331091 
2460718.277184 0.000000 0.000000    -0.000001     1.331091 
2460719.949697 0.000000 0.000000    -0.000001     1.331091 
2460721.622210 0.000000 0.000000    -0.000001     1.331091 
2460723.294724 0.000000 0.000000    -0.000001     1.331091 
2460724.967237 0.000000 0.000000    -0.000001     1.331091 
2460726.639750 0.000000 0.000000    -0.000001     1.331091 
2460728.312263 0.000000 0.000000    -0.000001     1.331091 
2460729.984776 0.000000 0.000000    -0.000000     1.331091 
2460731.657289 0.000000 0.000000    -0.000000     1.331091 
2460733.329802 0.000000 0.000000     0.000000     1.331091 
2460735.002315 0.000000 0.000000     0.000000     1.331091 
2460736.674828 0.000000 0.000000     0.000000     1.331091 
2460738.347341 0.000000 0.000000    -0.000000     1.331091 
2460740.019854 0.000000 0.000000    -0.000001     1.331091 
2460741.692368 0.000000 0.000000    -0.000001     1.331091 
2460743.364881 0.000000 0.000000    -0.000001     1.331091 
2460745.037394 0.000000 0.000000    -0.000001     1.331091 
2460746.709907 0.000000 0.000000    -0.000001     1.331091 
2460748.382420 0.000000 0.000000    -0.000001     1.331091 
2460750.054933 0.000000 0.000000    -0.000001     1.331091 
2460751.727446 0.000000 0.000000    -0.000000     1.331091 
2460753.399959 0.000000 0.000000    -0.000000     1.331091 
2460755.072472 0.000000 0.000000     0.000000     1.331091 
2460756.744985 0.000000 0.000000     0.000000     1.331091 
2460758.417499 0.000000 0.000000    -0.000000     1.331091 
2460760.090012 0.000000 0.000000    -0.000001     1.331091 
2460761.762525 0.000000 0.000000    -0.000001     1.331091 
2460763.435038 0.000000 0.000000    -0.000001     1.331091 
2460765.107551 0.000000 0.000000    -0.000001     1.331091 
2460766.780064 0.000000 0.000000    -0.000001     1.331091 
2460768.452577 0.000000 0.000000    -0.000001     1.331091 
2460770.125090 0.000000 0.000000    -0.000001     1.331091 
2460771.797603 0.000000 0.000000    -0.000000     1.331091 
2460773.470116 0.000000 0.000000    -0.000000     1.331091 
2460775.142630 0.000000 0.000000     0.000000     1.331091 
2460776.815143 0.000000 0.000000     0.000000     1.331091 
2460778.487656 0.000000 0.000000     0.000000     1.331091 
2460780.160169 0.000000 0.000000    -0.000000     1.331091 
2460781.832682 0.000000 0.000000    -0.000001     1.331091 
2460783.505195 0.000000 0.000000    -0.000001     1.331091 
2460785.177708 0.000000 0.000000    -0.000001     1.331091 
2460786.850221 0.000000 0.000000    -0.000001     1.331091 
2460788.522734 0.000000 0.000000    -0.000001     1.331091 
2460790.195247 0.000000 0.000000    -0.000001     1.331091 
2460791.867761 0.000000 0.000000    -0.000000     1.331091 
2460793.540274 0.000000 0.000000    -0.000000     1.331091 
2460795.212787 0.000000 0.000000    -0.000000     1.331091 
2460796.885300 0.000000 0.000000     0.000000     1.331091 
2460798.557813 0.000000 0.000000     0.000000     1.331091 
2460800.230326 0.000000 0.000000    -0.000000     1.331091 
2460801.902839 0.000000 0.000000    -0.000000     1.331091 
2460803.575352 0.000000 0.000000    -0.000000     1.331091 
2460805.247865 0.000000 0.000000    -0.000000     1.331091 
2460806.920378 0.000000 0.000000    -0.000000     1.331091 
2460808.592891 0.000000 0.000000    -0.000000     1.331091 
2460810.265405 0.000000 0.000000    -0.000000     1.331091 
2460811.937918 0.000000 0.000000    -0.000000     1.331091 
2460813.610431 0.000000 0.000000    -0.000000     1.331091 
2460815.282944 0.000000 0.000000    -0.000000     1.331091 
2460816.955457 0.000000 0.000000     0.000000     1.331091 
2460818.627970 0.000000 0.000000     0.000000     1.331091 
2460820.300483 0.000000 0.000000     0.000000     1.331091 
2460821.972996 0.000000 0.000000    -0.000000     1.331091 
2460823.645509 0.000000 0.000000    -0.000000     1.331091 
2460825.318022 0.000000 0.000000    -0.000000     1.331091 
2460826.990536 0.000000 0.000000    -0.000000     1.331091 
2460828.663049 0.000000 0.000000    -0.000000     1.331091 
2460830.335562 0.000000 0.000000    -0.000000     1.331091 
2460832.008075 0.000000 0.000000    -0.000000     1.331091 
2460833.680588 0.000000 0.000000    -0.000000     1.331091 
2460835.353101 0.000000 0.000000    -0.000000     1.331091 
2460837.025614 0.000000 0.000000     0.000000     1.331091 
2460838.698127 0.000000 0.000000     0.000000     1.331091 
2460840.370640 0.000000 0.000000     0.000000     1.331091 
2460842.043153 0.000000 0.000000    -0.000000     1.331091 
2460843.715667 0.000000 0.000000    -0.000000     1.331091 
2460845.388180 0.000000 0.000000    -0.000000     1.331091 
2460847.060693 0.000000 0.000000    -0.000000     1.331091 
2460848.733206 0.000000 0.000000    -0.000000     1.331091 
2460850.405719 0.000000 0.000000    -0.000000     1.331091 
2460852.078232 0.000000 0.000000    -0.000000     1.331091 
2460853.750745 0.000000 0.000000    -0.000000     1.331091 
2460855.423258 0.000000 0.000000    -0.000000     1.331091 
2460857.095771 0.000000 0.000000    -0.000000     1.331091 
2460858.768284 0.000000 0.000000     0.000000     1.331091 
2460860.440797 0.000000 0.000000     0.000000     1.331091 
2460862.113311 0.000000 0.000000     0.000000     1.331091 
2460863.785824 0.000000 0.000000    -0.000000     1.331091 
2460865.458337 0.000000 0.000000    -0.000000     1.331091 
2460867.130850 0.000000 0.000000    -0.000000     1.331091 
2460868.803363 0.000000 0.000000    -0.000000     1.331091 
2460870.475876 0.000000 0.000000    -0.000000     1.331091 
2460872.148389 0.000000 0.000000    -0.000000     1.331091 
2460873.820902 0.000000 0.000000    -0.000000     1.331091 
2460875.493415 0.000000 0.000000    -0.000000     1.331091 
2460877.165928 0.000000 0.000000    -0.000000     1.331091 
2460878.838442 0.000000 0.000000     0.000000     1.331091 
2460880.510955 0.000000 0.000000     0.000000     1.331091 
2460882.183468 0.000000 0.000000     0.000000     1.331091 
2460883.855981 0.000000 0.000000     0.000000     1.331091 
2460885.528494 0.000000 0.000000    -0.000000     1.331091 
2460887.201007 0.000000 0.000000    -0.000000     1.331091 
2460888.873520 0.000000 0.000000    -0.000000     1.331091 
2460890.546033 0.000000 0.000000    -0.000000     1.331091 
2460892.218546 0.000000 0.000000    -0.000000     1.331091 
2460893.891059 0.000000 0.000000    -0.000000     1.331091 
2460895.563573 0.000000 0.000000    -0.000000     1.331091 
2460897.236086 0.000000 0.000000    -0.000000     1.331091 
2460898.908599 0.000000 0.000000    -0.000000     1.331091 
2460900.581112 0.000000 0.000000     0.000000     1.331091 
2460902.253625 0.000000 0.000000     0.000000     1.331091 
2460903.926138 0.000000 0.000000     0.000000     1.331091 
2460905.598651 0.000000 0.000000    -0.000000     1.331091 
2460907.271164 0.000000 0.000000    -0.000000     1.331091 
2460908.943677 0.000000 0.000000    -0.000000     1.331091 
2460910.616190 0.000000 0.000000    -0.000000     1.331091 
2460912.288703 0.000000 0.000000    -0.000000     1.331091 
2460913.961217 0.000000 0.000000    -0.000000     1.331091 
2460915.633730 0.000000 0.000000    -0.000000     1.331091 
2460917.306243 0.000000 0.000000    -0.000000     1.331091 
2460918.978756 0.000000 0.000000    -0.000000     1.331091 
2460920.651269 0.000000 0.000000    -0.000000     1.331091 
2460922.323782 0.000000 0.000000     0.000000     1.331091 
2460923.996295 0.000000 0.000000     0.000000     1.331091 
2460925.668808 0.000000 0.000000    -0.000000     1.331091 
2460927.341321 0.000000 0.000000    -0.000000     1.331091 
2460929.013834 0.000000 0.000000    -0.000000     1.331091 
2460930.686348 0.000000 0.000000    -0.000000     1.331091 
2460932.358861 0.000000 0.000000    -0.000000     1.331091 
2460934.031374 0.000000 0.000000    -0.000000     1.331091 
2460935.703887 0.000000 0.000000    -0.000000     1.331091 
2460937.376400 0.000000 0.000000    -0.000000     1.331091 
2460939.048913 0.000000 0.000000    -0.000000     1.331091 
2460940.721426 0.000000 0.000000    -0.000000     1.331091 
2460942.393939 0.000000 0.000000     0.000000     1.331091 
2460944.066452 0.000000 0.000000     0.000000     1.331091 
2460945.738965 0.000000 0.000000     0.000000     1.331091 
2460947.411479 0.000000 0.000000    -0.000000     1.331091 
2460949.083992 0.000000 0.000000    -0.000000     1.331091 
2460950.756505 0.000000 0.000000    -0.000000     1.331091 
2460952.429018 0.000000 0.000000    -0.000000     1.331091 
2460954.101531 0.000000 0.000000    -0.000000     1.331091 
2460955.774044 0.000000 0.000000    -0.000000     1.331091 
2460957.446557 0.000000 0.000000    -0.000000     1.331091 
2460959.119070 0.000000 0.000000    -0.000000     1.331091 
2460960.791583 0.000000 0.000000    -0.000000     1.331091 
2460962.464096 0.000000 0.000000    -0.000000     1.331091 
2460964.136609 0.000000 0.000000     0.000000     1.331091 
2460965.809123 0.000000 0.000000     0.000000     1.331091 
2460967.481636 0.000000 0.000000    -0.000000     1.331091 
2460969.154149 0.000000 0.000000    -0.000000     1.331091 
2460970.826662 0.000000 0.000000    -0.000000     1.331091 
2460972.499175 0.000000 0.000000    -0.000000     1.331091 
2460974.171688 0.000000 0.000000    -0.000000     1.331091 
2460975.844201 0.000000 0.000000    -0.000000     1.331091 
2460977.516714 0.000000 0.000000    -0.000000     1.331091 
2460979.189227 0.000000 0.000000    -0.000000     1.331091 
2460980.861740 0.000000 0.000000    -0.000000     1.331091 
2460982.534254 0.000000 0.000000    -0.000000     1.331091 
2460984.206767 0.000000 0.000000     0.000000     1.331091 
2460985.879280 0.000000 0.000000     0.000000     1.331091 
2460987.551793 0.000000 0.000000     0.000000     1.331091 
2460989.224306 0.000000 0.000000    -0.000000     1.331091 
2460990.896819 0.000000 0.000000    -0.000000     1.331091 
2460992.569332 0.000000 0.000000    -0.000000     1.331091 
2460994.241845 0.000000 0.000000    -0.000000     1.331091 
2460995.914358 0.000000 0.000000    -0.000000     1.331091 
2460997.586871 0.000000 0.000000    -0.000000     1.331091 
2460999.259385 0.000000 0.000000    -0.000000     1.331091 
2461000.931898 0.000000 0.000000    -0.000000     1.331091 
2461002.604411 0.000000 0.000000    -0.000000     1.331091 
2461004.276924 0.000000 0.000000    -0.000000     1.331091 
2461005.949437 0.000000 0.000000     0.000000     1.331091 
2461007.621950 0.000000 0.000000     0.000000     1.331091 
2461009.294463 0.000000 0.000000    -0.000000     1.331091 
2461010.966976 0.000000 0.000000    -0.000000     1.331091 
2461012.639489 0.000000 0.000000    -0.000000     1.331091 
2461014.312002 0.000000 0.000000    -0.000000     1.331091 
2461015.984516 0.000000 0.000000    -0.000000     1.331091 
2461017.657029 0.000000 0.000000    -0.000000     1.331091 
2461019.329542 0.000000 0.000000    -0.000000     1.331091 
2461021.002055 0.000000 0.000000    -0.000000     1.331091 
2461022.674568 0.000000 0.000000    -0.000000     1.331091 
2461024.347081 0.000000 0.000000    -0.000000     1.331091 
2461026.019594 0.000000 0.000000     0.000000     1.331091 
2461027.692107 0.000000 0.000000     0.000000     1.331091 
2461029.364620 0.000000 0.000000     0.000000     1.331091 
2461031.037133 0.000000 0.000000    -0.000000     1.331091 
2461032.709646 0.000000 0.000000    -0.000000     1.331091 
2461034.382160 0.000000 0.000000    -0.000000     1.331091 
2461036.054673 0.000000 0.000000    -0.000000     1.331091 
2461037.727186 0.000000 0.000000    -0.000000     1.331091 
2461039.399699 0.000000 0.000000    -0.000000     1.331091 
2461041.072212 0.000000 0.000000    -0.000000     1.331091 
2461042.744725 0.000000 0.000000    -0.000000     1.331091 
2461044.417238 0.000000 0.000000    -0.000000     1.331091 
2461046.089751 0.000000 0.000000     0.000000     1.331091 
2461047.762264 0.000000 0.000000     0.000000     1.331091 
2461049.434777 0.000000 0.000000     0.000000     1.331091 
2461051.107291 0.000000 0.000000     0.000000     1.331091 
2461052.779804 0.000000 0.000000    -0.000000     1.331091 
2461054.452317 0.000000 0.000000    -0.000000     1.331091 
2461056.124830 0.000000 0.000000    -0.000000     1.331091 
2461057.797343 0.000000 0.000000    -0.000000     1.331091 
2461059.469856 0.000000 0.000000    -0.000000     1.331091 
2461061.142369 0.000000 0.000000    -0.000000     1.331091 
2461062.814882 0.000000 0.000000    -0.000000     1.331091 
2461064.487395 0.000000 0.000000    -0.000000     1.331091 
2461066.159908 0.000000 0.000000    -0.000000     1.331091 
2461067.832422 0.000000 0.000000     0.000000     1.331091 
2461069.504935 0.000000 0.000000     0.000000     1.331091 
2461071.177448 0.000000 0.000000     0.000000     1.331091 
2461072.849961 0.000000 0.000000    -0.000000     1.331091 
2461074.522474 0.000000 0.000000    -0.000000     1.331091 
2461076.194987 0.000000 0.000000    -0.000000     1.331091 
2461077.867500 0.000000 0.000000    -0.000000     1.331091 
2461079.540013 0.000000 0.000000    -0.000000     1.331091 
2461081.212526 0.000000 0.000000    -0.000000     1.331091 
2461082.885039 0.000000 0.000000    -0.000000     1.331091 
2461084.557552 0.000000 0.000000    -0.000000     1.331091 
2461086.230066 0.000000 0.000000    -0.000000     1.331091 
2461087.902579 0.000000 0.000000    -0.000000     1.331091 
2461089.575092 0.000000 0.000000     0.000000     1.331091 
2461091.247605 0.000000 0.000000     0.000000     1.331091 
2461092.920118 0.000000 0.000000     0.000000     1.331091 
2461094.592631 0.000000 0.000000    -0.000000     1.331091 
2461096.265144 0.000000 0.000000    -0.000000     1.331091 
2461097.937657 0.000000 0.000000    -0.000000     1.331091 
2461099.610170 0.000000 0.000000    -0.000000     1.331091 
2461101.282683 0.000000 0.000000    -0.000000     1.331091 
2461102.955197 0.000000 0.000000    -0.000000     1.331091 
2461104.627710 0.000000 0.000000    -0.000000     1.331091 
2461106.300223 0.000000 0.000000    -0.000000     1.331091 
2461107.972736 0.000000 0.000000    -0.000000     1.331091 
2461109.645249 0.000000 0.000000    -0.000000     1.331091 
2461111.317762 0.000000 0.000000     0.000000     1.331091 
2461112.990275 0.000000 0.000000     0.000000     1.331091 
2461114.662788 0.000000 0.000000    -0.000000     1.331091 
2461116.335301 0.000000 0.000000    -0.000000     1.331091 
2461118.007814 0.000000 0.000000    -0.000000     1.331091 
2461119.680328 0.000000 0.000000    -0.000000     1.331091 
2461121.352841 0.000000 0.000000    -0.000000     1.331091 
2461123.025354 0.000000 0.000000    -0.000000     1.331091 
2461124.697867 0.000000 0.000000    -0.000000     1.331091 
2461126.370380 0.000000 0.000000    -0.000000     1.331091 
2461128.042893 0.000000 0.000000    -0.000000     1.331091 
2461129.715406 0.000000 0.000000    -0.000000     1.331091 
2461131.387919 0.000000 0.000000     0.000000     1.331091 
2461133.060432 0.000000 0.000000     0.000000     1.331091 
2461134.732945 0.000000 0.000000     0.000000     1.331091 
2461136.405458 0.000000 0.000000    -0.000000     1.331091 
2461138.077972 0.000000 0.000000    -0.000000     1.331091 
2461139.750485 0.000000 0.000000    -0.000000     1.331091 
2461141.422998 0.000000 0.000000    -0.000000     1.331091 
2461143.095511 0.000000 0.000000    -0.000000     1.331091 
2461144.768024 0.000000 0.000000    -0.000000     1.331091 
2461146.440537 0.000000 0.000000    -0.000000     1.331091 
2461148.113050 0.000000 0.000000    -0.000000     1.331091 
2461149.785563 0.000000 0.000000    -0.000000     1.331091 
2461151.458076 0.000000 0.000000     0.000000     1.331091 
2461153.130589 0.000000 0.000000     0.000000     1.331091 
2461154.803103 0.000000 0.000000     0.000000     1.331091 
2461156.475616 0.000000 0.000000    -0.000000     1.331091 
2461158.148129 0.000000 0.000000    -0.000000     1.331091 
2461159.820642 0.000000 0.000000    -0.000000     1.331091 
2461161.493155 0.000000 0.000000    -0.000000     1.331091 
2461163.165668 0.000000 0.000000    -0.000000     1.331091 
2461164.838181 0.000000 0.000000    -0.000000     1.331091 
2461166.510694 0.000000 0.000000    -0.000000     1.331091 
2461168.183207 0.000000 0.000000    -0.000000     1.331091 
2461169.855720 0.000000 0.000000    -0.000000     1.331091 
2461171.528234 0.000000 0.000000    -0.000000     1.331091 
2461173.200747 0.000000 0.000000     0.000000     1.331091 
2461174.873260 0.000000 0.000000     0.000000     1.331091 
2461176.545773 0.000000 0.000000     0.000000     1.331091 
2461178.218286 0.000000 0.000000    -0.000000     1.331091 
2461179.890799 0.000000 0.000000    -0.000000     1.331091 
2461181.563312 0.000000 0.000000    -0.000000     1.331091 
2461183.235825 0.000000 0.000000    -0.000000     1.331091 
2461184.908338 0.000000 0.000000    -0.000000     1.331091 
2461186.580851 0.000000 0.000000    -0.000000     1.331091 
2461188.253365 0.000000 0.000000    -0.000000     1.331091 
2461189.925878 0.000000 0.000000    -0.000000     1.331091 
2461191.598391 0.000000 0.000000    -0.000000     1.331091 
2461193.270904 0.000000 0.000000     0.000000     1.331091 
2461194.943417 0.000000 0.000000     0.000000     1.331091 
2461196.615930 0.000000 0.000000     0.000000     1.331091 
2461198.288443 0.000000 0.000000    -0.000000     1.331091 
2461199.960956 0.000000 0.000000    -0.000000     1.331091 
2461201.633469 0.000000 0.000000    -0.000000     1.331091 
2461203.305982 0.000000 0.000000    -0.000000     1.331091 
2461204.978495 0.000000 0.000000    -0.000000     1.331091 
2461206.651009 0.000000 0.000000    -0.000000     1.331091 
2461208.323522 0.000000 0.000000    -0.000000     1.331091 
2461209.996035 0.000000 0.000000    -0.000000     1.331091 
2461211.668548 0.000000 0.000000    -0.000000     1.331091 
2461213.341061 0.000000 0.000000    -0.000000     1.331091 
2461215.013574 0.000000 0.000000     0.000000     1.331091 
2461216.686087 0.000000 0.000000     0.000000     1.331091 
2461218.358600 0.000000 0.000000     0.000000     1.331091 
2461220.031113 0.000000 0.000000    -0.000000     1.331091 
2461221.703626 0.000000 0.000000    -0.000000     1.331091 
2461223.376140 0.000000 0.000000    -0.000000     1.331091 
2461225.048653 0.000000 0.000000    -0.000000     1.331091 
2461226.721166 0.000000 0.000000    -0.000000     1.331091 
2461228.393679 0.000000 0.000000    -0.000000     1.331091 
2461230.066192 0.000000 0.000000    -0.000000     1.331091 
2461231.738705 0.000000 0.000000    -0.000000     1.331091 
2461233.411218 0.000000 0.000000    -0.000000     1.331091 
2461235.083731 0.000000 0.000000     0.000000     1.331091 
2461236.756244 0.000000 0.000000     0.000000     1.331091 
2461238.428757 0.000000 0.000000     0.000000     1.331091 
2461240.101271 0.000000 0.000000    -0.000000     1.331091 
2461241.773784 0.000000 0.000000    -0.000000     1.331091 
2461243.446297 0.000000 0.000000    -0.000000     1.331091 
2461245.118810 0.000000 0.000000    -0.000000     1.331091 
2461246.791323 0.000000 0.000000    -0.000000     1.331091 
2461248.463836 0.000000 0.000000    -0.000000     1.331091 
2461250.136349 0.000000 0.000000    -0.000000     1.331091 
2461251.808862 0.000000 0.000000    -0.000000     1.331091 
2461253.481375 0.000000 0.000000    -0.000000     1.331091 
2461255.153888 0.000000 0.000000    -0.000000     1.331091 
2461256.826401 0.000000 0.000000     0.000000     1.331091 
2461258.498915 0.000000 0.000000     0.000000     1.331091 
2461260.171428 0.000000 0.000000     0.000000     1.331091 
2461261.843941 0.000000 0.000000    -0.000000     1.331091 
2461263.516454 0.000000 0.000000    -0.000000     1.331091 
2461265.188967 0.000000 0.000000    -0.000000     1.331091 
2461266.861480 0.000000 0.000000    -0.000000     1.331091 
2461268.533993 0.000000 0.000000    -0.000000     1.331091 
2461270.206506 0.000000 0.000000    -0.000000     1.331091 
2461271.879019 0.000000 0.000000    -0.000000     1.331091 
2461273.551532 0.000000 0.000000    -0.000000     1.331091 
2461275.224046 0.000000 0.000000    -0.000000     1.331091 
2461276.896559 0.000000 0.000000    -0.000000     1.331091 
2461278.569072 0.000000 0.000000     0.000000     1.331091 
2461280.241585 0.000000 0.000000     0.000000     1.331091 
2461281.914098 0.000000 0.000000    -0.000000     1.331091 
2461283.586611 0.000000 0.000000    -0.000000     1.331091 
2461285.259124 0.000000 0.000000    -0.000000     1.331091 
2461286.931637 0.000000 0.000000    -0.000000     1.331091 
2461288.604150 0.000000 0.000000    -0.000000     1.331091 
2461290.276663 0.000000 0.000000    -0.000000     1.331091 
2461291.949177 0.000000 0.000000    -0.000000     1.331091 
2461293.621690 0.000000 0.000000    -0.000000     1.331091 
2461295.294203 0.000000 0.000000    -0.000000     1.331091 
2461296.966716 0.000000 0.000000    -0.000000     1.331091 
2461298.639229 0.000000 0.000000     0.000000     1.331091 
2461300.311742 0.000000 0.000000     0.000000     1.331091 
2461301.984255 0.000000 0.000000     0.000000     1.331091 
2461303.656768 0.000000 0.000000    -0.000000     1.331091 
2461305.329281 0.000000 0.000000    -0.000000     1.331091 
2461307.001794 0.000000 0.000000    -0.000000     1.331091 
2461308.674307 0.000000 0.000000    -0.000000     1.331091 
2461310.346821 0.000000 0.000000    -0.000000     1.331091 
2461312.019334 0.000000 0.000000    -0.000000     1.331091 
2461313.691847 0.000000 0.000000    -0.000000     1.331091 
2461315.364360 0.000000 0.000000    -0.000000     1.331091 
2461317.036873 0.000000 0.000000    -0.000000     1.331091 
2461318.709386 0.000000 0.000000    -0.000000     1.331091 
2461320.381899 0.000000 0.000000     0.000000     1.331091 
2461322.054412 0.000000 0.000000     0.000000     1.331091 
2461323.726925 0.000000 0.000000    -0.000000     1.331091 
2461325.399438 0.000000 0.000000    -0.000000     1.331091 
2461327.071952 0.000000 0.000000    -0.000000     1.331091 
2461328.744465 0.000000 0.000000    -0.000000     1.331091 
2461330.416978 0.000000 0.000000    -0.000000     1.331091 
2461332.089491 0.000000 0.000000    -0.000000     1.331091 
2461333.762004 0.000000 0.000000    -0.000000     1.331091 
2461335.434517 0.000000 0.000000    -0.000000     1.331091 
2461337.107030 0.000000 0.000000    -0.000000     1.331091 
2461338.779543 0.000000 0.000000    -0.000000     1.331091 
2461340.452056 0.000000 0.000000     0.000000     1.331091 
2461342.124569 0.000000 0.000000     0.000000     1.331091 
2461343.797083 0.000000 0.000000     0.000000     1.331091 
2461345.469596 0.000000 0.000000    -0.000000     1.331091 
2461347.142109 0.000000 0.000000    -0.000000     1.331091 
2461348.814622 0.000000 0.000000    -0.000000     1.331091 
2461350.487135 0.000000 0.000000    -0.000000     1.331091 
2461352.159648 0.000000 0.000000    -0.000000     1.331091 
2461353.832161 0.000000 0.000000    -0.000000     1.331091 
2461355.504674 0.000000 0.000000    -0.000000     1.331091 
2461357.177187 0.000000 0.000000    -0.000000     1.331091 
2461358.849700 0.000000 0.000000    -0.000000     1.331091 
2461360.522214 0.000000 0.000000    -0.000000     1.331091 
2461362.194727 0.000000 0.000000     0.000000     1.331091 
2461363.867240 0.000000 0.000000     0.000000     1.331091 
2461365.539753 0.000000 0.000000    -0.000000     1.331091 
2461367.212266 0.000000 0.000000    -0.000000     1.331091 
2461368.884779 0.000000 0.000000    -0.000000     1.331091 
2461370.557292 0.000000 0.000000    -0.000000     1.331091 
2461372.229805 0.000000 0.000000    -0.000000     1.331091 
2461373.902318 0.000000 0.000000    -0.000000     1.331091 
2461375.574831 0.000000 0.000000    -0.000000     1.331091 
2461377.247344 0.000000 0.000000    -0.000000     1.331091 
2461378.919858 0.000000 0.000000    -0.000000     1.331091 
2461380.592371 0.000000 0.000000    -0.000000     1.331091 
2461382.264884 0.000000 0.000000     0.000000     1.331091 
2461383.937397 0.000000 0.000000     0.000000     1.331091 
2461385.609910 0.000000 0.000000     0.000000     1.331091 
2461387.282423 0.000000 0.000000    -0.000000     1.331091 
2461388.954936 0.000000 0.000000    -0.000000     1.331091 
2461390.627449 0.000000 0.000000    -0.000000     1.331091 
2461392.299962 0.000000 0.000000    -0.000000     1.331091 
2461393.972475 0.000000 0.000000    -0.000000     1.331091 
2461395.644989 0.000000 0.000000    -0.000000     1.331091 
2461397.317502 0.000000 0.000000    -0.000000     1.331091 
2461398.990015 0.000000 0.000000    -0.000000     1.331091 
2461400.662528 0.000000 0.000000    -0.000000     1.331091 
2461402.335041 0.000000 0.000000     0.000000     1.331091 
2461404.007554 0.000000 0.000000     0.000000     1.331091 
2461405.680067 0.000000 0.000000     0.000000     1.331091 
2461407.352580 0.000000 0.000000    -0.000000     1.331091 
2461409.025093 0.000000 0.000000    -0.000000     1.331091 
2461410.697606 0.000000 0.000000    -0.000000     1.331091 
2461412.370120 0.000000 0.000000    -0.000000     1.331091 
2461414.042633 0.000000 0.000000    -0.000000     1.331091 
2461415.715146 0.000000 0.000000    -0.000000     1.331091 
2461417.387659 0.000000 0.000000    -0.000000     1.331091 
2461419.060172 0.000000 0.000000    -0.000000     1.331091 
2461420.732685 0.000000 0.000000    -0.000000     1.331091 
2461422.405198 0.000000 0.000000    -0.000000     1.331091 
2461424.077711 0.000000 0.000000     0.000000     1.331091 
2461425.750224 0.000000 0.000000     0.000000     1.331091 
2461427.422737 0.000000 0.000000     0.000000     1.331091 
2461429.095250 0.000000 0.000000    -0.000000     1.331091 
2461430.767764 0.000000 0.000000    -0.000000     1.331091 
2461432.440277 0.000000 0.000000    -0.000000     1.331091 
2461434.112790 0.000000 0.000000    -0.000000     1.331091 
2461435.785303 0.000000 0.000000    -0.000000     1.331091 
2461437.457816 0.000000 0.000000    -0.000000     1.331091 
2461439.130329 0.000000 0.000000    -0.000000     1.331091 
2461440.802842 0.000000 0.000000    -0.000000     1.331091 
2461442.475355 0.000000 0.000000    -0.000000     1.331091 
2461444.147868 0.000000 0.000000     0.000000     1.331091 
2461445.820381 0.000000 0.000000     0.000000     1.331091 
2461447.492895 0.000000 0.000000     0.000000     1.331091 
2461449.165408 0.000000 0.000000     0.000000     1.331091 
2461450.837921 0.000000 0.000000    -0.000000     1.331091 
2461452.510434 0.000000 0.000000    -0.000000     1.331091 
2461454.182947 0.000000 0.000000    -0.000000     1.331091 
2461455.855460 0.000000 0.000000    -0.000000     1.331091 
2461457.527973 0.000000 0.000000    -0.000000     1.331091 
2461459.200486 0.000000 0.000000    -0.000000     1.331091 
2461460.872999 0.000000 0.000000    -0.000000     1.331091 
2461462.545512 0.000000 0.000000    -0.000000     1.331091 
2461464.218026 0.000000 0.000000    -0.000000     1.331091 
2461465.890539 0.000000 0.000000     0.000000     1.331091 
2461467.563052 0.000000 0.000000     0.000000     1.331091 
2461469.235565 0.000000 0.000000     0.000000     1.331091 
2461470.908078 0.000000 0.000000    -0.000000     1.331091 
2461472.580591 0.000000 0.000000    -0.000000     1.331091 
2461474.253104 0.000000 0.000000    -0.000000     1.331091 
2461475.925617 0.000000 0.000000    -0.000000     1.331091 
2461477.598130 0.000000 0.000000    -0.000000     1.331091 
2461479.270643 0.000000 0.000000    -0.000000     1.331091 
2461480.943156 0.000000 0.000000    -0.000000     1.331091 
2461482.615670 0.000000 0.000000    -0.000000     1.331091 
2461484.288183 0.000000 0.000000    -0.000000     1.331091 
2461485.960696 0.000000 0.000000    -0.000000     1.331091 
2461487.633209 0.000000 0.000000     0.000000     1.331091 
2461489.305722 0.000000 0.000000     0.000000     1.331091 
2461490.978235 0.000000 0.000000    -0.000000     1.331091 
2461492.650748 0.000000 0.000000    -0.000000     1.331091 
2461494.323261 0.000000 0.000000    -0.000000     1.331091 
2461495.995774 0.000000 0.000000    -0.000000     1.331091 
2461497.668287 0.000000 0.000000    -0.000000     1.331091 
2461499.340801 0.000000 0.000000    -0.000000     1.331091 
2461501.013314 0.000000 0.000000    -0.000000     1.331091 
2461502.685827 0.000000 0.000000    -0.000000     1.331091 
2461504.358340 0.000000 0.000000    -0.000000     1.331091 
2461506.030853 0.000000 0.000000    -0.000000     1.331091 
2461507.703366 0.000000 0.000000     0.000000     1.331091 
2461509.375879 0.000000 0.000000     0.000000     1.331091 
2461511.048392 0.000000 0.000000     0.000000     1.331091 
2461512.720905 0.000000 0.000000    -0.000000     1.331091 
2461514.393418 0.000000 0.000000    -0.000000     1.331091 
2461516.065932 0.000000 0.000000    -0.000000     1.331091 
2461517.738445 0.000000 0.000000    -0.000000     1.331091 
2461519.410958 0.000000 0.000000    -0.000000     1.331091 
2461521.083471 0.000000 0.000000    -0.000000     1.331091 
2461522.755984 0.000000 0.000000    -0.000000     1.331091 
2461524.428497 0.000000 0.000000    -0.000000     1.331091 
2461526.101010 0.000000 0.000000    -0.000000     1.331091 
2461527.773523 0.000000 0.000000    -0.000000     1.331091 
2461529.446036 0.000000 0.000000     0.000000     1.331091 
2461531.118549 0.000000 0.000000     0.000000     1.331091 
2461532.791062 0.000000 0.000000    -0.000000     1.331091 
2461534.463576 0.000000 0.000000    -0.000000     1.331091 
2461536.136089 0.000000 0.000000    -0.000000     1.331091 
2461537.808602 0.000000 0.000000    -0.000000     1.331091 
2461539.481115 0.000000 0.000000    -0.000000     1.331091 
2461541.153628 0.000000 0.000000    -0.000000     1.331091 
2461542.826141 0.000000 0.000000    -0.000000     1.331091 
2461544.498654 0.000000 0.000000    -0.000000     1.331091 
2461546.171167 0.000000 0.000000    -0.000000     1.331091 
2461547.843680 0.000000 0.000000    -0.000000     1.331091 
2461549.516193 0.000000 0.000000     0.000000     1.331091 
2461551.188707 0.000000 0.000000     0.000000     1.331091 
2461552.861220 0.000000 0.000000     0.000000     1.331091 
2461554.533733 0.000000 0.000000    -0.000000     1.331091 
2461556.206246 0.000000 0.000000    -0.000000     1.331091 
2461557.878759 0.000000 0.000000    -0.000000     1.331091 
2461559.551272 0.000000 0.000000    -0.000000     1.331091 
2461561.223785 0.000000 0.000000    -0.000000     1.331091 
2461562.896298 0.000000 0.000000    -0.000000     1.331091 
2461564.568811 0.000000 0.000000    -0.000000     1.331091 
2461566.241324 0.000000 0.000000    -0.000000     1.331091 
2461567.913838 0.000000 0.000000    -0.000000     1.331091 
2461569.586351 0.000000 0.000000    -0.000000     1.331091 
2461571.258864 0.000000 0.000000     0.000000     1.331091 
2461572.931377 0.000000 0.000000     0.000000     1.331091 
2461574.603890 0.000000 0.000000    -0.000000     1.331091 
2461576.276403 0.000000 0.000000    -0.000000     1.331091 
2461577.948916 0.000000 0.000000    -0.000000     1.331091 
2461579.621429 0.000000 0.000000    -0.000000     1.331091 
2461581.293942 0.000000 0.000000    -0.000000     1.331091 
2461582.966455 0.000000 0.000000    -0.000000     1.331091 
2461584.638969 0.000000 0.000000    -0.000000     1.331091 
2461586.311482 0.000000 0.000000    -0.000000     1.331091 
2461587.983995 0.000000 0.000000    -0.000000     1.331091 
2461589.656508 0.000000 0.000000    -0.000000     1.331091 
2461591.329021 0.000000 0.000000     0.000000     1.331091 
2461593.001534 0.000000 0.000000     0.000000     1.331091 
2461594.674047 0.000000 0.000000     0.000000     1.331091 
2461596.346560 0.000000 0.000000    -0.000000     1.331091 
2461598.019073 0.000000 0.000000    -0.000000     1.331091 
2461599.691586 0.000000 0.000000    -0.000000     1.331091 
2461601.364099 0.000000 0.000000    -0.000000     1.331091 
2461603.036613 0.000000 0.000000    -0.000000     1.331091 
2461604.709126 0.000000 0.000000    -0.000000     1.331091 
2461606.381639 0.000000 0.000000    -0.000000     1.331091 
2461608.054152 0.000000 0.000000    -0.000000     1.331091 
2461609.726665 0.000000 0.000000    -0.000000     1.331091 
2461611.399178 0.000000 0.000000     0.000000     1.331091 
2461613.071691 0.000000 0.000000     0.000000     1.331091 
2461614.744204 0.000000 0.000000     0.000000     1.331091 
2461616.416717 0.000000 0.000000     0.000000     1.331091 
2461618.089230 0.000000 0.000000    -0.000000     1.331091 
2461619.761744 0.000000 0.000000    -0.000000     1.331091 
2461621.434257 0.000000 0.000000    -0.000000     1.331091 
2461623.106770 0.000000 0.000000    -0.000000     1.331091 
2461624.779283 0.000000 0.000000    -0.000000     1.331091 
2461626.451796 0.000000 0.000000    -0.000000     1.331091 
2461628.124309 0.000000 0.000000    -0.000000     1.331091 
2461629.796822 0.000000 0.000000    -0.000000     1.331091 
2461631.469335 0.000000 0.000000    -0.000000     1.331091 
2461633.141848 0.000000 0.000000     0.000000     1.331091 
2461634.814361 0.000000 0.000000     0.000000     1.331091 
2461636.486875 0.000000 0.000000     0.000000     1.331091 
2461638.159388 0.000000 0.000000    -0.000000     1.331091 
2461639.831901 0.000000 0.000000    -0.000000     1.331091 
2461641.504414 0.000000 0.000000    -0.000000     1.331091 
2461643.176927 0.000000 0.000000    -0.000000     1.331091 
2461644.849440 0.000000 0.000000    -0.000000     1.331091 
2461646.521953 0.000000 0.000000    -0.000000     1.331091 
2461648.194466 0.000000 0.000000    -0.000000     1.331091 
2461649.866979 0.000000 0.000000    -0.000000     1.331091 
2461651.539492 0.000000 0.000000    -0.000000     1.331091 
2461653.212005 0.000000 0.000000    -0.000000     1.331091 
2461654.884519 0.000000 0.000000     0.000000     1.331091 
2461656.557032 0.000000 0.000000     0.000000     1.331091 
2461658.229545 0.000000 0.000000     0.000000     1.331091 
2461659.902058 0.000000 0.000000    -0.000000     1.331091 
2461661.574571 0.000000 0.000000    -0.000000     1.331091 
2461663.247084 0.000000 0.000000    -0.000000     1.331091 
2461664.919597 0.000000 0.000000    -0.000000     1.331091 
2461666.592110 0.000000 0.000000    -0.000000     1.331091 
2461668.264623 0.000000 0.000000    -0.000000     1.331091 
2461669.937136 0.000000 0.000000    -0.000000     1.331091 
2461671.609650 0.000000 0.000000    -0.000000     1.331091 
2461673.282163 0.000000 0.000000    -0.000000     1.331091 
2461674.954676 0.000000 0.000000    -0.000000     1.331091 
2461676.627189 0.000000 0.000000     0.000000     1.331091 
2461678.299702 0.000000 0.000000     0.000000     1.331091 
2461679.972215 0.000000 0.000000    -0.000000     1.331091 
2461681.644728 0.000000 0.000000    -0.000000     1.331091 
2461683.317241 0.000000 0.000000    -0.000000     1.331091 
2461684.989754 0.000000 0.000000    -0.000000     1.331091 
2461686.662267 0.000000 0.000000    -0.000000     1.331091 
2461688.334781 0.000000 0.000000    -0.000000     1.331091 
2461690.007294 0.000000 0.000000    -0.000000     1.331091 
2461691.679807 0.000000 0.000000    -0.000000     1.331091 
2461693.352320 0.000000 0.000000    -0.000000     1.331091 
2461695.024833 0.000000 0.000000    -0.000000     1.331091 
2461696.697346 0.000000 0.000000     0.000000     1.331091 
2461698.369859 0.000000 0.000000     0.000000     1.331091 
2461700.042372 0.000000 0.000000     0.000000     1.331091 
2461701.714885 0.000000 0.000000    -0.000000     1.331091 
2461703.387398 0.000000 0.000000    -0.000000     1.331091 
2461705.059911 0.000000 0.000000    -0.000000     1.331091 
2461706.732425 0.000000 0.000000    -0.000000     1.331091 
2461708.404938 0.000000 0.000000    -0.000000     1.331091 
2461710.077451 0.000000 0.000000    -0.000000     1.331091 
2461711.749964 0.000000 0.000000    -0.000000     1.331091 
2461713.422477 0.000000 0.000000    -0.000000     1.331091 
2461715.094990 0.000000 0.000000    -0.000000     1.331091 
2461716.767503 0.000000 0.000000     0.000000     1.331091 
2461718.440016 0.000000 0.000000     0.000000     1.331091 
2461720.112529 0.000000 0.000000     0.000000     1.331091 
2461721.785042 0.000000 0.000000    -0.000000     1.331091 
2461723.457556 0.000000 0.000000    -0.000000     1.331091 
2461725.130069 0.000000 0.000000    -0.000000     1.331091 
2461726.802582 0.000000 0.000000    -0.000000     1.331091 
2461728.475095 0.000000 0.000000    -0.000000     1.331091 
2461730.147608 0.000000 0.000000    -0.000000     1.331091 
2461731.820121 0.000000 0.000000    -0.000000     1.331091 
2461733.492634 0.000000 0.000000    -0.000000     1.331091 
2461735.165147 0.000000 0.000000    -0.000000     1.331091 
2461736.837660 0.000000 0.000000    -0.000000     1.331091 
2461738.510173 0.000000 0.000000     0.000000     1.331091 
2461740.182687 0.000000 0.000000     0.000000     1.331091 
2461741.855200 0.000000 0.000000     0.000000     1.331091 
2461743.527713 0.000000 0.000000    -0.000000     1.331091 
2461745.200226 0.000000 0.000000    -0.000000     1.331091 
2461746.872739 0.000000 0.000000    -0.000000     1.331091 
2461748.545252 0.000000 0.000000    -0.000000     1.331091 
2461750.217765 0.000000 0.000000    -0.000000     1.331091 
2461751.890278 0.000000 0.000000    -0.000000     1.331091 
2461753.562791 0.000000 0.000000    -0.000000     1.331091 
2461755.235304 0.000000 0.000000    -0.000000     1.331091 
2461756.907818 0.000000 0.000000    -0.000000     1.331091 
2461758.580331 0.000000 0.000000     0.000000     1.331091 
2461760.252844 0.000000 0.000000     0.000000     1.331091 
2461761.925357 0.000000 0.000000     0.000000     1.331091 
2461763.597870 0.000000 0.000000    -0.000000     1.331091 
2461765.270383 0.000000 0.000000    -0.000000     1.331091 
2461766.942896 0.000000 0.000000    -0.000000     1.331091 
2461768.615409 0.000000 0.000000    -0.000000     1.331091 
2461770.287922 0.000000 0.000000    -0.000000     1.331091 
2461771.960435 0.000000 0.000000    -0.000000     1.331091 
2461773.632948 0.000000 0.000000    -0.000000     1.331091 
2461775.305462 0.000000 0.000000    -0.000000     1.331091 
2461776.977975 0.000000 0.000000    -0.000000     1.331091 
2461778.650488 0.000000 0.000000     0.000000     1.331091 
2461780.323001 0.000000 0.000000     0.000000     1.331091 
2461781.995514 0.000000 0.000000     0.000000     1.331091 
2461783.668027 0.000000 0.000000     0.000000     1.331091 
2461785.340540 0.000000 0.000000    -0.000000     1.331091 
2461787.013053 0.000000 0.000000    -0.000000     1.331091 
2461788.685566 0.000000 0.000000    -0.000000     1.331091 
2461790.358079 0.000000 0.000000    -0.000000     1.331091 
2461792.030593 0.000000 0.000000    -0.000000     1.331091 
2461793.703106 0.000000 0.000000    -0.000000     1.331091 
2461795.375619 0.000000 0.000000    -0.000000     1.331091 
2461797.048132 0.000000 0.000000    -0.000000     1.331091 
2461798.720645 0.000000 0.000000    -0.000000     1.331091 
2461800.393158 0.000000 0.000000     0.000000     1.331091 
2461802.065671 0.000000 0.000000     0.000000     1.331091 
2461803.738184 0.000000 0.000000     0.000000     1.331091 
2461805.410697 0.000000 0.000000    -0.000000     1.331091 
2461807.083210 0.000000 0.000000    -0.000000     1.331091 
2461808.755724 0.000000 0.000000    -0.000000     1.331091 
2461810.428237 0.000000 0.000000    -0.000000     1.331091 
2461812.100750 0.000000 0.000000    -0.000000     1.331091 
2461813.773263 0.000000 0.000000    -0.000000     1.331091 
2461815.445776 0.000000 0.000000    -0.000000     1.331091 
2461817.118289 0.000000 0.000000    -0.000000     1.331091 
2461818.790802 0.000000 0.000000    -0.000000     1.331091 
2461820.463315 0.000000 0.000000    -0.000000     1.331091 
2461822.135828 0.000000 0.000000     0.000000     1.331091 
2461823.808341 0.000000 0.000000     0.000000     1.331091 
2461825.480854 0.000000 0.000000     0.000000     1.331091 
2461827.153368 0.000000 0.000000    -0.000000     1.331091 
2461828.825881 0.000000 0.000000    -0.000000     1.331091 
2461830.498394 0.000000 0.000000    -0.000000     1.331091 
2461832.170907 0.000000 0.000000    -0.000000     1.331091 
2461833.843420 0.000000 0.000000    -0.000000     1.331091 
2461835.515933 0.000000 0.000000    -0.000000     1.331091 
2461837.188446 0.000000 0.000000    -0.000000     1.331091 
2461838.860959 0.000000 0.000000    -0.000000     1.331091 
2461840.533472 0.000000 0.000000    -0.000000     1.331091 
2461842.205985 0.000000 0.000000    -0.000000     1.331091 
2461843.878499 0.000000 0.000000     0.000000     1.331091 
2461845.551012 0.000000 0.000000     0.000000     1.331091 
2461847.223525 0.000000 0.000000    -0.000000     1.331091 
2461848.896038 0.000000 0.000000    -0.000000     1.331091 
2461850.568551 0.000000 0.000000    -0.000000     1.331091 
2461852.241064 0.000000 0.000000    -0.000000     1.331091 
2461853.913577 0.000000 0.000000    -0.000000     1.331091 
2461855.586090 0.000000 0.000000    -0.000000     1.331091 
2461857.258603 0.000000 0.000000    -0.000000     1.331091 
2461858.931116 0.000000 0.000000    -0.000000     1.331091 
2461860.603630 0.000000 0.000000    -0.000000     1.331091 
2461862.276143 0.000000 0.000000    -0.000000     1.331091 
2461863.948656 0.000000 0.000000     0.000000     1.331091 
2461865.621169 0.000000 0.000000     0.000000     1.331091 
2461867.293682 0.000000 0.000000     0.000000     1.331091 
2461868.966195 0.000000 0.000000    -0.000000     1.331091 
2461870.638708 0.000000 0.000000    -0.000000     1.331091 
2461872.311221 0.000000 0.000000    -0.000000     1.331091 
2461873.983734 0.000000 0.000000    -0.000000     1.331091 
2461875.656247 0.000000 0.000000    -0.000000     1.331091 
2461877.328760 0.000000 0.000000    -0.000000     1.331091 
2461879.001274 0.000000 0.000000    -0.000000     1.331091 
2461880.673787 0.000000 0.000000    -0.000000     1.331091 
2461882.346300 0.000000 0.000000    -0.000000     1.331091 
2461884.018813 0.000000 0.000000    -0.000000     1.331091 
2461885.691326 0.000000 0.000000     0.000000     1.331091 
2461887.363839 0.000000 0.000000     0.000000     1.331091 
2461889.036352 0.000000 0.000000    -0.000000     1.331091 
2461890.708865 0.000000 0.000000    -0.000000     1.331091 
2461892.381378 0.000000 0.000000    -0.000000     1.331091 
2461894.053891 0.000000 0.000000    -0.000000     1.331091 
2461895.726405 0.000000 0.000000    -0.000000     1.331091 
2461897.398918 0.000000 0.000000    -0.000000     1.331091 
2461899.071431 0.000000 0.000000    -0.000000     1.331091 
2461900.743944 0.000000 0.000000    -0.000000     1.331091 
2461902.416457 0.000000 0.000000    -0.000000     1.331091 
2461904.088970 0.000000 0.000000    -0.000000     1.331091 
2461905.761483 0.000000 0.000000     0.000000     1.331091 
2461907.433996 0.000000 0.000000     0.000000     1.331091 
2461909.106509 0.000000 0.000000     0.000000     1.331091 
2461910.779022 0.000000 0.000000    -0.000000     1.331091 
2461912.451536 0.000000 0.000000    -0.000000     1.331091 
2461914.124049 0.000000 0.000000    -0.000000     1.331091 
2461915.796562 0.000000 0.000000    -0.000000     1.331091 
2461917.469075 0.000000 0.000000    -0.000000     1.331091 
2461919.141588 0.000000 0.000000    -0.000000     1.331091 
2461920.814101 0.000000 0.000000    -0.000000     1.331091 
2461922.486614 0.000000 0.000000    -0.000000     1.331091 
2461924.159127 0.000000 0.000000    -0.000000     1.331091 
2461925.831640 0.000000 0.000000     0.000000     1.331091 
2461927.504153 0.000000 0.000000     0.000000     1.331091 
2461929.176667 0.000000 0.000000     0.000000     1.331091 
2461930.849180 0.000000 0.000000    -0.000000     1.331091 
2461932.521693 0.000000 0.000000    -0.000000     1.331091 
2461934.194206 0.000000 0.000000    -0.000000     1.331091 
2461935.866719 0.000000 0.000000    -0.000000     1.331091 
2461937.539232 0.000000 0.000000    -0.000000     1.331091 
2461939.211745 0.000000 0.000000    -0.000000     1.331091 
2461940.884258 0.000000 0.000000    -0.000000     1.331091 
2461942.556771 0.000000 0.000000    -0.000000     1.331091 
2461944.229284 0.000000 0.000000    -0.000000     1.331091 
2461945.901797 0.000000 0.000000    -0.000000     1.331091 
2461947.574311 0.000000 0.000000     0.000000     1.331091 
2461949.246824 0.000000 0.000000     0.000000     1.331091 
2461950.919337 0.000000 0.000000     0.000000     1.331091 
2461952.591850 0.000000 0.000000    -0.000000     1.331091 
2461954.264363 0.000000 0.000000    -0.000000     1.331091 
2461955.936876 0.000000 0.000000    -0.000000     1.331091 
2461957.609389 0.000000 0.000000    -0.000000     1.331091 
2461959.281902 0.000000 0.000000    -0.000000     1.331091 
2461960.954415 0.000000 0.000000    -0.000000     1.331091 
2461962.626928 0.000000 0.000000    -0.000000     1.331091 
2461964.299442 0.000000 0.000000    -0.000000     1.331091 
2461965.971955 0.000000 0.000000    -0.000000     1.331091 
2461967.644468 0.000000 0.000000     0.000000     1.331091 
2461969.316981 0.000000 0.000000     0.000000     1.331091 
2461970.989494 0.000000 0.000000     0.000000     1.331091 
2461972.662007 0.000000 0.000000     0.000000     1.331091 
2461974.334520 0.000000 0.000000    -0.000000     1.331091 
2461976.007033 0.000000 0.000000    -0.000000     1.331091 
2461977.679546 0.000000 0.000000    -0.000000     1.331091 
2461979.352059 0.000000 0.000000    -0.000000     1.331091 
2461981.024573 0.000000 0.000000    -0.000000     1.331091 
2461982.697086 0.000000 0.000000    -0.000000     1.331091 
2461984.369599 0.000000 0.000000    -0.000000     1.331091 
2461986.042112 0.000000 0.000000    -0.000000     1.331091 
2461987.714625 0.000000 0.000000    -0.000000     1.331091 
2461989.387138 0.000000 0.000000     0.000000     1.331091 
2461991.059651 0.000000 0.000000     0.000000     1.331091 
2461992.732164 0.000000 0.000000     0.000000     1.331091 
2461994.404677 0.000000 0.000000    -0.000000     1.331091 
2461996.077190 0.000000 0.000000    -0.000000     1.331091 
2461997.749703 0.000000 0.000000    -0.000000     1.331091 
2461999.422217 0.000000 0.000000    -0.000000     1.331091 
2462001.094730 0.000000 0.000000    -0.000000     1.331091 
2462002.767243 0.000000 0.000000    -0.000000     1.331091 
2462004.439756 0.000000 0.000000    -0.000000     1.331091 
2462006.112269 0.000000 0.000000    -0.000000     1.331091 
2462007.784782 0.000000 0.000000    -0.000000     1.331091 
2462009.457295 0.000000 0.000000    -0.000000     1.331091 
2462011.129808 0.000000 0.000000     0.000000     1.331091 
2462012.802321 0.000000 0.000000     0.000000     1.331091 
2462014.474834 0.000000 0.000000     0.000000     1.331091 
2462016.147348 0.000000 0.000000    -0.000000     1.331091 
2462017.819861 0.000000 0.000000    -0.000000     1.331091 
2462019.492374 0.000000 0.000000    -0.000000     1.331091 
2462021.164887 0.000000 0.000000    -0.000000     1.331091 
2462022.837400 0.000000 0.000000    -0.000000     1.331091 
2462024.509913 0.000000 0.000000    -0.000000     1.331091 
2462026.182426 0.000000 0.000000    -0.000000     1.331091 
2462027.854939 0.000000 0.000000    -0.000000     1.331091 
2462029.527452 0.000000 0.000000    -0.000000     1.331091 
2462031.199965 0.000000 0.000000     0.000000     1.331091 
2462032.872479 0.000000 0.000000     0.000000     1.331091 
2462034.544992 0.000000 0.000000     0.000000     1.331091 
2462036.217505 0.000000 0.000000    -0.000000     1.331091 
2462037.890018 0.000000 0.000000    -0.000000     1.331091 
2462039.562531 0.000000 0.000000    -0.000000     1.331091 
2462041.235044 0.000000 0.000000    -0.000000     1.331091 
2462042.907557 0.000000 0.000000    -0.000000     1.331091 
2462044.580070 0.000000 0.000000    -0.000000     1.331091 
2462046.252583 0.000000 0.000000    -0.000000     1.331091 
2462047.925096 0.000000 0.000000    -0.000000     1.331091 
2462049.597609 0.000000 0.000000    -0.000000     1.331091 
2462051.270123 0.000000 0.000000    -0.000000     1.331091 
2462052.942636 0.000000 0.000000     0.000000     1.331091 
2462054.615149 0.000000 0.000000     0.000000     1.331091 
2462056.287662 0.000000 0.000000    -0.000000     1.331091 
2462057.960175 0.000000 0.000000    -0.000000     1.331091 
2462059.632688 0.000000 0.000000    -0.000000     1.331091 
2462061.305201 0.000000 0.000000    -0.000000     1.331091 
2462062.977714 0.000000 0.000000    -0.000000     1.331091 
2462064.650227 0.000000 0.000000    -0.000000     1.331091 
2462066.322740 0.000000 0.000000    -0.000000     1.331091 
2462067.995254 0.000000 0.000000    -0.000000     1.331091 
2462069.667767 0.000000 0.000000    -0.000000     1.331091 
2462071.340280 0.000000 0.000000    -0.000000     1.331091 
2462073.012793 0.000000 0.000000     0.000000     1.331091 
2462074.685306 0.000000 0.000000     0.000000     1.331091 
2462076.357819 0.000000 0.000000     0.000000     1.331091 
2462078.030332 0.000000 0.000000    -0.000000     1.331091 
2462079.702845 0.000000 0.000000    -0.000000     1.331091 
2462081.375358 0.000000 0.000000    -0.000000     1.331091 
2462083.047871 0.000000 0.000000    -0.000000     1.331091 
2462084.720385 0.000000 0.000000    -0.000000     1.331091 
2462086.392898 0.000000 0.000000    -0.000000     1.331091 
2462088.065411 0.000000 0.000000    -0.000000     1.331091 
2462089.737924 0.000000 0.000000    -0.000000     1.331091 
2462091.410437 0.000000 0.000000    -0.000000     1.331091 
2462093.082950 0.000000 0.000000    -0.000000     1.331091 
2462094.755463 0.000000 0.000000     0.000000     1.331091 
2462096.427976 0.000000 0.000000     0.000000     1.331091 
2462098.100489 0.000000 0.000000    -0.000000     1.331091 
2462099.773002 0.000000 0.000000    -0.000000     1.331091 
2462101.445515 0.000000 0.000000    -0.000000     1.331091 
2462103.118029 0.000000 0.000000    -0.000000     1.331091 
2462104.790542 0.000000 0.000000    -0.000000     1.331091 
2462106.463055 0.000000 0.000000    -0.000000     1.331091 
2462108.135568 0.000000 0.000000    -0.000000     1.331091 
2462109.808081 0.000000 0.000000    -0.000000     1.331091 
2462111.480594 0.000000 0.000000    -0.000000     1.331091 
2462113.153107 0.000000 0.000000    -0.000000     1.331091 
2462114.825620 0.000000 0.000000     0.000000     1.331091 
2462116.498133 0.000000 0.000000     0.000000     1.331091 
2462118.170646 0.000000 0.000000     0.000000     1.331091 
2462119.843160 0.000000 0.000000    -0.000000     1.331091 
2462121.515673 0.000000 0.000000    -0.000000     1.331091 
2462123.188186 0.000000 0.000000    -0.000000     1.331091 
2462124.860699 0.000000 0.000000    -0.000000     1.331091 
2462126.533212 0.000000 0.000000    -0.000000     1.331091 
2462128.205725 0.000000 0.000000    -0.000000     1.331091 
2462129.878238 0.000000 0.000000    -0.000000     1.331091 
2462131.550751 0.000000 0.000000    -0.000000     1.331091 
2462133.223264 0.000000 0.000000    -0.000000     1.331091 
2462134.895777 0.000000 0.000000     0.000000     1.331091 
2462136.568291 0.000000 0.000000     0.000000     1.331091 
2462138.240804 0.000000 0.000000     0.000000     1.331091 
2462139.913317 0.000000 0.000000     0.000000     1.331091 
2462141.585830 0.000000 0.000000    -0.000000     1.331091 
2462143.258343 0.000000 0.000000    -0.000000     1.331091 
2462144.930856 0.000000 0.000000    -0.000000     1.331091 
2462146.603369 0.000000 0.000000    -0.000000     1.331091 
2462148.275882 0.000000 0.000000    -0.000000     1.331091 
2462149.948395 0.000000 0.000000    -0.000000     1.331091 
2462151.620908 0.000000 0.000000    -0.000000     1.331091 
2462153.293422 0.000000 0.000000    -0.000000     1.331091 
2462154.965935 0.000000 0.000000    -0.000000     1.331091 
2462156.638448 0.000000 0.000000     0.000000     1.331091 
2462158.310961 0.000000 0.000000     0.000000     1.331091 
2462159.983474 0.000000 0.000000     0.000000     1.331091 
2462161.655987 0.000000 0.000000    -0.000000     1.331091 
2462163.328500 0.000000 0.000000    -0.000000     1.331091 
2462165.001013 0.000000 0.000000    -0.000000     1.331091 
2462166.673526 0.000000 0.000000    -0.000000     1.331091 
2462168.346039 0.000000 0.000000    -0.000000     1.331091 
2462170.018552 0.000000 0.000000    -0.000000     1.331091 
2462171.691066 0.000000 0.000000    -0.000000     1.331091 
2462173.363579 0.000000 0.000000    -0.000000     1.331091 
2462175.036092 0.000000 0.000000    -0.000000     1.331091 
2462176.708605 0.000000 0.000000    -0.000000     1.331091 
2462178.381118 0.000000 0.000000     0.000000     1.331091 
2462180.053631 0.000000 0.000000     0.000000     1.331091 
2462181.726144 0.000000 0.000000     0.000000     1.331091 
2462183.398657 0.000000 0.000000    -0.000000     1.331091 
2462185.071170 0.000000 0.000000    -0.000000     1.331091 
2462186.743683 0.000000 0.000000    -0.000000     1.331091 
2462188.416197 0.000000 0.000000    -0.000000     1.331091 
2462190.088710 0.000000 0.000000    -0.000000     1.331091 
2462191.761223 0.000000 0.000000    -0.000000     1.331091 
2462193.433736 0.000000 0.000000    -0.000000     1.331091 
2462195.106249 0.000000 0.000000    -0.000000     1.331091 
2462196.778762 0.000000 0.000000    -0.000000     1.331091 
2462198.451275 0.000000 0.000000    -0.000000     1.331091 
2462200.123788 0.000000 0.000000     0.000000     1.331091 
2462201.796301 0.000000 0.000000     0.000000     1.331091 
2462203.468814 0.000000 0.000000    -0.000000     1.331091 
2462205.141328 0.000000 0.000000    -0.000000     1.331091 
2462206.813841 0.000000 0.000000    -0.000000     1.331091 
2462208.486354 0.000000 0.000000    -0.000000     1.331091 
2462210.158867 0.000000 0.000000    -0.000000     1.331091 
2462211.831380 0.000000 0.000000    -0.000000     1.331091 
2462213.503893 0.000000 0.000000    -0.000000     1.331091 
2462215.176406 0.000000 0.000000    -0.000000     1.331091 
2462216.848919 0.000000 0.000000    -0.000000     1.331091 
2462218.521432 0.000000 0.000000    -0.000000     1.331091 
2462220.193945 0.000000 0.000000     0.000000     1.331091 
2462221.866458 0.000000 0.000000     0.000000     1.331091 
2462223.538972 0.000000 0.000000     0.000000     1.331091 
2462225.211485 0.000000 0.000000    -0.000000     1.331091 
2462226.883998 0.000000 0.000000    -0.000000     1.331091 
2462228.556511 0.000000 0.000000    -0.000000     1.331091 
2462230.229024 0.000000 0.000000    -0.000000     1.331091 
2462231.901537 0.000000 0.000000    -0.000000     1.331091 
2462233.574050 0.000000 0.000000    -0.000000     1.331091 
2462235.246563 0.000000 0.000000    -0.000000     1.331091 
2462236.919076 0.000000 0.000000    -0.000000     1.331091 
2462238.591589 0.000000 0.000000    -0.000000     1.331091 
2462240.264103 0.000000 0.000000     0.000000     1.331091 
2462241.936616 0.000000 0.000000     0.000000     1.331091 
2462243.609129 0.000000 0.000000     0.000000     1.331091 
2462245.281642 0.000000 0.000000    -0.000000     1.331091 
2462246.954155 0.000000 0.000000    -0.000000     1.331091 
2462248.626668 0.000000 0.000000    -0.000000     1.331091 
2462250.299181 0.000000 0.000000    -0.000000     1.331091 
2462251.971694 0.000000 0.000000    -0.000000     1.331091 
2462253.644207 0.000000 0.000000    -0.000000     1.331091 
2462255.316720 0.000000 0.000000    -0.000000     1.331091 
2462256.989234 0.000000 0.000000    -0.000000     1.331091 
2462258.661747 0.000000 0.000000    -0.000000     1.331091 
2462260.334260 0.000000 0.000000    -0.000000     1.331091 
2462262.006773 0.000000 0.000000     0.000000     1.331091 
2462263.679286 0.000000 0.000000     0.000000     1.331091 
2462265.351799 0.000000 0.000000     0.000000     1.331091 
2462267.024312 0.000000 0.000000    -0.000000     1.331091 
2462268.696825 0.000000 0.000000    -0.000000     1.331091 
2462270.369338 0.000000 0.000000    -0.000000     1.331091 
2462272.041851 0.000000 0.000000    -0.000000     1.331091 
2462273.714364 0.000000 0.000000    -0.000000     1.331091 
2462275.386878 0.000000 0.000000    -0.000000     1.331091 
2462277.059391 0.000000 0.000000    -0.000000     1.331091 
2462278.731904 0.000000 0.000000    -0.000000     1.331091 
2462280.404417 0.000000 0.000000    -0.000000     1.331091 
2462282.076930 0.000000 0.000000     0.000000     1.331091 
2462283.749443 0.000000 0.000000     0.000000     1.331091 
2462285.421956 0.000000 0.000000     0.000000     1.331091 
2462287.094469 0.000000 0.000000    -0.000000     1.331091 
2462288.766982 0.000000 0.000000    -0.000000     1.331091 
2462290.439495 0.000000 0.000000    -0.000000     1.331091 
2462292.112009 0.000000 0.000000    -0.000000     1.331091 
2462293.784522 0.000000 0.000000    -0.000000     1.331091 
2462295.457035 0.000000 0.000000    -0.000000     1.331091 
2462297.129548 0.000000 0.000000    -0.000000     1.331091 
2462298.802061 0.000000 0.000000    -0.000000     1.331091 
2462300.474574 0.000000 0.000000    -0.000000     1.331091 
2462302.147087 0.000000 0.000000    -0.000000     1.331091 
2462303.819600 0.000000 0.000000     0.000000     1.331091 
2462305.492113 0.000000 0.000000     0.000000     1.331091 
2462307.164626 0.000000 0.000000     0.000000     1.331091 
2462308.837140 0.000000 0.000000    -0.000000     1.331091 
2462310.509653 0.000000 0.000000    -0.000000     1.331091 
2462312.182166 0.000000 0.000000    -0.000000     1.331091 
2462313.854679 0.000000 0.000000    -0.000000     1.331091 
2462315.527192 0.000000 0.000000    -0.000000     1.331091 
2462317.199705 0.000000 0.000000    -0.000000     1.331091 
2462318.872218 0.000000 0.000000    -0.000000     1.331091 
2462320.544731 0.000000 0.000000    -0.000000     1.331091 
2462322.217244 0.000000 0.000000    -0.000000     1.331091 
2462323.889757 0.000000 0.000000     0.000000     1.331091 
2462325.562271 0.000000 0.000000     0.000000     1.331091 
2462327.234784 0.000000 0.000000     0.000000     1.331091 
2462328.907297 0.000000 0.000000    -0.000000     1.331091 
2462330.579810 0.000000 0.000000    -0.000000     1.331091 
2462332.252323 0.000000 0.000000    -0.000000     1.331091 
2462333.924836 0.000000 0.000000    -0.000000     1.331091 
2462335.597349 0.000000 0.000000    -0.000000     1.331091 
2462337.269862 0.000000 0.000000    -0.000000     1.331091 
2462338.942375 0.000000 0.000000    -0.000000     1.331091 
2462340.614888 0.000000 0.000000    -0.000000     1.331091 
2462342.287401 0.000000 0.000000    -0.000000     1.331091 
2462343.959915 0.000000 0.000000    -0.000000     1.331091 
2462345.632428 0.000000 0.000000     0.000000     1.331091 
2462347.304941 0.000000 0.000000     0.000000     1.331091 
2462348.977454 0.000000 0.000000     0.000000     1.331091 
2462350.649967 0.000000 0.000000    -0.000000     1.331091 
2462352.322480 0.000000 0.000000    -0.000000     1.331091 
2462353.994993 0.000000 0.000000    -0.000000     1.331091 
2462355.667506 0.000000 0.000000    -0.000000     1.331091 
2462357.340019 0.000000 0.000000    -0.000000     1.331091 
2462359.012532 0.000000 0.000000    -0.000000     1.331091 
2462360.685046 0.000000 0.000000    -0.000000     1.331091 
2462362.357559 0.000000 0.000000    -0.000000     1.331091 
2462364.030072 0.000000 0.000000    -0.000000     1.331091 
2462365.702585 0.000000 0.000000    -0.000000     1.331091 
2462367.375098 0.000000 0.000000     0.000000     1.331091 
2462369.047611 0.000000 0.000000     0.000000     1.331091 
2462370.720124 0.000000 0.000000    -0.000000     1.331091 
2462372.392637 0.000000 0.000000    -0.000000     1.331091 
2462374.065150 0.000000 0.000000    -0.000000     1.331091 
2462375.737663 0.000000 0.000000    -0.000000     1.331091 
2462377.410177 0.000000 0.000000    -0.000000     1.331091 
2462379.082690 0.000000 0.000000    -0.000000     1.331091 
2462380.755203 0.000000 0.000000    -0.000000     1.331091 
2462382.427716 0.000000 0.000000    -0.000000     1.331091 
2462384.100229 0.000000 0.000000    -0.000000     1.331091 
2462385.772742 0.000000 0.000000    -0.000000     1.331091 
2462387.445255 0.000000 0.000000     0.000000     1.331091 
2462389.117768 0.000000 0.000000     0.000000     1.331091 
2462390.790281 0.000000 0.000000     0.000000     1.331091 
2462392.462794 0.000000 0.000000    -0.000000     1.331091 
2462394.135307 0.000000 0.000000    -0.000000     1.331091 
2462395.807821 0.000000 0.000000    -0.000000     1.331091 
2462397.480334 0.000000 0.000000    -0.000000     1.331091 
2462399.152847 0.000000 0.000000    -0.000000     1.331091 
2462400.825360 0.000000 0.000000    -0.000000     1.331091 
2462402.497873 0.000000 0.000000    -0.000000     1.331091 
2462404.170386 0.000000 0.000000    -0.000000     1.331091 
2462405.842899 0.000000 0.000000    -0.000000     1.331091 
2462407.515412 0.000000 0.000000    -0.000000     1.331091 
2462409.187925 0.000000 0.000000     0.000000     1.331091 
2462410.860438 0.000000 0.000000     0.000000     1.331091 
2462412.532952 0.000000 0.000000    -0.000000     1.331091 
2462414.205465 0.000000 0.000000    -0.000000     1.331091 
2462415.877978 0.000000 0.000000    -0.000000     1.331091 
2462417.550491 0.000000 0.000000    -0.000000     1.331091 
2462419.223004 0.000000 0.000000    -0.000000     1.331091 
2462420.895517 0.000000 0.000000    -0.000000     1.331091 
2462422.568030 0.000000 0.000000    -0.000000     1.331091 
2462424.240543 0.000000 0.000000    -0.000000     1.331091 
2462425.913056 0.000000 0.000000    -0.000000     1.331091 
2462427.585569 0.000000 0.000000    -0.000000     1.331091 
2462429.258083 0.000000 0.000000     0.000000     1.331091 
2462430.930596 0.000000 0.000000     0.000000     1.331091 
2462432.603109 0.000000 0.000000     0.000000     1.331091 
2462434.275622 0.000000 0.000000    -0.000000     1.331091 
2462435.948135 0.000000 0.000000    -0.000000     1.331091 
2462437.620648 0.000000 0.000000    -0.000000     1.331091 
2462439.293161 0.000000 0.000000    -0.000000     1.331091 
2462440.965674 0.000000 0.000000    -0.000000     1.331091 
2462442.638187 0.000000 0.000000    -0.000000     1.331091 
2462444.310700 0.000000 0.000000    -0.000000     1.331091 
2462445.983213 0.000000 0.000000    -0.000000     1.331091 
2462447.655727 0.000000 0.000000    -0.000000     1.331091 
2462449.328240 0.000000 0.000000    -0.000000     1.331091 
2462451.000753 0.000000 0.000000     0.000000     1.331091 
2462452.673266 0.000000 0.000000     0.000000     1.331091 
2462454.345779 0.000000 0.000000    -0.000000     1.331091 
2462456.018292 0.000000 0.000000    -0.000000     1.331091 
2462457.690805 0.000000 0.000000    -0.000000     1.331091 
2462459.363318 0.000000 0.000000    -0.000000     1.331091 
2462461.035831 0.000000 0.000000    -0.000000     1.331091 
2462462.708344 0.000000 0.000000    -0.000000     1.331091 
2462464.380858 0.000000 0.000000    -0.000000     1.331091 
2462466.053371 0.000000 0.000000    -0.000000     1.331091 
2462467.725884 0.000000 0.000000    -0.000000     1.331091 
2462469.398397 0.000000 0.000000    -0.000000     1.331091 
2462471.070910 0.000000 0.000000     0.000000     1.331091 
2462472.743423 0.000000 0.000000     0.000000     1.331091 
2462474.415936 0.000000 0.000000     0.000000     1.331091 
2462476.088449 0.000000 0.000000    -0.000000     1.331091 
2462477.760962 0.000000 0.000000    -0.000000     1.331091 
2462479.433475 0.000000 0.000000    -0.000000     1.331091 
2462481.105989 0.000000 0.000000    -0.000000     1.331091 
2462482.778502 0.000000 0.000000    -0.000000     1.331091 
2462484.451015 0.000000 0.000000    -0.000000     1.331091 
2462486.123528 0.000000 0.000000    -0.000000     1.331091 
2462487.796041 0.000000 0.000000    -0.000000     1.331091 
2462489.468554 0.000000 0.000000    -0.000000     1.331091 
2462491.141067 0.000000 0.000000     0.000000     1.331091 
2462492.813580 0.000000 0.000000     0.000000     1.331091 
2462494.486093 0.000000 0.000000     0.000000     1.331091 
2462496.158606 0.000000 0.000000    -0.000000     1.331091 
2462497.831120 0.000000 0.000000    -0.000000     1.331091 
2462499.503633 0.000000 0.000000    -0.000000     1.331091 
2462501.176146 0.000000 0.000000    -0.000000     1.331091 
2462502.848659 0.000000 0.000000    -0.000000     1.331091 
2462504.521172 0.000000 0.000000    -0.000000     1.331091 
2462506.193685 0.000000 0.000000    -0.000000     1.331091 
2462507.866198 0.000000 0.000000    -0.000000     1.331091 
2462509.538711 0.000000 0.000000    -0.000000     1.331091 
2462511.211224 0.000000 0.000000    -0.000000     1.331091 
2462512.883737 0.000000 0.000000     0.000000     1.331091 
2462514.556250 0.000000 0.000000     0.000000     1.331091 
2462516.228764 0.000000 0.000000     0.000000     1.331091 
2462517.901277 0.000000 0.000000    -0.000000     1.331091 
2462519.573790 0.000000 0.000000    -0.000000     1.331091 
2462521.246303 0.000000 0.000000    -0.000000     1.331091 
2462522.918816 0.000000 0.000000    -0.000000     1.331091 
2462524.591329 0.000000 0.000000    -0.000000     1.331091 
2462526.263842 0.000000 0.000000    -0.000000     1.331091 
2462527.936355 0.000000 0.000000    -0.000000     1.331091 
2462529.608868 0.000000 0.000000    -0.000000     1.331091 
2462531.281381 0.000000 0.000000    -0.000000     1.331091 
2462532.953895 0.000000 0.000000     0.000000     1.331091 
2462534.626408 0.000000 0.000000     0.000000     1.331091 
2462536.298921 0.000000 0.000000     0.000000     1.331091 
2462537.971434 0.000000 0.000000     0.000000     1.331091 
2462539.643947 0.000000 0.000000    -0.000000     1.331091 
2462541.316460 0.000000 0.000000    -0.000000     1.331091 
2462542.988973 0.000000 0.000000    -0.000000     1.331091 
2462544.661486 0.000000 0.000000    -0.000000     1.331091 
2462546.333999 0.000000 0.000000    -0.000000     1.331091 
2462548.006512 0.000000 0.000000    -0.000000     1.331091 
2462549.679026 0.000000 0.000000    -0.000000     1.331091 
2462551.351539 0.000000 0.000000    -0.000000     1.331091 
2462553.024052 0.000000 0.000000    -0.000000     1.331091 
2462554.696565 0.000000 0.000000     0.000000     1.331091 
2462556.369078 0.000000 0.000000     0.000000     1.331091 
2462558.041591 0.000000 0.000000     0.000000     1.331091 
2462559.714104 0.000000 0.000000    -0.000000     1.331091 
2462561.386617 0.000000 0.000000    -0.000000     1.331091 
2462563.059130 0.000000 0.000000    -0.000000     1.331091 
2462564.731643 0.000000 0.000000    -0.000000     1.331091 
2462566.404156 0.000000 0.000000    -0.000000     1.331091 
2462568.076670 0.000000 0.000000    -0.000000     1.331091 
2462569.749183 0.000000 0.000000    -0.000000     1.331091 
2462571.421696 0.000000 0.000000    -0.000000     1.331091 
2462573.094209 0.000000 0.000000    -0.000000     1.331091 
2462574.766722 0.000000 0.000000    -0.000000     1.331091 
2462576.439235 0.000000 0.000000     0.000000     1.331091 
