2.097151970085 
1.991384096405 
2.017804269085 
2.031856370889 
2.040652293744 
2.040652293744 
1.990786649350 
1.905900539576 
1.923989707138 
1.916715107572 
1.950638357672 
1.961743551798 
1.793485136844 
1.774255518054 
1.774255518054 
1.687582345885 
1.725630462429 
1.725630462429 
1.837490963865 
1.842145411562 
1.850233781511 
1.789175470101 
1.789224559919 
1.817883475089 
1.801260243895 
1.783769226702 
1.783769226702 
1.736361768595 
1.766396443021 
1.783226024953 
1.706992877617 
1.707601588014 
1.724036720832 
1.671844702952 
1.669604219277 
1.664345492265 
1.673448616200 
1.687747541764 
1.699237646862 
1.699237646862 
1.795194941472 
1.781927649129 
1.780310496856 
1.726805241393 
1.636273445467 
1.714997994727 
1.708975132125 
1.688771882647 
1.752463101132 
1.653250567685 
1.615382697439 
1.606977955772 
1.635715373972 
1.648107209952 
1.653283707939 
1.575907405704 
1.574804503208 
1.574804503208 
1.586682362879 
1.523821718275 
1.510048344653 
1.497363722360 
1.519971439711 
1.568046606940 
1.564328244089 
1.617295667808 
1.582553505038 
1.690512838281 
1.698942924198 
1.752962399680 
1.751760709046 
1.781769901287 
1.803619180049 
1.805650925241 
1.815571620320 
1.705362586367 
1.606846795211 
1.627145961316 
1.581443802947 
1.592529673512 
1.636737793179 
1.624294339728 
1.701640422640 
1.699479915301 
1.659807940706 
1.671819548332 
1.658450001420 
1.630503270472 
1.748238911961 
1.683750613436 
1.614273825041 
1.513178202660 
1.446086066750 
1.497328909323 
1.763818795640 
1.716544855982 
1.505406029848 
1.543096878033 
1.588091243548 
1.572373306380 
1.573571219572 
1.573571219572 
1.616674893265 
1.610176702843 
1.536512177097 
1.536512177097 
1.608059453321 
1.596941175101 
1.583374967514 
1.568972372873 
1.432659818618 
1.345151563401 
1.356089654468 
1.404211820827 
1.461072713866 
1.472779948016 
1.439251130753 
1.462559640543 
1.429813110307 
1.392094722398 
1.356509815754 
1.548270682583 
1.553025006897 
1.578188745077 
1.600974831544 
1.581390650341 
1.642681152991 
1.670258652424 
1.654874802104 
1.640541073260 
1.637086398617 
1.738629194861 
1.726858465772 
1.656820064084 
1.541131329860 
1.541131329860 
1.683582114485 
1.590793828597 
1.546743804723 
1.558992169681 
1.423975744981 
1.440793272672 
1.436703493980 
1.404582835347 
1.417916346218 
1.348313602960 
1.305849170581 
1.171626545876 
1.246724706051 
1.398618798116 
1.361002690665 
1.449506442975 
1.457511475042 
1.597227246589 
1.697945548990 
1.711735014522 
1.719807419900 
1.690022955904 
1.737902205791 
1.735786459151 
1.786699755501 
1.819679831352 
1.914280616502 
1.864480999361 
1.859730319836 
1.880330368453 
1.744174197458 
1.731882454388 
1.736439414660 
1.736439414660 
1.719954009310 
1.719954009310 
1.461869052849 
1.458579493883 
1.325422074942 
1.384611909765 
1.369961101441 
1.493296981433 
1.502747883303 
1.522533620215 
1.505803959056 
1.504762668243 
1.532637078691 
1.404879379365 
1.354785478091 
1.467284917772 
1.446928414359 
1.359093924617 
1.867636577458 
1.867031212354 
1.513288060393 
1.490766617888 
1.517627647891 
1.506145903648 
1.430693002354 
1.370637489355 
1.365234946583 
1.431567763282 
1.438721752684 
1.577774133305 
1.499503574208 
1.410572785870 
1.410572785870 
1.444060731091 
1.422102042240 
1.472957907419 
1.486901665629 
1.589208941549 
1.529601596414 
1.555741243251 
1.713776194280 
1.696922738274 
1.660999762560 
1.449515154438 
1.517912507503 
1.628824251911 
1.634773602455 
1.626665506172 
1.656313783035 
1.690323134457 
1.692469994813 
1.790531601295 
1.774104379944 
1.676750157385 
1.717850276693 
1.677641281974 
1.817478255953 
1.763770220090 
1.878326872987 
1.904198868791 
1.914720761898 
1.839256155566 
1.792338806675 
1.889437826812 
1.895662049005 
2.047671783335 
2.010666615570 
1.977991972580 
1.944692546567 
1.942101577861 
1.932849380199 
2.002914620078 
2.004807621664 
2.065053337759 
1.964744526567 
1.958978406813 
1.892385631212 
1.962892554117 
1.996609279100 
2.016657735738 
2.041643212677 
2.053632024653 
1.909903410341 
1.897209038087 
1.911825013488 
1.801847445605 
1.833360960974 
1.697391252054 
1.727583370198 
1.734912832936 
1.740923163931 
1.798650147108 
1.781273235469 
1.886564242905 
1.846335326192 
1.852057806628 
1.838659010726 
1.854348411162 
1.819768006519 
1.877247617365 
1.839407287470 
1.811547983857 
1.842288782128 
1.819369398207 
1.756493559568 
1.756736356805 
1.725090054291 
1.711361184640 
1.819574743245 
1.716901605974 
1.669510417748 
1.636526827206 
1.687677935112 
1.656942019355 
1.433863546616 
1.452083107835 
1.501068314972 
1.595339035700 
1.554405016935 
1.536584298175 
1.477940597710 
1.439714915302 
1.665201523753 
1.725070345433 
1.652873774100 
1.600044240327 
1.654131573376 
1.683074117271 
1.688786883816 
1.678868372257 
1.635107970076 
1.694221413721 
1.755126195084 
1.692081598180 
1.688041033071 
1.655002411268 
1.555748809209 
1.504393559184 
1.510198724691 
1.588631401540 
1.552535932269 
1.645269544828 
1.634245568826 
1.672711818116 
1.617272894807 
1.626886638706 
1.576639409128 
1.552229690136 
1.536267162138 
1.555279238754 
1.468312467468 
1.406473435762 
1.455243691857 
1.396810271174 
1.492281847740 
1.538924303826 
1.618201020660 
1.630402548843 
1.639735112348 
1.585198040570 
1.548882888615 
1.572524007654 
1.667221812653 
1.681783766541 
1.909390181563 
2.012945648228 
2.005972583769 
2.151353366924 
2.101553715670 
2.107241504959 
2.017476616641 
1.983252573327 
1.969414176732 
2.043591070568 
1.900983351803 
1.935481301814 
1.935182762918 
1.889680661279 
1.891275036800 
1.903463315215 
1.873082288237 
1.862246402016 
1.920655607537 
2.025617708458 
2.021467568715 
2.027621747228 
1.929463438875 
1.960390288578 
1.979837658421 
1.950002235899 
1.959449237281 
1.956460077196 
1.933171088925 
1.938766724640 
1.894839135034 
1.868303498445 
1.867359387716 
1.856489252024 
1.856475776812 
1.863862574563 
1.860906335128 
1.870035506759 
1.916552614592 
1.925845815618 
1.925845815618 
1.920945213832 
1.619512733201 
1.574473563453 
1.387591279354 
1.489900634419 
1.472999094424 
1.473598705034 
1.447939807482 
1.554808007950 
1.543046493133 
1.560709656262 
1.554788477697 
1.541314583434 
1.541314583434 
1.510249552110 
1.406764911006 
1.231990215023 
1.355245278765 
1.419957549308 
1.585206628799 
1.578926852161 
1.593728786724 
1.634740423702 
1.636613251290 
1.613542457698 
1.648013093743 
1.648579792448 
1.180062421130 
1.271874475475 
1.397973453335 
1.247315552100 
1.320329598042 
1.251147287709 
1.256149223643 
1.339236988895 
1.347356522127 
1.341832978325 
1.296267095431 
1.377708400575 
1.289070472544 
1.193342526522 
1.260848769355 
1.331129016073 
1.335520415018 
1.281114059621 
1.363986467426 
1.296099666853 
1.444370336837 
1.392211831518 
1.468674379002 
1.569290194445 
1.544776818371 
1.625429258922 
1.645950558235 
1.693162332760 
1.729716449905 
1.752364812372 
1.702401168911 
1.631140458418 
1.661019864026 
1.706763092441 
1.623299013470 
1.613378824110 
1.637713177130 
1.644698204565 
1.588467283623 
1.604961118196 
1.662947678370 
1.613564275276 
1.595629999536 
1.559163831923 
1.474663441055 
1.449678788473 
1.509989740626 
1.561483001379 
1.551242795549 
1.529945438065 
1.537630661723 
1.524228776229 
1.502930566087 
1.498370225862 
1.485252509366 
1.501767067970 
1.523892013382 
1.546642782173 
1.410298833472 
1.427414071146 
1.431964728742 
1.378546089371 
1.378546089371 
1.606788922038 
1.605691860076 
1.610515548150 
1.588743684100 
1.588743684100 
1.831980106987 
1.828063433827 
1.774331883291 
1.889076313272 
1.870012257215 
1.895501222054 
1.999054326024 
2.049013459905 
2.005213698726 
1.915166499639 
1.948181247250 
2.046463378310 
2.004708234602 
1.987087348573 
2.084098143967 
2.104022711171 
2.037779304235 
2.024688936429 
2.051557970908 
1.936372017210 
1.906149571402 
1.838929325763 
1.745379916061 
1.793446993142 
1.806165670924 
1.715368184816 
1.691933508033 
1.653904281388 
1.703126122841 
1.849065646504 
1.821340680327 
1.694468715987 
1.692909350470 
1.745626882852 
1.779336851697 
1.708293116436 
1.712772827602 
1.695509640180 
1.752735854653 
1.750841380112 
1.731104953513 
1.751236963720 
1.765721885884 
1.795490585131 
1.780939994229 
1.782300164938 
1.779834756996 
1.790585781042 
1.839899323852 
1.808191205520 
1.807695366808 
1.807770217588 
1.807770217588 
1.807770217588 
1.802698690301 
1.802698690301 
1.807116358123 
1.801524468092 
1.783929847452 
1.838880851721 
1.696107126332 
1.746954514444 
1.806608114080 
1.831708175539 
1.869542831416 
1.871419482624 
1.879625191378 
1.817683742404 
1.709829202509 
1.508182601639 
1.578359894191 
1.585861880860 
1.539192828925 
1.559890626935 
1.567605944698 
1.576834626465 
1.618425837804 
1.607341418968 
1.569290952974 
1.638542702061 
1.587909826586 
1.568398333601 
1.532429219537 
1.496664440781 
1.445166751181 
1.452634138598 
1.468518957620 
1.448971352376 
1.404519845151 
1.498703769822 
1.490594474559 
1.474864937583 
1.452362956953 
1.446718562014 
1.826222800120 
1.827098508429 
1.810928082131 
1.996442042771 
2.144877642928 
2.161123474277 
2.057440308403 
2.270760560828 
2.092323824437 
2.042581393369 
2.052576406923 
2.048742870700 
2.019842351631 
2.129094767543 
2.114305718354 
1.911284203137 
1.749229717862 
1.749229717862 
1.811351321299 
1.822496917956 
1.763999565609 
1.816093787693 
1.834063899334 
1.993937640156 
2.111487245362 
2.044828412337 
1.952553407117 
1.860138791546 
1.936816655583 
1.919044843766 
1.937745122546 
2.031478073427 
1.966928299491 
1.988611830630 
1.988116137173 
2.038194699635 
1.983739348194 
2.006934571412 
1.999995922776 
1.976694002732 
1.983047945989 
1.883788914872 
1.882387127825 
1.855378442829 
1.836549384076 
1.871129633921 
1.846566271849 
1.939055100713 
1.951120805407 
1.991286921384 
1.990130972901 
2.206367782288 
2.146116820323 
2.242428376030 
2.082226367312 
2.170718535513 
2.217939082410 
2.201972951059 
2.155478088019 
2.133329257944 
2.007077607413 
2.135074995055 
2.139532143581 
2.114883795728 
1.991124591568 
1.948665598001 
2.032348896643 
2.086601399439 
2.057013385667 
2.029950925013 
1.964017638470 
2.050554070968 
1.931453437450 
1.842001311924 
1.799900977422 
1.816748740187 
1.775717768458 
1.772294012652 
1.775573530702 
1.766517634590 
1.752262740086 
1.667196616357 
1.737666915197 
1.737296801822 
1.719777246797 
1.717270593058 
1.805781927831 
1.845307598981 
1.798832099810 
1.733405854315 
1.642573931506 
1.673234177989 
1.671168974554 
1.673301611728 
2.003052000526 
1.826483970154 
1.798493136109 
1.789358584702 
1.739052041920 
1.758282653370 
1.736683347507 
1.795164508670 
1.702484327936 
1.607936102510 
1.663494785530 
1.697118834074 
1.740047423854 
1.740092104895 
1.762403738718 
1.800932681129 
1.799320171154 
1.778684808206 
1.709557420024 
1.709731704099 
1.716024348898 
1.756869733745 
1.755410301176 
1.839049116997 
1.838253278230 
1.847607458379 
1.849095864432 
1.799639011337 
1.809724530751 
1.783107311413 
1.783107311413 
1.876497986771 
1.772675589944 
1.809601644443 
1.841220720425 
1.845199292254 
1.754017122830 
1.785296047224 
1.775984694707 
1.795042888159 
1.822632782835 
1.851705432699 
1.884612066221 
1.872125752349 
1.829221746941 
1.704038039024 
1.702990132048 
1.710423215504 
1.710284418337 
1.712385694401 
1.694910445743 
1.695911746547 
1.662674348508 
1.662729831638 
1.626587920812 
1.620832120799 
1.591058685607 
1.603264874654 
1.628093248994 
1.639628438580 
1.601425923819 
1.607960480871 
1.669125027574 
1.661650011426 
1.676828565388 
1.812875978306 
1.788576292474 
1.765528734109 
1.745087206033 
1.677235761417 
1.713951890288 
1.725271848926 
1.621690652500 
1.629582146431 
1.689567272267 
1.640874897868 
1.546629537873 
1.612436115717 
1.603601741083 
1.603601741083 
1.716487604116 
1.715031940583 
1.714616007108 
1.722809074283 
1.651142756083 
1.571574982134 
1.634505202527 
1.628462956685 
1.544254897756 
1.578937988770 
1.515765485749 
1.535358354819 
1.540090266075 
1.404521977378 
1.772488317361 
1.754732213484 
1.899447052270 
1.845370628064 
1.808533544054 
1.919212950718 
1.772172760376 
1.740917422028 
1.768305584660 
1.576832420329 
1.611556114880 
1.545933407913 
1.457255828795 
1.391301385226 
1.379305614314 
1.499395562456 
1.383938223520 
1.446542501804 
1.438709191101 
1.454903436626 
1.517695790752 
1.530715398999 
1.564261156582 
1.564719569477 
1.567221930865 
1.567221930865 
1.563993701424 
1.580522204719 
1.606151176160 
1.636804286929 
1.742358971259 
1.756816980007 
1.764755288278 
1.780517475603 
1.789542659390 
1.827512300888 
1.754657711456 
1.703708756875 
1.692789982465 
1.712155070145 
1.629241734827 
1.609472768038 
1.750243132409 
1.840578504100 
1.809793919517 
1.846802099241 
1.825883842298 
1.847676542985 
1.915584212051 
1.918985383669 
2.155360893173 
2.166496639004 
1.972929630424 
1.919923136282 
1.929939874284 
1.987162377271 
2.018482239218 
2.031004444490 
2.041903418891 
1.938342496863 
2.147508753491 
2.025696451344 
1.992057629240 
1.951210431882 
1.951210431882 
1.882526418819 
1.879804794909 
1.848556415539 
1.845484953882 
1.847382763503 
1.844207088130 
1.911443268440 
1.938505877456 
1.989080503160 
2.085289047024 
2.062097557330 
2.028154600247 
2.087525872101 
2.221413274891 
2.179475855451 
2.132258211184 
2.045183258671 
2.195059523153 
2.388546699630 
2.498177523994 
2.478716296866 
2.582196245140 
2.428123688973 
2.585469225257 
2.517242212551 
2.353165027853 
2.433719986446 
2.360096845023 
2.369547827070 
1.811068795266 
1.760278253813 
1.771737341609 
1.668814318099 
1.648672988987 
1.721739343956 
1.705859732095 
1.701510236623 
1.698333407314 
1.707096689077 
1.674160695415 
1.653349739337 
1.703941463878 
1.709071887032 
1.797767838072 
1.803201561825 
1.846687100543 
1.827679047107 
1.907000781111 
1.866182977176 
1.851333923114 
1.845966672170 
1.850776019235 
1.928996607698 
1.816886162872 
1.777611435161 
1.829343677613 
1.912655439143 
1.966151825511 
1.964285202956 
1.936172812018 
1.948525608255 
1.949051206194 
1.952355833610 
1.938019776490 
1.855983526763 
2.088215419345 
2.002861794795 
1.941377194160 
1.937201236093 
1.918673486997 
1.879500386697 
1.819167345573 
1.822951806507 
1.761038550923 
1.634574206452 
1.668739840698 
1.674706148016 
1.679468271016 
1.731578480502 
1.736850845890 
1.629159718523 
1.614494059610 
1.753115084480 
1.823024592125 
1.991808255946 
2.036165804699 
2.004643848329 
1.925165730922 
1.867828811741 
1.699441269738 
1.595197413234 
1.625095088772 
1.618853413997 
1.699858826769 
1.655093146334 
1.656521472842 
1.741283403030 
1.783108330021 
1.657168851843 
1.664937560747 
1.590061890374 
1.658082605425 
1.624775518505 
1.623290208162 
1.621170870434 
1.690026215040 
1.648889186984 
1.652230601976 
1.704985640352 
1.849552621842 
1.980596022690 
1.998890323877 
1.959986044581 
1.973580617171 
2.060858009812 
2.123110575406 
2.132050070798 
2.071398560973 
2.159241054007 
2.064484438262 
2.049918043527 
2.175065054021 
2.068609602967 
1.861658350694 
1.925369819015 
1.962943372349 
1.864761412989 
1.923655604356 
1.910293419788 
1.907309717622 
1.929920801050 
1.860256004038 
1.830482537910 
1.836302931244 
1.835725837046 
1.820115894710 
1.815333956862 
1.929974246625 
1.937248629392 
1.848424641532 
1.812106871959 
1.816692725491 
1.860119980245 
1.864908125170 
1.863719818092 
1.866162345326 
1.837059570061 
1.849626143498 
1.863342821939 
1.863342821939 
1.844837272838 
1.917866345073 
1.917866345073 
1.851884625934 
1.748470489519 
1.758825294081 
1.757193569854 
1.761258970309 
1.771908258648 
1.812087392874 
1.856364480120 
1.852773635239 
1.978385972447 
1.967359417360 
1.951161087158 
1.952606196456 
1.890235752217 
1.853199438355 
1.836650785358 
1.819192801852 
1.759445562176 
1.725163887264 
1.708066922479 
1.687102115631 
1.687900781802 
1.668221965819 
1.674827198082 
1.651654030096 
1.727862999664 
1.716853861355 
1.701572923079 
1.755128725775 
1.711547192628 
1.713135088264 
1.712391585921 
1.711991637022 
1.750303810780 
1.778104678976 
1.778104678976 
1.778104678976 
1.777029224318 
1.776187828949 
1.803332543826 
1.787872435273 
1.794003388920 
1.738139586146 
1.727951998318 
1.735681561191 
1.725047605461 
1.737317570575 
1.713816625424 
1.744113316036 
1.729318792751 
1.732342831644 
1.702696155310 
1.647817358480 
1.688817490502 
1.688817490502 
1.670619905432 
1.684179267751 
1.644609462868 
1.626549840844 
1.628809336865 
1.639741518857 
1.553299024626 
1.529386449541 
1.526340686645 
2.252554569376 
2.173521323268 
2.281025345492 
2.108075116451 
2.119827775199 
2.175151366144 
2.172186495682 
2.054784289954 
2.279731122627 
2.185223200701 
2.078461712689 
2.058275109692 
1.997053005317 
1.996902333065 
1.962738911609 
1.996269138331 
2.032319054926 
2.174118117694 
2.057264752469 
2.057264752469 
2.118543958739 
2.080589137099 
2.073602128562 
1.981976264321 
1.931404643381 
1.855499512021 
1.885724300629 
1.860546460996 
1.740067278313 
1.707666232432 
1.662727171462 
1.665326956783 
1.702564057331 
1.684473703509 
1.660175442732 
1.719466378813 
1.737609098865 
1.726256014717 
1.762157564409 
1.714834337290 
1.717098485386 
1.698838314633 
1.787847382295 
1.783206686446 
1.826683257295 
1.785865121864 
1.793426075498 
1.839899534427 
1.779735916588 
1.772892480693 
1.836451772784 
1.797705626934 
1.783469294265 
1.775616435475 
1.775616435475 
1.674553427246 
1.621975040277 
1.564192276107 
1.564192276107 
1.660489191994 
1.716878731124 
1.701535521903 
1.648725384732 
1.656236623933 
1.619998242804 
1.628262509109 
1.730818004232 
1.832572515542 
1.782653446960 
1.734496893549 
1.804237244368 
1.634255099023 
1.720612439261 
1.777781019243 
1.809378734083 
1.923499540541 
1.938917585799 
1.964255243906 
1.983758892933 
1.962694201041 
1.994427314977 
1.841663704516 
1.695795780499 
1.738967382556 
1.830171260280 
2.044599248799 
1.965766789411 
2.157531492503 
2.223301487493 
2.017506302030 
2.193580917551 
1.859995001537 
1.928911457982 
1.913667016599 
1.850659283471 
1.945253372589 
2.035605852938 
2.039086437015 
1.936790615483 
1.904496102398 
1.864119221804 
1.852867203891 
1.905548201444 
1.820642228015 
1.718501959705 
1.720990065656 
1.720990065656 
1.767521163401 
1.727951478540 
1.620828121371 
1.634172704114 
1.660677306893 
1.643151588824 
1.660341712786 
1.599890212544 
1.556481816335 
1.625072503999 
1.649594967038 
1.612544965248 
1.582847766240 
1.666950047635 
1.734582249237 
1.759578901557 
1.678976568010 
1.627359483759 
1.641629557328 
1.745648252026 
1.787143680923 
1.735093966189 
1.740846968330 
1.836190410916 
1.846279046390 
1.835331043482 
1.977913977625 
2.069726109330 
2.105860883413 
2.064663263036 
1.953433943044 
1.773789029177 
1.784410555445 
1.784410555445 
1.817860183989 
1.702716112091 
1.713940406700 
1.731038212957 
1.674396094676 
1.483683614870 
1.522835462104 
1.492345803745 
1.504570008108 
1.518631184307 
1.572510325902 
1.615394206170 
1.525025609166 
1.482167830844 
1.488299370916 
1.557242051015 
1.541012592539 
1.541442722331 
1.495591116460 
1.497604521929 
1.521635281728 
1.557701342834 
1.631064950359 
1.610006654570 
1.662580703653 
1.688633542407 
1.688845116400 
1.636301263372 
1.657831166654 
1.709242367910 
1.736420026346 
1.764112191510 
1.788077713377 
1.882502264099 
1.838552977005 
1.862391193911 
1.944717569210 
1.846738472931 
1.895924855846 
2.063797310156 
1.828404113335 
1.905708954778 
1.822064884284 
1.821809184299 
1.821809184299 
1.921612187211 
1.856193990878 
1.835816031100 
1.841377720652 
1.661832636961 
1.596093424433 
1.668494525415 
1.694907242819 
1.701132344994 
1.715276173918 
1.739743764818 
1.644897454788 
1.662649384333 
1.637719385447 
1.706359522516 
1.629279699706 
1.428885250678 
1.435877373979 
1.472899114030 
1.512313642444 
1.537687075179 
1.558487920774 
1.550792268098 
1.594776512114 
1.654033229739 
1.642296718201 
1.592908143370 
1.615424940152 
1.483769268746 
1.596579187880 
1.544495429244 
1.526741941009 
1.528166255415 
1.571781774054 
1.601419950765 
1.509532705077 
1.568942325302 
1.566240254624 
1.574392870468 
1.564591278906 
1.611135285530 
1.714422790396 
1.719400710495 
1.732967939187 
1.699580995382 
1.822186787892 
1.941602078148 
2.348271534391 
2.221262794727 
2.252119205602 
2.229500842777 
2.325145844275 
2.214367561388 
2.231029764210 
2.097105552401 
2.093344177892 
2.109175036732 
2.148224196612 
2.173403857584 
2.166653495023 
2.097571073812 
2.029891603053 
2.013417091354 
1.982868245079 
1.982404866636 
2.004592118359 
2.048901091873 
2.016573185764 
2.006150492959 
2.063479967775 
2.107413747322 
2.000559342124 
2.016296976268 
1.975033330568 
1.934138512791 
1.898305851667 
1.839312579526 
1.753060191024 
1.720297778654 
1.681278102395 
1.615378165125 
1.565322756590 
1.627993878187 
1.642420521925 
1.716142772945 
1.678186667295 
1.665637593574 
1.769245241276 
1.697926703527 
1.602317815037 
1.484749131738 
1.520666291901 
1.409905370924 
1.527500141537 
1.616621251514 
1.521774563136 
1.751946291800 
1.811261661634 
1.787405302147 
1.792861505363 
1.739826419507 
1.773297805973 
1.755434928121 
1.763015315417 
1.746976674377 
1.699998119291 
1.595836102183 
1.597202581653 
1.607669184187 
1.604193917542 
1.604193917542 
1.518815502230 
1.503804502013 
1.585360774762 
1.594932342558 
1.584369111701 
1.614081426063 
1.617367245969 
1.567723448497 
1.567723448497 
1.600797419898 
1.589205018276 
1.626789342285 
1.626789342285 
1.641145382824 
1.649755271981 
1.662094969859 
1.581593937243 
1.615914044654 
1.558314902065 
1.573180936775 
1.574799328841 
1.563211320848 
1.424615517172 
1.376775551330 
1.434129441922 
1.389928477844 
1.440017268862 
1.434465370783 
1.503698237712 
1.646332922954 
1.550480501680 
1.528193891597 
1.510537493337 
1.552662314413 
1.547803538473 
1.603176824645 
1.614340602139 
1.653708401778 
1.668419916782 
1.666451138853 
1.671176171876 
1.627507018472 
1.807599555744 
1.687784687821 
1.637010929519 
1.696934824233 
1.660668263629 
1.652845583366 
1.665676658225 
1.678840774872 
1.677319716429 
1.687600074365 
1.690919968849 
1.676275604237 
1.677263204567 
1.775910865959 
1.756028565323 
1.780411273989 
1.790591451230 
1.776515667020 
1.845802792346 
1.776999446659 
1.770613973271 
1.626750894174 
1.604860525183 
1.648889318330 
1.519649841956 
1.519649841956 
1.510427227040 
1.503608907557 
1.469521775585 
1.444097009811 
1.469825234162 
1.475558122730 
1.455350025378 
1.534613827098 
1.683865380793 
1.689856375176 
1.742713364742 
1.863139999624 
1.746373212535 
1.783233053948 
1.915710214727 
1.961208098105 
1.948160567547 
1.921382417550 
1.937901609577 
1.983734399778 
1.988494099018 
2.035569380697 
2.017286604128 
2.059507560048 
2.059507560048 
2.031273727477 
2.074285660343 
2.114653448650 
2.110706675357 
2.064760563214 
2.031018290404 
1.886491683885 
1.872429170246 
1.905804213236 
1.918571488167 
1.966758101760 
2.048937745509 
2.016731699735 
1.905247108507 
1.833671050065 
1.832241740079 
1.939508705875 
1.926921400858 
1.926853262242 
1.979857612170 
1.927520634290 
1.949308871054 
1.973092852289 
1.977108129698 
1.938748553423 
1.885177970787 
1.863105890966 
1.866212336737 
1.845550738323 
1.725985881064 
1.745758902120 
1.759859598336 
1.744874581265 
1.787763249499 
1.757318763862 
1.826893154067 
1.842054497600 
1.796158488994 
1.773375074746 
1.822250161684 
1.836134693448 
1.912715737675 
1.864208835502 
1.921069550334 
1.921436364604 
1.969479479134 
2.027366582071 
2.124519541109 
2.065797517576 
2.072819531125 
2.062763842873 
2.135785036756 
2.250278530520 
2.288372862325 
2.143098409210 
2.232426760257 
2.217663149535 
2.328680248563 
2.263954187402 
2.252275520746 
2.188568650361 
2.275431364283 
2.286544332659 
2.427891534479 
2.627818705416 
2.473682274176 
2.497594873011 
2.467317692318 
2.329009232294 
2.369496111709 
2.429663626450 
2.430077885613 
2.495275006620 
2.437524651519 
2.337625911518 
2.440636809610 
2.497475539285 
2.514736016288 
2.438325426651 
2.437689694194 
1.943142205441 
1.944055256918 
1.942841070000 
1.943651430932 
1.923528905488 
1.915319481730 
1.915319481730 
1.913140119022 
1.900787922779 
1.900814480522 
1.900814480522 
1.885414189599 
1.908643448421 
1.908146322697 
1.946981686364 
1.946057861085 
1.946683915811 
2.100187600530 
2.119371036990 
2.097398206563 
2.170368466368 
2.131508981102 
1.998334802317 
2.037081893292 
1.951113853736 
1.970873091736 
2.077004692606 
2.027161846629 
2.064911639896 
2.005912162095 
2.082454647741 
2.068095832460 
2.033770610851 
1.971362109459 
2.082197156386 
2.074559935276 
2.070857313924 
2.024326078778 
2.188599018086 
2.176555304291 
2.213725979750 
2.218483261627 
2.151905111267 
2.161212622804 
2.264569982130 
2.331838159246 
2.230676214204 
2.069368719071 
2.034456842333 
2.071846859045 
2.053119579522 
1.748634247705 
1.824884794652 
1.747437327550 
1.805958585544 
1.747662795845 
1.791137098574 
1.785472296689 
1.844843286085 
1.872287637424 
1.956027854737 
1.956027854737 
1.892692932580 
2.239557257770 
2.140277088041 
2.062979496665 
1.958408999523 
2.157215635303 
2.233034045721 
2.100156967346 
2.122597345636 
2.017897549030 
1.988267465021 
1.965945547938 
1.916195227098 
1.955336958435 
2.028081346158 
1.914092482084 
1.925338613433 
1.896046459437 
1.886533068075 
1.973986707435 
1.972573575827 
1.939466069703 
1.994520423402 
1.913227979217 
1.887841157012 
1.837608972084 
1.881762209067 
1.883462668720 
1.838771021177 
1.798965516994 
1.695798109619 
1.667034374971 
1.856988293705 
1.719843150727 
1.849247851171 
1.832643665384 
1.823294345305 
1.779307433880 
1.720418842603 
1.805256630448 
1.811975787121 
1.833332875598 
1.858866989949 
1.827756475771 
1.846087026338 
1.860370043338 
1.850460401007 
1.846992675354 
1.869359668912 
1.928467922029 
1.886813501955 
1.906308630412 
1.909217138821 
1.924215505720 
1.940446092294 
1.940446092294 
2.059939548119 
1.856610255131 
1.837444434178 
1.889299911399 
1.962973236578 
1.952856299197 
1.824686496239 
1.859643176342 
1.918330804907 
1.886619157012 
1.931050438522 
1.921702827024 
1.925838695277 
1.943690956016 
1.900811607391 
1.887100663743 
1.887100663743 
1.910017675143 
1.951356876893 
1.941876123038 
1.957979164554 
1.964242257184 
1.926895689719 
1.887216002469 
1.897664244165 
1.949766618866 
1.890717838792 
1.917828816339 
1.997145042134 
1.849247557896 
1.865812138384 
1.837685749533 
1.719339256803 
1.631101946614 
1.655583587213 
1.705604794051 
1.710510910437 
1.616890415132 
1.656825399107 
1.642142181523 
1.573479218194 
1.536725321399 
1.480300532572 
1.479149210107 
1.522906487728 
1.522906487728 
1.572801129191 
1.582567012481 
1.500725544823 
1.617167846283 
1.666922660392 
1.611691026541 
1.559415023206 
1.612096436293 
1.636447207946 
1.752191173852 
1.563754876969 
1.552023302932 
1.804762624472 
1.824124000535 
1.832123635148 
1.977123946641 
1.980466030604 
1.940546044699 
1.935343970413 
1.926125357211 
1.941879803231 
1.949572465067 
1.948966715435 
1.910623503849 
1.750310183852 
1.785343964046 
1.775299206069 
1.793121396485 
1.815640068709 
1.748225449670 
1.718003157358 
1.740680075859 
1.659886176203 
1.652487838653 
1.665580201362 
1.697032807704 
1.644660547474 
1.625356864559 
1.703312101339 
1.759579928105 
1.675445321006 
1.448229093000 
1.491241684407 
1.460690138134 
1.415569608671 
1.328282209232 
1.497047513526 
1.398713819470 
1.573923118998 
1.623622692912 
1.586515988925 
1.571301990117 
1.641492024938 
1.482876207737 
1.444420837464 
1.464193318711 
1.481139727867 
1.333272413781 
1.357266705562 
1.418981067195 
1.419277482022 
1.336116929390 
1.634694267495 
1.593752068032 
1.739004287529 
1.751784496263 
1.729199380079 
1.726206554743 
1.741572890521 
1.731003654793 
1.907894687749 
1.878992416624 
1.841082851920 
1.904574339879 
1.899559833887 
1.915210445100 
1.813611678040 
1.851595801515 
1.854370638905 
1.949552327783 
1.948226737415 
1.926840830962 
1.890117867047 
1.893710435692 
1.941585808849 
1.862095081272 
1.696771675672 
1.637112453880 
1.648253244702 
1.637632957097 
1.669280172508 
1.669280172508 
1.691705615765 
1.663598781201 
1.639959174976 
1.636016017626 
1.748626955825 
1.719318659245 
1.715740009997 
1.612431127669 
1.542093411229 
1.557034579957 
1.573333794989 
1.456700700421 
1.579023271182 
1.635446705990 
1.506281336530 
1.492721813074 
1.457916353865 
1.412718393717 
1.426350771160 
1.194974004634 
1.317680330410 
1.242022910165 
1.321373461423 
1.438763223523 
1.475033136280 
1.425454550638 
1.598228555457 
1.375309961282 
1.544335432415 
1.466272109584 
1.507812080780 
1.605152339882 
1.564265591354 
1.734058638430 
1.762224153253 
1.690639563754 
1.633415638065 
1.720611642051 
1.652308762495 
1.403346568408 
1.541820432491 
1.609251220307 
1.621767530840 
1.627792611107 
1.748143837987 
1.751587259865 
1.760901206420 
1.939505364002 
1.894678466465 
1.903538983330 
1.934934779073 
1.942193759476 
1.859720231468 
1.877910599601 
1.774458619285 
1.683924892852 
1.695781035590 
1.702832074784 
1.597355907862 
1.797992625185 
1.817577637189 
1.960338163043 
1.948297067852 
1.910050325949 
1.882956032359 
2.031524621076 
2.002461021434 
2.042748865927 
2.132588328351 
2.151515484698 
2.159730247442 
2.219455638008 
2.213126854012 
2.125339488818 
2.183668426594 
2.170462309992 
2.064912501981 
2.075613646477 
2.118543620197 
2.218458785575 
2.147363040995 
2.072120321091 
2.142186886044 
1.981165265569 
2.096527510999 
1.873861925125 
1.885628230551 
2.020161580145 
2.086529541336 
1.858691056076 
1.824009767114 
1.755540447997 
1.674255010694 
1.686104973187 
1.686104973187 
1.777425338432 
1.810458163466 
1.735421752092 
1.709447317251 
1.715824055639 
1.713768460383 
1.747099130038 
1.702251803856 
1.706595548506 
1.712727637885 
1.770791990099 
1.762022346485 
1.757289051207 
1.728979170021 
1.717252381068 
1.732224440698 
1.698132516103 
1.712515029346 
1.705487747858 
1.641498170455 
1.627025557169 
1.627025557169 
1.627025557169 
1.627044030367 
1.627044030367 
1.781416259170 
1.752859117677 
1.726438803577 
1.746236726756 
1.703833473285 
1.719222977106 
1.740612950514 
1.719794962634 
1.711197702049 
1.533819722868 
1.554278801959 
1.545373962000 
1.467943653587 
1.515678282952 
1.654164780986 
1.677118218574 
1.703474768079 
1.657613798180 
1.673411202486 
1.664821712545 
1.688390817737 
1.662219924582 
1.682662213020 
1.683175947519 
1.699392850990 
1.718515061326 
1.704416439377 
1.620551762569 
1.635323743014 
1.639873931984 
1.622284619164 
1.672829727782 
1.708540056510 
1.776673766526 
1.832406922983 
1.979993481510 
2.006911753621 
1.883031247669 
1.950478513169 
1.839058558051 
1.985272242891 
1.915777375511 
1.951369833122 
1.898847260547 
2.069176350779 
2.091151657077 
2.106591808577 
1.963188481841 
2.008393830256 
2.050870235692 
1.948349201952 
1.922250846624 
2.022964364693 
1.988060496404 
1.964930043279 
2.025636545368 
2.166853601643 
1.934491115376 
1.916816509427 
1.935965714022 
1.946523087307 
1.889355863433 
1.871431920269 
1.797671359764 
1.793420640286 
1.966724833542 
2.002471250000 
2.055809602530 
2.070240593198 
1.995428489029 
2.087863054109 
2.051945387731 
1.956645349178 
1.940981242726 
1.879363824365 
1.881507544261 
1.948209848164 
1.955260006554 
1.993057194466 
1.893084717332 
1.885042160397 
1.928420622471 
1.895623418990 
1.859304503194 
1.885846582141 
1.865910560070 
1.869349564111 
1.893845418590 
1.647564279806 
1.739575428431 
1.705427090635 
1.643183345243 
1.638677134097 
1.506676250927 
2.619650269970 
2.218090846477 
2.173021248920 
2.114959336328 
2.063488609777 
2.120096862031 
2.023763321045 
2.080510942682 
2.007103755228 
2.101660155368 
1.991153958599 
2.013188679524 
2.046965606396 
1.912324680576 
2.031774168790 
2.091148602212 
2.187391781773 
2.115622293861 
2.157703946149 
2.265024366459 
2.362980993592 
2.166759878205 
2.334375048681 
2.156785006300 
2.096609023241 
2.094811819151 
2.056482341010 
1.967400569556 
2.024575997342 
1.991625937694 
1.879019320355 
1.896163353480 
1.872893698621 
1.847164624142 
1.829739919713 
1.821373483300 
1.835284870312 
1.820690949094 
1.813108815636 
1.785578737688 
1.797883118709 
1.805230465156 
1.809417760686 
1.828466579720 
1.796579239190 
1.793298761413 
1.782318765679 
1.761854089306 
1.700030491430 
1.738749914340 
1.709707792250 
1.674024885584 
1.674024885584 
1.628021415392 
1.625984851251 
1.396422234426 
1.523008503780 
1.541362510341 
1.489190049737 
1.435896036487 
1.386983237315 
1.379888776405 
1.403468250739 
1.528818113281 
1.547812103718 
1.554822424355 
1.572976782192 
1.599741203744 
1.713073006635 
1.721991781816 
1.694611035540 
1.727767742097 
1.725976139431 
1.786395589367 
1.771913441571 
1.752708761821 
1.694331660248 
1.718696295812 
1.778694357321 
1.765063868330 
1.820389448964 
1.825447369927 
1.799427758131 
1.817082485014 
1.818283810140 
1.829722034120 
1.829722034120 
1.903569079361 
2.002872551009 
1.991469270896 
2.006348927625 
1.989416901707 
1.984517788735 
1.947642494497 
1.224252354852 
1.268902736313 
1.269405203796 
1.347528790085 
1.387946663891 
1.405419393332 
1.364575410474 
1.448672212492 
1.365658379695 
1.376001051554 
1.544423409592 
1.516113345829 
1.638453229010 
1.621489348590 
1.635025306868 
1.666780091364 
1.631405047670 
1.631812132025 
1.778165673213 
1.802755638262 
1.838570875888 
1.849744607412 
1.795994868713 
1.799471974353 
1.804327488817 
1.805791960478 
1.865623032577 
1.874245729347 
1.882705132887 
1.822484870541 
1.849945695364 
1.809647317943 
1.932214310166 
1.866276144860 
1.844012504142 
1.882707191258 
1.947313255499 
1.956541021422 
1.921359075178 
1.906802239704 
1.899682648440 
1.760108386355 
1.717746319882 
1.763768182135 
1.763768182135 
1.772586017333 
1.806851361348 
1.830162040090 
1.822470709143 
1.875173269141 
1.853597270838 
1.836746435753 
1.893581774663 
2.015080634612 
2.067542964215 
1.955639227286 
2.094810104872 
1.968135215165 
2.028913400355 
2.028629409146 
1.966992083953 
2.010171466076 
2.010350355239 
2.019225113191 
2.022299043724 
2.022299043724 
1.961635296939 
1.913397699373 
1.910705445446 
1.900381960435 
1.914294656607 
1.901708018465 
1.871921267391 
1.846611653357 
1.845004932580 
1.813233362288 
1.828198216869 
1.821536092741 
1.840685484899 
1.854498230638 
1.854498230638 
1.771043754245 
1.771043754245 
1.773152431055 
1.775425348342 
1.775425348342 
1.775425348342 
1.762651726090 
1.757148575463 
1.685914047511 
1.750949063230 
1.737480831728 
1.694917055335 
1.681530152949 
1.717344913163 
1.785803767054 
1.741039241998 
1.788781879069 
1.798047566448 
1.905479273794 
1.859217087963 
1.964538796917 
2.000815938294 
2.000815938294 
1.951280690471 
2.084421680037 
2.049386499885 
2.094213272660 
2.153970004464 
2.181139538861 
2.197167179477 
2.159582802734 
2.021815825418 
2.034386883413 
1.948254110024 
1.895336308644 
1.841949893030 
1.899143925023 
2.031074222724 
1.895667685976 
1.904508711018 
1.879030298662 
1.923683143070 
1.901928075587 
1.744331238075 
1.692416213756 
1.770475459902 
1.761157756752 
1.897744864169 
1.910306580484 
1.907627641390 
1.982317112406 
1.877255606153 
1.932781304091 
1.837056209283 
1.835756966044 
1.832131343374 
1.830810197340 
1.828293636109 
1.822264807043 
1.860117086159 
1.739122375155 
1.737948041523 
1.729758959277 
1.797206203776 
1.807236870937 
1.710478509169 
1.655525651972 
1.779639019571 
1.741819664228 
1.682085926971 
1.692012518222 
1.681289055962 
1.664444669625 
1.674342280009 
1.674342280009 
1.672225682968 
1.672225682968 
1.743396195679 
1.737289857597 
1.687428010673 
1.689481790609 
1.826709990685 
1.803382824273 
1.803913402931 
1.773776236208 
1.740072381082 
1.748395904108 
1.764769834273 
1.755333478126 
1.779542494783 
1.779631840455 
1.723911657358 
1.676538018754 
1.671879413630 
1.696754515640 
1.706207771761 
1.749337286322 
1.739499587604 
1.739499587604 
1.731159870425 
1.735182276158 
1.761221241483 
1.762526278593 
1.670755415691 
1.704839492079 
1.849761323060 
1.816326133209 
1.974008439954 
1.964444863166 
2.000901367744 
1.989491620735 
1.986640486266 
1.986640486266 
1.929487674639 
2.050702196308 
1.993303346080 
1.993303346080 
1.993583977420 
2.062872444948 
1.981956625614 
1.900770056655 
1.799747453084 
1.795613991757 
1.790377886791 
1.769269371608 
1.781835992397 
1.783988571650 
1.718129403707 
1.718129403707 
1.718129403707 
1.768609782797 
1.769632003640 
1.769699575136 
1.769699575136 
1.758866067232 
1.758866067232 
1.769036307476 
1.766778292234 
1.766778292234 
1.726976844225 
1.786259429241 
1.769322875529 
1.755702511524 
1.696893140175 
1.580173463088 
1.570256498371 
1.587368369284 
1.702779088871 
1.723441880092 
1.711175107779 
1.712649010777 
1.689392810060 
1.706647193044 
1.709942968100 
1.793180270473 
1.797219154982 
1.675428522734 
1.631116025940 
1.737853610086 
1.742031602426 
1.745740063391 
1.674445570833 
1.638339552272 
1.651472987583 
1.752115464697 
1.776843026167 
1.795037976729 
1.803750585876 
1.725646335337 
1.691210529721 
1.650302100807 
1.591706873020 
1.717326900645 
1.683482106201 
1.657203797360 
1.662208769751 
1.593884816709 
1.573537415276 
1.606847320845 
1.518209871582 
1.584955028636 
1.665218702193 
1.655171486740 
1.690021756074 
1.662671133771 
1.582146615901 
1.780385321719 
1.782315802786 
1.826525862502 
1.968132280759 
1.957216872565 
1.967567651311 
2.007350411225 
1.969792125638 
1.837901884108 
1.829664496376 
1.937421187145 
1.862849087651 
1.846829352810 
1.840005932871 
1.839505547418 
1.938976424646 
1.857738393104 
1.900952689349 
1.956506678091 
1.864292437299 
1.864120975739 
1.880580267065 
1.856438492600 
1.760949415766 
1.769343079630 
1.823792108101 
1.906582397831 
1.896940410801 
2.024871546643 
2.020422668358 
2.008876540712 
2.039026550440 
2.039026550440 
2.003604259592 
2.003553703372 
2.003553703372 
1.988080517509 
1.989274989261 
1.989274989261 
2.004930748479 
2.018108751916 
2.042845800179 
1.910370227883 
1.909945426809 
1.902691545109 
1.918191164582 
1.896930871517 
1.905137638365 
1.928611736597 
1.912751293614 
1.881305479564 
1.926213536554 
1.875396287085 
1.875396287085 
1.871779924482 
1.858257437888 
1.812775753706 
1.812775753706 
1.893156778110 
1.878904397035 
1.868739804541 
1.816992059332 
1.831852513646 
1.842217984186 
1.843578014888 
1.789180542623 
1.603153094187 
1.618978353435 
1.620077867560 
1.572508965387 
1.502486952054 
1.562556221828 
1.511651015638 
1.619424985602 
1.650229934443 
1.813384052415 
1.896928286533 
1.884085553742 
1.898287300734 
1.942093093854 
1.993170254992 
1.973510567969 
2.004253899567 
2.049578260334 
2.037001067513 
2.042678063492 
2.028810066132 
2.054427471995 
1.985911776786 
1.997587803898 
2.064233743863 
2.081220445103 
2.061186615183 
2.045778674274 
1.928059906087 
1.891652668406 
1.885032595412 
1.867634185802 
1.862007474124 
1.801597985854 
1.855539121351 
1.900956739957 
1.910788222797 
1.842705059423 
1.678271093237 
1.619604609319 
1.615789501507 
1.615789501507 
1.669166894443 
1.764455648266 
1.734470376205 
1.707747867801 
1.735683856482 
1.782491003320 
1.788225417718 
1.815088197053 
1.741410609847 
1.719327058840 
1.758514470823 
1.781394579467 
1.719750049005 
1.726369114926 
1.700256816407 
1.700256816407 
1.700256816407 
1.700256816407 
1.705540078626 
1.705619568581 
1.652507733887 
1.601459491188 
1.565163687812 
1.582577252088 
1.519354182856 
1.592853294212 
1.625965254882 
1.589923531788 
1.509005239201 
1.485393236026 
1.331286092801 
1.437594074275 
1.449715500745 
1.520220896514 
1.464449921392 
1.692195635705 
1.705538835603 
1.874055193635 
1.894199405701 
1.885350219339 
1.999595127870 
1.996562325788 
1.960946099901 
1.946256336338 
1.978820334623 
1.940490886738 
2.066751183205 
1.967072619147 
2.026675566669 
2.067911507831 
2.060465213982 
2.062390321694 
2.100946166683 
2.065307558936 
1.934637684941 
1.879672017719 
1.813042675434 
1.809710043225 
1.688917299588 
1.642318850432 
1.773471299264 
1.735433486613 
1.803884187355 
1.828062799666 
1.737991302882 
1.735672621861 
1.602818386329 
1.714195613847 
1.660172750848 
1.648134664344 
1.604960099678 
1.627587651472 
1.702294063343 
1.700552896618 
1.763505917058 
1.789896256128 
1.871062115442 
1.901931652922 
1.797982213579 
1.747769522202 
1.695842177555 
1.576066791213 
1.607310276162 
1.660114085882 
1.471603202690 
1.466270146429 
1.503240215874 
1.385349218070 
1.538873276260 
1.490020482768 
1.541310345766 
1.539809308223 
1.551120731308 
1.600085402346 
1.519482150130 
1.998649531649 
2.011664858026 
2.057463286263 
2.057463286263 
2.043915575930 
2.044099453048 
2.078383890517 
2.078383890517 
2.043576660793 
2.083289347309 
2.083289347309 
2.075193646730 
2.075193646730 
2.119118716541 
2.076619003295 
2.060838314511 
2.060838314511 
2.060838314511 
2.089339687405 
2.044505118253 
2.048843688017 
2.062869342864 
2.089696714675 
2.034475809060 
1.987962134974 
1.952457877569 
1.920930700783 
1.966564079978 
1.954963375652 
1.939807372705 
1.935430062388 
1.930487617460 
1.930487617460 
1.864647014143 
1.941558117049 
1.913855987593 
1.899631222074 
1.852813400045 
1.818463099961 
1.845370557818 
1.802428066107 
1.801049483549 
1.801666246789 
1.791486804907 
1.791486804907 
1.799277978694 
1.847905012096 
1.847905012096 
1.823317048687 
1.848631937677 
1.850179320088 
1.986203647759 
1.948638536838 
2.109807849363 
2.264302521157 
2.276615399074 
2.246381311472 
2.071497328554 
2.117299677405 
2.150715839849 
2.118342055309 
2.108748609406 
2.145973226728 
2.204400300208 
2.102917484835 
2.147059657769 
1.965922470098 
1.973818127326 
1.973818127326 
1.981128002371 
1.963217139959 
1.955999396990 
1.991392810911 
1.953245807099 
1.954552258416 
1.921787599356 
1.909391545780 
1.874945521208 
1.865282988666 
1.806882157477 
1.769487716279 
1.784516249342 
1.720877890376 
1.658391911270 
1.707072818511 
1.508755857240 
1.442510358009 
1.570836582499 
1.571222282661 
1.616350977448 
1.676872510927 
1.686150277898 
1.679688860424 
1.682457686116 
1.786084892329 
1.810129536583 
1.810129536583 
1.763125226235 
1.798586378479 
1.795866289170 
1.777133529651 
1.740828114547 
1.615382232239 
1.597070041870 
1.665057129298 
1.639019150966 
1.514864725165 
1.555088181810 
1.596648045788 
1.572952288349 
1.570388612233 
1.493115882681 
1.721115623798 
1.691067302000 
1.733896960304 
1.761883511688 
1.754394662767 
1.696525205294 
1.415181991912 
1.450614083273 
1.370221580614 
1.445891798092 
1.523565402445 
1.436366215897 
1.406359677727 
1.379380834046 
1.373915615094 
1.400608747260 
1.450547099600 
1.472427797718 
1.488385644031 
1.507972144714 
1.433428729653 
1.519041995897 
1.521569907363 
1.546922224420 
1.524080910889 
1.452618712659 
1.481552728505 
1.492657007272 
1.492657007272 
1.523568857421 
1.480801611190 
1.377454290438 
1.374132825418 
1.307195029685 
1.318670007132 
1.544548761867 
1.517767013846 
1.406777945600 
1.426189601731 
1.435371448306 
1.271814107533 
1.350314394582 
1.301007684554 
1.489547926746 
1.466053458635 
1.466624715070 
1.432440895863 
1.522835301109 
1.545712112202 
1.472571382152 
1.452715169948 
1.567162980402 
1.656423884948 
1.825736126746 
1.805633654217 
1.765507159997 
1.802593465716 
1.803610086566 
1.796002429361 
1.798011067059 
1.788203664523 
1.786421209987 
1.799584527958 
1.775349847696 
1.684300336443 
1.654577609835 
1.652580663721 
1.688796142416 
1.675316091490 
1.676944474536 
1.634283549599 
1.523805180134 
1.528936993924 
1.617885468054 
1.603280922093 
1.613238378292 
1.330150899851 
1.363270419004 
1.420067062114 
1.377169537774 
1.382961454924 
1.301063721530 
1.405072735000 
1.347472389658 
1.417281254175 
1.503949118038 
1.407686287837 
1.471794842837 
1.539504490992 
1.592204345342 
1.651858791917 
1.645431587456 
1.646177128840 
1.613960880968 
1.453544290628 
1.212858800172 
1.571362579099 
1.571940502404 
1.563034142067 
1.561275307008 
1.762062063969 
1.587736566281 
1.588953804546 
1.606957133241 
1.643702755339 
1.575996826615 
1.700227559106 
1.652764029996 
1.835427385905 
1.954144426472 
2.065029286889 
2.029360692771 
2.000551921868 
2.018461172845 
2.026557301443 
2.095150600315 
2.073363112426 
2.084455872166 
1.908489689884 
1.867478815526 
1.920668762102 
1.918766602320 
1.913797616395 
1.912070367461 
1.876799187439 
1.876120743736 
1.886654523336 
1.886423674377 
1.886423674377 
1.886423674377 
1.884466613954 
1.802528660306 
1.803948484895 
1.806228652587 
1.817339316744 
1.828268009705 
1.840342662923 
1.836389907506 
1.812193405657 
1.776466893910 
1.782112483693 
1.746889587761 
1.903841301515 
1.914942016823 
1.890728217762 
1.882195403420 
1.819825311149 
1.800044363832 
1.813377445681 
1.813377445681 
1.871967814542 
1.918292788899 
1.977941325736 
1.995256648541 
2.023472414342 
2.137686299808 
2.129616978637 
2.050038457775 
2.155656410417 
2.118642315876 
2.310683167111 
2.110248306683 
2.091657777133 
2.114680380559 
2.114934383467 
2.084733589601 
1.965960671911 
2.033692907950 
1.985797962652 
1.999159744038 
2.057714053262 
2.029032740421 
2.029032740421 
2.029032740421 
2.079935763869 
2.031963851957 
1.966046065365 
1.965702042270 
1.888962150208 
1.862642908224 
1.932554424638 
1.957777184765 
1.917216640797 
1.892013450257 
1.923956457205 
1.830988846669 
1.628209007943 
1.631216195940 
1.647361709977 
1.663556221745 
1.620278893247 
1.584425595646 
1.631882575895 
1.629538868370 
1.948674596136 
1.940886258143 
2.041055366542 
1.875096179657 
1.957372728036 
2.067291824364 
1.995219214145 
1.984629392133 
1.993644438636 
2.012575623955 
1.907320473170 
1.930438695752 
1.849195067027 
1.870447229939 
1.897680031745 
1.901891567541 
1.900198732414 
1.914127056328 
1.910625919221 
1.899017542998 
1.908178961115 
1.893192421047 
1.860614450000 
1.895144912727 
1.881863929403 
1.883410001527 
1.860743431313 
1.826471588987 
1.831076329907 
1.818869984452 
1.794978692199 
1.776114844766 
1.778819699964 
1.780771631594 
1.571513471528 
1.579809570869 
1.629730529321 
1.624410368529 
1.590141224293 
1.617747627358 
1.608477666988 
1.562071867447 
1.562071867447 
1.601636438671 
1.619460133107 
1.599965078926 
1.629018778350 
1.707605409960 
1.815431297528 
1.793602763822 
1.808475078024 
1.789539810811 
1.769136261563 
1.807105399114 
1.794293679167 
1.753583912367 
1.739036243586 
1.783841370322 
1.853908825541 
1.919127325247 
1.919261019889 
1.910273571127 
1.844090013813 
1.813662941245 
1.809567531569 
1.827821394443 
1.823819871740 
1.823819871740 
1.816158628582 
1.816158628582 
1.728369995000 
1.726337295174 
1.822665913285 
1.780299935578 
1.710383086420 
1.759085160914 
1.762019753325 
1.762019753325 
1.762019753325 
1.844634518814 
1.803956220839 
1.799588011019 
2.025603989644 
2.093380843175 
2.252595191351 
2.173734351784 
2.107011503163 
2.107646351515 
2.107371025604 
2.141207770951 
2.135651037557 
2.135651037557 
2.128138209130 
2.003780902847 
2.021540702028 
2.029321133149 
1.995461248316 
1.920969129848 
1.718576253826 
1.568617089263 
1.441050334409 
1.421425365399 
1.432111386928 
1.412181768751 
1.415524681401 
1.442783394478 
1.403034189322 
1.398658196560 
1.410518641477 
1.458059661035 
1.512095418675 
1.454934200107 
1.481156548282 
1.469673517470 
1.481783981505 
1.450439890344 
1.442264728389 
1.377066254357 
1.377066254357 
1.337307804041 
1.412210281075 
1.358821047259 
1.494432691344 
1.448287770788 
1.415968073913 
1.418807168176 
1.409483589954 
1.283625958855 
1.266921954048 
1.236854879394 
1.291712386113 
1.295873673503 
1.173675369952 
1.180781911744 
1.204932695569 
1.129047636556 
1.313822305904 
1.209516778478 
1.355859975927 
1.355859975927 
1.281097660361 
1.127859335805 
1.307094953528 
1.215353428981 
1.395865949379 
1.344264237420 
1.380768968926 
1.506369389996 
1.525245622720 
1.549337397864 
1.589998193495 
1.702911187998 
1.797834717739 
1.836173844842 
1.811870797362 
1.833536261122 
1.812770054396 
1.764110819960 
1.740839776326 
1.829338376439 
1.820728945199 
1.782126497106 
1.766587605229 
1.780752065294 
1.723151789148 
1.607308703474 
1.645970534085 
1.680272586571 
1.730560637831 
1.788844733559 
1.784969772703 
1.763917462575 
1.767058913473 
1.669410346616 
1.660054980159 
1.689947930949 
1.623608440058 
1.642952675297 
1.649001121692 
1.667092247998 
1.636928412556 
1.552819134908 
1.565424565758 
1.514329441848 
1.581843824906 
1.545065172733 
1.545065172733 
1.522548062028 
1.592302256014 
1.529013941220 
1.621569456900 
1.596624491602 
1.612407664431 
1.599183420773 
1.599002478299 
1.466605879065 
1.633536785987 
1.639621172125 
1.651920917266 
1.672965676692 
1.750455010994 
1.643122902429 
1.508955709339 
1.560234304262 
1.554631431008 
1.703584824961 
1.725260283763 
1.609380808635 
1.700098066074 
1.686186717686 
1.759373222517 
1.821498429921 
1.744174432713 
1.755886673408 
1.754168950399 
1.744244844187 
1.776514565110 
1.804173801821 
1.858889875391 
1.862781098294 
1.788218673705 
1.857802707108 
1.867458156889 
1.918002663642 
1.907633498095 
1.908736847111 
1.782234860981 
1.850094819928 
1.884291223791 
1.859606131229 
1.882768189543 
1.875457405571 
1.983503278158 
2.027035854615 
1.990036202814 
1.981201690534 
2.149755784840 
2.196595684418 
2.078074034869 
1.949348744800 
1.814718572016 
1.893581259751 
1.883521752479 
1.871532466554 
1.661340714937 
1.661340714937 
1.613793417094 
1.599708214724 
1.568655941935 
1.599765162521 
1.553829563005 
1.538691474737 
1.545645062770 
1.558276540533 
1.556243783246 
1.554364072640 
1.576559434077 
1.587728456565 
1.879041491881 
1.821173770284 
1.685056030209 
1.672278095816 
1.683388864562 
1.760317468940 
1.782504055909 
1.777573490596 
1.747543561870 
1.773842936154 
1.754051582434 
1.744731373751 
1.772546505119 
1.705640096001 
1.717242750582 
1.694249701415 
1.691445509803 
1.691351712465 
1.710546090281 
1.552437353668 
1.552791044548 
1.663531442962 
1.639399453875 
1.675489914877 
1.674904767334 
1.709793659478 
1.732678583712 
1.732678583712 
1.715743693784 
1.606692514643 
1.607182951109 
1.608632341354 
1.594523620343 
1.627178984373 
1.604739173303 
1.589448080367 
1.592819749427 
1.573782091245 
1.575056608135 
1.551436538675 
1.576516437367 
1.560571693696 
1.609906664215 
1.571573891352 
1.639461883492 
1.582705041588 
1.568879392592 
1.559114824359 
1.573006638636 
1.562730916774 
1.604674706237 
1.604878074581 
1.573595764035 
1.597199455885 
1.596396313063 
1.620795209032 
1.573130835151 
1.542662642394 
1.546869170353 
1.618893878273 
1.635427997075 
1.563204449368 
1.602662295554 
1.552471697459 
1.542908281331 
1.521421000649 
1.497308118348 
1.619720269510 
1.598879974108 
1.580260127601 
1.522064553686 
1.473603777504 
1.462938250894 
1.445428245444 
1.399477504297 
1.392032795827 
1.448676166755 
1.504077702017 
1.500883643387 
1.498829355980 
1.433808715437 
1.405846105161 
1.513852479323 
1.381244304256 
1.361345533870 
1.434310863288 
1.509166045820 
1.819829491525 
1.819829491525 
1.882861431671 
1.930518528311 
2.011982828778 
1.894484165530 
1.776427827039 
1.699485707646 
1.687459425188 
1.632879744742 
1.617570340644 
1.658732585628 
1.722859545197 
1.750069287489 
1.844300625733 
1.829484286815 
1.829778083707 
1.888227675191 
1.865853513364 
1.815399281065 
1.867469208842 
1.688624648485 
1.562712579141 
1.560090247898 
1.512007819304 
1.469440668285 
1.469440668285 
1.413342923938 
1.433695564111 
1.486785735164 
1.188794286091 
1.234707342346 
1.346454791783 
1.277348218579 
1.349502394145 
1.436824484126 
1.429858137894 
1.482252404622 
1.497658850314 
1.499229200609 
1.497922480743 
1.465979108025 
1.504323992083 
1.550167501712 
1.564500347545 
1.569534081199 
1.520232447294 
1.505291824057 
1.653269358685 
1.629993982171 
1.630513384372 
1.652752321118 
1.631636861033 
1.564371603166 
1.705559523463 
1.697549090139 
1.632362671602 
1.592116252934 
1.624036637091 
1.607703277149 
1.611590688483 
1.577144294137 
1.645121512185 
1.673345624026 
1.734595804366 
1.739336484746 
1.773930829337 
1.773930829337 
1.725031769086 
1.633467684273 
1.647985981944 
1.740044949511 
1.637973121195 
1.654277808630 
1.759471619264 
1.827862736639 
1.839327027132 
1.848282726090 
1.837805742295 
1.788166668252 
1.897271396730 
1.813003792729 
1.749509642199 
1.612080250665 
1.661757418051 
1.640586294860 
1.669847867338 
1.578251628410 
1.585653157604 
1.611471847993 
1.605781998318 
1.477089282200 
1.482731634952 
1.433629905143 
1.636610077187 
1.547890995274 
1.610020401310 
1.612194367579 
1.609268309741 
1.666354811927 
1.662152798618 
1.649732304840 
1.627372976010 
1.710780024388 
1.828317635098 
1.835034746981 
1.884213721922 
1.879371966742 
1.972428407816 
1.983994515829 
2.011021458389 
2.012144741797 
1.994891920982 
1.994891920982 
1.953223681446 
2.027477520491 
2.109832348228 
2.053451951705 
2.038631675840 
2.054406501873 
2.035624200912 
1.981035127059 
1.981035127059 
1.981035127059 
1.998163363959 
1.995203985147 
2.126647660779 
2.261599200954 
2.286463252746 
2.313131148579 
2.184640590790 
2.184056403447 
2.107312655000 
2.192240310553 
2.137071421420 
2.137071421420 
2.153423754835 
2.181879322703 
2.195267394832 
2.164873298945 
2.135311320399 
2.136836499111 
2.219433926741 
2.153529744141 
2.183821641547 
2.283133480958 
2.253749889583 
2.230177685224 
2.230177685224 
2.163999378602 
2.176150768050 
2.228204077515 
2.228204077515 
2.228204077515 
2.235534834970 
2.246393535969 
2.259672106710 
2.303999916444 
2.100882941456 
2.151123230505 
2.099225116345 
2.106272756971 
2.073019821383 
2.058057585748 
2.039386848750 
1.996392749582 
2.133348558664 
1.999912436461 
1.932775049192 
1.887388536987 
1.672075858910 
1.648796564926 
1.648435284847 
1.691383323902 
1.700920894533 
1.700920894533 
1.706993686815 
1.682352189906 
1.696221647672 
1.708031146357 
1.708176301722 
1.716266998897 
1.716266998897 
1.716266998897 
1.697895566219 
1.695681587837 
1.695681587837 
1.689746486764 
1.686622711921 
1.751300603698 
1.801965884862 
1.801965884862 
1.768431866363 
1.693805863202 
1.717299445111 
1.745444526879 
1.762389037395 
1.762389037395 
1.762389037395 
1.756189346879 
1.754482852790 
1.826748639347 
1.833091361925 
1.825963335658 
1.813355933277 
1.798317371127 
1.834100650410 
1.880132894276 
1.951334179673 
1.919851051151 
1.924004099875 
1.888404026249 
1.917692597948 
1.993836313026 
1.847511236478 
1.892920354007 
1.869126688003 
1.811456044724 
1.866145237197 
1.662345097983 
1.577299275329 
1.539079155559 
1.385553725238 
1.392057518580 
1.543105542171 
1.539769831164 
1.519815782274 
1.820161697923 
1.827696047642 
1.822026293983 
1.911925431492 
2.042053613117 
1.936153881367 
1.982593294545 
1.938425061435 
1.819484234676 
1.829693749225 
1.830818773864 
1.897762880647 
1.801517681208 
1.785168090862 
1.607919320180 
1.535534567886 
1.582861816401 
1.550350409163 
1.535124580922 
1.580519818033 
1.435591396854 
1.448164091320 
1.442247332866 
1.438350735039 
1.587108691644 
1.644356868361 
1.588327351783 
1.648993352658 
1.633374580846 
1.614509368177 
1.606544387326 
1.617915912633 
1.745537142265 
1.650342644072 
1.694952858661 
1.689430458885 
1.650031761321 
1.704120482406 
1.778446137471 
1.809212452033 
1.817177895616 
1.826073593782 
1.851411988717 
1.803270302435 
1.754354269724 
1.754557159612 
1.756504377423 
1.760103938010 
1.747016852676 
1.687680819728 
1.626720389992 
1.731498259173 
1.745857046789 
1.746789823007 
1.729523844309 
1.738916868572 
1.752955307128 
1.707375318335 
1.741775247747 
1.715632122785 
1.663128907677 
1.656625104448 
2.065658594294 
2.161470265530 
2.244894670879 
2.353325781385 
2.261619379959 
2.118652344908 
2.288425402482 
2.451487239130 
2.343509927935 
2.349281183229 
2.266109974526 
2.480216477899 
2.519889154163 
2.662330123548 
2.425598251245 
2.345229968989 
2.442130590602 
2.430653162212 
2.509848536810 
2.473429787113 
2.537965493563 
2.491526869575 
2.554539752904 
2.529350091717 
2.419296501378 
2.531422410342 
2.386992809676 
2.388466657273 
2.256486564100 
2.547926968645 
2.641977735677 
2.239880268615 
2.060659971246 
1.990998318197 
1.938140777369 
1.931081793267 
1.944947589926 
2.058196490107 
2.080685546217 
1.964347066442 
1.935079134218 
1.972450034811 
1.973944703696 
1.955917733581 
1.948944185608 
1.948944185608 
1.953337000640 
1.968165987829 
1.968165987829 
1.967670022669 
1.968285666298 
1.925395510745 
1.928373398033 
1.907250186603 
1.813807289895 
1.701834639074 
1.751921251679 
1.780427064306 
1.809026359138 
1.786518311722 
1.732733359513 
1.734077453103 
1.748480707536 
1.748480707536 
1.733658034685 
1.742356825531 
1.654132293024 
1.651966184360 
1.692527887089 
1.783954983776 
1.841634194663 
1.862815119498 
1.831521292244 
1.859233868556 
1.982399907168 
1.956478276644 
2.036336949989 
2.056292860847 
2.006644181878 
2.135628299050 
2.141590873272 
2.068414804531 
1.929614586267 
1.928325441237 
1.884022052031 
1.909189150538 
1.907707970250 
1.930677982746 
1.923958836601 
1.958932789268 
1.946864024966 
1.923210961222 
1.966935036999 
1.895760085238 
1.543387549046 
1.469857811080 
1.456858565825 
1.495994451075 
1.407064223552 
1.408619823476 
1.387052789518 
1.376212344344 
1.518856721212 
1.552017956435 
1.535909445306 
1.550579861236 
1.530730098958 
1.560596803947 
1.574654530289 
1.663560295520 
1.599979875483 
1.585588622920 
1.586977747857 
1.453996589666 
1.377555211744 
1.458128203397 
1.518230041809 
1.532810373513 
1.586621075065 
1.580086610262 
1.564564447157 
1.628008812996 
1.559735451033 
1.703416303720 
1.706639483715 
1.674311042539 
1.674311042539 
1.673449265323 
1.673330250342 
1.673690617955 
1.673690617955 
1.684270246656 
1.635849906761 
1.593692578034 
1.512051549810 
1.552716685826 
1.610232910649 
1.662812695633 
1.657556752296 
1.594953070587 
1.628185862909 
1.643140722943 
1.606498023606 
1.558828916594 
1.559226897573 
1.675284970661 
1.673194621850 
1.643565982008 
1.738158090590 
1.742845453365 
1.682426764898 
1.741006507103 
1.742020126388 
1.765692512343 
1.841478653591 
1.803724475248 
1.826785012989 
1.797363322088 
1.888187474009 
1.933003890626 
1.911845754896 
1.944114401729 
1.908130008144 
1.814785484496 
1.923672900315 
1.929217248390 
1.913518088845 
1.910363955158 
1.905302517749 
1.917428581056 
1.913442144641 
1.910929459420 
1.893280855201 
1.907992556629 
1.925357891724 
1.919710746972 
1.845431305481 
1.842489546418 
1.762512389512 
1.732715666227 
1.740729347912 
1.663438939265 
1.552833547304 
1.860596274051 
1.872010411581 
1.851557945239 
1.855011728239 
1.850303948730 
1.943033463106 
1.951476025381 
1.800603329743 
1.718152976903 
1.724514913333 
1.669064482542 
1.671218290329 
1.716497870405 
1.865429694323 
1.874955964733 
1.887275736782 
1.807514989238 
1.838884272598 
1.832177536192 
1.816419750208 
1.841550083256 
1.838243826660 
1.757292604250 
1.744046031808 
1.792284806974 
1.756289552665 
1.749665170386 
1.750097011435 
1.766090623482 
1.751242948167 
1.730200251640 
1.771225767586 
1.795259861962 
1.800782981792 
1.802783730028 
1.820173585400 
1.829338595894 
1.802106448936 
1.802224424563 
1.823280611253 
1.863400155718 
1.854390051120 
1.912753046045 
1.743425144437 
1.634594895248 
1.647965127174 
1.638664859420 
1.661451752194 
1.703645373988 
1.716085411009 
1.747532193424 
1.767579995916 
1.817676763179 
1.809816252805 
1.810089198777 
1.786982628968 
1.768065516997 
1.792710566665 
1.703028768817 
1.608232444026 
1.635153952095 
1.702251818025 
1.672088205131 
1.636840341015 
1.648240878778 
1.572701430983 
1.706629895890 
1.685888801169 
1.689803783914 
1.810836798697 
1.813339426941 
1.814307170056 
1.843764824950 
1.879005300442 
1.806230389809 
1.881340498732 
1.920832656461 
1.966376074971 
1.933711208957 
1.931293706800 
1.846738407512 
1.974345152152 
1.979763345771 
2.064823570173 
2.117028313608 
2.026457932769 
2.054339380182 
1.977703279105 
1.902437488890 
1.920068798847 
1.994271763434 
1.994271763434 
2.006657512812 
2.120704553358 
1.943054232998 
2.007732772336 
2.032577178745 
2.007323408196 
2.038085755449 
1.943745835191 
1.947072705198 
1.954243044918 
1.965328056887 
1.901544180224 
1.907823256818 
1.949857315099 
1.915424839987 
1.941741662876 
1.943296691636 
1.913987127072 
1.911373754568 
1.912484218831 
2.004536708577 
2.004536708577 
1.946617667858 
1.815702545493 
1.908151791605 
1.770984871909 
1.768818736370 
1.775014804646 
1.575662009762 
1.614058870546 
1.638802087990 
1.612810457435 
1.670894269519 
1.663905328691 
1.667990307142 
1.657095200135 
1.685648602850 
1.705908156809 
1.759028622200 
1.784679222913 
1.777330154330 
1.774718076990 
1.766945299086 
1.715961308859 
1.700404598020 
1.709126331271 
1.777930365914 
1.743189020410 
1.628222076178 
1.663414685292 
1.677846368034 
1.704552092555 
1.710781687782 
1.666823695952 
1.762623165238 
1.672268352533 
1.643088156066 
1.744797081773 
1.678832263870 
1.818401406183 
1.785462008793 
1.781634605860 
1.737339522582 
1.682507514292 
1.791438815594 
1.815447520994 
1.838132827001 
1.809234460834 
1.844240297796 
1.836469504010 
1.691219069248 
1.696113928484 
1.660182008305 
1.662813507577 
1.747344259919 
1.748443787210 
1.753632563575 
1.748413376471 
1.776374529900 
1.760006263120 
1.759114091288 
1.761845044079 
1.765977226118 
1.773869748205 
1.770466127839 
1.847882290892 
1.769139494609 
1.726974978011 
1.798682469363 
1.793169220539 
1.795225491949 
1.835016875871 
1.890248065525 
1.895287740469 
1.812920599010 
1.853179013217 
1.844415504907 
1.830672662698 
1.893095038555 
1.919709475005 
1.841496520068 
1.351331691920 
1.383215576414 
1.346533906730 
1.346533906730 
1.346533906730 
1.346533906730 
1.346533906730 
1.346533906730 
1.346533906730 
1.358801993683 
1.337050360378 
1.331310664368 
1.312588841684 
1.335252499858 
1.218007377593 
1.268439757462 
1.328905042112 
1.211740242829 
1.135747360667 
1.253105910499 
1.295858608728 
1.271220636309 
1.471751171046 
1.525140074161 
1.656465071693 
1.630952921779 
1.580257689164 
1.615658754929 
1.641501537101 
1.660618584715 
1.694404614819 
1.662064155119 
1.636563038324 
1.668136579121 
1.558891005614 
1.658943734724 
1.654133704793 
1.470690171012 
1.465404853292 
1.544562341025 
1.513440008777 
1.618944671594 
1.583495929828 
1.541706209618 
1.626592352706 
1.391163686467 
1.366696084487 
1.341902619879 
1.412467079288 
1.232951842032 
1.382597671188 
1.370772516306 
1.391025353856 
1.410751647896 
1.334475075136 
1.408799127029 
1.397444774345 
1.444733459767 
1.563180429646 
1.591700919419 
1.721119805381 
1.718015306826 
1.690011160209 
1.673051722376 
1.504446000572 
1.546333175812 
1.619607226350 
1.358739058947 
1.425949111503 
1.537203441254 
1.455239393385 
1.468124846954 
1.496894922843 
1.313029628099 
1.415839071825 
1.395905132673 
1.474312441404 
1.481049064093 
1.492938994318 
1.474740360015 
1.477078885924 
1.456544792232 
1.597043312271 
1.555226125508 
1.578666894601 
1.804260507906 
1.805501371608 
1.759443212917 
1.729579295446 
1.724703484627 
1.539681716430 
1.530285598938 
1.767613419593 
1.738429411009 
1.679922792691 
1.704773284034 
1.682834952653 
1.688108804021 
1.710825253044 
1.714951769239 
1.705556187632 
1.722643069274 
1.747314792287 
1.814133363463 
1.798659158470 
1.801869996603 
1.815285963303 
1.799749464050 
1.798291916833 
1.762373961639 
1.781900757142 
1.791685820031 
1.776431719218 
1.776259164132 
1.731494327054 
1.635592604630 
1.784544510926 
1.738187779768 
1.642663086205 
1.635561848831 
1.671092032185 
1.713443053141 
1.695688554248 
1.698633423661 
1.631196966538 
1.629043990838 
1.581044021937 
1.688179744160 
1.659616652364 
1.670268775380 
1.707124394182 
1.702034102462 
1.818682632077 
1.683674927058 
1.730213808573 
1.794280768394 
1.802695056221 
1.739689846386 
1.738368711619 
1.750440479197 
1.750440479197 
1.761512823439 
1.747759736681 
1.856027975861 
1.967232398194 
1.885899815554 
1.876965312181 
1.973556856813 
1.894801460065 
1.882067242754 
1.880212341322 
1.801330289287 
1.693750382258 
1.710080028579 
1.743149441259 
1.762898543151 
1.753290844586 
1.784829194493 
1.738822142361 
1.740402035099 
1.719203713076 
1.659603204171 
1.627258200345 
1.608590074441 
1.684082878214 
1.691199766448 
1.677303304173 
1.628475708593 
1.575015154173 
1.464179996086 
1.693337187940 
1.668858152025 
1.525849277147 
1.653723762728 
1.622185543778 
1.589851530580 
1.593922764212 
1.480590285519 
1.374447298788 
1.472636085296 
1.408437921671 
1.389921012150 
1.517625302992 
1.469227627468 
1.476376874115 
1.518420913673 
1.534261164718 
1.513092720639 
1.646774107938 
1.612472067761 
1.594422391312 
1.700348846139 
1.607582774465 
1.617172867839 
1.590992242579 
1.590992242579 
1.662963621053 
1.659769373805 
1.651890112785 
1.788783215225 
1.731089092369 
1.745960446356 
1.827405765110 
1.639032187193 
1.559685822780 
1.543378916326 
1.548066098875 
1.531550540250 
1.600186988048 
1.610048014136 
1.496832270907 
1.469312948809 
1.591124328314 
1.534986218068 
1.558234509494 
1.550019935943 
1.551897601421 
1.600123668660 
1.649478425315 
1.577062208378 
1.618718023750 
1.668994740995 
1.630760819391 
1.627514800066 
1.637091859125 
1.637091859125 
1.631517386662 
1.656139816462 
1.658005483543 
1.683961160002 
1.622618416883 
1.641986605069 
1.635956811856 
1.627220598510 
1.627220598510 
1.615797255938 
1.636328660794 
1.629841853685 
1.683604760096 
1.521822100510 
1.502456530977 
1.526964340729 
1.566552212128 
1.621160969511 
1.570871767834 
1.570871767834 
1.452286921023 
1.542602909359 
1.468396891762 
1.531628896038 
1.477052885820 
1.524989270595 
1.590963138911 
1.644211331463 
1.567386919661 
1.547865013356 
1.537242686502 
1.532681820627 
1.570038847622 
1.571796013827 
1.456524038686 
1.447745463845 
1.357129457438 
1.313241046272 
1.214681897427 
1.273392521522 
1.219809370039 
1.291926880914 
1.291926880914 
1.098478533392 
1.189151919372 
1.109215371352 
1.189664130253 
1.202386676967 
1.561143513607 
1.485176207987 
1.527106044241 
1.638233248557 
1.708068760213 
1.703529873852 
1.784852954692 
1.770317512994 
1.756374006793 
1.742787797531 
1.808072793196 
1.907260383857 
1.903196295576 
1.902670999802 
1.902670999802 
1.901317154415 
1.957216100435 
1.928661543026 
1.816945358417 
1.803527672967 
1.882811000764 
1.877909093285 
1.668477378125 
1.523391166740 
1.477596135708 
1.477596135708 
1.450899325252 
1.551115088556 
1.531992785306 
1.511696372803 
1.453025593143 
1.519786879977 
1.496602725355 
1.618613177158 
1.624926849875 
1.625305503565 
1.631370573686 
1.614913639649 
1.703863330161 
1.674419396148 
1.674739732178 
1.645077337090 
1.604459468240 
1.604306727364 
1.601748783586 
1.638858030162 
1.638172753951 
1.551164071392 
1.467672979592 
1.562642787213 
1.599046690375 
1.561807940940 
1.588702855488 
1.571140711046 
1.439196496719 
1.546723169417 
1.609435016314 
1.567656961543 
1.555078030142 
1.546665486420 
1.590566934444 
1.575056504925 
1.689138667047 
1.813914685336 
1.876422345991 
1.803270614203 
1.856742062265 
1.947554865658 
1.947554865658 
1.891531768451 
1.772452263942 
1.795131182599 
1.780788488176 
1.682786294230 
1.681020903897 
1.674218246349 
1.669191626379 
1.669191626379 
1.734529656948 
1.786548849226 
1.784379698598 
1.716734781518 
1.689737459153 
1.707824243509 
1.718141799177 
1.765207726500 
1.663510774016 
1.640029963076 
1.576210385890 
1.524671731458 
1.507249469787 
1.543516265236 
1.656657818835 
1.673449168917 
1.631835687035 
1.585373174849 
1.630729940904 
1.648987289410 
1.627914617765 
1.613094925900 
1.649132657223 
1.654190417558 
1.868900101137 
1.804239298839 
1.729488349245 
1.749392492066 
1.686534179038 
1.652966721152 
1.583128890277 
1.581461637738 
1.483154143725 
1.466259690445 
1.631862881207 
1.651554953383 
1.568103093339 
1.542150422885 
1.661915744211 
1.771888967778 
1.802387770457 
1.774894847234 
1.778360436527 
1.807296504558 
1.700479256047 
1.700479256047 
1.708030004853 
1.719181730052 
1.676703060289 
1.710271875772 
1.756810390438 
1.758672678805 
1.788899950226 
1.801222531784 
1.768540390029 
1.769335265869 
1.769335265869 
1.769335265869 
1.691875708141 
1.585068200818 
1.592027119480 
1.531136753044 
1.479676957031 
1.481107473309 
1.474509631529 
1.503227197708 
1.507379131639 
1.527840707705 
1.528685458616 
1.536847009327 
1.546329956246 
1.637080920468 
1.625416330231 
1.675778004785 
1.638766000663 
1.580498640480 
1.612491581680 
1.600785472661 
1.593445499070 
1.545153297992 
1.545153297992 
1.544819868331 
1.559381265557 
1.568125878749 
1.462870809985 
1.384355762109 
1.479284348971 
1.506529074638 
1.486162973109 
1.495343257335 
1.453530009703 
1.448661726507 
1.472391309845 
1.475772710456 
1.519262512828 
1.504198865774 
1.485886941584 
1.413537588147 
1.504329805494 
1.452319676702 
1.516291984904 
1.432461799838 
1.428914870034 
1.469861813590 
1.602507609022 
1.653784697317 
1.644836606593 
1.642197850457 
1.661408220548 
1.639847257843 
1.711980076946 
1.705533299160 
1.919661492912 
1.955786336049 
1.978790695661 
1.942200354098 
2.019890582735 
1.923485241893 
1.462649428877 
1.474539116034 
1.390038625706 
1.399456764512 
1.399456764512 
1.478176140313 
1.299480695064 
1.452192490087 
1.380798922753 
1.375122291100 
1.354623134096 
1.172567239120 
1.423772168647 
1.456416973459 
1.431539083136 
1.428362214484 
1.367385358454 
1.451656564166 
1.437791393152 
1.425778199924 
1.410860557353 
1.473084329313 
1.475793770406 
1.675591272032 
1.663624282994 
1.686118102950 
1.725222767926 
1.721114099730 
1.646623550612 
1.650061610850 
1.634587985942 
1.618564852978 
1.664786420215 
1.600673842172 
1.631006622309 
1.657337739186 
1.621301075280 
1.618873687902 
1.741773167129 
1.741773167129 
1.741757166336 
1.807652832747 
1.909579437178 
1.865088158538 
1.901878983464 
1.810024116896 
1.799763381079 
1.807702794823 
1.649078744729 
1.826929161767 
1.854066081862 
1.961444384832 
1.846419609579 
2.174173437442 
2.084706983269 
1.948044501255 
2.018301564535 
2.013472944086 
2.030103881696 
2.083237383200 
2.077200855659 
2.120676922439 
1.979540387797 
2.002222644976 
2.009567279463 
2.008813578700 
2.008813578700 
2.033471324811 
2.010816024997 
1.938013029115 
1.938013029115 
1.954707919981 
1.954707919981 
1.903588553209 
1.905645594230 
1.906984313977 
1.897656154013 
2.002902777478 
2.130351781782 
2.050553259462 
1.992803648632 
1.918830600849 
1.927863678933 
1.960166662423 
1.981328411693 
2.087801920785 
2.043223586623 
1.977669923416 
1.968318731734 
1.996661089028 
1.997437149610 
2.025557470708 
1.999309120700 
2.013173499765 
1.719342993840 
1.816351409612 
1.814004539699 
1.784258327827 
1.858714436466 
1.913360961141 
1.975286701469 
1.939642199238 
2.026996668046 
1.971968256829 
2.045461484830 
2.016968385690 
2.133748209454 
2.041291335937 
2.075104439529 
2.119147679381 
1.926261922990 
1.988420649935 
2.105523303921 
1.788780983780 
1.678521331057 
1.796291620584 
1.859648800179 
1.869998773577 
1.866496007560 
1.876917012507 
1.888598990567 
1.868556614834 
1.852895094461 
1.771368700495 
1.842313973557 
1.878030895805 
1.854642463637 
1.961226067873 
1.957120981302 
1.912815951785 
1.912852244552 
1.910138137988 
1.915725711081 
1.956557542305 
1.927852278523 
1.927852278523 
1.918343110020 
1.879850352502 
1.941092206184 
1.929914538593 
1.921508716725 
1.952861945872 
1.923937434176 
1.923937434176 
1.914474666828 
1.936201533357 
1.925660330062 
1.906848865241 
1.856399013845 
1.856700026869 
1.906223777349 
1.944223568009 
1.978777241620 
1.983750373491 
1.972898801420 
1.977749652680 
1.997581072294 
2.031175598009 
2.022463146492 
1.985519394163 
1.983088875047 
1.919704424980 
2.050946752728 
2.028749939854 
2.114601256660 
2.077800510263 
2.037974792503 
2.109577729416 
2.297029709908 
2.327714885566 
2.245676112779 
2.105806770941 
2.105806770941 
2.107269301710 
2.118719425975 
2.021663584416 
2.106551539016 
1.994675801286 
2.178322121983 
2.258047793778 
2.239187639749 
2.249849951214 
2.255557183129 
2.307846942746 
2.250998278619 
2.240323945641 
2.165051916713 
2.225569460664 
1.895679674365 
1.778503387542 
1.829943498273 
1.771844546768 
1.667737415430 
1.585878446377 
1.725903009862 
1.754997522971 
1.661045470420 
1.629909084834 
1.694472828466 
1.698592394249 
1.732342462331 
1.744321970492 
1.794520230617 
1.814872171094 
1.583175964051 
1.613164051588 
1.732000260865 
1.743516259983 
1.740943295214 
1.817138549385 
1.816409476599 
1.769170324741 
1.752467846833 
1.654689345081 
1.683646037110 
1.687695451824 
1.685090102628 
1.676077765186 
1.670751750168 
1.666562578586 
1.683484398078 
1.701156647853 
1.644435036330 
1.800003383305 
1.802102716148 
1.825175310765 
1.827729700694 
1.885740262564 
1.865727241078 
1.822687539530 
1.839882683757 
1.851928562329 
1.772377141411 
1.772328961145 
1.772745313656 
1.795381562774 
1.772855053131 
1.690938436301 
1.718571084189 
1.734801874794 
1.732890320401 
1.677828698494 
1.664081741206 
1.609462706995 
1.707718429396 
1.751154920622 
1.807902766328 
1.845001719464 
1.842599681056 
1.917309170494 
2.016685848029 
1.957175732847 
1.942846446036 
1.956331037515 
1.842894630567 
1.968319591163 
1.981329279511 
1.948768430156 
1.934267571251 
1.920347856262 
1.948146864821 
1.948570139110 
1.988887810479 
2.031737095316 
2.081887292133 
2.055933424296 
2.140285023893 
2.099185156285 
2.138998559619 
2.089315723848 
2.089315723848 
1.993936067262 
2.149454867776 
2.218804231573 
2.142462744620 
2.102974975768 
2.291959496443 
2.276200111714 
2.278754308776 
2.309502066083 
2.232001442161 
2.087978185088 
1.535903185270 
1.539730182333 
1.539730182333 
1.549747452955 
1.632331213373 
1.400073974525 
1.400080839502 
1.424771566451 
1.462304319234 
1.599784142284 
1.611204109275 
1.514149089616 
1.462828147873 
1.522502600044 
1.547291345540 
1.528850442527 
1.553585260038 
1.375231182026 
1.396476086898 
1.949822285590 
1.860299175411 
1.701280470916 
1.692547384080 
1.601899882056 
1.736726955339 
1.749308623082 
1.765653884646 
1.788579303291 
1.809853529787 
1.838505714302 
1.945553844712 
1.989607700294 
1.924085736349 
1.812122952487 
1.865849185132 
1.844177312038 
1.841912615878 
1.841487001631 
1.817550146353 
1.906684305862 
1.872750475363 
1.916458021790 
1.952323679101 
1.939685710187 
2.104202340549 
1.997184523462 
2.018963667714 
2.100735267330 
2.004866551285 
2.009486266506 
2.014163464055 
1.951210596152 
1.970582115076 
1.954335035413 
1.987118853462 
1.932929349488 
1.915422482367 
1.905703938873 
1.969721915185 
1.996821026083 
1.941100523376 
1.969785287102 
1.983113738088 
1.906816635755 
1.875618577317 
1.892934829432 
1.948509146938 
1.904867327603 
1.988029179590 
1.948054400403 
2.002054986133 
2.002054986133 
2.010150433632 
2.049496128305 
2.189551910158 
2.157345506829 
2.060345126451 
1.919886810781 
1.951622499034 
1.882648646655 
1.880512974973 
1.864714923811 
1.818879155570 
1.846436566814 
1.845632146081 
1.846349541467 
1.846704641233 
1.825158191329 
1.864389780376 
1.865038243674 
1.849670124661 
1.848682523378 
1.855403254277 
1.847399358574 
1.822542504422 
1.888426381977 
1.886664137005 
1.930100142832 
1.832018938752 
1.758729771754 
1.751417306840 
1.753872280140 
1.717167437279 
1.620164391023 
1.549252390366 
1.591526531971 
1.703349684140 
1.663780617777 
1.669875908720 
1.711334507028 
1.760026041064 
1.664861560928 
1.611656792035 
1.657918888102 
1.657648205238 
1.637673364474 
1.488369903646 
1.509306779063 
1.448496796855 
1.341486508171 
1.379210896327 
1.343399423849 
1.412058151914 
1.449121055550 
1.492148347402 
1.401935942955 
1.455425077155 
1.400791635738 
1.421616693886 
1.430148608620 
1.433176392010 
1.361803238482 
1.487775806297 
1.452269211744 
1.459540547242 
1.461468899184 
1.414851115908 
1.375296328396 
1.430542827680 
1.420135740950 
1.277652889831 
1.378501085469 
1.429313241620 
1.599733392200 
1.598708259849 
1.532095889288 
1.566061470681 
1.572263994983 
1.563527203559 
1.617043155331 
1.661125624571 
1.830866357602 
1.851656848652 
1.871876392711 
1.882212470383 
1.915280574503 
1.909436907744 
1.859215900691 
1.878158208640 
1.921068930964 
1.963899938119 
1.979505444143 
2.024893787069 
2.037651840636 
2.037052875601 
2.073708429582 
1.895275581000 
1.946138541180 
1.933669694148 
1.887396270866 
1.904640725592 
1.901112961549 
1.837855790480 
1.823373965049 
1.820724469908 
1.817955290776 
1.852739241815 
1.984677526308 
1.948460346020 
2.033856376932 
2.013623627866 
2.075339174746 
2.070276651053 
2.045783686683 
1.933583749233 
1.929552807388 
2.010922475087 
2.107203330202 
2.075329503978 
2.129650211868 
2.108798656853 
2.062549442319 
2.183503070622 
2.027712536314 
2.073304102572 
2.050653703771 
2.075340012084 
2.041062646382 
2.078064496824 
2.106248899773 
2.240424363795 
2.259884137442 
2.208993349503 
2.155643775655 
2.127296853029 
2.197110444041 
2.009284437805 
2.001108136099 
1.978461316131 
1.988010239596 
2.164498223540 
2.107301637325 
2.113280775545 
2.015861870845 
1.980239499397 
1.862217973446 
1.711720041945 
1.748102672661 
1.781367589410 
1.739757768839 
1.738671897792 
1.712814240138 
1.702770619944 
1.706262609289 
1.644030645349 
1.660977981167 
1.584564934172 
1.537050981225 
1.537836792948 
1.620719023754 
1.570901614455 
1.574651593627 
1.619393867379 
1.853973126456 
1.878290599359 
1.888578746908 
1.905036022056 
1.902401574589 
1.840848947851 
1.706091965717 
1.728671071869 
1.737495682148 
1.755504464514 
1.811020985284 
1.779631457373 
1.722856691302 
1.757029851236 
1.750379281974 
1.795691840542 
1.682997303347 
1.700179124157 
1.712495062311 
1.710342397374 
1.705098605330 
1.723226463450 
1.756535199176 
1.734550607257 
1.747239134744 
1.753531872346 
1.757896060063 
1.811257282827 
1.829442978837 
1.847272800747 
1.867527962493 
1.934334017215 
1.958047633063 
1.922641494603 
1.924869545891 
1.940783116215 
1.916390265031 
1.919074466539 
1.917252220977 
1.936610193741 
1.867614841956 
1.868301743287 
1.772194807917 
1.738726961631 
1.877160715818 
1.912098796460 
1.841998951187 
1.758563979770 
1.734793753914 
1.753100416257 
1.801102412212 
1.781288867406 
1.778456875817 
1.743239226755 
1.752492947982 
1.794918550668 
1.638899997977 
1.660299354234 
1.627797954575 
1.546234232816 
1.526574308300 
1.535945299324 
1.532935002446 
1.520951194980 
1.410126028821 
1.626045891285 
1.652134127599 
1.658473268045 
1.698460946450 
1.738972107252 
1.787911199225 
1.784774163799 
1.691783347044 
1.857117703900 
1.849978796198 
2.011567420405 
2.104675369813 
2.040579358832 
1.921695334392 
1.809356211472 
1.738819784188 
1.746898459755 
1.715254268467 
1.843776506965 
1.838365126168 
1.873793044486 
1.844237820017 
1.771652125743 
1.769335902966 
1.767648107035 
1.765255993447 
1.778388773743 
1.770556225062 
1.824097217649 
1.828689146467 
1.825339913603 
1.886054015808 
1.865948109249 
2.001336896881 
2.066410816719 
1.933641473835 
2.045337797414 
2.030164803309 
2.001228812326 
2.041245678683 
2.005234227273 
2.005853443825 
2.078992349797 
2.166841823081 
2.189458839568 
2.173762550528 
2.225048741876 
2.111078674625 
2.104097716905 
2.188650753355 
2.159445778642 
2.161279527386 
2.140472371786 
2.100811904563 
2.204388663044 
2.165562779621 
2.108131944090 
2.085206393658 
2.088985965478 
2.251439672783 
2.084619571517 
2.212514523336 
2.214450981670 
2.311388245312 
2.142914646867 
2.148800975472 
2.182456622681 
2.011514873634 
1.971476050309 
2.042054431298 
2.028554263116 
2.013588217121 
2.015224461917 
2.015224461917 
2.099706042230 
2.012953721992 
2.028784795144 
2.011006664821 
1.256463898041 
1.281997436696 
1.229875302337 
1.196186156636 
1.196186156636 
1.177645446858 
1.169609355330 
1.271194179729 
1.271194179729 
1.248573707683 
1.265024943503 
1.324243975280 
1.397100194521 
1.399709805173 
1.409815627536 
1.445593776169 
1.415212878592 
1.376242766849 
1.432997624763 
1.541833436391 
1.478008609384 
1.531071065590 
1.471195131998 
1.612586819991 
1.617654377190 
1.721475646420 
1.817929304269 
1.701237626268 
1.676168994384 
1.620809082734 
1.540926314247 
1.592641317874 
1.653771039403 
1.791713028678 
1.771302867244 
1.800145839104 
1.797353490054 
1.797353490054 
1.804307303149 
1.770604499070 
1.759430700270 
1.685285070659 
1.651584969670 
1.703472778561 
1.732960132800 
1.751861128066 
1.728008778262 
1.589841768404 
1.608217879994 
1.640700305476 
1.563085830903 
1.507321407583 
1.529507676426 
1.572837554924 
1.465594634302 
1.484418581711 
1.488045787509 
1.362068060711 
1.265750148355 
1.347840422550 
1.343465127226 
1.343465127226 
1.406863869817 
1.427384208708 
1.459725094795 
1.473148998490 
1.499328397061 
1.446319581650 
1.541141186024 
1.584795449230 
1.624658461885 
1.492648329328 
1.515282038749 
1.606859797858 
1.601936557904 
1.615023905527 
1.575443920242 
1.615063726143 
1.628642626952 
1.412560582917 
1.511933247425 
1.496229730597 
1.524329733180 
1.534820928886 
1.546956223637 
1.546688170922 
1.590991179708 
1.663195614181 
1.577666383924 
1.573307623306 
1.580814345139 
1.580238571604 
1.580238571604 
1.573051669796 
2.033121129059 
2.015086664488 
2.253836505605 
2.039897460871 
1.997247216545 
2.021375300166 
1.900369047859 
1.860758854471 
1.972237113836 
1.780803978085 
1.794986772430 
1.818032465444 
1.924331787599 
1.942773373552 
1.913624990853 
1.881018759128 
1.807491911039 
1.746965674704 
1.700448033432 
1.726963255185 
1.749165670018 
1.764898524004 
1.883461361476 
1.904159629230 
1.978468907039 
2.008317424923 
1.961189344141 
1.924434004366 
1.861347194025 
1.859580154963 
1.918410878815 
1.892453895324 
1.887080870594 
1.843242505050 
1.804767224201 
1.776050069653 
1.804832674466 
1.817806705094 
1.851713437445 
1.601988982670 
1.624295383279 
1.662172481969 
1.662172481969 
1.716104430223 
1.714443856237 
1.701909232205 
1.613110742713 
1.605872479111 
1.605872479111 
1.646096574957 
1.634914872916 
1.598664598262 
1.564671041729 
1.619584500245 
1.488274638753 
1.483204843125 
1.517119698817 
1.625182359105 
1.416535047087 
1.458322946417 
1.476666857000 
1.498129204138 
1.637422333555 
1.630776881062 
1.701346020020 
1.618294866140 
1.546671668370 
1.509356823901 
1.478708662960 
1.503246679991 
1.448836927529 
1.577083154102 
1.579442812423 
1.700057649864 
1.697160695309 
1.677999110860 
1.925912870662 
1.912584784471 
1.953697466017 
1.897736436147 
1.814113244606 
1.971222581584 
1.912004961367 
1.933776831277 
1.894173055849 
1.902135393623 
1.951142345445 
1.753351772862 
1.745367255094 
1.730421938086 
1.744447934617 
1.779049864051 
1.765656384577 
1.768037257277 
1.902516828110 
1.999108678740 
1.965678199404 
1.855009181776 
1.859485762863 
1.842309013203 
1.790821440965 
1.798934659855 
1.855995309112 
1.850725707824 
1.851696805100 
1.919304594198 
2.235179890226 
1.949491047941 
2.135201117736 
2.195042330746 
2.028889436628 
2.081158780091 
2.117318562134 
2.083357883932 
2.039002687134 
2.051051299619 
2.000304695921 
1.989915395473 
1.949659225235 
1.997097680940 
1.849512998682 
1.863019626319 
1.880001076763 
1.857254476257 
1.900648811918 
1.864769066892 
1.848769931282 
1.824588122824 
1.785628790666 
1.789045610969 
1.805952709879 
1.865924769510 
1.529345224120 
1.531934242427 
1.526008550185 
1.573798906539 
1.829434431355 
1.819930022308 
1.788883254875 
1.794079208430 
1.797507581338 
1.801578375866 
1.789165911237 
1.793097654013 
1.802739013613 
1.737456898190 
1.726734407855 
1.721902144768 
1.713472086083 
1.703628331068 
1.822877965073 
1.826292870670 
1.799814354614 
1.824113309712 
1.754898516337 
1.812818712587 
1.792406308086 
1.774649586968 
1.751906869674 
1.778843369158 
1.730987394778 
1.695909448572 
1.690837880012 
1.681550372956 
1.698679947271 
1.730109739780 
1.724115903698 
1.701059840204 
1.701628729243 
1.712970475703 
1.686103586526 
1.674187271570 
1.662894304818 
1.638544314683 
1.654474964090 
1.666781665522 
1.730601296887 
1.713840499838 
1.740352037110 
1.702950425963 
1.706903059278 
1.685225595131 
1.662189551445 
1.656845551164 
1.669625326115 
1.746265831687 
1.696497873472 
1.695766091593 
1.644802586588 
1.650689562176 
1.661866744744 
1.622517122123 
1.481073716210 
1.501490803418 
1.482451835857 
1.568390117834 
1.353124064732 
1.489847090946 
1.580264239348 
1.575643071148 
1.589375737257 
1.632805996953 
1.667171631309 
1.632823949940 
1.652555577107 
1.705806602741 
1.621448043238 
1.629618062752 
1.598878081555 
1.588798504760 
1.516987616640 
1.516987616640 
1.523220673047 
1.470083281408 
1.579098643737 
1.589205016236 
1.586959871986 
1.548168086911 
1.633215491969 
1.591455447249 
1.691158079635 
1.780096357061 
1.820940054834 
1.689305214618 
1.763502615789 
1.741285893127 
1.701423186214 
1.751283928267 
1.733118671167 
1.719218996352 
1.802897086056 
1.790048701313 
1.775824499550 
1.842396922696 
1.844927496080 
1.850289422075 
1.849833499877 
1.854152497029 
1.826162660634 
1.816110441806 
1.813920764868 
1.817583181941 
1.832924210041 
1.826136106026 
1.823850017230 
1.827070551834 
1.844529336459 
1.925058843743 
1.967559235403 
1.967792494754 
1.846337304280 
1.773475510787 
1.792283228838 
1.850672189165 
2.026396476263 
1.940163340510 
1.836398465649 
1.816026501150 
1.746709483123 
1.866348667125 
1.833569440420 
1.815340356859 
1.838283411512 
1.773721496885 
1.745855626115 
1.752676655133 
1.780772227385 
1.892913279074 
1.717576778382 
1.654179710284 
1.657187300844 
1.631260963268 
1.649636295813 
1.646388577444 
1.640520809443 
1.631182865091 
1.651170073193 
1.648877720556 
1.657877362533 
1.696803281683 
1.694300794277 
1.618210882900 
1.767016499735 
1.767230119001 
1.764142399810 
1.890926622241 
1.880216680623 
1.948157370122 
1.825335559763 
1.783087409978 
1.793976898159 
1.777016299136 
1.777016299136 
1.752973011424 
1.783251864552 
1.722433690586 
1.774284388048 
1.823630538865 
1.818705083183 
1.806797965462 
1.806244901620 
1.780895401262 
1.747921631418 
1.771426566016 
1.782475326829 
1.750702167985 
1.757556783853 
1.673932785562 
1.693463415892 
1.693482217584 
1.731591810656 
1.743757542922 
1.759837301718 
1.701137668271 
1.714770891991 
1.757050416433 
1.780219825896 
1.750548829777 
1.704759924282 
1.706280716820 
1.675269295856 
1.646354808328 
1.670005197132 
1.671099053707 
1.671099053707 
1.671099053707 
1.650770060847 
1.617267573748 
1.647707904444 
1.637287332136 
1.637287332136 
1.684691704528 
1.681960825699 
1.670462267088 
1.714596474843 
1.719762371946 
1.718662463117 
1.810270060860 
1.818856862390 
1.749477432146 
1.680434501175 
1.696374481549 
1.620364617916 
1.577698808524 
1.598064517153 
1.575271311659 
1.564486773925 
1.492221212905 
1.610313927059 
1.594057154538 
1.618115197430 
1.623288201275 
1.624604608613 
1.614939368068 
1.635718061409 
1.638523139143 
1.598671462226 
1.434997345411 
1.333755402808 
1.507439033861 
1.509476451164 
1.503704471796 
1.457174461079 
1.439992031853 
1.685284428303 
1.633202806671 
1.524354959117 
1.451645764742 
1.457956188050 
1.461264200358 
1.599531781375 
1.616974144913 
1.743803074822 
1.770011666804 
1.748423320348 
1.785627560327 
1.812693815985 
1.717724247099 
1.732047723872 
1.753046579923 
1.962531548920 
2.019872282073 
2.043323148921 
2.201055462872 
2.174024236974 
2.098713828100 
1.913447856771 
1.977395626820 
1.995351740086 
1.970408258834 
1.988453375176 
1.988127782391 
1.848500748325 
1.868611398016 
1.929511843495 
1.919518934836 
1.945719249524 
1.919197223944 
1.978558128920 
1.957796559605 
1.893129953488 
1.899516423484 
1.852471831975 
1.830297661974 
1.847056862875 
1.772642020981 
1.772192201070 
1.918789051553 
1.885016364213 
1.878866469502 
1.907376143971 
1.937229307616 
1.952699802862 
2.018244892777 
1.993777821196 
2.111758765051 
1.990374045828 
2.040642558396 
1.977081244907 
1.971558116623 
2.015275117723 
1.975487010572 
2.020226711789 
2.013713304234 
2.045590795348 
2.118251443465 
2.141953696913 
2.071794939491 
2.087410522710 
2.043936771653 
2.070936781807 
2.033322810915 
1.983650071152 
1.987108729359 
1.958982523184 
1.946587274391 
1.987555722091 
1.947293987493 
1.947293987493 
1.936565399129 
1.977443479484 
2.020458043398 
1.944638392651 
1.944897399037 
1.991842464179 
2.235389932697 
2.073772855817 
2.088728649907 
2.094846205103 
1.983364478083 
1.972829505862 
1.983071537685 
1.935330377235 
1.913032370892 
1.933833502074 
1.993005798807 
2.061453710248 
2.152651320115 
2.162448041588 
2.194897804739 
2.153499392385 
1.872055493848 
2.005719582658 
2.190392574611 
2.232656454100 
2.469446804145 
2.413219051504 
2.276768765565 
2.289490426902 
2.341603924803 
1.418498926061 
1.412707925603 
1.411708952402 
1.420226495088 
1.299449095782 
1.471431127884 
1.306111731507 
1.442135589244 
1.421366247055 
1.373097610243 
1.383050754229 
1.385529330590 
1.394154842644 
1.266196620580 
1.344781117118 
1.356199067809 
1.283487047294 
1.286163441148 
1.238402999858 
1.244230282299 
1.287672442773 
1.525658169640 
1.548402392037 
1.377176694084 
1.430578866924 
1.408736078449 
1.370672990604 
1.417020016588 
1.429312663472 
1.498775064962 
1.415279002995 
1.505902152672 
1.547106935691 
1.487764976781 
1.548017712550 
1.531448115782 
1.511725490788 
1.654310896835 
1.641643017631 
1.667927660382 
1.639607482904 
1.693633857682 
1.702157038893 
1.704897864362 
1.733867838179 
1.735583361900 
1.753038534510 
1.744930145781 
1.849891492877 
1.797072069802 
1.795120123765 
1.765961279568 
1.765986733748 
1.868233516554 
1.863565958058 
1.834389433349 
1.814313006660 
1.828461483328 
1.867042981002 
1.846025191206 
1.931325711724 
2.008268858687 
1.947109651865 
2.004783257961 
2.045570423515 
2.096956578526 
2.115707825073 
2.104163223413 
2.069354629150 
2.172290272069 
2.167203013746 
2.299321758756 
2.247188956629 
2.251833254402 
2.225065353023 
2.275651737520 
2.167065999590 
1.968222656611 
1.981033050920 
1.949236269338 
1.952414958700 
1.943629281034 
1.908721153037 
1.941116173422 
1.899143798557 
1.843640600344 
1.895972617802 
1.907540552709 
1.851362324986 
1.819191280625 
1.840438817862 
1.788504828970 
1.804803084323 
1.819847927848 
1.964065334855 
1.934451236087 
1.893624342239 
1.893140269368 
1.974804380182 
1.974288081436 
1.974288081436 
1.968503221401 
1.968503221401 
1.968503221401 
1.969434375728 
1.986276911951 
1.986276911951 
1.979404145587 
1.835594591247 
1.785961633746 
1.826475449878 
1.838155046631 
1.835826176589 
1.833645726636 
1.833645726636 
1.859940848336 
1.862685246560 
1.861422838140 
1.834835480419 
1.812314735675 
1.723435778999 
1.731973626735 
1.713759812349 
1.659470112639 
1.659470112639 
1.659470112639 
1.675237623242 
1.675420396415 
1.689687487780 
1.660094033185 
1.674950232120 
1.677920506828 
1.688441883324 
1.687353995558 
1.707794650875 
1.684664916522 
1.785001218653 
1.746175408027 
1.766975942096 
1.783169130198 
1.797024219006 
1.849355990960 
1.866214675736 
1.879044202673 
1.879044202673 
1.854751023271 
1.830034532270 
1.860088051980 
1.887782481795 
1.895171104984 
1.953710607662 
1.877173976557 
1.945123663049 
1.980996845897 
1.997474335377 
1.997474335377 
1.997474335377 
1.997474335377 
1.997474335377 
1.997474335377 
1.963324818724 
1.916545367272 
1.937815002533 
1.909166569826 
1.950063504739 
2.063065957845 
1.988665412700 
1.992301974681 
1.883783444547 
1.833151032247 
1.790905892228 
1.742627057030 
1.657532696588 
1.665845495267 
1.665845495267 
1.720419457420 
1.720419457420 
1.701657559776 
1.709289649247 
1.740904249835 
1.806131907625 
1.809040119210 
1.820156001955 
1.926465814543 
1.855301560861 
1.833834830080 
1.836908963671 
1.856303612542 
1.482849687771 
1.436651397164 
1.436651397164 
1.501170418738 
1.523483857279 
1.498581709939 
1.504456065142 
1.532065964911 
1.472514403593 
1.576927392223 
1.576559852313 
1.677454658479 
1.716236030003 
1.716236030003 
1.730093592180 
1.718674380748 
1.723392517472 
1.749102009637 
1.760973984980 
1.743828349106 
1.778876623915 
1.782656549504 
1.814422661516 
1.806679280907 
1.851760563802 
1.839403945026 
1.827865323294 
1.761242379840 
1.780764406137 
1.795071859519 
1.809140285822 
1.834015901480 
1.725076598470 
1.748697367701 
1.835913555321 
1.843346369165 
1.852872836036 
1.767600529623 
1.811422100905 
1.884953141441 
1.834253355596 
1.807277588743 
1.830924743918 
1.727443734869 
1.746843554488 
1.728054982101 
1.732506170234 
1.752943449481 
1.709294945259 
1.610612005783 
1.629373483134 
1.623498324358 
1.590406788865 
1.628445840878 
1.518897640984 
1.521108417384 
1.514189567392 
1.668769990576 
1.627789122124 
1.673377810061 
1.706765954169 
1.698489659838 
1.741766123339 
1.675545219929 
1.814039395472 
1.923365413953 
1.871276949630 
1.911734438159 
1.811766797427 
1.833317040837 
1.833961901135 
1.973903414443 
2.035329347898 
2.163078588857 
2.244442093408 
2.180865415803 
2.255099647276 
2.221430221308 
2.277390594995 
2.277390594995 
2.285187095734 
2.209701365698 
2.262230011962 
2.344335183398 
2.302455168672 
2.145287706910 
2.176698630665 
2.056371302364 
1.935089910170 
1.840644499675 
1.708947692250 
1.714063508522 
1.643334336098 
1.658687086591 
1.436459204162 
1.384612221662 
1.378891150120 
1.374378858786 
1.359993347552 
1.260622968459 
1.447614716659 
1.216976693737 
1.218784004020 
1.268032202233 
1.353616654419 
1.303879382516 
1.268079623765 
1.246145705712 
1.243082496970 
1.268597307053 
1.352963449884 
1.413091114254 
1.389306488458 
1.442159196892 
1.336138118574 
1.353827898433 
1.476243763014 
1.423872225162 
1.601578136095 
1.676788918844 
1.631454245000 
1.576703045093 
1.616567745793 
1.606161111828 
1.608861085617 
1.660784109681 
1.542327243360 
1.538509315215 
1.639641177235 
1.738349304126 
1.644851181778 
1.521127854396 
1.442057763673 
1.512777751104 
1.396891223067 
1.456502382671 
1.445057565449 
1.542057472107 
1.579533029779 
1.578301615807 
1.518134823897 
1.570653178172 
1.589660493390 
1.553573633511 
1.555558178535 
1.630038762654 
1.757243461062 
1.702517702813 
1.675977216029 
1.628277355693 
1.584665713493 
1.587960907367 
1.687256815973 
1.696628741065 
1.697628742443 
1.691546609013 
1.691070156326 
1.686808746176 
1.673535275640 
1.702296620381 
1.753923515514 
1.813112962813 
1.804730015329 
1.782651005377 
1.768906081360 
1.768816494629 
1.793101267249 
1.792045352052 
1.792045352052 
1.842650897966 
1.820467555638 
1.790222318774 
1.815710669018 
1.865264433045 
1.811003726936 
1.828032268554 
1.801328345377 
1.878542067025 
1.865048722378 
1.913895517633 
1.874007171897 
1.874007171897 
1.904068569664 
1.849337743994 
1.893802695037 
1.954045108698 
1.919709995916 
1.936121028395 
1.764290168114 
1.742103005510 
1.750760083270 
1.607173631627 
1.291766642591 
1.302844518272 
1.350844422976 
1.337684578961 
1.285822338240 
1.277164517282 
1.289374895921 
1.275433426365 
1.338379203201 
1.283769291099 
1.287532429895 
1.352134900500 
1.324525905510 
1.390338722837 
1.413564780791 
1.427348468234 
1.399454870811 
1.399159749192 
1.426289696191 
1.528273526806 
1.467641893705 
1.494749184179 
1.520946934339 
1.575570668522 
1.391863941713 
1.400074807216 
1.468553625388 
1.438805280357 
1.459084757559 
1.435534433745 
1.410372817289 
1.528754696707 
1.493068138859 
1.494266250007 
1.490119736452 
1.527820586157 
1.525658631299 
1.500607116564 
1.525440043402 
1.685605175593 
1.674794617088 
1.687207371788 
1.683925854096 
1.676366387387 
1.638990541670 
1.631770378698 
1.594442684018 
1.611925582384 
1.593494833803 
1.694045765639 
1.852665259771 
1.871963262657 
1.896459610258 
1.860928614338 
1.833324617160 
1.862532647775 
1.880395357374 
1.858471924981 
1.883170465566 
1.856477935776 
1.834716226310 
1.993146997260 
1.911496279392 
1.803893174479 
1.717981767537 
1.740742743386 
1.675091325943 
1.739777496295 
1.714534234802 
1.657902414412 
1.664375950104 
1.694186961692 
1.675023461582 
1.637964042494 
1.658515262826 
1.648389338837 
1.669140876559 
1.672305394019 
1.689827900298 
1.642323374347 
1.600355429948 
1.620783610110 
1.628080016592 
1.595754169040 
1.586952653261 
1.616230837890 
1.603324396736 
1.614399228991 
1.590771418669 
1.573113905852 
1.945878252050 
2.041547092871 
2.018138890059 
2.034645565984 
2.146116969636 
2.088638789229 
1.966986071189 
2.023544949276 
2.020767654963 
2.020767654963 
2.020767654963 
1.988355956453 
1.988355956453 
2.019299698214 
1.858566204116 
1.881410358380 
1.984790511280 
1.947737718845 
1.900028855396 
1.877024305558 
1.963950166236 
1.919300195475 
1.881335104398 
1.991104405339 
2.042830656324 
1.934375805265 
1.929248348095 
1.932643252587 
1.936173313922 
1.907359819145 
1.965510408686 
2.025009457105 
1.935896060048 
1.899203694401 
2.048269809080 
2.014220297232 
1.915661112837 
1.807458190201 
1.895020606383 
1.881620462817 
1.846726029671 
1.865418441632 
1.841026138095 
1.762265846665 
1.750754539792 
1.764209759996 
1.802647709934 
1.779473234017 
1.893335333442 
1.823266814321 
1.860332167243 
2.025555997497 
2.041052793691 
2.075852343050 
1.961636477267 
1.803814251920 
1.791141707363 
1.804694675250 
1.757556343812 
1.805835309326 
1.742944230218 
1.693514859246 
1.770967211888 
1.830012176034 
1.820665009662 
1.820665009662 
1.764577995792 
1.709553232892 
1.719488519914 
1.598298828914 
1.660806799772 
1.723974232075 
1.764987079526 
1.912014759652 
1.913172502033 
1.904537873780 
1.913391211570 
1.907283392914 
1.864652784214 
1.820003166733 
1.809597154275 
1.769475620310 
1.749112613440 
1.706820872020 
1.681364893089 
1.683044017030 
1.671281634782 
1.671281634782 
1.664123232814 
1.664123232814 
1.664123232814 
1.665145078796 
1.665145078796 
1.665145078796 
1.665522860148 
1.591017746320 
1.577542477445 
1.509681613860 
1.517462243000 
1.624103868881 
1.473756125601 
1.473900653609 
1.483652231449 
1.551103192594 
1.629779751368 
1.666966865057 
1.603778375512 
1.691046683241 
1.664472889292 
1.582500111931 
1.586141087002 
1.691754289257 
1.684308928819 
1.582339406800 
1.579182545951 
1.509210020755 
1.559783554961 
1.411989617278 
1.573007902532 
1.478362979284 
1.553197623833 
1.486803938363 
1.473171236214 
1.487465678718 
1.459216598809 
1.472902495970 
1.472832267271 
1.474395587224 
1.560257356505 
1.577004772272 
1.508683019374 
1.332178825155 
1.555471434402 
1.788031467435 
1.468238904977 
1.556107373591 
1.402442307665 
1.406613639896 
1.517399091157 
1.445368006097 
1.525148481196 
1.593312758147 
1.588797329104 
1.600679027035 
1.668913242521 
1.600211964655 
1.607048904880 
1.626967511027 
1.664330971310 
1.715271490527 
1.792073078609 
1.766708356134 
1.845819858968 
1.853192381391 
1.852579085306 
1.816061423030 
1.732130979566 
1.685493479865 
1.594463297076 
1.670243149760 
1.722358862517 
1.800500908018 
1.832911286978 
1.725266506815 
1.751122236519 
1.659520353228 
1.672160314816 
1.544938549553 
1.543087980008 
1.573307300668 
1.577439976509 
1.428456696897 
1.432585801292 
1.401313909580 
1.476849359180 
1.519916379799 
1.507206157952 
1.513722043959 
1.522302198305 
1.524875619543 
1.649541452483 
1.620625003458 
1.647197746548 
1.648493288961 
1.622149714392 
1.601279152944 
1.614701124386 
1.516906411958 
1.423380511984 
1.556200589433 
1.507591225779 
1.512068521130 
1.502125821385 
1.394309536575 
1.393833335716 
1.507171446853 
1.497579616604 
1.537843439701 
1.539542601073 
1.588820007074 
1.608691223211 
1.522633438783 
1.574054170301 
1.619589811554 
1.675584856954 
1.667559159484 
1.613452127907 
1.654207573530 
1.674839662281 
1.762039632060 
1.441956017454 
1.596076814616 
1.584227759134 
1.599310768546 
1.611436787498 
1.616345869688 
1.582521030235 
1.473521652306 
1.479960075364 
1.465062092677 
1.532087728831 
1.556039555498 
1.682824798026 
1.724299296777 
1.771755708451 
1.751785388941 
1.708539073258 
1.700948598659 
1.791739921224 
1.801096549659 
1.802328015981 
1.772822480823 
1.742078517781 
1.745066067231 
1.760182889252 
1.835150994860 
1.813573210356 
1.813573210356 
1.842157951994 
1.812967376356 
1.839352897820 
1.875594655178 
1.857527832364 
1.796052268486 
1.749117789419 
1.696315418090 
1.713162585048 
1.725731026314 
1.740880076075 
1.753676885229 
1.735452681283 
1.688162401237 
1.701628818280 
1.699596025961 
1.721546792325 
1.745013571278 
1.803339373186 
1.616185598066 
1.580712383509 
1.604155944211 
1.563658060480 
1.543503476131 
1.623575936401 
1.527651207355 
1.496248702547 
1.510176621490 
1.523460609816 
1.509631244363 
1.492419684205 
1.523683840197 
1.593574193071 
1.514056309766 
1.538907540867 
1.589623405267 
1.514383986420 
1.578511384571 
1.543442522199 
1.635538079411 
1.640551226162 
1.582578208902 
1.568271582768 
1.695530522787 
2.144147551587 
2.160514559246 
2.167940733633 
2.118502117719 
2.095614632362 
2.077405667734 
2.164191965913 
2.093760656813 
1.947481364838 
2.168472042673 
2.171528440687 
2.445058265504 
2.387949704856 
2.298963941123 
2.168906015048 
2.247800571811 
2.271691449457 
2.157863438724 
2.086633418945 
2.026452247035 
2.006391129084 
2.009893929191 
1.940370849718 
2.011551171506 
1.879849346578 
1.785259362115 
1.729501401100 
1.705908086940 
1.818199219181 
1.817734097952 
1.845878110938 
1.879454057191 
1.806868140708 
1.851062999460 
1.891026269355 
1.817145542572 
1.739548586312 
1.815484134991 
1.781809887771 
1.800026580462 
1.884489958186 
1.880854080537 
1.891094610737 
1.882784432824 
1.854801599064 
1.739701909972 
1.819917102037 
1.797475600758 
1.760877229516 
1.695273033707 
1.708147339853 
1.686615006174 
1.653482138042 
1.619364764149 
1.596351292694 
1.670658004209 
1.731129892024 
1.750120375599 
1.838013967299 
1.835818407895 
1.853647050766 
1.839279018424 
1.979654933047 
2.026540427449 
2.049153945840 
2.010131763092 
1.993438842346 
2.022949825875 
2.038948786540 
2.020434562161 
1.987221300410 
1.914057034278 
1.896014170661 
1.901353554041 
1.936633409970 
2.061327271359 
2.076553450994 
2.133452679862 
2.115713022607 
2.134128384054 
2.015571427490 
2.010716628282 
2.099151703894 
2.015132541185 
1.962973925087 
1.921437781874 
1.934114562708 
2.047177976900 
2.055237547077 
2.067683185000 
2.115076262782 
2.109625370822 
2.188775657449 
2.184599520061 
1.554923255573 
1.715908007449 
1.608524013182 
1.748426868685 
1.719397764100 
1.743782343352 
1.726020950393 
1.758321137283 
1.665346215911 
1.697592471703 
1.536548825356 
1.589288670715 
1.597198834618 
1.599662303492 
1.580684604787 
1.580684604787 
1.667640503011 
1.590205143397 
1.547477942934 
1.551960735665 
1.554411408910 
1.552690261870 
1.545400399728 
1.546456170537 
1.546456170537 
1.495501356853 
1.508249658019 
1.559734940354 
1.397238028804 
1.401393755196 
1.415322607007 
1.391387325354 
1.360941758155 
1.440005771151 
1.454502557472 
1.526756534050 
1.512511487274 
1.554708951158 
1.554708951158 
1.410989233960 
1.479048626427 
1.365338720886 
1.465963582018 
1.378410926088 
1.420706396104 
1.420706396104 
1.421823007017 
1.416482243148 
1.436442601725 
1.254944291075 
1.404945370520 
1.423397933080 
1.437487334582 
1.503415824119 
1.491068094438 
1.477002695584 
1.503211852829 
1.557598209101 
1.546834769983 
1.709124719032 
1.734842522593 
1.760008074186 
1.716561809334 
1.747337687895 
1.812714209190 
1.823638586456 
1.889441250673 
1.909844803418 
2.023042832128 
1.993444945640 
1.990217142448 
1.915951908900 
1.877338841715 
1.787575397385 
1.782763849145 
1.750842600466 
1.780538995384 
1.751883238932 
1.783992410036 
1.793160962514 
1.734303739443 
1.737794575446 
1.866937797987 
1.882493912953 
1.876626395632 
1.895487879778 
1.858089914919 
1.970022283813 
1.963432911068 
2.023767654028 
1.968547236670 
1.934109582130 
1.963190657028 
1.963190657028 
1.442431117612 
1.419543910682 
1.423092068577 
1.229499046393 
1.441652744082 
1.636211470223 
1.694648333395 
1.745876796496 
1.745876796496 
1.738653801705 
1.696370293780 
1.681191524288 
1.742372871207 
1.780819664199 
1.786266499453 
1.756926021224 
1.740481473813 
1.757544187390 
1.778491390563 
1.779676120561 
1.695414080391 
1.698220547187 
1.673388001969 
1.693224344227 
1.774783930420 
1.774783930420 
1.793846777544 
1.793817261612 
1.793817261612 
1.782090374443 
1.773224096420 
1.787175711532 
1.878004326374 
1.850260229476 
2.002360589249 
1.976145993777 
1.992598627713 
2.045019932093 
1.958546047564 
1.910020550232 
1.939655265653 
2.006657612947 
1.949258602870 
1.833360974162 
1.825768400136 
1.770890817341 
1.779627405961 
1.762507472375 
1.915439544106 
1.967179582655 
2.006523111361 
1.963720034859 
1.971919814355 
1.957794792251 
2.018609559891 
2.074103231019 
1.896767170532 
1.751795396859 
1.703087767191 
1.580781387758 
1.498566852673 
1.434009445863 
1.393580287929 
1.509853887589 
1.543146098685 
1.565100765167 
1.546709365453 
1.560357135401 
1.560357135401 
1.643150522409 
1.610610373013 
1.604232607561 
1.650381273396 
1.645471283905 
1.598853356564 
1.631198713992 
1.619675386561 
1.694785407042 
1.682506584815 
1.778699014357 
1.743656739330 
1.643939788388 
1.513933389766 
1.684431195014 
1.910962546435 
1.869601491181 
1.945820490777 
2.070272452269 
2.000995280612 
2.108287138162 
2.052663433267 
1.876807061850 
1.795438814739 
1.838089221795 
1.652791339875 
1.831553348350 
1.833562363328 
1.856485156484 
1.921415912206 
1.919896457214 
1.876191246403 
1.909557504634 
1.931143789357 
1.928904865246 
1.829862690614 
1.801522709864 
1.792004621752 
1.706079034532 
1.694093754682 
1.691931267183 
1.559485465264 
1.618271224512 
1.534768238278 
1.731333038071 
1.808496581411 
1.817402492258 
1.780150697027 
1.825358099786 
1.865053490762 
1.824253380504 
1.720905875758 
1.634369820730 
1.652017794156 
1.736588256061 
1.744166283567 
1.765179346416 
1.799857637907 
1.789004078756 
1.768996690421 
1.759411286447 
1.740023154987 
1.832365946179 
1.781716132235 
1.776194064819 
1.768670089819 
1.733189683638 
1.799399304187 
1.770789758997 
1.776267057121 
1.713756593343 
1.768562597017 
1.789671478602 
1.768222351361 
1.859788814932 
1.753456419243 
1.802931155620 
1.718228594313 
1.700709365669 
1.614600759490 
1.584234336790 
1.581593574090 
1.640721124353 
1.663285876120 
1.715704274556 
1.807562978532 
1.800831867434 
1.762820241484 
1.763053702147 
1.775917083085 
1.773288673121 
1.722537229474 
1.706814940694 
1.706814940694 
1.701783571164 
1.695370766891 
1.596156252004 
1.627231411493 
1.708345098662 
1.584766676848 
1.795268419148 
1.741132245872 
1.749953466146 
1.755428616214 
1.797403378527 
1.875456232945 
1.919906990497 
1.905465895871 
1.863428116217 
1.918738311270 
1.978025971841 
1.970204289975 
1.985501950993 
2.104873599882 
2.140868338465 
1.978112887862 
2.001680682264 
1.991183167068 
2.002635799803 
1.736212969709 
1.756010954548 
1.740203408889 
1.709911481939 
1.560410856437 
1.595957777005 
1.620940072856 
1.653684665772 
1.598993030563 
1.711720549641 
1.723793268320 
1.711414051082 
1.832642558049 
1.828614117220 
1.828614117220 
1.716902906652 
1.626580104971 
1.606939896759 
1.613620337913 
1.537112556523 
1.637251293468 
1.676764568406 
1.680635190941 
1.676036666133 
1.700409725502 
1.737156538823 
1.716068948343 
1.681879435257 
1.707361558992 
1.741783371551 
1.607410344922 
1.657838142037 
1.670892156331 
1.584807448377 
1.608572893803 
1.586817693221 
1.562436122540 
1.515007653579 
1.564247248897 
1.561125988837 
1.541977445473 
1.589873735337 
1.689113804553 
1.647793000350 
1.670806176720 
1.672604659943 
1.683131809059 
1.772531034166 
1.751059690613 
1.739615343490 
1.687767545621 
1.634688328355 
1.573981891190 
1.517853009685 
1.523438025493 
1.535072303189 
1.526964412052 
1.632018017781 
1.705958927743 
1.722281317314 
1.737541794072 
1.748979274519 
1.656890539178 
1.749290023644 
1.851680735600 
1.798030713428 
1.910019122300 
1.896746545222 
1.965317805111 
1.979545979152 
1.984359437400 
2.072604391200 
2.059328394205 
2.218290805924 
2.228009877114 
2.244300050704 
2.142404772810 
2.147085909715 
2.185793867100 
2.146788128739 
2.232862364329 
1.985802084482 
1.992787538060 
1.990696937994 
2.026336471321 
1.893113827952 
1.905288276913 
1.902078294848 
1.907779881422 
1.926184938368 
1.879093555634 
1.915464822068 
1.878047958175 
1.910537074798 
1.807641753555 
1.806925020851 
1.806493516396 
1.806493516396 
1.807249315150 
1.785010885824 
1.784869521997 
1.767493612913 
1.770857181174 
1.815441401645 
1.818882366357 
1.952591050045 
1.900546292782 
1.863169264633 
1.768805076453 
1.744995546268 
1.723077744232 
1.674142119696 
1.707773308499 
1.722059036286 
1.721908295509 
1.777225361822 
1.807671802908 
1.874357899650 
1.842457714952 
1.830563053110 
1.637913787807 
1.637913787807 
1.579651396111 
1.499158713906 
1.615237196795 
1.685662028094 
1.573530167963 
1.578487435022 
1.635065226629 
1.658326500593 
1.796688473553 
1.755857506624 
1.786668721887 
1.773463291181 
1.667246852867 
1.666582294004 
1.615641280529 
1.693856629622 
1.656988716084 
1.701181559123 
1.660689985317 
1.710259575792 
1.706028507384 
1.760997727498 
1.744498742705 
1.740365837993 
1.759240079358 
1.724000134333 
1.771171321463 
1.785217845268 
1.765097644522 
1.727999994823 
1.703407444844 
1.746732686775 
1.742821055049 
1.665064990287 
1.600758318289 
1.587463096204 
1.589003522049 
1.603990983777 
1.614781039268 
1.611914375264 
1.587934668180 
1.569428879081 
1.587039715234 
1.621034851391 
1.610116788722 
1.610116788722 
1.526176800920 
1.526176800920 
1.495505077972 
1.520680873612 
1.565030191128 
1.622144403103 
1.583312854137 
1.638239109715 
1.667360570461 
1.657959006925 
1.669502513196 
1.647661050215 
1.570077692989 
1.532857351638 
1.577320647219 
1.651055013146 
1.659554046815 
1.648356781021 
1.650439273014 
1.648283383867 
1.404736670708 
1.459039535471 
1.534713903361 
1.525329397845 
1.448542139986 
1.445719290487 
1.426834989287 
1.515590578116 
1.450174505100 
1.399237523982 
1.511989581689 
1.498007447678 
1.600375309797 
1.602767298633 
1.500474302869 
1.424519365284 
1.378013623920 
1.465278217718 
1.404690441745 
1.407335255114 
1.341840641759 
1.269972346454 
1.415764803362 
1.393948336503 
1.326368346882 
1.335889059426 
1.424595511937 
1.416601240709 
1.368016785015 
1.466738166246 
1.604474270052 
1.683967677895 
1.649608083870 
1.630383028194 
1.630383028194 
1.574390409577 
1.487880543683 
1.415224454107 
1.416155805023 
1.617518166468 
1.618616263803 
1.562842697700 
1.602757679471 
1.557600117437 
1.601109182827 
1.569885698997 
1.576477612822 
1.486913889856 
1.529397959460 
1.552214338859 
1.529373461383 
1.514809076478 
1.559259988658 
1.710129960613 
1.666152155751 
1.427521130250 
1.506395496638 
1.514822139881 
1.496412172597 
1.493087148413 
1.509136547035 
1.536417382095 
1.545137336588 
1.545227680438 
1.542562799131 
1.568642039801 
1.476646662677 
1.508458653335 
1.516398881043 
1.472097687133 
1.578143125809 
1.578477219558 
1.578477219558 
1.603476527211 
1.501023566904 
1.569234418745 
1.487953388056 
1.408683578377 
1.461026469193 
1.493191812588 
1.508844030889 
1.601838502836 
1.577662430548 
1.622720301985 
1.747224976938 
1.717193435973 
1.860890038252 
1.884839193249 
1.906018088774 
1.934925442397 
1.909217355294 
1.805743410161 
1.728712382952 
1.754456238968 
1.530073246190 
1.522704173532 
1.627071497417 
1.658735462275 
1.601381868649 
1.691026510516 
1.713298348716 
1.762667239531 
1.774561500567 
1.829354511060 
1.843393166768 
1.688495465433 
1.690342034166 
1.758956473355 
1.805142883989 
1.834107407301 
1.843016925008 
1.873719814001 
1.900717323132 
1.931626605508 
1.855182884516 
1.859995831119 
1.862285986336 
1.862285986336 
1.803393830720 
1.756271820902 
1.756271820902 
1.759115369639 
1.759115369639 
1.759377412491 
1.773564457164 
1.761013150752 
1.806288168133 
1.806824243908 
1.774215877117 
1.765810934970 
1.766411079208 
1.789189041829 
1.788571845386 
1.632497969338 
1.710220515828 
1.646768796317 
1.641252857782 
1.641252857782 
1.662886237724 
1.518925130180 
1.553083129230 
1.558595647880 
1.530424354293 
1.466509880542 
1.513745823791 
1.497402360898 
1.503650572593 
1.539720793355 
1.525664832183 
1.592145789254 
1.588451448607 
1.581693017274 
1.740541809807 
1.790876719718 
1.848235197782 
1.872513423142 
1.789125956834 
1.991351830436 
1.998249162767 
2.007674325935 
1.942501740430 
1.982292060559 
2.067225938702 
2.013052449008 
2.000326455990 
2.010674605038 
1.864756161277 
1.904730220194 
1.948901560820 
1.976671568951 
1.956809421748 
1.956809421748 
1.982308697705 
2.007071476044 
2.007366123540 
1.894578456153 
1.892257161211 
1.961928664918 
1.973031503974 
2.000649879315 
1.966874599246 
2.051323769250 
1.956484172436 
1.967759045547 
1.975496440878 
2.012127332721 
1.957968840039 
1.914908946367 
1.563347971180 
1.514128791090 
1.602858768497 
1.605683952069 
1.628329767447 
1.624482402904 
1.641329861122 
1.643991328216 
1.581281963847 
1.544762468570 
1.591902905904 
1.569620890575 
1.535198779860 
1.580255963618 
1.523496574534 
1.418004845493 
1.367876279932 
1.471555732595 
1.390742787682 
1.466577208561 
1.420840483820 
1.495997052866 
1.484927422118 
1.485255022259 
1.494045053824 
1.532750354123 
1.464114840076 
1.488178278726 
1.342742290882 
1.432514726764 
1.392406183163 
1.358423550433 
1.375282167992 
1.401712431966 
1.390194459462 
1.423819121596 
1.306315882370 
1.336940869397 
1.299667464913 
1.335867805657 
1.232189885006 
1.259269849211 
1.295561063212 
1.286197359702 
1.360271329569 
1.339752230394 
1.349504203801 
1.490831654642 
1.489475741065 
1.481454169699 
1.494706340840 
1.496801834698 
1.488618912334 
1.488618912334 
1.485001415251 
1.485001415251 
1.492215087857 
1.481041002252 
1.531684554534 
1.621793955001 
1.632512092819 
1.627261057864 
1.670863973675 
1.670863973675 
1.669767508385 
1.678707948205 
1.666271862458 
1.692347280634 
1.694604967156 
1.642354282305 
1.652214877213 
1.693707585934 
1.654098500229 
1.615006039374 
1.608364894483 
1.607585316478 
1.600506170999 
1.682056782731 
1.653458446290 
1.667280406998 
1.644723991632 
1.644620456661 
1.584049607633 
1.654267793883 
1.624143636364 
1.638716019631 
1.707351163199 
1.717621774183 
1.712043783428 
1.703100686905 
1.584116782737 
1.615883738845 
1.616084779952 
1.586555303451 
1.974674846502 
1.947744458107 
2.018887548837 
2.018887548837 
2.018921073190 
1.918429302738 
1.865042084601 
1.837687719326 
1.818168481291 
1.845621337998 
1.841898330657 
1.836477348838 
1.822815229497 
1.882300873891 
1.941558859984 
1.981521558980 
1.881595432619 
1.960038812125 
1.970306749483 
2.021390630977 
2.006140479051 
1.889413191723 
1.887321050317 
1.889397635636 
1.896869667556 
1.929487865052 
1.902468017310 
1.922857138272 
1.931140693289 
1.989827583662 
2.003390814003 
2.003390814003 
2.028722713747 
2.004314117342 
2.080083838983 
2.139970286159 
2.106034421998 
2.044087308543 
2.091402894357 
2.099249171787 
2.210722311926 
2.179377887463 
2.219935894895 
2.339315866266 
2.256256085528 
2.101742084096 
2.172659991634 
2.197469212284 
2.152397608458 
2.124704343047 
2.012574064997 
1.933571794824 
1.992806481571 
1.904489678503 
1.871504517464 
1.847615870879 
1.815206807244 
1.841703900215 
1.794414221743 
1.769106817214 
1.761138447993 
1.538497638107 
1.514316659163 
1.557670911485 
1.672476967345 
1.721236435221 
1.657169513299 
1.648561498299 
1.639800823404 
1.670621087140 
1.635053093182 
1.646051380941 
1.707582050926 
1.720057095841 
1.576440405527 
1.715076418048 
1.811915186263 
1.869577004568 
1.914906280801 
1.786097997213 
1.641504242439 
1.634097547747 
1.677930772732 
1.730934119107 
1.714852800701 
1.758815425331 
1.631301250867 
1.656824581487 
1.697361304690 
1.639477279927 
1.659567809799 
1.696296510032 
1.632296716668 
1.685890932892 
1.596028098380 
1.576185894524 
1.726902883287 
1.614900200448 
1.709319370308 
1.636015355459 
1.766718774135 
1.810943460367 
1.786135845192 
1.784420324681 
1.754796163568 
1.660072596542 
1.660072596542 
1.639707465467 
1.639823915127 
1.678933813103 
1.678933813103 
1.698951079208 
1.708282390698 
1.602944782418 
1.609281364202 
1.609281364202 
1.610001422585 
1.659859520286 
1.680102866267 
1.760035570958 
1.841746498722 
1.852591093692 
1.857881965342 
1.815939862183 
1.834768819081 
1.872471454237 
1.848557980479 
1.863634485868 
1.843997367950 
1.807333487913 
1.827053500232 
1.806921597697 
1.856849986727 
1.878954642375 
1.829935127828 
1.821179306026 
1.866046323839 
1.708669056930 
1.687363286310 
1.688226152203 
1.691269599156 
1.688240098711 
1.730715032713 
1.789800666712 
1.858324290578 
1.804970815450 
1.807672776116 
1.963959021028 
2.017761984395 
1.993159891260 
2.022231570824 
2.036497603547 
2.007848702015 
1.940422130740 
1.979290119545 
1.981377346353 
1.931076713500 
1.855492015579 
1.907453719243 
1.939750715382 
1.842389378289 
1.893883081448 
1.906016044606 
1.905605162440 
1.833923051631 
1.815650361721 
1.802273673660 
1.698513863163 
1.698331209542 
1.701412441457 
1.726660130848 
1.773718155019 
1.776202499207 
1.776202499207 
1.755961482259 
1.766061030019 
1.805867929093 
1.754510575516 
1.766241761409 
1.774867615572 
1.797419644464 
1.813641121241 
1.776424330203 
1.724134842005 
1.718529403747 
1.655147438972 
1.679236123288 
1.783999856550 
1.559741976571 
1.585497644189 
1.580268327109 
1.579591479749 
1.575650778902 
1.579511510133 
1.557954948725 
1.557954948725 
1.554302037259 
1.560551476142 
1.559335739762 
1.446970605328 
1.446970605328 
1.415867614299 
1.373593136329 
1.435201906618 
1.473119371469 
1.445227204390 
1.425097390289 
1.457626623048 
1.451723381681 
1.464771157062 
1.452102784371 
1.366438468286 
1.467105431015 
1.493419356324 
1.525921155300 
1.513745331111 
1.464721210649 
1.501718283776 
1.513796758431 
1.513796758431 
1.507714913074 
1.524504309924 
1.517560923488 
1.498930242475 
1.480631970271 
1.445681978969 
1.517650501000 
1.539470648022 
1.462152088370 
1.561981593404 
1.519538784206 
1.532792901882 
1.539108935800 
1.457739832085 
1.502649600389 
1.507474216370 
1.598777573585 
1.599031189575 
1.639028755768 
1.416985336804 
1.507678822901 
1.554910811699 
1.507069727758 
1.507069727758 
1.524818118719 
1.545639649242 
1.507396381411 
1.491621884617 
1.554590693573 
1.551247310346 
1.500162359687 
1.508079351021 
1.508079351021 
1.481966709064 
1.478560374160 
1.478560374160 
1.453070709186 
1.450938594863 
1.495838394922 
1.484307610087 
1.376752779886 
1.377687003975 
1.400810538001 
1.338810593668 
1.548383271487 
1.576589010706 
1.553406173614 
1.509047666215 
1.465309628087 
1.525299598355 
1.511541575951 
1.555581623229 
1.588398447582 
1.532941905298 
1.586283116513 
1.474899773806 
1.521484404692 
1.519551724448 
1.556712682969 
1.550010184383 
1.550010184383 
1.505719981662 
1.946169718483 
1.900377739545 
1.836140304963 
1.642884732360 
1.547698089448 
1.547698089448 
1.550073515970 
1.499977084520 
1.500261433867 
1.654805749172 
1.618583401529 
1.558812716038 
1.568928945002 
1.586541710000 
1.589901172585 
1.589901172585 
1.631492598382 
1.548040390502 
1.553305484814 
1.509027324932 
1.353002187113 
1.335047882863 
1.434079127591 
1.400463166658 
1.456889363061 
1.367320701974 
1.418678394014 
1.442766488177 
1.417039721101 
1.426078376260 
1.438028700181 
1.483870101560 
1.503345741703 
1.457794770313 
1.382460177406 
1.648100074133 
1.666944127757 
1.702944281466 
1.590376528673 
1.613436251107 
1.599044379777 
1.577338467752 
1.569106562564 
1.632876829101 
1.618069097010 
1.590402975156 
1.635065197864 
1.617659619308 
1.697554562062 
1.724137136465 
1.674140395848 
1.678086495127 
1.728678065819 
1.754533827838 
1.783699906735 
1.792917401026 
1.891486805832 
1.934113791800 
1.978212817885 
1.939414479492 
1.924833100267 
1.847737178102 
1.930021818721 
1.918706683595 
1.821843381123 
1.956820425346 
1.945374336008 
2.077905846849 
1.919666504976 
1.854728116854 
1.850249773263 
1.766618005186 
1.646499186017 
1.662505344918 
1.652274833682 
1.766934553146 
1.825556563504 
1.802811080387 
1.800155251431 
1.893773469664 
1.887806503169 
1.900691087549 
1.795619592876 
1.909648135302 
1.859840148882 
1.798164974717 
1.798380731452 
1.889961858689 
1.923505515479 
1.897414496164 
1.952991208708 
1.926579202811 
1.786315338365 
1.670782850448 
1.816532380014 
1.759856908264 
1.757735207196 
1.900168282724 
1.922269774920 
1.874406744044 
1.866903167644 
1.765509654122 
1.853043085802 
1.693866655570 
1.659504685300 
1.673126904418 
1.623385678610 
1.682826752774 
1.840353406856 
1.827463986826 
1.823078766509 
1.845974999410 
1.935957689848 
1.909526880171 
1.963924721242 
1.935903367706 
1.922570878139 
1.941729044617 
1.950534922308 
2.116764596453 
1.997092941801 
2.003916610934 
2.040631860682 
1.929105968684 
1.860549386730 
1.920994872317 
1.920994872317 
1.890551304421 
1.890551304421 
1.871030208040 
1.970150596462 
1.966387496360 
1.868849850122 
1.852561627035 
1.820994094357 
1.956723814093 
1.862197644407 
1.808207725691 
1.835997620124 
1.833452533079 
1.833452533079 
1.823369854073 
1.801734008921 
1.832582234288 
1.830859332309 
1.822956588080 
1.822956588080 
1.798830687154 
1.767137410106 
1.679941371051 
1.713385069034 
1.719360996286 
1.821873819155 
1.946828193965 
1.913558226658 
1.958618392669 
1.915018660817 
1.899515476025 
1.904674288685 
1.868036837120 
1.845367046842 
1.846525260483 
1.853084448750 
1.861345415365 
1.925282505862 
1.712425330716 
1.829732345863 
1.846334621941 
1.880998109771 
1.942062811153 
1.980185418961 
2.033878212239 
1.969839511747 
1.979099137518 
1.984481938259 
1.957366015815 
1.964950530776 
1.945322395819 
1.947712888588 
1.946191854407 
1.874293054442 
1.990531698160 
1.984090976007 
1.964142567015 
1.988479387932 
2.028096534481 
2.000332669937 
1.970269389256 
2.103621196262 
2.128215922979 
2.199501584329 
2.201238390565 
2.057336234720 
2.038704144036 
2.173575168103 
2.194670115948 
2.227403812391 
2.216969286211 
2.086255786204 
2.089518664711 
2.128221034620 
2.085873951612 
2.097350120213 
2.097350120213 
2.218150505773 
2.325376733656 
2.109526133809 
2.112666705265 
2.045799458287 
2.172256868671 
2.172631348942 
2.023140116733 
2.032686800459 
1.986950671836 
1.988650299624 
1.963769858883 
2.019181514912 
2.182428925473 
2.049098968962 
2.070938235919 
1.978664663873 
2.018236115656 
2.057880325969 
2.114118737156 
2.107904241927 
2.020575968168 
2.074350080559 
2.045841618360 
2.062922321874 
2.045393949688 
1.918222429393 
1.926599631890 
1.939482892199 
2.112154441201 
2.017992624354 
2.003854799078 
1.896728483182 
1.971851810531 
1.973727973871 
1.968102868821 
2.018765571971 
1.964039417010 
2.019665855522 
1.976083828753 
1.691147530954 
1.743338537215 
1.723047762359 
1.725943897800 
1.710976454967 
1.778286080155 
1.663583013633 
1.695652810940 
1.690602858823 
1.690556802994 
1.677729643083 
1.645445750610 
1.627191488897 
1.605515958800 
1.612991630073 
1.641846030401 
1.667589842582 
1.715780530637 
1.707383392837 
1.797024266969 
1.789792642261 
1.801972231643 
1.834935357708 
1.759112129415 
1.742725108422 
1.811480714484 
1.805812109022 
1.795241673842 
1.817056317284 
1.922540079388 
1.917568404651 
1.917568404651 
1.740772852478 
1.741669356184 
1.750887441912 
1.783319277851 
1.757451194155 
1.757726847671 
1.577664687967 
1.477043732133 
1.510560255680 
1.636694645963 
1.643867630495 
1.643600153569 
1.647754115485 
1.571097704241 
1.449736409199 
1.575144447427 
1.610247864704 
1.602490704034 
1.652792386057 
1.892713464161 
1.912742228972 
1.888778143303 
1.843895911794 
1.828711712390 
1.933610473099 
1.770405182506 
1.766551073538 
1.827987126128 
1.896009156979 
2.069154105967 
2.084959760700 
2.067805757684 
2.118584959319 
2.045369360285 
2.084735001714 
2.210193859529 
2.018942691002 
2.105126880041 
2.015061283577 
2.009583051944 
2.025018775203 
1.983327215478 
2.043652880315 
1.907721809670 
1.907721809670 
1.905479382968 
1.894299963194 
1.904311888882 
1.916049290467 
1.890705678884 
1.908957854571 
1.908957854571 
1.993982539583 
1.993982539583 
1.961864546056 
1.914610386941 
1.871361696392 
1.928868017191 
1.831526578067 
1.843261918001 
1.815961837032 
1.831619732210 
1.888228339218 
1.953614694065 
1.941609359308 
2.015054139312 
1.972247813708 
1.934398992914 
1.908720725633 
1.906881978318 
1.909487692598 
1.900583807775 
1.870016136207 
1.937476096976 
1.984991264633 
1.953160434948 
1.901769509836 
1.899657005234 
1.839944555901 
1.839231858721 
1.806933092192 
1.801413192307 
1.772194694708 
1.775620260460 
1.793355473658 
1.714770614172 
1.652425731901 
1.472878910039 
1.565465313561 
1.487108378167 
1.466588401275 
1.466588401275 
1.438418805396 
1.548577400690 
1.526282448939 
1.536346068814 
1.536346068814 
1.582350434458 
1.630234828955 
1.630414623107 
1.775112448256 
1.792388195864 
1.768394616474 
1.798393790487 
1.842344498433 
1.981103624608 
1.956577874008 
1.890848973513 
1.940121410322 
1.839577435076 
1.948305401272 
1.956153328086 
1.910412880975 
1.888246263003 
1.834350356833 
1.744131725161 
1.721596295078 
1.759532645721 
1.785742352349 
1.783643246976 
1.762068010034 
1.746570459677 
1.739153807701 
1.742119714653 
1.733911888712 
1.761105001471 
1.755180767629 
1.749694158157 
1.750284053126 
1.774670449730 
1.784226953854 
1.800459938628 
1.797684108056 
1.849958334968 
1.815228564542 
1.801106698828 
1.790028895883 
1.784567609981 
1.672865192207 
1.648209930996 
1.652570816213 
1.762201148980 
1.645001492733 
1.743498086012 
1.729445561532 
1.652670782029 
1.649440653078 
1.657249471443 
1.573204656572 
1.571811379586 
1.606329370008 
1.661071627101 
1.644246878540 
1.673498299330 
1.634574729857 
1.647924517227 
1.657053254072 
1.619912107159 
1.610636100412 
1.638796543682 
1.627782571317 
1.581580068072 
1.541918073171 
1.577102308941 
1.596701758859 
1.539596627194 
1.517343154470 
1.585687859338 
1.591670686482 
1.569731512308 
1.606881793800 
1.536574229127 
1.561090872229 
1.697161606194 
1.699627716481 
1.800365639954 
1.828492311030 
1.818196137320 
1.841377066763 
1.847408624748 
1.903911111501 
1.881861867167 
1.873023367807 
1.812993666824 
1.733257152060 
1.693143903401 
1.734762261878 
2.004800108993 
2.020178482717 
2.015531257190 
2.115840571710 
2.101815630835 
2.154692414205 
2.106912532170 
2.077868865897 
1.943717375435 
2.041248326265 
1.962598282868 
1.971137334918 
1.931866157190 
1.932726132790 
1.821730885342 
1.813368781864 
1.808290230337 
1.764373999282 
1.775632832095 
1.790087870379 
1.804031720397 
1.776977890213 
1.737960292286 
1.730136507491 
1.759818143620 
1.819271419707 
1.866381840194 
1.823582922506 
1.819641676100 
1.787958861171 
1.781597033815 
1.833143805417 
1.832844808101 
1.800510584937 
1.780669798924 
1.808081451397 
1.808456193611 
1.805865028053 
1.886044332409 
1.715622455194 
1.629759637492 
1.603714884423 
1.616933344952 
1.696176918722 
1.700544923049 
1.700544923049 
1.668267582647 
1.671570199475 
1.678172459752 
1.704362142991 
1.653639709058 
1.651513944638 
1.663013705032 
1.613043206632 
1.662675603144 
1.620728788300 
1.713881474465 
1.714439645078 
1.736202111989 
1.745301809931 
1.754810165537 
1.813386781630 
1.978549068806 
1.990047031874 
2.006131820221 
1.900071262119 
1.930669295875 
1.950389635348 
1.944816110208 
2.020903288546 
1.947339194403 
1.946037754923 
1.924709892408 
1.926132193979 
1.939025004734 
1.970529007544 
2.015683660303 
1.994806589169 
2.033472781978 
2.012042680948 
2.078348220857 
2.107233897964 
1.989841554909 
1.951310048896 
2.038230706100 
2.022990560414 
2.043886351143 
2.029067898209 
2.036201456943 
2.045701066212 
1.852051853374 
1.940274944266 
1.938200482581 
1.895518862049 
1.871293956742 
1.844991059048 
1.839452136189 
1.939257118715 
1.986038639147 
1.970157872295 
1.993626909143 
1.546634480903 
1.520909664403 
1.581325251595 
1.611352846449 
1.578624718048 
1.606169471594 
1.712750686277 
1.841559936568 
1.788906726797 
1.809304104905 
1.787030864836 
1.614446831497 
1.656662030477 
1.599016980711 
1.621097130089 
1.629768919669 
1.561104109624 
1.573763514090 
1.534023259112 
1.669332921860 
1.745736609863 
1.843616633800 
1.869538499034 
1.847835436514 
1.864878984724 
1.836176120583 
1.835972721169 
1.785286517802 
1.772972598148 
1.788767610120 
1.750270665150 
1.704337161556 
1.772856730094 
1.788588723382 
1.799591544757 
1.811962704158 
1.955907261379 
1.952837767599 
1.999643024394 
2.031827744426 
2.180147220824 
2.138475125918 
2.083651513082 
2.066634462941 
2.092092133428 
2.129353495658 
2.281670768468 
2.506399087626 
2.394409611926 
2.483814880548 
2.391278019803 
2.381775697694 
2.395234249132 
2.110931682202 
2.345163715387 
2.323211245754 
2.236742124212 
2.339896937820 
2.217084557654 
2.349967121781 
2.385373776086 
2.382855402549 
2.364526208539 
2.364662280304 
2.354576310439 
2.287260427543 
2.287681864968 
2.171668786654 
2.352422652808 
2.366788483993 
2.318256719010 
2.223392893294 
2.223392893294 
2.255635025653 
2.240242420041 
2.247389087517 
2.203696739495 
2.368237975742 
2.310021907061 
2.489696454486 
2.485137116225 
2.217743472287 
2.277291007263 
2.142299829545 
2.120549605793 
2.199673491182 
2.226807038529 
2.284950380363 
2.316387810171 
2.178987120647 
2.146309128698 
2.146309128698 
2.269174033427 
2.280191774531 
1.559793119813 
1.560777221145 
1.560777221145 
1.557567364913 
1.534147801921 
1.516327117945 
1.524030067986 
1.569250336772 
1.572668532649 
1.640539675942 
1.492220140083 
1.456622282650 
1.456995477638 
1.515631324444 
1.479989211239 
1.535199396607 
1.565288200703 
1.447352980728 
1.441527449987 
1.418377084392 
1.418377084392 
1.207038810112 
1.312907657402 
1.396916361525 
1.293868385099 
1.182749002425 
1.318370541652 
1.506041572054 
1.512184328121 
1.306107809785 
1.352274949671 
1.460348821275 
1.383164245636 
1.388323846459 
1.358967123256 
1.378601084109 
1.406046423306 
1.410005021417 
1.486485228468 
1.445978192759 
1.667258966112 
1.757064888480 
1.745417678731 
1.688989375077 
1.691332618372 
1.692921878290 
1.777842393571 
1.651913991091 
1.641962220596 
1.650168807692 
1.648889132536 
1.657218298964 
1.768888138722 
1.820913044452 
1.925985515451 
1.955343056341 
1.964667149390 
2.028197924880 
2.026823360880 
2.024120021624 
1.988172555455 
1.986751266701 
1.939519208877 
1.945670175639 
1.922014107009 
1.975794789982 
1.956878252084 
1.984669067044 
1.748115832365 
1.694271759020 
1.611460491879 
1.659560497861 
1.655351412127 
1.686881376620 
1.725670211724 
1.684159872530 
1.753524756966 
1.752844045534 
1.765711887250 
1.780264786730 
1.975817375033 
2.022846111392 
2.001793412790 
1.923238806796 
1.871974764490 
1.821639003177 
1.766767483972 
1.736156050339 
1.729788877472 
1.688019340889 
1.654628736209 
1.703068143004 
1.619690558840 
1.686516942673 
1.897567739321 
1.920781345685 
1.860143415390 
1.858505446717 
1.905783290922 
2.034614826206 
2.007694908256 
1.910245324719 
1.960857639004 
1.917842915975 
1.883374776746 
1.850572451417 
1.839334228166 
1.882063855535 
1.730409026726 
1.758826810658 
1.735715381205 
1.904712418932 
1.904712418932 
1.903591233490 
1.899454803375 
1.888623069793 
1.871335026692 
1.920454004809 
1.856715663059 
1.872839142157 
1.896820418624 
2.021857185835 
1.973670511663 
1.922993272417 
1.890597892045 
1.926560329493 
1.844674842834 
1.886189163650 
1.723355475335 
1.726094953897 
1.815639713750 
1.849454951107 
1.948392877746 
2.037034139209 
1.970098533695 
2.051122642097 
2.059037693535 
2.059111057720 
2.025745523623 
2.024403363963 
2.048952483138 
2.045171791066 
2.071244489185 
2.072423649617 
2.077802866448 
2.025306081211 
2.015462453028 
2.121591709230 
2.024033843940 
2.022341248709 
2.047163511038 
2.027920164281 
1.907534115024 
1.831056538777 
1.788708338979 
1.741826254724 
1.739799853405 
1.791417089739 
1.927308284403 
2.024062095904 
2.026078198805 
1.999245970607 
2.058637550904 
2.092915964052 
1.955812676918 
1.978327046438 
1.979081396385 
1.989611873030 
2.038403687729 
2.037876348720 
2.080822145794 
2.171702164264 
2.123938096618 
2.138687611774 
2.178168977262 
2.145422395315 
2.378481776475 
2.289756760439 
2.443981718343 
2.344229868979 
2.251895654899 
2.315909247072 
2.180458041924 
2.187752774146 
2.286477847659 
2.100197332868 
2.007487658698 
1.845944548112 
1.980924935665 
2.019584563043 
1.867799314578 
1.854069656320 
1.835154048367 
1.767319301362 
1.634201565108 
1.536420590258 
1.683734988714 
1.650820352282 
1.735767076028 
1.657604672498 
1.624700044934 
1.577885460467 
1.664990574560 
1.729118730185 
1.729099522508 
1.648776640976 
1.696190374249 
1.710492908126 
1.640169534713 
1.648146140880 
1.638418057039 
1.690953366816 
1.690953366816 
1.798522528114 
1.923582507619 
1.913092603088 
1.926604022146 
1.854463596641 
1.858680185455 
1.867768499509 
1.768060625459 
1.738585907919 
1.552975702317 
1.571229323694 
1.559668580664 
1.537555925078 
1.696154242095 
1.723563979896 
1.684196873857 
1.723024329793 
1.706344653901 
1.699156804272 
1.713410963745 
1.686249480445 
1.690258100198 
1.792273971062 
1.812450555332 
1.897176192069 
1.943728250795 
1.918703689927 
1.907629168955 
1.961562788394 
1.929494078582 
1.906228060346 
1.867063480649 
1.740380839911 
1.733691387395 
1.718612978372 
1.830292405420 
1.824161592869 
1.772137153282 
1.703004599981 
1.689680662362 
1.695311405793 
1.777651326203 
1.825421428330 
1.852942363272 
1.788676950632 
1.775672323081 
1.758267340021 
1.811579702966 
1.850067717988 
1.821916753453 
1.818524644082 
1.884066563831 
1.969112807204 
1.973904989492 
1.945816646546 
1.961396171820 
2.035193357487 
2.036068964756 
2.032821104585 
1.973272456050 
2.003219712970 
2.016019051532 
2.080808160825 
2.086161087257 
2.054657172105 
1.997688399788 
1.888015929241 
1.889148214701 
1.855662276951 
1.462793461608 
1.451994672136 
1.451994672136 
1.416569144067 
1.681121950742 
1.672184973494 
1.606982487111 
1.675990197747 
1.702634521725 
1.723727513355 
1.716197847005 
1.692266259724 
1.724830098483 
1.874388999017 
1.945537239076 
2.128024475407 
2.124480690305 
2.000575091866 
2.018733443978 
2.114914038078 
1.938444971077 
2.041255569905 
2.033060719471 
2.026118870171 
1.994775121079 
1.706393692448 
1.663449043598 
1.662921525520 
1.663311638340 
1.732659396339 
1.769007501327 
1.865023823113 
1.938726302628 
1.968873808028 
2.048449394761 
2.052091834424 
1.993069430475 
2.042232553704 
2.041529405964 
2.023756760203 
1.973111515743 
2.013557995067 
2.040387284238 
1.990849966132 
1.985356220156 
1.988512950029 
2.032881918891 
2.000397784560 
1.997934264115 
1.995670672435 
1.895369494743 
1.921254648026 
2.022548409297 
1.995483354329 
2.067388045289 
2.091347274048 
2.125499912600 
2.180166064228 
2.151773584670 
2.280148564485 
2.114011365757 
2.089771858351 
2.150125432345 
2.116698060388 
2.110130401835 
2.057266512204 
2.131121357481 
2.027171752705 
1.985529145063 
1.931283388798 
1.890855043744 
1.828251338089 
1.872873357581 
1.735788854173 
1.743557166474 
1.897271257822 
1.932221266919 
1.801621515103 
1.773884597055 
1.747569570477 
1.671002721825 
1.647894113084 
1.647894113084 
1.737793666739 
1.738752075826 
1.710884072201 
1.693025000688 
1.737083074025 
1.752874068971 
1.743634047715 
1.750578103242 
1.776135324324 
1.776983575925 
1.741625792520 
1.468033232068 
1.608455282639 
1.582704963472 
1.676004632179 
1.642657885563 
1.691881355193 
1.582245881330 
1.550137553852 
1.555887092980 
1.291448675953 
1.338051663392 
1.413455220468 
1.418478652912 
1.416163252440 
1.519567974156 
1.516771041635 
1.529764320201 
1.543131430613 
1.604209144758 
1.498892706773 
1.494483343293 
1.517477024148 
1.530309055783 
1.559434271970 
1.606635207595 
1.540413176604 
1.551054099480 
1.577961474988 
1.631501572507 
1.596814249399 
1.528821907591 
1.530002163918 
1.546025930879 
1.603635052836 
1.617912015251 
1.639045818219 
1.754338126836 
1.762347088091 
1.759822281948 
1.730771025927 
1.767058806876 
1.750403028892 
1.757314242465 
1.737995159026 
1.667284319121 
1.658552922135 
1.656281949130 
1.630788367365 
1.656223464456 
1.653070118447 
1.595290808086 
1.554382430508 
1.621542026086 
1.612836713976 
1.521425893710 
1.534813869359 
1.534813869359 
1.569684575104 
1.592615124667 
1.689597400611 
1.652113522223 
1.550881835336 
1.531094257312 
1.578468198043 
1.756564197265 
1.753418175813 
1.747053993025 
1.787250677246 
1.817587967273 
1.831710587496 
1.775745817909 
1.855678503222 
1.820181720326 
1.780207941057 
1.762416956452 
1.740556261999 
1.749717685429 
1.734347853470 
1.640619251505 
1.411880795288 
1.539010224555 
1.593153663838 
1.527456710879 
1.597444344651 
1.592301088642 
1.595199895018 
1.575404457257 
1.645735012999 
1.636803878420 
1.588782924999 
1.445183013551 
1.721698811925 
1.748861755546 
1.714380798845 
1.660351356695 
1.682305500147 
1.551410555244 
1.670747407838 
1.656058261526 
1.624429574503 
1.750842463223 
1.675002968809 
1.688567429399 
1.713976270748 
1.634074032663 
1.658091536022 
1.636466106042 
1.618829305712 
1.662359685563 
1.688462120937 
1.722993335898 
1.629825337319 
1.679779238339 
1.739822721956 
1.681664672311 
1.607725495676 
1.615126406456 
1.622161976070 
1.632551177229 
1.606075174634 
1.617571603339 
1.597940504407 
1.748199482711 
1.766254574984 
1.777696797851 
1.755008853175 
1.740757389479 
1.738435546735 
1.665294066787 
1.604662241132 
1.715630561546 
1.715821256817 
1.749465441154 
1.726827966597 
1.668303832751 
1.691888649433 
1.720641121473 
1.679385022426 
1.694783209039 
1.694398853829 
1.692067390327 
1.690451399298 
1.710383395641 
1.682593373106 
1.723825727883 
1.860823626681 
1.819662150938 
1.772713301672 
1.599758081207 
1.637766179346 
1.744065585073 
1.607095677204 
1.602910828444 
1.658066487359 
1.671432476682 
1.699929534934 
1.680555926345 
1.649314121949 
1.652211831756 
1.607515742157 
1.613333571821 
1.676035304036 
1.713143611276 
1.800015331770 
1.839842602865 
1.883283016092 
1.909803839491 
1.805231723528 
1.804881427222 
1.798552980071 
1.718936396662 
1.738434072178 
1.686880663365 
1.680675704936 
1.680184239109 
1.702839156404 
1.740517548544 
1.756851092442 
1.847899663942 
1.902282194079 
1.792217674905 
1.827475785576 
1.840434332929 
1.901858001101 
1.869196083220 
1.883984006101 
1.889398412266 
1.907545364501 
1.632784350505 
1.613124596543 
1.595638716697 
1.566658962142 
1.688237422845 
1.601896297599 
1.634611457611 
1.623164197461 
1.605852276977 
1.678367488993 
1.575721398259 
1.593562798447 
1.704985136676 
1.637730457617 
1.600904607912 
1.630142853242 
1.587704375190 
1.535197626558 
1.541555630855 
1.530992544971 
1.584298933776 
1.628301147231 
1.700348870901 
1.700348870901 
1.718966987491 
1.759557693454 
1.722451617180 
1.717541490889 
1.757076300175 
1.761453075618 
1.795588295311 
1.962882760781 
1.953960713218 
1.948361328391 
1.968013449491 
1.957442510042 
2.099303269799 
2.182623883293 
2.279943018827 
2.254803192620 
2.106709780807 
2.247885181688 
2.142503776152 
2.184539487251 
2.269169442728 
2.249640982871 
2.158756907705 
2.184771048754 
2.087979716854 
2.107909920339 
2.043913202540 
2.145433886326 
1.935217913259 
1.924102666397 
1.958951473418 
1.854438801015 
1.781908940859 
1.744528373420 
1.840072921713 
1.854042492420 
1.909219542730 
1.873697185611 
1.778952881755 
1.684998219780 
1.767465245852 
1.794687645410 
1.837159493309 
1.797622750501 
1.779981165389 
1.816578048441 
1.848148031092 
1.819830451773 
1.802689570163 
1.810997730853 
1.843850650459 
1.885810715332 
1.905673372951 
1.894444266492 
1.888525559257 
1.883929059233 
1.835241295386 
1.848914182575 
1.697693910756 
1.660928140210 
1.791644989376 
1.677566172388 
1.674876137671 
1.823033358122 
1.844052361129 
1.890507733541 
1.909573397163 
1.943367015345 
1.885455283620 
1.902614252579 
1.813427007713 
1.775207134065 
1.727479159165 
1.707107656695 
1.736351002364 
1.710020428510 
1.693361921884 
1.577860829463 
1.544228353503 
1.588420433311 
1.538894871456 
1.534582255940 
1.518316028683 
1.606706608895 
1.606706608895 
1.374367621674 
1.452828145546 
1.475880510874 
1.497277418115 
1.461893869639 
1.386259822784 
1.403903549037 
1.512945359912 
1.472202511314 
1.516099472155 
1.551988406030 
1.570206574958 
1.564298670663 
1.586638149824 
1.575722164792 
1.613755062578 
1.618400973958 
1.596145294244 
1.594776109796 
1.527855443549 
1.577076111406 
1.683360947475 
1.620203259605 
1.634204168784 
1.670784234533 
1.665814553623 
1.639442531246 
1.657127356098 
1.667643697233 
1.666629570449 
1.659965052905 
1.673115722669 
1.616830321915 
1.600520248704 
1.600520248704 
1.557073417083 
1.590031224540 
1.589667715985 
1.609872522161 
1.592463445882 
1.509338759410 
1.528989661454 
1.501521976571 
1.558517303012 
1.555934638048 
1.591028485543 
1.579407724695 
1.566081069553 
1.556708100229 
1.518658080094 
1.584283210123 
1.439632503251 
1.473609133057 
1.487150027871 
1.501053757755 
1.545037349014 
1.555266448977 
1.549773867027 
1.576649336771 
1.556003265543 
1.561565163797 
1.714058228662 
1.753001930357 
1.736477404383 
1.783657404878 
1.767935818267 
1.773051488701 
1.793295181909 
1.900687653253 
1.955979241042 
2.178695816275 
2.193878399490 
2.217902532211 
2.018184920088 
2.023968005047 
2.064465829763 
2.002806557949 
1.980475173813 
1.966405273098 
1.443058125444 
1.572823615426 
1.490410596855 
1.549759439655 
1.575187557531 
1.492837150132 
1.549770833554 
1.597843828228 
1.583376040054 
1.635655159866 
1.576024911273 
1.617038552629 
1.605878006422 
1.607871671934 
1.612065300365 
1.561772250745 
1.561011813044 
1.586604620443 
1.558620510345 
1.565506231496 
1.570913014599 
1.586372879937 
1.598719022581 
1.551757788599 
1.503608790361 
1.585482712345 
1.625581153618 
1.605804700513 
1.598856641450 
1.593466307285 
1.486389891385 
1.535342616519 
1.549494517754 
1.556080614616 
1.499936358034 
1.587717430647 
1.737542073686 
1.683775939766 
1.776531724989 
1.789635049290 
1.689941040320 
1.717523001837 
1.778621270938 
1.796775164178 
1.697076973225 
1.672417708820 
1.677182590616 
1.660873194069 
1.591445981889 
1.591445981889 
1.591445981889 
1.591445981889 
1.591445981889 
1.575554243425 
1.644253719730 
1.679059987458 
1.672655885076 
1.684694740395 
1.748194383375 
1.760467630294 
1.738587913727 
1.669206117567 
1.702576918502 
1.613304872760 
1.598745160067 
1.577276394166 
1.551999294949 
1.611393055931 
1.695397841455 
1.760769063444 
1.741251249708 
1.752333484762 
1.789623989815 
1.833582110730 
1.776776930176 
1.755867004992 
1.573612652379 
1.760250010935 
1.787266320415 
1.756560502790 
1.815204686986 
1.815165756431 
1.776904886106 
1.783677100721 
1.770748402936 
1.738824077141 
1.706958337496 
1.744796104613 
1.645356173689 
1.718012825228 
1.844091263094 
1.752072296662 
1.744759638275 
1.789967614883 
1.686985488387 
1.609019758178 
1.617655093590 
1.547043705365 
1.477877928588 
1.440263257947 
1.380089130846 
1.537544617939 
1.450234454798 
1.483318869113 
1.508786774161 
1.476047511636 
1.504916731009 
1.506358574176 
1.602170451730 
1.671212283479 
1.698923782837 
1.605969896862 
1.619011560730 
1.618618892182 
1.670276647268 
1.731569012604 
1.702192326222 
1.725036029593 
1.694395170208 
1.727177799717 
1.728638329948 
1.726889391064 
1.590594552592 
1.656811283319 
1.485740467967 
1.523226905233 
1.638763714406 
1.636527391199 
1.635065403488 
1.597458887582 
1.609161931278 
1.613766520016 
1.549311781467 
1.563640129700 
1.459790602357 
1.545595561116 
1.514227257013 
1.566893486636 
1.696255691592 
1.565522365614 
1.544602669325 
1.561707208650 
1.559027662630 
1.563687777735 
1.573926724338 
1.450015275916 
1.456475764894 
1.288592688648 
1.390790947931 
1.340115186979 
1.146301215122 
1.293655882356 
1.293655882356 
1.293597656913 
1.489378227468 
1.390321536979 
1.414658468005 
1.498965153795 
1.512886646987 
1.512886646987 
1.526151216722 
1.522646394131 
1.428748936405 
1.426594643667 
1.497770208272 
1.419975025274 
1.486264970305 
1.470770603838 
1.226161806046 
1.384035960183 
1.386809845540 
1.408955672465 
1.384995868391 
1.438494865475 
1.442922032619 
1.500053501283 
1.361605864748 
1.385919948538 
1.376790817862 
1.375358773488 
1.452705765691 
1.442251382102 
1.449787140359 
1.448119895031 
1.451744553779 
1.459090660250 
1.594417855871 
1.529097497676 
1.546428972855 
1.496686818701 
1.499270375609 
1.489573357107 
1.386282554871 
1.404663057792 
1.466117984454 
1.458579881175 
1.432070275522 
1.421388295259 
1.477008549942 
1.411217821320 
1.273243546853 
1.432209548135 
1.219949206711 
1.308818463323 
1.228880767258 
1.384692217298 
1.517647285821 
1.414687236429 
1.392416339471 
1.286655258514 
1.352320333386 
1.435402035429 
1.412214621273 
1.516467196494 
1.516467196494 
1.626773823528 
1.676916376581 
1.696306319471 
1.657989356135 
1.681362595811 
1.531514606458 
1.463774635240 
1.472723818154 
1.534809127894 
1.359314217694 
1.486607597834 
1.507744407547 
1.497869020497 
1.438826768462 
1.506660774733 
1.535093631889 
1.582347369842 
1.662733158932 
1.519544689436 
1.563197218567 
1.568075532309 
1.594940486064 
1.642356246565 
1.515040416505 
1.480599076173 
1.433264397971 
1.428712417340 
1.400767643024 
1.485807085770 
1.585544001341 
1.574339814835 
1.576430431759 
1.581193785814 
1.581866787746 
1.580218347066 
1.576575328317 
1.617812908058 
1.616035825942 
1.619277130867 
1.621537514896 
1.637890672537 
1.619259849211 
1.630852504070 
1.581422593857 
1.574726109365 
1.556446016197 
1.590340053990 
1.561401964006 
1.529133836278 
1.519906221086 
1.481887071926 
1.534232056669 
1.519687480049 
1.514156996526 
1.490274719582 
1.517072942642 
1.448520134195 
1.607445167706 
1.540570552146 
1.583654905749 
1.613226617053 
1.529579977149 
1.305119032265 
1.307493037093 
1.361165379743 
1.545199697462 
1.540494682423 
1.837650063586 
1.908606985856 
1.826082025533 
1.829867227312 
1.793767349740 
1.757950724659 
1.776630422684 
1.653484576754 
1.777464612546 
1.587948152206 
1.572199987705 
1.594916900040 
1.581648419585 
1.470892707245 
1.453070509851 
1.489305767951 
1.540014475290 
1.431902604035 
1.441497995742 
1.433613106492 
1.380849907850 
1.449695703015 
1.478851649437 
1.509562208592 
1.500464783185 
1.483821105239 
1.462977349878 
1.386117119818 
1.426552466639 
1.369501508517 
1.403568621805 
1.469583773261 
1.582938814886 
1.569412780099 
1.649285241261 
1.679936562642 
1.661646916638 
1.642957912338 
1.607359294277 
1.614102349036 
1.587200102736 
1.646152470080 
1.460708855945 
1.539533484235 
1.569751283753 
1.656109562615 
1.649448124358 
1.646551524641 
1.675127880864 
1.781072446001 
1.781637832760 
1.679389374666 
1.666534242175 
1.706149180794 
1.709918500374 
1.733136550458 
1.749602883819 
1.748178477652 
1.830127430169 
1.833830285543 
1.743653611411 
1.744476692004 
1.767406249741 
1.762426586970 
1.790433262209 
1.780883018254 
1.772816638658 
1.794801189577 
1.808930960856 
1.777379644524 
1.754388798439 
1.808364035578 
1.877289772880 
1.738429452856 
1.853121047901 
2.022195438675 
2.059601301443 
2.121744062225 
2.005758074411 
1.967963061613 
1.963755031066 
2.033070633976 
1.958738968662 
1.963195003863 
1.932954103505 
1.948806034297 
1.886622196899 
1.882390986879 
1.852407205273 
1.850118456841 
1.884267941523 
1.976697480997 
1.976697480997 
1.976697480997 
1.726569807230 
1.713894395433 
1.772857148028 
1.729620069370 
1.722389550199 
1.884211712426 
1.873376493518 
1.832371556422 
1.685622318133 
1.619709439789 
1.512800153993 
1.595751743311 
1.752945236589 
1.775875749309 
1.868999766532 
1.833826092272 
1.826048837828 
1.811371733603 
1.782694194366 
1.782694194366 
1.695273659240 
1.680550227160 
1.726552888571 
1.595242046460 
1.561076875641 
1.622060626431 
1.565082760954 
1.618137246364 
1.555326977177 
1.546390038673 
1.566461785159 
1.359352851353 
1.324054430080 
1.412638841291 
1.414454048797 
1.382925132166 
1.430208828700 
1.392828487665 
1.376938085903 
1.397709204549 
1.451692891141 
1.489587075944 
1.481623683065 
1.457938250961 
1.429169620234 
1.446915755109 
1.432400951566 
1.453556459899 
1.451090596477 
1.466194617003 
1.529606762333 
1.434592026704 
1.415487545969 
1.448637109484 
1.452577447936 
1.426489830524 
1.423086711611 
1.439364491261 
1.434932544876 
1.434932544876 
1.434932544876 
1.463589751520 
1.411332549224 
1.396030122016 
1.469422024669 
1.488838179106 
1.461365593921 
1.483252040740 
1.541658962225 
1.534771652347 
1.534771652347 
1.532689885076 
1.524354822138 
1.523911368764 
1.523911368764 
1.565485812762 
1.489069225053 
1.508117293449 
1.508117293449 
1.520377301805 
1.522535242266 
1.499811879815 
1.421114474598 
1.421114474598 
1.392581369134 
1.450076716204 
1.455132175121 
1.496291458092 
1.378249363755 
1.542931406364 
1.436754537677 
1.451586061077 
1.510728717780 
1.525560201570 
1.573014787016 
1.387347777467 
1.413071497848 
1.413071497848 
1.506342739225 
1.526271934232 
1.625634653486 
1.485644771755 
1.436072016926 
1.395327864753 
1.405616056640 
1.435976760056 
1.364411779769 
1.315859797986 
1.360278300005 
1.564584774315 
1.584408138099 
1.774599066008 
1.788047488324 
1.842311055794 
2.047779177927 
2.044939187043 
2.010577883611 
1.937186177179 
1.903492054987 
1.959755994488 
1.867070018964 
1.849223766318 
1.914330756013 
1.857072116671 
1.815587891751 
1.922921762775 
1.921956244144 
1.934319342808 
1.871600213720 
1.884812810602 
1.877789736373 
1.892361625164 
1.899740633180 
1.923575009500 
1.907918443654 
1.908184801990 
1.981876046580 
1.891919494059 
1.802408057005 
1.786504904612 
1.700762598316 
1.842110836242 
1.842498760953 
2.026620972124 
1.931029935868 
1.733789455871 
1.767976921920 
1.905918929074 
1.939285662034 
1.957994386866 
1.788561202620 
1.861061716930 
1.823143221634 
1.755474765934 
1.813569160258 
1.837268463908 
1.967690884214 
1.972397133990 
2.026055967738 
2.050239470571 
2.030448547498 
2.020005819179 
1.852958782389 
1.852368153030 
1.818382923821 
1.812320392855 
1.850658899070 
1.833567969433 
1.800799616392 
1.990366926781 
1.927766012642 
2.036104153128 
2.000418229400 
2.165008678888 
1.913047196394 
2.037960527012 
2.032714458882 
2.085201290469 
1.962542622991 
1.966051814488 
2.013876576631 
1.991382366615 
2.060201068139 
2.067233906775 
1.989452188145 
1.958315690127 
1.828628043311 
1.799625525658 
1.801084902399 
1.831048198123 
1.769033076092 
1.821468336519 
1.801274944665 
1.822870646972 
1.784735613902 
1.806226488483 
1.823653355183 
1.779927627088 
1.772255623752 
1.770386713988 
1.771433735376 
1.830899937964 
1.804385115836 
1.789343924158 
1.810667017268 
1.818961447122 
1.891179388029 
1.919832044684 
1.881435014290 
1.914112760731 
1.751939464566 
1.803739537301 
1.791897793085 
1.767562465548 
1.752323771740 
1.804950293110 
1.798813797388 
1.779530229188 
1.781535996690 
1.572912821957 
1.551956902909 
1.624923414192 
1.618164356028 
1.530860511639 
1.660891037308 
1.581040441420 
1.704699035696 
1.654174830936 
1.672593145716 
1.619142708943 
1.664385910609 
1.700640507163 
1.758745382375 
1.677446954437 
1.654641439159 
1.568525773347 
1.550969212110 
1.534727469331 
1.576427351932 
1.538767068178 
1.634614213446 
1.598629859759 
1.476324600347 
1.527136837035 
1.494552412659 
1.506537118562 
1.506537118562 
1.521301638045 
1.465950010260 
1.417492841476 
1.525506370245 
1.544908772785 
1.549495097682 
1.616857047898 
1.581069519103 
1.591225562212 
1.583237461731 
1.602704505995 
1.623335025362 
1.606455079316 
1.602595173088 
1.625454169656 
1.654560283619 
1.742411352453 
1.742411352453 
1.745838625097 
1.704987049913 
1.792223850517 
1.794420365108 
1.752221157431 
1.871449343597 
1.852565793959 
1.848185564240 
1.857505931342 
1.885658482621 
1.794127066162 
1.788729571223 
1.809037904137 
1.810027037268 
1.799089421628 
1.899115127307 
2.092122053840 
1.898484350224 
1.960064807355 
1.988144237069 
1.836604018105 
1.994839380446 
1.977356579994 
2.184185315688 
2.127197058437 
2.135876548481 
2.091449439622 
2.119288622351 
2.065179229417 
2.080116137019 
2.122991401805 
2.123937176398 
2.130653023055 
2.133295031252 
2.081409672219 
2.081409672219 
2.066192320823 
2.133067376960 
2.144460845866 
2.174208209254 
2.204492023496 
2.369508311129 
2.372805652845 
2.284857180285 
2.295662201814 
2.242381209686 
2.264259321641 
2.281160309763 
2.220035155361 
2.185879266234 
2.131098349410 
2.205837756939 
2.151452479088 
2.158468207447 
2.109975501300 
1.947555858000 
1.878422326678 
1.911682931320 
2.074664163661 
2.086760602226 
2.188746414564 
2.166378779608 
2.061681469604 
2.244044888264 
2.122735225603 
2.110753194073 
2.056745923666 
2.176500519142 
2.335065809206 
2.125074958089 
2.243593842195 
2.280235743489 
2.274928105274 
2.219903134060 
2.216147573961 
2.208497269124 
2.194739737079 
2.194739737079 
2.149766456022 
2.155106299829 
2.207899881637 
2.063724817705 
2.076972435205 
2.050307197878 
2.019984489386 
1.978514028175 
1.960153497117 
2.006490349582 
1.643863153746 
1.724723839919 
1.722675043130 
1.765499019901 
1.687854726621 
1.862295554686 
1.725181686710 
1.745968451852 
1.748195403803 
1.764839480281 
1.719893615612 
1.739785785314 
1.667485826158 
1.673525427449 
1.662481866905 
1.552578508121 
1.607950535671 
1.616274165048 
1.612390901385 
1.629766975393 
1.695533444159 
1.631850355042 
1.670129900339 
1.780149314458 
1.891013501456 
1.701414987310 
1.603465041047 
1.625257507947 
1.644517332532 
1.634011211147 
1.635261867586 
1.590023958390 
1.572077681658 
1.540644079538 
1.553478720521 
1.395517599105 
1.395325527244 
1.433872903412 
1.370724127824 
1.438899119591 
1.466737145753 
1.653595916635 
1.662622819117 
1.678767073343 
1.724433063126 
1.715903962178 
1.683417129423 
1.681113795483 
1.683810783551 
1.817309748322 
1.829067101409 
1.768130344059 
1.735770993628 
1.776963969249 
1.793734201930 
1.795532498478 
1.817298931017 
1.745193899779 
1.709630711335 
1.712733847301 
1.700846701791 
1.620878092993 
1.581321858371 
1.552589652746 
1.640195264743 
1.572229699943 
1.599180802475 
1.579536135718 
1.531414968733 
1.529785223864 
1.557373778620 
1.535302565266 
1.561203972351 
1.570762595945 
1.619587152736 
1.593996623314 
1.585551823921 
1.613682372216 
1.572706189666 
1.562368473489 
1.530517116592 
1.574104064544 
1.544466323232 
1.566074195973 
1.547171548776 
1.491769941148 
1.587023968121 
1.589051169733 
1.510661971790 
1.555485650662 
1.558423372391 
1.550740025957 
1.557686360066 
1.557686360066 
1.557686360066 
1.579245627549 
1.546027620901 
1.555163645502 
1.488462733200 
1.404475598113 
1.406408869824 
1.435093086543 
1.441582328709 
1.406369668749 
1.425468591931 
1.425745998307 
1.425745998307 
1.410587312427 
1.410587312427 
1.435962593279 
1.386984017175 
1.432452067385 
1.405135903656 
1.371908759234 
1.422745483638 
1.391960088264 
1.337818018468 
1.775418827208 
1.737093145387 
1.763021382508 
1.750861128688 
1.712358979526 
1.687784912621 
1.715294192391 
1.700092309936 
1.749024199688 
1.739763153178 
1.847343948426 
1.646330800289 
1.623841852795 
1.673343005356 
1.467843487708 
1.528170483335 
1.613055840472 
1.647683002481 
1.673648137177 
1.712735856412 
1.786688501022 
1.793178481750 
1.715490939203 
1.715490939203 
1.690105967014 
1.747907737129 
1.795573896414 
1.763137061920 
1.781697069074 
1.774877233188 
1.748631000312 
1.841736839493 
1.877941077150 
1.945238039373 
1.853150827457 
1.852086130415 
1.902193117377 
1.897662117134 
1.915647419330 
1.895911439690 
1.901614820446 
1.812405622611 
1.798727610488 
1.784538531236 
1.799331364121 
1.770575341508 
1.829088123275 
1.855653151078 
1.842022341498 
1.833058804067 
1.848319582275 
1.892917787003 
1.963042102103 
1.995036428584 
1.891354390795 
1.896254606340 
1.880577012983 
1.786370872060 
1.863931841333 
1.996073945527 
1.904517056157 
1.866408019027 
1.993259489830 
1.987140013093 
2.024482614071 
1.972130172964 
1.934726043471 
1.923158512209 
1.997338728669 
2.039497897338 
2.034259937635 
2.026663837724 
2.011716565652 
1.974882753959 
2.004982961977 
1.970045901442 
1.956707811576 
1.933525067935 
1.967084190764 
1.777205176789 
1.844559635310 
1.817510161305 
1.714667911416 
1.724651469287 
1.755910856224 
1.767402412637 
1.778923218800 
1.766098625786 
1.752377633043 
1.834975087484 
1.806125072352 
1.796863707833 
1.709822566153 
1.657413073349 
1.632184718464 
1.630629479747 
1.631637614750 
1.635223955166 
1.643195115157 
1.627778561700 
1.621802482811 
1.622021244021 
1.629534142340 
1.634047708972 
1.634047708972 
1.636034000452 
1.636034000452 
1.650370998134 
1.691922315873 
1.826537890162 
1.826537890162 
1.823066111524 
1.813879038197 
1.836018551210 
1.836018551210 
1.836018551210 
1.837393036124 
1.840279889465 
1.809166184927 
1.827815101246 
1.822053178970 
1.822053178970 
1.816383857624 
1.816383857624 
1.817715784193 
1.817715784193 
1.817715784193 
1.814772222572 
1.814772222572 
1.842459406798 
1.854810870250 
1.856329889334 
1.856329889334 
1.856854479104 
1.852289386121 
1.849356782294 
1.821670935503 
1.991113327477 
1.993699284739 
2.023835895025 
2.095363315104 
2.076287032746 
2.126308873046 
2.126308873046 
2.087194376885 
2.109764690129 
2.110441148832 
2.110441148832 
2.007296915206 
2.128818608274 
2.128818608274 
2.118955385478 
2.153684745896 
2.190585830063 
2.181883461141 
2.260348157269 
2.316716050641 
2.248430697530 
2.268827059627 
2.209729150390 
2.298104164097 
2.382033390233 
2.344882438189 
2.316123994002 
2.243628835036 
2.436093529238 
2.315162797808 
2.306485593226 
2.478155415801 
2.381098763889 
2.377364818828 
2.378264932240 
2.425468266710 
2.409262191479 
2.597904984715 
2.366306874604 
2.294831753016 
2.247388207214 
2.233650242962 
2.198746237304 
2.173359209365 
2.199667218187 
2.255077756202 
2.252763712433 
2.335533812218 
2.249408703121 
2.323653835694 
2.352906585162 
1.924093618188 
1.844930620535 
1.778248316371 
1.748703651451 
1.735343692222 
1.735343692222 
1.716096740145 
1.818832057483 
1.806913605100 
1.857374736903 
2.009494648948 
2.110639236694 
2.134202859533 
1.820316271691 
1.860745569417 
1.855026364204 
1.869272870595 
1.976345262389 
1.865302589639 
1.828308883487 
1.804688764866 
1.886543522793 
1.832335271921 
1.817378570553 
1.667325526240 
1.655479035072 
1.668888657719 
1.673490535030 
1.664282020753 
1.681409092938 
1.699302622036 
1.701545963502 
1.713722641634 
1.708334177675 
1.716555868939 
1.742695805434 
1.751018226438 
1.769544548396 
1.751834935230 
1.758009383544 
1.678539868285 
1.712913009527 
1.743766783840 
1.721206031672 
1.691639932243 
1.691320402944 
1.691320402944 
1.678065833347 
1.678065833347 
1.684856285672 
1.684856285672 
1.682144593360 
1.681274103263 
1.640381383554 
1.679232634469 
1.703901935212 
1.688919250776 
1.667780423060 
1.653170511218 
1.667237931576 
1.667237931576 
1.662898072519 
1.679344172674 
1.679366639934 
1.679366639934 
1.636267181446 
1.654623610906 
1.588058847383 
1.558440274322 
1.659506598973 
1.646406329643 
1.558687193093 
1.566594309266 
1.581969838985 
1.559116800017 
1.540741249554 
1.614606103126 
1.580149899541 
1.652097408979 
1.717323286932 
1.523131080911 
1.708118507817 
1.660649360132 
1.779767374127 
1.842606713071 
1.867136102190 
1.888708936062 
1.888708936062 
1.880466929507 
1.878049443315 
1.902992787005 
1.906332447614 
1.931065526293 
2.074656987179 
1.686982783702 
1.760250739789 
1.761749903814 
1.769456743204 
1.790533805388 
1.708530170270 
1.611453929199 
1.643548145004 
1.675472007929 
1.788847942886 
1.841649845769 
1.852957117837 
1.729091875504 
1.763737764016 
1.783555206639 
1.763966686169 
1.730322589577 
1.750549863374 
1.552243931453 
1.648187941658 
1.504446000237 
1.500001714356 
1.625019806590 
1.647922721748 
1.740023103549 
1.758930678717 
1.870939122032 
1.813146990185 
2.007110361293 
1.896323043026 
1.792054819168 
1.777215531269 
1.750970648909 
1.744930955877 
1.759144215871 
1.744312978257 
1.750437533501 
1.730142573927 
1.702284554497 
1.738196809674 
1.728258376671 
1.727454812083 
1.729616588774 
1.754028682482 
1.750130445246 
1.720748299476 
1.614685398847 
1.643087240491 
1.632619405432 
1.630365166081 
1.672170980280 
1.739541842433 
1.744078676354 
1.730139423748 
1.660579130369 
1.511201488563 
1.501591390193 
1.554851251574 
1.436161766731 
1.442643319696 
1.473817652204 
1.507569223884 
1.489007551657 
1.559115848410 
1.454298333260 
1.480375290710 
1.474887842460 
1.568250948903 
1.552998813808 
1.552998813808 
1.579650454708 
1.623451888100 
1.678839645797 
1.648311141978 
1.760117242699 
1.798588716614 
1.733769791185 
1.778219685167 
1.778219685167 
1.855219372459 
1.831319965419 
1.862532536178 
1.758957895879 
1.759389744527 
1.654159370939 
1.696319583223 
1.686228911050 
1.662824501282 
1.666240871699 
1.688492777718 
1.698760468009 
1.675299101026 
1.663684352658 
1.753080193571 
2.091072651446 
2.121634400654 
2.121634400654 
2.121634400654 
2.137511981059 
2.137511981059 
2.168582008253 
2.148925740690 
2.204949611202 
2.096384170742 
2.155075311458 
2.150538419386 
2.181251956066 
2.193630722902 
2.164285396745 
2.157328737664 
2.230954404202 
2.176174418368 
2.326280829599 
2.326939810579 
2.050011639025 
2.054798646471 
1.970153068689 
1.915294808124 
1.883120685648 
1.841129252095 
1.834725209916 
1.887334124102 
1.972608259905 
1.987769143736 
1.811763629871 
1.839114101086 
1.842622473861 
1.850678804058 
1.933496688587 
1.934006745737 
1.943410245816 
2.000999366869 
2.088998963707 
1.927160844054 
2.044477966204 
2.128427422620 
2.066194146322 
2.094752377239 
2.118301530735 
2.171443407886 
2.062151601940 
1.945966661760 
1.895383026133 
1.893294302169 
1.765168097727 
1.778892396548 
1.853656757016 
1.878728179365 
2.002382358810 
2.023450484604 
2.003449613476 
2.030786188921 
1.992906296628 
2.013371170530 
2.013817380794 
1.955974943253 
2.005365617644 
1.854922247517 
1.864144013605 
1.856202754370 
1.856202754370 
1.849005342067 
1.834322099273 
1.952531097926 
2.025861472752 
1.989708414149 
2.019020003625 
2.003444558882 
1.973562654436 
1.828794562084 
1.812260810847 
1.873186150983 
1.857372372819 
1.849872832733 
1.831302275964 
1.751949495834 
1.687200187144 
1.683239030777 
1.634645425380 
1.634645425380 
1.755773443026 
1.764048748655 
1.785919999086 
1.782129982832 
1.782129982832 
1.827147657134 
1.882516417352 
1.887482141139 
1.977065065510 
1.992006922464 
2.062321349966 
2.005445320821 
2.014766073234 
2.075729051045 
2.080572925349 
1.956531307019 
2.181552024306 
2.030308648938 
1.988608721293 
2.058381652172 
2.066028424748 
2.256241547546 
2.239385412667 
2.312003482939 
2.315173479395 
2.475941192860 
2.437672629725 
2.423143336656 
2.340787244161 
2.181681407078 
2.136400521174 
2.179312765505 
2.123747867278 
2.189817069423 
2.113572789543 
2.094849031016 
2.044856545360 
2.029509137841 
2.057491520950 
2.057486894241 
2.006639716235 
1.941960956469 
1.933507123805 
2.011196935333 
1.883476978009 
1.896939858854 
1.691494739488 
1.693856321980 
1.689612767130 
1.679940543037 
1.641432322869 
1.551883154098 
1.655379727623 
1.587784106887 
1.640295730311 
1.632598763645 
1.651980192384 
1.695069690616 
1.693341304876 
1.749933663791 
1.795101909617 
1.796554192035 
1.795939516892 
1.825811705310 
1.853248487193 
1.799573370035 
1.814003330273 
1.766153094149 
1.702222365522 
1.767515391646 
1.804202156005 
1.809172282537 
1.806487321275 
1.830413909531 
1.809090004114 
1.744820808851 
1.708172882945 
1.732779341436 
1.713621483076 
1.750838460620 
1.699132828125 
1.633973404302 
1.529603848350 
1.547541213791 
1.453987295862 
1.456378566747 
1.437758963267 
1.435244693489 
1.454120706034 
1.454635306878 
1.475064388273 
1.502245717083 
1.462271241190 
1.598618749275 
1.516174937304 
1.508228539117 
1.507601011195 
1.538126948424 
1.574401870051 
1.664304025582 
1.694343213674 
1.694422533141 
1.930518209832 
1.965749160165 
1.952372919756 
1.952372919756 
2.009182680035 
1.910769036847 
1.934346035501 
2.053255545320 
2.066573198111 
2.184874442748 
2.155384856148 
2.133356051747 
2.119056947695 
2.049969952406 
2.109767305973 
2.092806819365 
2.040865292377 
2.079683399874 
2.153335303671 
2.056063040512 
2.008850271735 
2.122512140651 
1.964943238607 
1.871658234486 
1.855441002351 
1.943299745526 
1.979235735918 
1.915904723412 
1.915904723412 
1.928081925767 
1.890865879610 
1.908364530646 
1.891371550740 
1.813465605832 
1.835713754469 
1.804268674355 
1.782908375475 
1.757824078573 
1.845986983286 
1.812236831450 
1.811905583770 
1.841336924425 
1.833236173309 
1.771512375790 
1.769199926874 
1.786475615039 
1.788638004011 
1.788638004011 
1.766670672992 
1.750228565417 
1.717751525285 
1.764319411929 
1.766959986964 
1.772295810555 
1.806487853268 
1.802203721783 
1.683938259719 
1.667117962579 
1.735390660198 
1.715648657254 
1.703973327301 
1.646390239751 
1.620427163378 
1.585204499741 
1.596277908494 
1.760705186480 
1.756264093229 
1.766133280753 
1.771939690686 
1.801278567010 
1.780904434178 
1.788750394452 
1.731831872811 
1.738027367706 
1.733443833890 
1.745152422182 
1.771530022738 
1.689775632712 
1.734533507981 
1.708603154299 
1.789723129881 
1.683453117073 
1.686813464461 
1.580633691832 
1.495736047194 
1.379490741242 
1.379490741242 
1.364426349437 
1.631352815959 
1.728007527498 
1.764949222355 
1.880550924992 
1.869677400693 
1.868379069303 
1.670467762180 
1.677646639424 
1.652746842855 
1.471232018504 
1.514699830007 
1.610194468744 
1.505157536044 
1.510222287366 
1.504634459886 
1.630224249809 
1.520903012128 
1.482986501968 
1.426288645070 
1.434140520324 
1.574496306619 
1.431852291301 
1.454440286081 
1.519707191751 
1.629175585951 
1.635963719642 
1.766380547533 
1.774982609046 
1.809587172154 
1.817812556322 
1.848449255967 
1.748739727004 
1.775968844017 
1.718616645523 
1.715727818581 
1.687141660435 
1.761690250828 
1.766049357238 
1.632750763017 
1.712524476100 
1.712247083708 
1.708925582696 
1.632285622344 
1.679971631618 
1.692893529115 
1.678197227573 
1.708586464617 
1.684003090615 
1.715808472792 
1.693104895815 
1.694004643832 
1.702512562605 
1.737353568387 
1.717482031029 
1.685369718772 
1.727410638186 
1.867179165808 
1.815448522286 
1.780468154433 
1.803897965891 
1.802200005700 
2.135755514502 
2.095232683400 
1.981633650812 
1.797036842074 
1.806175257024 
1.846179994574 
1.869343404130 
1.816679592750 
1.792924119327 
1.815746377447 
1.876934471973 
1.864901782672 
1.900423446139 
1.900973680071 
1.882368148939 
1.857577024688 
1.841489448177 
1.861651961274 
1.877618806803 
1.988952246515 
2.124720149365 
2.168390128028 
2.227327536855 
2.010741511209 
2.002689140716 
1.969980232496 
2.012493959382 
2.025812369689 
2.149575906603 
2.036141980136 
2.107099607110 
2.126001152815 
2.026476967659 
2.120395904312 
2.084297354838 
1.990813018030 
2.070238964510 
2.052260858229 
2.254523592249 
1.643232467310 
1.613639762360 
1.589105192265 
1.615820063801 
1.628807280463 
1.579498281325 
1.618572990028 
1.567270223842 
1.602063756292 
1.653179930238 
1.624774602035 
1.596857082293 
1.603561097916 
1.667111767415 
1.691139902901 
1.657687566400 
1.684437036147 
1.655945130135 
1.688809622889 
1.678317777254 
1.669431391897 
1.665560386855 
1.669916933913 
1.670766981359 
1.742863212174 
1.712263447259 
1.712263447259 
1.801892218530 
1.803421318482 
1.859278908283 
1.866151670339 
1.851634962624 
1.839997813479 
1.828526752589 
1.841840824581 
1.935146334088 
1.937987120146 
2.001733394165 
2.001418006973 
1.926775982895 
1.880936691179 
1.848150292591 
1.731596542437 
1.718683545864 
1.805546625784 
1.842537252807 
1.858533262515 
1.881087307423 
1.853567581827 
1.831891489632 
1.859302639064 
1.826502763634 
1.826502763634 
1.835250806149 
1.828891767976 
1.820845084741 
1.830113777929 
1.829740877128 
1.852801682040 
1.884731376317 
1.867816733849 
1.858802842766 
1.874658783806 
1.911814437894 
1.902109051519 
1.897892916327 
1.874248149379 
1.874248149379 
1.882565122440 
1.804875373830 
1.799309533433 
1.756395052986 
1.782533428737 
1.820772815892 
1.776464012621 
1.773216715799 
1.735841323816 
1.732206501300 
1.732271502437 
1.579552040706 
1.557256531936 
1.582490924293 
1.473709538807 
1.575313783571 
1.496884763424 
1.469434190923 
1.497392761683 
1.483376772658 
1.454438109684 
1.451700166603 
1.442319649106 
1.468210151389 
1.511065396702 
1.432642346334 
1.852985242736 
1.869501090238 
1.794315804036 
1.779236919956 
1.721371959288 
1.727011550164 
1.755128599028 
1.630430830829 
1.599324874639 
1.693557895489 
1.755090608813 
1.778275744040 
1.892397888452 
1.799444326086 
1.800310114217 
1.810240885798 
1.745469698643 
1.712327069834 
1.709693353805 
1.684196377234 
1.679514434300 
1.771053915914 
1.801714081364 
1.765314499046 
1.695729176938 
1.705666093927 
1.690321801615 
1.721305487536 
1.742110133037 
1.707224174206 
1.660591082897 
1.663581289472 
1.663581289472 
1.756688190908 
1.810061391479 
1.810614285420 
1.861503286108 
1.846989392147 
1.708893075084 
1.738168110850 
1.752303992593 
1.749975773417 
1.943286991760 
2.184455190396 
2.259889395273 
2.232851281821 
2.185405637231 
2.011390307801 
1.937818114465 
1.940555352932 
1.907136679036 
1.936410897785 
1.765108219990 
1.755696248843 
1.754269448162 
1.748104177391 
1.742822515787 
1.745724315489 
1.636421992597 
1.752504781314 
1.765302170775 
1.656225704311 
1.648450927221 
1.729239119623 
1.772601823558 
1.731087952753 
1.724932618679 
1.758277111755 
1.782418852996 
1.749383406438 
1.743718575192 
1.706894789168 
1.706346450378 
1.722720085489 
1.711389044369 
1.684528943481 
1.676191309173 
1.676191309173 
1.505522089037 
1.525623246585 
1.567209697368 
1.566001634476 
1.651066966580 
1.619261115520 
1.617712787637 
1.689379502908 
1.610632796690 
1.724321549379 
1.740467162836 
1.796223534921 
1.690933769221 
1.689151045452 
1.704318490280 
1.690269856585 
1.744266731585 
1.715021547260 
1.715021547260 
1.758252985973 
1.937274825290 
1.947207281497 
1.949558528099 
1.961965515832 
1.963004538369 
1.976970306477 
1.852034427440 
1.831082568416 
1.814033136983 
1.814772477174 
1.791275531572 
1.795448740990 
1.650584003334 
1.741596779716 
1.802942841020 
1.823601549510 
1.829464251957 
1.797691945242 
1.751086408932 
1.641150955615 
1.638632095531 
1.504018425290 
1.482408380919 
1.460645170677 
1.526908595379 
1.612428944746 
1.632071673099 
1.632071673099 
1.584314868670 
1.632095377537 
1.668701575286 
1.673353050386 
1.667878203621 
1.655881199650 
1.655881199650 
1.660427188687 
1.659398242711 
1.672810188374 
1.725957148139 
1.731303730680 
1.727752915689 
1.708764449176 
1.720169322974 
1.716967872820 
1.702143192031 
1.659843244660 
1.750404026257 
1.638558338606 
1.634868584263 
1.707929019081 
1.704227231519 
1.743219426871 
1.850494054974 
2.020470607914 
2.041885926282 
2.024607768115 
1.800395597028 
1.787349330028 
1.805192263409 
1.746434008934 
1.822857723535 
1.918685355948 
1.921509227646 
1.971567353151 
1.841374037967 
1.858600072836 
1.875167931568 
1.884964834476 
1.887638963827 
1.895445833101 
1.802822121028 
1.795984113755 
1.754852917895 
1.698281113653 
1.695146461774 
1.658944402188 
1.636171081574 
1.645317387563 
1.586068310143 
1.572878704303 
1.606331268383 
1.602062220575 
1.549384729376 
1.570746121594 
1.573783069441 
1.660468738556 
1.667796135216 
1.614165254338 
1.604263152666 
1.602510753327 
1.972881125555 
2.047213379893 
1.978930937165 
1.970575058264 
2.054643436014 
2.025215492496 
2.002269510469 
1.978017884090 
1.985492784420 
1.995801231732 
1.967970925172 
1.967970925172 
1.939933101448 
1.802969630886 
1.802969630886 
1.834374459978 
1.956946807463 
2.145167419085 
2.202765079900 
2.233342666044 
2.098573899602 
2.090065828278 
2.181704338262 
2.093085850619 
2.157794988193 
2.090720614505 
2.348970875527 
2.250208115020 
2.410832168268 
2.351891691641 
2.229961715261 
2.380668713205 
2.233440209794 
2.144230402172 
2.101365794119 
2.065248103474 
2.070503088390 
1.922876633609 
1.881549024604 
1.844530632627 
1.839536586024 
1.844897446697 
1.877388237716 
1.925262574356 
1.911100246747 
1.755039536270 
1.752056620441 
1.705825615043 
1.698802022143 
1.716719029933 
1.649133878340 
1.572538112670 
1.643768476013 
1.770845336023 
1.763379203960 
1.711784097887 
1.738239241320 
1.680056345623 
1.746788951412 
1.644667185007 
1.725745635026 
1.752170352750 
1.754443974970 
1.735103066013 
1.732616988784 
1.862995104735 
1.897345346077 
1.952896313103 
1.950882413787 
1.943725416452 
2.012272013361 
1.951768114610 
2.011631032852 
1.835849011186 
1.842783663596 
1.832996725647 
1.827200103718 
1.827200103718 
1.822373120527 
1.818325029416 
1.809175140783 
1.810359724956 
1.795337986461 
1.810300786151 
1.822362563035 
1.910676092633 
1.950354743689 
1.950354743689 
1.918332577231 
1.881890671695 
1.869657990133 
1.811246648752 
1.829834390632 
1.766819770956 
1.894594514559 
1.973452402574 
1.888117716382 
1.890597451625 
1.896622951744 
1.896622951744 
2.046013616391 
1.922931234387 
1.821307676993 
1.888708545014 
1.864745891622 
1.893775903149 
1.899167142142 
1.784350771910 
1.830102167485 
1.845887299431 
1.907662464780 
1.976554837194 
2.045469545818 
1.920681952062 
2.105538462982 
2.174154052114 
2.148923557598 
2.100655814150 
2.027064731973 
2.019908481015 
2.072650788115 
2.064946130851 
2.083351407957 
1.971110114676 
1.818017036653 
1.877165527361 
1.792830854217 
1.792830854217 
1.813971273527 
1.859545339236 
1.884619686793 
1.875525975519 
1.899907990855 
1.919038451297 
1.934513209378 
2.004689727170 
1.982432795783 
1.982838712143 
1.972209226487 
1.939719725490 
2.062871577959 
2.015360259327 
2.024704877266 
1.955555544866 
1.935076047992 
1.921141491295 
1.907935576507 
1.899131707421 
2.074680195118 
2.076172167437 
2.172873155347 
2.054787248359 
1.931896258403 
2.129977361330 
2.066950153310 
2.039112967932 
2.100488883815 
2.098656811034 
2.115563999672 
1.952178281119 
2.007414757691 
1.888366939032 
1.967717871119 
1.993768539686 
2.134059971078 
2.154642371608 
2.212764922271 
2.163583744722 
2.150997111701 
2.194016394006 
1.991674085503 
1.927677814087 
1.901740757913 
1.938002554589 
1.853930254426 
1.812391455449 
1.811036780929 
1.651900045849 
1.651701870953 
1.666245944616 
1.566006325244 
1.566303129307 
1.635842316635 
1.525682401247 
1.648310936122 
1.663286331728 
1.652516500988 
1.645040072378 
1.839595163506 
1.837306446035 
1.857748252403 
1.826370979547 
1.837382555826 
1.757147378687 
1.602347676485 
1.590860203092 
1.537477845038 
1.552082406794 
1.601839841484 
1.540901373777 
1.556721183417 
1.530895113573 
1.532269546292 
1.490322945767 
1.540845987198 
1.578786384338 
1.605507356905 
1.751331073449 
1.617893292510 
1.614966770692 
1.661273707982 
1.676611672999 
1.653512479523 
1.603488323411 
1.663956766219 
1.696739237577 
1.670184580567 
1.638435906326 
1.646158921289 
1.637839534612 
1.632510085240 
1.625651575185 
1.633818934247 
1.340957377379 
1.315208436386 
1.351515876765 
1.409603058262 
1.470656649439 
1.319703468121 
1.318592111412 
1.246502905839 
1.258547545568 
1.277222685002 
1.412754224023 
1.405650108560 
1.465118444671 
1.464161878174 
1.550073417937 
1.550073417937 
1.456209707871 
1.557159715109 
1.561351133671 
1.509115780678 
1.511889759642 
1.534685855297 
1.456395169607 
1.438413184307 
1.514675045125 
1.535869884680 
1.531450294756 
1.512872504632 
1.541861475657 
1.593289662585 
1.593836132761 
1.582361087047 
1.511452329502 
1.515788140140 
1.549954117874 
1.574459034678 
1.571491281372 
1.567699977213 
1.734181561732 
1.769200938127 
1.787239874715 
1.732261690712 
1.774862090392 
1.820668644330 
1.844225423888 
1.903796331641 
1.877492900078 
1.839259453038 
1.838729001100 
1.868871014295 
1.852155476245 
1.929963542489 
1.921885959654 
1.986761958101 
1.992119987356 
1.799052304776 
1.836916597697 
1.821869772791 
1.818451038839 
1.652099383320 
1.675704136386 
1.650735434499 
1.743271318486 
1.799083988383 
1.831177860619 
1.844810397704 
1.915997656781 
1.926595687808 
2.032167096603 
1.970408485391 
1.991070995232 
2.047120600820 
2.084733594311 
2.044056889631 
1.986957955894 
2.014693821796 
2.031544511961 
1.987832699669 
1.823073924320 
1.745695795993 
2.037448322215 
2.023258861277 
2.082445839189 
2.238045996278 
2.104777406417 
2.112047461342 
1.928236816451 
1.955774326628 
1.911765805527 
1.991173887639 
1.935917056518 
2.040733863557 
2.045496072486 
1.999402062346 
1.969736225397 
2.099321520614 
1.788531388974 
1.907920145537 
1.958207015960 
1.891458442403 
1.890026879831 
1.810389010595 
1.807002597749 
1.809642129191 
1.798532225422 
1.817812553649 
1.802577320139 
1.798089358120 
1.817427335517 
1.796979512238 
1.837664473063 
1.921749540592 
1.814137187716 
1.747171484168 
1.781204436859 
1.728757137681 
1.728757137681 
1.761744880620 
1.741045657451 
1.799499685042 
1.726826585930 
1.715093769225 
1.692178604159 
1.702285640099 
1.763641061190 
1.695093631527 
1.631665531058 
1.689439344825 
1.682792107024 
1.650128258485 
1.648760668394 
1.612028338306 
1.503599832489 
1.593442876100 
1.615367001571 
1.634753431573 
1.649379065296 
1.703566562557 
1.607497604058 
1.608659092556 
1.588818331712 
1.594679071549 
1.622037078501 
1.622037078501 
1.612347486202 
1.474875054078 
1.471961607290 
1.474438504712 
1.500998976618 
1.502832469722 
1.500129731014 
1.521631387905 
1.532106497585 
1.588059498597 
1.579748518505 
1.658279394926 
1.797809475286 
1.902810431711 
1.831092439968 
1.873566157989 
1.831016078311 
1.721448807670 
1.576939267138 
1.485316827104 
1.470976310327 
1.480416075334 
1.487352545920 
1.608653606428 
1.492259110197 
1.400851781014 
1.405669039079 
1.394508497687 
1.426506062894 
1.419971024762 
1.419971024762 
1.404765152574 
1.403364235539 
1.388836474668 
1.449491856913 
1.333356802234 
1.351960397686 
1.535270203474 
1.373393890177 
1.506708991978 
1.424204378271 
1.503424354409 
1.565712615525 
1.504377757961 
1.645441259915 
1.663852387019 
1.645590214258 
1.816050603477 
1.812405622074 
1.746294980298 
1.576398013548 
1.576956424831 
1.723351693576 
1.652527789100 
1.656968641916 
1.643625789842 
1.699943075586 
1.701315798573 
1.742019820088 
1.757366494666 
1.762708620405 
1.792924458350 
1.801729748046 
1.746025146527 
1.720520032833 
1.619045664980 
1.565326223732 
1.582312133793 
1.576036562978 
1.556645964111 
1.510546969269 
1.431052480867 
1.360995213211 
1.463266580807 
1.540250359047 
1.632675091890 
1.714418572715 
1.714418572715 
1.702630153077 
1.836136928273 
1.853085245232 
1.864149364022 
1.867333425399 
1.909358988357 
1.900861066918 
1.940186786661 
1.953847393144 
1.900745453942 
1.776896352846 
1.798277307395 
1.776242189447 
1.800077563695 
1.807862658469 
1.862745274312 
1.804544217891 
1.817098317614 
1.829529900505 
1.853443166640 
1.929339932209 
1.844703390270 
1.651797187248 
1.643982253670 
1.652187249352 
1.943748763213 
1.943748763213 
2.001926371374 
2.047388034651 
1.959803126223 
2.084337959155 
1.975481125667 
2.000267075904 
1.992759868471 
1.998831552352 
2.066620683401 
2.060185351004 
1.908280918284 
1.896431067090 
1.900542090749 
1.917558572120 
1.926816906880 
1.973976567672 
1.973976567672 
1.933245848998 
1.976571729745 
1.898804619655 
1.906676704722 
1.957049213553 
1.983828192524 
1.970611516441 
1.974363759214 
2.039327951974 
1.978010012331 
1.947903283154 
1.957811705380 
1.935677258829 
1.872665934644 
1.853707976837 
1.872162045884 
1.883237179000 
1.883460629211 
1.773723075765 
1.689354698829 
1.810306859712 
1.890330830227 
1.885910967902 
1.909371888041 
1.804673491724 
1.850039813870 
1.910611276025 
1.919668040918 
1.863572215123 
1.826825703568 
1.986924138467 
1.958072759590 
2.018621999179 
1.944980391025 
2.001735682629 
2.092623138883 
2.113378733343 
2.056571990306 
2.044803449323 
2.079220873108 
2.013986278738 
1.926655869531 
1.842617511576 
1.852030454576 
1.811944407542 
1.809592747273 
1.794624466670 
1.807615137156 
1.651908158499 
1.826697916934 
1.827743472461 
1.932326379150 
1.877680808140 
1.932600261186 
1.932600261186 
1.880163004662 
1.879699422521 
1.902068971089 
1.844780138643 
1.844780138643 
1.861621921055 
1.871714439389 
1.936983465158 
2.003773938718 
2.129456571449 
2.184469762295 
2.161122748403 
2.079173047274 
2.069602451073 
2.065000699867 
2.065321731003 
2.015389265233 
2.002990060116 
1.954059391898 
1.996451514794 
1.535801027597 
1.559972540799 
1.507605096801 
1.548080250518 
1.569122902536 
1.497753479164 
1.444255344596 
1.506153968277 
1.456498503298 
1.510271699192 
1.527197492934 
1.519228072648 
1.538824288596 
1.626189372634 
1.409896059374 
1.430244000941 
1.452419239985 
1.548774558970 
1.530308178122 
1.533103871632 
1.620429869608 
1.522454299540 
1.504293890001 
1.557395463248 
1.662163470547 
1.645190295589 
1.697622989174 
1.651498610558 
1.556595700649 
1.624261030392 
1.625594306758 
1.506045186958 
1.526115315080 
1.495228241610 
1.495228241610 
1.490184957464 
1.540382556300 
1.540382556300 
1.603029776653 
1.598852331209 
1.589156732855 
1.573427117358 
1.673962033378 
1.686586086137 
1.719189838490 
1.737214510343 
1.737214510343 
1.767246648963 
1.821564692010 
1.969521241697 
1.893354821990 
1.917647327906 
1.917647327906 
1.934524955545 
1.834819107442 
1.841113209612 
1.841254702064 
1.850488613309 
1.846096972747 
1.919977748946 
1.899177374967 
1.790605454051 
1.934212865663 
1.781405829353 
1.784069186555 
1.753012511608 
1.674727559306 
1.582394317418 
1.583077301203 
1.547249863215 
1.543706569883 
1.532950926367 
1.608195449534 
1.773050366298 
1.749424638982 
1.724875822794 
1.697609177015 
1.751947676459 
1.753103434239 
1.783202894980 
1.835545023682 
1.835545023682 
1.865015105353 
1.840006985269 
1.899894235932 
1.914956375178 
1.874841555542 
1.874841555542 
1.972631734281 
2.058468224444 
2.040805013131 
1.967535963722 
2.022542559697 
2.054548081252 
1.902435057088 
1.830293201583 
1.827125622304 
1.845823579282 
1.803169103714 
1.788802160202 
1.827094636175 
1.824136435359 
1.851216876478 
1.761228867389 
1.649009563217 
1.740866542503 
1.664790550974 
1.743685966061 
1.569038512104 
1.557064094893 
1.552148370726 
1.588194916729 
1.594760388956 
1.627813749670 
1.649721541727 
1.780858875066 
1.689936156558 
1.711072729673 
1.726027889827 
1.789421417467 
1.778745615330 
1.778745615330 
1.763735959250 
1.763735959250 
1.794761368737 
1.798144314626 
1.747629701790 
1.749603943163 
1.746517137157 
1.844554737147 
1.851857308691 
1.910189353860 
1.968768078528 
1.874752805583 
1.972256348296 
1.962627286389 
2.035152075414 
1.845408663216 
1.721100515054 
1.597388442447 
1.486045820394 
1.551292885163 
1.564471868057 
1.545102852179 
1.579745822797 
1.579898097738 
1.592069496364 
1.551587412413 
1.561426660207 
1.520300673238 
1.564643323288 
1.438732358799 
1.566545562783 
1.681274057373 
1.665275000718 
1.653364214192 
1.653384607841 
1.652243691335 
1.643036825110 
1.575784153622 
1.599955507952 
1.598290223393 
1.625750342214 
1.570954191197 
1.606284142988 
1.593502930919 
1.600936021482 
1.540244776885 
1.548453209446 
1.523711219186 
1.600831526205 
1.580303057553 
1.657747725496 
1.790470273868 
1.821683398673 
1.822208480746 
1.821662359710 
1.836436392096 
1.796033639120 
1.840066071509 
1.781329655771 
1.785646734908 
1.696843292574 
1.696843292574 
1.696843292574 
1.702690599444 
1.743768568692 
1.789963924650 
1.880953922323 
1.943728018166 
2.071581420570 
2.060217219143 
2.193706152696 
2.047825248187 
2.322643678498 
2.165351735688 
2.135576990692 
2.041817878705 
2.029007818747 
1.949829335436 
1.909059495408 
1.895238525889 
1.901213424027 
1.874055468648 
2.011625932283 
1.800865363242 
1.805453387414 
1.900080570399 
1.844904463903 
1.786672405471 
1.776303825241 
1.862839080538 
1.890045819938 
1.815137076628 
1.776835440341 
1.802445712372 
1.660685008670 
1.729946127839 
1.720196168733 
1.679614452358 
1.660166799960 
1.652645796225 
1.645322588810 
1.649820368382 
1.664622897590 
1.685236851637 
1.705453194667 
1.702959203851 
1.672425354781 
1.779072473508 
1.770547178552 
1.795050202938 
1.796020730807 
1.830255481053 
1.842399769702 
1.782755086159 
1.788090058348 
1.796728245012 
1.791761615215 
1.724970448368 
1.719694067647 
1.748018253886 
1.587271372262 
1.622132010540 
1.608414141794 
1.689036701742 
1.701748820168 
1.769076003418 
1.762115032171 
1.701386919962 
1.696831958907 
1.649332018345 
1.680677679509 
1.650682914962 
1.695114858502 
1.756658240498 
1.683180771230 
1.675656873254 
1.679084880360 
1.711310214985 
1.713140618540 
1.742150834911 
1.718302043127 
1.493391887773 
1.725355704805 
1.703197884543 
1.492531690023 
1.528837337947 
1.528219737981 
1.501349803917 
1.526731182214 
1.516647129223 
1.601140718488 
1.643082440671 
1.701819656387 
1.701819656387 
1.694123521611 
1.694123521611 
1.713841371841 
1.737304037936 
1.735744067511 
1.735179209914 
2.138271253520 
2.174447162962 
2.224240635958 
2.088049739240 
2.123709354057 
2.100590393254 
2.073008305071 
2.157878307449 
2.087672062288 
2.083278371178 
2.034046031318 
2.113495027237 
1.985814566509 
2.040375196912 
2.022558818887 
2.017397261522 
2.017397261522 
1.961655670446 
1.976479120906 
1.945388962614 
1.931108186407 
1.885288662308 
1.931073196313 
1.945539290296 
2.060738501712 
2.062966279419 
2.076586021656 
2.007867985271 
2.147804926251 
2.107091620433 
2.090888987815 
2.138279870351 
2.164854286347 
1.930091235524 
1.880648864217 
1.850892536234 
1.841055388866 
1.864251364650 
1.825747507975 
1.763939577754 
1.776744152472 
1.844537558159 
1.846400829395 
1.898205093262 
1.887035223654 
1.837031091154 
1.828657301236 
1.851757188664 
1.830832761940 
1.815873725003 
1.685147798726 
1.686621821905 
1.535018878717 
1.591545781512 
1.583502308283 
1.459172654442 
1.560115358155 
1.551947089463 
1.567609515022 
1.584752307322 
1.633040232130 
1.579877050903 
1.851912612845 
1.903988430571 
1.890464822077 
1.960150992642 
2.045051940495 
1.943134306087 
1.868183165052 
1.785619817280 
1.721271796549 
1.723042843935 
1.705105473566 
1.740613060284 
1.705591874695 
1.661128509584 
1.680485542378 
1.685373308068 
1.712188281640 
1.721591769082 
1.805855448617 
1.802387481947 
1.837588000936 
1.797934093878 
1.882399607446 
2.049684435289 
2.126739170383 
2.055644907525 
1.918015298468 
1.914784607531 
1.971208352313 
1.811943445242 
1.809591959981 
1.812479152537 
1.652353103194 
1.652353103194 
1.647677825350 
1.582442206614 
1.514920954711 
1.542766207358 
1.567066917555 
1.596175458640 
1.590102027537 
1.499393982056 
1.514337948972 
1.482964559365 
1.484794098728 
1.444152068004 
1.500777852982 
1.473017200640 
1.431390302919 
1.490136452538 
1.492795279340 
1.396566143782 
1.458204958330 
1.466881778642 
1.450260542501 
1.454676782972 
1.461145587431 
1.537974573818 
1.594491077446 
1.552082486043 
1.632323295192 
1.743164050592 
1.746710703840 
1.747526589235 
1.789960166582 
1.778420383600 
1.715250550381 
1.675626132969 
1.658712494347 
1.625399899275 
1.617355998734 
1.712133005269 
1.687986016352 
1.772133391445 
1.770627792318 
1.772321898427 
1.770598771752 
1.756869853031 
1.732516008441 
1.832610572763 
1.921177644513 
1.920498758571 
1.936115650092 
2.018034825191 
2.021429225427 
1.996991387845 
1.979621546874 
1.957118038831 
1.974563269930 
1.960777403740 
1.960572416075 
1.959646148385 
1.889205667210 
1.987526792079 
1.939231262816 
1.960264578283 
1.945409935542 
1.969193959926 
1.939330127087 
1.931681094849 
1.937872871680 
1.835508797889 
1.826845309813 
1.854560420229 
1.911834999099 
2.067865997577 
2.022901156986 
2.010618899773 
1.899032978194 
1.939772034436 
1.927846044458 
1.950208359042 
1.998117279583 
1.990750704668 
1.982679620855 
2.003260291418 
1.997156596397 
2.015110454530 
1.965467284917 
2.006997099783 
2.049501044855 
2.182722999373 
2.139017447064 
2.105205104731 
2.105205104731 
2.045012036765 
1.793520921858 
1.831949517217 
1.622963614406 
1.673902094475 
1.682555517910 
1.774054431213 
1.711825531864 
1.657974415559 
1.665405244982 
1.673758629743 
1.700826420036 
1.788592042964 
1.796080756899 
1.718722658238 
1.586771397137 
1.669816626611 
1.709230656689 
1.663991617870 
1.646263088044 
1.633780755432 
1.630410421909 
1.628038031288 
1.617122016100 
1.549992455846 
1.622606879563 
1.618338361071 
1.688161109406 
1.607221761633 
1.608647145082 
1.611577674109 
1.845150775604 
1.814118807494 
1.831440504942 
1.855782143515 
1.855717427407 
1.895701186786 
1.919773967927 
1.993925023568 
1.955948055461 
1.992501093595 
1.966695688644 
1.978788813538 
1.971363829781 
1.950415314960 
1.967543113708 
1.986284628597 
1.985608368225 
1.926922109319 
1.929327370685 
1.918060688725 
1.883635755525 
1.845795687175 
1.913449906585 
1.921428033737 
1.881466873126 
1.880467980022 
1.734943856813 
1.724494997262 
1.792961052496 
1.839691987675 
1.838792981625 
1.853295204210 
1.840292850949 
1.940637984721 
1.952299604638 
1.958600227302 
2.076371714946 
2.127151218842 
2.076932374230 
1.966593178755 
1.927812799906 
1.807014517105 
1.781498192409 
1.791351001873 
1.818555381319 
1.823844949182 
1.823451160483 
1.818666590597 
1.795942651748 
1.770989284023 
1.829580866857 
1.833360776869 
1.865320853927 
1.953061466292 
1.910792279588 
1.877901110757 
1.884110637822 
1.876997500736 
1.862399005034 
1.876773657860 
1.829934651591 
1.856060446276 
1.955089696048 
1.814059736086 
1.695738281342 
1.660698143444 
1.663321121737 
1.686658398275 
1.691239736215 
1.742973246029 
1.795071808999 
1.777935889302 
1.786308774664 
1.786308774664 
1.786308774664 
1.788143020887 
1.784713068268 
1.827645404958 
1.839983525682 
1.845220820827 
1.850359733303 
1.833068986528 
1.849753312367 
1.839666878973 
1.851051360474 
1.851051360474 
1.851379809443 
1.858420259248 
1.872604572996 
1.872604572996 
1.883942975674 
1.967026973018 
1.992594201848 
2.018123520983 
2.018123520983 
2.017800572618 
2.008025828360 
2.004902506797 
2.023781422987 
2.070052792361 
2.006163871300 
1.963308155674 
1.858295690227 
1.815643315612 
1.825971313623 
1.835425548537 
1.837396429241 
1.667934091546 
1.667934091546 
1.672465112334 
1.682351583692 
1.692517835982 
1.614880843778 
1.631494242761 
1.618648578047 
1.605741493007 
1.619204912012 
1.572029287834 
1.514379699388 
1.504779266951 
1.423877837891 
1.451610126533 
1.506655651520 
1.534464998062 
1.532917187565 
1.556476257951 
1.538005775086 
1.583315857165 
1.548252328705 
1.530051428411 
1.600831705605 
1.574209340819 
1.538955902386 
1.625743701974 
1.625743701974 
1.655874896512 
1.690744122897 
1.640928482169 
1.640167848779 
1.768862063824 
1.698362773151 
1.600774716183 
1.624211819694 
1.586863263114 
1.579499018292 
1.754054165386 
1.771718623026 
1.774881817350 
1.897811440262 
1.891665820750 
1.854769462495 
1.853132992830 
1.827379883291 
1.722023932018 
1.768881381468 
1.703307531173 
1.546953194399 
1.525820459206 
1.771527935060 
1.705527426695 
1.661722505197 
1.640584896256 
1.653916430085 
1.575678021279 
1.567366005870 
1.629973131441 
1.588544811031 
1.573993059050 
1.630054811057 
1.608902006771 
1.622556857466 
1.674424530040 
1.661435683723 
1.656239437595 
1.711631370596 
1.854925122117 
1.628769106295 
1.672378629636 
1.800927038908 
1.791454368451 
1.806621274676 
1.819265375692 
1.779796417845 
1.789381696105 
1.812016596888 
1.860128800359 
1.792417782398 
1.780012638924 
1.791135973458 
1.974147970351 
1.890362325630 
1.831916041187 
1.837467578047 
1.836678789009 
1.788956799630 
1.858792193445 
1.865683329896 
1.863172107278 
1.779706316852 
1.831357437772 
1.852277661453 
1.848983013224 
1.886944250446 
1.860236225391 
1.824005796494 
1.852300941290 
1.881051437099 
1.889058726815 
1.804451516029 
1.760849977965 
1.754255021408 
1.750722541754 
1.762587487043 
1.672926682458 
1.678910974530 
1.659600611487 
1.613966916907 
1.668362849341 
1.669578127149 
1.667136002851 
1.676570256605 
1.701469578263 
1.694500452083 
1.761932442461 
1.677790995155 
1.678228524535 
1.684934155698 
1.572597011102 
1.557985272600 
1.613915929003 
1.495131902204 
1.481091100543 
1.497078805862 
1.473014894988 
1.469599000322 
1.669137440292 
1.566032649997 
1.589625941043 
1.571033695077 
1.598970289246 
1.599462803531 
1.590860858861 
1.542116568098 
1.517704249183 
1.517704249183 
1.520306422075 
1.589782470855 
1.592154987327 
1.655140723793 
1.590647558039 
1.611605783204 
1.519627880681 
1.396758021984 
1.530186660172 
1.530012687463 
1.529306244433 
1.529306244433 
1.538880211583 
1.487878716870 
1.487878716870 
1.418281994855 
1.422215517644 
1.440396547708 
1.363557614532 
1.385213599438 
1.352208086714 
1.415385332237 
1.344008619295 
1.492288170571 
1.602524382784 
1.558753221854 
1.597045900166 
1.519849135661 
1.505895831290 
1.500009098312 
1.540812294456 
1.544333577516 
1.503391687701 
1.442150792787 
1.440660567968 
1.535358569363 
1.397143993454 
1.437864089637 
1.492381959262 
1.491639716658 
1.486797106262 
1.699831976006 
1.701639706580 
1.669431892337 
1.718745283167 
1.720204741127 
1.700209890499 
1.693491028949 
1.733076979809 
1.773824684936 
1.765433777811 
1.784726554118 
1.734870637044 
1.662205917983 
1.609994146973 
1.718314331408 
1.682457631798 
1.676942402195 
1.635339409649 
1.727161480204 
1.699624617362 
1.740400185774 
1.844663625037 
1.894617785085 
1.902053425723 
1.950940321732 
1.900098346481 
1.991588878407 
1.974890001697 
1.975050559063 
1.995002430903 
2.170779766118 
1.948005908232 
1.867239340855 
1.910146534125 
1.862628932940 
1.862628932940 
1.904016322790 
1.937324002928 
1.956365608608 
1.915847412149 
1.910579819179 
1.787625726620 
1.847216051255 
1.794870936880 
1.806698980040 
1.870295243916 
1.872629711120 
1.844148001122 
1.846913417819 
1.943034675721 
1.875308361238 
1.836339217246 
1.966128808966 
1.836509606937 
1.802349445718 
1.841351398867 
1.857814757658 
1.853157374589 
1.632247154118 
1.585284700202 
1.853590192840 
1.911295298407 
1.887390073816 
1.871178809082 
1.892793928213 
1.870236289561 
1.879821983122 
1.859459528706 
1.907339548970 
1.907339548970 
1.939658465280 
2.086392948274 
1.903049593313 
1.835561288911 
1.988663459146 
2.007870075541 
1.992799184277 
2.022689063317 
2.030704239163 
2.030429983997 
2.030429983997 
2.045920040712 
2.017919111598 
2.053031430592 
2.147202797295 
2.076746689490 
2.062561478479 
2.065268472142 
2.127281607344 
2.139945999138 
2.108254826997 
2.138280059439 
2.117835672899 
2.137923978244 
2.167264755613 
2.139168358824 
2.221362704821 
2.222754360820 
2.300537192559 
2.021201866036 
2.009450750934 
2.163872189305 
2.055676832991 
1.971854643178 
2.031306202429 
1.938721905035 
1.956947751860 
1.914517671636 
1.893744655849 
1.920487420499 
1.954547982884 
1.957379954067 
1.956967177784 
1.971647568590 
2.159876495002 
2.078673596033 
2.014863018392 
2.013446795052 
2.014045356229 
2.019411364117 
1.986783596472 
2.123865130091 
2.051830439968 
2.051721669708 
2.051721669708 
2.117393249819 
2.236693500292 
2.234216646270 
2.135771121540 
2.135949637172 
2.152648714187 
2.098144058947 
2.086319244025 
2.157815961790 
2.100485748401 
2.121788642178 
2.060550419268 
2.046392154670 
2.045071774658 
2.046203296162 
2.032654910675 
1.986291774172 
2.167121217693 
2.100592363802 
2.106655095470 
2.102421909752 
1.995169429278 
1.994505625837 
2.117784293198 
2.154478154216 
1.990852901713 
2.043668264837 
2.049475071903 
1.985767146318 
1.817507714115 
1.725521311791 
1.845633838907 
1.830180095047 
1.790356275291 
1.492174521232 
1.482123955657 
1.517292515155 
1.546539043156 
1.556641936033 
1.556641936033 
1.535121784669 
1.557335509737 
1.538725211305 
1.636119812171 
1.695938339778 
1.718046178630 
1.716830788667 
1.733216550089 
1.766033125140 
1.828245819178 
1.879891068563 
1.865658567457 
1.870544920248 
1.861281602381 
1.839487971237 
1.803402087545 
1.735815532891 
1.741239140920 
1.754200241266 
1.777376903449 
1.790551470811 
1.727624289269 
1.752059817886 
1.737667104346 
1.742514270134 
1.692851745260 
1.673659188062 
1.740949354601 
1.679860609104 
1.623448101072 
1.635421954605 
1.655952320333 
1.645865047331 
1.658259484784 
1.666499702334 
1.622375317410 
1.651719235304 
1.647275549995 
1.623864330465 
1.598226297053 
1.435604314775 
1.506851285194 
1.402699012857 
1.557876961928 
1.598088848479 
1.627225022870 
1.666857080766 
1.687600329355 
1.665973683178 
1.732738551338 
1.726712020885 
1.734015939773 
1.690561217362 
1.662227811704 
1.663715368934 
1.613212438982 
1.653489536720 
1.631499822113 
1.713597224500 
1.743274102769 
1.743174255575 
1.766169934161 
1.789813265642 
1.777061127148 
1.773528796364 
1.896534204222 
1.777556308078 
1.746846726865 
1.799070634575 
1.797623269727 
1.855030202840 
1.919268665673 
1.924108227376 
1.998056908254 
1.924100394949 
2.020710738549 
1.969724643773 
1.893108646447 
1.828232342986 
1.777711250168 
1.812148594955 
1.813829422030 
1.822750705054 
1.553867352445 
1.508971183673 
1.526067923959 
1.522976680493 
1.451774782237 
1.420214622507 
1.499608184168 
1.463141130699 
1.494468541693 
1.497856578184 
1.498107497371 
1.419633215040 
1.388866179445 
1.394248660033 
1.394225729529 
1.426615534096 
1.352998494320 
1.323792595621 
1.363022146300 
1.220838780288 
1.624414285194 
1.624414285194 
1.626908147961 
1.626908147961 
1.632070422080 
1.679599674939 
1.752216876979 
1.669501070941 
1.675852245099 
1.669639458741 
1.646832851870 
1.770221137332 
1.756819662099 
1.762388545735 
1.705132981596 
1.691789735672 
1.615042740920 
1.576072680852 
1.551068130019 
1.551068130019 
1.523842643667 
1.497285549114 
1.509387902643 
1.551264784246 
1.579731195794 
1.563007770860 
1.545900289913 
1.551208600155 
1.549938969263 
1.530495521657 
1.476753154019 
1.436119178725 
1.358273576506 
1.358273576506 
1.454493177076 
1.631389874866 
1.606969686991 
1.606969686991 
1.567658593523 
1.621587212600 
1.645803465864 
1.625999392847 
1.587863570411 
1.618452904751 
1.663372478587 
1.627054256794 
1.307268023564 
1.506799335499 
1.460907553969 
1.480106909482 
1.612461979230 
1.590445668902 
1.496453828440 
1.513971410398 
1.510837451221 
1.394363113307 
1.437429382184 
1.418875408301 
1.505846605669 
1.311508072269 
1.340390194859 
1.294598115580 
1.376509222915 
1.416346729456 
1.384181590189 
1.326873211278 
1.419943041142 
1.414820863802 
1.567154213148 
1.508765560651 
1.686676627441 
1.657829590865 
1.650364504875 
1.650364504875 
