311.878653732794 
312.498282213894 
309.021092082209 
308.708922173332 
308.309135173593 
308.309135173593 
306.378187224008 
309.171793330940 
312.524881025911 
313.537566865880 
314.602283537913 
316.759571723374 
318.272387791740 
319.107454387827 
319.107454387827 
325.860505955792 
328.058923306341 
328.058923306341 
320.931358210213 
321.133488436744 
325.310672789837 
323.022266806223 
324.340726553901 
321.962533690221 
315.249024710170 
315.504249645667 
315.504249645667 
316.211415629446 
317.524383775102 
316.840418728440 
317.031360724494 
317.397391326350 
312.476132397757 
313.711588139752 
312.217442508752 
308.908667888335 
310.124692466117 
310.108487089173 
313.766712498872 
313.766712498872 
313.398081981869 
313.020381500310 
313.218468998019 
313.421261036642 
314.774289305949 
319.430552615795 
315.016930999122 
315.630914365394 
314.816868937813 
316.744518624850 
318.486549193560 
305.449478200987 
304.651973500833 
305.888445381726 
309.973035209224 
309.071580227207 
308.602844103515 
308.602844103515 
308.806714836894 
304.372625456406 
305.354364519070 
304.732221443890 
304.554020735379 
307.140252412430 
309.113357674367 
307.702664977444 
308.021284576112 
311.537502258778 
313.496743805655 
323.406415304787 
325.470464154616 
321.447032045471 
321.989786295919 
319.912996889417 
318.589556401557 
317.347913382247 
330.859491724139 
331.314064711604 
337.219082692790 
335.857163874603 
333.359359103030 
337.510559478102 
340.671268025680 
334.527004328458 
326.816146261799 
326.790344550871 
326.696732844749 
326.839193025457 
322.266222748852 
320.283658745828 
329.230457665448 
324.226327805143 
318.416826867325 
317.795916983125 
327.979057015537 
321.892806167893 
320.659508708249 
320.471568691987 
317.379200399724 
318.615403472779 
320.686176664992 
320.686176664992 
318.107981368569 
317.242631982706 
316.680942797657 
316.680942797657 
316.675986494813 
315.200746809515 
316.090871520835 
315.311310459994 
316.784809727797 
317.970195078297 
319.554540095587 
319.895968196113 
323.271735192636 
320.913440268080 
321.741406232173 
320.540716444516 
320.262835531675 
317.634116547371 
318.156887646131 
323.495591165818 
323.141227182949 
322.414263528284 
321.727282061019 
323.952539935888 
322.344345095300 
324.229945081072 
327.169404327651 
321.625481616145 
321.284613209208 
319.098408227728 
318.707613805775 
319.658028568640 
321.466876073315 
321.466876073315 
322.943358199205 
320.916211837560 
321.263289068998 
321.851566496475 
324.669896310789 
321.671947100731 
322.433770719412 
322.157171597531 
319.219764854774 
319.732192818452 
316.023157274325 
313.404030440040 
306.390530089288 
296.470341953612 
293.238596555667 
295.650842529106 
302.168221663815 
304.061329968019 
300.325731094681 
296.364270803011 
304.589789489490 
305.727407301839 
306.707539022385 
308.028364558489 
304.782018336175 
299.837390843708 
303.247536321019 
301.649687670932 
302.025462129315 
300.083574478350 
310.590359508328 
310.112051578791 
310.179080333256 
310.179080333256 
311.992542370396 
311.992542370396 
320.383633967177 
324.321451494326 
331.381588600396 
330.039316860436 
332.258320154534 
329.749925490674 
330.055601790886 
328.421999107120 
330.197862938995 
331.449207578024 
321.243567422477 
310.335303083955 
302.004689004551 
310.852631494700 
314.543962416788 
315.188954443724 
314.619551776550 
314.638096455028 
316.985917682832 
319.057587827531 
318.775385663280 
320.259372406001 
322.794357050769 
322.507553733633 
320.811236187361 
315.782782453078 
315.511569303745 
312.103756511821 
313.142402860383 
313.688703960500 
313.688703960500 
311.785472456411 
308.938896397399 
308.500664597245 
307.044586350859 
305.344152374825 
304.354462385049 
309.357710410114 
322.305587702632 
318.967934348455 
316.945602586866 
317.054717242029 
318.291354381974 
310.791079741703 
311.382703303070 
309.974453770047 
312.793947571011 
312.846545521866 
312.685534467245 
313.710292286438 
313.553178946327 
315.595805194478 
311.873140551698 
311.556461177367 
315.955336030966 
312.949455399110 
307.229422521415 
301.556000446697 
299.225770283335 
299.812133687905 
300.445150501680 
300.480425473024 
295.393113823260 
295.720113148283 
293.244794544671 
294.157626782039 
294.670294194741 
283.472218166156 
286.549029891894 
282.855950213868 
283.318172392715 
285.041255069404 
289.414728161993 
287.685609355400 
290.233897202847 
282.795323367633 
279.001396784747 
277.047429619516 
283.168659170351 
285.876078930973 
292.217478840237 
282.750768941461 
286.634024059494 
277.897765261037 
295.283036137457 
304.592531116720 
302.438036005192 
308.858881806011 
307.005605553001 
309.114192983148 
307.960403380461 
306.250603900683 
307.082847147980 
306.030381061200 
298.842332119429 
292.169885458984 
301.827743075842 
305.379943432972 
305.744936845130 
306.739587524420 
308.359368413671 
307.786155821503 
312.693388893248 
312.642570031168 
315.474548320082 
313.732500716983 
317.177797837105 
314.423904258112 
317.329387957208 
316.638291696149 
323.066779491240 
324.230678597923 
316.828559314097 
321.664728297519 
320.685952790563 
317.318206737434 
319.247762844719 
320.390906807220 
317.282650619244 
316.729273982792 
311.089136661910 
303.888260698562 
305.611965080069 
310.038292197516 
313.605421705019 
319.029983571874 
323.560357681870 
323.920341408297 
323.626875689468 
321.741565494750 
321.967577444519 
319.806355770707 
321.002972743778 
318.782920012587 
317.872362842458 
316.702442634368 
316.245030444070 
316.539790836181 
319.295169794108 
319.331989014849 
320.150695826001 
318.917621941849 
318.453292702247 
318.858079892892 
322.570724195719 
321.317446960115 
331.076356879906 
328.038664253679 
329.559590263772 
329.269235597280 
331.033584428128 
333.150890397952 
333.169270489247 
333.266192911367 
332.005497930015 
341.620517240575 
336.673928165318 
339.474106962469 
339.096818106423 
336.867670338641 
336.824657201137 
334.963154873488 
327.696665245530 
332.197216105078 
319.212461070874 
318.117049599273 
321.299425963214 
319.637468225226 
323.141142882387 
325.797982610402 
325.743952124466 
328.723567715386 
322.769941848928 
322.542033043976 
322.916233272656 
318.608916349748 
317.752765048623 
317.485423995548 
314.446984922702 
316.856831796861 
321.405677876992 
319.099945078108 
320.921867484665 
320.817722066311 
321.892433475310 
318.140113874846 
319.721365635753 
318.645212142856 
317.018963689772 
316.619731806388 
316.603531241481 
317.754690634452 
318.421727464610 
312.854157247323 
312.857829192178 
308.944104097587 
309.188437231600 
309.111971860054 
309.047792148305 
309.049934732366 
311.320671009348 
310.810121854210 
310.810121854210 
309.400420634683 
303.549824343031 
307.026971952019 
323.473234212239 
320.812597765470 
320.853954017805 
323.629901377609 
325.681739448807 
321.024949957871 
321.547923591765 
320.610439974956 
319.850385390326 
319.901776661057 
319.901776661057 
320.210632387111 
322.336430519255 
326.006232047290 
325.405733973266 
321.023974514718 
319.443146037352 
321.061339561731 
316.766246781852 
315.612587917779 
315.456623329822 
317.681150300293 
318.111667627884 
318.294156117188 
322.012786569286 
321.967368481026 
317.167594538150 
317.693931916360 
316.005636343003 
313.112186407280 
312.259951319708 
312.474688185056 
312.707169051274 
312.569117486835 
316.800265317442 
320.631349360794 
317.966070083227 
317.622783999138 
313.692790436446 
313.972279230419 
313.779960736816 
317.353243244562 
315.393560285606 
310.326217780253 
304.156950807938 
309.782666922580 
312.953917593077 
314.895028752752 
316.193561892391 
318.204871613138 
312.646307735845 
315.290861860345 
315.071407390371 
317.204618068295 
314.804434590319 
315.019863826201 
310.492853445590 
306.183689000606 
306.327317996633 
307.088223091675 
301.734660963601 
302.380064721866 
302.624629403539 
310.022213199341 
310.160441685812 
310.582132112013 
312.910075860384 
309.358009735042 
311.864594498806 
302.901605959923 
302.424127338464 
306.075933871220 
305.322416695433 
303.360971832032 
301.606554156552 
306.013941311641 
299.955389157602 
295.987245486850 
296.158606195333 
294.401611370047 
295.700086685765 
297.692357795807 
294.042130554784 
294.649299157133 
292.819853396400 
291.848477104725 
291.848477104725 
312.203106728559 
313.407670005825 
313.368660705625 
314.078799559560 
314.078799559560 
319.588193358656 
319.672791111912 
315.693935058524 
306.337543748119 
302.729996961818 
303.412704385714 
306.478658736892 
316.978126832322 
319.299691839477 
316.924748272983 
316.378468414560 
311.168089789640 
311.531005867155 
309.367721897890 
313.713692425444 
309.991076109740 
308.439835581410 
303.640193688270 
310.251002103445 
309.428811938655 
311.187798234847 
313.561829418610 
319.358631321076 
318.121685338498 
317.603059262072 
315.031684145394 
308.144966667419 
309.126978010944 
312.448161939356 
321.350299215236 
323.155616570734 
318.597309286966 
323.861573615055 
325.694150525594 
324.466367608288 
330.050684806005 
328.248216985105 
325.658954198682 
329.104666618870 
333.335501702979 
331.111990370506 
327.944539886876 
329.484124695827 
331.910775195991 
329.684721068857 
332.351107421152 
330.652331123472 
331.943612907687 
327.015351749776 
326.355747439378 
326.350128343945 
326.353577594154 
326.353577594154 
326.353577594154 
327.130097710935 
327.130097710935 
326.467285374503 
324.135298480055 
327.315067893505 
326.057699366170 
314.382086939067 
315.539351575505 
312.157427371234 
311.915027031311 
317.081662055259 
319.404579149483 
318.342705030677 
313.780302587076 
317.950639816271 
317.971296897500 
315.925137650788 
314.938237158331 
313.783364273612 
311.729723323550 
309.087337933648 
308.503546173182 
308.194061782266 
309.929332229299 
306.635406705684 
309.164222144115 
304.097652640860 
304.265422267245 
304.600479628553 
305.226149543101 
304.607759930206 
309.080140923709 
313.534699383797 
312.051759671475 
309.089764309701 
309.581568326312 
309.174148362247 
310.736199305778 
310.281175562990 
310.497440511501 
314.092595815433 
314.848243587228 
316.408834022928 
316.740193498002 
321.904482541227 
327.789623159965 
327.953027193494 
333.961386280779 
339.109451453439 
337.563912246704 
336.268589218685 
341.791657087472 
341.611067657599 
342.340508401078 
342.690325625673 
339.046931574214 
335.834772927124 
335.834772927124 
333.005815603959 
335.536779763893 
328.947799993158 
335.516971719157 
331.597856715997 
324.402998470738 
328.226249167879 
325.897279220180 
323.043883292667 
319.526893669531 
319.546633160148 
318.805603780815 
321.487617457905 
320.082935330778 
314.341356797919 
313.595963845249 
315.187872764063 
317.401179793627 
315.511148866054 
315.288496440437 
315.144800390929 
314.006807920913 
317.381151730262 
315.926772414181 
317.288857312237 
321.119058350560 
319.312581007888 
320.480316750110 
318.757456527072 
323.316681346298 
329.010041483558 
333.455076554775 
326.912087597226 
325.435054836090 
323.190730496795 
327.205499183601 
323.446063738823 
323.053724953330 
324.075980269415 
322.915210060166 
323.362672454544 
328.592597314063 
317.378451725486 
323.302995249658 
325.330032726505 
324.263544056498 
322.904458805520 
321.321802120378 
319.112426282552 
323.168477327746 
320.495537635462 
321.621325409861 
320.170215958769 
318.686100167257 
312.992813540987 
315.985824734071 
316.947643992838 
317.533403181338 
311.790900632685 
312.152772998383 
315.236388051757 
315.975866559791 
317.978823092826 
316.048327943132 
314.532876648602 
312.780963524355 
314.341794652242 
313.686786913153 
325.691852092946 
324.005893775933 
324.510967225126 
323.917704872163 
324.724728705214 
324.179002742956 
325.609658576844 
323.543314647981 
319.461122777607 
322.685449984451 
321.570700233603 
323.807324214647 
323.146270185111 
324.746176938455 
323.697850277343 
325.723460375973 
325.896561724660 
321.785772407884 
325.239740330493 
324.381590828552 
327.814751914240 
327.740530934173 
325.639527409902 
327.264724458569 
325.280393994840 
326.153407267098 
324.122691935838 
324.339972679300 
329.348051232347 
324.842747689519 
325.162945069949 
332.451853223885 
327.106950968821 
327.619819133974 
327.563035311340 
320.355280522954 
321.656121110763 
318.912055428438 
318.912055428438 
321.345061574604 
323.506436380072 
326.314211339688 
319.935504030348 
311.289306033282 
316.510177013139 
320.672836035850 
321.067009544090 
318.006975664628 
317.757851359511 
319.637707614112 
322.053453629821 
321.011155194383 
322.085464843778 
318.464984239948 
319.103601415639 
319.112951746889 
319.109565147509 
318.213420180089 
318.041712427254 
320.806189196149 
319.090856751528 
319.105092451397 
315.838823150067 
315.892431258678 
320.570413702407 
318.828067974184 
320.683635489446 
323.437358416486 
319.691846046532 
314.974616723701 
315.978072026581 
316.817316328118 
318.989153425310 
316.881147256239 
318.960214929523 
322.513966946562 
320.292823925532 
312.599515145074 
306.526418656213 
311.727023300474 
318.739472285337 
324.435830299284 
323.681307941969 
322.914239955819 
319.840521761248 
313.951601347528 
313.822240418215 
313.822240418215 
314.925534146050 
313.498727243999 
314.691004246003 
321.107576407765 
318.612603425975 
322.237497734931 
314.048204482361 
315.629906303726 
310.871100693811 
307.790928637362 
309.006912899999 
308.234547070275 
305.949404111953 
308.829681541216 
287.450960672960 
288.075022876770 
295.112279876802 
291.383689989207 
292.517346953262 
294.070929617697 
302.631562755652 
303.854932508835 
310.097533952544 
317.137518667312 
314.588209243918 
314.158464752850 
315.399788268241 
313.623087322254 
308.397314233843 
310.593764675766 
306.392726437438 
308.724609610340 
309.310034945330 
308.728159379909 
308.165215376420 
307.678323763210 
306.426135127354 
306.027792999074 
306.076120275557 
306.076120275557 
304.104525046363 
306.035174285332 
300.037401176407 
302.728655875191 
297.674871401737 
300.688428592575 
303.918832526015 
304.582959166998 
304.796240532030 
305.335400049290 
302.285611873131 
300.472508530315 
300.523870176438 
301.149905940217 
299.486025491543 
303.959934265312 
298.728868386931 
309.460861684808 
308.193692568066 
306.637887016336 
304.863711496945 
304.847783455442 
299.815609526038 
303.972020504596 
294.548267694980 
296.524421525329 
314.495324187940 
309.498724860479 
312.574427698179 
315.076203772749 
312.237685910336 
309.284462940056 
310.131330697206 
307.394291507338 
312.213430250732 
307.262045876480 
309.004246605477 
315.113040915796 
315.113040915796 
314.550869109044 
311.278860956759 
307.458332317706 
306.947507536511 
307.090132226232 
303.753704127298 
305.257242031756 
305.110540512087 
305.359666760429 
315.251533752326 
315.690792330820 
310.912034697575 
316.796667458694 
317.862371625073 
319.246654106331 
318.739059497390 
318.680069195243 
315.749228627676 
319.449999908375 
324.740094131926 
321.514734133713 
323.387744095355 
322.326193281387 
324.967603854016 
323.975139555891 
319.386768460876 
321.739433802378 
319.283020278155 
322.639679361256 
319.782079439561 
318.649924198308 
316.903409513857 
321.122321177456 
318.341214628974 
317.755067926948 
317.717675866056 
317.556748965044 
317.949582452510 
323.394558315156 
326.187810801236 
328.015433230658 
322.850799799042 
324.836359728568 
325.674692032339 
324.000255755587 
329.540764466770 
327.837116748183 
326.332004798933 
322.945675340264 
331.958552515077 
326.023198973103 
324.543507706790 
322.490914800393 
315.409020658993 
313.811900390339 
310.552865674187 
309.460875980051 
310.783600416678 
314.173960029571 
318.138198299993 
318.164742931887 
320.250459184858 
320.121576821106 
320.284929838572 
309.977425010575 
313.779388385752 
315.713180998630 
316.420867564061 
320.236264211634 
318.644394159366 
320.953324520771 
318.105778835135 
318.465147419502 
320.059853037009 
327.486248520965 
320.553262156731 
310.643348177293 
309.674770123767 
308.469881880490 
306.358299399311 
304.353213539422 
310.771950559407 
315.071873913988 
314.431806061290 
322.805260691742 
321.625151836144 
317.851855306444 
322.512889531571 
327.793208386195 
329.907595270663 
334.011573254128 
322.130398266874 
334.024976652008 
327.314052455522 
329.167071188528 
328.751774381424 
339.616957662162 
333.377890030890 
337.912124093587 
326.456852635112 
332.751670820860 
330.004406856904 
331.437348195847 
330.433204143222 
331.725904648570 
327.915042536777 
330.573444657330 
330.693400819624 
328.346948362725 
331.551857475908 
319.761101220288 
324.559027502228 
321.812943985253 
324.557386282387 
314.163223681832 
311.473254711378 
312.035128904110 
309.363946692334 
314.740350527490 
310.567067916947 
310.868231627418 
310.491216693192 
309.419708532683 
319.998394661733 
321.528608004758 
322.695249691879 
322.140589188063 
324.586301062428 
322.928062061239 
324.556881435005 
323.212767405162 
322.180831115976 
322.850162248652 
323.614824210721 
324.666477737882 
327.306688660775 
323.486434297859 
326.861114623351 
326.492652849474 
323.404650277479 
323.739599757260 
325.037155943039 
324.587651883392 
320.954359651757 
319.685433196491 
319.886156388062 
317.452466076575 
317.346833520499 
318.091259575857 
318.091259575857 
318.438177238013 
326.285880024321 
326.285880024321 
324.607746644052 
331.363761488312 
334.652703997593 
329.688390798045 
333.040014511627 
333.640938649020 
337.705663982516 
330.371964679505 
331.221598838612 
325.688858113634 
327.995161712038 
325.573246328559 
336.512957494081 
333.191059225838 
337.784559506104 
336.745956936634 
340.766170515672 
339.039316611993 
326.402876842404 
330.178951060723 
331.298857179687 
322.446840505570 
325.249227150016 
326.225749710517 
326.367234198625 
320.313965890555 
318.718367446159 
317.396372319136 
324.222990799284 
322.096920065478 
323.757600795392 
321.687271143172 
324.906067547006 
331.849643734752 
326.626371812690 
326.626371812690 
326.626371812690 
326.599849900951 
326.183685583918 
327.629793977723 
326.441087994403 
327.795186572849 
326.516898128721 
326.764542358539 
327.871986504054 
327.261195244063 
332.041853510955 
312.878758898626 
313.662320409267 
315.106617915477 
317.781572788858 
320.549888764262 
324.976802232242 
327.260996937883 
327.260996937883 
328.889500464779 
328.062494339965 
320.622635837783 
319.051466952857 
319.199719949962 
317.726637423602 
316.690645792938 
316.278727255733 
321.426117133944 
321.725229609619 
321.555215470229 
329.209938179892 
325.173086457181 
326.138077323058 
324.460300066004 
318.222705327479 
316.678847387241 
326.292828941716 
314.458532502615 
309.473375963374 
309.035697294459 
307.113674643929 
306.820305221969 
307.890721085874 
306.934882256370 
306.711171896135 
307.130001531401 
308.495045860861 
308.495045860861 
307.609651355978 
308.494376242374 
309.267693381057 
310.411901612421 
309.254097700606 
298.645583711179 
293.410097222793 
295.862024931787 
283.986876891429 
293.778122070610 
290.253737730309 
293.484312091755 
291.361137552997 
294.981114441154 
291.662203713042 
293.903090748904 
295.134895529611 
293.402352812953 
296.748370639240 
296.268012741595 
295.681944780488 
293.218499584031 
302.417880745751 
305.080114482460 
298.938986752586 
298.443253194723 
296.590492480581 
300.565901122820 
300.269899139868 
299.973849652614 
293.181536369769 
290.221207814467 
295.732448425975 
297.266112169655 
297.266112169655 
299.046448213458 
290.454109138567 
287.752860099623 
287.752860099623 
300.932347595204 
305.335931904393 
310.350769697077 
307.688229447802 
307.898086367474 
306.864043995759 
310.353543666057 
313.504134579901 
312.768631024494 
309.281123366445 
312.258510176988 
309.359736673254 
313.747424871619 
314.808664996806 
320.078620711620 
323.579142677140 
323.785083343308 
324.561652588023 
321.207922425113 
321.043550014216 
316.939585185213 
317.034764364340 
312.188067867772 
309.601600482171 
310.873239384584 
308.480238803216 
293.890400511655 
299.582888306913 
293.294379127249 
314.845178738492 
326.082857510722 
321.949433054397 
315.462650684325 
319.869968648347 
317.237992927828 
302.395856820482 
302.407065923195 
313.035771991128 
312.049950838349 
311.862439893841 
304.872828249019 
300.204561116293 
303.493403693738 
302.520517786085 
308.131420672170 
309.520301612394 
310.600188343639 
310.600188343639 
309.825471594587 
312.596442292506 
316.016226454051 
315.447959543169 
318.633465604155 
318.405699159785 
317.229973079660 
317.283979523345 
312.951335394514 
312.672556292666 
313.393840754746 
315.831612315826 
314.636732991720 
314.518967745257 
315.378999417663 
318.724972685442 
319.149459669604 
321.730741565004 
319.754378481893 
311.298629350960 
306.066754117614 
310.718249188678 
319.398074219516 
321.319182550115 
316.326194390015 
321.898886220498 
319.067151563998 
322.299442396140 
325.390716151044 
326.689694718853 
320.453727906179 
313.813652850494 
312.999434771734 
312.999434771734 
315.909385285709 
307.298043847751 
303.571834353298 
304.415212307715 
309.937307157361 
307.047247228218 
304.859567739328 
309.190669500705 
309.642058979461 
309.213379001228 
304.202881828003 
306.681665497031 
306.711165991943 
302.152974099379 
301.879895634720 
304.742161329428 
304.669050874961 
304.529114551114 
310.063229917967 
310.198145579409 
314.953503212598 
315.838101684170 
310.119012075823 
307.409951761556 
316.557514342435 
316.208515015585 
316.239832692282 
314.547240076542 
314.775122526111 
316.500479906118 
320.194129381175 
320.446996874835 
316.440697187005 
307.910786410506 
312.281626192369 
313.400080781803 
313.112109495597 
326.245148395505 
317.479684156275 
318.785042677704 
318.825903084291 
320.291453225796 
325.997420851506 
326.273726072248 
326.273726072248 
328.380497065509 
320.545859416034 
319.216016191175 
321.295977690975 
322.997225858063 
312.662914601928 
312.185194648286 
310.981202774900 
306.305455409122 
305.171692020645 
311.176660812688 
312.973596285264 
310.711506731953 
310.383698381840 
304.709723116127 
312.154731135005 
309.520708643975 
309.971534672137 
309.757145370889 
307.224515764748 
308.510803278015 
309.224795156306 
310.368483908540 
308.821723649430 
308.583844602865 
303.068718575789 
299.291735453809 
297.900595484287 
291.107942144487 
297.625404692600 
294.248281012594 
294.795652971297 
294.181971222449 
297.538739367822 
285.772096698518 
285.251565636962 
288.613336907476 
292.236895373235 
293.941483197190 
293.767583347712 
288.347629070851 
289.730347370904 
289.370664953014 
287.082407045835 
290.372637542204 
293.449721159690 
282.245055507493 
288.710170963823 
294.690392137524 
293.848965405970 
295.528941322772 
291.255753300485 
276.162148643039 
277.656447697564 
281.438696665479 
269.685689276680 
279.681721345603 
279.022497924251 
276.929850434955 
280.579747997018 
277.964075219814 
278.893627314843 
279.275189376100 
282.497305553363 
284.155224742232 
282.969122634738 
275.171320471612 
294.258433824958 
292.360953029013 
289.607522098696 
283.978101528128 
287.694689201297 
284.063023624297 
278.397659301801 
282.402593080862 
293.693284229042 
292.149326380848 
295.426272899369 
307.703612206697 
307.370145910740 
305.786249379190 
310.852787119543 
314.675561183896 
315.662966771017 
316.637172427435 
314.556472012275 
313.833756724554 
313.602207744069 
310.651345364427 
316.107282354309 
317.792103103169 
317.853744404799 
314.152008868838 
320.846606547141 
324.587827304123 
319.877205825107 
311.095820589643 
310.049959235946 
311.601961104900 
311.670788962874 
315.636861212993 
315.043846372593 
317.078559546187 
315.175255029627 
317.433543353833 
316.683280129384 
315.796156680886 
315.983320323960 
315.503249553003 
315.552595827495 
315.552595827495 
319.013467545088 
319.547036159117 
317.499432504180 
317.130315519403 
318.927002519255 
317.785527722836 
317.409103164221 
310.188149950686 
310.188149950686 
311.609691978911 
311.760081162703 
318.288117756400 
318.288117756400 
317.107753920528 
316.714074588735 
317.176845675277 
319.941818875048 
320.900901487602 
318.397897139364 
318.832659456128 
318.351752513900 
318.616735808277 
312.321550935131 
303.546557334493 
305.258932229612 
312.508580594607 
313.911256452887 
315.307025361461 
316.209353464034 
320.694812049654 
321.776071732106 
319.791014190008 
318.812626880316 
316.771019590836 
320.038207816881 
319.092253386085 
321.172620742173 
321.959974018279 
319.699065139736 
319.544196813110 
320.342710430434 
327.473565358876 
322.228603181775 
319.690561008288 
325.733661578314 
322.630632505310 
323.552212863889 
323.474912733715 
323.423556782253 
318.215837092085 
319.005981600773 
318.808072612370 
318.830416712889 
318.198340671711 
328.223809305405 
337.014787451968 
335.319844862418 
324.435798977890 
324.399950704879 
324.261095920555 
323.586272541809 
311.811537515009 
312.369187324098 
305.243595163898 
300.077216642149 
303.088456509997 
309.455943591891 
309.455943591891 
312.778380861035 
313.592201413356 
326.353219116325 
327.063842755299 
325.650871421869 
327.923108837060 
326.941497302728 
322.258241178043 
332.399230438974 
347.054636044176 
338.023961070186 
326.549586432282 
329.523474523439 
323.224308874677 
329.589197948361 
332.262763942218 
327.945539483581 
324.588313924571 
326.518321966885 
329.318690332919 
330.946508164476 
331.656627862042 
321.159382024119 
324.002505191643 
324.002505191643 
322.479473496365 
322.401172011669 
324.401244336347 
324.371988992160 
322.963339827588 
321.272765371095 
322.120838283786 
317.060034340559 
318.039491917383 
317.469903496851 
314.674450161297 
320.195301022059 
318.890121894141 
316.497858361936 
320.531427290375 
309.474956892148 
309.097694345320 
310.547120003430 
310.655539374620 
314.370896199485 
309.977648184667 
305.410105462373 
307.329679915391 
307.241447737866 
305.449455141052 
305.608411729791 
307.841418502185 
307.786258764940 
309.397892361184 
311.007815205053 
303.411863001090 
300.651884279994 
300.525268479888 
302.180644130279 
303.153517393028 
304.520227614598 
305.907144893546 
303.761166273942 
304.197751648399 
301.839388309653 
303.426424834894 
305.402276195534 
305.642523988035 
302.475465985858 
302.424195357327 
303.242312806814 
303.584327759581 
307.409323464627 
308.519947771057 
309.050063402144 
308.880466994161 
305.818616493219 
303.220792277333 
300.560426898516 
296.957971436303 
291.572175428065 
293.885520082754 
284.750208742276 
290.275751622070 
289.796360820664 
290.412207396069 
288.630437046411 
292.064325266447 
283.725390572519 
273.509308943049 
283.703829866698 
279.575756058177 
280.983299335944 
285.041752283702 
285.859729568546 
281.051441711260 
282.144143237472 
281.680259139432 
287.092921242118 
294.895168946862 
287.465404471184 
291.530210743583 
293.466304875034 
296.405530952386 
300.180781421739 
302.649791606893 
302.689068442772 
302.750148917625 
302.718958220650 
303.425975926993 
303.861647294529 
303.861647294529 
303.729225571552 
305.038259918161 
304.997643652564 
304.997643652564 
305.569845478432 
301.783587958710 
302.172072477282 
300.107569098464 
300.311648026368 
300.835261645058 
295.505649677677 
295.108479185100 
297.336602264122 
297.365760283620 
296.493353824734 
300.757919038217 
292.656449083860 
301.246847153629 
297.688847599500 
292.258065234521 
291.969318395883 
291.975462037544 
289.728588611210 
283.697606393240 
286.692547322331 
288.554173704078 
287.645199357429 
280.983778008071 
284.248531022508 
284.493628305392 
298.572293360257 
296.344091312500 
299.873213780393 
298.859748495117 
297.432168143002 
301.335715238988 
299.314218306794 
299.568081809692 
301.185798829142 
308.119762491158 
311.656572204427 
311.047755772396 
310.527113056500 
309.408849674988 
318.094184511212 
313.171338957539 
308.566024056324 
304.808423387398 
301.007264191119 
294.176895202042 
293.916645047552 
299.410167649634 
297.536782131312 
280.625776033313 
280.625776033313 
287.274353455427 
285.853052605039 
286.582485975073 
285.223846698062 
294.496419189974 
286.503093305499 
276.985922946963 
286.756762174663 
286.611339424913 
292.511444917342 
293.353417749310 
294.303189813152 
296.470667463230 
289.686109724727 
291.691646406658 
292.205279548672 
287.512363694676 
299.085333793835 
295.219030440335 
293.944976078273 
297.547764021817 
297.252994125500 
292.867548533741 
307.548511966205 
302.221329095730 
300.497587782471 
304.649612156448 
301.915249189792 
300.760667033348 
303.751985308311 
303.247837192945 
303.460836577282 
314.455345425928 
309.292000496747 
318.687149560412 
320.093174683490 
320.303211477114 
317.713902339560 
317.826170008650 
318.308077854589 
317.678872583721 
320.472486801762 
323.598384378351 
322.005505278790 
316.872241709965 
318.484684875359 
317.568775607352 
317.617540387665 
317.156018999445 
317.347961901568 
317.348905010469 
318.305680718170 
318.407614571035 
317.981264017120 
316.659426642411 
316.659426642411 
314.828004460857 
314.061979956001 
312.455118844794 
313.136574259923 
316.756241882380 
318.291338801664 
316.097597890040 
313.120471752007 
312.959012278246 
315.640369201201 
315.791641294449 
316.105500520536 
315.784192611441 
317.054187745034 
323.532275679056 
323.923136333511 
323.923136333511 
329.523933501012 
324.663171144374 
327.375443874812 
320.233223860554 
321.258018330957 
324.524611634324 
322.229689795313 
323.406606095412 
323.509781628574 
320.947522168339 
325.746878843826 
326.048145023932 
321.674005504312 
325.073835608443 
324.352101895254 
327.374904036060 
332.871151883783 
334.183963230269 
330.156135566006 
328.691969399674 
335.574102700311 
330.925716445755 
331.657193636498 
328.651883158130 
320.824854074231 
324.059640931125 
324.060925951284 
320.090530337111 
320.090530337111 
324.123816371722 
330.022198085822 
334.536746410854 
334.910061145318 
328.929868920239 
335.066284296700 
333.766710011541 
332.300970476639 
330.154130687318 
330.026946079924 
328.325269693602 
327.054705649700 
326.423748914458 
324.072581712272 
323.281721135173 
330.050223783572 
320.808554493092 
320.142948582168 
319.785621873010 
319.643842793944 
316.720052018967 
316.877610011719 
315.177280700300 
312.777927154793 
309.152968652556 
311.017294166633 
309.365708092689 
310.072361282813 
309.625760040967 
310.079796840113 
308.736068671375 
311.176474471068 
307.160932333542 
306.477249006027 
305.411881201050 
313.255460015345 
313.030830956004 
320.542135040384 
321.221034895839 
321.463798133533 
325.109814171315 
327.179730392942 
324.490935804476 
323.176855005257 
322.508658217209 
320.659603716948 
323.866236408354 
322.551426964339 
310.203472617394 
311.559156335543 
313.900393675004 
314.333887868180 
309.663954442837 
301.613039097600 
290.904211952392 
290.854760796458 
292.701658964288 
287.033180410371 
287.260103282807 
290.297634706986 
297.191659615280 
294.066459148398 
295.336076984141 
294.803121792290 
302.579774215441 
302.229870277753 
298.303149946796 
297.619703589844 
293.818930455115 
291.528150445951 
288.779488669995 
290.266953654244 
296.253870961988 
297.691033260819 
298.390231385900 
300.626501481240 
313.326631544297 
305.869911254502 
306.210982576294 
296.530677805736 
305.437852446234 
305.163641490387 
305.091058310164 
303.623422957754 
294.580694332511 
293.820300303610 
294.013528773626 
289.265802279611 
290.430431719310 
294.896084882179 
295.262723397751 
295.262723397751 
289.193594642062 
301.613522785056 
301.100698182757 
300.260105761565 
283.342043875943 
292.129451670817 
286.677804291896 
297.072679672512 
295.087080763928 
302.389972403186 
306.610607824711 
299.655105720438 
301.499266101150 
304.518271012595 
300.437140979739 
303.228980635264 
296.742647166856 
292.898365933565 
295.492866005311 
306.282379731709 
307.226652977653 
304.119167912925 
300.885659483225 
300.240777390345 
304.716296689897 
304.515238745673 
310.938593009738 
310.182926591973 
309.183490322149 
306.558903457470 
307.044766688034 
309.310452324189 
309.525041347392 
314.252687755716 
314.844153846407 
315.834377331251 
317.694350233966 
315.020680738358 
306.527115709436 
301.140474927113 
307.080476894053 
309.239861966321 
309.085403055576 
314.435431369712 
311.296267283540 
310.284673642046 
313.412670652077 
312.222266415498 
313.052673844110 
312.633857731520 
307.919366716700 
307.846153433205 
310.049043168863 
313.909339589882 
312.030067829571 
309.415989170585 
312.994877265819 
313.255300723184 
314.767104429425 
322.578136708082 
321.282813563547 
328.152335438204 
324.465559404044 
322.797051614944 
322.497656521342 
321.235826565438 
318.947932194017 
317.155984925597 
318.479327244461 
317.527498099620 
317.103888585426 
316.981011270726 
314.914014656332 
300.419044262731 
300.609247448874 
301.145900939342 
303.171657855626 
303.673461967728 
305.781596300894 
311.085866301484 
309.320775486955 
311.776578876302 
315.262277585251 
314.976176824693 
324.316946421694 
324.900809889590 
320.324835658825 
316.852843530050 
315.116919480361 
306.233754146988 
302.619651100076 
298.223448961567 
290.851027314097 
288.291170480714 
288.291170480714 
297.492993282247 
296.800169297618 
294.722027683021 
299.117921763678 
293.458027817678 
294.983078110600 
295.394460576130 
294.582004978186 
294.375657952935 
290.476845101761 
296.974471110227 
294.903665594366 
295.712253497974 
294.144551693059 
294.462120117148 
285.914681575738 
284.282246559884 
287.298287912387 
285.055544434597 
278.851600348518 
276.145065767427 
276.145065767427 
276.145065767427 
276.218922456580 
276.218922456580 
314.839572306910 
312.434826329262 
310.986268645043 
308.137814983726 
304.661739408921 
302.200419208805 
299.262038399641 
298.022396883913 
298.767310885442 
294.439863680265 
299.143211016371 
299.456234628702 
298.650241710411 
302.428805222937 
303.313803800244 
305.877857632917 
302.971298004607 
301.828914261725 
303.451018783467 
302.631867543747 
302.810601139181 
302.597331082053 
307.333378458058 
306.616881522206 
305.469941435144 
304.245140934243 
302.052543639907 
307.037538424894 
304.335343040335 
304.436738591877 
304.139916807700 
302.538206086941 
302.553694232949 
303.605439183906 
308.050794462670 
295.619657428773 
297.308778030901 
295.127635999886 
283.982599045962 
286.993659880956 
293.932338533249 
297.147992091913 
297.788356201083 
302.516511253224 
295.279575202701 
295.810095854195 
303.348783140745 
310.528048205198 
311.839378507667 
314.343887420151 
309.909415583402 
308.902436598467 
308.631579218880 
311.797467910603 
311.576665747950 
313.903685652557 
308.772938198347 
294.320301606268 
291.395439295053 
289.715613895899 
286.286523844226 
284.839527663264 
289.587886217632 
290.522253268962 
289.581439884382 
293.253437450154 
293.540779515258 
293.433515010026 
289.897929543965 
296.090162941533 
295.872661024733 
295.289837101086 
308.821817364881 
309.792964615645 
307.704630119932 
307.488363775419 
309.893339811342 
311.386091359528 
314.511416854405 
314.764178103987 
317.630045936036 
317.606101976304 
314.792068373552 
312.996529082757 
308.110359296321 
305.004669754122 
303.389806358748 
303.086654173313 
298.969527136003 
306.081005365660 
305.802289820093 
306.985011147387 
313.067878321771 
321.842525982470 
306.657285111220 
305.948800495844 
294.138673161101 
292.955491776862 
293.043508780364 
292.756046202807 
297.217976434118 
291.717007621519 
294.496305070543 
290.156714735588 
295.129407725677 
290.245193837103 
284.754457512623 
286.992477586250 
278.812022980650 
292.273702556570 
292.172022875449 
292.162609819774 
292.364460409871 
291.462028613565 
291.458226462071 
294.416061645148 
292.892557417825 
305.654341835421 
301.151436300739 
301.303415161260 
292.016400858460 
295.970510491701 
293.244453445694 
286.983599276448 
300.346252976972 
304.169447859307 
302.744586124783 
304.024854246312 
300.500725837532 
303.493281372315 
304.700801868027 
302.671521114297 
301.850001973408 
305.051604821021 
303.646109954282 
300.317345611405 
302.846254648106 
304.321172166059 
301.379402854243 
301.475917033541 
305.160829726206 
306.044503781652 
310.731816436275 
311.150999427332 
320.244595140031 
323.390349818780 
323.390349818780 
317.523119830742 
315.303026617457 
325.264037703619 
330.404226813066 
329.514139668636 
333.005721701817 
336.850543108915 
339.000240380842 
339.496674029579 
335.740587705477 
335.656359725869 
337.755267420224 
339.816563792924 
340.246915882498 
337.403339418369 
341.732501638169 
339.754853721277 
337.812608606998 
340.210291779135 
335.307686863869 
320.594254247429 
322.135963348705 
316.546192674558 
305.479458304711 
306.587128105689 
305.504812847864 
310.979834926424 
312.408544401315 
313.198647640650 
312.316597231758 
307.985336247491 
309.627964818251 
312.432658626727 
312.432658626727 
314.216990637893 
309.398393644877 
309.663488858131 
313.414880057253 
310.460184657997 
308.332915759432 
308.157517788712 
299.259608192548 
296.898057641446 
296.957652656712 
299.141179860715 
304.337889311182 
303.406929195253 
304.758753512403 
308.450739115327 
306.376703496830 
310.541866640187 
318.428242186373 
319.998627221573 
320.695853245094 
320.773451635016 
320.234821100495 
317.555520043704 
321.269123101477 
321.319021005076 
318.845363212988 
317.071875570546 
310.441550912315 
310.393527249192 
314.253009330058 
314.460561312925 
312.910405558376 
313.053831959710 
314.036265160997 
313.410413736791 
312.713577808316 
312.126151930425 
312.512167622178 
311.662370912149 
310.368241327331 
307.072799746592 
308.231785132461 
305.059743638881 
311.120958148036 
313.008202676481 
310.576129433714 
309.550037975233 
309.554217420191 
307.071252428819 
298.990512013923 
297.659595609635 
297.659595609635 
295.860866288369 
290.211786449297 
288.572447011745 
287.623741069558 
291.706876816498 
291.515676243739 
292.635681415471 
292.677742676724 
301.426422054329 
305.463968812315 
309.307988810799 
307.614096005156 
309.238331073345 
308.702550142304 
308.702609683567 
305.528390288002 
304.012686122871 
304.292056332712 
304.441629762020 
303.623051717064 
303.623051717064 
302.919482051259 
303.194388262240 
303.379829849781 
301.661696018400 
303.324526304282 
302.853569896415 
301.113345506289 
300.472984589060 
300.661963234698 
298.745772840881 
299.054537080914 
299.461971287241 
300.439274818288 
304.410824316022 
304.410824316022 
303.901995843183 
303.901995843183 
294.313298192739 
295.632916618651 
295.632916618651 
295.632916618651 
297.644244873722 
297.269500717396 
295.114559217595 
289.488937567642 
289.416264240993 
285.725588204999 
288.644901179716 
323.834247465288 
322.661072174886 
322.130033361213 
325.301857595554 
325.025914658718 
326.513686130177 
326.256364413536 
327.980975188762 
328.320801978898 
328.320801978898 
324.740499589269 
329.939903205413 
324.109576420640 
323.846128308959 
320.105054084664 
323.352420470890 
325.395765750352 
329.312338918476 
329.669340473329 
328.635431390454 
326.641236473791 
322.912134755722 
324.790777004978 
325.155762578961 
340.832804589641 
321.908176859573 
323.111335098071 
318.227479745165 
320.923805410235 
330.792699789779 
324.737833470102 
310.460879077352 
309.011484544963 
310.504715480682 
306.464983606647 
305.270302050117 
307.338441852577 
308.369796535114 
304.606767591427 
305.927893638605 
305.089124911076 
305.006348786359 
305.151661158173 
306.235175770705 
306.488567422127 
308.068847938621 
308.975761442375 
306.872648735484 
310.774569069088 
306.947886520103 
301.193246914759 
301.732877495273 
303.070725622845 
294.608271984401 
281.420648999936 
295.344653406984 
292.831098977421 
290.515862029990 
288.582461802021 
283.956846113151 
283.437090882872 
283.437090882872 
284.258237186276 
284.258237186276 
284.300896228283 
285.809098327955 
284.056227023694 
284.221268280416 
286.461335429080 
289.845653160007 
290.041425740369 
291.745762914479 
290.919931113048 
289.722204811207 
280.958652342073 
276.077750848328 
281.194053563311 
281.166860214057 
282.141028828382 
277.491357810246 
277.200311578480 
268.729380254542 
273.160309716491 
273.880809437083 
272.141319315786 
272.141319315786 
273.902089152159 
274.065932435588 
277.087600046122 
271.066467291691 
272.592928145256 
271.399641316159 
276.666860696747 
283.621039356866 
325.263174113547 
324.961726859575 
326.516870223670 
327.173609134148 
327.539956319598 
327.539956319598 
325.800482472347 
328.315277071193 
324.239801573797 
324.239801573797 
323.221143566270 
324.178033067281 
325.888539994921 
323.445406152688 
324.689278369053 
325.709761974236 
324.461322389817 
324.222380536494 
324.240491242791 
330.177393588147 
326.530753587431 
326.530753587431 
326.530753587431 
325.925995999038 
325.509749123114 
325.517200479714 
325.517200479714 
328.083267682091 
328.083267682091 
326.934595667679 
325.318716972587 
325.318716972587 
323.801869663547 
327.716578909136 
325.812255365966 
326.002785711047 
328.748852397437 
323.503269302712 
324.502943744105 
320.175072291872 
326.435645832311 
329.854252965673 
332.874888351717 
325.753430822344 
330.978980948286 
322.131435400835 
320.732080211197 
324.267300390170 
323.200438188156 
324.603088550147 
320.455971223511 
316.608985175002 
316.802672436523 
324.138945188827 
325.658689171716 
324.609074131722 
322.468948184023 
323.412684323005 
330.951868256703 
328.186184511366 
326.258002403951 
331.879696882209 
331.118705910974 
331.818539946300 
329.768036491326 
313.764976120724 
311.382384127986 
309.190173370674 
308.210186329541 
308.059618133950 
310.607535175807 
308.835355882403 
304.845301090553 
304.516706147171 
302.251809894199 
294.854467242411 
295.120099334272 
291.608951589852 
287.447898931980 
283.505912391542 
279.658925656104 
279.746808164694 
291.758955689350 
289.532599257896 
289.326887652557 
288.137039177729 
290.940571464632 
270.638653382268 
278.903914805489 
262.703612550886 
272.223155524995 
273.285969319022 
278.960124716124 
272.348110038096 
316.723842244450 
315.570025409068 
314.456678737170 
314.295507118036 
313.886078081321 
313.729277565105 
314.152907648777 
312.649685369088 
309.509358857853 
309.348255733491 
308.027928254615 
305.988109820349 
306.755866337917 
302.455190778737 
304.437506932366 
304.308241619204 
304.215543528038 
304.215543528038 
301.330955060937 
301.380948908506 
301.380948908506 
302.655990625503 
302.501035544100 
302.501035544100 
302.215548241613 
304.497138408122 
307.018628985582 
305.000399873970 
306.330961080145 
311.044328208364 
310.919210020521 
309.806945810459 
311.449417247306 
310.807019055181 
307.519294299934 
308.216622777750 
306.123909002622 
307.429646266200 
307.429646266200 
306.554720460494 
311.942665614810 
309.846952805691 
309.846952805691 
308.483597709594 
307.789499111545 
302.248551705915 
298.217989326081 
292.254150578170 
300.103052053978 
303.584876144269 
308.644164595714 
304.325229410751 
299.013092681163 
301.674712670686 
310.167569517628 
308.829867931023 
310.510008307255 
308.065736555214 
306.885664180697 
308.385039807723 
310.313709737280 
310.839965487785 
309.714222713369 
309.469762534727 
308.294737949154 
310.764780599453 
308.957909186231 
307.308266091675 
305.149503079678 
306.024695546055 
306.756519817544 
306.026807447864 
306.741429022529 
305.230344488404 
306.183999212645 
303.932180521663 
311.764860713545 
311.401587249340 
294.260591324517 
296.455577766909 
304.262624118192 
305.786413991831 
305.873049903282 
305.780241624069 
317.332662171879 
319.829472938906 
316.314801729244 
319.203761045116 
315.691540441425 
313.263534893408 
316.882920414794 
315.625094018349 
315.625094018349 
314.326616022117 
322.290848526636 
318.709282182087 
317.344558411154 
319.135236378592 
317.328721604862 
317.377111817961 
316.801446422676 
315.786255298047 
315.206917771954 
317.551033580892 
316.534569354472 
315.058566813697 
316.224333845436 
316.494544945087 
316.494544945087 
316.494544945087 
316.494544945087 
315.676064995544 
315.534270425548 
315.445414424814 
314.707784804244 
313.163434739939 
309.781694307614 
310.701016978135 
309.988072422238 
306.908129480617 
306.098474845629 
300.253387412115 
299.845317346239 
295.919022246931 
294.956414445069 
292.992449928919 
292.182908235009 
290.873541041179 
293.312971477541 
288.784318317968 
297.071341349328 
300.792446579445 
300.771362771372 
298.085338448891 
300.534365892014 
299.509421186629 
300.573404941936 
301.159319919655 
296.923942388056 
289.635463702911 
292.618724869820 
291.701361842985 
286.415289706112 
287.560708197615 
286.637446583456 
285.742755987237 
287.274552949569 
283.341738408500 
278.922473250124 
298.087159299872 
299.065685538221 
296.481521816551 
298.559973578935 
312.428573164854 
313.436488886326 
314.248657931115 
312.432051327655 
300.831408794768 
303.745355681168 
295.926899618097 
299.872156679635 
311.226911506964 
309.542923448448 
308.655002063397 
304.629176759664 
306.149771006032 
310.966752613637 
312.506997407675 
307.779823157077 
325.753509938519 
326.810192452938 
321.377170912046 
326.340629825604 
321.480876085006 
323.213081406621 
322.268743797763 
318.584173609651 
318.189713987278 
319.336342866166 
316.640420427684 
319.708504736667 
309.179822889309 
321.853174862711 
324.745188826012 
332.676479591533 
330.483301667004 
322.616590858539 
327.936658241822 
311.668367540810 
309.716090504211 
310.187548661568 
310.187548661568 
310.691473510223 
310.639789348550 
310.330553133262 
310.330553133262 
310.953537189417 
311.100635165845 
311.100635165845 
311.129608066705 
311.129608066705 
311.530741227795 
311.871982801971 
308.499603746752 
308.499603746752 
308.499603746752 
308.693723988477 
309.110749389132 
309.171531208973 
308.418727507940 
313.793037462023 
315.629609481735 
317.107185897777 
315.398926463820 
307.371899525251 
308.386048732265 
305.764353813936 
305.402728881266 
304.847998421075 
306.575885585989 
306.575885585989 
307.630737721503 
307.036564291938 
304.946837550337 
309.086087441540 
307.083180020874 
306.317388145340 
302.330516010079 
303.965210918429 
306.333091723143 
306.280734897509 
304.082513638440 
304.082513638440 
303.909091513738 
304.749293259366 
304.749293259366 
307.370570356679 
305.945029206787 
305.820722208164 
311.607914984344 
313.886576082994 
312.650231895069 
312.779061839176 
312.955172077200 
313.965865310857 
321.369294054771 
320.396716981412 
321.324409706864 
321.284899279863 
319.799536388039 
328.553959648914 
321.625213131210 
321.118274538146 
317.890171229766 
313.450038958976 
309.327240262355 
309.327240262355 
309.956025367861 
312.938153008280 
313.204672977923 
309.563337895317 
310.613682820322 
305.770639531982 
304.653693233929 
304.787980380925 
303.865961485651 
299.288650376236 
299.578872268013 
300.956646472045 
296.382974512943 
298.208842124498 
295.951461396606 
294.333047579827 
282.895996227746 
280.538858816331 
279.452484350413 
278.299046592809 
282.661687123145 
286.010015195368 
290.337646365279 
289.399434064737 
292.004838074054 
308.544264892511 
308.494324072899 
308.494324072899 
305.372756783354 
307.290879947390 
307.779721118110 
305.475485118914 
305.555900521587 
301.628097702986 
305.032186822768 
302.623095017835 
303.781491529934 
303.499987695499 
303.154539730139 
302.921174316584 
304.969085227955 
305.060302250901 
305.098398045221 
300.244077903789 
299.417739925409 
298.479337384088 
296.888798810427 
299.460052261642 
295.775925496483 
288.732862646001 
294.114235293543 
301.295051054708 
303.304553745970 
301.021876215925 
303.200903880757 
301.809139985883 
301.040001650734 
302.281338864702 
302.773367764932 
303.770981930997 
301.347127343488 
300.961859766141 
298.348326727653 
295.649584607396 
305.087878660332 
305.070848623364 
304.452694755752 
309.676803729754 
310.949187136077 
310.042896579985 
310.774980376941 
310.774980376941 
310.847842087446 
308.961376064133 
305.392702250802 
303.197321493789 
301.925628756718 
311.233700568612 
312.496663308422 
315.121021578081 
311.854053687459 
309.879060436856 
313.859309816415 
309.247088377300 
305.754821942397 
305.663178177183 
313.290880224075 
314.434188010858 
314.492361662578 
318.991162101652 
315.660999670273 
309.580785579815 
309.930925674568 
309.272095898646 
311.040354902881 
304.165658394509 
312.397250959774 
313.031186718887 
312.862651975951 
316.310687583373 
316.325342117909 
312.415160524904 
313.012454853707 
311.195887310887 
311.264732756333 
311.314078838578 
312.346444346806 
321.983388434470 
325.943815347718 
322.386445101425 
320.676947961754 
321.389057679454 
320.072297821714 
321.181383996519 
320.811640583202 
319.128076705110 
315.661936473593 
314.061727939072 
317.994449040612 
306.391027695073 
305.190822706254 
306.411275335344 
300.243824557638 
297.720806276974 
296.922298245743 
292.033371763999 
293.366272255269 
297.616488371043 
294.365810400915 
291.585161805504 
292.432385176915 
295.608343821474 
304.093685466450 
304.834082355628 
304.490292958701 
305.047858707472 
311.315859934738 
305.377532019365 
301.687363071745 
307.386701650649 
307.643926736343 
308.493431896919 
308.817588171870 
310.145076678350 
308.465584254580 
310.133235810655 
308.955296840878 
310.443712700186 
309.137187661742 
305.062381068768 
303.396658978836 
303.677707007658 
307.589673374595 
305.811330848555 
308.197548436621 
306.334053009745 
302.053664295329 
305.113092001163 
305.658927491657 
305.984779074554 
303.938386165745 
310.176630683376 
311.828828359001 
316.021425360394 
315.595472072018 
316.796343083946 
316.756619736843 
315.805463935315 
313.571007709058 
310.802248395575 
310.705733792241 
310.705733792241 
310.705733792241 
310.818182190688 
315.898515408375 
315.874446644325 
316.079401832607 
315.877767663024 
313.243911508999 
305.015527617448 
306.557338312543 
312.270536420224 
318.739383079492 
318.374218990348 
317.493328303751 
309.727501211099 
310.413603649504 
309.842580895737 
311.543745795732 
313.506496501777 
312.392219999324 
313.283261742437 
313.283261742437 
316.661718409753 
312.536879379232 
312.460837443726 
312.523767008409 
314.948691468398 
325.220803859535 
331.135104534808 
326.749633739135 
328.085364224218 
329.019596094585 
324.108859843801 
319.522160095691 
319.178881929030 
319.148133618598 
320.110872777710 
315.458067262765 
311.670060194754 
312.693925730348 
313.768542271269 
314.121234551667 
306.979479528720 
306.344554204503 
306.344554204503 
306.344554204503 
309.757204051725 
311.636700452227 
311.329829812901 
310.946950713093 
310.688395156981 
312.200559700876 
310.928273732263 
311.269127647440 
310.906146058843 
320.863044707795 
320.575516778026 
318.859950630160 
313.457480808562 
312.603518437235 
315.471794045243 
316.066932654289 
309.503812302007 
313.059921076891 
311.861548558267 
312.589257953178 
313.117931635803 
313.922175118973 
306.756528816585 
306.133382188920 
302.683993420128 
299.109915312604 
300.400239646171 
303.591513463993 
303.119033328615 
299.005472901837 
304.892840118576 
302.837103408680 
304.657914661759 
304.497556047772 
300.033185203324 
303.387162767034 
302.694789532023 
307.801131380488 
307.374384123194 
308.346722820457 
309.971061245058 
308.023116174462 
306.551771629322 
303.832656814665 
304.203882574001 
304.121926111499 
304.040448925567 
305.195268058471 
304.957146607354 
294.491845798597 
295.869118487992 
296.878135095630 
294.471939649911 
295.285162464436 
286.567360005739 
291.377098568501 
290.380487664131 
295.435642404442 
291.729033543576 
299.501455246703 
297.228305020673 
298.366715234193 
298.366715234193 
300.990188748874 
295.997762706426 
294.607165411371 
293.272892846828 
281.418506778166 
296.721091354839 
295.816970065009 
293.280152949332 
293.783930991389 
297.317404864559 
310.693373606887 
309.980434603645 
311.621525553692 
309.915430179299 
308.983077003788 
310.591213975260 
316.080365462194 
316.946857765585 
317.134831556486 
315.462139955526 
315.606172310989 
315.613780433976 
313.452311735549 
311.209782961522 
311.209782961522 
310.498143667704 
310.498143667704 
308.187442524369 
305.766354685402 
299.336704933396 
303.682056029761 
295.825708701587 
304.274853193106 
301.924350963312 
301.924350963312 
301.924350963312 
300.329527501596 
300.629869330860 
302.506097760703 
309.763207707463 
316.235930096803 
312.074632038009 
306.506323836583 
306.820572693255 
302.554207909772 
302.528500688834 
303.498931988605 
302.778754944862 
302.778754944862 
303.231678746336 
310.569749238015 
309.537083356039 
310.221793657803 
307.724059520993 
289.243579815626 
299.482136293398 
296.546062534499 
298.659037202362 
301.958817062393 
303.658486432659 
303.530408631531 
298.795690059139 
298.910201035485 
299.032047096816 
298.570499405497 
298.988206142889 
303.245527543323 
304.798899513144 
304.567034671416 
304.564863329418 
304.496972602232 
305.790093548951 
307.600529741090 
297.944435275627 
296.978171256761 
296.978171256761 
298.936695428860 
303.594833480107 
307.281956101768 
301.012425282024 
298.189605294570 
297.117883319184 
298.823426435786 
299.951767111533 
297.219908133666 
293.332297210928 
290.796032890371 
291.768213582174 
291.731500450493 
291.061637221957 
292.947243566325 
292.971445499648 
289.176210002564 
291.261443792287 
284.738467734139 
291.924330275409 
291.924330275409 
289.607457896725 
286.121595738088 
290.416112989410 
287.784230240952 
293.383472584707 
305.663361529288 
302.238480108905 
305.258454761350 
302.889317569086 
304.495675214831 
300.611463548361 
307.132828836519 
302.959774556891 
302.215880646381 
304.786211065506 
300.498929165320 
301.839787401219 
303.616961458364 
298.490320592041 
299.021714277551 
302.118687601605 
313.291060906889 
304.852304370792 
308.417716473337 
324.140014215488 
322.812935955472 
323.941822855469 
326.702672398792 
326.713214936146 
324.396076748233 
320.913992425632 
321.871099740790 
321.490026292386 
323.401540021686 
326.502548118101 
325.989674684411 
324.531309751406 
324.880362873983 
332.738856284846 
332.309541471519 
331.990711263826 
331.143291603111 
329.724592216904 
328.087587193128 
327.404301561640 
326.996487042559 
326.996487042559 
330.218677049316 
326.193653087251 
327.916940512536 
326.125368269842 
322.419213065004 
323.219969225779 
324.543072229728 
320.507085547313 
322.153784878015 
330.170181324630 
328.386798085810 
332.303512971637 
328.505420663591 
332.043869529703 
323.258018695525 
314.003314673585 
319.911895820624 
311.781145019136 
310.153601900760 
309.222399371920 
313.853523899432 
318.071251646007 
315.780408790747 
314.161916478454 
316.499783758486 
316.983223062638 
321.848957749173 
320.533274090474 
321.064256475606 
318.817259016216 
319.157160582534 
319.712878222437 
321.829819632883 
316.198827445136 
316.129212274603 
316.422996548787 
316.211661432654 
319.152387671741 
319.091673452227 
318.855596213331 
318.557340806559 
318.295482346781 
319.008148208786 
305.257578962559 
304.947933738801 
297.913193459210 
301.903275016920 
299.667034788146 
299.925569782176 
294.283078962527 
296.914339744111 
302.776097983418 
301.808325711950 
311.859508321155 
323.751748517188 
321.722635501451 
313.745311705745 
311.296741865152 
311.296741865152 
309.447386350418 
310.358198396002 
305.371270390882 
304.186439359530 
301.263773683426 
295.974490156392 
303.565400419892 
308.004650881937 
308.200233334865 
307.993283377878 
308.027574373041 
306.815801112689 
301.856856455917 
302.695007770758 
303.415569269834 
303.365252813951 
303.773749386922 
306.415322562301 
304.760697765534 
314.543971478686 
315.409260867966 
312.769714146960 
312.886442522372 
313.476641177437 
312.443707309548 
310.455087515280 
310.003134749855 
312.214077061714 
311.027537995863 
310.784448793288 
310.616253685355 
321.188856485154 
321.567967791659 
321.389872516647 
320.313828870521 
317.607740274164 
317.314297304769 
318.602593615724 
318.188896389585 
318.188896389585 
315.810133732301 
320.966973730932 
320.693042653735 
321.031202609020 
320.205245224413 
321.642141770737 
324.247335116503 
325.604641381108 
325.467584604726 
322.818165897311 
323.452263201266 
325.060987071742 
323.786750366985 
323.704515463372 
322.017716662562 
320.017963471445 
318.286146750636 
321.954436285855 
322.322331588239 
326.587609206622 
325.741416102438 
326.541288689175 
325.696257290884 
325.037735769459 
322.250635522014 
321.118151007930 
318.905708005198 
315.419704428511 
312.351216899781 
310.189285631708 
310.933692093725 
310.926086472615 
308.474441240196 
314.295923806044 
313.289477888008 
308.779904448166 
306.977457381327 
306.434723656103 
305.717300785461 
310.794295535511 
309.156412966076 
314.261887799805 
316.488236465848 
317.932573439839 
317.348971910655 
316.105125289351 
315.578286287169 
314.364910394673 
317.626343145572 
326.100863687556 
326.103690630775 
329.699591821771 
332.938065063798 
334.252547146929 
324.424105488940 
329.624763807765 
331.021751079220 
327.743852144458 
336.818671209448 
326.068752482485 
326.068752482485 
323.398240605891 
323.192029232335 
332.002638193946 
327.373761324686 
330.819337016133 
317.407589845193 
318.132672503084 
315.528232959340 
313.321304556303 
312.508985882443 
312.987403696944 
320.253409834768 
319.698986486613 
319.135120350103 
322.138049991582 
315.397122182210 
312.296986238971 
308.943731957488 
300.130004962470 
309.808575766431 
316.154981745351 
318.624654195227 
315.595382612132 
315.443834433501 
315.443834433501 
312.838003034411 
319.228910615328 
320.767441601404 
324.520658096239 
324.304865731015 
324.962821357303 
326.695223044469 
326.138963347271 
324.925736428955 
326.926258327458 
323.513373920971 
314.902626623205 
314.116071319127 
315.221869993531 
314.246680814339 
316.006275860191 
312.423607966678 
310.424787871636 
308.414092025197 
310.543753865378 
310.851223504586 
318.166705865931 
322.188821529801 
323.070396736470 
316.519763025278 
325.012510082040 
321.257877504341 
321.850565787653 
322.165287532363 
319.766117909382 
322.087363903472 
317.894691948825 
318.035056966442 
318.226181208479 
319.302067275605 
321.408409966527 
320.548929132352 
326.549970379642 
325.413424222621 
328.962280049134 
328.962280049134 
327.429387290685 
331.482743184278 
330.552434261899 
324.833962268151 
326.248051412805 
325.873335450000 
317.422785389095 
315.445126178845 
315.175301159326 
314.126943485833 
313.879581310393 
313.276763147232 
309.881309186782 
310.183760075289 
311.138494897990 
301.520405431902 
305.253398482965 
302.660002777432 
301.260989342572 
298.300354972376 
287.141459569175 
289.369239787864 
289.340724874120 
285.913542313270 
286.910243014435 
286.259695703453 
292.431909761199 
284.737163866405 
287.062680173425 
287.738541481768 
286.893011770262 
292.803815148609 
286.592770861464 
314.357954068840 
313.620070805606 
305.965277982854 
303.252965318640 
296.635906567947 
295.549916756994 
297.443394337109 
295.650522948285 
294.925750878469 
297.246271997019 
298.860395776666 
300.214910916226 
300.214910916226 
300.016007223177 
296.241351496848 
291.856771567519 
296.381061172610 
297.813783066409 
293.386655912971 
294.497528731350 
297.422140648912 
297.422140648912 
297.422140648912 
295.922236724240 
301.221604761854 
294.893631806064 
291.921312641809 
290.638017197562 
293.811224821953 
291.265756977038 
290.107564373452 
293.696533469523 
290.396220273152 
296.511641920325 
296.511641920325 
295.604497473403 
294.500936694745 
295.903794969999 
297.266891671872 
299.862017905595 
299.280997353344 
298.879821002880 
300.391324761879 
297.680155332139 
296.070403934927 
297.565043982815 
297.997436506875 
297.997436506875 
299.173473623048 
298.296125966466 
296.418909304822 
296.418909304822 
296.418909304822 
297.714052854315 
290.009888678692 
289.140577951970 
285.741416283185 
294.429272252632 
294.216317702917 
303.602664708303 
302.677824202007 
306.635439452913 
311.771329721229 
312.011490539520 
312.183753595762 
315.567642775780 
327.174057515279 
327.301531161356 
330.880486257323 
323.589199736307 
325.454679625162 
323.911681443716 
321.814230116859 
322.831435701680 
322.831435701680 
322.236155107695 
319.076573524581 
318.329545898018 
317.984432731926 
317.973215448814 
315.459288347095 
315.459288347095 
315.459288347095 
316.272948033844 
316.166300844948 
316.166300844948 
315.337853343779 
315.874680980544 
313.288652588172 
314.791269412301 
314.791269412301 
315.384734615367 
313.115656092986 
312.887718530630 
316.334339648625 
316.740039478784 
316.740039478784 
316.740039478784 
317.961552280453 
317.769065810041 
313.914244353955 
313.632806562139 
313.063725126684 
313.534545009017 
315.712590238765 
312.069465459219 
312.806965586480 
311.865995012004 
310.066946679787 
309.922261758421 
308.205299358904 
307.257593147281 
308.495288948850 
304.803002684112 
306.755054089819 
306.449945773718 
308.565238229904 
307.505163079020 
307.232379275981 
306.048378065777 
310.096342612578 
304.133935170772 
300.347610159572 
312.678069936729 
313.348537589453 
313.458097298875 
316.988096425956 
314.525983513289 
314.681456545333 
303.634982948782 
308.507385492471 
304.780273930031 
304.097840499580 
305.246632464530 
301.144870147009 
305.225174043583 
301.762397753295 
301.122149363122 
299.408171170312 
296.006274938779 
298.776031526361 
288.938671672495 
292.888199532782 
289.534404929231 
291.433905725685 
297.961464592007 
293.011780689814 
296.463936172329 
296.736683436636 
297.186429180170 
302.376605374880 
301.036075243571 
306.220205906598 
304.567422398238 
308.078449882931 
322.825223606352 
322.793749722636 
314.398079776570 
310.557565723580 
312.491833821365 
310.173550376528 
307.500303814457 
305.688858249637 
312.513742599177 
316.826700977262 
321.221072189839 
322.589815331685 
322.575440111448 
321.104408387972 
322.007650508028 
331.098968549359 
336.061765307205 
333.386295096385 
333.802211652623 
333.355012218675 
327.515031541374 
328.498966700622 
326.852838583994 
327.168945806723 
327.343823690270 
323.041199486969 
322.737253900068 
322.710598490225 
323.938611010003 
324.010859584967 
320.518746534802 
320.124383663060 
319.634422867630 
311.678240387054 
310.308901354910 
310.629520785446 
313.703439447338 
319.638748956043 
317.535722258110 
323.365080467807 
320.186359578639 
318.870060619983 
316.819820868930 
314.857138999330 
309.859468815306 
309.510414173122 
301.198614152712 
302.563265069770 
301.895517892219 
301.553434679539 
305.033543736631 
309.301410191978 
307.917251643751 
307.667045688157 
306.303784261214 
311.401585981733 
309.801965899335 
309.075766477008 
307.547878141537 
313.979558691985 
310.269207689608 
314.501525946874 
308.191405197038 
307.534949796110 
308.808374639026 
317.419700811694 
326.454343627033 
319.888386832980 
317.677377089766 
320.399117316493 
312.132491393368 
310.712038371748 
317.020570632868 
315.259459379900 
315.043537105611 
315.013949248186 
314.385872081441 
316.073436224039 
316.073436224039 
315.698943231061 
315.703825508144 
315.703825508144 
315.433488936978 
315.533825533521 
315.746181245734 
315.975829741773 
319.867415625395 
319.296252295611 
321.475608296496 
314.948024966502 
314.876890307278 
315.822556222098 
314.747859687196 
314.755863023803 
314.588245639078 
315.294611018793 
315.294611018793 
315.292687312815 
314.203784577385 
311.429152146572 
312.831409138943 
312.538935622240 
309.252593320412 
304.963044508676 
306.517838798586 
302.090406659652 
309.859056514186 
312.036299936157 
308.939209721984 
311.884723951974 
310.356738849737 
305.716249461911 
305.143120097690 
304.283222880121 
307.654975715765 
302.368818337849 
303.669095361536 
291.577871075875 
292.506043828700 
278.862450798921 
287.121750948775 
286.924131873835 
285.698695240690 
287.971896597068 
293.489117215473 
293.628139076838 
297.775054128882 
317.950932487530 
318.211735273567 
318.293746708175 
317.796828092111 
326.372023688479 
327.313489886987 
328.541217695404 
329.250175909990 
315.508421279461 
314.636251693373 
314.363342775117 
316.545622471641 
315.753132491907 
315.830268127529 
314.723635804013 
314.563998537308 
314.925926449996 
316.161705658289 
316.859880992873 
322.526910408307 
323.176245245918 
321.785090726041 
319.893441571534 
321.066121808090 
321.706644990148 
320.715418214717 
320.672359522864 
310.963547590258 
304.072234221405 
305.915415216242 
305.685683573535 
305.258050729826 
305.258050729826 
305.071186826055 
305.090213007443 
305.108545386393 
305.108545386393 
305.532479513082 
306.924463093156 
309.794161129392 
309.637751631939 
312.425313919413 
309.567639544082 
308.397508761290 
306.677996595179 
300.307314575658 
302.950698974319 
302.540308418919 
308.621880177506 
308.520124810787 
307.364837626436 
308.885503622078 
306.090438530610 
304.195221321264 
304.637796786495 
303.083537000779 
308.455277094278 
300.991928801832 
302.257246090296 
299.606630970289 
298.740577576951 
291.549092681789 
292.841126590939 
291.508892454223 
294.077249428309 
289.267145613864 
298.418688437623 
299.102570792038 
300.896840865769 
308.279233363279 
302.624088172598 
302.456215015399 
301.084807839167 
300.949704661468 
298.606126302621 
295.707468621077 
302.188298997064 
308.430216482844 
305.939748455949 
309.712549513828 
310.188079276381 
311.646935533558 
311.153158299809 
311.886295043928 
310.429734987445 
313.717522653045 
309.248192251549 
311.372187813615 
304.655132391731 
310.798593017943 
313.586018319130 
314.487940717626 
311.425837127994 
311.315654300616 
311.569793260250 
317.276176096120 
316.082246709651 
313.535349832572 
312.069509870979 
311.334136948959 
313.494077600271 
311.777938577490 
315.111644180791 
314.729593404453 
315.161348842870 
314.224843561662 
306.175009860140 
305.675332246383 
305.533375992020 
304.271553221933 
304.765432203751 
301.744805713004 
303.979452473987 
304.742797985576 
305.211125754127 
306.337422315944 
311.273344769574 
309.967173263914 
310.902600374208 
312.022680343857 
310.373145321815 
312.548517523783 
314.866527800219 
314.923087687108 
312.979262395063 
310.628981195759 
309.231305264412 
309.207914237121 
309.632768807395 
310.144167372564 
311.528985549011 
306.338494891949 
310.272517221701 
308.028979232893 
309.213175487178 
310.798251057037 
307.049677778793 
303.429863210146 
302.392227901911 
301.645842724310 
302.688804419374 
305.186149351959 
303.411851142122 
300.801917649983 
301.653329471556 
304.531925394271 
305.958210222385 
304.420778752381 
303.048663554035 
303.693424390293 
315.010599694123 
314.209685057837 
323.080145805067 
321.172831696305 
324.259639460712 
320.967154247439 
322.239781733909 
321.974162511063 
321.744425667433 
322.512430741938 
322.995338146069 
324.481910923332 
324.382742685572 
334.286862528943 
328.078233738614 
328.329591534600 
322.331625891557 
322.723702550455 
323.748740228006 
328.629252867108 
333.516791405663 
333.402220015525 
337.729011228215 
336.331836680882 
327.660232643404 
329.515050278835 
330.601337801337 
329.485726556234 
333.555364334662 
325.448644984153 
325.448644984153 
327.688242599527 
329.362819681904 
317.992061178211 
320.545577828166 
321.135986191987 
319.452976579308 
316.385070763625 
303.437917241990 
303.824631215988 
303.613843036684 
303.873150703083 
304.337348361373 
304.192359947644 
304.835081234737 
300.949141916401 
300.832753755980 
304.383361900590 
302.976999877423 
298.227942385862 
299.739199463318 
293.035410079170 
293.035410079170 
296.258644895718 
300.551493607567 
298.685980877318 
298.163595677216 
295.341213674729 
298.072442634206 
304.224588958561 
307.485711289726 
302.734660642232 
298.362854635906 
298.722967037543 
301.721607508126 
301.661664613458 
297.701418019858 
300.310625975520 
302.773730386674 
306.211939455166 
300.430215595156 
299.553008280847 
291.314329844446 
296.669461859974 
296.450933080753 
302.989819342288 
301.548192578003 
306.074018061468 
306.190800333728 
304.046069321444 
303.102152234316 
307.296674462724 
310.322899765281 
308.644352440249 
311.283229758863 
309.980134055150 
302.729176699844 
306.533920306416 
314.890269320930 
313.235825452517 
311.747943469537 
316.073603517585 
315.069118765869 
310.114135432726 
312.077396845636 
319.160249820539 
320.394556638966 
322.334456495234 
324.865475813064 
317.777991345175 
319.533015487799 
308.798297001407 
309.005328050128 
306.687273600576 
307.186827377715 
307.349230978031 
304.455265403652 
306.231862302545 
309.922491869414 
312.854142212415 
313.639206970945 
314.814410683605 
312.302500013019 
311.030174209501 
311.372748004597 
311.804618729558 
315.340105018387 
313.354361931266 
313.375572797698 
314.372957033812 
316.365821864668 
316.679004994381 
325.218223309715 
325.178402425632 
325.438764538390 
322.966745520939 
322.029960828470 
318.082258182103 
318.804678464063 
320.945885334866 
330.454824583723 
327.727468884495 
306.470382178473 
309.313988864468 
308.787824906131 
308.787824906131 
308.787824906131 
308.787824906131 
308.787824906131 
308.787824906131 
308.787824906131 
309.082171980759 
310.231259819461 
311.377079115370 
312.400105795754 
311.104741540419 
307.414754474481 
307.860237774000 
306.398856532334 
307.396842991617 
307.289848942206 
307.299697063888 
306.612823939488 
307.432340317303 
306.297605547680 
313.129164998012 
308.067058534770 
309.718022603736 
311.077956510942 
313.044202471694 
310.797201813678 
308.229033407855 
312.777491136767 
310.688719063077 
311.761099785515 
311.902996080754 
311.538010792844 
311.708814458954 
293.539564046381 
295.822293485567 
295.438157534730 
294.096792784016 
292.513258486781 
298.713643126357 
292.631758043336 
296.429746076602 
298.337413248713 
298.857478387694 
296.271951512917 
294.643329712552 
294.702435929139 
294.333056279576 
302.836779051213 
295.385649666033 
296.159179572125 
297.095175862138 
290.727016976159 
300.716932514714 
291.371157435101 
298.982041315405 
296.261567390026 
301.831218162018 
308.138360070419 
309.398846569394 
307.246551721953 
307.467184364228 
306.365739641517 
308.288262161888 
311.060877569432 
304.906108356033 
311.847594677572 
305.340903908900 
300.086767441777 
295.511122824782 
299.216913184738 
303.820904193252 
309.032458373642 
304.973641039397 
302.032774056574 
305.438688414054 
308.916011732101 
307.918180091751 
307.897675510369 
312.214885084711 
316.849137226270 
313.656762929305 
313.111707573121 
307.801738135834 
311.079758334912 
288.375755677345 
285.990427750453 
293.713251582582 
289.269737101390 
287.594320669445 
289.273049098212 
296.380864934342 
306.294703158216 
307.566371912300 
307.695856935321 
306.792030804990 
306.214798517750 
307.164127981663 
306.650705454184 
305.645245602963 
306.393344908311 
303.066753590930 
303.932746777367 
307.150660531876 
307.194751801501 
307.826258407237 
306.993530168578 
309.056007580957 
306.886104817554 
305.696462424688 
307.002647501079 
308.911020037357 
311.667320151220 
315.933882838222 
317.736369458586 
316.465331596936 
328.618177141733 
331.800159841423 
333.569257566290 
332.695863687588 
331.510720863334 
321.831873426810 
327.304332838587 
327.048863747036 
331.567187227446 
326.673596889603 
325.383425396776 
327.564199543982 
324.722416661128 
328.567520995910 
323.495021528426 
328.776248898259 
328.818336436856 
325.424512623801 
323.617863899402 
323.331957976530 
320.880854977715 
321.050739590710 
321.050739590710 
321.540965036360 
321.875558010167 
309.518740983915 
307.975271069234 
305.913642103083 
304.924915984079 
309.334831435354 
310.735948339167 
314.480117114597 
314.193980876658 
318.789465334577 
318.508874677193 
317.451991301321 
311.457127477678 
308.568100199339 
310.413649907514 
311.408793557582 
309.831336560615 
310.002202412758 
315.352088292789 
316.202331331082 
310.973196126069 
315.529292317953 
315.331387749642 
314.229079871160 
312.253485670101 
311.807300705744 
321.143312647347 
325.644741606791 
321.848921291545 
319.975286816717 
313.055721156485 
311.678839252271 
308.791129635345 
305.459254804841 
306.398549124893 
300.930375841749 
299.304040159172 
304.397631931026 
305.905272222911 
305.428975630386 
308.634938183841 
307.659570621344 
306.274553017204 
304.205029484991 
308.097802323887 
307.202241086130 
313.296437908731 
313.941438437192 
314.446264529526 
311.530939797980 
314.110186005447 
314.614255918124 
314.378977763032 
314.378977763032 
314.337538484707 
314.322909215346 
315.597631427020 
318.405515435031 
329.248907162808 
326.655195451856 
321.466137237722 
306.419832418289 
307.840051578382 
307.679424299630 
308.146175319574 
305.872996804989 
301.713035590933 
302.181219129740 
300.230596815945 
298.824037299039 
302.757626038115 
303.948736446088 
306.819516081676 
306.387048326524 
306.474458071599 
308.228135878206 
309.805145347353 
308.181370457897 
305.808623516704 
306.309729801982 
307.954671650136 
305.671713303853 
304.804777992882 
304.804777992882 
303.481546622615 
303.475789212105 
303.451644287383 
305.072137994025 
300.183462725899 
294.510300558715 
300.919061932470 
302.581634972674 
302.581634972674 
302.239132951175 
298.615864691439 
292.066024576860 
294.885319220226 
295.715350140396 
295.737027151473 
297.051586507248 
299.796285432288 
301.535326623688 
299.618961443418 
299.618961443418 
303.941276827031 
308.476739761594 
308.061083934257 
303.828230285405 
311.299552810280 
315.176317987418 
314.644870654506 
313.989105081194 
303.104692905014 
303.428319604570 
301.432259042060 
301.367817086713 
309.055357358158 
309.377567411552 
314.175118676098 
310.004090954946 
313.073304927164 
311.843662674445 
307.442114013030 
313.456645974692 
313.082921940801 
312.892201010461 
312.892201010461 
316.521513293610 
316.426605954689 
314.587076226409 
315.073746542532 
315.650499200707 
317.902510454091 
315.053205130561 
317.281400473502 
318.177258100645 
314.402470976656 
315.031959145995 
308.214573315282 
306.827790349696 
294.226026380128 
301.714959635093 
303.278372849649 
304.650463570543 
308.881774803446 
308.885781979605 
308.885781979605 
308.942659563330 
309.901202303777 
310.683820159188 
302.124412984185 
301.520805868373 
302.248358696644 
302.145357508574 
305.931294679020 
295.995131219299 
297.107264362243 
297.107264362243 
299.933534446235 
293.010934106932 
289.026792113075 
284.453864749427 
283.958836838621 
283.519730942123 
280.416592440736 
287.372036258096 
288.754578136928 
280.958143546825 
280.240951392164 
285.557236191605 
277.705691383978 
276.588103615531 
278.431941892086 
276.263625667246 
277.175517063057 
277.074079135448 
267.296198842563 
275.166613939868 
285.327832730469 
267.214129862262 
264.585315598701 
273.278926259949 
277.415716804807 
275.439433039474 
278.759508640525 
278.414702123497 
273.709245694660 
278.231979821876 
282.305144002579 
273.769473648526 
280.254787547840 
289.030634863257 
293.580683873105 
287.382075558180 
293.500465809393 
301.250298045879 
300.446993498477 
297.326365820814 
305.925816649040 
302.922800783565 
302.922800783565 
311.178387822009 
310.100189951795 
310.283351878185 
310.572145273470 
305.951167002857 
305.759876554244 
308.323697072060 
313.521752287798 
313.521752287798 
312.117959427560 
313.592804529691 
313.471295530962 
320.493350234542 
317.803869596824 
322.268350165281 
321.904000912448 
318.669762380001 
313.627198042561 
314.760298262046 
315.801941895317 
319.027897983735 
319.794914917919 
319.484546848193 
314.624268751059 
313.367136087243 
317.983263941544 
318.077507477982 
316.396267924893 
323.102783699385 
328.349135752115 
325.959616642168 
322.266017242952 
327.394369262766 
315.160181291010 
316.644949219806 
315.924157572290 
314.168788314358 
313.750963764704 
312.389092703610 
320.292778452200 
318.753419801149 
316.976771480054 
318.869654590380 
312.495103071557 
310.639401147408 
315.550109164107 
317.909010990000 
322.270847009886 
319.734713645763 
322.509051001260 
319.951993099084 
319.819762246684 
323.677474300720 
322.375257283429 
322.375257283429 
320.712725369536 
321.127212149494 
315.361076639861 
309.402534449534 
304.697422726522 
305.031435825687 
314.035552007368 
314.133035558398 
312.888894830144 
312.908440204519 
312.908440204519 
312.908440204519 
308.456367758906 
314.942485299404 
321.002373501199 
308.554025367978 
309.060772132584 
309.409476653300 
309.347191860521 
304.201549017749 
302.970686229855 
309.265661191150 
309.029559529950 
313.202387917787 
312.871008200906 
310.993428344221 
309.215765798788 
309.939878241396 
311.758377558661 
316.813525447545 
317.010004780655 
316.384630209876 
316.579455514813 
316.208219514472 
316.208219514472 
316.203618771017 
312.507081447754 
308.799158311610 
312.388271951601 
314.909949542690 
323.014423004355 
321.447962369096 
321.733138086447 
320.023109330634 
320.240822833699 
320.446717832908 
320.150173153714 
322.956461700306 
321.098014576565 
320.964973103788 
321.574592658848 
330.984933747975 
327.275533769708 
329.636562905999 
328.435184479527 
334.612040400014 
327.176685981491 
325.925906533550 
325.925591724665 
330.793270624250 
331.358351763211 
330.057425379475 
328.343257709511 
322.290714760592 
317.457728080498 
315.226757348169 
315.505269524979 
314.133885710148 
316.548349381262 
315.869871005021 
312.378563819117 
311.772033716402 
318.441069664585 
317.592588595671 
320.209302567806 
317.266328960470 
317.266328960470 
316.571947919381 
317.756435008576 
317.228995760688 
316.673858074290 
315.759767373817 
314.975722856402 
316.858236330047 
319.173126274434 
325.231121859634 
318.329243647812 
318.268565893598 
318.078733867094 
308.138984287825 
308.084233442366 
307.801177946158 
308.974016051278 
311.816079371805 
311.026141958485 
315.155601002110 
314.542864721071 
306.783847102970 
308.783549722219 
312.140361205153 
310.555912706738 
310.798203225765 
311.251901736992 
310.725523013590 
311.974481537476 
309.721664865514 
309.146429892912 
309.021506518306 
308.304224097446 
308.076830149416 
307.782759140869 
307.782759140869 
306.945321200471 
306.480192247643 
309.094479855244 
308.648816390570 
308.844173564295 
304.246256070714 
306.202505712412 
306.235107516606 
297.665626093693 
299.072040398615 
302.611676220090 
309.699747601701 
316.249903278899 
329.556860905681 
325.068896605418 
320.922337863487 
322.245653887544 
321.009062791167 
321.630046945083 
325.243372067390 
322.791938904549 
322.549453554074 
322.246083244282 
330.836544435620 
329.586147081338 
332.112641175814 
332.112641175814 
336.298821386922 
340.081731534707 
327.208984758334 
327.208984758334 
328.822316105105 
328.822316105105 
329.813554320245 
329.475698381694 
328.826844681241 
325.699166377920 
323.524423369356 
323.908480427392 
324.174374674082 
322.511654744945 
324.723617069861 
326.262143149573 
334.003122780540 
338.190129521048 
343.088314028102 
338.927337760723 
329.904535355317 
329.017931877247 
337.502648817580 
334.909315867799 
337.811630087900 
339.484785475625 
339.809355852237 
317.117193741095 
312.672806533105 
312.854523645502 
312.695647919476 
311.957110476416 
313.778721654914 
314.895870989398 
315.913656344207 
315.640336742548 
309.873161877955 
310.980299774511 
310.297823400271 
309.543187532704 
311.058074527367 
310.396458314398 
307.248008583235 
312.677326771254 
317.001245653783 
309.645324260440 
304.617944697232 
301.780166924788 
308.308493654374 
307.018226417551 
306.975365352658 
304.161372086824 
304.488937865925 
306.213169221139 
307.312329354458 
301.212110866247 
294.536031347417 
297.355666073689 
296.800767550999 
304.325669089856 
315.244711794261 
318.149153844112 
320.792063381583 
315.756734494424 
320.327304504297 
317.663853289842 
321.494803836823 
321.758631369940 
321.758631369940 
322.440457825713 
325.009145511345 
329.865140532675 
329.214513686705 
329.098817359069 
333.972303214064 
325.963468439660 
325.963468439660 
323.367751184271 
323.634933762794 
323.291827084575 
325.350182807689 
322.960506432218 
322.583210267385 
316.038247142809 
312.696461002629 
313.100532171051 
313.833365579037 
313.650317064084 
315.141676382889 
315.167506448169 
316.337328536074 
313.606720640375 
317.987257771698 
317.710644704241 
316.363566748342 
311.300304995075 
311.663414816506 
317.640414839618 
318.115496429007 
314.374621394106 
311.211504528789 
304.151741910453 
299.211923884107 
305.711232551081 
304.128370077997 
304.128370077997 
302.183441618647 
306.004667023517 
306.415682521669 
304.184272136086 
302.081243847173 
300.870119852408 
305.446450691553 
304.841014754256 
304.678206374773 
307.861149032361 
303.621393835377 
304.793725614629 
307.348726659527 
306.673425074369 
303.951662342230 
329.925012503085 
323.244572325368 
324.207247973209 
326.788672772124 
330.910230126255 
326.821744747375 
328.857833967393 
329.574618597471 
333.441251203312 
328.478291856483 
325.423062620417 
321.517190725473 
319.705297554020 
320.714177988021 
319.982067833982 
314.283789236397 
323.293097055109 
322.058201947883 
324.240517747965 
322.558682436492 
319.073788159506 
320.010069680466 
317.548215746318 
317.453755530836 
318.981182854621 
316.305515739302 
311.114112599151 
311.077736451221 
310.470104650821 
309.515075603227 
306.762957510076 
305.431444991602 
305.821083742850 
305.576989099186 
304.415020273466 
310.630458493758 
312.870137206515 
311.847103183447 
311.651526684673 
312.619738269228 
314.529429568415 
318.256299583684 
315.795496274024 
311.057186956082 
314.530791303065 
314.707183559313 
314.826342455862 
315.719625639003 
316.478104434881 
318.789195754705 
324.104890828928 
321.832141722665 
321.943340254216 
320.367062733748 
319.410719181357 
319.063030772562 
319.043288899513 
319.066148100625 
318.600353800290 
318.069561681975 
310.569355622225 
312.948588471398 
311.511121364771 
307.180528803840 
312.113643629941 
322.675763140296 
322.790680562528 
340.536546631586 
341.932002041142 
341.761426120202 
337.832939568703 
331.480397228374 
329.349247667312 
327.946485186605 
330.456284493692 
331.268933177654 
335.365533710936 
330.309748611096 
334.237433285762 
326.561668122113 
327.847340177500 
323.197016750865 
323.197016750865 
314.988961745016 
318.199680190898 
320.948470330206 
320.980833733847 
319.332053160984 
321.535441467838 
322.773474462903 
321.255490010396 
319.706128136625 
322.015779671850 
315.805010443891 
300.760860272123 
297.919658816230 
297.919658816230 
294.936614429952 
294.361935066476 
299.056559927098 
299.056940382060 
297.706756074046 
297.400188836599 
302.281263286206 
301.576623697405 
295.017227393401 
303.988680761429 
305.652714630664 
305.796457004777 
306.052000732325 
304.587893055660 
306.302713743118 
310.223917290827 
311.344354688357 
310.307873347605 
306.450866094831 
305.248693876030 
303.723821395035 
310.577524494779 
311.219040942299 
320.382823718796 
313.940725245775 
312.387969380055 
313.421063342698 
316.294185745201 
323.025674354945 
325.549907546951 
320.336207464545 
318.804882585047 
320.720564428646 
322.384299274596 
328.645057730975 
324.790008566032 
334.516992979572 
332.155169444000 
334.930638570482 
335.166404121226 
332.637342830434 
332.293517677875 
328.479617228374 
329.612512250843 
336.577791278493 
332.172098148185 
336.250181786825 
333.641022312944 
330.352923024785 
332.516529030179 
329.237813041017 
331.405784795935 
324.287321859870 
324.220092556191 
325.193866272712 
321.130748206900 
323.853780424556 
322.787621818566 
323.338992576549 
331.992037433227 
325.672497412867 
325.819506705612 
324.319070211858 
324.460791176115 
323.457196932846 
330.654501484180 
324.865569021656 
324.115557169254 
324.115557169254 
318.693864261454 
314.125640846058 
316.426787899565 
318.689190493636 
313.068565936472 
317.105775355218 
314.684479910018 
307.668820902278 
307.585308866478 
305.951494311415 
306.482369504158 
304.357319109250 
304.609131397229 
305.900633813734 
301.641509099509 
303.178113674875 
301.018939775510 
301.013516948049 
301.853868217051 
302.204755978463 
303.221356302535 
302.595759752717 
325.198888296740 
321.538685338387 
321.129556777136 
320.059696762944 
322.300747462760 
325.109597909072 
320.107790847256 
320.161394422602 
320.253252121361 
323.698783472194 
311.651478746643 
312.709284034233 
308.829113570007 
310.077295888365 
309.691325116478 
307.266238675892 
309.994029703353 
304.724587442872 
303.298392767192 
304.721112752539 
304.713628493274 
308.510379723076 
313.745371972616 
311.475305753077 
310.896374455598 
314.859474623921 
316.670621331226 
317.206086960923 
314.741768774933 
315.609003645586 
312.680354848316 
315.832203124332 
316.281181934783 
337.896016089285 
335.110189218376 
340.070276845605 
339.972169862820 
335.990364649746 
332.793697074447 
337.374929421463 
337.274976118410 
341.782166168804 
330.253337129464 
336.997296391353 
327.408479502795 
329.154706997985 
333.838884822145 
330.594666188139 
331.935837625212 
337.834802156985 
337.919846672514 
338.837302731555 
336.657814639604 
334.978807946683 
335.614429440030 
330.932717890386 
336.947575867183 
332.232980305010 
332.118435732347 
333.767238966715 
337.004183359829 
335.219374555391 
334.622273910817 
333.048030709832 
333.113708153627 
332.416635582511 
334.543589644163 
330.633177288480 
332.798867535629 
333.003988316197 
328.690154021835 
329.744499877149 
324.979590263378 
323.835526235012 
323.971744236325 
334.554403377950 
334.003219882894 
337.354261805921 
336.801400288808 
338.353869980733 
342.982123654913 
339.656349112790 
346.367583033946 
334.805451340725 
330.659811159493 
327.516314449559 
328.508457790614 
328.371804173386 
328.894843130525 
338.133960494973 
341.317504399121 
340.665483409303 
339.713664505335 
338.646167029515 
331.475296290669 
333.452274111618 
326.346838152454 
324.559359005609 
321.542103684510 
318.123669663723 
323.436565913812 
325.854802180200 
325.706797234877 
324.087092866241 
325.314241040862 
324.406007358157 
324.187366943115 
315.427851423502 
315.596902294791 
313.940297222760 
316.250196747348 
317.821510350509 
315.977274652910 
315.866529382031 
314.912099686524 
315.165115490956 
314.026144189415 
313.855808139513 
314.154570362298 
318.986940334950 
318.339576718598 
321.408509800037 
319.253628798014 
315.366144060141 
315.536114881081 
312.065104595625 
312.247542435986 
303.619680723281 
299.513421516459 
297.524338092517 
303.345317860369 
304.933858159327 
305.437119525351 
302.808889413371 
307.555763768034 
313.717748362466 
313.067462942948 
314.233489727723 
309.988781379563 
300.905717275709 
298.034773825933 
294.361308480369 
294.375177104957 
294.513960085433 
293.668621481607 
297.418707917844 
291.333034037070 
289.172719765339 
293.226005368648 
295.195836368649 
290.614794701005 
275.993488808925 
281.666075829077 
279.444144309834 
276.492081956386 
281.978831236508 
281.022269941967 
290.689000071612 
290.636838089423 
288.297421491368 
293.913754644840 
291.955948735602 
290.570315505073 
291.945941185732 
293.167460763110 
298.561423608437 
296.769464383903 
296.071318193132 
298.068676692972 
292.888608390040 
298.085681967084 
301.987667233979 
305.450655960774 
305.433939593131 
300.377543381219 
301.557751617452 
303.604985467317 
303.927571589399 
300.561711673957 
301.071991408380 
300.968048372221 
302.990254374600 
305.057329422507 
309.173009641107 
318.979222518634 
318.754225108778 
313.388943058399 
315.207017569219 
304.862950313182 
310.106936330945 
310.342129732685 
310.809424641770 
311.106082678142 
311.282719392838 
310.434192484499 
311.070150435417 
311.755655371600 
313.814411620418 
305.005861464444 
302.023451032628 
303.244538131202 
303.795126126435 
306.376178116225 
306.106042073773 
301.774858998273 
303.603653969001 
304.652053905889 
304.957204433479 
301.721655056517 
298.998507447857 
299.556893666673 
295.537466260858 
299.140764568699 
300.211092892750 
295.997296559390 
283.881476232170 
290.113869804371 
283.443277341162 
293.870173939884 
294.706650838206 
295.122739358515 
293.208483080202 
290.536070105271 
289.053814905050 
290.350327124709 
296.484758713397 
299.482883643303 
299.114221196281 
301.543060090033 
299.485316213234 
296.194066381631 
302.507180626215 
313.681139588651 
313.436984467540 
311.929020649858 
312.462154514377 
311.026278858698 
306.224843226974 
307.924795926022 
306.487050115944 
305.378847888366 
304.615827128207 
307.717373903109 
305.705074252951 
306.985811039639 
307.808307990455 
303.152972191085 
309.970417461010 
310.060626852612 
309.717046122549 
312.481131480630 
314.539059511142 
311.463248036324 
317.376797052057 
315.644019527743 
317.264895933882 
321.743136893513 
325.848316106883 
337.261086433483 
340.260298047767 
334.824144081077 
333.719195200662 
332.682094957496 
343.803617483332 
335.168923900960 
342.963395527481 
338.693119739340 
337.548806097452 
329.059650219773 
328.344639346757 
326.269403329618 
315.215279327238 
311.747405236281 
310.889566443458 
314.261102380888 
305.888612182202 
305.497582509496 
305.497582509496 
295.589487551507 
296.681029855887 
293.445174838886 
298.882699548830 
303.710611828993 
304.750608930532 
311.698829462043 
311.098884383882 
311.098884383882 
302.768978939841 
302.758121508256 
303.288447213149 
303.288447213149 
302.512021686236 
302.372239025548 
299.461659344277 
301.058907560125 
301.088471900628 
301.667601681205 
302.244380823116 
301.344565317615 
300.990948594807 
304.700008884573 
302.589542403366 
294.703859943523 
301.342714559804 
301.826708323243 
306.168283563730 
305.105946169105 
304.002664466828 
305.111643531446 
306.166349194209 
310.702745639233 
311.871553161486 
309.509574077054 
310.317584565879 
312.170907468874 
309.915231426474 
314.644472693264 
318.591261825620 
319.696155973598 
319.696155973598 
321.867108630503 
314.959788664314 
314.493408696155 
313.390213406740 
314.957866903523 
314.281142465868 
312.015721142470 
311.138645261247 
315.769107100575 
319.823910062594 
317.393670509339 
317.933534234660 
321.832172517568 
320.834689273695 
319.342976077451 
318.155399717275 
315.307244949805 
313.943524856510 
313.748126784525 
318.652735757641 
319.723633731007 
321.498978856906 
321.657273510162 
321.657273510162 
317.103541532146 
318.584195542804 
319.333619987969 
320.705969444787 
319.849227956419 
318.700327057673 
323.235268365570 
326.513610433879 
327.856778939973 
320.136362283170 
319.040013195641 
324.375154703822 
331.250109873168 
333.272188064432 
316.607048716216 
317.090396647559 
316.966498310037 
316.927058843771 
318.418642331357 
317.450456863244 
316.392433380385 
307.335113110908 
305.683168726463 
305.634043248109 
302.496508535770 
305.735645837234 
302.018934018082 
304.098244752513 
302.510229136476 
302.854432219431 
302.854432219431 
303.156075235204 
306.459535647778 
304.946420919513 
307.402500480927 
304.129664670654 
304.675244414289 
303.698298038704 
300.008327273649 
301.266957612174 
297.545020155364 
292.980087877449 
301.084893741500 
303.463860992595 
303.730032263387 
303.980419548047 
304.679903103262 
304.643765780015 
306.415831311716 
306.973145425121 
306.790156025844 
308.472151573759 
308.842158401109 
310.899503579035 
308.230340432826 
307.986756085894 
311.810058986451 
315.829908818527 
306.194622087707 
306.698046463927 
306.168868358407 
309.849967515554 
305.238413372576 
309.223815822823 
308.307225063036 
310.083214125178 
309.956945791040 
308.383955587845 
302.792873947858 
303.938181793619 
303.134374998099 
300.167157605840 
297.398777712237 
300.836654452062 
300.836654452062 
301.370961714741 
301.849042806074 
303.719443376807 
305.436049527585 
305.657514407269 
305.657514407269 
303.342020191700 
299.490090690006 
300.430988263156 
298.983285538519 
306.132706044156 
313.549832953855 
314.444294829810 
314.921640621380 
309.710015921381 
307.799665787457 
307.108046434063 
306.221527043206 
293.135422389880 
290.434714111229 
287.129570174462 
291.255350435880 
286.691756875012 
289.479650030600 
291.415642691771 
292.693104076294 
295.754262676152 
296.387420897752 
298.000829462342 
298.176929908595 
311.375142944586 
312.681453852256 
313.603918058112 
329.753302918303 
326.905328075782 
327.716358523173 
325.355285311836 
323.324893809325 
327.570725246336 
328.780504791806 
324.792605403684 
330.484713998744 
324.959101834761 
315.631350864127 
319.604551865635 
327.115241903746 
319.220737864005 
318.406586539785 
326.034473529267 
341.423901261924 
340.567901707763 
310.813964982660 
308.140537796118 
307.938658486821 
313.892975926977 
313.782868807527 
313.219571532057 
310.151737101591 
308.795750555292 
303.327380139282 
302.432580724164 
309.291347424681 
307.883587641803 
298.001293435583 
300.482076312603 
309.639971116302 
307.792407375085 
313.504673850590 
310.212248220975 
308.763689310902 
301.904536881817 
302.567807589932 
302.496903741818 
303.677949231216 
303.576408376745 
304.866461667989 
304.594116189293 
303.949641641734 
308.182071807706 
307.376109383871 
308.111600074906 
309.572554417021 
308.442198784523 
308.259803181789 
307.920652859576 
306.777256083493 
309.351459078541 
306.114152950199 
304.501206628454 
301.614045971157 
301.785143758211 
302.092509267861 
300.128677073981 
301.658742618966 
302.016288936052 
303.363672183550 
301.889759135476 
300.203766241307 
300.829233801634 
295.495890544255 
295.166466675854 
306.044093300441 
307.945710286863 
310.092328489904 
309.460265798267 
311.029984435481 
309.834465577988 
320.324059194107 
319.918532684444 
318.550322015568 
320.784328590702 
325.331411889859 
330.239947716984 
326.452723028657 
326.398333044656 
325.211822411467 
326.402601195718 
325.548453512211 
325.341259309988 
320.477212723106 
319.730657714789 
319.193609254333 
319.212555400884 
319.217263648667 
313.843751996508 
312.862900791535 
313.373316311256 
314.187081893014 
314.183241767988 
314.587839407364 
318.928011248258 
320.602345124290 
320.255106338353 
320.324371641080 
321.435567480844 
318.922724690646 
321.392156674427 
321.729477241270 
322.503227115294 
321.827797986033 
323.700608013264 
320.689982757395 
321.082001900259 
316.664874630455 
314.657273866547 
313.736421514839 
313.393193178388 
315.389743066220 
316.575563206274 
319.300351186680 
318.235957316447 
321.580334017143 
317.136817737017 
328.641240502714 
329.663500014540 
330.744188809997 
331.918950823988 
332.297722570851 
326.018607152313 
320.210595379306 
324.024085609067 
321.738423895695 
321.468958546797 
327.441815095384 
326.868573623412 
329.340378614086 
328.472205431697 
323.861440616685 
323.861440616685 
324.139799754230 
326.722813418916 
327.349567457285 
326.505071536052 
326.187883839333 
328.749090384961 
325.072671960657 
331.273467141470 
334.296535678797 
331.509430278417 
332.475765556892 
334.415570458690 
338.008860181207 
337.680760582216 
332.828090928028 
329.361686180066 
325.734219733216 
329.561640445128 
334.663396058945 
334.709960458131 
336.453216615647 
334.760433521252 
335.080943267689 
329.282588973699 
331.139805079501 
332.323255735324 
327.521513878448 
327.325365909375 
327.572179667933 
327.488887562379 
325.110323696933 
325.150439016232 
322.560450259382 
320.895103849704 
315.605045575715 
320.756483097364 
320.706902821700 
324.168997888944 
317.448795839257 
314.257794926830 
312.916965488248 
311.772161205923 
308.778574172088 
305.868773445338 
308.557312272423 
308.584625380231 
307.479566712937 
307.757468488646 
313.512783194806 
313.709110913523 
311.073240136573 
318.459074998059 
320.862750760703 
321.609712507660 
321.940725268540 
318.540114220818 
325.135719115422 
320.602848993061 
320.361597031524 
315.698792184227 
315.487609475552 
312.468571979337 
315.763199050681 
316.754123727966 
315.929333362019 
315.379870140442 
315.069667613532 
320.412274374358 
319.881628177924 
323.486178511998 
319.542248034770 
319.671607431128 
320.067197946082 
318.793340340202 
317.717066658963 
321.065588639612 
305.729399895432 
315.865627519423 
316.085468311353 
320.507037941503 
320.507037941503 
320.875309189989 
320.625689086816 
315.593252454905 
316.332510672844 
315.282058783074 
315.409919884891 
315.874324264905 
314.471523448202 
316.748807402977 
315.223575489573 
314.436324238032 
315.284209019898 
313.234234435595 
311.781258323886 
310.185630658727 
309.312763583801 
309.211999824115 
308.475521636491 
310.535433757628 
310.561953261762 
313.420646340624 
315.902689074824 
315.372095873647 
314.695465923067 
319.382037134992 
321.510712663175 
328.922348761119 
317.426713176516 
314.942871175160 
316.740951286814 
316.695257173475 
316.695257173475 
316.695257173475 
316.020704025129 
315.543673641102 
314.257854027373 
314.826808640768 
314.826808640768 
312.415209041216 
311.767509321529 
307.848213167628 
308.790012444910 
307.150161122634 
305.960114614673 
313.435205300995 
313.146613822613 
309.470775726296 
309.627592784349 
317.805371661966 
316.386110297783 
312.522823985828 
312.547016868597 
307.786624846606 
307.730125058699 
306.427828802800 
306.561528924265 
306.903792546238 
311.256352566000 
307.994582256824 
308.194895717186 
305.821533053528 
306.422662847021 
309.488046567386 
307.666120828267 
300.965181364429 
303.065780919101 
301.049063666906 
300.965398948441 
300.312189492467 
302.065270531450 
299.729082871810 
312.118724824806 
312.548447942136 
311.924553262901 
308.519425286940 
310.094384172180 
306.420840255873 
302.367456445334 
306.409948023853 
304.253324360345 
297.593777181218 
298.864926309685 
299.077493101676 
310.944221685489 
310.943199578482 
310.945557862286 
311.115759479782 
314.196649388684 
318.465555497105 
315.639595698229 
318.369719784129 
317.321630906009 
317.551187746613 
310.427546943653 
313.745904161462 
311.345299401342 
313.157311237888 
312.953864031633 
313.033685953904 
318.524194906374 
318.515466964502 
317.672145358495 
315.920440396924 
317.428741750955 
311.521591246712 
309.036628638596 
310.207137265520 
301.926004479460 
298.798439278046 
304.679418844923 
302.412998147330 
292.602828379645 
287.660460701366 
292.672185875089 
290.473225412100 
298.820597874840 
293.695322904902 
292.625911681702 
299.576025951356 
298.488748999681 
301.722437275053 
296.288301509492 
293.875782573453 
304.361519210773 
296.498072639661 
302.713441044714 
304.920849535114 
304.545970898721 
305.862843439873 
303.344891765126 
295.365276466026 
293.775828863177 
297.711032812851 
297.086321730876 
292.433370499203 
289.711503218845 
289.681077890586 
287.986042166868 
289.723352537808 
296.079674673528 
295.849500654930 
297.165175094470 
302.097764487344 
306.827581810703 
303.034846566150 
303.034846566150 
304.386616169416 
298.100555318757 
299.158356047513 
300.736237447411 
301.628209757385 
300.997122799295 
295.955863011155 
305.008765180553 
307.812667097456 
311.919197037790 
320.064058277804 
318.191348381209 
318.713616291533 
325.799153622639 
323.898792035985 
315.174226372929 
311.983932664235 
329.762226356166 
333.109819700655 
333.010143002485 
340.786043142886 
334.433519757049 
323.946005314355 
313.675772241089 
318.537771478965 
314.948016793948 
315.509555169507 
326.002742824954 
317.807446024200 
313.975519477593 
313.808736758759 
299.990665789497 
302.543335391945 
301.272424429968 
302.179767963574 
303.537779575986 
309.938346414983 
303.290610898729 
308.338578959216 
307.664009390135 
308.058373190777 
310.162610766875 
306.288914922372 
306.779067904966 
304.349293865464 
305.753078692361 
309.351896882689 
310.642684050837 
311.055465519857 
313.685105161880 
314.762367007109 
314.456442165382 
313.520968166373 
312.282795497101 
311.330027507881 
312.453824506522 
310.915774990193 
312.972482481509 
314.529842454214 
312.104959617874 
310.886277478881 
309.603281496707 
312.753871273806 
313.367777163072 
311.256058856724 
314.103027890388 
311.536063965052 
310.848530947144 
312.123199893163 
312.613730195041 
310.815401909137 
308.852891185477 
307.880056566203 
305.825187657946 
303.510199692855 
304.629263485891 
303.061360070159 
310.516624211685 
309.528423445715 
296.260156017696 
298.818758828453 
300.240035602083 
300.822804891412 
296.427213759119 
303.836210844216 
298.630234322053 
299.809538768608 
294.523522325992 
297.739075934748 
299.279137276388 
298.392747097215 
302.281828778224 
300.227999984364 
306.594535618896 
304.398803367044 
304.571437392298 
305.821942403453 
304.929767833699 
305.441152345208 
307.564106728008 
308.096995156745 
307.403972099995 
303.074128836620 
299.233801639036 
290.998516582572 
290.786101256672 
290.832123312465 
295.007612629185 
296.801469635961 
292.831401907718 
297.470436083663 
297.111823237376 
292.029988762028 
294.596775721980 
286.858125624299 
290.119189019385 
299.518505865729 
295.070214159292 
296.288961452594 
299.564679038390 
292.538587261491 
286.590572988886 
287.667856662641 
296.469904554816 
301.844943426675 
309.233606430818 
310.371950950222 
310.097203494822 
309.751471389786 
305.989772842054 
305.909030821002 
305.909030821002 
305.500513737993 
305.500513737993 
305.500513737993 
306.802445441518 
306.990061109655 
306.990061109655 
305.123099147993 
305.620920302958 
307.900738093161 
304.018810593852 
304.280821589490 
300.105950537926 
300.047019473198 
300.047019473198 
297.841988617383 
300.193023148801 
301.072847580379 
301.039807810504 
297.966304444296 
302.695542801451 
303.809422333539 
303.314548684689 
303.566496722353 
303.566496722353 
303.566496722353 
300.546637076691 
299.617284647484 
301.500077549729 
298.881225464569 
299.650076206438 
299.954105548683 
296.637224604914 
296.890492768518 
296.960197692250 
295.090358207922 
291.898220409885 
285.505345024017 
290.002956983238 
286.652325173216 
287.326863768767 
283.202210258894 
285.097863060175 
284.057582217564 
284.057582217564 
284.600019176048 
285.515681337400 
285.027209025590 
284.800962058615 
290.570169632177 
282.600879151236 
281.779835283226 
294.789617827799 
298.332853152740 
296.194365709966 
296.194365709966 
296.194365709966 
296.194365709966 
296.194365709966 
296.194365709966 
296.364747578968 
295.394107793999 
296.080727624442 
303.402734870903 
301.455180969342 
307.395656151688 
302.637115904335 
303.375340867319 
303.411882752777 
305.513775278322 
300.935604524252 
304.392354314349 
303.827724220939 
302.536704790625 
302.536704790625 
299.083414307345 
299.083414307345 
300.570739354163 
299.751678744117 
299.227699671644 
297.888132818069 
298.637718525900 
299.115939632296 
299.486855495646 
288.491093993864 
292.856306425772 
293.292314119603 
294.642267890997 
317.382713291078 
318.166652581924 
318.166652581924 
319.491580920332 
319.482263721718 
320.306712256180 
319.821895911284 
320.552192864758 
323.467502178390 
319.497584768121 
316.636548841470 
324.243281720896 
322.756420180160 
322.756420180160 
318.452022468846 
321.666338256126 
321.315577191492 
320.066040606213 
323.575770495378 
325.550247944621 
324.082801734769 
324.969479111468 
324.588547993956 
323.081465283127 
320.545039020755 
318.698816764625 
320.885790850529 
314.683479982690 
315.575726625580 
317.310869158562 
316.988565482314 
318.813121468109 
319.456134721611 
318.146297221638 
320.177251055963 
319.825793283452 
323.233132752186 
323.541418679249 
327.714590247393 
330.015993007590 
321.756008495333 
319.898416112513 
323.075133975716 
323.166252454359 
321.510837796858 
322.646196482159 
322.715362528502 
327.051786616167 
320.320076543707 
318.565647267606 
318.168030907654 
320.496506682226 
321.342286727788 
319.868773349461 
317.992715280149 
317.914996957926 
317.755768238562 
302.987981297023 
301.816093920021 
307.844554177147 
308.802150225095 
308.993665972570 
309.886968013821 
315.323785983810 
313.725252147092 
318.608928246375 
325.967388913547 
320.876466784628 
323.990190229913 
326.657492893333 
326.690808134322 
321.000593685125 
316.437566556093 
321.570178735198 
321.682712987625 
320.621289537211 
315.507684037362 
316.999548932100 
322.625482617647 
322.625482617647 
322.761878572921 
316.582998488244 
317.848148355194 
319.048336998740 
317.044504548404 
318.908953528401 
317.156319923883 
317.881619927539 
319.449628983989 
320.782270243839 
316.081380635521 
316.064039670621 
313.235292716587 
318.760388234448 
322.737747339980 
332.874578625467 
335.947559513618 
335.757053975374 
337.055954729477 
338.606171839497 
333.911986410782 
332.788257435487 
333.196034593840 
333.529419654043 
328.362764411580 
329.228437619813 
331.795966104802 
334.114847195878 
331.756824204995 
328.544641509587 
324.796006913232 
322.422486537745 
320.075206060761 
318.197423067769 
313.718993933171 
309.996795720405 
308.752349140379 
306.377003960381 
308.775714223647 
313.717235065353 
312.990533165842 
314.185097939098 
314.165502580105 
307.896977562156 
299.909023229982 
305.465557827156 
304.468707903456 
304.368278765212 
309.715466647434 
303.951677640153 
297.730177649663 
296.637900573756 
302.731694792229 
306.860689735389 
296.674549404970 
295.432365723009 
290.914676135252 
297.585441702247 
294.174726438559 
298.278280510433 
294.153410868009 
296.185564634942 
298.518358470466 
297.151870732966 
300.147932734508 
300.716118585465 
305.443217820853 
318.366170145513 
318.036960233497 
316.482065931374 
319.683360906912 
319.510043460895 
315.572441660857 
316.991530617051 
316.887820019289 
315.784313005765 
316.085870870041 
314.794663190052 
314.210665811674 
311.523182532723 
311.660759151096 
305.068739865207 
304.293294046601 
304.899712889255 
303.876513372871 
302.026965358447 
302.889985246084 
301.093576251485 
301.093576251485 
301.298496620213 
302.585880338320 
296.899632102907 
302.636274910483 
312.448103841129 
310.833141083511 
309.524979454615 
305.005340955969 
302.890620481240 
302.067796450172 
300.559435726657 
302.370777885913 
302.370777885913 
301.746950424508 
302.946306261536 
298.127744731371 
303.994837421156 
312.223348369327 
305.752317235170 
335.262485166850 
332.199265490860 
333.475452807135 
326.232444634564 
323.805265294616 
310.420134975901 
313.054644374340 
315.840433141332 
321.358173842132 
323.263339777708 
322.872197830604 
323.103673420903 
323.891912725646 
322.972487721752 
331.674926177123 
338.546640527982 
335.160687401286 
331.959563093537 
337.151269091541 
336.032752935649 
326.832722264506 
326.904664289406 
330.805562001158 
323.123656012722 
324.893148563502 
323.935528257439 
322.878879017661 
318.492155534882 
312.656445133957 
312.966239010055 
313.384884029847 
313.190374620411 
314.270981820629 
312.969908204828 
314.897056520206 
315.115353414309 
313.346557749837 
309.060924807364 
307.742413722161 
308.815754560886 
310.580333835903 
311.509452551605 
314.939105312226 
305.793355959955 
306.840846306846 
306.283034894441 
308.310578697911 
313.185051006214 
320.636461196059 
314.784166994854 
313.357028116605 
319.982177520549 
319.301487929218 
308.667115479187 
309.280227559520 
307.684196050844 
308.291475355852 
309.440874766074 
317.704236304423 
321.291929043060 
319.622787318749 
320.590725769779 
319.230565394727 
315.746177653844 
323.171532112084 
326.748053282251 
325.288363972842 
317.299023272492 
319.448868528486 
317.218367940728 
322.850226665791 
327.046858133158 
321.168590931333 
324.776442620569 
310.905852533907 
308.212343076180 
309.454034554978 
307.340511349211 
311.856043052624 
312.235019306199 
313.548568389087 
313.641342608978 
312.130321647845 
309.948293262272 
307.404045962552 
305.847272078217 
306.717632169625 
311.701021880913 
315.669636832877 
313.415964491833 
313.891017931985 
311.831395831791 
311.997213105688 
317.389002918428 
300.837548553358 
290.051686091509 
288.849421238777 
297.537094711312 
292.993455102177 
295.465155679119 
294.004550306784 
291.322105595279 
290.780603380326 
290.780603380326 
290.780603380326 
290.266069975913 
290.266069975913 
284.936896312766 
290.334064247496 
289.934713979699 
283.830538130313 
290.016411223224 
293.287064054852 
297.407413337894 
294.709996962391 
298.407188844331 
303.305973602618 
306.156485106187 
300.389320118438 
300.086757789983 
298.918772738360 
299.505992518191 
296.980558158063 
297.855660402337 
301.554658869768 
298.750679845104 
299.389304537820 
299.881060515604 
307.351751263584 
307.334318993688 
301.084908690004 
303.684099597882 
306.480791952135 
298.198105605828 
296.289517493616 
301.912552660845 
299.922694409918 
297.789201931876 
295.924976699401 
295.502562187682 
298.337954761624 
302.992109694102 
298.478112583208 
302.020048851103 
296.326331443511 
287.184775828148 
285.821995080859 
293.019186821741 
297.002884392223 
292.050395123376 
294.509461118767 
286.695157646875 
275.810815420136 
288.036450503954 
272.990838673741 
284.957627661686 
273.667822946541 
257.540392626276 
255.040093253618 
255.040093253618 
259.136024142213 
257.184105202275 
265.395301244598 
266.113209508959 
266.640902344177 
262.247589232164 
258.598357791384 
259.938484280485 
255.730631656017 
251.817820441597 
266.061245275770 
259.864270193269 
259.359132570310 
257.884207966562 
256.307330206643 
249.777301658366 
261.440524285315 
256.512563575734 
258.708056736456 
258.552207976880 
258.703959431842 
258.703959431842 
255.095484330248 
255.095484330248 
255.095484330248 
252.450611198717 
252.450611198717 
252.450611198717 
309.293612470381 
307.037592810862 
307.456547983558 
315.266557300254 
315.290112659443 
317.511225370887 
324.828440703734 
322.441554135779 
321.336941895410 
323.095021894126 
323.607893917207 
325.767720557688 
323.347491440315 
320.791950759116 
320.442901384009 
321.819660736363 
321.786342616707 
318.805336338098 
319.356056303002 
324.890255626614 
321.057692261541 
319.439071051711 
312.715086874465 
310.281483406802 
310.004210232682 
311.311327636959 
318.710774107004 
320.409325312870 
320.719872045243 
320.829816116738 
325.768999163640 
325.329798490338 
325.287146031199 
327.691952303598 
324.807333802995 
323.144162994989 
321.856601095764 
329.152880213599 
323.467033742250 
318.446692403240 
328.062772435690 
322.238455596921 
326.931047250756 
327.030385749307 
324.472272415596 
328.262814493394 
321.924572092832 
322.732855074286 
326.540731602326 
327.375188441024 
329.731709129737 
333.589164800710 
332.449774757398 
331.823942872269 
335.686434262282 
342.104494552816 
336.409434140883 
339.071174334756 
338.941945404429 
330.079284494985 
332.711688985270 
335.335349564654 
331.045685535212 
325.598715904696 
335.508631725331 
333.008083495427 
329.182049728328 
329.421028880684 
319.037602570721 
314.269057911413 
312.967168803318 
310.341160214971 
313.447116057159 
307.313855200808 
306.344352514817 
308.428799949071 
308.790840228169 
311.855203260668 
312.672826870832 
314.423041017200 
311.352570838779 
311.848110641074 
311.471260098213 
310.610488035347 
309.457213168597 
309.456218228216 
308.204008076389 
307.873900325187 
308.510347882094 
308.023289512813 
299.572541164950 
296.645041791828 
298.066441708062 
307.245726365385 
302.504633298917 
298.500927447329 
301.596385295506 
303.739132949610 
302.479975963735 
301.208076952720 
301.164811000954 
302.644361831385 
301.942411170542 
302.754717413834 
305.464791408210 
305.043483803743 
305.420604121419 
303.554889529296 
296.062194636109 
300.579336160956 
306.734282729577 
304.459340503599 
302.409647286510 
306.960344330882 
310.519832834998 
306.320156255833 
305.414760751424 
307.215085217240 
290.542840412848 
297.505608140088 
290.877300399883 
289.374906549629 
298.894722696160 
299.766018106106 
299.120521036384 
298.666965612021 
304.299006232545 
304.929818344847 
302.169955102083 
303.309409233074 
309.702640859576 
309.493511546225 
310.755722300917 
308.515543169602 
313.522029801684 
312.334247089330 
312.736871006073 
314.489051735857 
315.060925933551 
316.784858504379 
314.151978439165 
305.604973546720 
305.028470896941 
305.028470896941 
306.205415836209 
312.545412093097 
312.389478237343 
315.808275125780 
322.421192354213 
318.472270027716 
317.546173445079 
313.129914427286 
313.945709865581 
316.273431281413 
314.344525617586 
314.971562839107 
317.191384359910 
317.656535067301 
324.236183018204 
322.627950405243 
325.576763726989 
325.366247947007 
321.514432325378 
313.413884039818 
311.633480544077 
312.302540077578 
312.973808521369 
312.836742626940 
313.112102407451 
314.941456058965 
319.634269566456 
319.521208094399 
323.716033807938 
322.555208941369 
321.380689622259 
320.693019792057 
312.326616632600 
310.063183952479 
311.879132544551 
315.217261794448 
313.718539185806 
315.089953144247 
316.788670577172 
323.457971503789 
319.831873274805 
317.198580537711 
316.967262172324 
316.923334578208 
317.367540408576 
319.853534692392 
321.189536263502 
322.587943614121 
324.566404518957 
323.239263513750 
324.139025009067 
326.238614141382 
318.838414964025 
319.260353577855 
326.157750749015 
334.314491574802 
330.880047138005 
320.668222035170 
320.327394905459 
324.324694506413 
323.395567112714 
320.590338019385 
319.310064446717 
318.369421165825 
321.361344964315 
322.474572904019 
325.155966360175 
324.496338227576 
325.590157333234 
320.292251290892 
323.789253137215 
324.617621583421 
317.119035099405 
317.815369028748 
320.076648181592 
315.901122832726 
310.712520332875 
298.504038647535 
298.096016180807 
299.152849121163 
293.470934829676 
295.287105991356 
290.998271740499 
308.161546431268 
309.095617296474 
310.270304419555 
314.899423941681 
314.576142757328 
311.626433155445 
315.087742334360 
315.763696649025 
314.121164242356 
314.068223653087 
313.786794790777 
314.423568180970 
315.306270631356 
313.764676270804 
310.717769897260 
312.860854646108 
317.017861624672 
314.210519598937 
310.149337422995 
311.117801805983 
309.554603617470 
308.569918433598 
306.108996879732 
312.473412163723 
314.583464623818 
319.573340789104 
327.854864166388 
324.269695075223 
318.635493177785 
319.612387395521 
319.463362285015 
318.392024876166 
323.910109207581 
322.818144498506 
321.413045257083 
318.812546678822 
325.097834352079 
323.053388488589 
323.283721139336 
324.395874764480 
321.146568512760 
317.514255168095 
320.659589507986 
318.436821501500 
314.627682822456 
315.310822151859 
319.334436113463 
314.249411083966 
310.788012173577 
302.543851881454 
301.734242817655 
304.143045425037 
301.772017378764 
302.218526045773 
306.420945784841 
314.849171358330 
312.619266885780 
320.238217423613 
323.546392218177 
319.908456345549 
318.464246381746 
315.210647547607 
311.967759295078 
310.377764496041 
309.068314686015 
303.935914426843 
305.850569371118 
305.716527212498 
305.428702452927 
303.942724880967 
303.942724880967 
306.518175987392 
311.142392222542 
308.598286055564 
307.774670070292 
308.900254066193 
308.811499810457 
310.504381302120 
310.768504841633 
310.768504841633 
304.674920158971 
305.761966811283 
304.056913642987 
303.755989646758 
303.859034356248 
303.688975294774 
304.771414161930 
305.074648423189 
305.186887467009 
305.649705433831 
307.491754270384 
303.078940727655 
304.367285241606 
304.367285241606 
312.269532880986 
311.552384955061 
308.264506386123 
312.695796509206 
313.899185713354 
313.169324348081 
313.169324348081 
312.605689077538 
312.624065071388 
316.081039721182 
311.925564304873 
309.165229357137 
309.782517990574 
307.711383706143 
308.284350084714 
302.813510567984 
300.431975884871 
302.251718432718 
308.351537803129 
303.581123115648 
306.653337320546 
307.351742512381 
305.429656583881 
300.073281820208 
303.058400980816 
298.519372633762 
300.627482502994 
301.966048394859 
302.641077969898 
297.347158828563 
304.351763234884 
289.180246824812 
291.316886106735 
291.701200339038 
286.113466463643 
288.638562814482 
290.406904962589 
296.910073492670 
300.323590606969 
295.754070364219 
290.232488807408 
297.374217051709 
296.001094031827 
297.458053145134 
296.042018244872 
295.260197981192 
294.892064676020 
302.041201524642 
302.030797982795 
302.585520636932 
295.986873367047 
298.431508953780 
299.131420800627 
298.650505508306 
298.650505508306 
302.821904669623 
300.128217097078 
300.093364839894 
291.531391565586 
294.423818330215 
299.529061956217 
293.073165848373 
291.384344735902 
291.384344735902 
291.973054937021 
295.296737071809 
292.460209526913 
287.652188708864 
297.072691222770 
296.935939286428 
296.374870124951 
295.824642680536 
291.533655259741 
289.432671053412 
294.856583046174 
293.504288491727 
280.444818404901 
284.311087235877 
284.314198349210 
288.765567143626 
288.765567143626 
285.221383941848 
284.183529113372 
284.183529113372 
284.417086120424 
284.882016196438 
283.208284172207 
288.765359704700 
303.707896272030 
310.988466667678 
311.936233524734 
312.129148823334 
309.658734253488 
309.973283335354 
312.437842769052 
306.396843706663 
306.203596333254 
303.898652918403 
306.383769904673 
306.377955514140 
302.521660092174 
303.313322237215 
305.100117420051 
304.047763396377 
314.158964116496 
307.277192105669 
305.175723478335 
306.050918487715 
303.849243297150 
302.331920990289 
299.466700061905 
311.318749948594 
322.673156571880 
328.593586849517 
320.866121961706 
319.279737166334 
317.831834164747 
324.261526377376 
308.870015297200 
304.288826882987 
303.296208012748 
302.225599398801 
302.465515646525 
302.465515646525 
303.007220280355 
302.690041490839 
302.653939284130 
304.597813984904 
304.921824420047 
304.069929567196 
301.588463213480 
305.685704980933 
307.041940663432 
307.447386120761 
298.978603842794 
300.866038694484 
298.043661959969 
300.209038727995 
313.039027360212 
305.635622542427 
307.124438917364 
307.899844256079 
316.665034278520 
324.818381183443 
328.302114950267 
324.968904075925 
320.179873724488 
316.092790699874 
313.522198132008 
316.326305432867 
326.008732044956 
322.102231805640 
319.451401553543 
328.872141957135 
327.205348280104 
325.787394771680 
325.007216329498 
319.472849085242 
320.079743903932 
317.144890167533 
317.403125854656 
317.687872182730 
323.692564243082 
323.606243783562 
322.568995028597 
325.549566044849 
336.958220388379 
312.388304889807 
315.413937876504 
316.317559937017 
322.919234661050 
320.654123037016 
318.120057328240 
312.317386154394 
311.839167471254 
310.495921821594 
314.554137149060 
315.386573810613 
313.692697473118 
314.427802986063 
320.140484749626 
320.324182342312 
320.158318818499 
321.075219893089 
322.179186802879 
321.470092911199 
325.415065744514 
326.168968811761 
326.716887553576 
328.021450159279 
331.735209943154 
320.280746841437 
318.602831100722 
318.167680114116 
317.000807028375 
314.526085482862 
312.870013220384 
314.044206865096 
319.661769161129 
319.753744041960 
316.595502662579 
317.018691287298 
318.115493443012 
320.096277637987 
314.735782034366 
318.117662038612 
318.209738838400 
315.202170172422 
304.182158768282 
303.208692574934 
301.647124676220 
303.108027892345 
304.834643664729 
298.861115452126 
298.756490371989 
299.178334642597 
295.047536971699 
295.047536971699 
296.443643542655 
296.289785101342 
298.168302896097 
306.570012509703 
310.209294850797 
302.860218063670 
300.012145893765 
300.957297476269 
304.385093518789 
305.075130513580 
311.319027551661 
316.844289975936 
325.665273756359 
325.462684175436 
327.180394945971 
316.391340756119 
315.130488643556 
312.625037421510 
308.275028107605 
303.550313464273 
304.744874178214 
303.633569760033 
302.584997373363 
303.076167224814 
302.103275875494 
296.922322082651 
295.927662902944 
296.714872667211 
303.107176830499 
312.199484522106 
316.518130599936 
319.775910517939 
321.436544984395 
319.747055664875 
314.114853230740 
312.718318323544 
310.465395880607 
311.247832675968 
312.890554663692 
312.890554663692 
315.335765189278 
313.904681315222 
312.387785442119 
316.293133477325 
318.439938118235 
320.589234629323 
322.653702017124 
322.764086748185 
322.819856793643 
321.426487695685 
327.612539698392 
324.373943197537 
321.563284521007 
326.554705266032 
324.914889134866 
332.388859703061 
316.928268695491 
312.810131719276 
316.528296787144 
316.510326168072 
318.135845946237 
323.889962158304 
323.399679295749 
321.766587654155 
321.846205166118 
315.280562966862 
317.735382815251 
314.692533378755 
313.865801443540 
311.295158390098 
304.605376330511 
300.483392216747 
306.465508597794 
304.593943819986 
297.731882154730 
302.214023087034 
295.514762491980 
295.261414144814 
289.218264308296 
290.969880041508 
289.206805720862 
288.867255792777 
299.083064636517 
293.939249801747 
290.874513009819 
302.922874051548 
299.471925566936 
301.234493877081 
300.419209253964 
312.070310076083 
308.940794470873 
315.809058718856 
307.708488418235 
314.838525508798 
313.975181283251 
310.932456188045 
319.036671824287 
318.479800290198 
317.997066334206 
318.641717732423 
316.656320526196 
318.632813397395 
315.859404893575 
314.785971914288 
313.277081882080 
316.195022133147 
321.565542747271 
318.034983064699 
318.274388529795 
316.670181360423 
307.806531074775 
307.628117847453 
307.756252525915 
306.442997278057 
309.045445308966 
310.965965992414 
308.949756711840 
306.987535061147 
306.642781567805 
314.707986169309 
314.760218513536 
314.641283546591 
314.641283546591 
314.627267100082 
313.827895848830 
313.834842989365 
314.121702963054 
315.138051610351 
314.372473281352 
313.983288580952 
302.019786147060 
304.004015959730 
308.747244546817 
313.230970625816 
310.863102558067 
311.742817761870 
309.903874044954 
313.194433984080 
311.486575314095 
311.425780230074 
310.643938049484 
304.747160465216 
305.827507765836 
303.463357721152 
300.090252672659 
302.122221006878 
302.122221006878 
298.303174414839 
301.551045300659 
305.960034151917 
303.588263859891 
302.676738390182 
300.129648477576 
309.521640119026 
309.610581990498 
313.401687216126 
297.368550235093 
295.608016847675 
299.541669535967 
294.563857403348 
296.350202085632 
294.154326430334 
291.828631710700 
290.902068270426 
288.871033041666 
291.137311222904 
287.132104146657 
289.311400929016 
299.133911485512 
294.366180996392 
295.373070113152 
306.052765312605 
299.356027303856 
291.235679655706 
298.573781811261 
299.003921840038 
297.550145302523 
301.837333440687 
297.280248276366 
297.612373927055 
294.510825288459 
305.731284443292 
296.282639884303 
297.278583554213 
300.366409517427 
301.560984539363 
301.225224131373 
300.322153607392 
299.586180740789 
299.760059170834 
299.539654748587 
299.482761995423 
299.482761995423 
300.180325364374 
300.180325364374 
295.572693961282 
296.695000013873 
297.708701594875 
297.211210773464 
297.398504353321 
291.715800296424 
291.077978360968 
288.099625271077 
296.097182987413 
296.806924838021 
298.867323235568 
304.088470723640 
305.089867843393 
309.985720988683 
309.938454751766 
310.962922609280 
310.735155995538 
305.851339967949 
308.131917090726 
308.390739042547 
314.024306005646 
314.461737411543 
309.023331218957 
308.302219114559 
307.319890961895 
308.067645314939 
305.938674480230 
304.469308519234 
308.845749342519 
307.618095479667 
304.301469556650 
305.576190666460 
310.892501785399 
312.270514061121 
311.734893456030 
315.892443728964 
317.542245899377 
314.127027554161 
314.741634232815 
312.677928882247 
311.871841868794 
310.227709329982 
307.320113188185 
307.491724870527 
311.550851832333 
306.918428514107 
305.018164475067 
303.793615984607 
311.459244415274 
310.106114558102 
309.198442186429 
309.506422343429 
309.506422343429 
312.451270733377 
315.401391495864 
311.987494448860 
314.845237391879 
321.721432223214 
320.972031751291 
331.769084735065 
321.659345463456 
319.168829797065 
314.786343073298 
316.951264640798 
316.158976332175 
320.527957265332 
317.398691752266 
313.524163703635 
315.670028394069 
314.866950717474 
312.697844440767 
320.468358446032 
314.477092081467 
319.324576951944 
312.287841326083 
313.226267799499 
313.658797444223 
312.764411251073 
312.414491819224 
313.951033840910 
318.453492185015 
318.522674497891 
317.927330792495 
316.850069363391 
321.123307487366 
302.951188277935 
301.943411887234 
301.701245629447 
308.129778716835 
308.204496278040 
308.204496278040 
310.647621190048 
312.057309652081 
313.413159642081 
312.746723591601 
310.482505882327 
300.875319488100 
301.631097934572 
305.318064393722 
302.547761112365 
305.391553471234 
303.683282783457 
317.989751412359 
318.368162890811 
312.363756834379 
306.559247834584 
307.095446239457 
311.866806676734 
304.323086468287 
305.851232704278 
318.218189886334 
315.563607186931 
288.529051844775 
292.161573149217 
290.790298407982 
297.716311288222 
294.975385922892 
308.582636076746 
307.752425003422 
309.250741219510 
310.479483743055 
304.957443529460 
306.608884151382 
307.513087814549 
309.252221970983 
305.532967054459 
305.287904333526 
308.255647333227 
307.751253445780 
309.929749615392 
307.483041599378 
308.860477755981 
310.459966387546 
310.607421450513 
311.139539033865 
311.139539033865 
307.479361452877 
308.743807509986 
308.743807509986 
309.267577564914 
309.267577564914 
309.324046076336 
309.514397906793 
309.821332160241 
313.157970625620 
312.961182460896 
315.427714816507 
320.925367938231 
321.005341865933 
321.414602933918 
324.236599127433 
322.985328127003 
329.368260395500 
325.802232487579 
321.172135522340 
321.172135522340 
317.103928590336 
322.519536779248 
324.793543386673 
324.669383496856 
325.092719802401 
328.105489641108 
322.330197650020 
327.690109980435 
331.133015908144 
331.703437715482 
332.741708693752 
320.379718352373 
319.840776197531 
322.829953210751 
317.589670942428 
318.782249962905 
319.723329880675 
314.774169807514 
314.181514641235 
318.915034474646 
315.976110169358 
316.125563435168 
314.676488160085 
312.426309789056 
313.055466980538 
314.148057208141 
314.306531609128 
316.771742230997 
331.103056514483 
331.174041607995 
337.600946683955 
342.813408857305 
342.015183644802 
342.015183644802 
342.389231409866 
340.368660990706 
342.771421364860 
339.505286614350 
333.468240965725 
338.005978200778 
338.390746722306 
332.806015216704 
338.808075089909 
352.365038844918 
343.282850141438 
332.725537776213 
334.129567766517 
335.984919888540 
330.708353616360 
334.748079817898 
327.263051336657 
328.999567686911 
321.741685894274 
321.458238748994 
324.201701865123 
318.347900165563 
320.055424578249 
316.928220015986 
315.655472837430 
314.051346811130 
317.412107074950 
316.807842431010 
316.833508857783 
317.010622039140 
316.977200214555 
320.590905480076 
316.533918516130 
316.436378201706 
315.491001861481 
314.621396451636 
314.005660604251 
313.920245661447 
320.928383279750 
321.655670630560 
318.948741708304 
318.864473935611 
318.052869918295 
317.382353650873 
316.203974923420 
309.471660896231 
311.839323295065 
314.609014430495 
314.070993687121 
311.289006785007 
313.050341287564 
311.550094326722 
313.542799364999 
316.467153496154 
320.202862091328 
319.570720255612 
318.081358915952 
316.019791826370 
313.803279204494 
315.570966546081 
316.776300321782 
319.314216362019 
318.262824265531 
315.049878374119 
314.900579404141 
315.453434168524 
315.151533079413 
315.817829099099 
318.847429165287 
318.847429165287 
319.209093816967 
319.209093816967 
319.376158120677 
318.700893312675 
319.044517363587 
314.049127787076 
313.539732538775 
316.871237563222 
318.161945673242 
318.161945673242 
319.549118336701 
320.487470192525 
317.055889130197 
315.688629872968 
316.103727786778 
311.376540072249 
312.012268010018 
308.560454310102 
309.178903795794 
308.207026924608 
307.204005691305 
309.416194352083 
311.344069388801 
313.040901573689 
314.362785214846 
316.548469119655 
317.793713360241 
313.792599512211 
310.767918444291 
311.663942866259 
314.412199734468 
313.680406700864 
313.871825234616 
312.219220614311 
312.209002581001 
312.182306587815 
316.543246403230 
319.500899718393 
319.562923902261 
318.959573050638 
300.728971170727 
302.959095351568 
299.030074655077 
299.030074655077 
298.111659574468 
297.254258319646 
298.330932549844 
298.453581919140 
299.202549198719 
298.753141975538 
298.140913433618 
298.741742660160 
299.388366009848 
296.297624035881 
294.531668544679 
293.632552126834 
300.023356678831 
299.653440167495 
308.093560129106 
308.502214101830 
308.186340503573 
310.001418690827 
310.107203225823 
310.368285632397 
310.134288802364 
309.190903603067 
307.972852999627 
308.597424988857 
307.352682711213 
311.312945117040 
311.714539457883 
311.714539457883 
310.917818126340 
311.857332409125 
311.065783705271 
310.694345670457 
310.330681106832 
312.235745500142 
316.302193863325 
315.244843563530 
312.480877945481 
303.937299352466 
302.581989627013 
309.164624266547 
309.361707370845 
305.445218660089 
316.990065531914 
311.985629316774 
319.978175597029 
327.055376380348 
328.140172937139 
332.691203621403 
341.368049378352 
337.885081980048 
341.617482546530 
338.075000228581 
339.499428686855 
343.071048898210 
339.613090818840 
340.031713104209 
336.377935674349 
319.017861584508 
318.791947115646 
317.478890634670 
319.602338131395 
317.118980910648 
314.543046854928 
318.411012530878 
322.310118952057 
321.771103111578 
321.549152341753 
323.554339811970 
320.088037761161 
319.349508619590 
320.859821541339 
318.040887949795 
313.410921760158 
310.082635319908 
307.206112667377 
307.030354526423 
302.504237073987 
299.616539093419 
300.957879623965 
302.036493934852 
303.671666758323 
307.746593039589 
309.181537163367 
304.073415916079 
309.673341092471 
313.195951103873 
312.865538117094 
312.262177770520 
306.656704999121 
309.377507226320 
299.706344144847 
298.052419404190 
301.514417148331 
300.590456063032 
299.627053274787 
300.850746533648 
304.340335827465 
298.709133417727 
297.169205482944 
296.892652511035 
299.232230685145 
297.355921729962 
297.355921729962 
297.211451805036 
296.831362451292 
293.780487990868 
293.780487990868 
299.396773992311 
301.184714411890 
298.975610477719 
301.882252280997 
301.882252280997 
301.211479209951 
298.897291664171 
299.781281937415 
303.321411399545 
297.403751281134 
297.687769390573 
296.941340405024 
302.641879707348 
302.329976088991 
301.446726992883 
296.948414132743 
300.343296991159 
303.657789699496 
308.019773021008 
307.814134542689 
306.416757148113 
304.994570597681 
306.250656897340 
303.695834852170 
307.794788113091 
306.601703502834 
301.067189608013 
294.135979279140 
294.472390651520 
294.013827025921 
298.091493832816 
306.789554275075 
305.405399956942 
302.690570366636 
303.813721149951 
304.660191096616 
302.823480375022 
304.632320414992 
306.482126479209 
306.966527236215 
306.102782330516 
304.989720324733 
308.172319968711 
310.725605043807 
310.532449778888 
309.811049191934 
305.128083492913 
303.024338173351 
307.181966653634 
309.414870147711 
300.413677026262 
299.007213723778 
301.693913315963 
306.294888891975 
303.244930162882 
305.663674257969 
303.168968934556 
301.721975093144 
300.506503616289 
298.230120348796 
300.954818157649 
300.733203757084 
300.733203757084 
303.668923692634 
303.765374919269 
308.879651341920 
311.287536134323 
310.078355689591 
310.465253900831 
308.791950291773 
306.946188529668 
310.507880290160 
310.940982741580 
311.322814246277 
313.597343557158 
314.802181173862 
311.375958188844 
308.997431707176 
309.937133328323 
309.153439277941 
311.381651337801 
311.537428958282 
311.596563289411 
311.919048874505 
311.919048874505 
311.767884591627 
311.796246473961 
312.503498751280 
311.379004482491 
311.379004482491 
312.917248777666 
314.105769136778 
315.842063898089 
315.982331417395 
316.444765031061 
316.222302781522 
318.064354282041 
317.192809093212 
318.618777984327 
319.450035585323 
320.069057057094 
313.369680100720 
310.542790548858 
312.138126015859 
311.662488053534 
312.516747729085 
312.033808354080 
312.094416288198 
312.094416288198 
313.621110299470 
314.901627209497 
314.383496339661 
311.180002140940 
306.592422959138 
306.413626812679 
307.818193353816 
309.975089537400 
304.875305709345 
317.681297932748 
316.488100869090 
315.799188834076 
313.040160602286 
314.568879547592 
316.750147956554 
316.882382572955 
311.078328581414 
310.949716576937 
307.469758332162 
310.597745365256 
308.552058634771 
309.695557511685 
308.865025478880 
308.865025478880 
308.399869885457 
308.560237093642 
309.201328745050 
309.961506614805 
311.455740012964 
311.458382022852 
312.066442726040 
311.947242121467 
311.947242121467 
312.181324928458 
312.205573438972 
312.205573438972 
312.669826303703 
312.720613312858 
313.165133928102 
313.698810959895 
317.203657373147 
315.658289721155 
317.578280244808 
321.066455611441 
324.568593592004 
330.722500770581 
333.550947135192 
330.076574228908 
330.013929602983 
328.942109931055 
327.024856155993 
328.924833359484 
328.990111152138 
331.015708124762 
326.928121550026 
333.122069404982 
328.400583999327 
330.897060978182 
328.116314122121 
326.137911457697 
326.137911457697 
315.517595213819 
307.260230855562 
308.527786377805 
310.260724157197 
315.375201750236 
313.874750803003 
313.874750803003 
308.033268981102 
309.799949490682 
309.517132670882 
304.269066948889 
303.961485807997 
298.758777645446 
302.808589845621 
310.661012124721 
313.789779621247 
313.789779621247 
312.099692211841 
313.730436045455 
309.998238062886 
309.016990845118 
301.045020565773 
300.716802160574 
306.396684990236 
306.590906915462 
306.795177315588 
307.268197190678 
306.697381924238 
307.384555305553 
308.994515216033 
308.791457843940 
308.241946202447 
307.544237526715 
307.261477718710 
313.680030192537 
309.378018701841 
307.746609983979 
308.617533641803 
314.042580623192 
314.579090778334 
322.514604003520 
322.629299240281 
320.710227847493 
321.516877795143 
320.111434797873 
320.811987418646 
319.130865848819 
312.006876075341 
308.649726509896 
313.699392962854 
316.648985463009 
322.521970143043 
321.614326402006 
325.650112137913 
326.472971484918 
324.879239105358 
329.282588661390 
322.231270015716 
321.596778699959 
320.446041442526 
321.102920908242 
321.748233938318 
315.889063857671 
320.258301059513 
319.328711367314 
321.021713579772 
321.470473092083 
321.723198596736 
326.978481413611 
321.734927401359 
320.291001578842 
324.321747324053 
325.459198761274 
329.015884682599 
326.414174380700 
323.756830038316 
323.872208962573 
322.348178126828 
319.572564983942 
313.543431594668 
317.121128478224 
317.580244106636 
317.830201002198 
319.500709604995 
313.400367657281 
311.909036535894 
310.633926418723 
310.674884257445 
317.446708721061 
320.128438514311 
316.626877521161 
317.448554273375 
317.252281437449 
317.012764673527 
316.390863678051 
318.816792598003 
323.938802864557 
323.860430701555 
330.560684840814 
330.948449737404 
329.250235487912 
328.836205638337 
324.749861971929 
330.542148491718 
334.356380338324 
331.124551013832 
335.771272646353 
331.599534844513 
327.017574336351 
329.849901892047 
327.436971389185 
334.648725399327 
329.860788682631 
325.168936787198 
327.251793606785 
330.581955760451 
326.332363747178 
325.146734137636 
325.942136967531 
326.482218443723 
324.951277043357 
322.075667035836 
322.200111767655 
325.439778690336 
326.640493867603 
323.110552948550 
327.924252408952 
327.924252408952 
329.422153275762 
329.422153275762 
326.405354089128 
332.521162332887 
329.963197898900 
323.842161699361 
326.811408097839 
329.609996710723 
326.857514981389 
326.418719308646 
325.099714533159 
324.272549840443 
327.658508913316 
327.658508913316 
320.924612901713 
321.319797979930 
324.008617870555 
324.280879403659 
323.755912496560 
323.755912496560 
324.133614781987 
321.864655275094 
318.653195466097 
332.431590217585 
333.447863940733 
339.988575690815 
332.958170034876 
332.595601468992 
334.296560679282 
328.359611812338 
332.409796520564 
327.864125887391 
331.992151420503 
328.919664511539 
328.799330102325 
329.437189633473 
324.173570093182 
319.352991722059 
316.886338121445 
318.065945322579 
316.860507139531 
317.390553599537 
324.058451410846 
320.085632660028 
323.404143137448 
321.429612337944 
322.515422056284 
322.780977421840 
323.653285711941 
323.665558110834 
327.641329404410 
328.306631552453 
326.298030046169 
323.322656384382 
324.896040444179 
313.207021205715 
311.378461911294 
305.857839229246 
290.378036642000 
296.516273564955 
291.830094020762 
310.351054381815 
314.868241117087 
313.886859676104 
315.012255521820 
315.707072002432 
318.227528273623 
317.428926086556 
303.674176281210 
305.109495338022 
304.355280480608 
305.964231674444 
306.261583640610 
300.868245820800 
299.717120940855 
296.281097602965 
296.281097602965 
314.722000277526 
315.491595142655 
321.795460855384 
321.589246216326 
320.028738385792 
322.541710429248 
327.803945515180 
325.496577805296 
325.087127939957 
326.753889545200 
327.820984390480 
329.812375487457 
328.729369972105 
334.722512687465 
326.694991614342 
328.259776512133 
328.577053691928 
330.144880697440 
323.531479405753 
326.879807967976 
327.256499470204 
328.028320931551 
327.211604070373 
319.728370181340 
319.636871484383 
318.501469143021 
311.193487267005 
316.283830849670 
313.958067084213 
313.617999079378 
315.091530696610 
315.379516509008 
322.556699486839 
321.974371614606 
321.542579383454 
316.372827648139 
319.418160048752 
316.700094135747 
314.387550278278 
313.895968939957 
312.753413098224 
315.399107888478 
328.048485719239 
324.063986471921 
329.141843657636 
318.577930568018 
324.334965339606 
323.265977494675 
324.631223765563 
324.629525767337 
324.803337073387 
325.858793292047 
321.768941810277 
326.819025408540 
326.342442067845 
323.615271890288 
322.831545791384 
322.215552537901 
322.392446987825 
316.815966880879 
317.346011704791 
315.458807044230 
318.003929996231 
316.009717695012 
316.636719140258 
321.818451878168 
321.146684889096 
321.823664785050 
319.265782631197 
312.307520023528 
311.744009463445 
311.744009463445 
310.126893829411 
309.229884615646 
308.954895202176 
307.873390260798 
307.930974352875 
306.171465500611 
329.290879480542 
336.727250257575 
334.526607451557 
339.803072635331 
333.790403611938 
333.809041128060 
333.116631681406 
329.051206058912 
336.597633400662 
323.379301627750 
321.167224975907 
324.585589017940 
325.319469255741 
328.696627839776 
329.624558846644 
331.546677257530 
330.292576641986 
330.930434602467 
335.964515002924 
335.356545774863 
336.050669923854 
330.166334203051 
331.432314126389 
338.212093027660 
333.075722253481 
329.937427547509 
336.025921146566 
332.502421052093 
338.748292144861 
347.778747163293 
333.268969496539 
340.086344166686 
334.472575639122 
338.009827517300 
337.423449656703 
336.235309061399 
341.214144863117 
334.531294993043 
334.531294993043 
336.492864472926 
335.264231300870 
337.849481008651 
335.759022825572 
335.916924455315 
338.561550059921 
338.561550059921 
339.881404113769 
339.881404113769 
336.452163101901 
337.370132351968 
339.904317449975 
342.827211691476 
335.411961081940 
332.742974048407 
324.004644084531 
324.886471144459 
324.765386923126 
326.182905464641 
327.039985233779 
332.298351146110 
330.557936740655 
325.424889604687 
329.108042679633 
330.029174332691 
331.527320376379 
331.700022762366 
329.371081974377 
329.019043681420 
330.915902115603 
332.848929346920 
328.420721328156 
329.064175559403 
324.469773434489 
336.096165139443 
338.454078585838 
337.124940488279 
334.578094978802 
332.379235494313 
339.001382237232 
332.876054137446 
325.692343249150 
330.157273675958 
326.377944883382 
326.300150704859 
329.777336560475 
329.777336560475 
330.211018291625 
328.225448152805 
330.704073681564 
337.793256521573 
337.793256521573 
339.725181169025 
339.355310318345 
326.555578707001 
313.154389716714 
313.534852735810 
313.517777926212 
313.941680125195 
315.401165337340 
312.162006889848 
315.825505612880 
316.269958567765 
317.533138553172 
313.513401405774 
317.587144301351 
317.934222998904 
316.004330219461 
314.369788636819 
315.351926055929 
318.761782718985 
319.295402963659 
318.989102733499 
316.497903497797 
317.384933802638 
318.650987170787 
319.018370297752 
319.369682591841 
319.365389373381 
316.017432886386 
319.335374529231 
319.407465540914 
318.965421236993 
319.087272915786 
317.850794804116 
318.513953458349 
319.900612557898 
319.961129031526 
323.596724825529 
325.349407687758 
318.452934914532 
319.459964336373 
318.485143745137 
319.066313460632 
317.503618255043 
317.631262846381 
316.579705814123 
320.380832115362 
318.772945203845 
318.650308417568 
324.132528953332 
324.504112283697 
323.043911413768 
322.332243873585 
322.243160467072 
325.734577364542 
325.358414136778 
322.778061286608 
323.392500734907 
319.904216677124 
320.068437180688 
317.395083708051 
313.488054147110 
311.645963464935 
313.209833872341 
313.431276422414 
311.932606488291 
309.189302599223 
310.867857018107 
314.161416672859 
312.590005664265 
312.813133187790 
314.651451950517 
317.564445586090 
318.538524174486 
316.841638413386 
316.682922522848 
317.583641563078 
319.649801814283 
320.625478254407 
327.299815205633 
320.863466722021 
320.589907873277 
320.920719299545 
321.280787536356 
322.711980370751 
322.232899813972 
322.387432241026 
319.237173437615 
311.420875097990 
311.322619662460 
309.955985337216 
310.520126252206 
309.602287864457 
312.179249252704 
317.245066610387 
315.421359673165 
315.118761846249 
311.955071199688 
309.242123761664 
311.094473629165 
311.390589153039 
312.181033001872 
315.768759686650 
318.233415980845 
321.029885357037 
314.611442440977 
315.714319754897 
312.209960053796 
311.231281355653 
312.655074591841 
312.609156888038 
310.285558350516 
311.852403653984 
312.281532191772 
310.384201830957 
311.902046874367 
312.731701674931 
316.623157007120 
314.270233137654 
313.695719243660 
309.785052737262 
306.720133793813 
310.882833893840 
308.281619068936 
304.226040730784 
306.186579148736 
304.953984942724 
305.240611717606 
310.825218309816 
311.249106725536 
308.703156034348 
309.706390005778 
310.769197963907 
311.102204040160 
307.134418207869 
304.454928080120 
304.454928080120 
303.699801034828 
304.112339815891 
304.376480801979 
307.291584900827 
306.254903991473 
305.969645097235 
306.973135956395 
309.596731165293 
316.554688304143 
318.046517770880 
321.422174609528 
321.419230224214 
317.476343969521 
317.171434728528 
316.894773183205 
315.622127876007 
320.865899952120 
321.636390032639 
321.021667274999 
324.329930922427 
321.097184170167 
325.521024220829 
324.778067241384 
325.571946591540 
316.589970724528 
320.108705762589 
317.565665952405 
317.716655348241 
316.541322269022 
319.299926226334 
316.395511816394 
316.440382560111 
316.839640876899 
317.600226497752 
320.414959248126 
316.278369111933 
315.776772302260 
316.064088855480 
317.917526902143 
317.993892377149 
318.145749860020 
317.524312226986 
317.676624328822 
318.323090401897 
316.723513687674 
316.218248176486 
315.928093868532 
315.427258780123 
311.124250781523 
311.135459976345 
310.908374986031 
314.161482759372 
319.444537361129 
320.397251378514 
320.404374362349 
323.505626568418 
323.943068126203 
324.788631770348 
318.018192982415 
319.456502283941 
321.192830436866 
321.024620138613 
319.914414868800 
317.937638361738 
323.126309417763 
322.088684699695 
320.588704449335 
321.877020506546 
334.129748568890 
333.045811754663 
334.764387618918 
341.229099929022 
326.527631378560 
330.185894996313 
320.399599038179 
318.265487406690 
321.562559345977 
322.456390985768 
322.227555764891 
323.609673794219 
321.963767544254 
321.666430221879 
319.716561694787 
321.239846164932 
319.924898913336 
319.121768530830 
317.614262333020 
316.103574764466 
318.439595058980 
313.451853775502 
312.753789916820 
312.896788037401 
311.954845603128 
311.804757889659 
310.788195941541 
312.056563932196 
313.288002319100 
313.997634277874 
314.153819565150 
314.909830819028 
309.668172738574 
305.007986169027 
307.889977977749 
307.327634171828 
304.785772254182 
306.782340807450 
309.174294242957 
305.114866584078 
315.663497328244 
319.437094290372 
318.562910872513 
321.452350702216 
325.264078264312 
321.283704150519 
321.756830136428 
320.518410757116 
320.288021574247 
320.651007013200 
323.194042451182 
322.666914699137 
319.215374920971 
315.277744292388 
309.149226164087 
314.482296395443 
314.650858221232 
317.399342124070 
320.133777226634 
320.133777226634 
321.576469616568 
320.667158162170 
320.258122778942 
321.343955684028 
324.430445292192 
322.677957157371 
320.568234133313 
319.553300068598 
319.690377453598 
321.411782371675 
319.308633602383 
320.763162329469 
325.957862282150 
326.355743981809 
326.921334048597 
330.751976505851 
323.909894942148 
321.565891174763 
321.565891174763 
320.072593703014 
317.835981360645 
317.056331403395 
316.585125230801 
316.585125230801 
316.284266987277 
316.240617021878 
314.405775458698 
314.576752914660 
312.851853365252 
314.317670430429 
314.125047110228 
313.396925718200 
313.904769096416 
314.611639997798 
310.525216959185 
309.436943578667 
306.594814467315 
306.991600780808 
301.319174064110 
301.628315243112 
306.213570546188 
306.213570546188 
302.697799426173 
303.553955414962 
302.015094223463 
303.621653413312 
305.430364365821 
315.163873147108 
314.575797078165 
315.435890674462 
320.833054375033 
319.191661107840 
317.823458149314 
312.236554166201 
307.904548546339 
309.982158889716 
306.360572510245 
303.004945225984 
302.424379398200 
300.893223821699 
307.332284661157 
306.537406821977 
300.467914999494 
300.463892830412 
299.782858346074 
299.932930263169 
299.956195283122 
308.637005965057 
315.096894818653 
318.976499787003 
319.153233938581 
319.007000220979 
316.919958131194 
313.255643391825 
313.558918976007 
309.857844892559 
313.554888222639 
313.546878356012 
310.134110894781 
310.215942464276 
309.882027483669 
312.093179296179 
312.644557409803 
311.992743412827 
310.072480740729 
310.092512157380 
309.637254258144 
315.990105084452 
318.378999141321 
318.387907349724 
314.567934640570 
317.877672695798 
308.709905775530 
310.932986776002 
306.645411694496 
305.167253483343 
303.840266283700 
307.161828588288 
306.800195914551 
307.654582232496 
309.248895104734 
311.161645992815 
311.821833117381 
312.475209259753 
311.260495806549 
309.403719266904 
304.486515724330 
301.466379886333 
299.459860413711 
301.329309520618 
302.856250449094 
305.561383013678 
299.443708838776 
301.200035719763 
298.457106521155 
305.237253259132 
304.619981870324 
308.194518026906 
311.105051846126 
310.665500895674 
311.098051895885 
309.716312729248 
308.934048284347 
306.469865773375 
310.629592202303 
310.531457873751 
309.710454019076 
310.677664246460 
310.338847033685 
310.481979709271 
311.285728183353 
310.413407052484 
305.022370232220 
305.022370232220 
305.466342556868 
303.273933879220 
302.176253111544 
301.765981201539 
297.936499112459 
303.361779954490 
299.601032107858 
299.292160092911 
295.120515159117 
295.196483794186 
300.345781783223 
303.243685151193 
300.022304178600 
300.081477603674 
294.790596930990 
300.505135333042 
301.131069736484 
300.917582885546 
299.355782685199 
298.786777725630 
296.968822191970 
299.707074492050 
301.766672221728 
298.606355681292 
304.248745431580 
302.904375706838 
302.571121458990 
301.358152135516 
299.408445397966 
297.925447366067 
297.326256124995 
295.811946535137 
298.791627953878 
299.637056729436 
294.926688554490 
303.271354014989 
301.089878332094 
302.699457403025 
312.049591831464 
310.516792479851 
308.414758385114 
307.598452224656 
307.384070789639 
308.826981376004 
318.226206666701 
319.944931397008 
321.056474844684 
321.449627775257 
319.152547708679 
322.949834180118 
323.882630604545 
327.065740408459 
325.890282532728 
324.295309756031 
325.048817118610 
323.251632510401 
325.353875104188 
323.978692627679 
325.554939921070 
323.992602259591 
327.928456805813 
321.894016178329 
317.855402857352 
315.903012341203 
316.489196925030 
314.491763481598 
313.452394965982 
309.323663175389 
313.493324197821 
316.718358468872 
319.932995943703 
320.193043009256 
319.212422462205 
311.392931854681 
318.565425982402 
318.050469746704 
316.021466039954 
314.390147495786 
316.869745235805 
318.958065920039 
318.643308764622 
318.916844234887 
322.376594006884 
314.080006356759 
313.493472913703 
317.069729685044 
312.022438105043 
311.723246934068 
313.929891018083 
314.995622039745 
316.788878240246 
316.770126308676 
322.359570399808 
321.142889420509 
321.794200451738 
322.061363637856 
321.925916562355 
322.378091072500 
323.006206116791 
323.006206116791 
325.718702205391 
329.027115388160 
327.894931025358 
330.704005511673 
327.994427847053 
326.796213483884 
324.237025875011 
326.338416163497 
327.084368942975 
324.760955120843 
323.788815168649 
322.859391214605 
322.411211279257 
320.459452452605 
320.156625974261 
319.984815358785 
318.456500227538 
317.304979156121 
319.105546142127 
321.231279849770 
313.755838330309 
313.651945117081 
315.141271380894 
322.796548983046 
318.677573994080 
319.880263395682 
318.929338768919 
317.194232230563 
313.235665532612 
322.485350844549 
323.001010343087 
321.210311489630 
318.159464606465 
317.418367370861 
318.666883285334 
323.046462081923 
323.194160838711 
322.438119770388 
319.828568333820 
328.200611164353 
321.146983789377 
325.126407401155 
324.285542444672 
324.815225269663 
326.659613797404 
323.594379950383 
322.622986736957 
327.169591940066 
327.149817386621 
325.374540428418 
323.188189392264 
322.340018016102 
316.693878018888 
316.655454226807 
315.569674191899 
315.065983621623 
315.097029652119 
315.100359616566 
315.745130628250 
314.013802236181 
314.052056691758 
314.829230449832 
314.113009156505 
316.370227568441 
312.643707572005 
315.500045585840 
322.555960435985 
322.432823655759 
342.960758046956 
313.731379297160 
313.829191472818 
313.829191472818 
316.069507438155 
318.058137455490 
317.431169277557 
317.482860278015 
313.499008591430 
315.707826594307 
315.179302765844 
314.358673500404 
307.051309619927 
311.155071021637 
302.398329309691 
309.208112903587 
309.303978404060 
316.042491682186 
320.711962316088 
317.870424940392 
316.347763458585 
313.554027289687 
311.359481160947 
311.210495276581 
311.208494327562 
316.450572683341 
317.851544622314 
318.639604833473 
320.052955323300 
317.055839008661 
310.092898081778 
309.729637818423 
308.235765612610 
306.022388932359 
304.163632820909 
304.355838055386 
308.857800121915 
313.340435861034 
316.804124194336 
316.820346573780 
311.420682724790 
311.980826268661 
316.944990827402 
315.269577663861 
312.381643576225 
313.424578674526 
311.818219341199 
313.050545736232 
312.130209102688 
311.019120748323 
308.844088283823 
311.109474941803 
313.079242244188 
315.251751936099 
316.363802654855 
316.159340214554 
319.881451906571 
310.128692950521 
311.780056073291 
315.205943240860 
317.748142117882 
323.554106206180 
322.297801769982 
320.412564255102 
320.623723798969 
320.117224543825 
320.439218138852 
321.505372410352 
322.261282472133 
326.587479755997 
326.756536554650 
325.208901747330 
326.759856683872 
326.520220538919 
321.533321046344 
315.125240231405 
323.992132932725 
321.889331792185 
322.153353075269 
319.340487508337 
321.670591434266 
322.462838561434 
316.818541541204 
316.818541541204 
319.462704894176 
319.846702298718 
321.065175926957 
311.239937108137 
310.480695358506 
310.208589079054 
309.965480362967 
308.798852031464 
309.246083615871 
309.160106545347 
308.147619145311 
320.483056289448 
318.878919286665 
322.925450578142 
322.462936936577 
319.152421642481 
313.161638158861 
311.239781699307 
306.887655127492 
302.642337067068 
298.305665196292 
300.330097368372 
302.462355876287 
307.575183635011 
307.554700848676 
307.127002561307 
295.122950922432 
296.582801132712 
299.165280070837 
299.823765023084 
304.712528028021 
301.308445378876 
302.491741260608 
302.851343003535 
306.967560816132 
301.923297490990 
300.125676520753 
299.809812630375 
301.598979174029 
301.297805513571 
305.304004764067 
303.019023221223 
302.982025207275 
306.809387539057 
305.486053663333 
303.666337297470 
301.493242073713 
303.033556903751 
305.338677516796 
305.358956665946 
302.601960779966 
312.284276287465 
312.433843852682 
311.805592976469 
311.062644485032 
306.502609797940 
306.110494424013 
306.731814571203 
301.309093251634 
304.547164049440 
303.873488717200 
306.064679868712 
303.197547490890 
304.034871871840 
299.135258000232 
299.569472521529 
298.717376464411 
298.717376464411 
298.872215982816 
298.482778918815 
305.269995910368 
306.590580260537 
310.965439572101 
313.107099443411 
313.917323561441 
305.542868757894 
303.248950414938 
303.402161732013 
306.352515234926 
300.526495948750 
301.718915941083 
295.890041619256 
296.853260573696 
300.066570703509 
297.837385609051 
299.321045710160 
298.519748740493 
298.651794892653 
295.634862508433 
300.157737086942 
300.399817875700 
303.679340151835 
301.351298350767 
293.276958573373 
295.118508924313 
293.659562435861 
295.279291964622 
299.308622917329 
302.074999728860 
304.017643582081 
304.439973206843 
302.060676987183 
302.707688607766 
295.287694109876 
301.935566847771 
301.126853793542 
303.386528522894 
297.910827728863 
303.804524747530 
305.618344091906 
306.673532262362 
303.926882414899 
299.269208367449 
303.320711140176 
300.968013566179 
299.384432043638 
302.338252675661 
304.281039419002 
302.863983546145 
305.063267732308 
300.894967043626 
296.675111782941 
295.037441204579 
292.103848853085 
289.253449087478 
288.798967966492 
287.767924916749 
289.741791835848 
281.856772786824 
282.581765234775 
279.838628230582 
281.743197930953 
287.125726976127 
279.437779649923 
281.736675840234 
278.164294482937 
272.039068755177 
282.033806443122 
281.058944853932 
263.798673074758 
257.206631333498 
264.303168873554 
263.067956815915 
259.089483818652 
276.294976845290 
271.152718867142 
267.332197272353 
281.716050718234 
278.436224041387 
281.453226114680 
283.511647776031 
281.149833933482 
279.977332665163 
275.199909391114 
275.181601643413 
271.359012517050 
274.619401039139 
271.786997529395 
286.613696769738 
274.721790119339 
272.475125453358 
276.643039572749 
284.361616555982 
291.129090943084 
294.116483919633 
295.846395264057 
293.725947707405 
302.215663274407 
309.726825772586 
310.109723328325 
309.350512320970 
310.648012135469 
313.515356265782 
311.876643800421 
311.606251521358 
315.859817650170 
323.706838471619 
319.071403001154 
307.845600146032 
307.865769988122 
308.524756807564 
319.162240754814 
321.959919470194 
326.697009472555 
328.317684444252 
328.134602409357 
330.365711253708 
333.647683093441 
335.750145261767 
333.680769958707 
328.911093237510 
325.031017743095 
325.173914620634 
328.490893600271 
325.515991547279 
330.245791065147 
326.077787799513 
327.671308249159 
328.118960703321 
309.835292456743 
309.746317095136 
310.366502854214 
307.018546974650 
314.628396917483 
304.416877871244 
307.299991630842 
305.419693433269 
304.353748372242 
305.261951106670 
301.628123082620 
304.252988217494 
302.394336778630 
302.491139762520 
303.022171739445 
304.403541384835 
304.443008311578 
301.025222688826 
301.414300544571 
308.117025440929 
311.186888134789 
314.507713930975 
313.411574767285 
313.411574767285 
314.745032614775 
313.897598433906 
311.491126173971 
311.819203512227 
310.305881632214 
310.722756538717 
311.521411510638 
311.916913026891 
311.274519160766 
310.885442507361 
310.750346687408 
311.749634736688 
308.257729193656 
307.369097271450 
316.631128580567 
316.581067154156 
317.524367409110 
313.569628609393 
312.959612518861 
313.609736654010 
311.520840024519 
305.613979633913 
304.517599767721 
307.159747446423 
302.958564111412 
301.778558140217 
304.439458664206 
298.662515240850 
301.423262614146 
301.300888164508 
303.496955463992 
303.439299453803 
283.266569531239 
291.516563996710 
291.725736450399 
292.046045531264 
291.181295070559 
293.249449868929 
298.924852641769 
290.263523027686 
294.702084492476 
292.676595197482 
297.435310024447 
297.105708567979 
294.368396257768 
293.996920118322 
296.334367766417 
296.337594122781 
295.812413693195 
291.485311345275 
294.700231923723 
294.082816528753 
296.215831483953 
297.077503929232 
297.129271823417 
292.075032974151 
289.814292160611 
288.459908006238 
293.380089021765 
296.686642614222 
300.123203662163 
300.182218068767 
295.041407001152 
299.378693609163 
291.191905142312 
298.966184096072 
299.292749675705 
305.669072387644 
310.202589809770 
312.656932921228 
332.811106882138 
334.603162323756 
329.335038512464 
335.635187099336 
331.562704784949 
333.292000482171 
334.533166162793 
334.692463032285 
335.815069225885 
329.289428009671 
337.051037514314 
340.355944929233 
340.235660435830 
333.829431770599 
333.829431770599 
336.279516151863 
330.718130560036 
333.108683475687 
331.707294661286 
328.791722240013 
334.642263346377 
333.213556222966 
328.626052959475 
328.973980967670 
327.174381332414 
321.881826930096 
322.332377465811 
322.732812740693 
322.914469490319 
325.068775508234 
321.367469001967 
322.091270938075 
322.882282051085 
318.760505673337 
307.198061301462 
304.679752801764 
308.153559080413 
312.199744251216 
312.339910963490 
319.792581009972 
319.302227999126 
319.804575384637 
317.873622531243 
318.053145216822 
317.968623698990 
318.300815965320 
318.397408764421 
318.758099947923 
317.560880650556 
317.560880650556 
319.268691982929 
314.543887789375 
312.073685611010 
311.226966835323 
310.751903824033 
307.386517251885 
307.195493249045 
307.188600740589 
308.814838500789 
308.650936468213 
309.543021718909 
310.099857675581 
309.550820701435 
315.572777365836 
314.938266878701 
316.802040838762 
313.478308314721 
312.927519205506 
313.939366503776 
313.231729919676 
313.205571229768 
307.208812737032 
304.417340620676 
302.573903464750 
302.164811512383 
301.980673213536 
306.073137533934 
309.276963677598 
318.596920770831 
323.389839569199 
317.352792880261 
318.840054420293 
313.439675209999 
316.501300447334 
312.914675931900 
299.394838412643 
299.567251365951 
298.718494400691 
301.050494917703 
302.405981023669 
305.653211665597 
307.257263075516 
317.821750634404 
314.737377377736 
317.273296960193 
317.743868171829 
317.432753178513 
316.892373586671 
316.971220020289 
307.403340129492 
307.647339842188 
309.059703581496 
307.699796672775 
311.211476012991 
310.605562269946 
311.516813097735 
309.655929215300 
309.578068447795 
309.722990984281 
308.532794280724 
308.467974777287 
308.367433021390 
305.583773993948 
307.454758645646 
307.095431509563 
307.270606438175 
307.789282634312 
302.768582209117 
295.407823064998 
295.817179930712 
296.046862592375 
296.259975806993 
294.572757125605 
294.529843820585 
287.291592029397 
285.167780711087 
278.066650718790 
283.100572137701 
273.179390912246 
277.283336725600 
290.579284271676 
282.559639416170 
289.162347083024 
288.066456532962 
287.990466628668 
288.711374314592 
286.377223296802 
285.888899477343 
293.634071397191 
285.193365064775 
284.743985363387 
289.118369695987 
287.255151298007 
287.255151298007 
287.255151298007 
287.255151298007 
287.255151298007 
286.749471796033 
286.030510355417 
284.157238963068 
282.824598515065 
284.299296921005 
290.325054816028 
288.446545793036 
294.521532933190 
294.634455831583 
298.189392012296 
309.615858169452 
305.326810137689 
305.860823186253 
306.426841737841 
309.236645570948 
312.184361731175 
311.137937450691 
306.365626620726 
311.285836301383 
307.469719764041 
301.390564922367 
308.431839090662 
311.206133608465 
284.705169732405 
288.442596599858 
281.953322173358 
278.839315753716 
283.285549708218 
293.865439929503 
298.376405493447 
294.392631144322 
294.136267943414 
294.497457818248 
290.495302210845 
290.102993620343 
298.040330665838 
293.570914040774 
291.423397178517 
294.379641819937 
294.337727675549 
302.661711870382 
301.574703185256 
302.634087469593 
303.600406640220 
309.964082543922 
303.967053070856 
303.305471143661 
303.887598778702 
308.149171942533 
307.189614954631 
306.197779367889 
304.042295876264 
306.740276819505 
305.582884407587 
303.793941554748 
309.279132226993 
310.258399082753 
308.241464053808 
310.264235670714 
312.877527472302 
312.921306549392 
313.086639808637 
311.811710175439 
306.507451226373 
303.079768596451 
299.763338669923 
299.717548294594 
308.173738200287 
308.232506381657 
309.463575720628 
305.810166673637 
291.877480108791 
305.737442070784 
308.427427049823 
310.758675508486 
310.716524014018 
314.366092253955 
314.994574446158 
309.171006341039 
300.741767976997 
301.944686514130 
308.109345223094 
308.992109768477 
307.470057744817 
307.581577760223 
298.423706835078 
289.660435278663 
287.492129033520 
287.074105675678 
284.344991349470 
290.634699705479 
297.461511056809 
300.031865869201 
294.752756726220 
295.183694660199 
295.381366960836 
304.624828777611 
302.515167747424 
306.122912010805 
306.122912010805 
304.859358564729 
305.466517692598 
295.213112477853 
294.117720127606 
300.009456277049 
299.247028548161 
299.247028548161 
305.827053073934 
307.778031254586 
309.244192694008 
313.111976171674 
313.617052355651 
313.875084922891 
315.050478942517 
315.323771713376 
322.945098564040 
317.386685598260 
326.076265564625 
318.880726569528 
318.757596159594 
315.458630278836 
313.209946911431 
313.300815778571 
313.190408128232 
312.236788065144 
298.254681251109 
293.781069523257 
296.882930623908 
294.704031626189 
295.969830993127 
295.906252016677 
295.395525427636 
296.133666505607 
301.451059026891 
300.262394855070 
306.492476123159 
295.818993516461 
299.527657091491 
297.214240947081 
296.638368781380 
299.529620582639 
300.344422397768 
298.209895527728 
297.042037719061 
298.859864354020 
299.904082405194 
299.973139070441 
296.088937016255 
297.331841478917 
297.788288366164 
300.458895899877 
299.052514790599 
299.159824120085 
302.276734726076 
304.970346916312 
305.557199768655 
306.410558364004 
308.288239161499 
309.123950387862 
308.594049823369 
303.645328420578 
303.645328420578 
297.513091688304 
299.528181439912 
303.404285692635 
300.861201353795 
306.409538817539 
301.773148518802 
302.750384693389 
302.546134349081 
302.805395589532 
300.167175670858 
301.125893912986 
292.048033222837 
293.377200258927 
294.369365116018 
301.763637060087 
302.848352572701 
304.013971292784 
309.033823833764 
317.150287173958 
313.203543723860 
312.039517585404 
311.823938515340 
307.520822726835 
307.754979373444 
310.613389930114 
307.492288139319 
308.277724207695 
307.081493714424 
313.071778086336 
320.544998906127 
320.072121993757 
319.760741565269 
322.715162320160 
322.726570722564 
320.540515542792 
321.637778637766 
323.308002423526 
328.960487606583 
333.206400985404 
331.491051077175 
331.776451993528 
329.996670591023 
328.764205633835 
327.313986588810 
329.251193574040 
329.231552425440 
328.951917105469 
327.309300887081 
330.032485050169 
332.034860748841 
334.379984643419 
332.907807233529 
335.886937051028 
325.728283484090 
324.673219084323 
324.277659449184 
327.736942662519 
329.219496464610 
329.245938416412 
328.706632676163 
327.853524409488 
325.395910365969 
325.183051243442 
325.020352485775 
314.943380725739 
304.721326938619 
306.720387277517 
322.608672012775 
324.704491219336 
319.308668643264 
319.067944061683 
314.400543224064 
311.153313277834 
309.523747299780 
311.177372945288 
313.256869255270 
308.884762528163 
308.675240729344 
305.370912629765 
307.664345671145 
311.237377793939 
311.956151500674 
311.606183423020 
310.963394293585 
306.436089338057 
308.177072435315 
306.803353044146 
300.951629049203 
303.558721324181 
303.530846720438 
297.051648289174 
295.786806541187 
298.834633774634 
297.619530929535 
296.466924239965 
298.590974335160 
299.586746188845 
302.001853662517 
301.734819432382 
314.566098755870 
315.135421173135 
313.204408421262 
304.574067550188 
307.348761158996 
305.463387400470 
303.977007122772 
304.687705656769 
307.079009501902 
307.433498548829 
290.947948395461 
301.015862414930 
294.362100898655 
294.234424482400 
297.237044754935 
304.122867607002 
301.395598440580 
303.543039180834 
302.011238620193 
306.724918093692 
310.171276460146 
312.063463625237 
312.254106410185 
313.759137593444 
312.925485742541 
307.942151689689 
303.586005915881 
303.619231631720 
302.437922875247 
302.212675394217 
302.116624085535 
302.528545456819 
300.436996873813 
300.296611718702 
300.389570168470 
304.299613976826 
301.479166506482 
302.190046228169 
298.459644727957 
301.944242783175 
301.685088219363 
294.828810202823 
293.860827242220 
300.177889754135 
299.794022850705 
296.447465655197 
292.456692586923 
292.859847214324 
291.041877452306 
293.983075136908 
300.870578195092 
299.802724397128 
299.779865488435 
297.602237431601 
298.668368640300 
298.806099981980 
297.448506729084 
299.188485875445 
302.371099186040 
301.424804289537 
301.424804289537 
301.424804289537 
295.733784033666 
297.758094588261 
292.473492155726 
293.925704851337 
295.846531402224 
294.751224784104 
294.874798249662 
294.821732024356 
270.517192347929 
291.758414812937 
289.174101257752 
293.237822149911 
283.856113499377 
280.695043191567 
279.352272730283 
268.806476768706 
280.278857096955 
281.700355453001 
275.860130532418 
275.860130532418 
285.910866909309 
278.030457752092 
276.887054857362 
287.347187682620 
285.217613468236 
286.150204178209 
288.420478852439 
291.803442020698 
291.073686823531 
290.666394745377 
290.876001632912 
300.384893465135 
300.928112853769 
303.044645834498 
304.476292612998 
299.299431571549 
300.213916128540 
299.118894118007 
303.891478244596 
305.457963996127 
300.847428627024 
301.027781852403 
300.561563358022 
300.546650467210 
304.223723937194 
305.168445884409 
301.637910322232 
299.579183565430 
299.433388960789 
300.337507264354 
299.417918988760 
299.133599256375 
297.576211316463 
299.608371168819 
299.187828923906 
298.395209002548 
298.159194291276 
299.328641502761 
298.483764255793 
298.483764255793 
298.483764255793 
298.602338621416 
293.100261388857 
293.938423650949 
295.106154186513 
295.762174402388 
292.830900670704 
292.642360636382 
293.293911648944 
291.714893289690 
291.714893289690 
291.113843883991 
290.859120416187 
290.854707586819 
290.854707586819 
293.454142544029 
290.426484240002 
288.638207188004 
288.638207188004 
290.142851203004 
290.436977069825 
291.594818856734 
286.578233704018 
286.578233704018 
284.275849769973 
290.691038629887 
289.666993520123 
298.524803053722 
288.894705406689 
295.685282400685 
297.511423784368 
297.630789426155 
296.831753471609 
298.588063916015 
308.443077618794 
314.114919358203 
319.779733547148 
319.779733547148 
326.270242223744 
332.605111260734 
330.361626200513 
325.385806416250 
324.311567664292 
331.095248170661 
330.017844387373 
328.271060205281 
330.671609969538 
335.890693386741 
328.200623906925 
311.613258958232 
311.384821553822 
321.501339461148 
320.166940737315 
321.923819702778 
324.592942610163 
324.643454466024 
321.652265483003 
315.540012334784 
318.322878295338 
322.350704597306 
323.015437498131 
319.378944857898 
319.231706896690 
320.659657208918 
321.916269754869 
328.509210025543 
322.865828156021 
323.957635779129 
322.377370209452 
321.824866001373 
325.519893097943 
327.646618941512 
325.473991460145 
326.404034078418 
325.476915757557 
325.344262962930 
326.628424904935 
324.913850015005 
320.969072370863 
312.440816546110 
321.963375486969 
320.128108345815 
315.242943297932 
309.832175408503 
305.977827758248 
310.782333271296 
321.833590977613 
326.445712637153 
325.216311454746 
332.390521929142 
334.999977171187 
334.616318408926 
349.866199681284 
341.114220422481 
335.352437477803 
333.369376405365 
327.770188302705 
322.754558288326 
322.852110524615 
322.947561962057 
318.148541053322 
319.982391797822 
316.307286581497 
329.948777598718 
328.998756739941 
329.506478084116 
323.013757872027 
326.004971177402 
324.603301080539 
338.558480560742 
338.578068450947 
342.915120548605 
338.031078781793 
338.557774677428 
328.997845697868 
329.246012328698 
328.186297548018 
324.006832695104 
315.764725146248 
315.700716904185 
319.351174328289 
321.228323968706 
316.008164949298 
313.553970275045 
312.782839366799 
312.937746097863 
321.262257865393 
325.509300386777 
316.078900713206 
314.910209787746 
315.133856757372 
317.083319128886 
316.251564399363 
320.607398093600 
319.131029454753 
315.255991956014 
315.251579148770 
315.227681792473 
317.255495917110 
318.678712287260 
318.504528343715 
319.115822445373 
317.846710094453 
317.808239557413 
322.100547833751 
320.078632286247 
322.867429124137 
314.675593520340 
309.364613326425 
313.180174298185 
309.097645564079 
305.793784501585 
306.685602576240 
306.717003877068 
305.620453421294 
309.715382763572 
310.516172854061 
314.581723347876 
312.736310722576 
301.686330965591 
301.497414257467 
306.378941909371 
306.783317408913 
321.418990513620 
314.040768725377 
313.293331516451 
314.979246465399 
312.047443933810 
309.687526769264 
310.537631344280 
309.980246905944 
312.392319718487 
303.042333469423 
304.187869435611 
306.099827103365 
311.818052231355 
311.297608196911 
320.402533489659 
318.337797614367 
316.746186131941 
309.593063649621 
310.036803591154 
310.705784476824 
315.787228937488 
315.310113200548 
313.940072127675 
313.940072127675 
314.083915517284 
313.624951121760 
309.026833890226 
313.979357605993 
317.022828320991 
322.481135102109 
321.136521994304 
322.316599436508 
324.827450356680 
322.274142690367 
323.936144955121 
322.749164235162 
322.748676895659 
322.758163582412 
322.546861164996 
323.868697426241 
320.595066598204 
320.595066598204 
321.227651282988 
317.196428173760 
315.146462420524 
316.337227422108 
316.314705977531 
321.480361129293 
322.266823444095 
324.747792289777 
325.102092904847 
317.965852295906 
325.957664265235 
326.172014199803 
323.612393448138 
327.533614209096 
324.165079985444 
323.726828692486 
326.135884140171 
324.143210754863 
326.451553494756 
318.042132481958 
320.127993503601 
324.485805546900 
323.855976816724 
319.345791627857 
322.400969542331 
323.113187088519 
323.288824862533 
324.520669240666 
323.931963739332 
323.749507844214 
324.448697921165 
316.241400466558 
316.402401196233 
316.333607120184 
315.759768893696 
315.759768893696 
314.987691421121 
315.555037921873 
314.711944705740 
314.746140104908 
312.514884998146 
312.622281642694 
313.018945196744 
313.435695477887 
313.429650242353 
313.344975571344 
306.040790204364 
302.758484197138 
305.190530591089 
305.633745982971 
306.934834870182 
311.113887526734 
318.318455280725 
316.808574901475 
317.862102120656 
313.810406339483 
307.001702375927 
310.927351826312 
311.650384162186 
304.281313782608 
301.733027147781 
302.256599375141 
308.164358011195 
319.014778084005 
314.815894660735 
316.271196809775 
321.287442766500 
326.542310800445 
329.809506690762 
322.652652811394 
326.061495243733 
327.139550920847 
329.535721872049 
326.086312370806 
322.571183818277 
324.828935439520 
320.135922173780 
320.135922173780 
321.375557771990 
329.563452393493 
332.488427245843 
327.162929861007 
330.141531419752 
332.112907474804 
331.576706169582 
326.718119358536 
321.269486872033 
323.866988571069 
322.977217650376 
321.769739823779 
317.899381373172 
319.289900783575 
317.269770897720 
319.844031852677 
319.633415608720 
317.998417957583 
318.920330840150 
319.376857185587 
318.713693488435 
315.496024229548 
314.705413770315 
313.611710693351 
318.997914230035 
318.298539198582 
312.107529139018 
312.360140563278 
310.560755774289 
311.089786325168 
314.861180547835 
315.211355945646 
314.187121615020 
301.281519417374 
305.865406493469 
311.370935383248 
311.119625097370 
307.159113011841 
309.886220436022 
309.936224650827 
307.671859533992 
304.353200393272 
305.390408033698 
303.920081283987 
305.743511364481 
312.016464705768 
313.420721427842 
311.731731225028 
311.106524218065 
320.463179794553 
317.676752458149 
316.275551059805 
312.714601311818 
312.557598921537 
311.770444050138 
309.676098582564 
312.409740992371 
313.199905994489 
313.090312129191 
316.762491609790 
317.107669166855 
318.930470688189 
313.535422927371 
314.724772730986 
322.799536829749 
322.773490573770 
321.582747653749 
319.825161187502 
319.280841054893 
316.146202221270 
313.333452218046 
313.679711434148 
314.342870982937 
322.464051725209 
319.320867217628 
312.561974045574 
310.071015951430 
311.745933693893 
309.667751896524 
309.771591134361 
303.114994040810 
300.476544653551 
299.875790152614 
302.640736602356 
301.082314719908 
303.078610906917 
302.579302203401 
301.307918180111 
297.413501963512 
298.037698980892 
295.950062154636 
296.980905638743 
292.549572414138 
292.688786175887 
286.996889172040 
283.089818350872 
289.505853864272 
291.873992403325 
286.337796119924 
297.798479272709 
297.941245348310 
296.923820603177 
296.924498362577 
296.924498362577 
296.924498362577 
298.697336413860 
298.820914474387 
300.504569931009 
294.747724891900 
296.599286433494 
295.953664521107 
297.693955305112 
300.624876498580 
301.269757925720 
302.115742833153 
298.915060269131 
298.915060269131 
298.463303718560 
298.463303718560 
300.211862635348 
298.779053610512 
298.414474520734 
294.872169560891 
292.433273947439 
293.502509510694 
292.570593082541 
294.072489285563 
324.652406381322 
323.313564894842 
327.378709835654 
325.821955021551 
321.476038502727 
323.424657571249 
322.362760767290 
331.035579186963 
331.539538357812 
329.958911733409 
331.868866399597 
327.724359291658 
326.016318327293 
330.514265629968 
333.290650923286 
324.540174250829 
324.221475726938 
340.777421599205 
333.181293266896 
327.026546432062 
323.953326085730 
326.461594612246 
321.907900117466 
321.907900117466 
322.293298531607 
314.751931343706 
307.306313992765 
310.906992054621 
311.531842657566 
312.664155507321 
315.773976874969 
317.799454609085 
318.983153643223 
316.740286535669 
313.517368110277 
311.999319098838 
314.190362931654 
316.888869733954 
317.934256458039 
317.981911834259 
316.831322190511 
315.004779496943 
315.231948204206 
315.637659292313 
314.981240779415 
320.234946089273 
321.830089921268 
319.491116461374 
322.078339821287 
321.190952566055 
316.058580327110 
310.766122947801 
311.389485398736 
310.824254342101 
308.307565974126 
310.350543916071 
308.900746002020 
305.173033076504 
306.934377226784 
307.162430553579 
311.194095306980 
312.033148144948 
308.489426708892 
312.889957773535 
311.590595007844 
311.638059249425 
312.984508443228 
316.323884442707 
312.302872206948 
310.690909535430 
306.490870215309 
306.967772396381 
305.770441254090 
299.130142196824 
300.002100064756 
305.821656121872 
302.818983038242 
308.971965239338 
307.484319131695 
300.186761845692 
295.229405825157 
296.794774835205 
298.863018593540 
298.406629097306 
303.685642594617 
306.465749197383 
307.998731854003 
309.565975026884 
310.673847470477 
313.720694992624 
313.962747588675 
313.037072146747 
311.120840696790 
311.799273682861 
322.377799582070 
322.270660335595 
320.492267623590 
322.717432910743 
323.150596913412 
325.392245371640 
326.268861228362 
326.263965395885 
325.761947295377 
325.230032213086 
325.230032213086 
323.849868531544 
323.849868531544 
323.743854100115 
321.620631039955 
316.484780763724 
316.484780763724 
316.494947770737 
316.117443342685 
315.186399832931 
315.186399832931 
315.186399832931 
315.004531267597 
314.790295970076 
315.209053623401 
315.783036276986 
315.561537456656 
315.561537456656 
315.307554690293 
315.307554690293 
315.216265479211 
315.216265479211 
315.216265479211 
315.164463145849 
315.164463145849 
315.986667124365 
316.036774405998 
315.554457640379 
315.554457640379 
314.925923597212 
314.304501991947 
314.372824935793 
311.983666136229 
316.234980993334 
316.242458422423 
318.010328311241 
313.612332543208 
314.270822185042 
322.195510675586 
322.195510675586 
325.280488812456 
323.261177031935 
323.107869200670 
323.107869200670 
321.235498085391 
321.269434600513 
321.269434600513 
319.932371771038 
320.801772803682 
313.967845251438 
314.998611639044 
318.084169151784 
318.185704568220 
320.935893017438 
320.784789374239 
319.313913978617 
318.878074769885 
322.411661893303 
320.006596924836 
318.670733819878 
317.442389543774 
318.517532087338 
317.845603548923 
313.018144822180 
316.429198760622 
316.280817498173 
310.143444610120 
309.255096136964 
312.250885242252 
315.592835638147 
317.299858269536 
311.049217152212 
305.856525739740 
296.355819019170 
300.936512923823 
300.884917610048 
298.442773807673 
297.727910210433 
299.330269334766 
299.537488376218 
303.535887780758 
305.647969732827 
304.592316039090 
308.692676466379 
317.174772469618 
306.496303110153 
314.651053498780 
309.688703782780 
309.751706150417 
309.751706150417 
310.017392980629 
308.939681378077 
309.978856635699 
310.341006943786 
314.094664475332 
310.559404280176 
314.726565742065 
312.154323572707 
311.255666214069 
312.497249711707 
314.159700911581 
316.436953294467 
316.779348928540 
319.113275351718 
318.403404535525 
320.847531300844 
320.276238480886 
319.786017461975 
311.652570909990 
308.755472634515 
313.002632145176 
311.932620574438 
311.090093180111 
311.764652232369 
311.909974206892 
311.918576507291 
312.311210478269 
311.291287537405 
310.352654965421 
310.909960871009 
312.482084918387 
313.079201992325 
313.806210331467 
314.438396588185 
314.452434058144 
312.267848461454 
312.822651306121 
314.556903606561 
312.372866504186 
309.625083317946 
309.625083317946 
309.900381177802 
309.900381177802 
310.344009591426 
310.344009591426 
310.222541253736 
310.220665767810 
308.782542165256 
310.813657664288 
312.323298170151 
311.183919057128 
311.162649834570 
308.059436358563 
304.431061758469 
304.431061758469 
304.334703518580 
305.418545759119 
305.358324852205 
305.358324852205 
313.314120134498 
315.320822434324 
316.787706832981 
313.825853286959 
315.912353326611 
317.984787156849 
321.946549553077 
320.123560783678 
316.206836194548 
318.038132699578 
318.067745315954 
313.632076660919 
315.374298423906 
315.667655961163 
319.174535573991 
322.664513895855 
321.986922052533 
320.238526255621 
322.026992697480 
319.796157572832 
318.279183066020 
317.206996725539 
317.206996725539 
315.609998149470 
315.639705587188 
315.514178340005 
315.710764243022 
317.452704158226 
316.864904053295 
316.291720044463 
316.905759764043 
314.323759168177 
313.501186323471 
312.850518179979 
315.498218238880 
321.768579700089 
318.644178920000 
316.688807637034 
322.151251741302 
324.594079498587 
325.762104698793 
318.721521394921 
319.101087502406 
319.536893661117 
318.211902396023 
316.675949352735 
315.820252693752 
318.968820158925 
314.354843003747 
321.252170207770 
323.287503925281 
319.581282583690 
319.059457673128 
320.324336070276 
323.494795777442 
319.820301160144 
322.214834472422 
325.530331484091 
326.056406970818 
324.295357781026 
323.619887180506 
322.764938736278 
331.713431117066 
330.444446830425 
329.274043584885 
330.578838661951 
329.294288023814 
325.583546904395 
326.091282165156 
324.200787113517 
324.152739542560 
323.358559214054 
321.061305787725 
319.112757425910 
317.316653197678 
317.385669085844 
319.840417434574 
321.890679620289 
323.151264368656 
322.133403562228 
323.490669981074 
327.258148037724 
325.394799182115 
326.237699839023 
320.528360352541 
316.308137813161 
322.701972487855 
321.550127412412 
321.839451643347 
321.707392419549 
321.234102302640 
321.556101932250 
328.736583849843 
331.019183549501 
325.312104768124 
326.853412418666 
322.751777113835 
323.795449699616 
323.795449699616 
324.546396432893 
323.165518957725 
311.340838549048 
309.011378656154 
319.267517836895 
318.363905309886 
311.255915576304 
313.118821011186 
313.118821011186 
315.478868380091 
317.770771182361 
321.288457621712 
315.594152807578 
315.453808538233 
313.906833520017 
318.801724744404 
317.232807875286 
318.568630929267 
317.517193948401 
320.198008631720 
318.682889111253 
317.133566909697 
316.886585646464 
320.778854756968 
314.676767105041 
315.747024551585 
315.747024551585 
315.747024551585 
317.486091314221 
317.486091314221 
318.366863508271 
318.055954281101 
323.747266864274 
323.875173227923 
324.338189591533 
323.230511363796 
324.165800257150 
323.906402062006 
320.855910356923 
320.765877247017 
326.854318685190 
319.630600123960 
317.736896725514 
318.935724157236 
315.299893781389 
314.816796715085 
311.417727286907 
307.273543552670 
306.002575575837 
303.747128504312 
304.091536288516 
305.187824365984 
300.951785005975 
306.620683749319 
310.494240257703 
311.123847461202 
311.995961444919 
310.769541928597 
306.806360148293 
303.538795626326 
309.728238608377 
311.633478176904 
311.263850240864 
300.420686972203 
304.518852564371 
304.551362805384 
307.525355963934 
308.134455056753 
312.801546318755 
312.584088209406 
306.658744491015 
309.850839102813 
318.091993668764 
308.442773664109 
315.130527782403 
325.395062198701 
323.457514407990 
319.434942922104 
327.046199064523 
330.162327477302 
324.169574493415 
324.757936713123 
316.773645759179 
317.630203470535 
314.358588157716 
315.553872973111 
315.460920628235 
308.470136195656 
308.457275961988 
302.509474916669 
302.509474916669 
303.289274749896 
304.972813691395 
302.706774310074 
306.109182828615 
306.089569933496 
305.984682979820 
306.779031997688 
293.686921660132 
284.331609702190 
285.427604304365 
287.129958914170 
282.936517496258 
283.655537926673 
284.662701435967 
287.377304276239 
286.349973841324 
284.793525636486 
283.482875217687 
283.482875217687 
280.299439067165 
278.922670585345 
277.321507280698 
278.075113625432 
278.075113625432 
284.487832139701 
287.525009262698 
286.874744486094 
306.989783028995 
307.758833128398 
307.416043977142 
306.745584249692 
306.368859952447 
307.565622689606 
307.772250214451 
314.414673961629 
317.653687382479 
324.389847801675 
324.181383267278 
323.162868640227 
325.353901242642 
320.788630701579 
319.213970313357 
317.865506127982 
317.096635053099 
314.098857723457 
315.552402050987 
315.447832835820 
318.595788464084 
317.026199000615 
317.623558087341 
320.736577742478 
318.721219297251 
320.883050555356 
312.364617225412 
311.889930356949 
313.783214664889 
313.518790913053 
312.548023376956 
312.555822423086 
318.541047416355 
315.653143642951 
316.211527698447 
319.859977718612 
311.185965617413 
312.385469708551 
307.268614451461 
312.101788461114 
317.762120663725 
316.478379307052 
316.439808061180 
318.766285898431 
318.575733160601 
319.025787854330 
320.958671727168 
320.897992825555 
321.004451430976 
327.302951257290 
327.791633628588 
316.654970559378 
318.844274687353 
319.224794981837 
315.569222393046 
319.676841741684 
317.836977966872 
319.393533330864 
320.100169522967 
317.531974438354 
310.493300289996 
312.109354990613 
307.186929560356 
301.082584509950 
302.798316729967 
300.506049588613 
305.170471034345 
307.372386679674 
304.793835107793 
306.028442034352 
317.202768173693 
317.493919922282 
312.452215092054 
311.784386681232 
312.501843742395 
313.833692287378 
323.977277864828 
317.899466152011 
317.718252339498 
316.990034649023 
319.270600002631 
319.225649843924 
317.967032272964 
316.219435844692 
318.203300220647 
315.151255227021 
312.975734181411 
313.257769011941 
313.972861380872 
315.141417725106 
316.831346863642 
318.636172764697 
320.884717383460 
320.718329994904 
299.896411118806 
296.965544499143 
297.280187237696 
297.280187237696 
295.152892265971 
292.438497575733 
297.865745734359 
294.511367061871 
296.558634896720 
301.556017253306 
310.312890232566 
309.686983927334 
307.212469771993 
308.402118359970 
304.951677457711 
305.522932958985 
305.298476887595 
304.736985049590 
303.934752824636 
302.807814230212 
299.354544970184 
295.002113833772 
297.109129352875 
291.414610697737 
296.402972548836 
294.820711747232 
298.123219208477 
300.864355623889 
300.864355623889 
299.737111384019 
300.429104443079 
300.757980867396 
301.494985878899 
306.636127955945 
306.586830301911 
310.891245200522 
305.616247316281 
309.296533995415 
307.154624117988 
309.696802911765 
309.895112840916 
311.838698255522 
308.118705437366 
306.731909014647 
307.243952660268 
305.800001664165 
305.912104095098 
305.912104095098 
308.738797732569 
309.936325663527 
314.387386798643 
318.036239194086 
315.763113741237 
311.087739999637 
315.742443667202 
314.474328274121 
313.108231934821 
311.759562760076 
313.429161622701 
318.384664160089 
316.249531121581 
318.445279291272 
318.208549681169 
307.804526657302 
308.008228703046 
312.481408718838 
317.523603703653 
317.326230446761 
315.145785753563 
310.603090918879 
309.949889759001 
317.259887332538 
316.519178182279 
314.067368564453 
315.942988521171 
312.817175293027 
313.886693796052 
320.240915969113 
326.863754100729 
324.506228802898 
325.613739051086 
325.508340123916 
324.968386307082 
335.853007044339 
335.499120499419 
333.841584007894 
333.841584007894 
333.779433711487 
331.197256071828 
324.287781408961 
333.927261342718 
338.658378579322 
336.731655255547 
335.437739847519 
312.417603387611 
313.899559117453 
312.357487377819 
312.687975226877 
314.074977882385 
313.159577245426 
317.924431677239 
315.015999215635 
314.863938373018 
308.876301226313 
311.265029370918 
312.679211390430 
316.911361612214 
317.879228653320 
322.500134147298 
318.326218909994 
318.046787666406 
312.298420148668 
310.790812449823 
310.434254181111 
308.497003677230 
308.319693900373 
305.615902846519 
305.010977899887 
304.703828301149 
312.074781259192 
313.661761437882 
310.584034657228 
312.088856132858 
311.950343916785 
312.148539807332 
313.137150474972 
315.721492145501 
316.793518485789 
316.789689321419 
318.443163365342 
315.607009634996 
317.286327039358 
317.701871219009 
316.189089153702 
313.838122583217 
306.327651384030 
311.148832785204 
311.264238342963 
311.077479510218 
311.204476025706 
309.363275057541 
311.780794282065 
309.783218335164 
307.285396194689 
305.198842660139 
308.431425477747 
313.111248957403 
314.062391096532 
314.863774918916 
306.753828355763 
303.902254439544 
304.256061575679 
301.159891795729 
303.709040434359 
309.372018772914 
313.048265602938 
309.080504021256 
308.978877226807 
309.253167061873 
310.253920492758 
311.263840416228 
312.448140967151 
312.665789423400 
311.189006942180 
310.627176846490 
312.222601230214 
309.794749367659 
306.783313059697 
302.225834543060 
300.245907800760 
299.220129748324 
293.779132154633 
298.282549023423 
295.517643566650 
295.671881732112 
291.106151690554 
284.857842864258 
295.776803033511 
297.819019541499 
294.645165274389 
296.578539396242 
305.328421709017 
309.650550455091 
309.647714585167 
303.444841821531 
312.141030131436 
315.918791707006 
323.794942929362 
305.478092813027 
305.100711905833 
308.272691669743 
309.196447700869 
309.851788820822 
306.889851440366 
307.372277613704 
305.461991311808 
302.619186735629 
304.289202548393 
305.290338614458 
307.621167660869 
308.859693788558 
307.467730066199 
307.740886168331 
308.549789836779 
311.759028390136 
316.023196277859 
306.088894306807 
306.445516039985 
308.160075485042 
308.442819032775 
305.905964742171 
306.906018141843 
308.345820533627 
309.451966290011 
309.451966290011 
311.930345969449 
311.618678046298 
312.323710966066 
312.619623306147 
312.527643754390 
312.500717173447 
317.564446180417 
317.456457002180 
316.420660909450 
311.261472464548 
309.409850326673 
308.319091332854 
309.747594379335 
316.063722910656 
317.426253132331 
312.638162763081 
311.987022110318 
318.734241204011 
319.804025153224 
316.952546650494 
319.480495569863 
321.262636876197 
321.950051426298 
324.220224996469 
325.876062014506 
325.876062014506 
329.483442383540 
329.718896472065 
321.196553406152 
322.144218777003 
322.155496401724 
329.122833569793 
334.416308523753 
332.433486400951 
331.107292932060 
330.668402485966 
329.707793745976 
332.414170663423 
332.273647217197 
329.136479638687 
329.136479638687 
329.105144005006 
332.450003327646 
334.512078320772 
329.925196363352 
330.091573379182 
326.260788271863 
334.155315901440 
332.028064355528 
324.220627095036 
324.006041586853 
317.934598921957 
315.456796531675 
316.154527412199 
314.794108908192 
318.461765502962 
319.560145596853 
313.436486097162 
309.239093367338 
312.761446649982 
307.083594312358 
306.198080684128 
306.923953770582 
311.715560318845 
312.903561536965 
309.065354417855 
308.042956745172 
318.532115715728 
317.710106743067 
319.815992668556 
320.765607482041 
317.166616510818 
318.458247006814 
317.307645841439 
314.114951993485 
314.364903654776 
312.096791386871 
313.566781075195 
314.376666193237 
316.394341958831 
316.503028706867 
316.568723000729 
316.238325725247 
317.115240624334 
315.905710916388 
316.137265580777 
311.574065644588 
313.193981332895 
308.910360336177 
310.558145362995 
310.598835659677 
310.867494936142 
310.758739801495 
310.725297706860 
308.394880495543 
306.184789116922 
301.415774843820 
304.450257879483 
305.822690803819 
305.822690803819 
308.447514149571 
308.339683705765 
306.486353736642 
304.751087369800 
305.887841530797 
280.922637201679 
291.013142129030 
291.430355578946 
288.161296563842 
295.888817397507 
295.556940641531 
294.607414961489 
291.947912241705 
294.548261848751 
303.183631733873 
304.778193199908 
300.654049896925 
304.145705858426 
299.085323771123 
299.113618566529 
300.035562483700 
296.551102447633 
298.804105409050 
292.797496746574 
292.960726867241 
290.209375526857 
297.020439993547 
295.585839352606 
289.297512455620 
292.003963280764 
286.632432247246 
293.911639590643 
295.161075288330 
294.037110821451 
289.201588468944 
292.764789168203 
282.376019308637 
286.330016496109 
278.703810942674 
287.608742373451 
289.008320479369 
280.896101860051 
284.074309651907 
274.326897676166 
274.326897676166 
271.340734850741 
274.360825096567 
291.668319667459 
290.663001398696 
294.148045845443 
291.462871803765 
288.046562027204 
290.532273175632 
292.991342782060 
291.705840885889 
294.672988567442 
294.041087844623 
294.376007596246 
295.508778249272 
291.578790858069 
292.435443074629 
302.056461151998 
301.429364887947 
301.429364887947 
302.056767930069 
306.995897832832 
305.918974745369 
304.885323910933 
312.589931862473 
313.437285237752 
313.030301712187 
321.691327605500 
320.962582205835 
317.783831019068 
318.728282015179 
319.458979737453 
319.802838795722 
321.163301906581 
315.556534046716 
318.506803040471 
320.201805522048 
322.304890409294 
327.003201929394 
323.405280972648 
330.535808840603 
321.727286693178 
325.562898053823 
325.126008021440 
326.186351893214 
323.057551932231 
322.837409158709 
327.216166830129 
327.216166830129 
331.970539677736 
328.193610961370 
327.827562917165 
328.039703627029 
328.865242929782 
328.007456910676 
328.007456910676 
325.123311226584 
325.640167100352 
317.490472970847 
319.115182383952 
322.663818836012 
322.873146851646 
323.149673905536 
320.816594789683 
320.436742771521 
320.291861013542 
320.352259717123 
317.437695139871 
321.598411953536 
323.313948537977 
326.507169842276 
330.650005320229 
320.667210908555 
314.278249107432 
316.387264412292 
313.199157025317 
312.889950889696 
305.745829182246 
306.394639073405 
304.101528118345 
294.163162169350 
293.473594386325 
297.801690758585 
292.077114956129 
295.654481288781 
298.588346630024 
298.414182985047 
295.845844684310 
298.027388650300 
297.164290438426 
295.690941154961 
300.957639602573 
300.176728830491 
301.828267522568 
306.087508346019 
304.749546125642 
313.679542719719 
312.854696006615 
313.607063801779 
312.266153431363 
312.535160775372 
313.172296238179 
312.189133262802 
317.762655500181 
316.317632519687 
315.752151239247 
320.891895870382 
318.104053442896 
317.453437760619 
322.167850107354 
322.494422144824 
314.506581943276 
314.651769118726 
314.307279197093 
314.167192973558 
319.184622244958 
324.005667102079 
322.808210696685 
323.540661962272 
321.287114080821 
320.472323521683 
317.071409091323 
317.071409091323 
322.255613096992 
316.928054283228 
316.928054283228 
315.841258288518 
319.804640788693 
321.752457866233 
321.538444208144 
319.041975152834 
316.149703931307 
317.971466643070 
326.095191267287 
318.762995928635 
318.239174675631 
311.977587167674 
312.735140017986 
311.303761392343 
308.710742601753 
313.547382313539 
313.226779921410 
313.961762498673 
315.533126096867 
315.858333887819 
316.266235760899 
317.926754640249 
321.885563589763 
318.933668036965 
319.183147425141 
321.245766933218 
324.438795982795 
316.877105321533 
316.850464145237 
318.727304613764 
318.517285647948 
324.505621903932 
323.543478437113 
320.399879003291 
323.917431738000 
322.887572924120 
320.987410922703 
324.055632556328 
323.885007903461 
324.952954887750 
320.912755934042 
316.831571622669 
318.907069078843 
326.809076104170 
328.169600536986 
325.570370486138 
334.528658568827 
327.996102603364 
326.989144563734 
331.382042590184 
332.377519110022 
330.348080020615 
324.983079039773 
313.769389846748 
315.718001765866 
315.968038067880 
314.712398471781 
311.654098164714 
316.970336678337 
313.570768902097 
313.737410339571 
313.725917877678 
310.994317472528 
310.994317472528 
311.690884582521 
314.548883658052 
314.778171322503 
314.810589517986 
313.124162621485 
315.938013598003 
314.092609153457 
315.462979650199 
313.660501629987 
313.660501629987 
313.581481134990 
314.429751109810 
311.634343964974 
311.545045947621 
311.509546673692 
308.593084081390 
305.723749401073 
303.183748234175 
304.016172641158 
297.517305781528 
294.004464036654 
294.004464036654 
289.633407790510 
294.889466509581 
297.978580648465 
294.122341567402 
300.667952223721 
300.575800068537 
300.483556580323 
302.062578922556 
306.176568739793 
302.796472667576 
301.025274785823 
304.421377077948 
301.394390092776 
307.847652961391 
304.980554510701 
302.771641789065 
303.775788143146 
302.459375134691 
304.264879455818 
302.970842733336 
304.089493824075 
301.716915354573 
301.046149869762 
299.904521101795 
300.662480029412 
295.986179577303 
302.779660967295 
302.779660967295 
298.452842100043 
304.947715056680 
303.396452191260 
298.610261273085 
300.767042283700 
298.251957865893 
298.051759514158 
286.294518375588 
293.667542333472 
291.134960911009 
288.609250621618 
281.791173837115 
271.754681486191 
277.593870197216 
264.643980666425 
270.972976636971 
271.883206090822 
275.610730489506 
289.110971119539 
284.665017685108 
279.293773915389 
290.153882186348 
282.275149696167 
285.998913096409 
297.183899442459 
298.393838359184 
298.300236662148 
299.908240324724 
298.085828665876 
297.867276182332 
300.818934689189 
307.038672265145 
311.465461861618 
303.586250926487 
300.297751480904 
283.312249484802 
303.153006068671 
303.368613486070 
302.362124034939 
304.688219578844 
306.695452236891 
307.075880750489 
301.391585623255 
307.939836352769 
311.809175282359 
313.795861960437 
317.146909174986 
317.528756283901 
316.521214887913 
320.595891344490 
320.656104225911 
320.867759210596 
320.591977516410 
320.408409776334 
320.662189830785 
319.969791107951 
317.917416825918 
314.394463290010 
313.008125979870 
311.393389163014 
325.010211329862 
322.534599730369 
322.699952766354 
316.880624228999 
317.686271185700 
322.412028683870 
328.598817016160 
329.572911701259 
326.058388468013 
324.969421837420 
323.524477085017 
320.332865015287 
319.992690786073 
315.021997849097 
317.270786573083 
311.598807254699 
307.877728066348 
300.498795200484 
297.709334791047 
289.354853299773 
298.238843203313 
298.014751561570 
291.234737698443 
299.125747643810 
290.510846122715 
298.135888179507 
297.051322814948 
297.991379365018 
300.499360790214 
296.478249960470 
299.433027205614 
299.839772666413 
299.643697156049 
298.801767626551 
295.630691500859 
290.387626691250 
290.170684006528 
297.366321014082 
298.561532305441 
293.821133248430 
285.569715018437 
288.646855425244 
290.074182648039 
297.144995356872 
297.980497350503 
302.947069009205 
301.441542217865 
287.427363971869 
286.802768126363 
305.611609264762 
305.611609264762 
295.374863582909 
304.092819219240 
302.614499406961 
301.520262045768 
299.912548776253 
300.893842022258 
299.665550376514 
299.228267294000 
293.627056502645 
296.891908380058 
293.577743794658 
293.746157757236 
298.324789436461 
292.965371529091 
290.101398902475 
285.686439887700 
284.549893592548 
280.617803265955 
290.454725905433 
291.133214836392 
294.241003676965 
293.206203195496 
287.429191482522 
286.533686932032 
283.180360510285 
280.076590609419 
282.911851041368 
280.583898647689 
283.921057968008 
283.644091382366 
294.598260484157 
285.946219840662 
290.981695697069 
284.937191489562 
287.643808297727 
285.189267283833 
287.818742688630 
290.982975942444 
287.924316502747 
293.123768006173 
285.562502779107 
290.805659307266 
288.919433002613 
324.449329712859 
325.908194478829 
328.313438656064 
329.044471587462 
328.498091870895 
327.844852849633 
323.091506647033 
324.625597242695 
322.019050088122 
323.295918079271 
320.599358115122 
321.135571295856 
315.378779987352 
315.206484858876 
315.131738016897 
311.459125673606 
313.979236269261 
314.180787002491 
313.659073116643 
316.549633327430 
313.329547335773 
314.999079175679 
316.665648818369 
317.454727481978 
317.898111267179 
316.968766017133 
323.537440754218 
327.982988908423 
327.123613496374 
325.250897810188 
328.858555509453 
323.201474071566 
325.385140102546 
324.489684615784 
323.061676135777 
324.677663051684 
329.029608045805 
314.575047075096 
314.624066372038 
300.828989069642 
296.408928646610 
296.728438263296 
299.281494196818 
297.107136970907 
297.827515852730 
297.249512312909 
295.941361894124 
293.763286542385 
293.347886041891 
293.057523680657 
297.354941688837 
290.320218572644 
285.095254262561 
291.471895337826 
294.715847234458 
292.246145570830 
291.161824575926 
291.161824575926 
295.334580811735 
292.952400639687 
292.791382106914 
295.057675738100 
294.243202901253 
291.020367399888 
295.419831268278 
300.230539522798 
299.057903227511 
302.396023030255 
302.741258084040 
296.878080540516 
299.092688427047 
309.648283102269 
307.048296807613 
300.494528969886 
307.828607036041 
305.209855525418 
304.967381401791 
306.889942395804 
307.191599269425 
315.158112389213 
312.651836668035 
311.836567372432 
312.551207191621 
313.617123498820 
313.617123498820 
315.955922991359 
319.479726430355 
319.535886184536 
319.528124554051 
319.109340215985 
319.038893136937 
319.076077843711 
313.860247405876 
315.869932927976 
314.774630964749 
314.953625622674 
317.079103711394 
315.976535942637 
307.253716477247 
303.580633700391 
301.877268019239 
304.244663909125 
305.344852850042 
307.151887432403 
310.723481088461 
311.399745271037 
310.995518929295 
310.988973344320 
310.201124479347 
311.832645299421 
312.778113719419 
312.467944350719 
309.839712766304 
309.075567714426 
308.918505534355 
308.918505534355 
314.842717603105 
314.575653325004 
317.032875701105 
315.155158513352 
326.071577694975 
323.954306184825 
320.802524678806 
336.569091428302 
332.406044687400 
336.947717535360 
345.228393506570 
337.586369096707 
337.623092687424 
329.635942903515 
339.401403166672 
341.073655834599 
346.967282147622 
345.019523310348 
341.350913715210 
335.603754271218 
337.246808408802 
326.882904574291 
328.863408945645 
329.964877417864 
325.380112322640 
317.785466205253 
320.506119335990 
315.823995247634 
323.222851379688 
323.578936518927 
322.486524518060 
321.784350704460 
318.408156090770 
315.337848860394 
320.891039363713 
329.537775418410 
323.459322783006 
322.631721644402 
320.382795185188 
322.667021334248 
329.499232046420 
332.578304652929 
334.169112612635 
338.391932027472 
333.951956203673 
332.326171304648 
332.326171304648 
325.995808651342 
328.550079982809 
327.248697769223 
331.337940045641 
333.429201334159 
345.377663469934 
336.065204834545 
340.937447112634 
341.877101831906 
341.788827349604 
335.090969514399 
336.272001239942 
335.910964219424 
332.030756321827 
334.034485861460 
335.417311762582 
333.728491936700 
345.229960098957 
335.390618144655 
338.326223426992 
337.214684998382 
331.707961814859 
339.448753391357 
332.838685273641 
329.701261486102 
292.427813512632 
292.427813512632 
286.641319640315 
290.371686893916 
296.192574186915 
291.060318036336 
289.285376895514 
291.840218544104 
293.249338084675 
293.936866229069 
286.631917818193 
286.906784237801 
284.221153490848 
288.957861614970 
286.654363517228 
286.422768770530 
284.784815048341 
290.463246226506 
290.463246226506 
294.391224150323 
292.368625577902 
299.908702758847 
292.140352849315 
290.481763217797 
296.646626136996 
297.961744684584 
303.719617257086 
301.864673138059 
318.157129895879 
319.354490373370 
321.761535105935 
326.361961680455 
327.133998659161 
326.891750939179 
326.173654151966 
323.437782447906 
323.566503060966 
321.264143734398 
315.619253448749 
314.738055224602 
311.669949356208 
315.109722142280 
317.286572434861 
318.534266545999 
318.103592612269 
317.092035472257 
312.383734820306 
312.245695184181 
310.494843289747 
321.193914997286 
320.809194025194 
324.144660728949 
320.386891712389 
311.706959196326 
309.913520053201 
313.805122523361 
316.941786075996 
314.894105874419 
315.293186688119 
312.754516049323 
311.196591106109 
315.786269308444 
317.069838781245 
314.572405622744 
313.626709382985 
311.417677567965 
314.165522494815 
315.201442434928 
321.613748655840 
320.657628683977 
318.793101800684 
317.396896580902 
315.464164538868 
315.464164538868 
315.024985464057 
315.061684852991 
309.833453795243 
307.805377728385 
307.805377728385 
306.215149960982 
313.990461196868 
319.943719529991 
319.326595436498 
324.193971068095 
332.376114312476 
326.858971059946 
334.413321522704 
342.797959906470 
343.855698548795 
343.877224511135 
340.750941563736 
346.061250807752 
341.202668507224 
343.874271844976 
316.061628397256 
316.349167862671 
316.079558256997 
316.140023329691 
315.934377360398 
318.239675458099 
318.900925900622 
315.713011581993 
317.217791183070 
315.280966717811 
313.147423657742 
314.426206242261 
311.533648118735 
310.822911572823 
313.847807015639 
306.916402093244 
310.119220645694 
306.024464267416 
302.958753005545 
302.021687376030 
300.858305658366 
300.549425410064 
299.587915427551 
301.502603419339 
303.339898852321 
302.583495170046 
301.701229831472 
309.823412620144 
311.903889051392 
307.545021563700 
307.505889066035 
310.474875955519 
309.575916464625 
308.628477679071 
308.628477679071 
310.681763155302 
310.396291788422 
310.396291788422 
309.599317500563 
308.313679656380 
308.357343035691 
310.744606713580 
312.522404909177 
308.564317648181 
304.556102038179 
304.355518088384 
304.355518088384 
307.036420404926 
303.351246889172 
300.165770146337 
303.917334200449 
304.902447651418 
304.902447651418 
305.651677273895 
311.486279045247 
308.525479545525 
314.654997858537 
311.048738674003 
310.290502824689 
307.549027058922 
307.734645066180 
316.378361465665 
306.104541588690 
306.406107682306 
314.200931672136 
314.278342269570 
323.899933973861 
330.908163008186 
332.797309331603 
340.065428516640 
326.335885804879 
324.013953227351 
328.892627941580 
328.704090500380 
329.438242981335 
326.020345350472 
328.084370665170 
326.326704676009 
326.983192694152 
324.447847711238 
328.877223734828 
328.877223734828 
330.326888716781 
330.885801931113 
331.317542349638 
325.122451393016 
325.383677794710 
325.383677794710 
328.122092546072 
322.633622631094 
320.695621873426 
321.067622526298 
319.472933299519 
317.481352337412 
315.889064477265 
323.561348053384 
323.075919387693 
320.405003670835 
327.586461220855 
326.659010801812 
324.911627788210 
323.551018210387 
324.855372673089 
318.028812626459 
319.604817142505 
318.107856536235 
317.495531304550 
315.216443202620 
317.383675755793 
309.625406955569 
308.790997913771 
301.105392547548 
297.429032408734 
295.397647902812 
295.777600637945 
296.426812521014 
301.871179161183 
303.530795004428 
300.962346001516 
297.447771140193 
303.969285103681 
303.969285103681 
301.986999760173 
301.986999760173 
300.945051661670 
298.369928760753 
298.412875595546 
298.954063720682 
301.870003361656 
305.826690194805 
308.357056498132 
311.147440595887 
317.480983315750 
316.930841977277 
319.378816990103 
318.431985034234 
321.510424908633 
313.343855195918 
321.227784461122 
319.116074824536 
320.012001187214 
318.509180389326 
312.472150706580 
312.286864469157 
309.768353594488 
306.402578223489 
307.187546722582 
304.420426941933 
305.211994050695 
302.287363398314 
308.550132319579 
310.092580520375 
312.600661625670 
318.583971848411 
318.666913416626 
318.808525019740 
319.272352979732 
319.283766159477 
319.318321466210 
317.611056433738 
316.430658540195 
315.636605871163 
315.920122491762 
315.980945458198 
312.093567180248 
310.126508147245 
310.488347447496 
307.353417884915 
307.290876828688 
305.449822853675 
307.460421784392 
305.433379547486 
311.982497445845 
311.219381201989 
311.080101755031 
311.045513239244 
311.042981797325 
321.105718859135 
318.934354936811 
321.585767309702 
317.817757893919 
316.930219000837 
316.327974868722 
316.327974868722 
316.327974868722 
316.010069308991 
312.828020065496 
315.824736584539 
306.318543732581 
307.004933177614 
305.849474748566 
306.463128261278 
294.090549110844 
300.684127936508 
289.774831018636 
293.086262962477 
286.664612870114 
287.680473416006 
299.069450837399 
305.367412032401 
305.621758776016 
305.962104272181 
305.816231388179 
304.974740765808 
308.696616194800 
304.365172972322 
304.080775733017 
303.598875023044 
306.655240762887 
306.797137203523 
306.944100128445 
305.348197974793 
308.963615971552 
309.159211075815 
306.449434727285 
292.831023198486 
289.428992426715 
296.017327475964 
291.221009925215 
298.380965633995 
299.894667453650 
297.728539593875 
294.542300883726 
297.183568241204 
297.803834917269 
297.230023484724 
291.416664899251 
293.016280948459 
307.584904936151 
300.294867214700 
299.253718418005 
301.813107369749 
300.684075526518 
297.786900750628 
298.563374704082 
286.765870873478 
290.120706073556 
291.511802541485 
297.871648732712 
300.508981867769 
302.210214621317 
297.440682296785 
292.818659691492 
296.748799560880 
296.563661737235 
302.757150085001 
304.322306611723 
306.785114216591 
306.602717262451 
309.545662908858 
305.925301366657 
305.836266115738 
305.482748478759 
302.887634585695 
306.463666531453 
303.480453962382 
299.647261173251 
299.484453074959 
299.706691003469 
300.225435184528 
301.014168815092 
298.380084584239 
299.366232256905 
300.419507064881 
306.669705257197 
307.309150681353 
307.652146167062 
307.972832079262 
314.608233654319 
314.098641007963 
311.446994674738 
301.565668747020 
288.412483141724 
284.901524095638 
284.167266920876 
284.167266920876 
283.054012485583 
283.054012485583 
283.882283548837 
288.216834757330 
287.352621952285 
286.421804797323 
314.766137750239 
312.890986816773 
310.852376208830 
313.425382588442 
313.002684311705 
313.294249922381 
312.945221161743 
312.896240548932 
311.700247661225 
312.324863701114 
310.791733605892 
314.367624012151 
311.738678357959 
309.624398160384 
310.713878958429 
310.441731549971 
310.441731549971 
310.153594190132 
302.737827073233 
304.610507963392 
305.137335159128 
305.576734854107 
306.624366252013 
304.609329003370 
301.282686510068 
301.390523508558 
299.955478938341 
304.928952724567 
304.733821944080 
306.298833976902 
303.159048968178 
301.307989594474 
305.342135214644 
307.381727582709 
309.883911080131 
309.982797418090 
311.159402979175 
310.986421062731 
307.278407149768 
305.396380287821 
308.762414310360 
307.932320233900 
310.987790703117 
314.094759053567 
313.718359893736 
315.849783143715 
315.697080857206 
322.975622825368 
319.797491231941 
317.115065113524 
321.961734439022 
322.553548396103 
320.768863421364 
321.568970107528 
321.398922816558 
332.525372706985 
332.605355433192 
331.181925517286 
327.494254814097 
330.872169301398 
327.826734118356 
332.120877016708 
338.278007475308 
335.128796355827 
336.422864477131 
335.047360500628 
322.217150403818 
320.551250179732 
325.076856324946 
328.261102221456 
333.879751832297 
339.691411129450 
334.710012790790 
329.571155915565 
332.829061842650 
328.977660584558 
330.797211609268 
324.495899132890 
325.258923541887 
328.338346538709 
333.840596686671 
322.594794107420 
327.358342632693 
323.433533418459 
331.340851248680 
317.660530521606 
326.529642905773 
326.263013700880 
334.037975507555 
327.494403646213 
324.070021232406 
329.212614050017 
326.441103643357 
327.742713984780 
288.731324925249 
288.731324925249 
288.522455492636 
289.968697132383 
288.700225415885 
295.121656567967 
297.340275333035 
297.260978092881 
297.256629913839 
296.671472036869 
296.998496828306 
297.565381299947 
296.259095816021 
295.262767554254 
289.597501915580 
292.266773529534 
285.678974685157 
293.894354461086 
294.237257272973 
289.485084708058 
293.678135043423 
292.042313805304 
293.578356148332 
291.481220790030 
289.392777103624 
299.045216124190 
296.838812106010 
303.036570062016 
300.452357892921 
304.712998939613 
304.808457643834 
305.287967194284 
309.123903365871 
305.507485830811 
314.545875204483 
315.618082057184 
319.052498632129 
313.191736404470 
310.262886416206 
314.618288909887 
312.590052848746 
309.910258380494 
309.986239904911 
307.324685834346 
306.055035072290 
307.996595304898 
309.629702394922 
309.777853811157 
309.695721896595 
309.842279899790 
309.449337463597 
310.854379095106 
303.226480234102 
303.728642340824 
306.985630868280 
312.386652741649 
317.346058786694 
316.100270257655 
315.678812722158 
316.680825218037 
321.257061542231 
322.056408897673 
318.767407921495 
318.969961335178 
319.056127452287 
305.218866086411 
307.259756275488 
304.886055195932 
303.311343730710 
303.516027900955 
304.512878367571 
301.949093525264 
300.464814807298 
293.006673863559 
292.158655473166 
292.053472303275 
294.332546972785 
298.764372368781 
300.050932665704 
302.042956112310 
296.383921254808 
296.934011267385 
298.335622691796 
295.291984646998 
302.204988143967 
297.978948862852 
299.909026282368 
302.604984976120 
300.933946217280 
296.436620303401 
299.541934236952 
297.952870937204 
297.952870937204 
295.431248006778 
309.744458332145 
320.038197687445 
321.846376448578 
324.772652689577 
328.043975284722 
316.464109385569 
314.784992318297 
315.929762266362 
311.961892107861 
304.749713320143 
306.454559005579 
309.431623593408 
309.635740705490 
304.028143466458 
313.063267018015 
305.288696192439 
304.769669413964 
304.746743173110 
302.963971008115 
302.917330624751 
308.225504686217 
307.730432810966 
308.151188420267 
308.477656059828 
308.285586503325 
314.264833134199 
316.839830038057 
316.462973358226 
318.824860547835 
314.322112490049 
313.684857079948 
315.078871242121 
319.643302727781 
317.856052801474 
317.842618189181 
318.125063092929 
313.871693720707 
317.153988906877 
315.942782130725 
322.396891746325 
320.299937842054 
323.007215835100 
319.353897857634 
322.283378533599 
320.992952917878 
316.676935313253 
315.999643175286 
313.110284426999 
314.105096047488 
313.640409428207 
314.889749139623 
315.498673345408 
314.508991071930 
314.455016859445 
317.063627363027 
317.394945671347 
318.181594377598 
314.121904151580 
314.915849626959 
309.693727808512 
309.081657150774 
309.216553280040 
311.024728502744 
317.629146903176 
308.420307352053 
310.272723086363 
314.034923574932 
313.486928857845 
329.086614562613 
325.989238411100 
323.557850485949 
325.899841694388 
327.660073141039 
325.353205431733 
324.570536000083 
327.331725779363 
327.367210278540 
326.483116053411 
321.948104649913 
317.594537615438 
318.595757181871 
317.573930722639 
317.434544611651 
322.854408129991 
311.165508054502 
308.662782862182 
307.830729307118 
307.056665759844 
304.973876292070 
323.182389876811 
321.035105327612 
319.033074528540 
323.824996475976 
331.270199805253 
291.090130246800 
298.322682774335 
292.066735320941 
283.335708258126 
282.429618361266 
296.981355068317 
281.209586443601 
283.647280368013 
284.607437682453 
284.607437682453 
284.607437682453 
286.141020359954 
285.320829776863 
288.423365107239 
289.932597128054 
289.064111679569 
286.731209786136 
294.225576132823 
290.047192115408 
289.582275465668 
289.099450154331 
289.099450154331 
289.149812720351 
288.967710683635 
290.564997757073 
290.564997757073 
292.946105341870 
288.883680185635 
288.347560296450 
288.087577914327 
288.087577914327 
288.449639809542 
288.942379255213 
289.358377396628 
287.362453242621 
280.912242542536 
286.554929887262 
303.205566108368 
288.585604603455 
296.440746300731 
297.565883305157 
296.844572391690 
296.369764172517 
294.782159495168 
294.782159495168 
297.264523677602 
298.350699395891 
291.578461313134 
292.168915960268 
296.447646989828 
287.617507688062 
295.123540567636 
294.246857443242 
292.074892114195 
290.397153403471 
291.565035538851 
290.039014197949 
298.322031640404 
297.556408826769 
296.641509964875 
296.977131681290 
286.324212651920 
283.432967685882 
283.684157190047 
277.731066438625 
275.551703755410 
284.830483980228 
282.335837742035 
287.093441597355 
293.998174304348 
293.998174304348 
292.747083828196 
295.589540690733 
289.408789723348 
291.565764023291 
294.547820063793 
292.066000411693 
285.342420704893 
289.457631649811 
294.728400116783 
294.383220730267 
301.011082862165 
303.205737630769 
301.461119067357 
302.439225104103 
304.858689239555 
301.927016997179 
301.316092670902 
303.590596325224 
301.514068706543 
301.491781841045 
316.888838145713 
314.984267838510 
313.313125455780 
317.565004682943 
315.308882496078 
315.466701534949 
316.572209312166 
315.593042078681 
315.062011212152 
312.714431800095 
320.125190264366 
316.067687745140 
316.578150540730 
309.878135366668 
309.500608037341 
316.394217986217 
317.889206294214 
318.085389196740 
321.443270293471 
320.008470087399 
319.457421422661 
328.288272045684 
325.753328398265 
326.666843572318 
326.036748778964 
325.242789976377 
329.981271086030 
330.089226475843 
334.639169866742 
331.524684299195 
335.026386637431 
335.995076185545 
333.452169882138 
329.205086489010 
328.414359004931 
326.006102503947 
324.373839085016 
337.787395608448 
334.367855926229 
335.908469447051 
334.333950303632 
335.898886071036 
322.482693754969 
326.819673388018 
323.191945855748 
321.854349076767 
323.448191998454 
321.639536371311 
315.169654010098 
311.894305628427 
311.410891387777 
311.162837274871 
311.183896419330 
321.043642620043 
322.084446877058 
322.655253096448 
323.352797177396 
321.531888358214 
331.566917594392 
335.068498449262 
338.104165793774 
331.723799284491 
329.511679258294 
328.678719582372 
323.785269472011 
320.611695319630 
318.440234815389 
322.278660541829 
319.806373057268 
327.401022356628 
327.424966266129 
329.651113675761 
330.439308770339 
331.395916919592 
329.850202733557 
338.135809076163 
339.092149479712 
338.694347741092 
341.259731394133 
337.723049703246 
331.023515926312 
331.972932287816 
342.327764950013 
337.305897932468 
330.574545632631 
332.182487592690 
320.609823565430 
322.103861345384 
318.921803945792 
318.921803945792 
315.145635781788 
316.428652279940 
320.204312418811 
319.381349004200 
321.558129723347 
321.333997162588 
324.387250882663 
310.559639605981 
310.991750433365 
310.974219115092 
310.952891908499 
310.952891908499 
311.921440270255 
314.353508034490 
314.353508034490 
316.198669492724 
316.762804784472 
314.320287185730 
315.013565067743 
315.897395013655 
316.157397266557 
315.033014628725 
312.653699265036 
309.677331389511 
309.909277706414 
313.631290403073 
317.089176771522 
317.880992332001 
317.196239929902 
316.794135123583 
313.918144865488 
316.768225913642 
314.659707953938 
317.827335069541 
317.974140404968 
315.665707620584 
316.584418209600 
325.597974677444 
327.251297879035 
329.191445376249 
334.100790238509 
327.562052503735 
324.516941762572 
324.939215273549 
324.098941842207 
326.150412077810 
325.118734595791 
327.126855793393 
326.810396123692 
329.290966561884 
331.445140627502 
332.278206601277 
333.253974714472 
327.628223051721 
334.889999431394 
333.606053316518 
331.832667671131 
321.794804762009 
322.325646895949 
326.350764412729 
327.026532433405 
327.342442377835 
317.943585067467 
315.135656208163 
314.080209641754 
315.647661042017 
314.210363215354 
316.950772229045 
315.665465016731 
315.822530160759 
316.393635695125 
330.204685402986 
329.237882211674 
330.217865476146 
336.669067067629 
333.544489806979 
333.544489806979 
329.031749136365 
324.501377414769 
325.253173338860 
305.608325244361 
304.095429461687 
302.082177092816 
303.706720572642 
294.952209546942 
292.066030236041 
294.293312838342 
296.558269189383 
295.450864472829 
289.328606380920 
307.493133302982 
307.928052109388 
310.028627862807 
316.825331132960 
314.660007289226 
317.294402714493 
319.659929524608 
321.473589288152 
319.644003703219 
309.809517857835 
310.165901688535 
295.063570523738 
293.964707092851 
294.299378182288 
294.066267038587 
293.900753013478 
294.716365447909 
293.664939913874 
294.143779342702 
295.018485924624 
295.018485924624 
293.409603349607 
287.275356786556 
295.009252698584 
296.366937436278 
299.853522421140 
298.514604603675 
305.158601577135 
303.718972976302 
303.104155778267 
303.103873672502 
303.103873672502 
302.790370881397 
303.650332114878 
301.661118393995 
304.098983191038 
303.524863878601 
304.540883638231 
304.057092924008 
302.844138829458 
306.452414886593 
307.962016083059 
310.846704864226 
316.464221160627 
317.516004802888 
314.382917044138 
314.532859071963 
312.149860282876 
315.167083740673 
314.630631495300 
312.341120384047 
310.876339509543 
311.845768741635 
313.165932256705 
312.692560503458 
313.253770166306 
311.893442488250 
313.705006018091 
301.759864264239 
303.265721040977 
299.568503721968 
298.697127049070 
298.446243248968 
298.447049317801 
299.600195236736 
296.291004371435 
295.808819420312 
295.414776986062 
295.756906567578 
295.534642081933 
297.186712187205 
301.494554372461 
305.131525885334 
306.826764932576 
306.838681213127 
306.838681213127 
309.894388849337 
306.109568692219 
306.111916103329 
310.178139817663 
309.850522230150 
309.473155049150 
307.136327380969 
307.622288525166 
303.315990228366 
304.654633416368 
304.519676392376 
299.158180947573 
299.344048167443 
297.802675537515 
297.561111735057 
295.412182728551 
296.899976762102 
293.472012900726 
295.888197918274 
295.321791156640 
289.389951716247 
285.205660404918 
284.162538680404 
294.222009635856 
298.860198419869 
294.133787070262 
307.649202477888 
308.952107956247 
317.684222358201 
296.222653880468 
297.328794235585 
305.533874686594 
303.632761258219 
306.745748050011 
321.322806348314 
313.028361173382 
316.079110455804 
319.368958529282 
318.482868484592 
318.482868484592 
322.103035048781 
327.172005125749 
322.662047701005 
323.868556413336 
321.816956438859 
322.380871517576 
322.781497890392 
327.812125088549 
329.223366811870 
333.144391088516 
331.096046920744 
331.720645433225 
331.964885558310 
333.246706895669 
326.805162049533 
330.977282715293 
316.112320534387 
317.053241947690 
317.014866106513 
315.479470699209 
314.553098898315 
320.767863630678 
319.154050739809 
318.295448985932 
316.606216712134 
318.306302305977 
314.194552394054 
320.041119380840 
323.156403425403 
323.615068673899 
326.318938856021 
324.666839843854 
323.574611666786 
322.596160677077 
321.851124455683 
322.808986659700 
321.787240207141 
325.207492270182 
327.803589019526 
327.323644257624 
327.414043455110 
325.991407862594 
328.624691042011 
340.441737723293 
334.635245415880 
333.405929527671 
329.058767177029 
328.029284323425 
333.185191669964 
327.357281830525 
324.648950185756 
331.447009007028 
319.410646251074 
323.164901243752 
321.915963803480 
317.252094737171 
316.309798191808 
310.614514159440 
319.949448467248 
319.321690452125 
317.358472270735 
310.365501498626 
312.709159352663 
312.272029815347 
313.836063169096 
308.966412023848 
305.495032798027 
306.736548646777 
315.604709825557 
320.200305858807 
316.707487870603 
317.642211482906 
315.722964717985 
317.047726781599 
315.669496489732 
323.454382641326 
320.751836979371 
318.839059552856 
323.209086489926 
318.019814173488 
318.483094815473 
318.655379738713 
319.806285537057 
319.014028744920 
325.607104888270 
319.689904267551 
319.574688265895 
324.163480437967 
322.159725832752 
325.425238026260 
330.841088546327 
329.545681536881 
328.225461652127 
327.423833726650 
328.223317980956 
329.864222005356 
327.307746987653 
326.230427475407 
323.069636310000 
323.595829471994 
323.844057808032 
328.346762503173 
327.398839969125 
332.122877497246 
332.122877497246 
332.483490032757 
332.483490032757 
331.979124596926 
327.140345005123 
326.872227823499 
332.824176480801 
331.778419240715 
326.475083445450 
334.244129105528 
334.060701505681 
339.298799409251 
338.975759570093 
342.838016223155 
342.587119414641 
330.671209155021 
328.032879318150 
325.744827221072 
325.744827221072 
327.782650938243 
330.866116034044 
331.161462217247 
331.020801581694 
336.194163505889 
334.162033057135 
335.207203116853 
336.463844069579 
336.012591608761 
336.478701458399 
335.069750974150 
326.609062303875 
329.514193141520 
329.514193141520 
332.853193250981 
326.023808391838 
326.332407311714 
326.332407311714 
334.284425925566 
335.638485948554 
331.350721610784 
329.795721714023 
330.613561457403 
331.941528237575 
335.919171651288 
336.961698012432 
330.698649253468 
323.992572226862 
327.593034105167 
331.860691322757 
321.584164471881 
323.369110089077 
326.119275436333 
327.684591618505 
327.579825236343 
321.360450776934 
319.671577149741 
319.458452172991 
315.944234083840 
312.264010701903 
316.931274865595 
316.090734733618 
319.106807285620 
319.117418636573 
319.945786595278 
321.439373155722 
317.450672537652 
310.293427813981 
313.353694415872 
312.002719259498 
313.574833941960 
310.336618224530 
316.983325393662 
316.983325393662 
