
:::---::: PyORBIT v10.11.2 :::---:::

Python version in use:
3.10.18 (main, Jun  5 2025, 13:14:17) [GCC 11.2.0]

reloaded_optimize:  False
reloaded_pyde:  False
reloaded_emcee:  False

number of multiprocessing threads: 16
multiprocessing method (should be fork):  fork

parameters/safe_reload flag (must be True for tinygp):  False

Opening:  RVdata
Opening:  BISdata
Opening:  FWHMdata
Opening:  CaIIdata
Opening:  Halphadata
Adding common model of planet:  b
Adding common model of planet:  c
Using orbital model:  keplerian
Using orbital parametrization:  Eastman2013

Using orbital model:  keplerian
Using orbital parametrization:  Eastman2013

gp_multidimensional  S+LEAF model, number of harmonics: 4

GP model: gp_multidimensional  hyperparameters_condition:    True
GP model: gp_multidimensional  rotation_decay_condition:     True

====================================================================================================
     Ids, spaces (s), boundaries (b) and priors (p) of the sampler parameters     
====================================================================================================

----- dataset:  RVdata
jitter_0      id:  13  s:Linear      b:[      0.0009,      13.3000]   p:Uniform   []
offset_0      id:  14  s:Linear      b:[  -9995.9140,   10015.5990]   p:Uniform   []
offset_1      id:  15  s:Linear      b:[  -9995.9140,   10015.5990]   p:Uniform   []
offset_2      id:  16  s:Linear      b:[  -9995.9140,   10015.5990]   p:Uniform   []
offset_3      id:  17  s:Linear      b:[  -9995.9140,   10015.5990]   p:Uniform   []

----- dataset: RVdata                    ----- model: gp_multidimensional           
rot_amp       id:  18  s:Linear      b:[      0.0000,      10.0000]   p:Uniform   []
con_amp       id:  19  s:Linear      b:[    -20.0000,      20.0000]   p:Uniform   []

----- dataset:  BISdata
jitter_0      id:  20  s:Linear      b:[      0.0095,      95.0000]   p:Uniform   []
offset_0      id:  21  s:Linear      b:[ -10078.4667,    9962.7167]   p:Uniform   []
offset_1      id:  22  s:Linear      b:[ -10078.4667,    9962.7167]   p:Uniform   []
offset_2      id:  23  s:Linear      b:[ -10078.4667,    9962.7167]   p:Uniform   []
offset_3      id:  24  s:Linear      b:[ -10078.4667,    9962.7167]   p:Uniform   []

----- dataset: BISdata                   ----- model: gp_multidimensional           
rot_amp       id:  25  s:Linear      b:[    -10.0000,      10.0000]   p:Uniform   []
con_amp       id:  26  s:Linear      b:[    -20.0000,      20.0000]   p:Uniform   []

----- dataset:  FWHMdata
jitter_0      id:  27  s:Linear      b:[      0.1043,    1733.9303]   p:Uniform   []
offset_0      id:  28  s:Linear      b:[  -3316.4638,   16948.3677]   p:Uniform   []
offset_1      id:  29  s:Linear      b:[  -3316.4638,   16948.3677]   p:Uniform   []
offset_2      id:  30  s:Linear      b:[  -3316.4638,   16948.3677]   p:Uniform   []
offset_3      id:  31  s:Linear      b:[  -3316.4638,   16948.3677]   p:Uniform   []

----- dataset: FWHMdata                  ----- model: gp_multidimensional           
rot_amp       id:  32  s:Linear      b:[    -10.0000,      10.0000]   p:Uniform   []
con_amp       id:  33  s:Linear      b:[    -20.0000,      20.0000]   p:Uniform   []

----- dataset:  CaIIdata
jitter_0      id:  34  s:Linear      b:[      0.0000,       0.3000]   p:Uniform   []
offset_0      id:  35  s:Linear      b:[  -9999.9063,   10000.1099]   p:Uniform   []
offset_1      id:  36  s:Linear      b:[  -9999.9063,   10000.1099]   p:Uniform   []
offset_2      id:  37  s:Linear      b:[  -9999.9063,   10000.1099]   p:Uniform   []
offset_3      id:  38  s:Linear      b:[  -9999.9063,   10000.1099]   p:Uniform   []

----- dataset: CaIIdata                  ----- model: gp_multidimensional           
rot_amp       id:  39  s:Linear      b:[    -10.0000,      10.0000]   p:Uniform   []
con_amp       id:  40  s:Linear      b:[    -20.0000,      20.0000]   p:Uniform   []

----- dataset:  Halphadata
jitter_0      id:  41  s:Linear      b:[      0.0000,       0.1000]   p:Uniform   []
offset_0      id:  42  s:Linear      b:[  -9999.8298,   10000.1791]   p:Uniform   []
offset_1      id:  43  s:Linear      b:[  -9999.8298,   10000.1791]   p:Uniform   []
offset_2      id:  44  s:Linear      b:[  -9999.8298,   10000.1791]   p:Uniform   []
offset_3      id:  45  s:Linear      b:[  -9999.8298,   10000.1791]   p:Uniform   []

----- dataset: Halphadata                ----- model: gp_multidimensional           
rot_amp       id:  46  s:Linear      b:[    -10.0000,      10.0000]   p:Uniform   []
con_amp       id:  47  s:Linear      b:[    -20.0000,      20.0000]   p:Uniform   []

----- common model:  b
P             id:   0  s:Log_Base2   b:[      0.3785,       6.6439]   p:Uniform   []
K             id:   1  s:Log_Base2   b:[     -9.9658,       3.3219]   p:Uniform   []
sre_coso      id:   2  s:Linear      b:[     -1.0000,       1.0000]   p:Uniform   []
sre_sino      id:   3  s:Linear      b:[     -1.0000,       1.0000]   p:Uniform   []
mean_long     id:   4  s:Linear      b:[      0.0000,     360.0000]   p:Uniform   []
e             derived (no id, space, bound)                           p:Gaussian   [0.    0.098]
omega         derived (no id, space, bound)                           p:Uniform   [0.0, 360.0]

----- common model:  c
P             id:   5  s:Log_Base2   b:[      0.3785,       6.6439]   p:Uniform   []
K             id:   6  s:Log_Base2   b:[     -9.9658,       3.3219]   p:Uniform   []
sre_coso      id:   7  s:Linear      b:[     -1.0000,       1.0000]   p:Uniform   []
sre_sino      id:   8  s:Linear      b:[     -1.0000,       1.0000]   p:Uniform   []
mean_long     id:   9  s:Linear      b:[      0.0000,     360.0000]   p:Uniform   []
e             derived (no id, space, bound)                           p:Gaussian   [0.    0.098]
omega         derived (no id, space, bound)                           p:Uniform   [0.0, 360.0]

----- common model:  activity
Prot          id:  10  s:Linear      b:[     20.0000,      35.0000]   p:Gaussian   [28.   0.5]
Pdec          id:  11  s:Linear      b:[     30.0000,    1000.0000]   p:Uniform   []
Oamp          id:  12  s:Log_Base2   b:[     -6.6439,       0.0000]   p:Gaussian   [0.35  0.035]

----- common model:  star_parameters
mass          derived (no id, space, bound)                           p:Gaussian   [1.e+00 1.e-06]
radius        derived (no id, space, bound)                           p:Gaussian   [1.e+00 1.e-06]
density       derived (no id, space, bound)                           p:Gaussian   [1.e+00 1.e-06]

Include priors:  True

Reference Time Tref:  59334.700184

Dimensions =  48
Nwalkers =  192

Using threading pool for PyDE: True
PyDE running
Boundaries redefined after PyDE output
PyDE completed, it took        292.7 seconds

====================================================================================================
     Starting point of the sample/optimization routines    
====================================================================================================

----- dataset:  RVdata
jitter_0        13      1.240814 [    0.0009,    13.3000]
offset_0        14      8.867457 [-9995.9140, 10015.5990]
offset_1        15     11.148930 [-9995.9140, 10015.5990]
offset_2        16     10.277527 [-9995.9140, 10015.5990]
offset_3        17      9.833102 [-9995.9140, 10015.5990]

----- dataset: RVdata                    ----- model: gp_multidimensional           
rot_amp         18      3.178628 [    0.0000,    10.0000]
con_amp         19      1.235209 [  -20.0000,    20.0000]

----- dataset:  BISdata
jitter_0        20      1.862436 [    0.0095,    95.0000]
offset_0        21    -73.579316 [-10078.4667,  9962.7167]
offset_1        22    -43.572977 [-10078.4667,  9962.7167]
offset_2        23    -51.899388 [-10078.4667,  9962.7167]
offset_3        24    -59.500201 [-10078.4667,  9962.7167]

----- dataset: BISdata                   ----- model: gp_multidimensional           
rot_amp         25      0.262616 [  -10.0000,    10.0000]
con_amp         26      0.571170 [  -20.0000,    20.0000]

----- dataset:  FWHMdata
jitter_0        27      0.107354 [    0.1043,  1733.9303]
offset_0        28   6693.913137 [-3316.4638, 16948.3677]
offset_1        29   6942.823056 [-3316.4638, 16948.3677]
offset_2        30   6857.666638 [-3316.4638, 16948.3677]
offset_3        31   6897.061164 [-3316.4638, 16948.3677]

----- dataset: FWHMdata                  ----- model: gp_multidimensional           
rot_amp         32      0.968566 [  -10.0000,    10.0000]
con_amp         33     -2.790067 [  -20.0000,    20.0000]

----- dataset:  CaIIdata
jitter_0        34      0.000032 [    0.0000,     0.3000]
offset_0        35      0.100619 [-9999.9063, 10000.1099]
offset_1        36      0.104092 [-9999.9063, 10000.1099]
offset_2        37      0.103760 [-9999.9063, 10000.1099]
offset_3        38      0.099459 [-9999.9063, 10000.1099]

----- dataset: CaIIdata                  ----- model: gp_multidimensional           
rot_amp         39      0.000588 [  -10.0000,    10.0000]
con_amp         40      0.000094 [  -20.0000,    20.0000]

----- dataset:  Halphadata
jitter_0        41      0.000010 [    0.0000,     0.1000]
offset_0        42      0.172037 [-9999.8298, 10000.1791]
offset_1        43      0.174094 [-9999.8298, 10000.1791]
offset_2        44      0.175009 [-9999.8298, 10000.1791]
offset_3        45      0.171061 [-9999.8298, 10000.1791]

----- dataset: Halphadata                ----- model: gp_multidimensional           
rot_amp         46      0.000110 [  -10.0000,    10.0000]
con_amp         47     -0.000014 [  -20.0000,    20.0000]

----- common model:  b
P                0      1.543499 [    0.3785,     6.6439]
K                1      1.220588 [   -9.9658,     3.3219]
sre_coso         2     -0.219822 [   -1.0000,     1.0000]
sre_sino         3      0.081064 [   -1.0000,     1.0000]
mean_long        4    198.787716 [   18.7877,   378.7877]

----- common model:  c
P                5      1.036493 [    0.3785,     6.6439]
K                6     -0.568095 [   -9.9658,     3.3219]
sre_coso         7     -0.083824 [   -1.0000,     1.0000]
sre_sino         8      0.434394 [   -1.0000,     1.0000]
mean_long        9    227.722959 [   47.7230,   407.7230]

----- common model:  activity
Prot            10     27.038416 [   20.0000,    35.0000]
Pdec            11     54.080929 [   30.0000,  1000.0000]
Oamp            12     -1.443728 [   -6.6439,     0.0000]

----- common model:  star_parameters

====================================================================================================
     Starting point projected onto the model parameter space     
====================================================================================================

----- dataset:  RVdata
jitter_0              1.240814 
offset_0              8.867457 
offset_1             11.148930 
offset_2             10.277527 
offset_3              9.833102 


----- dataset: RVdata                    ----- model: gp_multidimensional           
rot_amp               3.178628 
con_amp               1.235209 

----- dataset:  BISdata
jitter_0              1.862436 
offset_0            -73.579316 
offset_1            -43.572977 
offset_2            -51.899388 
offset_3            -59.500201 


----- dataset: BISdata                   ----- model: gp_multidimensional           
rot_amp               0.262616 
con_amp               0.571170 

----- dataset:  FWHMdata
jitter_0              0.107354 
offset_0           6693.913137 
offset_1           6942.823056 
offset_2           6857.666638 
offset_3           6897.061164 


----- dataset: FWHMdata                  ----- model: gp_multidimensional           
rot_amp               0.968566 
con_amp              -2.790067 

----- dataset:  CaIIdata
jitter_0              0.000032 
offset_0              0.100619 
offset_1              0.104092 
offset_2              0.103760 
offset_3              0.099459 


----- dataset: CaIIdata                  ----- model: gp_multidimensional           
rot_amp               0.000588 
con_amp               0.000094 

----- dataset:  Halphadata
jitter_0              0.000010 
offset_0              0.172037 
offset_1              0.174094 
offset_2              0.175009 
offset_3              0.171061 


----- dataset: Halphadata                ----- model: gp_multidimensional           
rot_amp               0.000110 
con_amp              -0.000014 

----- common model:  b
P                     2.915006 
K                     2.330418 
mean_long           198.787716 
e                     0.054893 
omega               159.757376 

----- common model:  c
P                     2.051235 
K                     0.674507 
mean_long           227.722959 
e                     0.195725 
omega               100.922022 

----- common model:  activity
Prot                 27.038416 
Pdec                 54.080929 
Oamp                  0.367616 

----- common model:  star_parameters

====================================================================================================
     Derived parameters obtained from starting point     
====================================================================================================

----- common model:  b
Inclination fixed to 90 deg!
a_Rs                  8.583715 
M_Mj                  0.016352 
M_Me                  5.198109 
Tc                59336.781405 
a_AU_(M)              0.039936 
a_AU_(rho,R)          0.039936 

----- common model:  c
Inclination fixed to 90 deg!
a_Rs                  6.790889 
M_Mj                  0.004134 
M_Me                  1.314296 
Tc                59335.987792 
a_AU_(M)              0.031595 
a_AU_(rho,R)          0.031594 


====================================================================================================
     Statistics on the log-likelihood     
====================================================================================================

 LN probability:   502.427106 

====================================================================================================
     ------------------------------------------------------------------------------------------     
====================================================================================================



*************************************************************

Running emcee

emcee version:  3.1.6
Using threading pool for emcee: True

Saving temporary steps


Computing the autocorrelation time of the chains

***** WARNING ******
The integrated autocorrelation time cannot be reliably estimated
likely the chains are too short, and ACF analysis is not fully reliable
emcee.autocorr.integrated_time tolerance lowered to 20
If you still get a warning, you should drop these results entirely
Chains too short to apply convergence criteria
They should be at least 1350*nthin = 135000

====================================================================================================
     Statistics on the posterior of the sampler parameters     
====================================================================================================

----- dataset:  RVdata
jitter_0        13         1.278       -0.060        0.062   (15-84 p)   [    0.0009,    13.3000]
offset_0        14           9.6         -1.6          2.1   (15-84 p)   [-9995.9140, 10015.5990]
offset_1        15          11.9         -1.6          2.1   (15-84 p)   [-9995.9140, 10015.5990]
offset_2        16          11.0         -1.6          2.1   (15-84 p)   [-9995.9140, 10015.5990]
offset_3        17          10.6         -1.6          2.1   (15-84 p)   [-9995.9140, 10015.5990]

----- dataset: RVdata                    ----- model: gp_multidimensional           
rot_amp         18           5.1         -3.1          3.0   (15-84 p)   [    0.0000,    10.0000]
con_amp         19           3.5         -1.3          1.9   (15-84 p)   [  -20.0000,    20.0000]

----- dataset:  BISdata
jitter_0        20         1.891       -0.098         0.11   (15-84 p)   [    0.0095,    95.0000]
offset_0        21        -73.34        -0.62         0.91   (15-84 p)   [-10078.4667,  9962.7167]
offset_1        22        -43.31        -0.78          1.0   (15-84 p)   [-10078.4667,  9962.7167]
offset_2        23        -51.64        -0.66         0.93   (15-84 p)   [-10078.4667,  9962.7167]
offset_3        24        -59.24        -0.64         0.92   (15-84 p)   [-10078.4667,  9962.7167]

----- dataset: BISdata                   ----- model: gp_multidimensional           
rot_amp         25          -0.3         -1.8          1.7   (15-84 p)   [  -10.0000,    10.0000]
con_amp         26          1.38        -0.61         0.89   (15-84 p)   [  -20.0000,    20.0000]

----- dataset:  FWHMdata
jitter_0        27          0.64        -0.38         0.62   (15-84 p)   [    0.1043,  1733.9303]
offset_0        28        6693.1         -4.3          3.0   (15-84 p)   [-3316.4638, 16948.3677]
offset_1        29        6942.2         -5.0          3.7   (15-84 p)   [-3316.4638, 16948.3677]
offset_2        30        6857.0         -4.4          2.8   (15-84 p)   [-3316.4638, 16948.3677]
offset_3        31        6896.3         -4.6          3.1   (15-84 p)   [-3316.4638, 16948.3677]

----- dataset: FWHMdata                  ----- model: gp_multidimensional           
rot_amp         32           1.5         -5.9          5.3   (15-84 p)   [  -10.0000,    10.0000]
con_amp         33          -5.8         -4.3          3.5   (15-84 p)   [  -20.0000,    20.0000]

----- dataset:  CaIIdata
jitter_0        34       0.00028     -0.00018      0.00026   (15-84 p)   [    0.0000,     0.3000]
offset_0        35       0.10069     -0.00047      0.00055   (15-84 p)   [-9999.9063, 10000.1099]
offset_1        36       0.10425     -0.00076      0.00083   (15-84 p)   [-9999.9063, 10000.1099]
offset_2        37       0.10386     -0.00052      0.00058   (15-84 p)   [-9999.9063, 10000.1099]
offset_3        38       0.09954     -0.00050      0.00061   (15-84 p)   [-9999.9063, 10000.1099]

----- dataset: CaIIdata                  ----- model: gp_multidimensional           
rot_amp         39        0.0015      -0.0018       0.0021   (15-84 p)   [  -10.0000,    10.0000]
con_amp         40       0.00051     -0.00072      0.00089   (15-84 p)   [  -20.0000,    20.0000]

----- dataset:  Halphadata
jitter_0        41      0.000066    -0.000039     0.000062   (15-84 p)   [    0.0000,     0.1000]
offset_0        42       0.17205     -0.00015      0.00016   (15-84 p)   [-9999.8298, 10000.1791]
offset_1        43       0.17411     -0.00025      0.00025   (15-84 p)   [-9999.8298, 10000.1791]
offset_2        44       0.17501     -0.00016      0.00017   (15-84 p)   [-9999.8298, 10000.1791]
offset_3        45       0.17107     -0.00016      0.00017   (15-84 p)   [-9999.8298, 10000.1791]

----- dataset: Halphadata                ----- model: gp_multidimensional           
rot_amp         46       0.00035     -0.00059      0.00073   (15-84 p)   [  -10.0000,    10.0000]
con_amp         47       0.00002     -0.00024      0.00026   (15-84 p)   [  -20.0000,    20.0000]

----- common model:  b
P                0        1.5435      -0.0014       0.0015   (15-84 p)   [    0.3785,     6.6439]
K                1         1.204       -0.091        0.088   (15-84 p)   [   -9.9658,     3.3219]
sre_coso         2         -0.13        -0.13         0.17   (15-84 p)   [   -1.0000,     1.0000]
sre_sino         3          0.03        -0.16         0.15   (15-84 p)   [   -1.0000,     1.0000]
mean_long        4         199.2         -6.5          6.6   (15-84 p)   [   18.7877,   378.7877]

----- common model:  c
P                5        1.0372      -0.0043       0.0043   (15-84 p)   [    0.3785,     6.6439]
K                6         -0.86        -0.47         0.36   (15-84 p)   [   -9.9658,     3.3219]
sre_coso         7         -0.02        -0.23         0.24   (15-84 p)   [   -1.0000,     1.0000]
sre_sino         8          0.15        -0.26         0.21   (15-84 p)   [   -1.0000,     1.0000]
mean_long        9           237          -30           32   (15-84 p)   [   47.7230,   407.7230]

----- common model:  activity
Prot            10         27.25        -0.47         0.56   (15-84 p)   [   20.0000,    35.0000]
Pdec            11          61.9         -5.5           17   (15-84 p)   [   30.0000,  1000.0000]
Oamp            12         -1.39        -0.14         0.12   (15-84 p)   [   -6.6439,     0.0000]

----- common model:  star_parameters

====================================================================================================
     Statistics on the model parameters obtained from the posteriors samples     
====================================================================================================

----- dataset:  RVdata
jitter_0                 1.278       -0.060        0.062    (15-84 p)
offset_0                   9.6         -1.6          2.1    (15-84 p)
offset_1                  11.9         -1.6          2.1    (15-84 p)
offset_2                  11.0         -1.6          2.1    (15-84 p)
offset_3                  10.6         -1.6          2.1    (15-84 p)


----- dataset: RVdata                    ----- model: gp_multidimensional           
rot_amp                    5.1         -3.1          3.0    (15-84 p)
con_amp                    3.5         -1.3          1.9    (15-84 p)

----- dataset:  BISdata
jitter_0                 1.891       -0.098         0.11    (15-84 p)
offset_0                -73.34        -0.62         0.91    (15-84 p)
offset_1                -43.31        -0.78          1.0    (15-84 p)
offset_2                -51.64        -0.66         0.93    (15-84 p)
offset_3                -59.24        -0.64         0.92    (15-84 p)


----- dataset: BISdata                   ----- model: gp_multidimensional           
rot_amp                   -0.3         -1.8          1.7    (15-84 p)
con_amp                   1.38        -0.61         0.89    (15-84 p)

----- dataset:  FWHMdata
jitter_0                  0.64        -0.38         0.62    (15-84 p)
offset_0                6693.1         -4.3          3.0    (15-84 p)
offset_1                6942.2         -5.0          3.7    (15-84 p)
offset_2                6857.0         -4.4          2.8    (15-84 p)
offset_3                6896.3         -4.6          3.1    (15-84 p)


----- dataset: FWHMdata                  ----- model: gp_multidimensional           
rot_amp                    1.5         -5.9          5.3    (15-84 p)
con_amp                   -5.8         -4.3          3.5    (15-84 p)

----- dataset:  CaIIdata
jitter_0               0.00028     -0.00018      0.00026    (15-84 p)
offset_0               0.10069     -0.00047      0.00055    (15-84 p)
offset_1               0.10425     -0.00076      0.00083    (15-84 p)
offset_2               0.10386     -0.00052      0.00058    (15-84 p)
offset_3               0.09954     -0.00050      0.00061    (15-84 p)


----- dataset: CaIIdata                  ----- model: gp_multidimensional           
rot_amp                 0.0015      -0.0018       0.0021    (15-84 p)
con_amp                0.00051     -0.00072      0.00089    (15-84 p)

----- dataset:  Halphadata
jitter_0              0.000066    -0.000039     0.000062    (15-84 p)
offset_0               0.17205     -0.00015      0.00016    (15-84 p)
offset_1               0.17411     -0.00025      0.00025    (15-84 p)
offset_2               0.17501     -0.00016      0.00017    (15-84 p)
offset_3               0.17107     -0.00016      0.00017    (15-84 p)


----- dataset: Halphadata                ----- model: gp_multidimensional           
rot_amp                0.00035     -0.00059      0.00073    (15-84 p)
con_amp                0.00002     -0.00024      0.00026    (15-84 p)

----- common model:  b
P                       2.9149      -0.0028       0.0029    (15-84 p)
K                         2.30        -0.14         0.15    (15-84 p)
mean_long                199.2         -6.5          6.6    (15-84 p)
e                        0.048       -0.033        0.045    (15-84 p)
omega                       56         -209           98    (15-84 p)

----- common model:  c
P                       2.0522      -0.0061       0.0061    (15-84 p)
K                         0.55        -0.15         0.15    (15-84 p)
mean_long                  237          -30           32    (15-84 p)
e                        0.099       -0.069        0.100    (15-84 p)
omega                       67         -149           68    (15-84 p)

----- common model:  activity
Prot                     27.25        -0.47         0.56    (15-84 p)
Pdec                      61.9         -5.5           17    (15-84 p)
Oamp                     0.382       -0.035        0.034    (15-84 p)

----- common model:  star_parameters

====================================================================================================
     Statistics on the derived parameters obtained from the posteriors samples     
====================================================================================================

----- common model:  b
Inclination fixed to 90 deg!
Computing planetary mass under the approximation M_planet << M_star (threshold at 30.0 Me)
a_Rs                    8.5836      -0.0054       0.0058    (15-84 p)
M_Mj                   0.01616     -0.00098       0.0010    (15-84 p)
M_Me                      5.14        -0.31         0.32    (15-84 p)
Tc                   59336.760       -0.060        0.062    (15-84 p)
a_AU_(M)              0.039935    -0.000025     0.000027    (15-84 p)
a_AU_(rho,R)          0.039935    -0.000025     0.000027    (15-84 p)

----- common model:  c
Inclination fixed to 90 deg!
Computing planetary mass under the approximation M_planet << M_star (threshold at 30.0 Me)
a_Rs                     6.793       -0.013        0.013    (15-84 p)
M_Mj                   0.00340     -0.00094      0.00094    (15-84 p)
M_Me                      1.08        -0.30         0.30    (15-84 p)
Tc                    59335.92        -0.20         0.18    (15-84 p)
a_AU_(M)              0.031604    -0.000062     0.000062    (15-84 p)
a_AU_(rho,R)          0.031604    -0.000062     0.000062    (15-84 p)


====================================================================================================
     ------------------------------------------------------------------------------------------     
====================================================================================================



25000.0   steps completed, average lnprob:,  470.98988382548134


Computing the autocorrelation time of the chains

***** WARNING ******
The integrated autocorrelation time cannot be reliably estimated
likely the chains are too short, and ACF analysis is not fully reliable
emcee.autocorr.integrated_time tolerance lowered to 20
If you still get a warning, you should drop these results entirely
Chains too short to apply convergence criteria
They should be at least 2100*nthin = 210000

====================================================================================================
     Statistics on the posterior of the sampler parameters     
====================================================================================================

----- dataset:  RVdata
jitter_0        13         1.277       -0.057        0.060   (15-84 p)   [    0.0009,    13.3000]
offset_0        14          10.2         -2.0          2.9   (15-84 p)   [-9995.9140, 10015.5990]
offset_1        15          12.4         -1.9          3.0   (15-84 p)   [-9995.9140, 10015.5990]
offset_2        16          11.6         -2.0          3.0   (15-84 p)   [-9995.9140, 10015.5990]
offset_3        17          11.1         -1.9          3.0   (15-84 p)   [-9995.9140, 10015.5990]

----- dataset: RVdata                    ----- model: gp_multidimensional           
rot_amp         18           5.1         -3.2          3.0   (15-84 p)   [    0.0000,    10.0000]
con_amp         19           4.3         -1.6          2.8   (15-84 p)   [  -20.0000,    20.0000]

----- dataset:  BISdata
jitter_0        20         1.894       -0.099         0.10   (15-84 p)   [    0.0095,    95.0000]
offset_0        21        -73.17        -0.71          1.1   (15-84 p)   [-10078.4667,  9962.7167]
offset_1        22        -43.18        -0.87          1.1   (15-84 p)   [-10078.4667,  9962.7167]
offset_2        23        -51.50        -0.74          1.1   (15-84 p)   [-10078.4667,  9962.7167]
offset_3        24        -59.09        -0.73          1.1   (15-84 p)   [-10078.4667,  9962.7167]

----- dataset: BISdata                   ----- model: gp_multidimensional           
rot_amp         25          -0.3         -1.9          1.8   (15-84 p)   [  -10.0000,    10.0000]
con_amp         26          1.59        -0.77          1.1   (15-84 p)   [  -20.0000,    20.0000]

----- dataset:  FWHMdata
jitter_0        27          0.65        -0.39         0.63   (15-84 p)   [    0.1043,  1733.9303]
offset_0        28        6692.5         -4.7          3.3   (15-84 p)   [-3316.4638, 16948.3677]
offset_1        29        6941.5         -5.1          4.1   (15-84 p)   [-3316.4638, 16948.3677]
offset_2        30        6856.5         -4.6          3.1   (15-84 p)   [-3316.4638, 16948.3677]
offset_3        31        6895.8         -5.0          3.5   (15-84 p)   [-3316.4638, 16948.3677]

----- dataset: FWHMdata                  ----- model: gp_multidimensional           
rot_amp         32           1.0         -6.2          5.6   (15-84 p)   [  -10.0000,    10.0000]
con_amp         33          -6.4         -5.0          3.8   (15-84 p)   [  -20.0000,    20.0000]

----- dataset:  CaIIdata
jitter_0        34       0.00027     -0.00017      0.00026   (15-84 p)   [    0.0000,     0.3000]
offset_0        35       0.10079     -0.00055      0.00073   (15-84 p)   [-9999.9063, 10000.1099]
offset_1        36       0.10430     -0.00084      0.00098   (15-84 p)   [-9999.9063, 10000.1099]
offset_2        37       0.10390     -0.00058      0.00078   (15-84 p)   [-9999.9063, 10000.1099]
offset_3        38       0.09964     -0.00057      0.00078   (15-84 p)   [-9999.9063, 10000.1099]

----- dataset: CaIIdata                  ----- model: gp_multidimensional           
rot_amp         39        0.0018      -0.0021       0.0026   (15-84 p)   [  -10.0000,    10.0000]
con_amp         40       0.00058     -0.00091       0.0011   (15-84 p)   [  -20.0000,    20.0000]

----- dataset:  Halphadata
jitter_0        41      0.000062    -0.000037     0.000060   (15-84 p)   [    0.0000,     0.1000]
offset_0        42       0.17204     -0.00018      0.00019   (15-84 p)   [-9999.8298, 10000.1791]
offset_1        43       0.17411     -0.00027      0.00028   (15-84 p)   [-9999.8298, 10000.1791]
offset_2        44       0.17501     -0.00019      0.00019   (15-84 p)   [-9999.8298, 10000.1791]
offset_3        45       0.17107     -0.00019      0.00020   (15-84 p)   [-9999.8298, 10000.1791]

----- dataset: Halphadata                ----- model: gp_multidimensional           
rot_amp         46       0.00037     -0.00067      0.00081   (15-84 p)   [  -10.0000,    10.0000]
con_amp         47       0.00002     -0.00029      0.00031   (15-84 p)   [  -20.0000,    20.0000]

----- common model:  b
P                0        1.5435      -0.0014       0.0014   (15-84 p)   [    0.3785,     6.6439]
K                1         1.197       -0.090        0.085   (15-84 p)   [   -9.9658,     3.3219]
sre_coso         2         -0.13        -0.13         0.17   (15-84 p)   [   -1.0000,     1.0000]
sre_sino         3          0.03        -0.16         0.15   (15-84 p)   [   -1.0000,     1.0000]
mean_long        4         199.2         -6.5          6.4   (15-84 p)   [   18.7877,   378.7877]

----- common model:  c
P                5        1.0374      -0.0043       0.0044   (15-84 p)   [    0.3785,     6.6439]
K                6         -0.90        -0.56         0.37   (15-84 p)   [   -9.9658,     3.3219]
sre_coso         7         -0.01        -0.23         0.23   (15-84 p)   [   -1.0000,     1.0000]
sre_sino         8          0.16        -0.26         0.21   (15-84 p)   [   -1.0000,     1.0000]
mean_long        9           238          -30           33   (15-84 p)   [   47.7230,   407.7230]

----- common model:  activity
Prot            10         27.15        -0.41         0.55   (15-84 p)   [   20.0000,    35.0000]
Pdec            11            75          -16           45   (15-84 p)   [   30.0000,  1000.0000]
Oamp            12         -1.39        -0.15         0.13   (15-84 p)   [   -6.6439,     0.0000]

----- common model:  star_parameters

====================================================================================================
     Statistics on the model parameters obtained from the posteriors samples     
====================================================================================================

----- dataset:  RVdata
jitter_0                 1.277       -0.057        0.060    (15-84 p)
offset_0                  10.2         -2.0          2.9    (15-84 p)
offset_1                  12.4         -1.9          3.0    (15-84 p)
offset_2                  11.6         -2.0          3.0    (15-84 p)
offset_3                  11.1         -1.9          3.0    (15-84 p)


----- dataset: RVdata                    ----- model: gp_multidimensional           
rot_amp                    5.1         -3.2          3.0    (15-84 p)
con_amp                    4.3         -1.6          2.8    (15-84 p)

----- dataset:  BISdata
jitter_0                 1.894       -0.099         0.10    (15-84 p)
offset_0                -73.17        -0.71          1.1    (15-84 p)
offset_1                -43.18        -0.87          1.1    (15-84 p)
offset_2                -51.50        -0.74          1.1    (15-84 p)
offset_3                -59.09        -0.73          1.1    (15-84 p)


----- dataset: BISdata                   ----- model: gp_multidimensional           
rot_amp                   -0.3         -1.9          1.8    (15-84 p)
con_amp                   1.59        -0.77          1.1    (15-84 p)

----- dataset:  FWHMdata
jitter_0                  0.65        -0.39         0.63    (15-84 p)
offset_0                6692.5         -4.7          3.3    (15-84 p)
offset_1                6941.5         -5.1          4.1    (15-84 p)
offset_2                6856.5         -4.6          3.1    (15-84 p)
offset_3                6895.8         -5.0          3.5    (15-84 p)


----- dataset: FWHMdata                  ----- model: gp_multidimensional           
rot_amp                    1.0         -6.2          5.6    (15-84 p)
con_amp                   -6.4         -5.0          3.8    (15-84 p)

----- dataset:  CaIIdata
jitter_0               0.00027     -0.00017      0.00026    (15-84 p)
offset_0               0.10079     -0.00055      0.00073    (15-84 p)
offset_1               0.10430     -0.00084      0.00098    (15-84 p)
offset_2               0.10390     -0.00058      0.00078    (15-84 p)
offset_3               0.09964     -0.00057      0.00078    (15-84 p)


----- dataset: CaIIdata                  ----- model: gp_multidimensional           
rot_amp                 0.0018      -0.0021       0.0026    (15-84 p)
con_amp                0.00058     -0.00091       0.0011    (15-84 p)

----- dataset:  Halphadata
jitter_0              0.000062    -0.000037     0.000060    (15-84 p)
offset_0               0.17204     -0.00018      0.00019    (15-84 p)
offset_1               0.17411     -0.00027      0.00028    (15-84 p)
offset_2               0.17501     -0.00019      0.00019    (15-84 p)
offset_3               0.17107     -0.00019      0.00020    (15-84 p)


----- dataset: Halphadata                ----- model: gp_multidimensional           
rot_amp                0.00037     -0.00067      0.00081    (15-84 p)
con_amp                0.00002     -0.00029      0.00031    (15-84 p)

----- common model:  b
P                       2.9150      -0.0028       0.0029    (15-84 p)
K                         2.29        -0.14         0.14    (15-84 p)
mean_long                199.2         -6.5          6.4    (15-84 p)
e                        0.046       -0.032        0.045    (15-84 p)
omega                       57         -209           98    (15-84 p)

----- common model:  c
P                       2.0525      -0.0061       0.0063    (15-84 p)
K                         0.54        -0.17         0.16    (15-84 p)
mean_long                  238          -30           33    (15-84 p)
e                        0.099       -0.069        0.099    (15-84 p)
omega                       69         -143           62    (15-84 p)

----- common model:  activity
Prot                     27.15        -0.41         0.55    (15-84 p)
Pdec                        75          -16           45    (15-84 p)
Oamp                     0.382       -0.037        0.035    (15-84 p)

----- common model:  star_parameters

====================================================================================================
     Statistics on the derived parameters obtained from the posteriors samples     
====================================================================================================

----- common model:  b
Inclination fixed to 90 deg!
Computing planetary mass under the approximation M_planet << M_star (threshold at 30.0 Me)
a_Rs                    8.5836      -0.0056       0.0056    (15-84 p)
M_Mj                   0.01608     -0.00097      0.00097    (15-84 p)
M_Me                      5.11        -0.31         0.31    (15-84 p)
Tc                   59336.758       -0.060        0.066    (15-84 p)
a_AU_(M)              0.039935    -0.000026     0.000026    (15-84 p)
a_AU_(rho,R)          0.039935    -0.000026     0.000026    (15-84 p)

----- common model:  c
Inclination fixed to 90 deg!
Computing planetary mass under the approximation M_planet << M_star (threshold at 30.0 Me)
a_Rs                     6.794       -0.013        0.014    (15-84 p)
M_Mj                   0.00332      -0.0011      0.00096    (15-84 p)
M_Me                      1.05        -0.34         0.30    (15-84 p)
Tc                    59335.92        -0.20         0.18    (15-84 p)
a_AU_(M)              0.031608    -0.000063     0.000065    (15-84 p)
a_AU_(rho,R)          0.031607    -0.000063     0.000065    (15-84 p)


====================================================================================================
     ------------------------------------------------------------------------------------------     
====================================================================================================



50000.0   steps completed, average lnprob:,  471.66660901796695


Computing the autocorrelation time of the chains

***** WARNING ******
The integrated autocorrelation time cannot be reliably estimated
likely the chains are too short, and ACF analysis is not fully reliable
emcee.autocorr.integrated_time tolerance lowered to 20
If you still get a warning, you should drop these results entirely
Chains too short to apply convergence criteria
They should be at least 2500*nthin = 250000

====================================================================================================
     Statistics on the posterior of the sampler parameters     
====================================================================================================

----- dataset:  RVdata
jitter_0        13         1.280       -0.057        0.062   (15-84 p)   [    0.0009,    13.3000]
offset_0        14          10.2         -1.9          3.0   (15-84 p)   [-9995.9140, 10015.5990]
offset_1        15          12.5         -2.0          3.0   (15-84 p)   [-9995.9140, 10015.5990]
offset_2        16          11.6         -2.0          3.0   (15-84 p)   [-9995.9140, 10015.5990]
offset_3        17          11.2         -1.9          3.0   (15-84 p)   [-9995.9140, 10015.5990]

----- dataset: RVdata                    ----- model: gp_multidimensional           
rot_amp         18           5.1         -3.2          3.1   (15-84 p)   [    0.0000,    10.0000]
con_amp         19           4.4         -1.7          3.1   (15-84 p)   [  -20.0000,    20.0000]

----- dataset:  BISdata
jitter_0        20         1.893       -0.099         0.11   (15-84 p)   [    0.0095,    95.0000]
offset_0        21        -73.17        -0.71          1.1   (15-84 p)   [-10078.4667,  9962.7167]
offset_1        22        -43.17        -0.88          1.1   (15-84 p)   [-10078.4667,  9962.7167]
offset_2        23        -51.51        -0.73          1.1   (15-84 p)   [-10078.4667,  9962.7167]
offset_3        24        -59.09        -0.72          1.1   (15-84 p)   [-10078.4667,  9962.7167]

----- dataset: BISdata                   ----- model: gp_multidimensional           
rot_amp         25          -0.3         -2.0          1.8   (15-84 p)   [  -10.0000,    10.0000]
con_amp         26          1.60        -0.78          1.2   (15-84 p)   [  -20.0000,    20.0000]

----- dataset:  FWHMdata
jitter_0        27          0.65        -0.39         0.64   (15-84 p)   [    0.1043,  1733.9303]
offset_0        28        6692.5         -4.7          3.2   (15-84 p)   [-3316.4638, 16948.3677]
offset_1        29        6941.7         -5.1          4.0   (15-84 p)   [-3316.4638, 16948.3677]
offset_2        30        6856.6         -4.6          3.0   (15-84 p)   [-3316.4638, 16948.3677]
offset_3        31        6895.9         -4.9          3.4   (15-84 p)   [-3316.4638, 16948.3677]

----- dataset: FWHMdata                  ----- model: gp_multidimensional           
rot_amp         32           1.1         -6.2          5.7   (15-84 p)   [  -10.0000,    10.0000]
con_amp         33          -6.3         -5.0          4.0   (15-84 p)   [  -20.0000,    20.0000]

----- dataset:  CaIIdata
jitter_0        34       0.00027     -0.00017      0.00026   (15-84 p)   [    0.0000,     0.3000]
offset_0        35       0.10078     -0.00055      0.00073   (15-84 p)   [-9999.9063, 10000.1099]
offset_1        36       0.10429     -0.00086      0.00099   (15-84 p)   [-9999.9063, 10000.1099]
offset_2        37       0.10389     -0.00058      0.00079   (15-84 p)   [-9999.9063, 10000.1099]
offset_3        38       0.09962     -0.00056      0.00079   (15-84 p)   [-9999.9063, 10000.1099]

----- dataset: CaIIdata                  ----- model: gp_multidimensional           
rot_amp         39        0.0019      -0.0021       0.0027   (15-84 p)   [  -10.0000,    10.0000]
con_amp         40       0.00055     -0.00095       0.0011   (15-84 p)   [  -20.0000,    20.0000]

----- dataset:  Halphadata
jitter_0        41      0.000064    -0.000038     0.000061   (15-84 p)   [    0.0000,     0.1000]
offset_0        42       0.17204     -0.00018      0.00018   (15-84 p)   [-9999.8298, 10000.1791]
offset_1        43       0.17411     -0.00027      0.00028   (15-84 p)   [-9999.8298, 10000.1791]
offset_2        44       0.17501     -0.00019      0.00019   (15-84 p)   [-9999.8298, 10000.1791]
offset_3        45       0.17107     -0.00019      0.00019   (15-84 p)   [-9999.8298, 10000.1791]

----- dataset: Halphadata                ----- model: gp_multidimensional           
rot_amp         46       0.00036     -0.00068      0.00083   (15-84 p)   [  -10.0000,    10.0000]
con_amp         47       0.00002     -0.00029      0.00031   (15-84 p)   [  -20.0000,    20.0000]

----- common model:  b
P                0        1.5435      -0.0014       0.0014   (15-84 p)   [    0.3785,     6.6439]
K                1         1.199       -0.092        0.086   (15-84 p)   [   -9.9658,     3.3219]
sre_coso         2         -0.13        -0.13         0.17   (15-84 p)   [   -1.0000,     1.0000]
sre_sino         3          0.02        -0.16         0.15   (15-84 p)   [   -1.0000,     1.0000]
mean_long        4         199.4         -6.5          6.5   (15-84 p)   [   18.7877,   378.7877]

----- common model:  c
P                5        1.0372      -0.0043       0.0043   (15-84 p)   [    0.3785,     6.6439]
K                6         -0.90        -0.54         0.37   (15-84 p)   [   -9.9658,     3.3219]
sre_coso         7         -0.02        -0.23         0.23   (15-84 p)   [   -1.0000,     1.0000]
sre_sino         8          0.16        -0.26         0.21   (15-84 p)   [   -1.0000,     1.0000]
mean_long        9           237          -30           32   (15-84 p)   [   47.7230,   407.7230]

----- common model:  activity
Prot            10         27.15        -0.41         0.53   (15-84 p)   [   20.0000,    35.0000]
Pdec            11            77          -17           55   (15-84 p)   [   30.0000,  1000.0000]
Oamp            12         -1.39        -0.14         0.13   (15-84 p)   [   -6.6439,     0.0000]

----- common model:  star_parameters

====================================================================================================
     Statistics on the model parameters obtained from the posteriors samples     
====================================================================================================

----- dataset:  RVdata
jitter_0                 1.280       -0.057        0.062    (15-84 p)
offset_0                  10.2         -1.9          3.0    (15-84 p)
offset_1                  12.5         -2.0          3.0    (15-84 p)
offset_2                  11.6         -2.0          3.0    (15-84 p)
offset_3                  11.2         -1.9          3.0    (15-84 p)


----- dataset: RVdata                    ----- model: gp_multidimensional           
rot_amp                    5.1         -3.2          3.1    (15-84 p)
con_amp                    4.4         -1.7          3.1    (15-84 p)

----- dataset:  BISdata
jitter_0                 1.893       -0.099         0.11    (15-84 p)
offset_0                -73.17        -0.71          1.1    (15-84 p)
offset_1                -43.17        -0.88          1.1    (15-84 p)
offset_2                -51.51        -0.73          1.1    (15-84 p)
offset_3                -59.09        -0.72          1.1    (15-84 p)


----- dataset: BISdata                   ----- model: gp_multidimensional           
rot_amp                   -0.3         -2.0          1.8    (15-84 p)
con_amp                   1.60        -0.78          1.2    (15-84 p)

----- dataset:  FWHMdata
jitter_0                  0.65        -0.39         0.64    (15-84 p)
offset_0                6692.5         -4.7          3.2    (15-84 p)
offset_1                6941.7         -5.1          4.0    (15-84 p)
offset_2                6856.6         -4.6          3.0    (15-84 p)
offset_3                6895.9         -4.9          3.4    (15-84 p)


----- dataset: FWHMdata                  ----- model: gp_multidimensional           
rot_amp                    1.1         -6.2          5.7    (15-84 p)
con_amp                   -6.3         -5.0          4.0    (15-84 p)

----- dataset:  CaIIdata
jitter_0               0.00027     -0.00017      0.00026    (15-84 p)
offset_0               0.10078     -0.00055      0.00073    (15-84 p)
offset_1               0.10429     -0.00086      0.00099    (15-84 p)
offset_2               0.10389     -0.00058      0.00079    (15-84 p)
offset_3               0.09962     -0.00056      0.00079    (15-84 p)


----- dataset: CaIIdata                  ----- model: gp_multidimensional           
rot_amp                 0.0019      -0.0021       0.0027    (15-84 p)
con_amp                0.00055     -0.00095       0.0011    (15-84 p)

----- dataset:  Halphadata
jitter_0              0.000064    -0.000038     0.000061    (15-84 p)
offset_0               0.17204     -0.00018      0.00018    (15-84 p)
offset_1               0.17411     -0.00027      0.00028    (15-84 p)
offset_2               0.17501     -0.00019      0.00019    (15-84 p)
offset_3               0.17107     -0.00019      0.00019    (15-84 p)


----- dataset: Halphadata                ----- model: gp_multidimensional           
rot_amp                0.00036     -0.00068      0.00083    (15-84 p)
con_amp                0.00002     -0.00029      0.00031    (15-84 p)

----- common model:  b
P                       2.9150      -0.0028       0.0029    (15-84 p)
K                         2.30        -0.14         0.14    (15-84 p)
mean_long                199.4         -6.5          6.5    (15-84 p)
e                        0.046       -0.032        0.045    (15-84 p)
omega                       50         -202          105    (15-84 p)

----- common model:  c
P                       2.0523      -0.0062       0.0062    (15-84 p)
K                         0.53        -0.17         0.16    (15-84 p)
mean_long                  237          -30           32    (15-84 p)
e                        0.100       -0.069        0.099    (15-84 p)
omega                       68         -148           64    (15-84 p)

----- common model:  activity
Prot                     27.15        -0.41         0.53    (15-84 p)
Pdec                        77          -17           55    (15-84 p)
Oamp                     0.382       -0.036        0.036    (15-84 p)

----- common model:  star_parameters

====================================================================================================
     Statistics on the derived parameters obtained from the posteriors samples     
====================================================================================================

----- common model:  b
Inclination fixed to 90 deg!
Computing planetary mass under the approximation M_planet << M_star (threshold at 30.0 Me)
a_Rs                    8.5837      -0.0056       0.0056    (15-84 p)
M_Mj                   0.01610     -0.00100      0.00100    (15-84 p)
M_Me                      5.12        -0.32         0.32    (15-84 p)
Tc                   59336.757       -0.061        0.065    (15-84 p)
a_AU_(M)              0.039936    -0.000026     0.000026    (15-84 p)
a_AU_(rho,R)          0.039936    -0.000026     0.000026    (15-84 p)

----- common model:  c
Inclination fixed to 90 deg!
Computing planetary mass under the approximation M_planet << M_star (threshold at 30.0 Me)
a_Rs                     6.793       -0.014        0.014    (15-84 p)
M_Mj                   0.00331      -0.0010      0.00096    (15-84 p)
M_Me                      1.05        -0.33         0.31    (15-84 p)
Tc                    59335.92        -0.20         0.18    (15-84 p)
a_AU_(M)              0.031605    -0.000063     0.000063    (15-84 p)
a_AU_(rho,R)          0.031605    -0.000063     0.000063    (15-84 p)


====================================================================================================
     ------------------------------------------------------------------------------------------     
====================================================================================================



75000.0   steps completed, average lnprob:,  470.5589530219595


Computing the autocorrelation time of the chains

***** WARNING ******
The integrated autocorrelation time cannot be reliably estimated
likely the chains are too short, and ACF analysis is not fully reliable
emcee.autocorr.integrated_time tolerance lowered to 20
If you still get a warning, you should drop these results entirely
Chains too short to apply convergence criteria
They should be at least 3150*nthin = 315000

====================================================================================================
     Statistics on the posterior of the sampler parameters     
====================================================================================================

----- dataset:  RVdata
jitter_0        13         1.282       -0.057        0.063   (15-84 p)   [    0.0009,    13.3000]
offset_0        14          10.2         -2.0          3.2   (15-84 p)   [-9995.9140, 10015.5990]
offset_1        15          12.5         -2.1          3.2   (15-84 p)   [-9995.9140, 10015.5990]
offset_2        16          11.6         -2.0          3.2   (15-84 p)   [-9995.9140, 10015.5990]
offset_3        17          11.2         -2.0          3.2   (15-84 p)   [-9995.9140, 10015.5990]

----- dataset: RVdata                    ----- model: gp_multidimensional           
rot_amp         18           5.1         -3.3          3.1   (15-84 p)   [    0.0000,    10.0000]
con_amp         19           4.5         -1.8          3.4   (15-84 p)   [  -20.0000,    20.0000]

----- dataset:  BISdata
jitter_0        20         1.893       -0.098         0.10   (15-84 p)   [    0.0095,    95.0000]
offset_0        21        -73.17        -0.73          1.2   (15-84 p)   [-10078.4667,  9962.7167]
offset_1        22        -43.17        -0.90          1.2   (15-84 p)   [-10078.4667,  9962.7167]
offset_2        23        -51.51        -0.76          1.2   (15-84 p)   [-10078.4667,  9962.7167]
offset_3        24        -59.09        -0.75          1.2   (15-84 p)   [-10078.4667,  9962.7167]

----- dataset: BISdata                   ----- model: gp_multidimensional           
rot_amp         25          -0.3         -2.1          1.8   (15-84 p)   [  -10.0000,    10.0000]
con_amp         26          1.62        -0.81          1.3   (15-84 p)   [  -20.0000,    20.0000]

----- dataset:  FWHMdata
jitter_0        27          0.67        -0.40         0.63   (15-84 p)   [    0.1043,  1733.9303]
offset_0        28        6692.5         -4.9          3.3   (15-84 p)   [-3316.4638, 16948.3677]
offset_1        29        6941.7         -5.2          4.0   (15-84 p)   [-3316.4638, 16948.3677]
offset_2        30        6856.6         -4.8          3.1   (15-84 p)   [-3316.4638, 16948.3677]
offset_3        31        6895.9         -5.0          3.5   (15-84 p)   [-3316.4638, 16948.3677]

----- dataset: FWHMdata                  ----- model: gp_multidimensional           
rot_amp         32           1.1         -6.2          5.6   (15-84 p)   [  -10.0000,    10.0000]
con_amp         33          -6.3         -5.2          4.2   (15-84 p)   [  -20.0000,    20.0000]

----- dataset:  CaIIdata
jitter_0        34       0.00027     -0.00017      0.00026   (15-84 p)   [    0.0000,     0.3000]
offset_0        35       0.10078     -0.00056      0.00076   (15-84 p)   [-9999.9063, 10000.1099]
offset_1        36       0.10430     -0.00086       0.0010   (15-84 p)   [-9999.9063, 10000.1099]
offset_2        37       0.10389     -0.00059      0.00082   (15-84 p)   [-9999.9063, 10000.1099]
offset_3        38       0.09962     -0.00058      0.00081   (15-84 p)   [-9999.9063, 10000.1099]

----- dataset: CaIIdata                  ----- model: gp_multidimensional           
rot_amp         39        0.0019      -0.0022       0.0028   (15-84 p)   [  -10.0000,    10.0000]
con_amp         40       0.00056     -0.00099       0.0012   (15-84 p)   [  -20.0000,    20.0000]

----- dataset:  Halphadata
jitter_0        41      0.000064    -0.000038     0.000061   (15-84 p)   [    0.0000,     0.1000]
offset_0        42       0.17204     -0.00019      0.00019   (15-84 p)   [-9999.8298, 10000.1791]
offset_1        43       0.17411     -0.00028      0.00028   (15-84 p)   [-9999.8298, 10000.1791]
offset_2        44       0.17501     -0.00020      0.00020   (15-84 p)   [-9999.8298, 10000.1791]
offset_3        45       0.17107     -0.00020      0.00020   (15-84 p)   [-9999.8298, 10000.1791]

----- dataset: Halphadata                ----- model: gp_multidimensional           
rot_amp         46       0.00035     -0.00070      0.00085   (15-84 p)   [  -10.0000,    10.0000]
con_amp         47       0.00001     -0.00031      0.00032   (15-84 p)   [  -20.0000,    20.0000]

----- common model:  b
P                0        1.5435      -0.0014       0.0014   (15-84 p)   [    0.3785,     6.6439]
K                1         1.198       -0.092        0.087   (15-84 p)   [   -9.9658,     3.3219]
sre_coso         2         -0.13        -0.13         0.17   (15-84 p)   [   -1.0000,     1.0000]
sre_sino         3          0.02        -0.16         0.15   (15-84 p)   [   -1.0000,     1.0000]
mean_long        4         199.4         -6.6          6.5   (15-84 p)   [   18.7877,   378.7877]

----- common model:  c
P                5        1.0372      -0.0044       0.0044   (15-84 p)   [    0.3785,     6.6439]
K                6         -0.91        -0.56         0.37   (15-84 p)   [   -9.9658,     3.3219]
sre_coso         7         -0.02        -0.23         0.23   (15-84 p)   [   -1.0000,     1.0000]
sre_sino         8          0.16        -0.26         0.21   (15-84 p)   [   -1.0000,     1.0000]
mean_long        9           236          -31           33   (15-84 p)   [   47.7230,   407.7230]

----- common model:  activity
Prot            10         27.14        -0.41         0.54   (15-84 p)   [   20.0000,    35.0000]
Pdec            11            79          -19           68   (15-84 p)   [   30.0000,  1000.0000]
Oamp            12         -1.39        -0.14         0.13   (15-84 p)   [   -6.6439,     0.0000]

----- common model:  star_parameters

====================================================================================================
     Statistics on the model parameters obtained from the posteriors samples     
====================================================================================================

----- dataset:  RVdata
jitter_0                 1.282       -0.057        0.063    (15-84 p)
offset_0                  10.2         -2.0          3.2    (15-84 p)
offset_1                  12.5         -2.1          3.2    (15-84 p)
offset_2                  11.6         -2.0          3.2    (15-84 p)
offset_3                  11.2         -2.0          3.2    (15-84 p)


----- dataset: RVdata                    ----- model: gp_multidimensional           
rot_amp                    5.1         -3.3          3.1    (15-84 p)
con_amp                    4.5         -1.8          3.4    (15-84 p)

----- dataset:  BISdata
jitter_0                 1.893       -0.098         0.10    (15-84 p)
offset_0                -73.17        -0.73          1.2    (15-84 p)
offset_1                -43.17        -0.90          1.2    (15-84 p)
offset_2                -51.51        -0.76          1.2    (15-84 p)
offset_3                -59.09        -0.75          1.2    (15-84 p)


----- dataset: BISdata                   ----- model: gp_multidimensional           
rot_amp                   -0.3         -2.1          1.8    (15-84 p)
con_amp                   1.62        -0.81          1.3    (15-84 p)

----- dataset:  FWHMdata
jitter_0                  0.67        -0.40         0.63    (15-84 p)
offset_0                6692.5         -4.9          3.3    (15-84 p)
offset_1                6941.7         -5.2          4.0    (15-84 p)
offset_2                6856.6         -4.8          3.1    (15-84 p)
offset_3                6895.9         -5.0          3.5    (15-84 p)


----- dataset: FWHMdata                  ----- model: gp_multidimensional           
rot_amp                    1.1         -6.2          5.6    (15-84 p)
con_amp                   -6.3         -5.2          4.2    (15-84 p)

----- dataset:  CaIIdata
jitter_0               0.00027     -0.00017      0.00026    (15-84 p)
offset_0               0.10078     -0.00056      0.00076    (15-84 p)
offset_1               0.10430     -0.00086       0.0010    (15-84 p)
offset_2               0.10389     -0.00059      0.00082    (15-84 p)
offset_3               0.09962     -0.00058      0.00081    (15-84 p)


----- dataset: CaIIdata                  ----- model: gp_multidimensional           
rot_amp                 0.0019      -0.0022       0.0028    (15-84 p)
con_amp                0.00056     -0.00099       0.0012    (15-84 p)

----- dataset:  Halphadata
jitter_0              0.000064    -0.000038     0.000061    (15-84 p)
offset_0               0.17204     -0.00019      0.00019    (15-84 p)
offset_1               0.17411     -0.00028      0.00028    (15-84 p)
offset_2               0.17501     -0.00020      0.00020    (15-84 p)
offset_3               0.17107     -0.00020      0.00020    (15-84 p)


----- dataset: Halphadata                ----- model: gp_multidimensional           
rot_amp                0.00035     -0.00070      0.00085    (15-84 p)
con_amp                0.00001     -0.00031      0.00032    (15-84 p)

----- common model:  b
P                       2.9150      -0.0029       0.0029    (15-84 p)
K                         2.29        -0.14         0.14    (15-84 p)
mean_long                199.4         -6.6          6.5    (15-84 p)
e                        0.046       -0.032        0.045    (15-84 p)
omega                       47         -199          108    (15-84 p)

----- common model:  c
P                       2.0522      -0.0063       0.0063    (15-84 p)
K                         0.53        -0.17         0.16    (15-84 p)
mean_long                  236          -31           33    (15-84 p)
e                        0.098       -0.068        0.098    (15-84 p)
omega                       68         -149           65    (15-84 p)

----- common model:  activity
Prot                     27.14        -0.41         0.54    (15-84 p)
Pdec                        79          -19           68    (15-84 p)
Oamp                     0.381       -0.036        0.036    (15-84 p)

----- common model:  star_parameters

====================================================================================================
     Statistics on the derived parameters obtained from the posteriors samples     
====================================================================================================

----- common model:  b
Inclination fixed to 90 deg!
Computing planetary mass under the approximation M_planet << M_star (threshold at 30.0 Me)
a_Rs                    8.5837      -0.0056       0.0057    (15-84 p)
M_Mj                   0.01609     -0.00099      0.00100    (15-84 p)
M_Me                      5.12        -0.31         0.32    (15-84 p)
Tc                   59336.756       -0.061        0.064    (15-84 p)
a_AU_(M)              0.039936    -0.000026     0.000027    (15-84 p)
a_AU_(rho,R)          0.039935    -0.000026     0.000027    (15-84 p)

----- common model:  c
Inclination fixed to 90 deg!
Computing planetary mass under the approximation M_planet << M_star (threshold at 30.0 Me)
a_Rs                     6.793       -0.014        0.014    (15-84 p)
M_Mj                   0.00330      -0.0010      0.00096    (15-84 p)
M_Me                      1.05        -0.33         0.31    (15-84 p)
Tc                    59335.93        -0.20         0.18    (15-84 p)
a_AU_(M)              0.031604    -0.000065     0.000064    (15-84 p)
a_AU_(rho,R)          0.031604    -0.000064     0.000064    (15-84 p)


====================================================================================================
     ------------------------------------------------------------------------------------------     
====================================================================================================



100000.0   steps completed, average lnprob:,  469.81221990363713


emcee completed


:::---::: PyORBIT v10.11.2 :::---:::

Python version in use:
3.10.18 (main, Jun  5 2025, 13:14:17) [GCC 11.2.0]
LaTeX disabled by default

Using orbital model:  keplerian
Using orbital parametrization:  Eastman2013

Using orbital model:  keplerian
Using orbital parametrization:  Eastman2013

gp_multidimensional  S+LEAF model, number of harmonics: 4

GP model: gp_multidimensional  hyperparameters_condition:    True
GP model: gp_multidimensional  rotation_decay_condition:     True

### PyORBIT version used in the analysis:  10.11.2

 emcee version:  3.1.6

 Reference Time Tref: 59334.700184

 Data points:1435
 Dimensions: 48
 Nwalkers:   192
 Steps:      100000


Number of samplings: 144000


Recomputing ln-prior, it may take a while...

ln-probability   distribution:    470.00       -7.61      6.42 (15-84 p) 
ln-prior         distribution:   -284.71       -2.47      1.80 (15-84 p) 
ln-likelihood    distribution:    754.98       -7.64      6.64 (15-84 p) 


*** Information criteria using the likelihood distribution

 BIC from distribution  (using likelihood)  =  -1161.06    -13.29   15.29 (15-84 p)
 AIC from distribution  (using likelihood)  =  -1413.97    -13.29   15.29 (15-84 p)
 AICc from distribution (using likelihood)  =  -1410.58    -13.29   15.29 (15-84 p)


*** Information criteria using the median parameter set

 ln_probability of Median solution =    491.61
 ln_priors of Median solution      =   -283.09
 ln_likelihood of Median solution  =    774.70

 Median BIC  (using likelihood) =  -1200.49
 Median AIC  (using likelihood) =  -1453.39
 Median AICc (using likelihood) =  -1450.00


*** Information criteria using the MAP parameter set

 ln_probability of MAP solution =    492.36
 ln_priors of MAP solution      =   -284.33
 ln_likelihood of MAP solution  =    776.70

 MAP BIC  (using likelihood)    =  -1204.48
 MAP AIC  (using likelihood)    =  -1457.39
 MAP AICc (using likelihood)    =  -1454.00

 AICc suggested over AIC because NDATA ( 1435 ) < 40 * NDIM ( 48 )

****************************************************************************************************


Computing the autocorrelation time of the chains

***** WARNING ******
The integrated autocorrelation time cannot be reliably estimated
likely the chains are too short, and ACF analysis is not fully reliable
emcee.autocorr.integrated_time tolerance lowered to 20
If you still get a warning, you should drop these results entirely
Chains too short to apply convergence criteria
They should be at least 3150*nthin = 315000

 ACF computation failed, no plot will be generated 


====================================================================================================
     Ids, spaces (s), boundaries (b) and priors (p) of the sampler parameters     
====================================================================================================

----- dataset:  RVdata
jitter_0      id:  13  s:Linear      b:[      0.0009,      13.3000]   p:Uniform   []
offset_0      id:  14  s:Linear      b:[  -9995.9140,   10015.5990]   p:Uniform   []
offset_1      id:  15  s:Linear      b:[  -9995.9140,   10015.5990]   p:Uniform   []
offset_2      id:  16  s:Linear      b:[  -9995.9140,   10015.5990]   p:Uniform   []
offset_3      id:  17  s:Linear      b:[  -9995.9140,   10015.5990]   p:Uniform   []

----- dataset: RVdata                    ----- model: gp_multidimensional           
rot_amp       id:  18  s:Linear      b:[      0.0000,      10.0000]   p:Uniform   []
con_amp       id:  19  s:Linear      b:[    -20.0000,      20.0000]   p:Uniform   []

----- dataset:  BISdata
jitter_0      id:  20  s:Linear      b:[      0.0095,      95.0000]   p:Uniform   []
offset_0      id:  21  s:Linear      b:[ -10078.4667,    9962.7167]   p:Uniform   []
offset_1      id:  22  s:Linear      b:[ -10078.4667,    9962.7167]   p:Uniform   []
offset_2      id:  23  s:Linear      b:[ -10078.4667,    9962.7167]   p:Uniform   []
offset_3      id:  24  s:Linear      b:[ -10078.4667,    9962.7167]   p:Uniform   []

----- dataset: BISdata                   ----- model: gp_multidimensional           
rot_amp       id:  25  s:Linear      b:[    -10.0000,      10.0000]   p:Uniform   []
con_amp       id:  26  s:Linear      b:[    -20.0000,      20.0000]   p:Uniform   []

----- dataset:  FWHMdata
jitter_0      id:  27  s:Linear      b:[      0.1043,    1733.9303]   p:Uniform   []
offset_0      id:  28  s:Linear      b:[  -3316.4638,   16948.3677]   p:Uniform   []
offset_1      id:  29  s:Linear      b:[  -3316.4638,   16948.3677]   p:Uniform   []
offset_2      id:  30  s:Linear      b:[  -3316.4638,   16948.3677]   p:Uniform   []
offset_3      id:  31  s:Linear      b:[  -3316.4638,   16948.3677]   p:Uniform   []

----- dataset: FWHMdata                  ----- model: gp_multidimensional           
rot_amp       id:  32  s:Linear      b:[    -10.0000,      10.0000]   p:Uniform   []
con_amp       id:  33  s:Linear      b:[    -20.0000,      20.0000]   p:Uniform   []

----- dataset:  CaIIdata
jitter_0      id:  34  s:Linear      b:[      0.0000,       0.3000]   p:Uniform   []
offset_0      id:  35  s:Linear      b:[  -9999.9063,   10000.1099]   p:Uniform   []
offset_1      id:  36  s:Linear      b:[  -9999.9063,   10000.1099]   p:Uniform   []
offset_2      id:  37  s:Linear      b:[  -9999.9063,   10000.1099]   p:Uniform   []
offset_3      id:  38  s:Linear      b:[  -9999.9063,   10000.1099]   p:Uniform   []

----- dataset: CaIIdata                  ----- model: gp_multidimensional           
rot_amp       id:  39  s:Linear      b:[    -10.0000,      10.0000]   p:Uniform   []
con_amp       id:  40  s:Linear      b:[    -20.0000,      20.0000]   p:Uniform   []

----- dataset:  Halphadata
jitter_0      id:  41  s:Linear      b:[      0.0000,       0.1000]   p:Uniform   []
offset_0      id:  42  s:Linear      b:[  -9999.8298,   10000.1791]   p:Uniform   []
offset_1      id:  43  s:Linear      b:[  -9999.8298,   10000.1791]   p:Uniform   []
offset_2      id:  44  s:Linear      b:[  -9999.8298,   10000.1791]   p:Uniform   []
offset_3      id:  45  s:Linear      b:[  -9999.8298,   10000.1791]   p:Uniform   []

----- dataset: Halphadata                ----- model: gp_multidimensional           
rot_amp       id:  46  s:Linear      b:[    -10.0000,      10.0000]   p:Uniform   []
con_amp       id:  47  s:Linear      b:[    -20.0000,      20.0000]   p:Uniform   []

----- common model:  b
P             id:   0  s:Log_Base2   b:[      0.3785,       6.6439]   p:Uniform   []
K             id:   1  s:Log_Base2   b:[     -9.9658,       3.3219]   p:Uniform   []
sre_coso      id:   2  s:Linear      b:[     -1.0000,       1.0000]   p:Uniform   []
sre_sino      id:   3  s:Linear      b:[     -1.0000,       1.0000]   p:Uniform   []
mean_long     id:   4  s:Linear      b:[     18.7877,     378.7877]   p:Uniform   []
e             derived (no id, space, bound)                           p:Gaussian   [0.    0.098]
omega         derived (no id, space, bound)                           p:Uniform   [0.0, 360.0]

----- common model:  c
P             id:   5  s:Log_Base2   b:[      0.3785,       6.6439]   p:Uniform   []
K             id:   6  s:Log_Base2   b:[     -9.9658,       3.3219]   p:Uniform   []
sre_coso      id:   7  s:Linear      b:[     -1.0000,       1.0000]   p:Uniform   []
sre_sino      id:   8  s:Linear      b:[     -1.0000,       1.0000]   p:Uniform   []
mean_long     id:   9  s:Linear      b:[     47.7230,     407.7230]   p:Uniform   []
e             derived (no id, space, bound)                           p:Gaussian   [0.    0.098]
omega         derived (no id, space, bound)                           p:Uniform   [0.0, 360.0]

----- common model:  activity
Prot          id:  10  s:Linear      b:[     20.0000,      35.0000]   p:Gaussian   [28.   0.5]
Pdec          id:  11  s:Linear      b:[     30.0000,    1000.0000]   p:Uniform   []
Oamp          id:  12  s:Log_Base2   b:[     -6.6439,       0.0000]   p:Gaussian   [0.35  0.035]

----- common model:  star_parameters
mass          derived (no id, space, bound)                           p:Gaussian   [1.e+00 1.e-06]
radius        derived (no id, space, bound)                           p:Gaussian   [1.e+00 1.e-06]
density       derived (no id, space, bound)                           p:Gaussian   [1.e+00 1.e-06]


****************************************************************************************************
****************************************************************************************************

 Confidence intervals (median value, 34.135th percentile from the median on the left and right side)

====================================================================================================
     Statistics on the posterior of the sampler parameters     
====================================================================================================

----- dataset:  RVdata
jitter_0        13         1.282       -0.057        0.063   (15-84 p)   [    0.0009,    13.3000]
offset_0        14          10.2         -2.0          3.2   (15-84 p)   [-9995.9140, 10015.5990]
offset_1        15          12.5         -2.1          3.2   (15-84 p)   [-9995.9140, 10015.5990]
offset_2        16          11.6         -2.0          3.2   (15-84 p)   [-9995.9140, 10015.5990]
offset_3        17          11.2         -2.0          3.2   (15-84 p)   [-9995.9140, 10015.5990]

----- dataset: RVdata                    ----- model: gp_multidimensional           
rot_amp         18           5.1         -3.3          3.1   (15-84 p)   [    0.0000,    10.0000]
con_amp         19           4.5         -1.8          3.4   (15-84 p)   [  -20.0000,    20.0000]

----- dataset:  BISdata
jitter_0        20         1.893       -0.098         0.10   (15-84 p)   [    0.0095,    95.0000]
offset_0        21        -73.17        -0.73          1.2   (15-84 p)   [-10078.4667,  9962.7167]
offset_1        22        -43.17        -0.90          1.2   (15-84 p)   [-10078.4667,  9962.7167]
offset_2        23        -51.51        -0.76          1.2   (15-84 p)   [-10078.4667,  9962.7167]
offset_3        24        -59.09        -0.75          1.2   (15-84 p)   [-10078.4667,  9962.7167]

----- dataset: BISdata                   ----- model: gp_multidimensional           
rot_amp         25          -0.3         -2.1          1.8   (15-84 p)   [  -10.0000,    10.0000]
con_amp         26          1.62        -0.81          1.3   (15-84 p)   [  -20.0000,    20.0000]

----- dataset:  FWHMdata
jitter_0        27          0.67        -0.40         0.63   (15-84 p)   [    0.1043,  1733.9303]
offset_0        28        6692.5         -4.9          3.3   (15-84 p)   [-3316.4638, 16948.3677]
offset_1        29        6941.7         -5.2          4.0   (15-84 p)   [-3316.4638, 16948.3677]
offset_2        30        6856.6         -4.8          3.1   (15-84 p)   [-3316.4638, 16948.3677]
offset_3        31        6895.9         -5.0          3.5   (15-84 p)   [-3316.4638, 16948.3677]

----- dataset: FWHMdata                  ----- model: gp_multidimensional           
rot_amp         32           1.1         -6.2          5.6   (15-84 p)   [  -10.0000,    10.0000]
con_amp         33          -6.3         -5.2          4.2   (15-84 p)   [  -20.0000,    20.0000]

----- dataset:  CaIIdata
jitter_0        34       0.00027     -0.00017      0.00026   (15-84 p)   [    0.0000,     0.3000]
offset_0        35       0.10078     -0.00056      0.00076   (15-84 p)   [-9999.9063, 10000.1099]
offset_1        36       0.10430     -0.00086       0.0010   (15-84 p)   [-9999.9063, 10000.1099]
offset_2        37       0.10389     -0.00059      0.00082   (15-84 p)   [-9999.9063, 10000.1099]
offset_3        38       0.09962     -0.00058      0.00081   (15-84 p)   [-9999.9063, 10000.1099]

----- dataset: CaIIdata                  ----- model: gp_multidimensional           
rot_amp         39        0.0019      -0.0022       0.0028   (15-84 p)   [  -10.0000,    10.0000]
con_amp         40       0.00056     -0.00099       0.0012   (15-84 p)   [  -20.0000,    20.0000]

----- dataset:  Halphadata
jitter_0        41      0.000064    -0.000038     0.000061   (15-84 p)   [    0.0000,     0.1000]
offset_0        42       0.17204     -0.00019      0.00019   (15-84 p)   [-9999.8298, 10000.1791]
offset_1        43       0.17411     -0.00028      0.00028   (15-84 p)   [-9999.8298, 10000.1791]
offset_2        44       0.17501     -0.00020      0.00020   (15-84 p)   [-9999.8298, 10000.1791]
offset_3        45       0.17107     -0.00020      0.00020   (15-84 p)   [-9999.8298, 10000.1791]

----- dataset: Halphadata                ----- model: gp_multidimensional           
rot_amp         46       0.00035     -0.00070      0.00085   (15-84 p)   [  -10.0000,    10.0000]
con_amp         47       0.00001     -0.00031      0.00032   (15-84 p)   [  -20.0000,    20.0000]

----- common model:  b
P                0        1.5435      -0.0014       0.0014   (15-84 p)   [    0.3785,     6.6439]
K                1         1.198       -0.092        0.087   (15-84 p)   [   -9.9658,     3.3219]
sre_coso         2         -0.13        -0.13         0.17   (15-84 p)   [   -1.0000,     1.0000]
sre_sino         3          0.02        -0.16         0.15   (15-84 p)   [   -1.0000,     1.0000]
mean_long        4         199.4         -6.6          6.5   (15-84 p)   [   18.7877,   378.7877]

----- common model:  c
P                5        1.0372      -0.0044       0.0044   (15-84 p)   [    0.3785,     6.6439]
K                6         -0.91        -0.56         0.37   (15-84 p)   [   -9.9658,     3.3219]
sre_coso         7         -0.02        -0.23         0.23   (15-84 p)   [   -1.0000,     1.0000]
sre_sino         8          0.16        -0.26         0.21   (15-84 p)   [   -1.0000,     1.0000]
mean_long        9           236          -31           33   (15-84 p)   [   47.7230,   407.7230]

----- common model:  activity
Prot            10         27.14        -0.41         0.54   (15-84 p)   [   20.0000,    35.0000]
Pdec            11            79          -19           68   (15-84 p)   [   30.0000,  1000.0000]
Oamp            12         -1.39        -0.14         0.13   (15-84 p)   [   -6.6439,     0.0000]

----- common model:  star_parameters

====================================================================================================
     Statistics on the model parameters obtained from the posteriors samples     
====================================================================================================

----- dataset:  RVdata
jitter_0                 1.282       -0.057        0.063    (15-84 p)
offset_0                  10.2         -2.0          3.2    (15-84 p)
offset_1                  12.5         -2.1          3.2    (15-84 p)
offset_2                  11.6         -2.0          3.2    (15-84 p)
offset_3                  11.2         -2.0          3.2    (15-84 p)


----- dataset: RVdata                    ----- model: gp_multidimensional           
rot_amp                    5.1         -3.3          3.1    (15-84 p)
con_amp                    4.5         -1.8          3.4    (15-84 p)

----- dataset:  BISdata
jitter_0                 1.893       -0.098         0.10    (15-84 p)
offset_0                -73.17        -0.73          1.2    (15-84 p)
offset_1                -43.17        -0.90          1.2    (15-84 p)
offset_2                -51.51        -0.76          1.2    (15-84 p)
offset_3                -59.09        -0.75          1.2    (15-84 p)


----- dataset: BISdata                   ----- model: gp_multidimensional           
rot_amp                   -0.3         -2.1          1.8    (15-84 p)
con_amp                   1.62        -0.81          1.3    (15-84 p)

----- dataset:  FWHMdata
jitter_0                  0.67        -0.40         0.63    (15-84 p)
offset_0                6692.5         -4.9          3.3    (15-84 p)
offset_1                6941.7         -5.2          4.0    (15-84 p)
offset_2                6856.6         -4.8          3.1    (15-84 p)
offset_3                6895.9         -5.0          3.5    (15-84 p)


----- dataset: FWHMdata                  ----- model: gp_multidimensional           
rot_amp                    1.1         -6.2          5.6    (15-84 p)
con_amp                   -6.3         -5.2          4.2    (15-84 p)

----- dataset:  CaIIdata
jitter_0               0.00027     -0.00017      0.00026    (15-84 p)
offset_0               0.10078     -0.00056      0.00076    (15-84 p)
offset_1               0.10430     -0.00086       0.0010    (15-84 p)
offset_2               0.10389     -0.00059      0.00082    (15-84 p)
offset_3               0.09962     -0.00058      0.00081    (15-84 p)


----- dataset: CaIIdata                  ----- model: gp_multidimensional           
rot_amp                 0.0019      -0.0022       0.0028    (15-84 p)
con_amp                0.00056     -0.00099       0.0012    (15-84 p)

----- dataset:  Halphadata
jitter_0              0.000064    -0.000038     0.000061    (15-84 p)
offset_0               0.17204     -0.00019      0.00019    (15-84 p)
offset_1               0.17411     -0.00028      0.00028    (15-84 p)
offset_2               0.17501     -0.00020      0.00020    (15-84 p)
offset_3               0.17107     -0.00020      0.00020    (15-84 p)


----- dataset: Halphadata                ----- model: gp_multidimensional           
rot_amp                0.00035     -0.00070      0.00085    (15-84 p)
con_amp                0.00001     -0.00031      0.00032    (15-84 p)

----- common model:  b
P                       2.9150      -0.0029       0.0029    (15-84 p)
K                         2.29        -0.14         0.14    (15-84 p)
mean_long                199.4         -6.6          6.5    (15-84 p)
e                        0.046       -0.032        0.045    (15-84 p)
omega                      166          -81           63    (15-84 p)

----- common model:  c
P                       2.0522      -0.0063       0.0063    (15-84 p)
K                         0.53        -0.17         0.16    (15-84 p)
mean_long                  236          -31           33    (15-84 p)
e                        0.098       -0.068        0.098    (15-84 p)
omega                       96          -82           82    (15-84 p)

----- common model:  activity
Prot                     27.14        -0.41         0.54    (15-84 p)
Pdec                        79          -19           68    (15-84 p)
Oamp                     0.381       -0.036        0.036    (15-84 p)

----- common model:  star_parameters

====================================================================================================
     Statistics on the derived parameters obtained from the posteriors samples     
====================================================================================================

----- common model:  b
Inclination fixed to 90 deg!
Computing planetary mass under the approximation M_planet << M_star (threshold at 30.0 Me)
a_Rs                    8.5837      -0.0056       0.0057    (15-84 p)
M_Mj                   0.01609     -0.00099      0.00100    (15-84 p)
M_Me                      5.12        -0.31         0.32    (15-84 p)
Tc                   59336.756       -0.061        0.064    (15-84 p)
a_AU_(M)              0.039936    -0.000026     0.000027    (15-84 p)
a_AU_(rho,R)          0.039935    -0.000026     0.000027    (15-84 p)

----- common model:  c
Inclination fixed to 90 deg!
Computing planetary mass under the approximation M_planet << M_star (threshold at 30.0 Me)
a_Rs                     6.793       -0.014        0.014    (15-84 p)
M_Mj                   0.00330      -0.0010      0.00096    (15-84 p)
M_Me                      1.05        -0.33         0.31    (15-84 p)
Tc                    59335.93        -0.20         0.18    (15-84 p)
a_AU_(M)              0.031604    -0.000065     0.000064    (15-84 p)
a_AU_(rho,R)          0.031604    -0.000064     0.000064    (15-84 p)


====================================================================================================
     ------------------------------------------------------------------------------------------     
====================================================================================================



****************************************************************************************************

 Parameters corresponding to the Maximum a Posteriori probability ( 492.3642586874224 )

====================================================================================================
     Statistics on the posterior of the sampler parameters     
====================================================================================================

----- dataset:  RVdata
jitter_0        13      1.388683 [    0.0009,    13.3000]
offset_0        14      9.348476 [-9995.9140, 10015.5990]
offset_1        15     11.840111 [-9995.9140, 10015.5990]
offset_2        16     10.710843 [-9995.9140, 10015.5990]
offset_3        17     10.413891 [-9995.9140, 10015.5990]

----- dataset: RVdata                    ----- model: gp_multidimensional           
rot_amp         18      2.914011 [    0.0000,    10.0000]
con_amp         19      1.481140 [  -20.0000,    20.0000]

----- dataset:  BISdata
jitter_0        20      1.860039 [    0.0095,    95.0000]
offset_0        21    -73.365033 [-10078.4667,  9962.7167]
offset_1        22    -43.279117 [-10078.4667,  9962.7167]
offset_2        23    -51.796100 [-10078.4667,  9962.7167]
offset_3        24    -58.930756 [-10078.4667,  9962.7167]

----- dataset: BISdata                   ----- model: gp_multidimensional           
rot_amp         25      0.630575 [  -10.0000,    10.0000]
con_amp         26      0.703703 [  -20.0000,    20.0000]

----- dataset:  FWHMdata
jitter_0        27      0.351267 [    0.1043,  1733.9303]
offset_0        28   6692.250958 [-3316.4638, 16948.3677]
offset_1        29   6942.622770 [-3316.4638, 16948.3677]
offset_2        30   6857.241761 [-3316.4638, 16948.3677]
offset_3        31   6895.863118 [-3316.4638, 16948.3677]

----- dataset: FWHMdata                  ----- model: gp_multidimensional           
rot_amp         32      0.296636 [  -10.0000,    10.0000]
con_amp         33     -2.413724 [  -20.0000,    20.0000]

----- dataset:  CaIIdata
jitter_0        34      0.000213 [    0.0000,     0.3000]
offset_0        35      0.100394 [-9999.9063, 10000.1099]
offset_1        36      0.103800 [-9999.9063, 10000.1099]
offset_2        37      0.103727 [-9999.9063, 10000.1099]
offset_3        38      0.099343 [-9999.9063, 10000.1099]

----- dataset: CaIIdata                  ----- model: gp_multidimensional           
rot_amp         39      0.000310 [  -10.0000,    10.0000]
con_amp         40      0.000088 [  -20.0000,    20.0000]

----- dataset:  Halphadata
jitter_0        41      0.000017 [    0.0000,     0.1000]
offset_0        42      0.171923 [-9999.8298, 10000.1791]
offset_1        43      0.174046 [-9999.8298, 10000.1791]
offset_2        44      0.174886 [-9999.8298, 10000.1791]
offset_3        45      0.170886 [-9999.8298, 10000.1791]

----- dataset: Halphadata                ----- model: gp_multidimensional           
rot_amp         46      0.000310 [  -10.0000,    10.0000]
con_amp         47     -0.000085 [  -20.0000,    20.0000]

----- common model:  b
P                0      1.543773 [    0.3785,     6.6439]
K                1      1.227891 [   -9.9658,     3.3219]
sre_coso         2     -0.149254 [   -1.0000,     1.0000]
sre_sino         3      0.137829 [   -1.0000,     1.0000]
mean_long        4    199.933191 [   18.7877,   378.7877]

----- common model:  c
P                5      1.035182 [    0.3785,     6.6439]
K                6     -0.410367 [   -9.9658,     3.3219]
sre_coso         7     -0.019868 [   -1.0000,     1.0000]
sre_sino         8      0.433089 [   -1.0000,     1.0000]
mean_long        9    209.038056 [   47.7230,   407.7230]

----- common model:  activity
Prot            10     27.213065 [   20.0000,    35.0000]
Pdec            11     62.543162 [   30.0000,  1000.0000]
Oamp            12     -1.539261 [   -6.6439,     0.0000]

----- common model:  star_parameters

====================================================================================================
     Statistics on the model parameters obtained from the posteriors samples     
====================================================================================================

----- dataset:  RVdata
jitter_0              1.388683 
offset_0              9.348476 
offset_1             11.840111 
offset_2             10.710843 
offset_3             10.413891 


----- dataset: RVdata                    ----- model: gp_multidimensional           
rot_amp               2.914011 
con_amp               1.481140 

----- dataset:  BISdata
jitter_0              1.860039 
offset_0            -73.365033 
offset_1            -43.279117 
offset_2            -51.796100 
offset_3            -58.930756 


----- dataset: BISdata                   ----- model: gp_multidimensional           
rot_amp               0.630575 
con_amp               0.703703 

----- dataset:  FWHMdata
jitter_0              0.351267 
offset_0           6692.250958 
offset_1           6942.622770 
offset_2           6857.241761 
offset_3           6895.863118 


----- dataset: FWHMdata                  ----- model: gp_multidimensional           
rot_amp               0.296636 
con_amp              -2.413724 

----- dataset:  CaIIdata
jitter_0              0.000213 
offset_0              0.100394 
offset_1              0.103800 
offset_2              0.103727 
offset_3              0.099343 


----- dataset: CaIIdata                  ----- model: gp_multidimensional           
rot_amp               0.000310 
con_amp               0.000088 

----- dataset:  Halphadata
jitter_0              0.000017 
offset_0              0.171923 
offset_1              0.174046 
offset_2              0.174886 
offset_3              0.170886 


----- dataset: Halphadata                ----- model: gp_multidimensional           
rot_amp               0.000310 
con_amp              -0.000085 

----- common model:  b
P                     2.915560 
K                     2.342244 
mean_long           199.933191 
e                     0.041274 
omega               137.279134 

----- common model:  c
P                     2.049372 
K                     0.752432 
mean_long           209.038056 
e                     0.187961 
omega                92.626563 

----- common model:  activity
Prot                 27.213065 
Pdec                 62.543162 
Oamp                  0.344062 

----- common model:  star_parameters

====================================================================================================
     Statistics on the derived parameters obtained from the posteriors samples     
====================================================================================================

----- common model:  b
Inclination fixed to 90 deg!
a_Rs                  8.584820 
M_Mj                  0.016447 
M_Me                  5.228247 
Tc                59336.752976 
a_AU_(M)              0.039941 
a_AU_(rho,R)          0.039941 

----- common model:  c
Inclination fixed to 90 deg!
a_Rs                  6.786772 
M_Mj                  0.004618 
M_Me                  1.467958 
Tc                59336.076821 
a_AU_(M)              0.031575 
a_AU_(rho,R)          0.031575 


====================================================================================================
     ------------------------------------------------------------------------------------------     
====================================================================================================



****************************************************************************************************

 Parameters corresponding to the sample closest to the median values ( 487.2144619336059 )

====================================================================================================
     Statistics on the posterior of the sampler parameters     
====================================================================================================

----- dataset:  RVdata
jitter_0        13      1.281068 [    0.0009,    13.3000]
offset_0        14      9.971680 [-9995.9140, 10015.5990]
offset_1        15     12.409290 [-9995.9140, 10015.5990]
offset_2        16     11.527603 [-9995.9140, 10015.5990]
offset_3        17     10.924939 [-9995.9140, 10015.5990]

----- dataset: RVdata                    ----- model: gp_multidimensional           
rot_amp         18      4.212307 [    0.0000,    10.0000]
con_amp         19      3.298485 [  -20.0000,    20.0000]

----- dataset:  BISdata
jitter_0        20      1.841527 [    0.0095,    95.0000]
offset_0        21    -73.305401 [-10078.4667,  9962.7167]
offset_1        22    -42.694449 [-10078.4667,  9962.7167]
offset_2        23    -51.267535 [-10078.4667,  9962.7167]
offset_3        24    -59.012089 [-10078.4667,  9962.7167]

----- dataset: BISdata                   ----- model: gp_multidimensional           
rot_amp         25     -0.732058 [  -10.0000,    10.0000]
con_amp         26      1.435580 [  -20.0000,    20.0000]

----- dataset:  FWHMdata
jitter_0        27      1.031428 [    0.1043,  1733.9303]
offset_0        28   6692.102157 [-3316.4638, 16948.3677]
offset_1        29   6938.751103 [-3316.4638, 16948.3677]
offset_2        30   6854.754711 [-3316.4638, 16948.3677]
offset_3        31   6895.081315 [-3316.4638, 16948.3677]

----- dataset: FWHMdata                  ----- model: gp_multidimensional           
rot_amp         32      0.572886 [  -10.0000,    10.0000]
con_amp         33     -7.611601 [  -20.0000,    20.0000]

----- dataset:  CaIIdata
jitter_0        34      0.000082 [    0.0000,     0.3000]
offset_0        35      0.101371 [-9999.9063, 10000.1099]
offset_1        36      0.105207 [-9999.9063, 10000.1099]
offset_2        37      0.103779 [-9999.9063, 10000.1099]
offset_3        38      0.100032 [-9999.9063, 10000.1099]

----- dataset: CaIIdata                  ----- model: gp_multidimensional           
rot_amp         39      0.001225 [  -10.0000,    10.0000]
con_amp         40      0.001225 [  -20.0000,    20.0000]

----- dataset:  Halphadata
jitter_0        41      0.000067 [    0.0000,     0.1000]
offset_0        42      0.172083 [-9999.8298, 10000.1791]
offset_1        43      0.174340 [-9999.8298, 10000.1791]
offset_2        44      0.174899 [-9999.8298, 10000.1791]
offset_3        45      0.170947 [-9999.8298, 10000.1791]

----- dataset: Halphadata                ----- model: gp_multidimensional           
rot_amp         46      0.000205 [  -10.0000,    10.0000]
con_amp         47     -0.000037 [  -20.0000,    20.0000]

----- common model:  b
P                0      1.543549 [    0.3785,     6.6439]
K                1      1.256402 [   -9.9658,     3.3219]
sre_coso         2     -0.131151 [   -1.0000,     1.0000]
sre_sino         3     -0.049866 [   -1.0000,     1.0000]
mean_long        4    197.403692 [   18.7877,   378.7877]

----- common model:  c
P                5      1.041046 [    0.3785,     6.6439]
K                6     -0.920895 [   -9.9658,     3.3219]
sre_coso         7     -0.004243 [   -1.0000,     1.0000]
sre_sino         8      0.183675 [   -1.0000,     1.0000]
mean_long        9    278.546013 [   47.7230,   407.7230]

----- common model:  activity
Prot            10     27.186152 [   20.0000,    35.0000]
Pdec            11     59.571673 [   30.0000,  1000.0000]
Oamp            12     -1.519496 [   -6.6439,     0.0000]

----- common model:  star_parameters

====================================================================================================
     Statistics on the model parameters obtained from the posteriors samples     
====================================================================================================

----- dataset:  RVdata
jitter_0              1.281068 
offset_0              9.971680 
offset_1             12.409290 
offset_2             11.527603 
offset_3             10.924939 


----- dataset: RVdata                    ----- model: gp_multidimensional           
rot_amp               4.212307 
con_amp               3.298485 

----- dataset:  BISdata
jitter_0              1.841527 
offset_0            -73.305401 
offset_1            -42.694449 
offset_2            -51.267535 
offset_3            -59.012089 


----- dataset: BISdata                   ----- model: gp_multidimensional           
rot_amp              -0.732058 
con_amp               1.435580 

----- dataset:  FWHMdata
jitter_0              1.031428 
offset_0           6692.102157 
offset_1           6938.751103 
offset_2           6854.754711 
offset_3           6895.081315 


----- dataset: FWHMdata                  ----- model: gp_multidimensional           
rot_amp               0.572886 
con_amp              -7.611601 

----- dataset:  CaIIdata
jitter_0              0.000082 
offset_0              0.101371 
offset_1              0.105207 
offset_2              0.103779 
offset_3              0.100032 


----- dataset: CaIIdata                  ----- model: gp_multidimensional           
rot_amp               0.001225 
con_amp               0.001225 

----- dataset:  Halphadata
jitter_0              0.000067 
offset_0              0.172083 
offset_1              0.174340 
offset_2              0.174899 
offset_3              0.170947 


----- dataset: Halphadata                ----- model: gp_multidimensional           
rot_amp               0.000205 
con_amp              -0.000037 

----- common model:  b
P                     2.915108 
K                     2.388992 
mean_long           197.403692 
e                     0.019687 
omega              -159.182443 

----- common model:  c
P                     2.057720 
K                     0.528181 
mean_long           278.546013 
e                     0.033755 
omega                91.323256 

----- common model:  activity
Prot                 27.186152 
Pdec                 59.571673 
Oamp                  0.348808 

----- common model:  star_parameters

====================================================================================================
     Statistics on the derived parameters obtained from the posteriors samples     
====================================================================================================

----- common model:  b
Inclination fixed to 90 deg!
a_Rs                  8.583923 
M_Mj                  0.016785 
M_Me                  5.335835 
Tc                59336.762753 
a_AU_(M)              0.039937 
a_AU_(rho,R)          0.039936 

----- common model:  c
Inclination fixed to 90 deg!
a_Rs                  6.805193 
M_Mj                  0.003303 
M_Me                  1.049980 
Tc                59335.680694 
a_AU_(M)              0.031661 
a_AU_(rho,R)          0.031661 


====================================================================================================
     ------------------------------------------------------------------------------------------     
====================================================================================================



****************************************************************************************************

Inclination fixed to 90 deg!
Inclination fixed to 90 deg!
Note: stellar density derived from stellar mass and radius

Inclination fixed to 90 deg!
Inclination fixed to 90 deg!
Inclination fixed to 90 deg!
Inclination fixed to 90 deg!
 Plot FLAT chain 

****************************************************************************************************

Plotting full_correlation plot with pygtc

****************************************************************************************************

 Plotting the chains... 

****************************************************************************************************

 Plotting the Gelman-Rubin traces... 

     Gelman-Rubin:    13     1.022713 RVdata_jitter_0 
     Gelman-Rubin:    14     1.098636 RVdata_offset_0 
     Gelman-Rubin:    15     1.098144 RVdata_offset_1 
     Gelman-Rubin:    16     1.098813 RVdata_offset_2 
     Gelman-Rubin:    17     1.099568 RVdata_offset_3 
     Gelman-Rubin:    18     1.026247 RVdata_gp_multidimensional_rot_amp 
     Gelman-Rubin:    19     1.120049 RVdata_gp_multidimensional_con_amp 
     Gelman-Rubin:    20     1.015470 BISdata_jitter_0 
     Gelman-Rubin:    21     1.091225 BISdata_offset_0 
     Gelman-Rubin:    22     1.076587 BISdata_offset_1 
     Gelman-Rubin:    23     1.089904 BISdata_offset_2 
     Gelman-Rubin:    24     1.088535 BISdata_offset_3 
     Gelman-Rubin:    25     1.031258 BISdata_gp_multidimensional_rot_amp 
     Gelman-Rubin:    26     1.096503 BISdata_gp_multidimensional_con_amp 
     Gelman-Rubin:    27     1.022587 FWHMdata_jitter_0 
     Gelman-Rubin:    28     1.063796 FWHMdata_offset_0 
     Gelman-Rubin:    29     1.051035 FWHMdata_offset_1 
     Gelman-Rubin:    30     1.064584 FWHMdata_offset_2 
     Gelman-Rubin:    31     1.061124 FWHMdata_offset_3 
     Gelman-Rubin:    32     1.022569 FWHMdata_gp_multidimensional_rot_amp 
     Gelman-Rubin:    33     1.052759 FWHMdata_gp_multidimensional_con_amp 
     Gelman-Rubin:    34     1.023554 CaIIdata_jitter_0 
     Gelman-Rubin:    35     1.071452 CaIIdata_offset_0 
     Gelman-Rubin:    36     1.053036 CaIIdata_offset_1 
     Gelman-Rubin:    37     1.064621 CaIIdata_offset_2 
     Gelman-Rubin:    38     1.066259 CaIIdata_offset_3 
     Gelman-Rubin:    39     1.053026 CaIIdata_gp_multidimensional_rot_amp 
     Gelman-Rubin:    40     1.059833 CaIIdata_gp_multidimensional_con_amp 
     Gelman-Rubin:    41     1.020090 Halphadata_jitter_0 
     Gelman-Rubin:    42     1.057591 Halphadata_offset_0 
     Gelman-Rubin:    43     1.046208 Halphadata_offset_1 
     Gelman-Rubin:    44     1.063506 Halphadata_offset_2 
     Gelman-Rubin:    45     1.060698 Halphadata_offset_3 
     Gelman-Rubin:    46     1.034795 Halphadata_gp_multidimensional_rot_amp 
     Gelman-Rubin:    47     1.058906 Halphadata_gp_multidimensional_con_amp 
     Gelman-Rubin:     0     1.020237 b_P 
     Gelman-Rubin:     1     1.018102 b_K 
     Gelman-Rubin:     2     1.020261 b_sre_coso 
     Gelman-Rubin:     3     1.017433 b_sre_sino 
     Gelman-Rubin:     4     1.021671 b_mean_long 
     Gelman-Rubin:     5     1.074645 c_P 
     Gelman-Rubin:     6     1.088991 c_K 
     Gelman-Rubin:     7     1.017916 c_sre_coso 
     Gelman-Rubin:     8     1.026184 c_sre_sino 
     Gelman-Rubin:     9     1.045692 c_mean_long 
     Gelman-Rubin:    10     1.021955 activity_Prot 
     Gelman-Rubin:    11     1.108440 activity_Pdec 
     Gelman-Rubin:    12     1.019679 activity_Oamp 

****************************************************************************************************

Plotting the common models corner plots
     Common model:  b
     Common model:  c
     Common model:  activity
     Common model:  star_parameters

****************************************************************************************************

Plotting the dataset + models corner plots 

     Dataset:  RVdata     model:  gp_multidimensional  corner plot  starting 
     Dataset:  RVdata     model:  gp_multidimensional  corner plot  done 
     Dataset:  RVdata     model:  radial_velocities_b  corner plot  starting 
     Dataset:  RVdata     model:  radial_velocities_b  corner plot  done 
     Dataset:  RVdata     model:  radial_velocities_c  corner plot  starting 
     Dataset:  RVdata     model:  radial_velocities_c  corner plot  done 
     Dataset:  BISdata     model:  gp_multidimensional  corner plot  starting 
     Dataset:  BISdata     model:  gp_multidimensional  corner plot  done 
     Dataset:  FWHMdata     model:  gp_multidimensional  corner plot  starting 
     Dataset:  FWHMdata     model:  gp_multidimensional  corner plot  done 
     Dataset:  CaIIdata     model:  gp_multidimensional  corner plot  starting 
     Dataset:  CaIIdata     model:  gp_multidimensional  corner plot  done 
     Dataset:  Halphadata     model:  gp_multidimensional  corner plot  starting 
     Dataset:  Halphadata     model:  gp_multidimensional  corner plot  done 

****************************************************************************************************

 Saving the planet parameter samplings to files (with plots)

****************************************************************************************************

 Saving all the parameter samplings to files (with plots)

****************************************************************************************************

 Computing the models for plot/data writing 
     Splitting the plot array to allow GP prediction of extended datasets, it may take a while...
     # 58 chunks of 100 times each
     Check the documentation if the code is taking too long or if it crashes...
     Splitting the plot array to allow GP prediction of extended datasets, it may take a while...
     # 35 chunks of 100 times each
     Check the documentation if the code is taking too long or if it crashes...
     Splitting the plot array to allow GP prediction of extended datasets, it may take a while...
     # 35 chunks of 100 times each
     Check the documentation if the code is taking too long or if it crashes...
     Splitting the plot array to allow GP prediction of extended datasets, it may take a while...
     # 35 chunks of 100 times each
     Check the documentation if the code is taking too long or if it crashes...
     Splitting the plot array to allow GP prediction of extended datasets, it may take a while...
     # 35 chunks of 100 times each
     Check the documentation if the code is taking too long or if it crashes...
     Splitting the plot array to allow GP prediction of extended datasets, it may take a while...
     # 58 chunks of 100 times each
     Check the documentation if the code is taking too long or if it crashes...
     Splitting the plot array to allow GP prediction of extended datasets, it may take a while...
     # 35 chunks of 100 times each
     Check the documentation if the code is taking too long or if it crashes...
     Splitting the plot array to allow GP prediction of extended datasets, it may take a while...
     # 35 chunks of 100 times each
     Check the documentation if the code is taking too long or if it crashes...
     Splitting the plot array to allow GP prediction of extended datasets, it may take a while...
     # 35 chunks of 100 times each
     Check the documentation if the code is taking too long or if it crashes...
     Splitting the plot array to allow GP prediction of extended datasets, it may take a while...
     # 35 chunks of 100 times each
     Check the documentation if the code is taking too long or if it crashes...
     Splitting the plot array to allow GP prediction of extended datasets, it may take a while...
     # 58 chunks of 100 times each
     Check the documentation if the code is taking too long or if it crashes...
     Splitting the plot array to allow GP prediction of extended datasets, it may take a while...
     # 35 chunks of 100 times each
     Check the documentation if the code is taking too long or if it crashes...
     Splitting the plot array to allow GP prediction of extended datasets, it may take a while...
     # 35 chunks of 100 times each
     Check the documentation if the code is taking too long or if it crashes...
     Splitting the plot array to allow GP prediction of extended datasets, it may take a while...
     # 35 chunks of 100 times each
     Check the documentation if the code is taking too long or if it crashes...
     Splitting the plot array to allow GP prediction of extended datasets, it may take a while...
     # 35 chunks of 100 times each
     Check the documentation if the code is taking too long or if it crashes...
 Writing the plots 
 Writing the   data files 
 Writing the  MAP_ data files 
 Writing the  sampleMED_ data files 

****************************************************************************************************

