14.295703365520 
14.295481301208 
14.295361633023 
14.295331390840 
14.295696069550 
14.295504627010 
14.295521713224 
14.295535666591 
14.295791770601 
14.295636541132 
14.295509289362 
14.295448217176 
14.295404417386 
14.295383632294 
14.295408597035 
14.295442246155 
14.295388917775 
14.295216997443 
14.295214596962 
14.295185218630 
14.295185218630 
14.295844504686 
14.296013325194 
14.295784418382 
14.295575157023 
14.295587271555 
14.295896229938 
14.295283244302 
14.295180245884 
14.295206247110 
14.295095968627 
14.294940803244 
14.294649507224 
14.295749715729 
14.295888458100 
14.295846629918 
14.295879896540 
14.295767340480 
14.295575626656 
14.295598336584 
14.295583716306 
14.295752510762 
14.296015528609 
14.296292638215 
14.295896342799 
14.296018815872 
14.296329741660 
14.296618422410 
14.296315969671 
14.296368535968 
14.296912613417 
14.297019286348 
14.297624025677 
14.297624293206 
14.297085162750 
14.296973025577 
14.297336378388 
14.296986149319 
14.297719423483 
14.297278118278 
14.297632225539 
14.297106829241 
14.297912247825 
14.297346680719 
14.297061164216 
14.297827483231 
14.297898705861 
14.297591315619 
14.298181356148 
14.297051372198 
14.297298665997 
14.297035698667 
14.296644664245 
14.296523226402 
14.296912747071 
14.295941556554 
14.296099800325 
14.295007844440 
14.295117788750 
14.295268283959 
14.295832537022 
14.295902474139 
14.296104189742 
14.295896692004 
14.296603021699 
14.296419390210 
14.296104204874 
14.295473872444 
14.295691206566 
14.295893057043 
14.295902284536 
14.295863719454 
14.295830390552 
14.296530325869 
14.296349363445 
14.296388650188 
14.296553520333 
14.296450907712 
14.296243594998 
14.296322547281 
14.296622729420 
14.296394439645 
14.296589111314 
14.296422264133 
14.296340283562 
14.296271312650 
14.295920163917 
14.296379262052 
14.296722908911 
14.296819044454 
14.296415183878 
14.296814105326 
14.296188641818 
14.296053778853 
14.296211361632 
14.295569595942 
14.295455993232 
14.295455993232 
14.295552845604 
14.296067036819 
14.295611305581 
14.295917143747 
14.296100568581 
14.296030382235 
14.296253546811 
14.295967692059 
14.294830386397 
14.294836192840 
14.294899321471 
14.294577971861 
14.294590683905 
14.294063812663 
14.293549048809 
14.293664039621 
14.292869091473 
14.293828905441 
14.294631641275 
14.294593665780 
14.294178669529 
14.294084318414 
14.293874219627 
14.294360160582 
14.294107905442 
14.294232667498 
14.294627447902 
14.294671395950 
14.294668486145 
14.294670019797 
14.294670019797 
14.294277242082 
14.294334561278 
14.294549784443 
14.294694961835 
14.294997872473 
14.294972558639 
14.294899842947 
14.295156496876 
14.295104613994 
14.294877114941 
14.294830353162 
14.295100212583 
14.294792863978 
14.294759126755 
14.294748967359 
14.295269151364 
14.295638122547 
14.295239854248 
14.294752170888 
14.294316066636 
14.294446868192 
14.294528839979 
14.294615232232 
14.294773859778 
14.294817438015 
14.295026020463 
14.295128568906 
14.295361019617 
14.295195487211 
14.295145942505 
14.295175745863 
14.294599612258 
14.294197984258 
14.293918925178 
14.294268827305 
14.294309388124 
14.294309388124 
14.294393315202 
14.294713884249 
14.294487929997 
14.294577352325 
14.294111948998 
14.294587774606 
14.294594981886 
14.294697410495 
14.295012205854 
14.294928196283 
14.295067967724 
14.295262206984 
14.295183920737 
14.295235156738 
14.295298132086 
14.294953727257 
14.294903493853 
14.295252360001 
14.295193255320 
14.294663504360 
14.294589366888 
14.294677723762 
14.294822290761 
14.294872553610 
14.294921576731 
14.294921576731 
14.294898231920 
14.294898231920 
14.294847311800 
14.294574976862 
14.294808127649 
14.295043451333 
14.294951977148 
14.295022705070 
14.294242862446 
14.294170307959 
14.294000693309 
14.294042317324 
14.294066413396 
14.294065007634 
14.293255707924 
14.293559628813 
14.293488641696 
14.293961917735 
14.294941912246 
14.294679234169 
14.295211727234 
14.295286213082 
14.294838524022 
14.294935246852 
14.295494571840 
14.295760431953 
14.295511238814 
14.295562055474 
14.296022914615 
14.295160169459 
14.295518713394 
14.295483136653 
14.295354968145 
14.295490433781 
14.295071563154 
14.294710742818 
14.294395801671 
14.293957905059 
14.295301930911 
14.295659704830 
14.295647317385 
14.295684504346 
14.295895726364 
14.297231067537 
14.298086938648 
14.298157306283 
14.297945132876 
14.297274486800 
14.297489141476 
14.298161492059 
14.297066528502 
14.296690491246 
14.297256270276 
14.296240405870 
14.296489072251 
14.296256497587 
14.296332853100 
14.296116572670 
14.296022303250 
14.295995355182 
14.296074203575 
14.296074203575 
14.296079117702 
14.295900822616 
14.295900822616 
14.295967690920 
14.295461663079 
14.295274407935 
14.295274407935 
14.295428210599 
14.295242192560 
14.295434439567 
14.295241973154 
14.295589476129 
14.295563289635 
14.296052702035 
14.295905651964 
14.295619538577 
14.295853124229 
14.295292358865 
14.295263162175 
14.295327844427 
14.295269640084 
14.295242100633 
14.295286893942 
14.295656004588 
14.295708579204 
14.295530415240 
14.295839829281 
14.295894025362 
14.295642487979 
14.295779750707 
14.295715316229 
14.295542618570 
14.295371605642 
14.296027438510 
14.296044822326 
14.295914431839 
14.296393068273 
14.296317363327 
14.296519762214 
14.296488951045 
14.295900694932 
14.296101778055 
14.296327093664 
14.296103362931 
14.295692029427 
14.295515978906 
14.295209537628 
14.295110777946 
14.295054412523 
14.295034149507 
14.295068337069 
14.295139051923 
14.295019315112 
14.295079502097 
14.295099391736 
14.295258688848 
14.295514890559 
14.295627723278 
14.295658636995 
14.295825671687 
14.295790410402 
14.295901168267 
14.296270706522 
14.296270706522 
14.296114823219 
14.296672640454 
14.297396760201 
14.296585476001 
14.296186785352 
14.296736025385 
14.296615965881 
14.296098483787 
14.296361632337 
14.296374909099 
14.296337535641 
14.296126717113 
14.295861968266 
14.295902522270 
14.295357605122 
14.294712129573 
14.294232976568 
14.293674392373 
14.293840333822 
14.293764709406 
14.294003043825 
14.293898045653 
14.293898045653 
14.293898045653 
14.293701600304 
14.293742485598 
14.293726621009 
14.293614300488 
14.293395227179 
14.293698948469 
14.294065273518 
14.293624776605 
14.293409054420 
14.293621688759 
14.293453114230 
14.293271028545 
14.293675251750 
14.294619626048 
14.295596523723 
14.295528608042 
14.296111625409 
14.295975432964 
14.296268561870 
14.295959385559 
14.296247545757 
14.295974371715 
14.296218271570 
14.295902774132 
14.295208011511 
14.295208011511 
14.295395849482 
14.295674957719 
14.295757685667 
14.295844455464 
14.295816662109 
14.296229216867 
14.296218209331 
14.296313913931 
14.296369027889 
14.296245700939 
14.296200752177 
14.296286720233 
14.296247242284 
14.296379315253 
14.296571903551 
14.296217566749 
14.295647873797 
14.295580264550 
14.295175490390 
14.295098877861 
14.294753878773 
14.294690504538 
14.294677466467 
14.294937797600 
14.294947852060 
14.294844514621 
14.295588997999 
14.295692419737 
14.295637139738 
14.295921323617 
14.295752878339 
14.295870860803 
14.295734937053 
14.295711143720 
14.296141905102 
14.296387653442 
14.295716463716 
14.295839139074 
14.295980616976 
14.295723488936 
14.295881246840 
14.295813623097 
14.295500568789 
14.295621636032 
14.295490307994 
14.295597563713 
14.295409073553 
14.295451499526 
14.294876381601 
14.294882233933 
14.294578338477 
14.294730212438 
14.294765616713 
14.294847697289 
14.294847697289 
14.295217257561 
14.295259119849 
14.295482204605 
14.295386006172 
14.295426005965 
14.295427529198 
14.295433146817 
14.294506340408 
14.294536377673 
14.294534473381 
14.294635215369 
14.294684923868 
14.294696223689 
14.294551880948 
14.294593262595 
14.294199835406 
14.294500868667 
14.294549109967 
14.294544098551 
14.294474262494 
14.294200651044 
14.293715812987 
14.294136172882 
14.293974446676 
14.293967524927 
14.294175004627 
14.294664581724 
14.293850400988 
14.293696191161 
14.293323154674 
14.293376316218 
14.292526517134 
14.292585817344 
14.293489566682 
14.293564080347 
14.293790777521 
14.293681463341 
14.293785967869 
14.293690808093 
14.293974286852 
14.293714575207 
14.293643540510 
14.294008302334 
14.292862427512 
14.293136041848 
14.292537302237 
14.292552736068 
14.292404016599 
14.292410622567 
14.292358585651 
14.292276298967 
14.292674727075 
14.291696821615 
14.292302853160 
14.291900323262 
14.292050591063 
14.291732876197 
14.291300802845 
14.292366974427 
14.292006528764 
14.292067550002 
14.292165594257 
14.291380779077 
14.292755475617 
14.290873993398 
14.291809707146 
14.291854613209 
14.292253706035 
14.291379773181 
14.292402331288 
14.292056850429 
14.291791636455 
14.291973860580 
14.291520454131 
14.292385003290 
14.292194992656 
14.291757564824 
14.291827516782 
14.291493831887 
14.291820672888 
14.291820672888 
14.291780841393 
14.291528617966 
14.292785815094 
14.292264728993 
14.292418766796 
14.292319776308 
14.292319776308 
14.293522865418 
14.293608508552 
14.293666329339 
14.293907809006 
14.293742378629 
14.293727425649 
14.294196459257 
14.293807427571 
14.293180363513 
14.292075023133 
14.291557588796 
14.292396130755 
14.292224134480 
14.292954780907 
14.293448580744 
14.293999330885 
14.293339262781 
14.293452309823 
14.293692362875 
14.293670374231 
14.293596924300 
14.293474441382 
14.293743830499 
14.294519479290 
14.294449629937 
14.294703609747 
14.295154642162 
14.294561459957 
14.294382129630 
14.293995713829 
14.294077550356 
14.293960635843 
14.294045436617 
14.294270790513 
14.294270790513 
14.294806088998 
14.294768606198 
14.294124036018 
14.294062522822 
14.293779682493 
14.293827974465 
14.294492776878 
14.294553660484 
14.294396637998 
14.294386282300 
14.294586488793 
14.294672043606 
14.294799632952 
14.294141501718 
14.294732414918 
14.294461384307 
14.294610443025 
14.294424915343 
14.294905402888 
14.294817483546 
14.295682750724 
14.295544035203 
14.295237280112 
14.295376272756 
14.295231239723 
14.295311861557 
14.295618005858 
14.295969849051 
14.296114540925 
14.295958610824 
14.295802485089 
14.295728412517 
14.295726417745 
14.295658542771 
14.295440422129 
14.295967772629 
14.295902141116 
14.295871350251 
14.295481069052 
14.295378938351 
14.294862258869 
14.295134814077 
14.295362118611 
14.295281693877 
14.294793572596 
14.294769016902 
14.295138714570 
14.295630918877 
14.295590182040 
14.295521092542 
14.295542665578 
14.296053603112 
14.296302180412 
14.295645251695 
14.295434698948 
14.295456000845 
14.296143047837 
14.295823796737 
14.296087016214 
14.296057353025 
14.295343747695 
14.295372425877 
14.295306461104 
14.295440139143 
14.295325880831 
14.295201623787 
14.295237889570 
14.295143091975 
14.295131791182 
14.295234770315 
14.295195444961 
14.294810282513 
14.294891243067 
14.294675959089 
14.294426347598 
14.295071651475 
14.295595054494 
14.294547578611 
14.294287884888 
14.294905930551 
14.294595189012 
14.294239766783 
14.294450536852 
14.294270185813 
14.294452616072 
14.293982581990 
14.294387326564 
14.293945712181 
14.293522077433 
14.293620133329 
14.293699887170 
14.293629493215 
14.295481616516 
14.295388300098 
14.295507916216 
14.295508558975 
14.295697208708 
14.295305721400 
14.295257418382 
14.295026749701 
14.295040541791 
14.295336943961 
14.295601015421 
14.295646908998 
14.295531445607 
14.295487098538 
14.295870282766 
14.295791474461 
14.295729585213 
14.295625189073 
14.295684757004 
14.296385583797 
14.296419795005 
14.296573445149 
14.296195268964 
14.296424567858 
14.296380830210 
14.296425245993 
14.296568065099 
14.296974626063 
14.296873845408 
14.297025953189 
14.296030698994 
14.296117481967 
14.295976816631 
14.295237890869 
14.295182992943 
14.295021625929 
14.295003960187 
14.295288172123 
14.295381177310 
14.295480072220 
14.295384699203 
14.295531326719 
14.295620804492 
14.295316288510 
14.295237854980 
14.295237854980 
14.295181616925 
14.294897978709 
14.294942617393 
14.295197883510 
14.294834549871 
14.294454926145 
14.293687562472 
14.293636565877 
14.293730316654 
14.293594562501 
14.293762251082 
14.294334397578 
14.294602724171 
14.294709615646 
14.294711749210 
14.294676068226 
14.295127368330 
14.295089222605 
14.295057815641 
14.294967614524 
14.294820862123 
14.294900606377 
14.294992499275 
14.295024295778 
14.295207838673 
14.295135940827 
14.294681114793 
14.294376323213 
14.294286269767 
14.295426100071 
14.295408477703 
14.295568434732 
14.295094852855 
14.295039387452 
14.295068452790 
14.294798716707 
14.294974992457 
14.294895654651 
14.295052271038 
14.295695818883 
14.296048840125 
14.295896682684 
14.295632738496 
14.295918982725 
14.296091667154 
14.296057724649 
14.295688607083 
14.295800073454 
14.295570746691 
14.295197163401 
14.294977839013 
14.294787642922 
14.294140373505 
14.294342906717 
14.294609609914 
14.294667789574 
14.295137715522 
14.295624323712 
14.295704099110 
14.296114373533 
14.295417161004 
14.295342573887 
14.295678068160 
14.296225619785 
14.296163803079 
14.296357079740 
14.296178296324 
14.296285633656 
14.295819994846 
14.295784084018 
14.296643059017 
14.296570141343 
14.295926520458 
14.295864143670 
14.295817618959 
14.295755721500 
14.294644060684 
14.294537942731 
14.295024217827 
14.294493394392 
14.294557185168 
14.294557782738 
14.294728862642 
14.294728485522 
14.294710566355 
14.294662704646 
14.294327607222 
14.293961747227 
14.293790455797 
14.294348723158 
14.294754599869 
14.294518779704 
14.294458646959 
14.294458646959 
14.294710961550 
14.294761378808 
14.294982408522 
14.294973070731 
14.294624177707 
14.294659049740 
14.294667643136 
14.294667643136 
14.294725634791 
14.294511224116 
14.294422762094 
14.294416719171 
14.294431617154 
14.294444976915 
14.294454448886 
14.294337710646 
14.294337710646 
14.294518589882 
14.294296170151 
14.294242353798 
14.294213327059 
14.294329876573 
14.294079534639 
14.294046088354 
14.294135785724 
14.294109053201 
14.294227523546 
14.294227390093 
14.294108903493 
14.294311020376 
14.294264441523 
14.294559893006 
14.294144357204 
14.293707077618 
14.293933074282 
14.294360311595 
14.294265461653 
14.293774346325 
14.293878248650 
14.293815604895 
14.293735280126 
14.293546049930 
14.293648808290 
14.293489403552 
14.293496531076 
14.293649952626 
14.293374787276 
14.292922279220 
14.293624975189 
14.293667094409 
14.293639822277 
14.293734445253 
14.293630593316 
14.293620296691 
14.293678765437 
14.293632577916 
14.293881006905 
14.293876536811 
14.294299987696 
14.293965867971 
14.294148444403 
14.294848167977 
14.294688479780 
14.294759147549 
14.295373640982 
14.295910686618 
14.295338754337 
14.296537392048 
14.296368798814 
14.297058649055 
14.296823586645 
14.296851856706 
14.296755524905 
14.297985183830 
14.297153049727 
14.296939017946 
14.297080487961 
14.296571338055 
14.295873149525 
14.295108541431 
14.295108541431 
14.295219136172 
14.295380617362 
14.295503036600 
14.295321798756 
14.295654897460 
14.295727280910 
14.295806345476 
14.295235501170 
14.295015534395 
14.295299555598 
14.295245099293 
14.295302907351 
14.295302907351 
14.295178706449 
14.294742232878 
14.295215893441 
14.295872971871 
14.295836916774 
14.295619683892 
14.295580954695 
14.295255484490 
14.295276154260 
14.295372151628 
14.295378188818 
14.295370059648 
14.295441433969 
14.295441433969 
14.295858885383 
14.295666295575 
14.295625146810 
14.295602061670 
14.295597740612 
14.295927982596 
14.295026732932 
14.294730384631 
14.294695125123 
14.294695125123 
14.294694453363 
14.295393927890 
14.295393927890 
14.295656643857 
14.295625864548 
14.295660293412 
14.295354513024 
14.296134414378 
14.295443925140 
14.295980513150 
14.295727863468 
14.295561017250 
14.295289516509 
14.295852246792 
14.295692336729 
14.296015480512 
14.295340280396 
14.295422403311 
14.295270965108 
14.295035525170 
14.295117104352 
14.295491690193 
14.295406015568 
14.296309728392 
14.294453895140 
14.294280782165 
14.294360256895 
14.294474206418 
14.294436550258 
14.293787933655 
14.292628317002 
14.292958546218 
14.293043222520 
14.292921972813 
14.292101821229 
14.292599324220 
14.292796486319 
14.293352046801 
14.293678113462 
14.293588452173 
14.293857064610 
14.294410693680 
14.294218001577 
14.294137405468 
14.293364997647 
14.293432950633 
14.294446820616 
14.294950825545 
14.294951188848 
14.294989401651 
14.294996814581 
14.294880069094 
14.294563281675 
14.294488572405 
14.294644948123 
14.295316972407 
14.295425840560 
14.295367774706 
14.294928370254 
14.293994783601 
14.293579644516 
14.293872385901 
14.293922929880 
14.293921685448 
14.294169351769 
14.294065390214 
14.294027476018 
14.294027476018 
14.294077722446 
14.294244909629 
14.294011835712 
14.294031912707 
14.294102404681 
14.294337884258 
14.293982203500 
14.293940326129 
14.294393804653 
14.294421466912 
14.295605771040 
14.295659530210 
14.295610985391 
14.295987417366 
14.295633416271 
14.295214785803 
14.295342335767 
14.295434540126 
14.295384253271 
14.295430324647 
14.295187425431 
14.295185553388 
14.295745512379 
14.295628645892 
14.295307109326 
14.295205496860 
14.294926269016 
14.294840147814 
14.296474868890 
14.295930438402 
14.296037825304 
14.296045760575 
14.295834716475 
14.296048444153 
14.295948650163 
14.296136857744 
14.295903523271 
14.295815495136 
14.296193671474 
14.295842066489 
14.295570311308 
14.295540295839 
14.295066767046 
14.294760927053 
14.293597663895 
14.293811638393 
14.293639318031 
14.293730030025 
14.293553246796 
14.293085573131 
14.295427931814 
14.295505914243 
14.295286531830 
14.294925475678 
14.294964984887 
14.295098975615 
14.295326621038 
14.294704543012 
14.294438522288 
14.294522834054 
14.294377755362 
14.294580634887 
14.294505813845 
14.294862501568 
14.295125088295 
14.295479349193 
14.295335780341 
14.294960965778 
14.294759702988 
14.294835799013 
14.294797145483 
14.294777943508 
14.294798972671 
14.294720369003 
14.294461045484 
14.294510491214 
14.294518614531 
14.294598462273 
14.294543067735 
14.294534689475 
14.294911113763 
14.295223845686 
14.295240864865 
14.295272852894 
14.295415408796 
14.294360932556 
14.294129244537 
14.294445343767 
14.294437906024 
14.294165469360 
14.293432646225 
14.293281521212 
14.294193274101 
14.293743662950 
14.293993402147 
14.294306524049 
14.294045001175 
14.294435349276 
14.295221999359 
14.295843924793 
14.295299668303 
14.294679012344 
14.294974593726 
14.294969661139 
14.294659962883 
14.294477755645 
14.294957160958 
14.294985750015 
14.295091678201 
14.294895465501 
14.294862690529 
14.294748487247 
14.294841267194 
14.294763112908 
14.294862951849 
14.294799362294 
14.294668356817 
14.294680320071 
14.294988885429 
14.294260053513 
14.294407316046 
14.294819108601 
14.295265643328 
14.295312927676 
14.295185398795 
14.295100795365 
14.296317390863 
14.295959360219 
14.295828449560 
14.295864404727 
14.295780320541 
14.295475940150 
14.295565287450 
14.295292310194 
14.295301758095 
14.294992003267 
14.294996569411 
14.294862668918 
14.294881175384 
14.294916885502 
14.294678989309 
14.294799908268 
14.294853748271 
14.294849375253 
14.295154294419 
14.294791042805 
14.294582842603 
14.294870863601 
14.294950329258 
14.294913069865 
14.294995565214 
14.295007359458 
14.294175762586 
14.293918734563 
14.294090356420 
14.293775489140 
14.294053699874 
14.293284052317 
14.293007062501 
14.293155330537 
14.293467695303 
14.293015252400 
14.292966429460 
14.293004108772 
14.292844921466 
14.293162102384 
14.292840989652 
14.292881170420 
14.293025816942 
14.293204802291 
14.293138390480 
14.293257424338 
14.293257424338 
14.293187509260 
14.293175533563 
14.292857636743 
14.292633599894 
14.293274415219 
14.293279972622 
14.293522238509 
14.293516093243 
14.293198278905 
14.293877790021 
14.293843135928 
14.293417905684 
14.293695254664 
14.293695254664 
14.293670270066 
14.293271218549 
14.293441740590 
14.293726307507 
14.294185879773 
14.293665062037 
14.294153231315 
14.294197615864 
14.294082181677 
14.294102614395 
14.294083666381 
14.294020888458 
14.294095964543 
14.294588279146 
14.294796539237 
14.294812518625 
14.294843444997 
14.294843444997 
14.294841167438 
14.294980117116 
14.295108397408 
14.294925009540 
14.294988115468 
14.295016944292 
14.294948241676 
14.295055689487 
14.294943748496 
14.295136917024 
14.295241431692 
14.295793466910 
14.295507943674 
14.295104418008 
14.295946554730 
14.296411433259 
14.296766245985 
14.296900746149 
14.296089920339 
14.296823411689 
14.296323873690 
14.295113166403 
14.295216612861 
14.294608644152 
14.294548616487 
14.294111720187 
14.294247554447 
14.294037052578 
14.293602889578 
14.293102559685 
14.293048914870 
14.293033513286 
14.293047793420 
14.294589586062 
14.294696850879 
14.294908391496 
14.294308086456 
14.293784536545 
14.294111059064 
14.294132698524 
14.294501570841 
14.294532850466 
14.294688337168 
14.294692775463 
14.294594876631 
14.294147694348 
14.294176490896 
14.294156440779 
14.294468000244 
14.294007977013 
14.293712545691 
14.293837868748 
14.294107123598 
14.294320183304 
14.294232304259 
14.293845085002 
14.294025197790 
14.294635251448 
14.295110746401 
14.295398977508 
14.295413507155 
14.295467907730 
14.295579847525 
14.295989760878 
14.296228242866 
14.295741086424 
14.295384563388 
14.294981610681 
14.295337315336 
14.295225979797 
14.295340036410 
14.295380164233 
14.295648787559 
14.295282621469 
14.295742424906 
14.295830436140 
14.296207780191 
14.296314881454 
14.295805766439 
14.294471513795 
14.294781637727 
14.294815985543 
14.294613318476 
14.293971075824 
14.293876881118 
14.293928652054 
14.294235883762 
14.293281772610 
14.294191044697 
14.294573010881 
14.294575429361 
14.294253452479 
14.293608033853 
14.293757137413 
14.294254749868 
14.294578968904 
14.294609105716 
14.294346938660 
14.294518822463 
14.294165229317 
14.294074232734 
14.293875721782 
14.293639849739 
14.293881973241 
14.293780587600 
14.293417236729 
14.293611016705 
14.294302423674 
14.293902281303 
14.294791292359 
14.294740289022 
14.294612276138 
14.294608987934 
14.294973383895 
14.295020043259 
14.294871590553 
14.295572135995 
14.295834760758 
14.295941390638 
14.295814425769 
14.295137735029 
14.294594536068 
14.294124505049 
14.294272358729 
14.294224595081 
14.294482179236 
14.295553689510 
14.295204368578 
14.295235543370 
14.295228703146 
14.295229703118 
14.295322005691 
14.295334937115 
14.295306695647 
14.295350482192 
14.295301679736 
14.295301679736 
14.295301679736 
14.295301679736 
14.295301679736 
14.295301679736 
14.295545782378 
14.295544345600 
14.296543851402 
14.295479625448 
14.295528270770 
14.294851131897 
14.293918668301 
14.294149843764 
14.293999389097 
14.294425849803 
14.294325426886 
14.294275395541 
14.294131932056 
14.294094708563 
14.294508682090 
14.293826309722 
14.294526045027 
14.294886687242 
14.294538694080 
14.294352881283 
14.294266335835 
14.293983617773 
14.294793275617 
14.295158911996 
14.295146986537 
14.294526447281 
14.294418344289 
14.294479616480 
14.294320481679 
14.294355559406 
14.294393661753 
14.294373050024 
14.294163556293 
14.293832720865 
14.294110963089 
14.294073823224 
14.294119987563 
14.295012584089 
14.294848260928 
14.294905905046 
14.294829932050 
14.294951252586 
14.295107286149 
14.295199182100 
14.294960872822 
14.294370065884 
14.294360499113 
14.294440776906 
14.295547170691 
14.295415190351 
14.295212051459 
14.294534544831 
14.293956096471 
14.294013082983 
14.294034080768 
14.293860585717 
14.293966177447 
14.294041056520 
14.294041056520 
14.294130050051 
14.294265034218 
14.294265034218 
14.294079791812 
14.293907099935 
14.293972153462 
14.293976498564 
14.294262379607 
14.294333069698 
14.294385413839 
14.294308779541 
14.294488661105 
14.294421654258 
14.295051185604 
14.295190418745 
14.295030805553 
14.295077816593 
14.295330971463 
14.294998712098 
14.294984536274 
14.295035588754 
14.294333541669 
14.294304224993 
14.294342255459 
14.294430076896 
14.294835611174 
14.294985942767 
14.295105941861 
14.295292558037 
14.295926562007 
14.296117514380 
14.296144220638 
14.295889300755 
14.295889300755 
14.295804326885 
14.295662031718 
14.295685864948 
14.295795693341 
14.295800983360 
14.295833661666 
14.295765844159 
14.295645234454 
14.295628860191 
14.295619949125 
14.295251401092 
14.294938725967 
14.294940503582 
14.295458452123 
14.295423367267 
14.295666797591 
14.295666797591 
14.295580156557 
14.295577965838 
14.295863229563 
14.295754872988 
14.295149687107 
14.295169508338 
14.295408049486 
14.295543003022 
14.295566513831 
14.295708259693 
14.295729036875 
14.295721206152 
14.296684990759 
14.296576887847 
14.296762106082 
14.297054364236 
14.297040988120 
14.296992569466 
14.297020221303 
14.297754977874 
14.296729807928 
14.296806602847 
14.296815233990 
14.296815233990 
14.296986062740 
14.296247798981 
14.296340252123 
14.297255887636 
14.296359206111 
14.295792558618 
14.295580717479 
14.295453793241 
14.295425997099 
14.295451731922 
14.295439226351 
14.295294501872 
14.295938767823 
14.295562398569 
14.295296590553 
14.294928985558 
14.294492972228 
14.294698315331 
14.295122123193 
14.295054840485 
14.294999812273 
14.294770168726 
14.294673999019 
14.294740514528 
14.294845826887 
14.294618587830 
14.294621514543 
14.294472831963 
14.294353143893 
14.294592501677 
14.295147178931 
14.295266932464 
14.294595025973 
14.294501901970 
14.294512676119 
14.294879270264 
14.294371301891 
14.294434206963 
14.294296409602 
14.294412604188 
14.294814774211 
14.295205108092 
14.295362532817 
14.295362532817 
14.295391434235 
14.295316958217 
14.294752403353 
14.294649001866 
14.294519270487 
14.294620703562 
14.294590725116 
14.294585708921 
14.294867832609 
14.294664749798 
14.295154886427 
14.295439031242 
14.295065155705 
14.295259382882 
14.295454711020 
14.294960963821 
14.294956399260 
14.294878500752 
14.294855546885 
14.294856627014 
14.294689195745 
14.294558308267 
14.294703481537 
14.294769251754 
14.294738766515 
14.294844164061 
14.294984047496 
14.295044584653 
14.295330852144 
14.295670422895 
14.295817687595 
14.295563583286 
14.295652376923 
14.295500587279 
14.295648466627 
14.295443014976 
14.295536333196 
14.295426724501 
14.295424274615 
14.295481265307 
14.295557672951 
14.295039568775 
14.294601568637 
14.294737859986 
14.294619585616 
14.294892200525 
14.294719601787 
14.294818739485 
14.294935509230 
14.294756589409 
14.294574784310 
14.293423417902 
14.293562845763 
14.293752125726 
14.293594684316 
14.293968927960 
14.294166231986 
14.294166231986 
14.294297276212 
14.294357274716 
14.294347528750 
14.294133263543 
14.294117689276 
14.294327963574 
14.294313968678 
14.294056899748 
14.294082236856 
14.294249230308 
14.294938192586 
14.294042338755 
14.293764665365 
14.294553466233 
14.294566699967 
14.294672297384 
14.295037721428 
14.295839261427 
14.295833073676 
14.296112296588 
14.295827947277 
14.295387760263 
14.295460254156 
14.295205407099 
14.295292923624 
14.295902515631 
14.295859962777 
14.295058171139 
14.294804721264 
14.294540703261 
14.294758766355 
14.295399041579 
14.297177633252 
14.296661841030 
14.296776139822 
14.296462625604 
14.296355812072 
14.296383873561 
14.296383873561 
14.297421892407 
14.297784310271 
14.297647972981 
14.298441755493 
14.296749242115 
14.297189985747 
14.296826006088 
14.296535318356 
14.296730204824 
14.296771831169 
14.296858990398 
14.296858990398 
14.296502030802 
14.296715803854 
14.296595471698 
14.296287055242 
14.296223814635 
14.296639864978 
14.296675258769 
14.296495047559 
14.296537019880 
14.296605572393 
14.296542772176 
14.296584410129 
14.296699208245 
14.296693513922 
14.296425303917 
14.296545675864 
14.296560466578 
14.296223713974 
14.296445462887 
14.296385094453 
14.296440626132 
14.296062846372 
14.296661405568 
14.296178308111 
14.296073280753 
14.295124242755 
14.294999617245 
14.294878631816 
14.294545483730 
14.294710043684 
14.294585181623 
14.294258049031 
14.294157891046 
14.294726691799 
14.294441524763 
14.293825181275 
14.293707955021 
14.293716916008 
14.293614795303 
14.294294758021 
14.293952373205 
14.294844222882 
14.295187603626 
14.295381226932 
14.295293307353 
14.295294777396 
14.295307766726 
14.295309593328 
14.294542905505 
14.294559109859 
14.294818223519 
14.294412672135 
14.294260100973 
14.294418222853 
14.294587308144 
14.295150177483 
14.294975546006 
14.295365605903 
14.295133261853 
14.294554503521 
14.294225954451 
14.294015506745 
14.293788869633 
14.294397058305 
14.294699284070 
14.295012214899 
14.294398207889 
14.293909496616 
14.294286946148 
14.294271720448 
14.294446192451 
14.294873043384 
14.294836355333 
14.295258019497 
14.295116369823 
14.296065873637 
14.296325679217 
14.296423202239 
14.297058153319 
14.296692821053 
14.297131946925 
14.296274703280 
14.294595579176 
14.295444688581 
14.295463829825 
14.295638641762 
14.295558971920 
14.295623057679 
14.295259096464 
14.294870833679 
14.294907159906 
14.295025035166 
14.293962004759 
14.293653577946 
14.293619533350 
14.293797225290 
14.293724052401 
14.293083086887 
14.293481446764 
14.294003942776 
14.293896012225 
14.293896012225 
14.293774571897 
14.293824664709 
14.293558431712 
14.293373158158 
14.293778593730 
14.293636104621 
14.293748812734 
14.293144487533 
14.293144487533 
14.293227610890 
14.293977921077 
14.293709504552 
14.293883833362 
14.293687477269 
14.293690960137 
14.293644401706 
14.293822771128 
14.294559800994 
14.294528282439 
14.294540033141 
14.294544945877 
14.294589649351 
14.294743786585 
14.295040969548 
14.295156087201 
14.294973498720 
14.295187795717 
14.295261275390 
14.295195285259 
14.295139806203 
14.295046139251 
14.295207962121 
14.295463968762 
14.296083087250 
14.295833497013 
14.296304936945 
14.296214389399 
14.296057913028 
14.296208785507 
14.296208785507 
14.296533268514 
14.296574631865 
14.296762547812 
14.296087959179 
14.296359968330 
14.296824199817 
14.296414867362 
14.295656230831 
14.295894104976 
14.295329237883 
14.295379735507 
14.295101657335 
14.295295507860 
14.295028973293 
14.294989514153 
14.294516162393 
14.294709007140 
14.294780455016 
14.294424054578 
14.294674954234 
14.294663384782 
14.295323522831 
14.295323522831 
14.294591142954 
14.294531387339 
14.295057302736 
14.295133610784 
14.295738583107 
14.295694646651 
14.295608670614 
14.296019268652 
14.295987389521 
14.296182560412 
14.296010187951 
14.295666628016 
14.295439879483 
14.295906375652 
14.295849294526 
14.295633193899 
14.295403561739 
14.295468777990 
14.294974418850 
14.295312386380 
14.294772056625 
14.294692321120 
14.294708403741 
14.295128422922 
14.295576625511 
14.295607657966 
14.295568614902 
14.295812427593 
14.295699207964 
14.295204535124 
14.295247584609 
14.295383771138 
14.295240648033 
14.295753836520 
14.295718024179 
14.295671428733 
14.296221442296 
14.296163795879 
14.296295321584 
14.295648389468 
14.296291159523 
14.297150604726 
14.296763461273 
14.297134513462 
14.297018519904 
14.297008187058 
14.297672486539 
14.297763681158 
14.297310325562 
14.297907247958 
14.297085449839 
14.297475895996 
14.297420298038 
14.297684144184 
14.297358056164 
14.297147200697 
14.297095866736 
14.297065392736 
14.297223773627 
14.296561522472 
14.296195909340 
14.295946449072 
14.294244103886 
14.294344890693 
14.293793551103 
14.293948631594 
14.293996313511 
14.293742132470 
14.294061829036 
14.294592803301 
14.294482379013 
14.294280546258 
14.294443638661 
14.294696481441 
14.295238808893 
14.295387135972 
14.295413372972 
14.295012665899 
14.294559514269 
14.294551464399 
14.294735019374 
14.294716496580 
14.294260128367 
14.294561739798 
14.293881423055 
14.294412395609 
14.294550560612 
14.294838335063 
14.295218063498 
14.294168988997 
14.293288095365 
14.293745094126 
14.294381578520 
14.294157655996 
14.294240477019 
14.293921685163 
14.293581350044 
14.293721123127 
14.293897483155 
14.294125855553 
14.293875484566 
14.293947269473 
14.293465412249 
14.293415538342 
14.293885487202 
14.293039503322 
14.293014477923 
14.292906176484 
14.293815591393 
14.293839374263 
14.293571186967 
14.293716912533 
14.293983360613 
14.293978665259 
14.293893078206 
14.293998337985 
14.294035773345 
14.294106236592 
14.294164545815 
14.293903189061 
14.294160974534 
14.294073526997 
14.294328331146 
14.294268758871 
14.294097162048 
14.294185934781 
14.294466438507 
14.294300640495 
14.294237257059 
14.294239053550 
14.294439077023 
14.294379376334 
14.294297956914 
14.294347370163 
14.294056602277 
14.294151102991 
14.294575629033 
14.294567728941 
14.294307280258 
14.294075470905 
14.293692896406 
14.293268148560 
14.293896704180 
14.293697131843 
14.293545292545 
14.293545292545 
14.293605243302 
14.293024855018 
14.293209057408 
14.293310022241 
14.292812072290 
14.292810277597 
14.292951437104 
14.293062720620 
14.292844099332 
14.292675102294 
14.292550244412 
14.292550244412 
14.292672830972 
14.292826815602 
14.292662305497 
14.292986919818 
14.293303220703 
14.292996050837 
14.292812579624 
14.292812579624 
14.292921125423 
14.292969185138 
14.292574084652 
14.292738876905 
14.292546103253 
14.292841164003 
14.293264966380 
14.293616553165 
14.294010061250 
14.294326727345 
14.294466858075 
14.294378319899 
14.295475797548 
14.294978031623 
14.294942287641 
14.295178750109 
14.294743292115 
14.294788310787 
14.294748216788 
14.294689190751 
14.294881893170 
14.295336513885 
14.295196712848 
14.295353915977 
14.295179094610 
14.295086327024 
14.295159624707 
14.295250391137 
14.295247493076 
14.295183653920 
14.294883715713 
14.295157892315 
14.295147287345 
14.295322287107 
14.295386175943 
14.295397722358 
14.295194187441 
14.294724244545 
14.294977684608 
14.295075107772 
14.295426636800 
14.296178594236 
14.295782113910 
14.295828561125 
14.295299758202 
14.294997347402 
14.294813458968 
14.294412155169 
14.294286754168 
14.293932369541 
14.293942732349 
14.293904863365 
14.293919176182 
14.294488961104 
14.294800944439 
14.294852982672 
14.295037872578 
14.294852573973 
14.294835238693 
14.294948090134 
14.294569321335 
14.294681945437 
14.295054440289 
14.294943081686 
14.294830415838 
14.294830415838 
14.294940400845 
14.295098702575 
14.294953828694 
14.294937223356 
14.294842403655 
14.295116622789 
14.295357575937 
14.295329155961 
14.295213275043 
14.295503776976 
14.295283291658 
14.294993360814 
14.294555753714 
14.294504837461 
14.294957612440 
14.294996043986 
14.295065917384 
14.294958768654 
14.295257068815 
14.295221268293 
14.295600504216 
14.295129027285 
14.294993791788 
14.295171578773 
14.294679169336 
14.294409253783 
14.294414281008 
14.294347042266 
14.294638682998 
14.294182510879 
14.294470302561 
14.294322323488 
14.294349107224 
14.294215065168 
14.293896043859 
14.294184692789 
14.293765889854 
14.293765889854 
14.293748016814 
14.294158180626 
14.294841309958 
14.294893528853 
14.294659139923 
14.294796637027 
14.294906122129 
14.294616503353 
14.294657003910 
14.294894738444 
14.294995617099 
14.295106088368 
14.295056956458 
14.294812283966 
14.294691747694 
14.294956249676 
14.294489763092 
14.294473497117 
14.294576672790 
14.294749146643 
14.295568656577 
14.295425820216 
14.295873410724 
14.295965093184 
14.295136698005 
14.294978956029 
14.294122488483 
14.294185707667 
14.293955936416 
14.294034365113 
14.294370567503 
14.294873021329 
14.295125340306 
14.295103443073 
14.295399718431 
14.295923298274 
14.295948245350 
14.296016992628 
14.296501404040 
14.295869793359 
14.296393895555 
14.296646288535 
14.296053095378 
14.295493749969 
14.295375303983 
14.295611299083 
14.295695429576 
14.295330102981 
14.294632264448 
14.294381785940 
14.294638686000 
14.294791697926 
14.294679925136 
14.294455710160 
14.294426745993 
14.294752907241 
14.294693854698 
14.294543964349 
14.295120203571 
14.295128191209 
14.295098576422 
14.295022073516 
14.295022073516 
14.295027409373 
14.294924250814 
14.294775947815 
14.294601494235 
14.294822102796 
14.295149171284 
14.294723221521 
14.294797658632 
14.294836014636 
14.294644172701 
14.294484562886 
14.294182680971 
14.294407890184 
14.294609257007 
14.294580746604 
14.294406312016 
14.294378683658 
14.294325877145 
14.294246100461 
14.294259791730 
14.294353721544 
14.294557564984 
14.294526109825 
14.294451210860 
14.294461013172 
14.294286262820 
14.294400223869 
14.294557760589 
14.294655622689 
14.294593286570 
14.294347995247 
14.294098965489 
14.294502700951 
14.294810372197 
14.294316718153 
14.293978205200 
14.294159636961 
14.294343457512 
14.294497362126 
14.294498566279 
14.294749785115 
14.294705238913 
14.294154457777 
14.294125796864 
14.294172933737 
14.295048996055 
14.294848794214 
14.293986175279 
14.293754501470 
14.294327713748 
14.294005064604 
14.294438428882 
14.293681826720 
14.293985082007 
14.293766369037 
14.293717067810 
14.293939122020 
14.294065161448 
14.294575319787 
14.294352239514 
14.294564850148 
14.294561530494 
14.294434461002 
14.294559941180 
14.294886124724 
14.295311676200 
14.295528701399 
14.295614951963 
14.295506586973 
14.295481863428 
14.295481863428 
14.295449648610 
14.295328293183 
14.295427384661 
14.295427384661 
14.295370727143 
14.295377017934 
14.295543420069 
14.295522159758 
14.295680134744 
14.295664452930 
14.295777388426 
14.295720117456 
14.295892399603 
14.296152067781 
14.296074435077 
14.296204637346 
14.296410190003 
14.295377701313 
14.294871635650 
14.294921928338 
14.295023231056 
14.295118444801 
14.295118036814 
14.295067920566 
14.294672408966 
14.294682016853 
14.294752791136 
14.294643161231 
14.294700368750 
14.294707220460 
14.294434413518 
14.294405600894 
14.293716870496 
14.294084028032 
14.294481065027 
14.294268454765 
14.294211184721 
14.294922250323 
14.295169615532 
14.295320403573 
14.295070915206 
14.295064312567 
14.294949932861 
14.294875453453 
14.294918312270 
14.295123753083 
14.294953699974 
14.294973409877 
14.294417017223 
14.294424813780 
14.294595667293 
14.294595667293 
14.294266212474 
14.294666719653 
14.294801944344 
14.294581048301 
14.294514971751 
14.294551341744 
14.294638964852 
14.294786333692 
14.294747688496 
14.294935135565 
14.295037148139 
14.295085741678 
14.295229771970 
14.295965197136 
14.295925942989 
14.296387691522 
14.296398172078 
14.296476796569 
14.294069051090 
14.294468382088 
14.294876197645 
14.295034811941 
14.294896669408 
14.294813629745 
14.294542619603 
14.293385870782 
14.293604120918 
14.293643916050 
14.293515708075 
14.293664641748 
14.293275003965 
14.293275003965 
14.293712914070 
14.293092023197 
14.293617805827 
14.293188386454 
14.293574060320 
14.293314420687 
14.293097384497 
14.293630641474 
14.293733624240 
14.293924001455 
14.294093575470 
14.294031845806 
14.294142286378 
14.293792256512 
14.293949996344 
14.293088503126 
14.292539912379 
14.292069650367 
14.292821233781 
14.293206532963 
14.293991604964 
14.294229736519 
14.294260390141 
14.294484490172 
14.294695465062 
14.294475755013 
14.293625231993 
14.293844347293 
14.293827168852 
14.293878159667 
14.294187842396 
14.293792791646 
14.293045808329 
14.293132508135 
14.293348552271 
14.292365126677 
14.293279202725 
14.292606274700 
14.292540505339 
14.292913770042 
14.293183786287 
14.293454073040 
14.293646519943 
14.294268325901 
14.294280599188 
14.294112322414 
14.293429242975 
14.293579145843 
14.293230906668 
14.293202241899 
14.292932316789 
14.293457473990 
14.293105781488 
14.293080315685 
14.291747041289 
14.292171925594 
14.291603976993 
14.291472006664 
14.292776540540 
14.293186671582 
14.292927572686 
14.292512596585 
14.292243803449 
14.292613482701 
14.292613482701 
14.292683998592 
14.293401401032 
14.292984190180 
14.293133191490 
14.293469367209 
14.293735360200 
14.293769396767 
14.294044640103 
14.293717842888 
14.293988436198 
14.294116228087 
14.294179643296 
14.294079355146 
14.294311461550 
14.293764525161 
14.295493322829 
14.295786728789 
14.295622207109 
14.295494151430 
14.295595403469 
14.295585972681 
14.295974027086 
14.296295289628 
14.296083968392 
14.295990267585 
14.296154336321 
14.296351364866 
14.295454403676 
14.295357967115 
14.295552660093 
14.295350919451 
14.294882061069 
14.294923680723 
14.294665414625 
14.295305736373 
14.295237789509 
14.295305359551 
14.295312676043 
14.295616784356 
14.295623383999 
14.295868109442 
14.295804357658 
14.295712481636 
14.297046606188 
14.296571089298 
14.297074926015 
14.297263537999 
14.297714332278 
14.297515983710 
14.297598819199 
14.297884328106 
14.297704447337 
14.297278897945 
14.298136037034 
14.297661152559 
14.297035845412 
14.296264058008 
14.296280246586 
14.296014471230 
14.296245283874 
14.295901110774 
14.295615420393 
14.295776089774 
14.295878727182 
14.296152739032 
14.295502248209 
14.295671809200 
14.294858333831 
14.294880232787 
14.294964101514 
14.294646757500 
14.294771050726 
14.294887270350 
14.294887270350 
14.295043848333 
14.295366295758 
14.294584214024 
14.295297714694 
14.295272075261 
14.295975538888 
14.295766880742 
14.295662103343 
14.295789260468 
14.295892925849 
14.296060146217 
14.296320159200 
14.295831242070 
14.295522048702 
14.295465952562 
14.295284395194 
14.295949738144 
14.296141446293 
14.296195119057 
14.296009789725 
14.296005598219 
14.295975220057 
14.295363034175 
14.295136076798 
14.295098776704 
14.295098776704 
14.294819875452 
14.294964074560 
14.293956071732 
14.294225128263 
14.294274595019 
14.294157962211 
14.295025110014 
14.295412009718 
14.295788511585 
14.297122040470 
14.297664174878 
14.296841392245 
14.296096077852 
14.295381659183 
14.295332773900 
14.295332773900 
14.295660332814 
14.296088998216 
14.296165935936 
14.295763937712 
14.295841607255 
14.295846165907 
14.295960339874 
14.295384893784 
14.295080212763 
14.294923156255 
14.295543920950 
14.295933499410 
14.295773767965 
14.296572351907 
14.296109805169 
14.295695159274 
14.295571665891 
14.295637425402 
14.295317537191 
14.295193798798 
14.295193798798 
14.295297106236 
14.295307204355 
14.295265422686 
14.295171341600 
14.295316601819 
14.295387707933 
14.295275912263 
14.295461233011 
14.295035852784 
14.295605510596 
14.296407385761 
14.296262614246 
14.295511328534 
14.295954702327 
14.295997114922 
14.295823733983 
14.295473273959 
14.294896558533 
14.294930087689 
14.295755495265 
14.295781717630 
14.295888930996 
14.295914548572 
14.296235870462 
14.297207314849 
14.297073983367 
14.296311981083 
14.296414708933 
14.296386971481 
14.296207963438 
14.295424012717 
14.295569862385 
14.294247876157 
14.293432582090 
14.293432582090 
14.294045402322 
14.293729042335 
14.293765189095 
14.293880845680 
14.293643885259 
14.294274244588 
14.294222872245 
14.293801815865 
14.293820760671 
14.293507498760 
14.293726303126 
14.293898672619 
14.293811263711 
14.294558928006 
14.294526890326 
14.294990261172 
14.294990261172 
14.294974025698 
14.294974025698 
14.295230056868 
14.295157051496 
14.295108148344 
14.295184458070 
14.295160074752 
14.295712746024 
14.295440954136 
14.295608858647 
14.295124685298 
14.294912336111 
14.294537135954 
14.294639862788 
14.293122874048 
14.293106881995 
14.293140228946 
14.293605992671 
14.293586313591 
14.293984135458 
14.293510235057 
14.293635321104 
14.293904906698 
14.294181975560 
14.294167783958 
14.294007426301 
14.293675211930 
14.293889035912 
14.294090438869 
14.294116932223 
14.294380543812 
14.294997633134 
14.294837809152 
14.295390110316 
14.295551727289 
14.295368956111 
14.295853368757 
14.295601627371 
14.295632802771 
14.296086961092 
14.295750364394 
14.295095581463 
14.295141000108 
14.294916756336 
14.295382776589 
14.295124875310 
14.294810476138 
14.294869629259 
14.294533394150 
14.294784341756 
14.295102289102 
14.295034409918 
14.295077939368 
14.295164855849 
14.295141085270 
14.295015574818 
14.294741532389 
14.294715766149 
14.295300924478 
14.295268718001 
14.296062175990 
14.296476281559 
14.296382522819 
14.296075451628 
14.296312769791 
14.296284314692 
14.296266004794 
14.296335510589 
14.296338754826 
14.296308411676 
14.295748941055 
14.295933431513 
14.295933431513 
14.295782887766 
14.295758976539 
14.295760882788 
14.295859764657 
14.295566043853 
14.295561043536 
14.295562726940 
14.295502030029 
14.295547412286 
14.295268236348 
14.295209355341 
14.295195893546 
14.295055293846 
14.294898107986 
14.294898107986 
14.294891994103 
14.294918377757 
14.294972097506 
14.294972097506 
14.294968487535 
14.294881322582 
14.294748845327 
14.294767862890 
14.294660559325 
14.294441945239 
14.294468000448 
14.294498588717 
14.294460828142 
14.294397049547 
14.294397049547 
14.294422951294 
14.294395321920 
14.294387843324 
14.294379687859 
14.294537784088 
14.294094421112 
14.294185651265 
14.294754784009 
14.294790797296 
14.294489497143 
14.294093734202 
14.293958291743 
14.294040370278 
14.294146396029 
14.294217256543 
14.294037462090 
14.294042477784 
14.293522678676 
14.294168522639 
14.294615483712 
14.294564606336 
14.294835919353 
14.293935925056 
14.294222141874 
14.294237007055 
14.293818781058 
14.293931331997 
14.294267559921 
14.293959287828 
14.294551993792 
14.294554245972 
14.294725846775 
14.295021856533 
14.294983348811 
14.294986346278 
14.295036107983 
14.294626807874 
14.293691201227 
14.294226077552 
14.293520305873 
14.293496764696 
14.293181777618 
14.292732227775 
14.293043671344 
14.293533036539 
14.292199906368 
14.292590786970 
14.292999068409 
14.292225346326 
14.292476206776 
14.293368507924 
14.293533579180 
14.293020009655 
14.293434482161 
14.293367510678 
14.293583187893 
14.293689546510 
14.293728412867 
14.293977893715 
14.294064207464 
14.294407495735 
14.294410354706 
14.294492739828 
14.294114531383 
14.294729125183 
14.295244551301 
14.295842833558 
14.295742433382 
14.295503941729 
14.295705893850 
14.295253807663 
14.294978128407 
14.295022795196 
14.295009442652 
14.294967319683 
14.295105578981 
14.295171940296 
14.295191721631 
14.295302868910 
14.295035176238 
14.294982725292 
14.294577687425 
14.294186132439 
14.293996813934 
14.293769572710 
14.293848370209 
14.293830594139 
14.294295489608 
14.294122670762 
14.293994129094 
14.294624615901 
14.295372274117 
14.295675419133 
14.295153713044 
14.295145720738 
14.295148317267 
14.295102506434 
14.294983819971 
14.294520981064 
14.295806956436 
14.295997407810 
14.295763468788 
14.295552223165 
14.295629379973 
14.295952955323 
14.295971358404 
14.296110606163 
14.296186021186 
14.295933419079 
14.296941289289 
14.296635643215 
14.296559648207 
14.295906633690 
14.295627256305 
14.295883946884 
14.295937798712 
14.295606715493 
14.295435249555 
14.295294261059 
14.295586773574 
14.295652666422 
14.295772771219 
14.296149957992 
14.295913677785 
14.296137601520 
14.296087659879 
14.296258276839 
14.296684300076 
14.296475546724 
14.295884999415 
14.296138998111 
14.295925588758 
14.296058706109 
14.295513986227 
14.295617732562 
14.295578336916 
14.296394337498 
14.296763038233 
14.296645901436 
14.295887772319 
14.296144501963 
14.295514336493 
14.295429625291 
14.294995767852 
14.294986703898 
14.294695482742 
14.294694394964 
14.294922911717 
14.295282221315 
14.295328230696 
14.295394770166 
14.295109972105 
14.295099385559 
14.295056572478 
14.294915573176 
14.294259678886 
14.294756618393 
14.294973117499 
14.294889109932 
14.295116907700 
14.295241266082 
14.295780702809 
14.295451808482 
14.294943582560 
14.294929881336 
14.294747838973 
14.294756952747 
14.295016414060 
14.294832937071 
14.295125509320 
14.295129841089 
14.295533836125 
14.294754838636 
14.294703270066 
14.295307033566 
14.295118532879 
14.295186979330 
14.295164847512 
14.294877454930 
14.294387423044 
14.294588458263 
14.294214591063 
14.294380630748 
14.294755693343 
14.294962618649 
14.295501463175 
14.295706305310 
14.295888798501 
14.296569080189 
14.296702229293 
14.295771830759 
14.295967489677 
14.295924984191 
14.294133835894 
14.294134499231 
14.294069335892 
14.294122855508 
14.294448977913 
14.294563704473 
14.294695344921 
14.295090035918 
14.295100151570 
14.294949824474 
14.294619777342 
14.295469421035 
14.295604598664 
14.295626549702 
14.295596982273 
14.295202393702 
14.294960046711 
14.294961926724 
14.294947535716 
14.294153957004 
14.294029945523 
14.294376621764 
14.294440941184 
14.294354747722 
14.294261867160 
14.294068357088 
14.294542221739 
14.294411630035 
14.294492944678 
14.294583596574 
14.295652148642 
14.296011199580 
14.295558779080 
14.295765970395 
14.295911122998 
14.296076111684 
14.295857048654 
14.295922465372 
14.296057020114 
14.296138628358 
14.296135937369 
14.296379723873 
14.296161288107 
14.295856294919 
14.295828816590 
14.295565665729 
14.295849167891 
14.296890443596 
14.296565777514 
14.296628685837 
14.296158185692 
14.296117806522 
14.296182016959 
14.296182016959 
14.296105917092 
14.295553811230 
14.295648216410 
14.295065780348 
14.294982829466 
14.295025171370 
14.294697429320 
14.295142589784 
14.295344839873 
14.296006097388 
14.295625144919 
14.295472847764 
14.295228477607 
14.295389043741 
14.295842470414 
14.296072113896 
14.296113500856 
14.296485913528 
14.296346249147 
14.296852481769 
14.296457888324 
14.296255300272 
14.297477917164 
14.297164343418 
14.297532564350 
14.297388898023 
14.297367162331 
14.297309492730 
14.297106575111 
14.297711271085 
14.296749828259 
14.296823836444 
14.297786847746 
14.296976703377 
14.296628328324 
14.296845357446 
14.296521535802 
14.296224441962 
14.296417274051 
14.297162234452 
14.293778163026 
14.294097835675 
14.294185654864 
14.294163912697 
14.294158621805 
14.294089378350 
14.293975909151 
14.294174458757 
14.294662380287 
14.294777247863 
14.294726760228 
14.294457220924 
14.294392930787 
14.294386029387 
14.294636502197 
14.294566559771 
14.294458585416 
14.294014591447 
14.294051642057 
14.293197878386 
14.293824169347 
14.294238204885 
14.293454570675 
14.292843007664 
14.293009664803 
14.293035438685 
14.292298704727 
14.293532320071 
14.293080684006 
14.293247283433 
14.294562756287 
14.294595819106 
14.294517651438 
14.294518831490 
14.294449795870 
14.294792860435 
14.294835531770 
14.294539860472 
14.294822777501 
14.294983131878 
14.294688224262 
14.294448464414 
14.294845097954 
14.295296079328 
14.295478204160 
14.295994897064 
14.294667107191 
14.295373079941 
14.294909432404 
14.295065496118 
14.295364962939 
14.295039196632 
14.295008796627 
14.295217568370 
14.295206322504 
14.295367828694 
14.295717139178 
14.295707472494 
14.295923166046 
14.295754977123 
14.295997987803 
14.295951673990 
14.295490321501 
14.295649934822 
14.295823823612 
14.295834934923 
14.295834934923 
14.295565290261 
14.295565290261 
14.295668442576 
14.295120179504 
14.295120179504 
14.294961380704 
14.294610589124 
14.294682827856 
14.294682827856 
14.294629885591 
14.294682591564 
14.294553529161 
14.294522555912 
14.294652803613 
14.294652803613 
14.294676943860 
14.294800293823 
14.294451336898 
14.294377639847 
14.294393801720 
14.294399379095 
14.294347883059 
14.294298927532 
14.294602656119 
14.294546811114 
14.294569794694 
14.294569794694 
14.294916300768 
14.295590121078 
14.295978451518 
14.295931866322 
14.295458234794 
14.295752709234 
14.296158161550 
14.295607316187 
14.295566184515 
14.296043045169 
14.295774478386 
14.295754944497 
14.295925426107 
14.295471415935 
14.294840428417 
14.294829316417 
14.294876547302 
14.294801996288 
14.294675552965 
14.294356273303 
14.295029204003 
14.295955751508 
14.295991082731 
14.295897464592 
14.295953743405 
14.295967315047 
14.296111414578 
14.296166216074 
14.296131275890 
14.297248775452 
14.296791874585 
14.296349040785 
14.296372132674 
14.296691079943 
14.295653503790 
14.295653503790 
14.295698360550 
14.295426702399 
14.295690061621 
14.295917542892 
14.295397194272 
14.294953420872 
14.295167117279 
14.294559919394 
14.294704356134 
14.294048730565 
14.293517187310 
14.293688292272 
14.293735872604 
14.293813001975 
14.293197423484 
14.293385579500 
14.293525759723 
14.293703163059 
14.294451748702 
14.294772109699 
14.294892105482 
14.294959758277 
14.294901376002 
14.294457246532 
14.294457246532 
14.294403364278 
14.294569158464 
14.294735217638 
14.294842420086 
14.294828313078 
14.294854048837 
14.294665635199 
14.295175091597 
14.294459587853 
14.294712561846 
14.294817537021 
14.294904828139 
14.294507762465 
14.293288751577 
14.293112356653 
14.293917030435 
14.294592929407 
14.293867241374 
14.294249838727 
14.294653551980 
14.295125400164 
14.295368317433 
14.295966674836 
14.295805457061 
14.295763989615 
14.296087168055 
14.295925549238 
14.295777222073 
14.296156118334 
14.296267923072 
14.296068118458 
14.295606530904 
14.296333354139 
14.296137710778 
14.295560654168 
14.295874253199 
14.295344773202 
14.295340213634 
14.295790543036 
14.295642052957 
14.295156842390 
14.294935145647 
14.294816082488 
14.295157080004 
14.294674980374 
14.294686392127 
14.294952508576 
14.294973282854 
14.295218755185 
14.294924313650 
14.294812905246 
14.294750005465 
14.294135335332 
14.294004135903 
14.293968156243 
14.293432539887 
14.293192710352 
14.293352727242 
14.292889484930 
14.293046735716 
14.293626253928 
14.294125717261 
14.293405568967 
14.293555488865 
14.293585132448 
14.293116430851 
14.293680205566 
14.293439531079 
14.293243570040 
14.293349870086 
14.293538411266 
14.292985181506 
14.293089327976 
14.293195179321 
14.293780504296 
14.293331728084 
14.293881731871 
14.293729300479 
14.293682141512 
14.293851706607 
14.293473197155 
14.293350972284 
14.293366308177 
14.293662077521 
14.293145123209 
14.292876499751 
14.292445108586 
14.292383411507 
14.292558143379 
14.293234762610 
14.293990299713 
14.293767237130 
14.293669102369 
14.294725592002 
14.294806394717 
14.294901869132 
14.295362643756 
14.295322631192 
14.294807614608 
14.294877853494 
14.294987306231 
14.295232213148 
14.294930369868 
14.294899338121 
14.294491995850 
14.294058062690 
14.293869537187 
14.293715807817 
14.293942697252 
14.293788993083 
14.293817205790 
14.294001867180 
14.294009681651 
14.293991907707 
14.293927448145 
14.294131336226 
14.294187463290 
14.294147215927 
14.294339434580 
14.293624927386 
14.293958283494 
14.294110879054 
14.294110879054 
14.294110879054 
14.294110879054 
14.294110879054 
14.294110879054 
14.295499313567 
14.295499313567 
14.295500040513 
14.295596493456 
14.296162556150 
14.296172950912 
14.296279276610 
14.295895250046 
14.296112535729 
14.295655205892 
14.296108903087 
14.295797871314 
14.296040075580 
14.296101575670 
14.295951935717 
14.295980731953 
14.296979213806 
14.297081820707 
14.296743364626 
14.296743364626 
14.296280422038 
14.296301448864 
14.296129366554 
14.296178978258 
14.296095441259 
14.295979464022 
14.295801942870 
14.296540370981 
14.295958049979 
14.295792587866 
14.295201976303 
14.295295907119 
14.294819103228 
14.294936597130 
14.294172188305 
14.294002336525 
14.294429858594 
14.294238513939 
14.294212803324 
14.293703029992 
14.293598970938 
14.293546052809 
14.294844160433 
14.294856388025 
14.294818823352 
14.294574160504 
14.294605538198 
14.293228387770 
14.292750526522 
14.292792250282 
14.293655375908 
14.293604400749 
14.293591613459 
14.293751517077 
14.294016379171 
14.293528802123 
14.293240650998 
14.293508865239 
14.293528850994 
14.293481480543 
14.293271495859 
14.293456218247 
14.293335733222 
14.293460312574 
14.293162011286 
14.292806528248 
14.292890821852 
14.293116886394 
14.292115691352 
14.292372272469 
14.292295728439 
14.292724038585 
14.292553770923 
14.292699813895 
14.293502944997 
14.293471219158 
14.293481861703 
14.293816138265 
14.293570430064 
14.293834306732 
14.294127473416 
14.294486126979 
14.294029300288 
14.294023493685 
14.294074339521 
14.294243715967 
14.294397869485 
14.293860815925 
14.294002050558 
14.294357579727 
14.294385551445 
14.294346192714 
14.294462595917 
14.294402617643 
14.297167384280 
14.296760314629 
14.298131345243 
14.297207223464 
14.296698521525 
14.297173300307 
14.296975992548 
14.296975992548 
14.296975992548 
14.296856719335 
14.296282509631 
14.295884573915 
14.295827002405 
14.295792583159 
14.296682108405 
14.297556693931 
14.296823158019 
14.295972367429 
14.296070729014 
14.294764205620 
14.293957227079 
14.294423777849 
14.294524427667 
14.293961191731 
14.293671698986 
14.293664293676 
14.294591017483 
14.294354477302 
14.294120676863 
14.294698190046 
14.294586620219 
14.294510899568 
14.294575802670 
14.295663694146 
14.296016661752 
14.295871659801 
14.295707660806 
14.296314169022 
14.296906456639 
14.297027578525 
14.297120692192 
14.297178103448 
14.297078481628 
14.296482974937 
14.296886750494 
14.297070394340 
14.296952369558 
14.296720860259 
14.296551681030 
14.296765824122 
14.296391658450 
14.296888107258 
14.296530810444 
14.297121755398 
14.296731587751 
14.296823084179 
14.296163723216 
14.295807115694 
14.295497998865 
14.295814404863 
14.295822815895 
14.295803234916 
14.294884053831 
14.294584243595 
14.294562455363 
14.294440253881 
14.294375100779 
14.294546957487 
14.294571427633 
14.294570153447 
14.293639368506 
14.293319719697 
14.293950895842 
14.294107584792 
14.294706434574 
14.294571515473 
14.294377645117 
14.294321413411 
14.293707552847 
14.293831863966 
14.294310607724 
14.294059530979 
14.293965482550 
14.294059205967 
14.294309261573 
14.294442807117 
14.294589879414 
14.294294248706 
14.294356707295 
14.294421779799 
14.294485183051 
14.294225588313 
14.294339573779 
14.294211311202 
14.296043422635 
14.296015254375 
14.296365510655 
14.296383731288 
14.296540072856 
14.296838791310 
14.295730538893 
14.295723463197 
14.295913700087 
14.296233745675 
14.295973272386 
14.296362461157 
14.296375980562 
14.296315809198 
14.296825858594 
14.296343481936 
14.297099268516 
14.296950808392 
14.298202155988 
14.297069991532 
14.296666019438 
14.296838121665 
14.296655286026 
14.295632633161 
14.296186638403 
14.296251116374 
14.295886626615 
14.296139220185 
14.295710324421 
14.295858808582 
14.295852608595 
14.295992901838 
14.295854363259 
14.296201086195 
14.296118712334 
14.296901939225 
14.296627221709 
14.298165118027 
14.297977263914 
14.295930794911 
14.296239692437 
14.296464068029 
14.295975103706 
14.295398039361 
14.295308369768 
14.295443611093 
14.296723449078 
14.296271473552 
14.295943019309 
14.294905634088 
14.294212151289 
14.294398017142 
14.294526226020 
14.295100441892 
14.294862865821 
14.294234151713 
14.294120421178 
14.293737846099 
14.294301282649 
14.293766119290 
14.294031415429 
14.294403372117 
14.293930203857 
14.294139764248 
14.294168124250 
14.294146981445 
14.294139094807 
14.294425542183 
14.293823789178 
14.293964126299 
14.293335996009 
14.293195717004 
14.293254225392 
14.292521542476 
14.292339530931 
14.292382896359 
14.292511136352 
14.292779875810 
14.292660482380 
14.293028918186 
14.293120579157 
14.292906790417 
14.292536798999 
14.292323733527 
14.292254875138 
14.292047667786 
14.292339342701 
14.291499875680 
14.292933498090 
14.293528799536 
14.293307169273 
14.293206185051 
14.294114961107 
14.293355565327 
14.295266564423 
14.295329028603 
14.294616323327 
14.294478684714 
14.294712251461 
14.293822298974 
14.293680683709 
14.293817798672 
14.293775128723 
14.293612770722 
14.293610610712 
14.294452865991 
14.294139332215 
14.294121078629 
14.293534232840 
14.293697195144 
14.293919876053 
14.294012787398 
14.294692542885 
14.294521451518 
14.294737787192 
14.294961922530 
14.295370437515 
14.295792992674 
14.295536490386 
14.295517131528 
14.295517849760 
14.295406746508 
14.296205985409 
14.295640809655 
14.295645775105 
14.295953611300 
14.296147074933 
14.296034349343 
14.296487563428 
14.295721059185 
14.295397629603 
14.295581480056 
14.295378341671 
14.296088955509 
14.296154714896 
14.296089458748 
14.296364752318 
14.296866511122 
14.296819776981 
14.296402264641 
14.296339568313 
14.296883421775 
14.296162257905 
14.296305753787 
14.296837916286 
14.296969054280 
14.296159671352 
14.296094024407 
14.296837710125 
14.296221916509 
14.295748618455 
14.295882254780 
14.296071172914 
14.296541897873 
14.296413399912 
14.296472594971 
14.297408515050 
14.295036724063 
14.295059252542 
14.295276026573 
14.295435666008 
14.295785522715 
14.295852653341 
14.295508949868 
14.295498595429 
14.295494674448 
14.295759668052 
14.295869014259 
14.295902270290 
14.295641079191 
14.295930855039 
14.295799829540 
14.295808890587 
14.294943344202 
14.295104349916 
14.295187734378 
14.295187734378 
14.294999287079 
14.295062113980 
14.295051562115 
14.295217682973 
14.295135616036 
14.294735476137 
14.294626146985 
14.294521744329 
14.294681248434 
14.294361418585 
14.294317321809 
14.294003173670 
14.294409478186 
14.294514273987 
14.294376237030 
14.294738744616 
14.294834666018 
14.294698082325 
14.294820898468 
14.294971442101 
14.294957339998 
14.295559315818 
14.295898535301 
14.296577122232 
14.297088872425 
14.297430504638 
14.296925493309 
14.298452705196 
14.297570070447 
14.297997152334 
14.298149763495 
14.296743482390 
14.297553848913 
14.296365676428 
14.296445586672 
14.296398349327 
14.296585247182 
14.296077951914 
14.296077951914 
14.296075930507 
14.295726134945 
14.295491872054 
14.295918691737 
14.295931779551 
14.295154230022 
14.295904248734 
14.295568887745 
14.295619929198 
14.295661354780 
14.295301154518 
14.295828647548 
14.295501358493 
14.295974892912 
14.295818935407 
14.295066604915 
14.294256122039 
14.294257649914 
14.294137362459 
14.294209362887 
14.294393554271 
14.294294811501 
14.294262625942 
14.294542700081 
14.294740992330 
14.294577316471 
14.294373798364 
14.294144610542 
14.294246025578 
14.294082819282 
14.294249673483 
14.294411826876 
14.294145732118 
14.294808308433 
14.294832141257 
14.294688724182 
14.294580062543 
14.294631646757 
14.294699449020 
14.294673549588 
14.294807333570 
14.295438081415 
14.295999671147 
14.295828755624 
14.295984248031 
14.295838597373 
14.295777000727 
14.296071322604 
14.296119286974 
14.296097466096 
14.296061832001 
14.295864308505 
14.295908749340 
14.295714660540 
14.295742586019 
14.295564422879 
14.295874313584 
14.295769907708 
14.295981215250 
14.295944403942 
14.295788807294 
14.295185036485 
14.295249963640 
14.295291682360 
14.295184766073 
14.295188606883 
14.295038961772 
14.294944267116 
14.295298400487 
14.294766972784 
14.294441276565 
14.294635313609 
14.294766974652 
14.293707371490 
14.294239673890 
14.293715975025 
14.294304902647 
14.293893085047 
14.293595472724 
14.293959244817 
14.293753107273 
14.294072878445 
14.293994435474 
14.293952863670 
14.293917229850 
14.294159094423 
14.293993327254 
14.293936367585 
14.294243552887 
14.294597550468 
14.294806446231 
14.295220769352 
14.295610750255 
14.295545033829 
14.295554518992 
14.295998681096 
14.295977763528 
14.295902374857 
14.295855397716 
14.296371454136 
14.296545475127 
14.296067881048 
14.296215155483 
14.295908816314 
14.295669521031 
14.295644088606 
14.295653338818 
14.296201330578 
14.296067382084 
14.295138551330 
14.295568643474 
14.295067730838 
14.295646394800 
14.295593104373 
14.295831146853 
14.296223036940 
14.295818206021 
14.296065629119 
14.295562278333 
14.295334784039 
14.295345031547 
14.294995962934 
14.294931512270 
14.294962885058 
14.295743034015 
14.296091650390 
14.296330586814 
14.296119050728 
14.296607582779 
14.296557041322 
14.296327431878 
14.296314155000 
14.296305374226 
14.295912695349 
14.295826819765 
14.295490414614 
14.295623525022 
14.295822249392 
14.294928328471 
14.295243803005 
14.295283105590 
14.295886433030 
14.295394376340 
14.295234474848 
14.295916608899 
14.296183438183 
14.296209732783 
14.295647415561 
14.296079289135 
14.296228054991 
14.296185409181 
14.296191926713 
14.296441690740 
14.295385177678 
14.295371638072 
14.295422211684 
14.295853462965 
14.295937067026 
14.295538144512 
14.295554671608 
14.294935553993 
14.295065830545 
14.294983148490 
14.294863112095 
14.294800611504 
14.294369623325 
14.295729221092 
14.295714153071 
14.295905340457 
14.295221766161 
14.294666390802 
14.294836706949 
14.294895775087 
14.294885158976 
14.295321552668 
14.295562102192 
14.294919276478 
14.294698705459 
14.294924148362 
14.295157303065 
14.295262348027 
14.295258733298 
14.295407907446 
14.295462779237 
14.295585333003 
14.295407789094 
14.295559779766 
14.295618360140 
14.295353694811 
14.295443838946 
14.295715802838 
14.295871844918 
14.295845125001 
14.296435948111 
14.296095721718 
14.296176399442 
14.295850475898 
14.295820146418 
14.295564848497 
14.295925433232 
14.295942618826 
14.295730132054 
14.295503408608 
14.295335130108 
14.295335130108 
14.295812948799 
14.296153114547 
14.295976468622 
14.296600888094 
14.296754626540 
14.296736604157 
14.296857045284 
14.297076198952 
14.297132239455 
14.297252512158 
14.297005522740 
14.297041190430 
14.296468911375 
14.296797967541 
14.296793339308 
14.296709160502 
14.296300828542 
14.296206414621 
14.296060244071 
14.296521328118 
14.296441930213 
14.296627766302 
14.296648757803 
14.296659349721 
14.297085035778 
14.296592062784 
14.296591328077 
14.296756297566 
14.297373303699 
14.297031382771 
14.296601854343 
14.297303411668 
14.296595835950 
14.296693371033 
14.296693371033 
14.297790647767 
14.297495125613 
14.297203532826 
14.297117982659 
14.297807267176 
14.298073551765 
14.298348764154 
14.298486222186 
14.298734386877 
14.298302405762 
14.298285382079 
14.297908704848 
14.297839277449 
14.298216636294 
14.296155561334 
14.296185292092 
14.295223585032 
14.295436427681 
14.295363801014 
14.294912770315 
14.294905100920 
14.294839803063 
14.294718635245 
14.295087067066 
14.295540199058 
14.295583882777 
14.295593175084 
14.295693383651 
14.295707233165 
14.295731675308 
14.295525971338 
14.295363624836 
14.295783438461 
14.295473804874 
14.295069874996 
14.294724214677 
14.293989442449 
14.293827103009 
14.294719269850 
14.295856891743 
14.295970117121 
14.295998869103 
14.295874096354 
14.295827039558 
14.295955670293 
14.295745014668 
14.295706091934 
14.295693659944 
14.295825701466 
14.294794082514 
14.294695517775 
14.294625878774 
14.294700061440 
14.294715356108 
14.294729966960 
14.295347421148 
14.294530633514 
14.295141229834 
14.295141229834 
14.295131206353 
14.295169727779 
14.294417949459 
14.294419549233 
14.293984539030 
14.294232426904 
14.293972533826 
14.294014491675 
14.294442292507 
14.294546107292 
14.294459219354 
14.294118016727 
14.293972676072 
14.293723596452 
14.294075597903 
14.294092974486 
14.294528832675 
14.294397078976 
14.294111217092 
14.294266095535 
14.294110753112 
14.294302058719 
14.294747317326 
14.294924629844 
14.294859561886 
14.294925549206 
14.294918199804 
14.294418446881 
14.294157399061 
14.294454033875 
14.294731412619 
14.294662637921 
14.294710505074 
14.294711689085 
14.294665485096 
14.294173481118 
14.294054910808 
14.294124498311 
14.294558207788 
14.294358860547 
14.294283608112 
14.294701819114 
14.294732398991 
14.295353203202 
14.294852694628 
14.294852694628 
14.294456929055 
14.293740019661 
14.293780112644 
14.293632992544 
14.293632992544 
14.293698742730 
14.293577252631 
14.293122904495 
14.293530236810 
14.294944368082 
14.295064989465 
14.295064989465 
14.295219270338 
14.295219270338 
14.295341630032 
14.295430725566 
14.295122731419 
14.295176704631 
14.295899441198 
14.297254163840 
14.296698846301 
14.297087211770 
14.296796722546 
14.296796722546 
14.296856171128 
14.296817933788 
14.297163810340 
14.296702758925 
14.296869536512 
14.296389292988 
14.296358815194 
14.296360712248 
14.296557150440 
14.296376314106 
14.296832253940 
14.297129058209 
14.296987704047 
14.296915317438 
14.297102499566 
14.296130964898 
14.296079309749 
14.295986054909 
14.295723612375 
14.296091497399 
14.295880368577 
14.295999459030 
14.295826890260 
14.295099636934 
14.295362974538 
14.295669298797 
14.294652542477 
14.294539012748 
14.294486147973 
14.295149651134 
14.295203808872 
14.295240308623 
14.294971434297 
14.295014797255 
14.294287838509 
14.294393235538 
14.294393501788 
14.294589890928 
14.294601303436 
14.294811703215 
14.294831528324 
14.294701650747 
14.295321170494 
14.295365353193 
14.293521675792 
14.293511240677 
14.293462995755 
14.293512174788 
14.293567380289 
14.294090407737 
14.294221294375 
14.294251727797 
14.293936368324 
14.293461980850 
14.292883051627 
14.292866278591 
14.292874180097 
14.292874180097 
14.293301195481 
14.293301195481 
14.293258592026 
14.293300488639 
14.293573703523 
14.294116312038 
14.292761116913 
14.293729448015 
14.293721584592 
14.294054637646 
14.294069607180 
14.294580011901 
14.294053610467 
14.294704539964 
14.294144756193 
14.293936782390 
14.293936782390 
14.293491694868 
14.293872242124 
14.293924306181 
14.293664025659 
14.293727245122 
14.293596575660 
14.293560780865 
14.294153648580 
14.294313419185 
14.293973787876 
14.294297152572 
14.294317409181 
14.294290748760 
14.294442671506 
14.294298660791 
14.294303432243 
14.293767769015 
14.293900679309 
14.293368255461 
14.293365971079 
14.293839857135 
14.294260694321 
14.294725940828 
14.294379962023 
14.294563928026 
14.294603794871 
14.294900440352 
14.296070298960 
14.295392269311 
14.295457597931 
14.295958374544 
14.295871777538 
14.296124138036 
14.296115585085 
14.296383769837 
14.296679960635 
14.296406246085 
14.297368328638 
14.297765604293 
14.297269935342 
14.297158211144 
14.296814907467 
14.296235357649 
14.296235357649 
14.296123870042 
14.295889772788 
14.296464984192 
14.296038418422 
14.295658361262 
14.295636160083 
14.295589548522 
14.295692747531 
14.295826828345 
14.296142459150 
14.295987604147 
14.296206773397 
14.296305032081 
14.296403924986 
14.295771185582 
14.295827312696 
14.296518509040 
14.295813740286 
14.296601407466 
14.296966731250 
14.296927777209 
14.296757086100 
14.297028639513 
14.297285865167 
14.296979077027 
14.296472564156 
14.296747012411 
14.296862761447 
14.297840316472 
14.297599204792 
14.296956858866 
14.297446930146 
14.296944748160 
14.297497756742 
14.297268765575 
14.297082080061 
14.296391719963 
14.295961169937 
14.296174123936 
14.294627524945 
14.294674817298 
14.294670670830 
14.294733090809 
14.293759654493 
14.293842432907 
14.293404203501 
14.292696019623 
14.293102063225 
14.293980292482 
14.293725987372 
14.293821405190 
14.294073489680 
14.294099823504 
14.293968263555 
14.293866041887 
14.293794048310 
14.293712719831 
14.293812525108 
14.294472589414 
14.294735697083 
14.294670260937 
14.294490918944 
14.294336225197 
14.294342875972 
14.294378874991 
14.294501951020 
14.294715352072 
14.294769568595 
14.295006741968 
14.295049253903 
14.295076944954 
14.295032962704 
14.295081477484 
14.295095492547 
14.295189542424 
14.296025431535 
14.296077542697 
14.295915482777 
14.295735135264 
14.295849550458 
14.295709222653 
14.295912491069 
14.295995549671 
14.296286376663 
14.296320076849 
14.296329419326 
14.296214095367 
14.296214095367 
14.296214095367 
14.296214095367 
14.295811567744 
14.295811567744 
14.295792659390 
14.295908497579 
14.295908497579 
14.295657208816 
14.295628206288 
14.295655800723 
14.295653858381 
14.295642195054 
14.295397704317 
14.295419693917 
14.295352458186 
14.295217705422 
14.295080865058 
14.295427852755 
14.295499001746 
14.294505447547 
14.294083372750 
14.294068937177 
14.294314082519 
14.294987380814 
14.295307044887 
14.295272069510 
14.295118621397 
14.295164317025 
14.294488321324 
14.294630247654 
14.294871616223 
14.294810109469 
14.295220445136 
14.295106765813 
14.295673483802 
14.295110841067 
14.294556362614 
14.294726101336 
14.294482054799 
14.294904274353 
14.294665697072 
14.294589225540 
14.293894605544 
14.293459738378 
14.293539026295 
14.293733945638 
14.293666661881 
14.293608231257 
14.293728228845 
14.293145812697 
14.293647384000 
14.293584680216 
14.294097485945 
14.294689296285 
14.294108452147 
14.294240108864 
14.294231657379 
14.294318064002 
14.294504164630 
14.294040682023 
14.293911843485 
14.294203600838 
14.294486825125 
14.294531702679 
14.294416415262 
14.293969414180 
14.294119361678 
14.293647230549 
14.293781084672 
14.293694002884 
14.293720752721 
14.294216798508 
14.295545927646 
14.295489395954 
14.295624688397 
14.295196592180 
14.294822845716 
14.295122377554 
14.295104802986 
14.295046465625 
14.294766389870 
14.294181450067 
14.295173715196 
14.295169841265 
14.295115898432 
14.295486192862 
14.296444735274 
14.296069633821 
14.296290831352 
14.296374112681 
14.296189436235 
14.296280855127 
14.295932222118 
14.295678175352 
14.295601480576 
14.295880439965 
14.296054438018 
14.296470195776 
14.296228928780 
14.296316971915 
14.296425050051 
14.296281311169 
14.296242990514 
14.296104887999 
14.296454583059 
14.296515391590 
14.296112907821 
14.296257291360 
14.296536010064 
14.296194169067 
14.296082410106 
14.296042082270 
14.296188775635 
14.297013433308 
14.296704570233 
14.296536496935 
14.296339837302 
14.296205000313 
14.296591629577 
14.296690876415 
14.296677759033 
14.297062689199 
14.296929822818 
14.297704311314 
14.297514016004 
14.297958160246 
14.297654298335 
14.297853187302 
14.297585944395 
14.297126252823 
14.297225143034 
14.297758724210 
14.297539331147 
14.297790569134 
14.297904661635 
14.297434525244 
14.297346498517 
14.298268242535 
14.297051515342 
14.298221771039 
14.296161638794 
14.296595798639 
14.296240703346 
14.296329786965 
14.295897926828 
14.296895457094 
14.296735625741 
14.296845837818 
14.295477760663 
14.295436745251 
14.295581856181 
14.296090462025 
14.295998988654 
14.295886259824 
14.296145656764 
14.295927406180 
14.296243630814 
14.296402973913 
14.296021188849 
14.296032748420 
14.295674224472 
14.295169442298 
14.295399376751 
14.295043430201 
14.295177751799 
14.294983041370 
14.295337074006 
14.295584879296 
14.295779109630 
14.295739055833 
14.295815784740 
14.295745764587 
14.296075111566 
14.296258357785 
14.296417565658 
14.295870079505 
14.295998745167 
14.295802989373 
14.295497446544 
14.295637388084 
14.295839439389 
14.296179403927 
14.295621302535 
14.295702674169 
14.295580245133 
14.295849149779 
14.295849149779 
14.295793439547 
14.295788205354 
14.295799264078 
14.295208212124 
14.295372800088 
14.295777952587 
14.295283341264 
14.295403245393 
14.295476008363 
14.295161399254 
14.293776307018 
14.293833369576 
14.293683811884 
14.292989722629 
14.293007726193 
14.293060441932 
14.292820073578 
14.292790630959 
14.292715250311 
14.293502651276 
14.293683610151 
14.293636572510 
14.293908179349 
14.294095483014 
14.295220890439 
14.295373757413 
14.295485691609 
14.295746995451 
14.295689141573 
14.295870722514 
14.295785036168 
14.295762351628 
14.295490088072 
14.295224842902 
14.295379945530 
14.295928077507 
14.295701166011 
14.295938642089 
14.295696584252 
14.294713104718 
14.294717155569 
14.293953879644 
14.294044486417 
14.294188787273 
14.294880267267 
14.294615399554 
14.294857520723 
14.294995573847 
14.294913638981 
14.294805579915 
14.294899916891 
14.295069364656 
14.295194914838 
14.295545677703 
14.295269968427 
14.295585710978 
14.295680702170 
14.295263146098 
14.294299277109 
14.293819851188 
14.294193077139 
14.293703126489 
14.293255387216 
14.292870879498 
14.293429009649 
14.292974756937 
14.293410408039 
14.293064840859 
14.293064840859 
14.293582945444 
14.293600558642 
14.293758824849 
14.293763014031 
14.293754196711 
14.293727097169 
14.293453581499 
14.293345756921 
14.293396876962 
14.294443902539 
14.294635491369 
14.294877675867 
14.296253788736 
14.296294816617 
14.295963894864 
14.294807522726 
14.294909947521 
14.294894540536 
14.294628501556 
14.294130630256 
14.294017794761 
14.294887033754 
14.294910080693 
14.294861794348 
14.294475849542 
14.295014460401 
14.294776880849 
14.295014479857 
14.295475963176 
14.295505635914 
14.295505635914 
14.295470900116 
14.295488047737 
14.295387589240 
14.295662377079 
14.296073814098 
14.296073814098 
14.295844306262 
14.295747671030 
14.295318089679 
14.295315506615 
14.295534774633 
14.295380769551 
14.295248495679 
14.295223877078 
14.295521974129 
14.296203580119 
14.295877564856 
14.296123297505 
14.297025140640 
14.296570808346 
14.296493173555 
14.296168722604 
14.295993173586 
14.295703173879 
14.295537355488 
14.294841956567 
14.294692472841 
14.294575910830 
14.294619784389 
14.294876730234 
14.294855548053 
14.294576606299 
14.294600607226 
14.295042464784 
14.295143575772 
14.295144822425 
14.295254123404 
14.295137198893 
14.295224343191 
14.294362276039 
14.294449687326 
14.294705407454 
14.294988389270 
14.295161479887 
14.295552001595 
14.296286525439 
14.296033431688 
14.296172115451 
14.295648548359 
14.294822812595 
14.296820771791 
14.296820771791 
14.296374486883 
14.296328645444 
14.296479333541 
14.296800576332 
14.296109003087 
14.296217967117 
14.296121778264 
14.295672186618 
14.296139323374 
14.296273145691 
14.296735552018 
14.297106524564 
14.297002778038 
14.297261643708 
14.297006224026 
14.297061051829 
14.297133920262 
14.295600589557 
14.295191704060 
14.295457488119 
14.295470099747 
14.295454331698 
14.295925850997 
14.295769374189 
14.295285390033 
14.295443254594 
14.296154685947 
14.295789899111 
14.296246803782 
14.296242350289 
14.296118562174 
14.295553391151 
14.295702125115 
14.295448758539 
14.295681555285 
14.295682217157 
14.296479217035 
14.296232736946 
14.296080161627 
14.296243962518 
14.296156132164 
14.296485744760 
14.296585596361 
14.296458891751 
14.296483707030 
14.296319896946 
14.296260786590 
14.297551478035 
14.297605852258 
14.296869491096 
14.297169740356 
14.296775319319 
14.296325046967 
14.295422706488 
14.296201107386 
14.295896602524 
14.296237521905 
14.296591812599 
14.296492661044 
14.296229011093 
14.296451192691 
14.296449334162 
14.296180916582 
14.296220259344 
14.296150325516 
14.296263924142 
14.296276694803 
14.296161594988 
14.296149878208 
14.296121318524 
14.296420496903 
14.296494976192 
14.295960933176 
14.295849087730 
14.295800697009 
14.296286503448 
14.295455923124 
14.295722409782 
14.296195756546 
14.297196930277 
14.296539323103 
14.296772363450 
14.296941559584 
14.296794292179 
14.296124411629 
14.296265496567 
14.296201999730 
14.295944508260 
14.297358869858 
14.297627424607 
14.297282479996 
14.295959568047 
14.295687893883 
14.295559735384 
14.295712584162 
14.295547927748 
14.295717751645 
14.295677802261 
14.294730557578 
14.294877997671 
14.294877997671 
14.294435581542 
14.294385905132 
14.294166839879 
14.294334284813 
14.294539093854 
14.294726221853 
14.295024566459 
14.294998653193 
14.295973179206 
14.295778443150 
14.295490191398 
14.295406046847 
14.295631622564 
14.295357512727 
14.295283492912 
14.295786340950 
14.295267899621 
14.294681016093 
14.294756247198 
14.295026387546 
14.295155137660 
14.294910828286 
14.294914206714 
14.294442087172 
14.294623519115 
14.294695971139 
14.294914861527 
14.294553316980 
14.294695544717 
14.294389577688 
14.294505536544 
14.294350789011 
14.294891546911 
14.294565861525 
14.294501449463 
14.294427550576 
14.294280623871 
14.294741218222 
14.294700823762 
14.294629220500 
14.294591784255 
14.294815744951 
14.294481311335 
14.294524652572 
14.294560491940 
14.294311921821 
14.294328040531 
14.294575944532 
14.293628059217 
14.293468120429 
14.293545547666 
14.293645996149 
14.293573969681 
14.293108194101 
14.293447950094 
14.293840087705 
14.293797765464 
14.293830315494 
14.294277782138 
14.293745005061 
14.293879187012 
14.293664978467 
14.293629236693 
14.294066185324 
14.293961085820 
14.293847193851 
14.294497186790 
14.294537458001 
14.295069828977 
14.295496974700 
14.295342534650 
14.294841703354 
14.294945026276 
14.294493169753 
14.294298886393 
14.293882426176 
14.293514729706 
14.293686795250 
14.293611784362 
14.293341097061 
14.293676796450 
14.293123050858 
14.293638643894 
14.293489552554 
14.293274581318 
14.293174407495 
14.293588572588 
14.292587436593 
14.292918835210 
14.292534501187 
14.292210232416 
14.292493661349 
14.292403411235 
14.292403411235 
14.292753393142 
14.292130036224 
14.292058021027 
14.291075736853 
14.292204601483 
14.292209482241 
14.291626782353 
14.292549886865 
14.292894136558 
14.291719411112 
14.292325397522 
14.293766587439 
14.293693810899 
14.294378886288 
14.294235389259 
14.292999561419 
14.293355898307 
14.293778833986 
14.293773524577 
14.293857370581 
14.293702083998 
14.293309469893 
14.293117455818 
14.292418185647 
14.292746427365 
14.293825893295 
14.293322281092 
14.293691911415 
14.293110613597 
14.293344548984 
14.293797385537 
14.293716357973 
14.293230589624 
14.294417918484 
14.294291981553 
14.294409775705 
14.295181417690 
14.295234878441 
14.295138914024 
14.295267921002 
14.295214515630 
14.294823357760 
14.294472365034 
14.294460197348 
14.294460780556 
14.294645263603 
14.294114429721 
14.294320344328 
14.294532643593 
14.293821305170 
14.294041591391 
14.294324320144 
14.294196371353 
14.294173706465 
14.294341313543 
14.294429963874 
14.294059469749 
14.293578811496 
14.293256192331 
14.292702038510 
14.293122236651 
14.292836459786 
14.293119749441 
14.293119749441 
14.293580092562 
14.293829167461 
14.293996280839 
14.294046177718 
14.293918454865 
14.294133182735 
14.294098713036 
14.294510943576 
14.294852132349 
14.294892272136 
14.294070464154 
14.294166795070 
14.294922595381 
14.294819545407 
14.294746095992 
14.294522457301 
14.293912190873 
14.294394054015 
14.294325860814 
14.293888277391 
14.294321977679 
14.294325395240 
14.294507761896 
14.294460033461 
14.294471753016 
14.294493359311 
14.294005855408 
14.294025909523 
14.294423133790 
14.294505306940 
14.294446697193 
14.294491076381 
14.294506402654 
14.293924644889 
14.293970797589 
14.293934026403 
14.293891909706 
14.293927003240 
14.294207269415 
14.294102055184 
14.294159917319 
14.294082679088 
14.294451214410 
14.293675398694 
14.293639669101 
14.293023963102 
14.293508901905 
14.293827990483 
14.293705674688 
14.293921907067 
14.293607837837 
14.293906594380 
14.293801978885 
14.294128116877 
14.294388799396 
14.294560829935 
14.295314091857 
14.295266273943 
14.295307689517 
14.296625919761 
14.296696459942 
14.296224473063 
14.296170480283 
14.296215103680 
14.295946607092 
14.296315974586 
14.295852867519 
14.295567752404 
14.295335508100 
14.295328163305 
14.294525440121 
14.294376646195 
14.294852465480 
14.295456778521 
14.295381692993 
14.295445737373 
14.295018642599 
14.294967498639 
14.294735531917 
14.294045374097 
14.294499216663 
14.294876716610 
14.295625928657 
14.295983701515 
14.295752663852 
14.295857700674 
14.296159481360 
14.295862631829 
14.295853785982 
14.295385415013 
14.294992662481 
14.294965107442 
14.294714016098 
14.294179372259 
14.293472742721 
14.293726774162 
14.294190830004 
14.294204174351 
14.294301003877 
14.294266092119 
14.294844582787 
14.294511790249 
14.294551711887 
14.294757643582 
14.295233324472 
14.295349260572 
14.295259767792 
14.295069718889 
14.294520106723 
14.294518259403 
14.294645117446 
14.293735839968 
14.293755704661 
14.293825420983 
14.294784404617 
14.294627655764 
14.294243400519 
14.294024012230 
14.294037923158 
14.293104587998 
14.294132139071 
14.294626059048 
14.294708282005 
14.295021355566 
14.295415947551 
14.295078685470 
14.295289142514 
14.295225952466 
14.295008308562 
14.295385410759 
14.295311053784 
14.295331984698 
14.295550685520 
14.295744904593 
14.295894900117 
14.295877771145 
14.295510380703 
14.295335912211 
14.295338250574 
14.294423350334 
14.294326274810 
14.294777476701 
14.294835892436 
14.294496398709 
14.294708303755 
14.294796087707 
14.295272483383 
14.296875933468 
14.296945558379 
14.297167488704 
14.297167488704 
14.296772105037 
14.296739975646 
14.297142021052 
14.297019844199 
14.296802961156 
14.296548210031 
14.296476731968 
14.296477932521 
14.296526669665 
14.296526669665 
14.296778515476 
14.296690302588 
14.296658780233 
14.296647199776 
14.296078047293 
14.296073826635 
14.296047077294 
14.295927164572 
14.295992934132 
14.296089185487 
14.296292518127 
14.296502103460 
14.296416120266 
14.296805268132 
14.296958404797 
14.296563391061 
14.296517184729 
14.296341576888 
14.296884727010 
14.296893943950 
14.296732550924 
14.296433079843 
14.296874772536 
14.296761346890 
14.296270856119 
14.296405068027 
14.296390330201 
14.296519632617 
14.295687782580 
14.295505271228 
14.295495521154 
14.295560514113 
14.295728552484 
14.295610378711 
14.295485808510 
14.295568986008 
14.295532157436 
14.295300718361 
14.295366037685 
14.295435422541 
14.295689875676 
14.295819898803 
14.296088070728 
14.296559306335 
14.296908212590 
14.296590008404 
14.296593876870 
14.294266730988 
14.294317175909 
14.294271224417 
14.294227162405 
14.294166982651 
14.294536995240 
14.294425676753 
14.294455156341 
14.294615828635 
14.294246070592 
14.294555464711 
14.295074694669 
14.295121476783 
14.294463291694 
14.294358066102 
14.294024226772 
14.294183619398 
14.293538950372 
14.292818315259 
14.293365853847 
14.293342830072 
14.293612003267 
14.293804221699 
14.293425562769 
14.293518224261 
14.293383581799 
14.293070319977 
14.293533763799 
14.294212064442 
14.294656829184 
14.294599006450 
14.295349839250 
14.295098023974 
14.295670944846 
14.295534087959 
14.295480281397 
14.295503588409 
14.295781199096 
14.295625376277 
14.295435237723 
14.294543624949 
14.294917714261 
14.294972807080 
14.295097474638 
14.294770429226 
14.294488957565 
14.294587511230 
14.293331916698 
14.292999387636 
14.292826585037 
14.292830896783 
14.292159757465 
14.291951796214 
14.292314448826 
14.293027455505 
14.292725151897 
14.292719651591 
14.292664033837 
14.292814404952 
14.291854128732 
14.292497197954 
14.292019099322 
14.291745613383 
14.292168358337 
14.292036852320 
14.292467964362 
14.292655269081 
14.292254151641 
14.292228943206 
14.292397138199 
14.293124483700 
14.293081269339 
14.293136412353 
14.292991841233 
14.292581938248 
14.292173681116 
14.291844289785 
14.291364568327 
14.290819673922 
14.291088538580 
14.291394969939 
14.291245244192 
14.291103742079 
14.291678612103 
14.291067054892 
14.291783191683 
14.292102869609 
14.291827344976 
14.292138239225 
14.291924108201 
14.292593388843 
14.292936326198 
14.292732634290 
14.292308870507 
14.294524920734 
14.294460155703 
14.294460155703 
14.294697786630 
14.294823106778 
14.295110607280 
14.295123986855 
14.294997681297 
14.295440988187 
14.295767339937 
14.295723972155 
14.296390355516 
14.296083688468 
14.295917210081 
14.295720097299 
14.295662829417 
14.295674427605 
14.295391136335 
14.295443341330 
14.295376729675 
14.295526804469 
14.295503357977 
14.296267986811 
14.296246868872 
14.296231835444 
14.296417959605 
14.295810660879 
14.296568099551 
14.296469800068 
14.296344668946 
14.295888460989 
14.296813478795 
14.296093938667 
14.296272811844 
14.296679226498 
14.296254859216 
14.296450658522 
14.296178888607 
14.296177175736 
14.296081383126 
14.296708023465 
14.296603339556 
14.296294720727 
14.296133053400 
14.296317312977 
14.296314073695 
14.296279031283 
14.296552386869 
14.294961872525 
14.293810065621 
14.294092946179 
14.293418423656 
14.293437743195 
14.293330026343 
14.292073071811 
14.292862461881 
14.292925109994 
14.292446487424 
14.292203454945 
14.292248774240 
14.293254095448 
14.292877573628 
14.293080168898 
14.292522779465 
14.292782667720 
14.292901913367 
14.292661487788 
14.292522782034 
14.292812996513 
14.293339802525 
14.293806598001 
14.293792410863 
14.293146626051 
14.293498476913 
14.294076541753 
14.293905074401 
14.294099712319 
14.293861736495 
14.294186946517 
14.294129322770 
14.294697635473 
14.295022771100 
14.295791319860 
14.295944906056 
14.295445294117 
14.295619933501 
14.295758949949 
14.295011442420 
14.294882742265 
14.295593513670 
14.295385330900 
14.295373907396 
14.295635628955 
14.295514641460 
14.294859115682 
14.294743597171 
14.294563896480 
14.294621136263 
14.294384489253 
14.294663721761 
14.294714410811 
14.295631481849 
14.295425152155 
14.295354965806 
14.295320300838 
14.295685498120 
14.295699810668 
14.295734979542 
14.295793520599 
14.295905912955 
14.296026794852 
14.296023827660 
14.296038537584 
14.296038537584 
14.295989008808 
14.295776165575 
14.295813173543 
14.294929923811 
14.294879330899 
14.295004214155 
14.294998666947 
14.294997437487 
14.294468876175 
14.294222492983 
14.294323154856 
14.294608344329 
14.294090848457 
14.294259598215 
14.294114842158 
14.293758281839 
14.294062698190 
14.294053605104 
14.293388021323 
14.294686043103 
14.294973286492 
14.295141447679 
14.295063196759 
14.294702702115 
14.294330995565 
14.294194848815 
14.294191578673 
14.294483882237 
14.294449824847 
14.294215870908 
14.293991735068 
14.294149224959 
14.294188028545 
14.294247191345 
14.294261132441 
14.294653551279 
14.295292273814 
14.296022752682 
14.295737229018 
14.294855647867 
14.294860809578 
14.295062760448 
14.295202520811 
14.295204093475 
14.294717223172 
14.294730273422 
14.294983583717 
14.294961581003 
14.294946163946 
14.294747519724 
14.294723252340 
14.294687809832 
14.294744082084 
14.294853656369 
14.294858240841 
14.294763209746 
14.295267240271 
14.295232055261 
14.295269096286 
14.295319047963 
14.295286511312 
14.295296089472 
14.294873335647 
14.294595596977 
14.294644449292 
14.294550155421 
14.294541122450 
14.294722503578 
14.294671651046 
14.294754427210 
14.294751420705 
14.294470457322 
14.294779770516 
14.294758512322 
14.294771571379 
14.295984437745 
14.296321385529 
14.296422839563 
14.295649967064 
14.296119081216 
14.296633650622 
14.296388699273 
14.296348096587 
14.296190924731 
14.296060871525 
14.296001905077 
14.295874782977 
14.296199904165 
14.295664796999 
14.295621718702 
14.295581367349 
14.295903343283 
14.295538009384 
14.295831242490 
14.296150291716 
14.295845138100 
14.296343492628 
14.295350890832 
14.295234438899 
14.295158820370 
14.294876979465 
14.294922108214 
14.294508440254 
14.294797463062 
14.294891511746 
14.294610157932 
14.293680769010 
14.293450206353 
14.293430256209 
14.293096342211 
14.293287866756 
14.293372934305 
14.293265597276 
14.293064513619 
14.293019259704 
14.294227173879 
14.294240626451 
14.294725955183 
14.294792391662 
14.294290736339 
14.294298623182 
14.294326156032 
14.293925800831 
14.293878735828 
14.293811047704 
14.293715703826 
14.293747359955 
14.293837039344 
14.294195940134 
14.294956548291 
14.295278569626 
14.295035232345 
14.294628435938 
14.294792510227 
14.294781748892 
14.294782479945 
14.294764446375 
14.295148519364 
14.295087893931 
14.294810110787 
14.295081564104 
14.295335471819 
14.295290589756 
14.295585831717 
14.295566780948 
14.295788727787 
14.295697862497 
14.295551712026 
14.295781191900 
14.296805890914 
14.297313637792 
14.296367529697 
14.296764389970 
14.296126123357 
14.296066402182 
14.295941799398 
14.295760398812 
14.296005172701 
14.296369201657 
14.296709110417 
14.296715581877 
14.295164021567 
14.295288512103 
14.295355760351 
14.295333593074 
14.295491045188 
14.295383556360 
14.295965014354 
14.294822221285 
14.295169354244 
14.295163295575 
14.295565317245 
14.295587483907 
14.294838398560 
14.295083372193 
14.295040802763 
14.294968709139 
14.295226407707 
14.295008102625 
14.294974353529 
14.294967306112 
14.295339474961 
14.294966335125 
14.294951757651 
14.294859891878 
14.294898457118 
14.294842871622 
14.294880419249 
14.295085702241 
14.295001086627 
14.295402922214 
14.295369603574 
14.294966126174 
14.294807025744 
14.294997483928 
14.294866507430 
14.294563348814 
14.294496004034 
14.294693341845 
14.294957760683 
14.294970819836 
14.294927851950 
14.294811129529 
14.294667429287 
14.294740281685 
14.294511267449 
14.293822158041 
14.293370497822 
14.293516669957 
14.292434099151 
14.292717046893 
14.292545220545 
14.292241183182 
14.292110479251 
14.292417412488 
14.292293319818 
14.292002453817 
14.292670688687 
14.293370342204 
14.293753320524 
14.293680201423 
14.293259924358 
14.293117548164 
14.293071815825 
14.293221067873 
14.294306385157 
14.294113136356 
14.294113136356 
14.294057842513 
14.294168018773 
14.294171456316 
14.294052979578 
14.294351101996 
14.294185100560 
14.294205609299 
14.294201270737 
14.294209507491 
14.294151014791 
14.294111978810 
14.294184954097 
14.294256967822 
14.293885950393 
14.294023695116 
14.293892911553 
14.293791979673 
14.294062632337 
14.293687299735 
14.294189189960 
14.294138155844 
14.293822388935 
14.294431109670 
14.294010575914 
14.294314529615 
14.294567644200 
14.293949362371 
14.294084895640 
14.293946852826 
14.294023825297 
14.294054472967 
14.294033633197 
14.294378430014 
14.294721729343 
14.295496312959 
14.294988483449 
14.294863814010 
14.295167651953 
14.295137693836 
14.294953177196 
14.294921089735 
14.295023850657 
14.295048501749 
14.294930869488 
14.294308587573 
14.295784976125 
14.296234911389 
14.296355764085 
14.296819492907 
14.297230428563 
14.296779730629 
14.297361487677 
14.297131063653 
14.296379540262 
14.296564221337 
14.296739807498 
14.296552529072 
14.296716468806 
14.296343173460 
14.296310339791 
14.296389792830 
14.296165429552 
14.296501275817 
14.296949161642 
14.296943726023 
14.296516268539 
14.296878250842 
14.297004948705 
14.297448398731 
14.297622657760 
14.297585475682 
14.297056055247 
14.297123440304 
14.297688299823 
14.297863718240 
14.297429696401 
14.297894351549 
14.297551170803 
14.296881912462 
14.296838345211 
14.296224183496 
14.296146587692 
14.296061714629 
14.296570832089 
14.296631602549 
14.296374923854 
14.295620618649 
14.296015631485 
14.295974783527 
14.295757828026 
14.295979546677 
14.296137549734 
14.295974559933 
14.295443001836 
14.295875772500 
14.296305586329 
14.296258974215 
14.296276672477 
14.296185106388 
14.295614637282 
14.295651917010 
14.295655813989 
14.295684549955 
14.295472079560 
14.295945994077 
14.296346389296 
14.296042829937 
14.295997350210 
14.295471491146 
14.295597152130 
14.295785598939 
14.295870734558 
14.295916262324 
14.295845191296 
14.296545950901 
14.295936375251 
14.295612077224 
14.294985898091 
14.295023253498 
14.295131500133 
14.295018723124 
14.295159268749 
14.294780461291 
14.294582102425 
14.294417736603 
14.294424215652 
14.294443028855 
14.294461110084 
14.295742499576 
14.295752959349 
14.295600351720 
14.294960409332 
14.295037367784 
14.295922391943 
14.295538059873 
14.295516256939 
14.296038305749 
14.295905682586 
14.295939000249 
14.295921263729 
14.295528334799 
14.295078000709 
14.295343440078 
14.295853304946 
14.295834817551 
14.295674550981 
14.295146248914 
14.295616076494 
14.296139387671 
14.296120235601 
14.296119550953 
14.296410402254 
14.294119016757 
14.294051413110 
14.294132902313 
14.293587412010 
14.293486217055 
14.292940799988 
14.292595547669 
14.292695834498 
14.292709373425 
14.293346628934 
14.293072373962 
14.293188381889 
14.292906464127 
14.293678147665 
14.293369886096 
14.293420261661 
14.292745060115 
14.292919716779 
14.292835952324 
14.293579719527 
14.294194812722 
14.293934807310 
14.294840002681 
14.294149004113 
14.294258005550 
14.294227080727 
14.293675170635 
14.293621061297 
14.293632792585 
14.293727425031 
14.294971739051 
14.295042679576 
14.294853759229 
14.295114661020 
14.295273513524 
14.295522988366 
14.295665230365 
14.295370663346 
14.295014960844 
14.294374429504 
14.294293882622 
14.294198460346 
14.293692030720 
14.293370161568 
14.293027875142 
14.293739684202 
14.293806353030 
14.293766010190 
14.294049148340 
14.294137933719 
14.294385549395 
14.294451426847 
14.294103010200 
14.294590033618 
14.295474830918 
14.295917802425 
14.295990379399 
14.296134457615 
14.295873647593 
14.295927009851 
14.296504822355 
14.296022102274 
14.295986395639 
14.296078396869 
14.296135383919 
14.296451267310 
14.296372758818 
14.296546974610 
14.297172118985 
14.296856690155 
14.296886667178 
14.295745369368 
14.295853071463 
14.295690315732 
14.295585421015 
14.295576012668 
14.295874344535 
14.295903678115 
14.295806834487 
14.295857505888 
14.295879537863 
14.295879537863 
14.295140047229 
14.295377573251 
14.294702314369 
14.294560948512 
14.294608005774 
14.294264173951 
14.294158019951 
14.294994679848 
14.294812249468 
14.294351592761 
14.294141871142 
14.294566433960 
14.294971536474 
14.294723466004 
14.294985728137 
14.294929322547 
14.294898931502 
14.294753306397 
14.294272883463 
14.294407683289 
14.294194635369 
14.294253513403 
14.294200463476 
14.294358871127 
14.293895260596 
14.294022443016 
14.294134853839 
14.294171907814 
14.294802140698 
14.294876506703 
14.295201526355 
14.295191096285 
14.295717121652 
14.296392260102 
14.296232508651 
14.296230895025 
14.296487459730 
14.296399654457 
14.296717220734 
14.296442534370 
14.296197383833 
14.295672649204 
14.295690466718 
14.295947882092 
14.295692588256 
14.296147662777 
14.296134905663 
14.296010121781 
14.296444969249 
14.296338795536 
14.296391323237 
14.296304033172 
14.296282026654 
14.295334067526 
14.296046316805 
14.295839572062 
14.296029939916 
14.296444388635 
14.296894791214 
14.296896325986 
14.296259730984 
14.296220280901 
14.295870134125 
14.296828940233 
14.296552321432 
14.296650971853 
14.297296047871 
14.296894537957 
14.297627296267 
14.297054771810 
14.297196016201 
14.296348235080 
14.296703623163 
14.297350033055 
14.296979580806 
14.296602410191 
14.297188906070 
14.296666327021 
14.296756457174 
14.297236339058 
14.296823845517 
14.296614914264 
14.293927314066 
14.292722262625 
14.293622084233 
14.292997187469 
14.293124493050 
14.292846341333 
14.293220538706 
14.292939759326 
14.293169143536 
14.292632965241 
14.292621432471 
14.292344754446 
14.292114813329 
14.293106848359 
14.292976376858 
14.292959450203 
14.292795541865 
14.293441697589 
14.293105126332 
14.292650133201 
14.293625467615 
14.293813446743 
14.293527610845 
14.293453941589 
14.293453941589 
14.293963041613 
14.293970511411 
14.293953320132 
14.293764908065 
14.294117971597 
14.294013633812 
14.294326772811 
14.294279334820 
14.294645512877 
14.294903136719 
14.295160225038 
14.295221236295 
14.295575760347 
14.295584119943 
14.295849367685 
14.295746280080 
14.295700388761 
14.296315766936 
14.295865684783 
14.295871693618 
14.295970188797 
14.296260166029 
14.295713814558 
14.295050670899 
14.294982381655 
14.294835500418 
14.294904139357 
14.294688028133 
14.294760397791 
14.295494630030 
14.295482194090 
14.295692480158 
14.295444229554 
14.295604965591 
14.295529464523 
14.295688462625 
14.296197367337 
14.295930741680 
14.296498433810 
14.296484838208 
14.296825427928 
14.296955814543 
14.296912231429 
14.296859845523 
14.297136754633 
14.297391883849 
14.297092033847 
14.297098242019 
14.296672272569 
14.296627010802 
14.296595133495 
14.296552814809 
14.296530343522 
14.296735958465 
14.295935970745 
14.296200898664 
14.295867478648 
14.295967327971 
14.295838577280 
14.295610711360 
14.295617179509 
14.295036776976 
14.295631277316 
14.295495284875 
14.295454121672 
14.295458384134 
14.295906631568 
14.295801205850 
14.295543638459 
14.294861247071 
14.294710735195 
14.294908442040 
14.294438953528 
14.294856911402 
14.295013576786 
14.295594276988 
14.296255381576 
14.295666355510 
14.296245771134 
14.296095679408 
14.295846529544 
14.295747688464 
14.296142077614 
14.296051951382 
14.295777257966 
14.295606719410 
14.295384084665 
14.295514530257 
14.295602775536 
14.295545484646 
14.295443839889 
14.295365780181 
14.295360409123 
14.295193677111 
14.294667844483 
14.293923644825 
14.293905921705 
14.294082063447 
14.294367841934 
14.294156813191 
14.294065020770 
14.293777437944 
14.293740689397 
14.294061611848 
14.293180222323 
14.294220591062 
14.294169338487 
14.293775573355 
14.293792430463 
14.294625460929 
14.294801697140 
14.294576980286 
14.294441792954 
14.294434475479 
14.294480869028 
14.294587146137 
14.295243809541 
14.295146282948 
14.295310045348 
14.295852401564 
14.295828188391 
14.295248010155 
14.295731894262 
14.295993479581 
14.295224062154 
14.295534671059 
14.295272466593 
14.295422324480 
14.295093299527 
14.295073680000 
14.295037445951 
14.294650813122 
14.294973052516 
14.294965832482 
14.294766168990 
14.294559792598 
14.294889444237 
14.294886635008 
14.294869569344 
14.293734012240 
14.293854521495 
14.293654657610 
14.292934604845 
14.293639678131 
14.293957174299 
14.294006942528 
14.293896879031 
14.294410316155 
14.293198068783 
14.293463771543 
14.294559881881 
14.294148513426 
14.294302999970 
14.293578946740 
14.293785951052 
14.293443980002 
14.293477601719 
14.293436743514 
14.293219909555 
14.293359386066 
14.294139504119 
14.294442056211 
14.294615114535 
14.294963264649 
14.295039473632 
14.294981791186 
14.294514563685 
14.294419318750 
14.294396644155 
14.294341337644 
14.294341337644 
14.294476318321 
14.294216999239 
14.294042236140 
14.293511623796 
14.294101835365 
14.293843931050 
14.294242247469 
14.294793458048 
14.294825720036 
14.294342401917 
14.294336021314 
14.294616627527 
14.294410921505 
14.293978047435 
14.293423734832 
14.293755884431 
14.293643675976 
14.293382375307 
14.293407503748 
14.293618113295 
14.293503367313 
14.293277419044 
14.293523461927 
14.293614237844 
14.293853239412 
14.293854689486 
14.293852290049 
14.293791005432 
14.294460909416 
14.294605654332 
14.294624267247 
14.294763249683 
14.294028950350 
14.293690885553 
14.293519040225 
14.293722994560 
14.293757939795 
14.293994109162 
14.294089661832 
14.294168529026 
14.294434410092 
14.294335537535 
14.294193618997 
14.294400211049 
14.294326186683 
14.294167429350 
14.293839634686 
14.293587056513 
14.293509632622 
14.294945828469 
14.294876452182 
14.294856827772 
14.294861773751 
14.294863298137 
14.295234840728 
14.295467081513 
14.295366110709 
14.295074728105 
14.295086413632 
14.295762469328 
14.295054441810 
14.294898028028 
14.294793729546 
14.294282988465 
14.293941001622 
14.294271621384 
14.294630562923 
14.294604360591 
14.294704127170 
14.294551139954 
14.294742166459 
14.295098208747 
14.295012475824 
14.295020392088 
14.295072880230 
14.295208335159 
14.295899817653 
14.295765869974 
14.295396443011 
14.295296070303 
14.295629368192 
14.295772216135 
14.295790567706 
14.296110978309 
14.295682297689 
14.295962071849 
14.292732082999 
14.292787506867 
14.293420411140 
14.293410063213 
14.293778748876 
14.293594440080 
14.293812290223 
14.293164140285 
14.293111087536 
14.294089301019 
14.294292502846 
14.294168751614 
14.294014292675 
14.294627610107 
14.294994100398 
14.294673937300 
14.294423505017 
14.294343503078 
14.294242613106 
14.294276572210 
14.294064998659 
14.294248412800 
14.294065366789 
14.293960251281 
14.293376292323 
14.293660515108 
14.293921774447 
14.294609356810 
14.294327337595 
14.295204293730 
14.295972147893 
14.295213709545 
14.295217538676 
14.295050080276 
14.295120076294 
14.294546257367 
14.294016392088 
14.293852219239 
14.294085816385 
14.293560391923 
14.293936222998 
14.294516560888 
14.294676576303 
14.294918263829 
14.294570818548 
14.293464080830 
14.292848328522 
14.292855284213 
14.293177623425 
14.294063386670 
14.294071536879 
14.293991741777 
14.294048320040 
14.294224633559 
14.294526481337 
14.294672787398 
14.294550136813 
14.294144388132 
14.294548930681 
14.294554045526 
14.294519291705 
14.294587845819 
14.295431745382 
14.295749665746 
14.296134970103 
14.295661704917 
14.295322044035 
14.295542620652 
14.295493582288 
14.295606804372 
14.295551429426 
14.295490893919 
14.295297328145 
14.295356301594 
14.295243051591 
14.295415588239 
14.295819338957 
14.296754123504 
14.295985761024 
14.295853702862 
14.295675365876 
14.295211842613 
14.295237493810 
14.295344636474 
14.295077040332 
14.295772327221 
14.295683441530 
14.295881626508 
14.296701316043 
14.296381763008 
14.296776791013 
14.296706022493 
14.296099678015 
14.295739748282 
14.293844277601 
14.293132955340 
14.292662675487 
14.293203001892 
14.293627400422 
14.293317760973 
14.293326753807 
14.293243920685 
14.292907684360 
14.293350842491 
14.293170138229 
14.292891366223 
14.293557051291 
14.293899199314 
14.293768735600 
14.293524087113 
14.293511630133 
14.293535821893 
14.293296189817 
14.293317459850 
14.293344379606 
14.293489796170 
14.293650025643 
14.293147888707 
14.293287389957 
14.293692450152 
14.293544358309 
14.293493886558 
14.293412054900 
14.292754122062 
14.293992691740 
14.294312153551 
14.294159280747 
14.294155576476 
14.294157515128 
14.294250335064 
14.294250335064 
14.294064552032 
14.294080962468 
14.293911178687 
14.293364886273 
14.293221803573 
14.293153047689 
14.293391783868 
14.293308602727 
14.293127608006 
14.292914169485 
14.292897842407 
14.293107824701 
14.293337401074 
14.292943620031 
14.292588493201 
14.292517183684 
14.292191301305 
14.292538342569 
14.292475757115 
14.292816960477 
14.292670855077 
14.292807142542 
14.292357154448 
14.292958598659 
14.292685680346 
14.292933603413 
14.292960317459 
14.292877212846 
14.292174863114 
14.292748078248 
14.293371152264 
14.292801370562 
14.293225086333 
14.294209542266 
14.293852148024 
14.294453995519 
14.293867671639 
14.294240149395 
14.294849009071 
14.295046830294 
14.295412369257 
14.294986382439 
14.295172863258 
14.294919563323 
14.294919563323 
14.294864062424 
14.294291495522 
14.294291057388 
14.294361049733 
14.294305782104 
14.294385690620 
14.294359941712 
14.293878767608 
14.293862053120 
14.293778293727 
14.294037618142 
14.293912415841 
14.296034716078 
14.296067012113 
14.296195263467 
14.295992530497 
14.295671382342 
14.295699151651 
14.295852260408 
14.296610318215 
14.296598748086 
14.296777489729 
14.296918691836 
14.296771885337 
14.297314845173 
14.297444350605 
14.297074906513 
14.296284357767 
14.296125810330 
14.296024009425 
14.295415488118 
14.295380314687 
14.295523056381 
14.295430331990 
14.295447385230 
14.295161980168 
14.295268540945 
14.295268540945 
14.295605445726 
14.295569202088 
14.295274728678 
14.295289764553 
14.295215874860 
14.295098795573 
14.295026450101 
14.295714442575 
14.295361556524 
14.294426681893 
14.294543557314 
14.294538638157 
14.293937034208 
14.293949788018 
14.293816834553 
14.293580743781 
14.293495966975 
14.293453644063 
14.293367104847 
14.293473372155 
14.293528801970 
14.293830571374 
14.293624735872 
14.293835412234 
14.295290016443 
14.295396333633 
14.295508470278 
14.295429878987 
14.295833249461 
14.295752170378 
14.295911480597 
14.295868999413 
14.295870956870 
14.295349946287 
14.295534207099 
14.295560689695 
14.295711800000 
14.296082049225 
14.296165050810 
14.295944441264 
14.296067916085 
14.295598707903 
14.295580204323 
14.295596261159 
14.295875399006 
14.295927438601 
14.295864106636 
14.295933605305 
14.295571564141 
14.295541759798 
14.295411762051 
14.295368977930 
14.295044126264 
14.294661416835 
14.294672769055 
14.294647594533 
14.294219001491 
14.294701254996 
14.295280882127 
14.295264034473 
14.294687845108 
14.294684186863 
14.294909558029 
14.295202300325 
14.295140466114 
14.295131504019 
14.295131504019 
14.295145856729 
14.296139611731 
14.296076958942 
14.295119010579 
14.295046023994 
14.295291641324 
14.295159103347 
14.295071917806 
14.295072483976 
14.295006275190 
14.295016103427 
14.295382328157 
14.295377960580 
14.294740897681 
14.294497333950 
14.294420541309 
14.294109086256 
14.294111221524 
14.294988715124 
14.295050642416 
14.295155849199 
14.295646014340 
14.295500214628 
14.295740970767 
14.295789832070 
14.296134833475 
14.295805430380 
14.295340333631 
14.295509243620 
14.295612103559 
14.295490134874 
14.294858124799 
14.294715112599 
14.294896059864 
14.294919794067 
14.294953551735 
14.294742336840 
14.294453269826 
14.294358316353 
14.293590952756 
14.293690148017 
14.294174159590 
14.294376560655 
14.294883970398 
14.294674930979 
14.294729937360 
14.294712574236 
14.293941644295 
14.294292990734 
14.294563253179 
14.293888142010 
14.293894866337 
14.294491060650 
14.294756978807 
14.294304467719 
14.294395797934 
14.294209793724 
14.294043331637 
14.294011877053 
14.293704478294 
14.293729899599 
14.293636261809 
14.293729589527 
14.293032296947 
14.293309529605 
14.293479191445 
14.293493886663 
14.293906930483 
14.294188862721 
14.294363329533 
14.294685132835 
14.294625458977 
14.294638407336 
14.294847912861 
14.295184627206 
14.295397891458 
14.295574676458 
14.295459152212 
14.295695237190 
14.295936211915 
14.296095919867 
14.295916168932 
14.296202187809 
14.296819129180 
14.296707190381 
14.296449749065 
14.296096625241 
14.295784393770 
14.295901930638 
14.295752020669 
14.295940037892 
14.295520053507 
14.295641806939 
14.295634982711 
14.295469639289 
14.294977976360 
14.295499796887 
14.294977288694 
14.294823637316 
14.294748827991 
14.294750967259 
14.294900351987 
14.294900351987 
14.294960456822 
14.294767536628 
14.295028848296 
14.295283322717 
14.295153723408 
14.296006164216 
14.296019531759 
14.296816120636 
14.296946091753 
14.296730891840 
14.296929206526 
14.296918612105 
14.297477250168 
14.297455366196 
14.297594926951 
14.297339799834 
14.295790539033 
14.295250247895 
14.295441665282 
14.295103573714 
14.295043745758 
14.295153818130 
14.295310468328 
14.295301272281 
14.295301272281 
14.295361198143 
14.295251430742 
14.295195828458 
14.295191432532 
14.295439708662 
14.295669022807 
14.295599584421 
14.295422051710 
14.295433814641 
14.295793053313 
14.295485364040 
14.295575030090 
14.295318541558 
14.295398911621 
14.295386633362 
14.295336913840 
14.295336913840 
14.295354052621 
14.295620852894 
14.295851723688 
14.295675296934 
14.296173144794 
14.295565708017 
14.294183639846 
14.294616515946 
14.294371381492 
14.294220619657 
14.294702324946 
14.295257428079 
14.295506489879 
14.295531708954 
14.294772506077 
14.293592091884 
14.293509554657 
14.293597994625 
14.294027324888 
14.293651145849 
14.293651145849 
14.293304001818 
14.294214101369 
14.294236028659 
14.294212011549 
14.291385080187 
14.292081314322 
14.291976668040 
14.292336275742 
14.292598991571 
14.293011760527 
14.293519113159 
14.293256936585 
14.292678431953 
14.293131168196 
14.292954895504 
14.293148685013 
14.292822425692 
14.293213455556 
14.293345672189 
14.292787294855 
14.292780231562 
14.292857116675 
14.293183778081 
14.295553396905 
14.295470655491 
14.295905256356 
14.295780585498 
14.295506576521 
14.295216079926 
14.294930054064 
14.295062907522 
14.295076553196 
14.294924936183 
14.295273633928 
14.295383717404 
14.295404899166 
14.295781808685 
14.296524245765 
14.296349718748 
14.296280663067 
14.296687124843 
14.296703779889 
14.296506753228 
14.296262325669 
14.296135963203 
14.295923086960 
14.295866286519 
14.295600993262 
14.295456342892 
14.295460606839 
14.295786011776 
14.295727702868 
14.295260151114 
14.295308509083 
14.295361261619 
14.295172491261 
14.295303824228 
14.295307447908 
14.294763507360 
14.294408639837 
14.294284240345 
14.294786972560 
14.294408643477 
14.294457549286 
14.294432594168 
14.293798433575 
14.293903657422 
14.294519361693 
14.294692788069 
14.294691939199 
14.294801391803 
14.294562612770 
14.294734395324 
14.294807062116 
14.294455966478 
14.294503616751 
14.294657779125 
14.294591481807 
14.294763131467 
14.294760319849 
14.294844908957 
14.294767175083 
14.294815476432 
14.294989404508 
14.295026542717 
14.295078667017 
14.294706678527 
14.293951945476 
14.294795352579 
14.294203669632 
14.293847814359 
14.293911538198 
14.293980138322 
14.293846761561 
14.294151458971 
14.294153209628 
14.294022333986 
14.294179672182 
14.294063945340 
14.294063945340 
14.294072378752 
14.293861235399 
14.293769461277 
14.294056915823 
14.294012206898 
14.294012206898 
14.294159517581 
14.294088166700 
14.294157466608 
14.293804822754 
14.294053854384 
14.293679920541 
14.293343476862 
14.292413091846 
14.292490390756 
14.292684866604 
14.293356668143 
14.294661456918 
14.294554360399 
14.294531471862 
14.294376982553 
14.294346328437 
14.294399772479 
14.294355417022 
14.294771111064 
14.294803737149 
14.294367864055 
14.294718511436 
14.294825368623 
14.295224357209 
14.295516653518 
14.294618054536 
14.294776506153 
14.295369007341 
14.295309620520 
14.295089760901 
14.295086429703 
14.294993616105 
14.294906215761 
14.295777302878 
14.295810687332 
14.296091620222 
14.295737574955 
14.295762666495 
14.295817584552 
14.295850828429 
14.295708926196 
14.295749686042 
14.295435174160 
14.295216085205 
14.295170307550 
14.295474504668 
14.295496602521 
14.295165872521 
14.295605439685 
14.295889973408 
14.295528951358 
14.295591164326 
14.294865703785 
14.294429505142 
14.294212141955 
14.293883631215 
14.293927837447 
14.295301649936 
14.295808427489 
14.296016386351 
14.296357255062 
14.295721507637 
14.295683491995 
14.295135335668 
14.295098255085 
14.296902463750 
14.296398380237 
14.296143356098 
14.295993086419 
14.296215257450 
14.295937800025 
14.295905198337 
14.296356662103 
14.296725526615 
14.297468294630 
14.296463898154 
14.296893749814 
14.297139035713 
14.297065335289 
14.296862375540 
14.296859687086 
14.296257406018 
14.295797942926 
14.296206988934 
14.296229809349 
14.295789040406 
14.296048819301 
14.295899365798 
14.295899365798 
14.295848458046 
14.295681894330 
14.295477138708 
14.295485593541 
14.295106497709 
14.294829203375 
14.295110937616 
14.294721804604 
14.295767418629 
14.295950565689 
14.295805456326 
14.296081212061 
14.296103800283 
14.295816081128 
14.297102120375 
14.296816633782 
14.295839198149 
14.295724848271 
14.295418057929 
14.295266897581 
14.295473650316 
14.295424424555 
14.296114369222 
14.296033291012 
14.295937498901 
14.296214438495 
14.295950371106 
14.295883801643 
14.295890549201 
14.295749128106 
14.295746950748 
14.295731617051 
14.295731617051 
14.295731617051 
14.295680435258 
14.295599104473 
14.295760396263 
14.295760396263 
14.295253829461 
14.295183141205 
14.295147955503 
14.294655600463 
14.294435880233 
14.293703333818 
14.292250552180 
14.293415740969 
14.293806914718 
14.292905137862 
14.293375574275 
14.293475217174 
14.293426164121 
14.294069506289 
14.294017043003 
14.293748097915 
14.293749130044 
14.294676231172 
14.293996432673 
14.294058988400 
14.293900199681 
14.293988880625 
14.292613723704 
14.292696133976 
14.293885839577 
14.293273820061 
14.292997760926 
14.292466543337 
14.292462511111 
14.293644950295 
14.293912374306 
14.293712316954 
14.293651504585 
14.293638936229 
14.293742848023 
14.293091407253 
14.293262240737 
14.293202832635 
14.292720680561 
14.292848251964 
14.292814292109 
14.293197751792 
14.293412111455 
14.293572420443 
14.293680515084 
14.293729401397 
14.294822912175 
14.294990999808 
14.294565838982 
14.294474240979 
14.294325252227 
14.293865293243 
14.294380354911 
14.294149599539 
14.294006878278 
14.294485002699 
14.294261672710 
14.294558322408 
14.294552751414 
14.294519589516 
14.294020733726 
14.293952957593 
14.294316830628 
14.294038782790 
14.293689395796 
14.293618789971 
14.293296330306 
14.294028596091 
14.294550917216 
14.294410027414 
14.294855924097 
14.294387367930 
14.292536269448 
14.293750343291 
14.293958282630 
14.293680503867 
14.293692240727 
14.293809641095 
14.294168003629 
14.294213122418 
14.294882067561 
14.294583756890 
14.294622970585 
14.294081506073 
14.293108596999 
14.293391554675 
14.294147017294 
14.293514293475 
14.293571022804 
14.294175652331 
14.294236867489 
14.293981510486 
14.294104034491 
14.293911451567 
14.294114492715 
14.293984399237 
14.293939891362 
14.293989348050 
14.294046270532 
14.294197650934 
14.294197650934 
14.294131913567 
14.294158567044 
14.294079282052 
14.293991549195 
14.293991549195 
14.293975889046 
14.293878230850 
14.294033965775 
14.293973851467 
14.293973539582 
14.294139033303 
14.294120230384 
14.294459183332 
14.294447009125 
14.294556619163 
14.295004967797 
14.294572126156 
14.294489701989 
14.294518340366 
14.294615786583 
14.294302304028 
14.294360033389 
14.294425573060 
14.294382100182 
14.294395528615 
14.294394520027 
14.294266146861 
14.294599850174 
14.294626993037 
14.294464974080 
14.294835059477 
14.295071944298 
14.294951496926 
14.295020725497 
14.295300823077 
14.295300837455 
14.295871161527 
14.295911984017 
14.296654833015 
14.296839590557 
14.296763432441 
14.297392438964 
14.296731414211 
14.297097105291 
14.296222467419 
14.296366519326 
14.296710898545 
14.296870288534 
14.296824811172 
14.297068966891 
14.297186513185 
14.298303058399 
14.297935619683 
14.298126673656 
14.297473726567 
14.297093782822 
14.297123088563 
14.297023556538 
14.297131502790 
14.296606537198 
14.296963039265 
14.296645275400 
14.296463502888 
14.296356892354 
14.297623274691 
14.293827688513 
14.294025287326 
14.293876964945 
14.293466808232 
14.293649852751 
14.294191834423 
14.294286541030 
14.294158630295 
14.293918281612 
14.294072733095 
14.294421287657 
14.294406184090 
14.294417053005 
14.294883238220 
14.294547303660 
14.294380837699 
14.294756034932 
14.294575088733 
14.295062220734 
14.294368431590 
14.294580854103 
14.294729573035 
14.294886363583 
14.295045893167 
14.295054612200 
14.295053990145 
14.295149709585 
14.295167557552 
14.294770465549 
14.294897762703 
14.294839022230 
14.294689860617 
14.294221660794 
14.294897406387 
14.294841291715 
14.295215138769 
14.294941696126 
14.294975014700 
14.295074746405 
14.294620978232 
14.294504943619 
14.294471044351 
14.293425859848 
14.293949045964 
14.293540196615 
14.293518461928 
14.293627528168 
14.294010649068 
14.294044765120 
14.294159365044 
14.294020928549 
14.294013025213 
14.294321702341 
14.294314470097 
14.294381496789 
14.294381496789 
14.294751030062 
14.294872923596 
14.294872923596 
14.295640461139 
14.295694734131 
14.295565871715 
14.295303328343 
14.295151252969 
14.295039349376 
14.294868537039 
14.294868537039 
14.294656792737 
14.294623682640 
14.294623682640 
14.294885672024 
14.294570222290 
14.294568003146 
14.294757205681 
14.294131154179 
14.294155764614 
14.294270835980 
14.294640212155 
14.294842379816 
14.294904762620 
14.294788535987 
14.294887071154 
14.295220943147 
14.295126064141 
14.295210240263 
14.295674128814 
14.295367897689 
14.295453208262 
14.295646345478 
14.295681100708 
14.295697315191 
14.295697315191 
14.295653251521 
14.295561158703 
14.294816347633 
14.294840372544 
14.294903181031 
14.295285460540 
14.295125144235 
14.295099690734 
14.295088349362 
14.294942364001 
14.294990220346 
14.296037574422 
14.296398315491 
14.295635968406 
14.296074596369 
14.295975212971 
14.296615598465 
14.296369325455 
14.295743627364 
14.295233759621 
14.295718303443 
14.295830578294 
14.295693343031 
14.295366522343 
14.295467471448 
14.295597353977 
14.295194756932 
14.295795712828 
14.296395267076 
14.296406039365 
14.296410351550 
14.295484068759 
14.296249109200 
14.296311609653 
14.296840782860 
14.296115809226 
14.296720046349 
14.296929659922 
14.296777229661 
14.297384625556 
14.297530724305 
14.297155406095 
14.296275882796 
14.295779433822 
14.295905277789 
14.295848580340 
14.295625013340 
14.294767220637 
14.294760772120 
14.294929409512 
14.294882790481 
14.295145438041 
14.295121972859 
14.295150389959 
14.295135331090 
14.294976980041 
14.295157302427 
14.295149854851 
14.294835926873 
14.294857919892 
14.295098117960 
14.295086587310 
14.294528943013 
14.294219729533 
14.293980591433 
14.294448910009 
14.294452466921 
14.294377143775 
14.294344763038 
14.294277259415 
14.294066322619 
14.294424872052 
14.294258680351 
14.294827789827 
14.294827789827 
14.294722682978 
14.294568402969 
14.294267785543 
14.294426518488 
14.294430900728 
14.294548923969 
14.294219103196 
14.293942991638 
14.294218878518 
14.293896848017 
14.293862694044 
14.293894590141 
14.294161815326 
14.293225281284 
14.293048628070 
14.294144829632 
14.294431810244 
14.294266809583 
14.294738374813 
14.295193887442 
14.295359226253 
14.293483571653 
14.293483571653 
14.293885578717 
14.294644563807 
14.294609444533 
14.294427588186 
14.293924885149 
14.293996300290 
14.294501771431 
14.294474055003 
14.294505664851 
14.294449402750 
14.294451610237 
14.294451610237 
14.294435491256 
14.294638883659 
14.294321074892 
14.294475390420 
14.294482433915 
14.294305033507 
14.294227128960 
14.294079838584 
14.294022565964 
14.294166064000 
14.293920976401 
14.293920976401 
14.293882119638 
14.294416222642 
14.294425468299 
14.294807772572 
14.294519465192 
14.294252677552 
14.294660587770 
14.294508458989 
14.294914650361 
14.295321107798 
14.295218827687 
14.295477505045 
14.295324839207 
14.295417236203 
14.295274943020 
14.295227258351 
14.295069143378 
14.294932849779 
14.294997853194 
14.294989281065 
14.295154290749 
14.294992773057 
14.294750444097 
14.294863181307 
14.294441581738 
14.294828372720 
14.294331061697 
14.294467595682 
14.294594625195 
14.294741410604 
14.294736136723 
14.294912819000 
14.294853227239 
14.294787653784 
14.294378361767 
14.294678477161 
14.294442552081 
14.295198831344 
14.295233055003 
14.295265440331 
14.295461721837 
14.295455884450 
14.295577505442 
14.295853315035 
14.295483172893 
14.295533090053 
14.295517081721 
14.295369640890 
14.295430003069 
14.295388603099 
14.295754926905 
14.295632907958 
14.295683892687 
14.295759871928 
14.295802145348 
14.295840846156 
14.296520406742 
14.296385680516 
14.296069149371 
14.295993654469 
14.295425483160 
14.295605663220 
14.295712457390 
14.295932669800 
14.295697403145 
14.295386781027 
14.294992431714 
14.295250921172 
14.295524518220 
14.295761264876 
14.296006161788 
14.295902479314 
14.295805899418 
14.296095504996 
14.296070494161 
14.295856933662 
14.296040572468 
14.295926045423 
14.294432319419 
14.294735783199 
14.293506853635 
14.294286208766 
14.294327749642 
14.294373560019 
14.294361533262 
14.294321862787 
14.294468420829 
14.294866430204 
14.294622432254 
14.294630479358 
14.294618555250 
14.294532816587 
14.293960471046 
14.294003699414 
14.293974258919 
14.293764475495 
14.293935594317 
14.293988549252 
14.294383827198 
14.294792416319 
14.295120495641 
14.294627921414 
14.294724364776 
14.294681642361 
14.294344836314 
14.294359018039 
14.293781116836 
14.293628799873 
14.294030275323 
14.293859530531 
14.294405136577 
14.293834178040 
14.293950470184 
14.293975617399 
14.293873054713 
14.294101008737 
14.294041917397 
14.294059194307 
14.294107859606 
14.293940977080 
14.294324840712 
14.293966764094 
14.294701618592 
14.294804679705 
14.294735263786 
14.294496324747 
14.294266642067 
14.293726771549 
14.293901871010 
14.293923869580 
14.293296804623 
14.293617129743 
14.293652273500 
14.293559902431 
14.294010272390 
14.293820821722 
14.293692138770 
14.294052549296 
14.293446654488 
14.293792353484 
14.293889980326 
14.293914435014 
14.293844731300 
14.293704266708 
14.293573129748 
14.293588150668 
14.293588150668 
14.293588150668 
14.293041247207 
14.293046948167 
14.293378022422 
14.293221952238 
14.293118498412 
14.293625212091 
14.293128119826 
14.292883396317 
14.292989080805 
14.292901647501 
14.292976100639 
14.293354764163 
14.292977185700 
14.293731586355 
14.293694483903 
14.293008636657 
14.292292250333 
14.292031595265 
14.292006826372 
14.292418992702 
14.292652350403 
14.292749800776 
14.292977042197 
14.293245653926 
14.293214353595 
14.293318870003 
14.293015593342 
14.292675030572 
14.293460558455 
14.292921374099 
14.292899763839 
14.293032556978 
14.293984476196 
14.292984361491 
14.293203513286 
14.293048543972 
14.293073012229 
14.293094604802 
14.293023773644 
14.293216121782 
14.293362692138 
14.294839588777 
14.294575485682 
14.294617200418 
14.294978974223 
14.294815900397 
14.294439508746 
14.294538726568 
14.293855440830 
14.293905984328 
14.293713228538 
14.293734138929 
14.293624212771 
14.293896655261 
14.294241146184 
14.293571419450 
14.294154236405 
14.294390057130 
14.294567670608 
14.294927147642 
14.295424873248 
14.295445492279 
14.295445492279 
14.295283379196 
14.295309013755 
14.295296930867 
14.295468995615 
14.295461068272 
14.295126565442 
14.295196538965 
14.295132438830 
14.295128761110 
14.295324869859 
14.295245512174 
14.294981728830 
14.295822342972 
14.295495538826 
14.295111177775 
14.294093049516 
14.294761829258 
14.294786127972 
14.294894246821 
14.294894246821 
14.294896635430 
14.295565243368 
14.295432660742 
14.295647844821 
14.294956228058 
14.294842622222 
14.294883508888 
14.294663840468 
14.294482961231 
14.294559587325 
14.294669669152 
14.294942469375 
14.295135008339 
14.295126501496 
14.294567277709 
14.294278519515 
14.295413109149 
14.295585544188 
14.295135222436 
14.295273086448 
14.294992115126 
14.294755083734 
14.294847339564 
14.294800317682 
14.294767764751 
14.296567025671 
14.296876698848 
14.296858653984 
14.296946290202 
14.296485981873 
14.296710349202 
14.296592658444 
14.296626652818 
14.296163914405 
14.295990862980 
14.296377415783 
14.296293600877 
14.296299873254 
14.296300562172 
14.296300562172 
14.296588633894 
14.296224126416 
14.296113608204 
14.295735808349 
14.295757794408 
14.295808881744 
14.295487187324 
14.295696872870 
14.295829777751 
14.295979949072 
14.295275444256 
14.295775473539 
14.295816736329 
14.296127700080 
14.296494577876 
14.295912435455 
14.296026588899 
14.295507327700 
14.295967312827 
14.295736591215 
14.295779633214 
14.295871642495 
14.296242346303 
14.296638730352 
14.296271665619 
14.297083529117 
14.297018226671 
14.297116178374 
14.297844690820 
14.297277058041 
14.297029759823 
14.297126415811 
14.297090564347 
14.297539220450 
14.297660595408 
14.297664700734 
14.297419261255 
14.295526999084 
14.295570965621 
14.295278639322 
14.295377901836 
14.295373835936 
14.295771493046 
14.295652471323 
14.295378426898 
14.295193277278 
14.294294735579 
14.294495355249 
14.294474337510 
14.294059920768 
14.294115517183 
14.294199234743 
14.294156592685 
14.294367506124 
14.294423451465 
14.294758717084 
14.294891998840 
14.295071171863 
14.295012861573 
14.295234933607 
14.295363769145 
14.295264041386 
14.295230884799 
14.294765326951 
14.294759690182 
14.294759690182 
14.294725409289 
14.294459644107 
14.294468402417 
14.293828197449 
14.293304235216 
14.293887815088 
14.293494124017 
14.293418635262 
14.293341767123 
14.293372245794 
14.293036201879 
14.293047601272 
14.292442252757 
14.296026750043 
14.295987452710 
14.296088315639 
14.295840608520 
14.295735244120 
14.295794356450 
14.295713598165 
14.295566572966 
14.295771312207 
14.295800994608 
14.295647994333 
14.295120038737 
14.295165035163 
14.295673696547 
14.294724678576 
14.294797016665 
14.294779257960 
14.294765166902 
14.294791901749 
14.294551644440 
14.294804999396 
14.294797896771 
14.294774531455 
14.294490430002 
14.294498307793 
14.294588111539 
14.294781808541 
14.294854050262 
14.294354805281 
14.294426583562 
14.294533486384 
14.294508218804 
14.294800271566 
14.295167894045 
14.295186751649 
14.295105132628 
14.294787079580 
14.294796455187 
14.294796455187 
14.294863252423 
14.294893118255 
14.294894192867 
14.295052649768 
14.294387570774 
14.294698265165 
14.295040808878 
14.295557255007 
14.296022282444 
14.295697423370 
14.295494854465 
14.295174779191 
14.294459918516 
14.294309308643 
14.296407696429 
14.296125022749 
14.296358666479 
14.296624986222 
14.296179209268 
14.296438898038 
14.296049480516 
14.296137076647 
14.295345606942 
14.295676407216 
14.295871286966 
14.295228448336 
14.295242222920 
14.295602330385 
14.295504574024 
14.295070716271 
14.295140169639 
14.294908766271 
14.294757202086 
14.294833812746 
14.294781513987 
14.294584985087 
14.294733132377 
14.295066364334 
14.295250795883 
14.295220137980 
14.294934538209 
14.294793731582 
14.294782711440 
14.295647359941 
14.295496991410 
14.295823042222 
14.295620769307 
14.295618252710 
14.295768727527 
14.295580701181 
14.295479635622 
14.295347642155 
14.295410495932 
14.295405331564 
14.295254188757 
14.294462959348 
14.294626521899 
14.294532295602 
14.294506626360 
14.294222688903 
14.293842022919 
14.294572066901 
14.294299612051 
14.294314010499 
14.294430397223 
14.294222457671 
14.294191569474 
14.294083787104 
14.294141783671 
14.294024358380 
14.294070718221 
14.294121077899 
14.293933894486 
14.294130430983 
14.294250618955 
14.293752023912 
14.293752023912 
14.293752023912 
14.293872303933 
14.293872303933 
14.293975983233 
14.293941287939 
14.293941287939 
14.293977065891 
14.293163373312 
14.293188958989 
14.293535650608 
14.293905089683 
14.294559562944 
14.294869918433 
14.294597244938 
14.294586125074 
14.294480253003 
14.294574166545 
14.294432198915 
14.294824641638 
14.295603877120 
14.296017349635 
14.295708224199 
14.296334427550 
14.296307786408 
14.295968559714 
14.296119011680 
14.295755294644 
14.296074165314 
14.296484593016 
14.296430482203 
14.296114338888 
14.295727548760 
14.295659116375 
14.295677017703 
14.295958458114 
14.296024532332 
14.295979544936 
14.295956673510 
14.295680763536 
14.295565753285 
14.295298303044 
14.295410872326 
14.295492305574 
14.295371425697 
14.294981060510 
14.295007285171 
14.295418286807 
14.295110492017 
14.294913607507 
14.294509541348 
14.293298061832 
14.293294234512 
14.293723219504 
14.293861665661 
14.293759838698 
14.293237650845 
14.294367880553 
14.294523338666 
14.294043310218 
14.294073406935 
14.294020413184 
14.294113695064 
14.293515607751 
14.293508838914 
14.294202416033 
14.294195102591 
14.294274851296 
14.294559280727 
14.294946469807 
14.294882037951 
14.294882037951 
14.295060007268 
14.294524181649 
14.294271289608 
14.294453841624 
14.294637900380 
14.294643856757 
14.294628585705 
14.295089291913 
14.294910009769 
14.295251305179 
14.294429073349 
14.294411295714 
14.294440292444 
14.294057541871 
14.294078881381 
14.294331284461 
14.294093383916 
14.293972788934 
14.293840571428 
14.293864704913 
14.293864704913 
14.293624833024 
14.293915483577 
14.294526766760 
14.294537486899 
14.294409382044 
14.294423320632 
14.294505010390 
14.294595022255 
14.294198032079 
14.294225020789 
14.294224557666 
14.294274214289 
14.294111117293 
14.294269992149 
14.294222751993 
14.294260763095 
14.294139466588 
14.293980738036 
14.293533556903 
14.293691773658 
14.293847333212 
14.293739271771 
14.293838264047 
14.293790592594 
14.293868214283 
14.294202892545 
14.294269961089 
14.294293568522 
14.293538018396 
14.293659606316 
14.293085729944 
14.293146743713 
14.293225360153 
14.293346711963 
14.293547869378 
14.293710674696 
14.293954327982 
14.294044911142 
14.293140700729 
14.293183591518 
14.293510685920 
14.293667837623 
14.293795166491 
14.293861359471 
14.293699408750 
14.293756541623 
14.293716296651 
14.293808416858 
14.293784121603 
14.293674249726 
14.293713383339 
14.293897321418 
14.294290174700 
14.294313446957 
14.294379203504 
14.294376791241 
14.294475053980 
14.294442003118 
14.294442003118 
14.294442003118 
14.294442003118 
14.294568586417 
14.294435766272 
14.293997622201 
14.293987449599 
14.293992028926 
14.294121786234 
14.293900477097 
14.293738556917 
14.293468261565 
14.293716445709 
14.292956806767 
14.292459778894 
14.293306066008 
14.294201832054 
14.294635199463 
14.294529757560 
14.294966221564 
14.295025620342 
14.294277313946 
14.293860022742 
14.295901707937 
14.295721374725 
14.296083259897 
14.295865619164 
14.296561163166 
14.296477474303 
14.296845773692 
14.296678724230 
14.295852119390 
14.296032738166 
14.296427741907 
14.296008311727 
14.295816633434 
14.295638506519 
14.295743957477 
14.295863763392 
14.295958313851 
14.296714987858 
14.296958075291 
14.296858453079 
14.296544205436 
14.297359713741 
14.296257842046 
14.296565093780 
14.296209086079 
14.296235914747 
14.296233253214 
14.296163237521 
14.296139256922 
14.296097958366 
14.296086185227 
14.295947423115 
14.296343683071 
14.296149334322 
14.296162953312 
14.296134178524 
14.295670093627 
14.295670093627 
14.295481371401 
14.295749307804 
14.295719582188 
14.295719582188 
14.295719582188 
14.295697932551 
14.295697932551 
14.295697932551 
14.295569007355 
14.295802429518 
14.296208601703 
14.296155120766 
14.296104869127 
14.296297904423 
14.296160966962 
14.296233172209 
14.296442815894 
14.296007934678 
14.296068022206 
14.296162965494 
14.295551843419 
14.296048643421 
14.296171456308 
14.296115513511 
14.296585689422 
14.296042458415 
14.296398748285 
14.296102870375 
14.295960682181 
14.296177197632 
14.296368953605 
14.296699190562 
14.296655236472 
14.297564384815 
14.297391703426 
14.297308094445 
14.297438296578 
14.297294548949 
14.298088313559 
14.297740112741 
14.297740112741 
14.297600357730 
14.297439862185 
14.297411425008 
14.297621075112 
14.297617187561 
14.297525980548 
14.296899278111 
14.296777447271 
14.295397877254 
14.295259687281 
14.295502304054 
14.295401210829 
14.295958207531 
14.296368616038 
14.296291351844 
14.296290873766 
14.296130981657 
14.295962486081 
14.296428924727 
14.296341485139 
14.295844950012 
14.295653158190 
14.296154966362 
14.296127772211 
14.296076040228 
14.296270100586 
14.296318604306 
14.296541208539 
14.296352235668 
14.296637327220 
14.296142126147 
14.296159740227 
14.295700972159 
14.295661784074 
14.294588108053 
14.294360162350 
14.294029837074 
14.294170635975 
14.294303146973 
14.294537222727 
14.294563421683 
14.295218856522 
14.295888399316 
14.295659722836 
14.295421450465 
14.295105385893 
14.295349945687 
14.295139281550 
14.294134819230 
14.293359931827 
14.294462292203 
14.294788166507 
14.294644759041 
14.294880558201 
14.294668637648 
14.294298790210 
14.293864800559 
14.293606982513 
14.293766378419 
14.294047452473 
14.294089000671 
14.294038995779 
14.294141676609 
14.294622925282 
14.294523740952 
14.294929836234 
14.294796001891 
14.294845105696 
14.294290067888 
14.293932446986 
14.294420591603 
14.294437815118 
14.294396823271 
14.294006674100 
14.293827241661 
14.294440288473 
14.294612229109 
14.294553730176 
14.294756064767 
14.294225797658 
14.294837528481 
14.295017977106 
14.295109474673 
14.294502087714 
14.294413057281 
14.294420529059 
14.294637534946 
14.294567465958 
14.294026193558 
14.294082618631 
14.294014124667 
14.294064008709 
14.294181168187 
14.294151443329 
14.294288440120 
14.294170524560 
14.294176856424 
14.293874966388 
14.294192883453 
14.293912217547 
14.293912217547 
14.293912217547 
14.294711377548 
14.294784795589 
14.294781242046 
14.294829456992 
14.295175662207 
14.294658759862 
14.294888651429 
14.294631306493 
14.294545993842 
14.294988138539 
14.294985787749 
14.294947450711 
14.295206703648 
14.295451482108 
14.295757213554 
14.295699898871 
14.295622642071 
14.295592267402 
14.295592824693 
14.295816636338 
14.296007436247 
14.295957049788 
14.295693654618 
14.295891990488 
14.296114982996 
14.296076380355 
14.296321527953 
14.296360753139 
14.297227256859 
14.296312784664 
14.296620355721 
14.296693687115 
14.296949732285 
14.297144578069 
14.297144578069 
14.296975485270 
14.297391121492 
14.297290364818 
14.297828143135 
14.297185508888 
14.297244875789 
14.296824899470 
14.296851990967 
14.297590622822 
14.297124884516 
14.296419125576 
14.296460199775 
14.296555688709 
14.296372167987 
14.296304247258 
14.296123498850 
14.296159861071 
14.295567970489 
14.295221172266 
14.295125755611 
14.295119378689 
14.295149384853 
14.295178885367 
14.295802513637 
14.296284324567 
14.296216737649 
14.295904686745 
14.295987317332 
14.295688931375 
14.296045280989 
14.295858245474 
14.295750562420 
14.295857560724 
14.295597250850 
14.295756862076 
14.295594188269 
14.295675474740 
14.295171150886 
14.295533565161 
14.294607293125 
14.294334298191 
14.294429325391 
14.294447609148 
14.294148313958 
14.294472245028 
14.293909554812 
14.293866918177 
14.293833133757 
14.293297441234 
14.293328650040 
14.293545375007 
14.292781962316 
14.293183354766 
14.293643055304 
14.293669393824 
14.293638893870 
14.293439559598 
14.293654970866 
14.293065446275 
14.293952164856 
14.293897620026 
14.293488017937 
14.293432043076 
14.293420247048 
14.293420247048 
14.293430128653 
14.293430128653 
14.293430128653 
14.293430128653 
14.293430128653 
14.293430128653 
14.293503954557 
14.293503954557 
14.293507552666 
14.293507552666 
14.293594191379 
14.293582209316 
14.293620882760 
14.294101766463 
14.294130393480 
14.295130890377 
14.295404407048 
14.295676548083 
14.295492569749 
14.295095255913 
14.295252684941 
14.295161006938 
14.295243896772 
14.295379175819 
14.295456867676 
14.295517198381 
14.295325670359 
14.295439639312 
14.295363857946 
14.295524510079 
14.296197453438 
14.295746856415 
14.296280505065 
14.295687726929 
14.295835038185 
14.296194122423 
14.296113222314 
14.296519600881 
14.295807783727 
14.296058606272 
14.296115730826 
14.295392384441 
14.295308398230 
14.295705977867 
14.295902480523 
14.295995953035 
14.295949672702 
14.295760382378 
14.295859268383 
14.296164340062 
14.296095906206 
14.295953551435 
14.295180234281 
14.295189335556 
14.295097112845 
14.295368101263 
14.295466499272 
14.295430797397 
14.295278363830 
14.295384502633 
14.295268537755 
14.294972376019 
14.294637855418 
14.293994557954 
14.293870838082 
14.294452057594 
14.294653846692 
14.295165720669 
14.295309884345 
14.294737005675 
14.294739859031 
14.294856035608 
14.295187856685 
14.295159989258 
14.295933833957 
14.295884347500 
14.295890604888 
14.294231433439 
14.294231433439 
14.294214243651 
14.294227610549 
14.293883180885 
14.293980874828 
14.293966014404 
14.293871820957 
14.293689410958 
14.293257729238 
14.293181800479 
14.295210349646 
14.295376328490 
14.295206017883 
14.295302692176 
14.295307466546 
14.295601778511 
14.295957493335 
14.295911349688 
14.295885349710 
14.295666989282 
14.295695782075 
14.295748485682 
14.295880404191 
14.295714372730 
14.295688074944 
14.296212728140 
14.295379842258 
14.295133889761 
14.296068113033 
14.296022112248 
14.295820106606 
14.295711893685 
14.295300367979 
14.295373627910 
14.295493214075 
14.295330794797 
14.296221109312 
14.296095368338 
14.296192193033 
14.295871375001 
14.296345278187 
14.295643877800 
14.296109585271 
14.295826766322 
14.296333252286 
14.295998225296 
14.296313603801 
14.296464533740 
14.296358477283 
14.296360682881 
14.296423134299 
14.296128794088 
14.296391994548 
14.295771737863 
14.296052382381 
14.295768217389 
14.295997272783 
14.296386342334 
14.295887630511 
14.296308495421 
14.294845086526 
14.294942448217 
14.294866692506 
14.294920687537 
14.294915140011 
14.294917839592 
14.294920503204 
14.294694887368 
14.294882868649 
14.294663399181 
14.294588755841 
14.294439702850 
14.294254190972 
14.294422874511 
14.294702764370 
14.294620870747 
14.294911422293 
14.295076439669 
14.295339944156 
14.295349309455 
14.295620312146 
14.295594207568 
14.294979156568 
14.294936111434 
14.294714058482 
14.295187554171 
14.295303195424 
14.295321286244 
14.295300116324 
14.295047307797 
14.294577420117 
14.294611030536 
14.294635935162 
14.294917416600 
14.294927084378 
14.295060317384 
14.294998427893 
14.294905115822 
14.294913618963 
14.294600973054 
14.294824551912 
14.294583519343 
14.294698502850 
14.294530967766 
14.295366542549 
14.294623296393 
14.294746380293 
14.295224113773 
14.295892019063 
14.295678598319 
14.295085225386 
14.295121463662 
14.294991224145 
14.294860054259 
14.294768622921 
14.295274325475 
14.294789804164 
14.295024605380 
14.295809207627 
14.295564830317 
14.295306525043 
14.295317322197 
14.295277391292 
14.295277391292 
14.295410857779 
14.295427531872 
14.294986567962 
14.294828395076 
14.295175971904 
14.295377399154 
14.295561319874 
14.296104197957 
14.296408835175 
14.296438696087 
14.296101076675 
14.297405033732 
14.297703446426 
14.297534719504 
14.296712952750 
14.296787336038 
14.296763912026 
14.296836536335 
14.295260646531 
14.295472809494 
14.294869963842 
14.295411503863 
14.295488650144 
14.295514704029 
14.295415251362 
14.295411752918 
14.295721680591 
14.295830481719 
14.295887057635 
14.295770933109 
14.295633789925 
14.295504614240 
14.295249009722 
14.295315059607 
14.295339074459 
14.295452671921 
14.295117120661 
14.295223757822 
14.295027158729 
14.295016763117 
14.294796795640 
14.294844649873 
14.294950951974 
14.294699819173 
14.294560225815 
14.293664850978 
14.293726350597 
14.294088797381 
14.293477448461 
14.293882639617 
14.293836726381 
14.293921183937 
14.293636600764 
14.293768344552 
14.294454033939 
14.293984646603 
14.293377634152 
14.293446237663 
14.293801087291 
14.292953918221 
14.293951274550 
14.294135587970 
14.294243072060 
14.293690491893 
14.294238746756 
14.293719657315 
14.294102163808 
14.293878517615 
14.293878517615 
14.293865847156 
14.293865847156 
14.293898003659 
14.293978632519 
14.293879308414 
14.296846855535 
14.297100165078 
14.296009793116 
14.296618569387 
14.295588167645 
14.295564678358 
14.295597927022 
14.295260308758 
14.295300941846 
14.295450713383 
14.295113275154 
14.295606286037 
14.296038865026 
14.296033543533 
14.296345895172 
14.295956695521 
14.296234095830 
14.296057887242 
14.295382656024 
14.295463855728 
14.295333748819 
14.295767139850 
14.296013035904 
14.295889193073 
14.296283579790 
14.296432547363 
14.296457241214 
14.296368105843 
14.296374154333 
14.296156062167 
14.296131709656 
14.295773453859 
14.295908017791 
14.295075153162 
14.295346333112 
14.295261706437 
14.295370355475 
14.294927416167 
14.295474805755 
14.296814991173 
14.296504303716 
14.296372022320 
14.295164236093 
14.295215296178 
14.295012671400 
14.294759600162 
14.294688765521 
14.294804465269 
14.294804465269 
14.294739624369 
14.295062342593 
14.295198021114 
14.295217303505 
14.295284591199 
14.293964183775 
14.294940000872 
14.295040426759 
14.294926100257 
14.294773250420 
14.294884809050 
14.294805656393 
14.294923614639 
14.294850228799 
14.294746839622 
14.294848564272 
14.295041022897 
14.294773808414 
14.294758224809 
14.295175413537 
14.294996347882 
14.294884431480 
14.295304083001 
14.295490792495 
14.295234788082 
14.296621914726 
14.295727406703 
14.296316483303 
14.296210579956 
14.295623029344 
14.296010782454 
14.296082042329 
14.296283734421 
14.295471404492 
14.295869128884 
14.295864073771 
14.295594657942 
14.295492903238 
14.295424097583 
14.295407995113 
14.295619850045 
14.295701394867 
14.294403928303 
14.294110506326 
14.294017368606 
14.292971840072 
14.293749679071 
14.293539185946 
14.294104638046 
14.294463981686 
14.294511622614 
14.294519219178 
14.294821809416 
14.294540764056 
14.294796150663 
14.294812959915 
14.294739214286 
14.294542867675 
14.294980770291 
14.294715952494 
14.294748116080 
14.294842942830 
14.295169531704 
14.295184399907 
14.294938091065 
14.294582698154 
14.294363396666 
14.294354913518 
14.293443088782 
14.294110863563 
14.294100693106 
14.293519402608 
14.293733041452 
14.293003154011 
14.293384195687 
14.293477509755 
14.293440839917 
14.293302685351 
14.294106929135 
14.293543573977 
14.294227201997 
14.294232600996 
14.294499577303 
14.294573834932 
14.294651895926 
14.294658897158 
14.294570970648 
14.294483179654 
14.294650475819 
14.294578993327 
14.294453898440 
14.294192748147 
14.293994424184 
14.293490575056 
14.293223514160 
14.292901223101 
14.293496278580 
14.293559053528 
14.293687958741 
14.293565024347 
14.293548941675 
14.293708105470 
14.293355223132 
14.292081065075 
14.293115216780 
14.292924549620 
14.293387730742 
14.293339321490 
14.293591093076 
14.293714278031 
14.293617575602 
14.293817084855 
14.293413442217 
14.293579593858 
14.293706629350 
14.293688624855 
14.293956813417 
14.294078122890 
14.294087856355 
14.294208818525 
14.294197491223 
14.294266177913 
14.294399394491 
14.293458595447 
14.293830716241 
14.293250659538 
14.294181873447 
14.294475043839 
14.294267136758 
14.294590696986 
14.294741537294 
14.294730777162 
14.294980421234 
14.295139529476 
14.295029762651 
14.294630745928 
14.294467579503 
14.294243197790 
14.294107207184 
14.294532259078 
14.294307797290 
14.293897625151 
14.293899699133 
14.293911006002 
14.294049374616 
14.293677968204 
14.293485817599 
14.293282123765 
14.293613301421 
14.293578507678 
14.293980213646 
14.293958553012 
14.293834330642 
14.293794137357 
14.293726438410 
14.293939491077 
14.294094126697 
14.294067348778 
14.294067348778 
14.294072059190 
14.294239610659 
14.293605197151 
14.293786878791 
14.293796381897 
14.293695228893 
14.293695228893 
14.293627177537 
14.294548579341 
14.294883872296 
14.294585899918 
14.294740766342 
14.295169060026 
14.294918434282 
14.295020561311 
14.295118591439 
14.295118591439 
14.295204895150 
14.295531282130 
14.295777425018 
14.295726645597 
14.295479716446 
14.295829185606 
14.295877478526 
14.295670033534 
14.295373542683 
14.295854592301 
14.295510557466 
14.295528668877 
14.295420160408 
14.295398180328 
14.295247153279 
14.294965188094 
14.294892709636 
14.294932674427 
14.294928235465 
14.295000882787 
14.295288730821 
14.295865225019 
14.295793470905 
14.296070390195 
14.296106740928 
14.295992071595 
14.295992071595 
14.295992071595 
14.296219835986 
14.296203327530 
14.296330926352 
14.296079974333 
14.296060056179 
14.295881760470 
14.295985974852 
14.296293981828 
14.295812577445 
14.295777185991 
14.295814081538 
14.295851149971 
14.296207478178 
14.296717716345 
14.296128003849 
14.296236071990 
14.295913244278 
14.295480386939 
14.295408279091 
14.295572998809 
14.295717251883 
14.295373324826 
14.295380160344 
14.295380160344 
14.295433319732 
14.295562634759 
14.296038434275 
14.296246989313 
14.296064231516 
14.293841415829 
14.294676023693 
14.294599688565 
14.294759088586 
14.295208943186 
14.295263296243 
14.294889641182 
14.295035572069 
14.295095578450 
14.294875881740 
14.294632872726 
14.295149778200 
14.294886223095 
14.294996773316 
14.295052644874 
14.294885309772 
14.295044939595 
14.295677792136 
14.295481392492 
14.295841852919 
14.295710160672 
14.295204785955 
14.295205773862 
14.295267089601 
14.295619016912 
14.295683347033 
14.295432323979 
14.295384148596 
14.295351249171 
14.295694552412 
14.296100190386 
14.296212995873 
14.296424043399 
14.296688287271 
14.296711075656 
14.296256350257 
14.296208981497 
14.296224280848 
14.296298892452 
14.296613534840 
14.296158554977 
14.296262384858 
14.296317316045 
14.296355513690 
14.295948681000 
14.296197275770 
14.295765273044 
14.295601096159 
14.295365400851 
14.295911606933 
14.295962519387 
14.296116092148 
14.295279770261 
14.295251943292 
14.295248191079 
14.295479043734 
14.295328674830 
14.295324311743 
14.295557007981 
14.295494658834 
14.295284505164 
14.295460855771 
14.295373100393 
14.295340891497 
14.295288008952 
14.295027472008 
14.294983523735 
14.295124640264 
14.295340289343 
14.295404463769 
14.295059040712 
14.295133996835 
14.294627223270 
14.294651119141 
14.294602099958 
14.294743535497 
14.294588410464 
14.294925994937 
14.294607948427 
14.294475476520 
14.294294527244 
14.293881011214 
14.294134386909 
14.294319391196 
14.294619179629 
14.294278172184 
14.294532637909 
14.294483895161 
14.294641628001 
14.294527772687 
14.294641527568 
14.294704838874 
14.294819459922 
14.294836657278 
14.294206047454 
14.294275307537 
14.294019963957 
14.294533105536 
14.294407030631 
14.294636805473 
14.294834146512 
14.294876682251 
14.294643201740 
14.295828570352 
14.295042760634 
14.295165208891 
14.295281230476 
14.294891827548 
14.295521546376 
14.295925139116 
14.296023993217 
14.296006032926 
14.295867990241 
14.296359408687 
14.296269383738 
14.296062006964 
14.296019904655 
14.295973205134 
14.296201123790 
14.296237510575 
14.296618174988 
14.296484883788 
14.296422030409 
14.296356861962 
14.295411674361 
14.295561342779 
14.295471200849 
14.295228564658 
14.295151439472 
14.295412809404 
14.295443860639 
14.295448486580 
14.295326403201 
14.295346634425 
14.295348793233 
14.295306805384 
14.295494334109 
14.295337870603 
14.295197656019 
14.295237697497 
14.295237697497 
14.295230251797 
14.294974434146 
14.295008491320 
14.294875264235 
14.294806811673 
14.295092463705 
14.295062692602 
14.295385789020 
14.295855331702 
14.295709172508 
14.295709172508 
14.295163990748 
14.295482213088 
14.295134709080 
14.294838469778 
14.295205841831 
14.295583166436 
14.295653879450 
14.295993286699 
14.295611338524 
14.295817830491 
14.295843717234 
14.295845893339 
14.295792266430 
14.295612725740 
14.295330474638 
14.295350107652 
14.295174299223 
14.294202500696 
14.294720906326 
14.294843124344 
14.294768471429 
14.294656831567 
14.294524438294 
14.294818478060 
14.294661660909 
14.294473939218 
14.294339176630 
14.293650276641 
14.293606913939 
14.293708787644 
14.293892651123 
14.293254540637 
14.293376915403 
14.292643712654 
14.293295249311 
14.293607511857 
14.295687472365 
14.295679027924 
14.295955132711 
14.296324188255 
14.296280395835 
14.295833110991 
14.295780384584 
14.295270177228 
14.295303073554 
14.295318589184 
14.295320490450 
14.295401464744 
14.294961205936 
14.295066581080 
14.294877259948 
14.295260994238 
14.296063020833 
14.295953751667 
14.295764482398 
14.295645427652 
14.295437838369 
14.295425094730 
14.295581764298 
14.294997809810 
14.294990253326 
14.294218471501 
14.294953531405 
14.295083888458 
14.295258188705 
14.295060882551 
14.295370655570 
14.294638152568 
14.294369819192 
14.294090470372 
14.294440053766 
14.294170724497 
14.294152547930 
14.294502323625 
14.295291207724 
14.295259541872 
14.295334689105 
14.295409095813 
14.295555949474 
14.295466454634 
14.295441209357 
14.295743354871 
14.295465344332 
14.295457072765 
14.295136676465 
14.294736863375 
14.294787719375 
14.295118661080 
14.295083245909 
14.294769545408 
14.295028864540 
14.294930586170 
14.295065274848 
14.295249653373 
14.295363933495 
14.295371041628 
14.295796652589 
14.295761380653 
14.295774091067 
14.295294473931 
14.295227220402 
14.295228169419 
14.294521587540 
14.294368617637 
14.294390355055 
14.294046431924 
14.295342243026 
14.295205277239 
14.295293476112 
14.295329547431 
14.295623545290 
14.295100677168 
14.295512804026 
14.295591800864 
14.295514318356 
14.295535016227 
14.295786428116 
14.295612258357 
14.295879601132 
14.295852327807 
14.295620741426 
14.295438543025 
14.295927484632 
14.295333004363 
14.295526214264 
14.295207541191 
14.294980388527 
14.294516551129 
14.294491780012 
14.294523588055 
14.297276585485 
14.297059402029 
14.296709190978 
14.296338956106 
14.296221675543 
14.295249498775 
14.295100600773 
14.294869735580 
14.295066687428 
14.295116843354 
14.295118000818 
14.295004517520 
14.294648257669 
14.294904571340 
14.295525434837 
14.295248450615 
14.295113052275 
14.294302715283 
14.293838391816 
14.293871258328 
14.293988537082 
14.293718661584 
14.293922633600 
14.293928254048 
14.293907086748 
14.293742880162 
14.293572713451 
14.293666521432 
14.293263592176 
14.293427701612 
14.292867063632 
14.293283185264 
14.293988127785 
14.294388147184 
14.295092127293 
14.294447565162 
14.294255539631 
14.294153287056 
14.293506916362 
14.293556097041 
14.293540967259 
14.293807101257 
14.293322289033 
14.293334586602 
14.292990053997 
14.293197983891 
14.293679188233 
14.293546254096 
14.293825007311 
14.293747112269 
14.293942581329 
14.294062510138 
14.293913210037 
14.293936079816 
14.293817964655 
14.293868566097 
14.293940110532 
14.294160418651 
14.294510934157 
14.294396445571 
14.293829646167 
14.293657744075 
14.293657744075 
14.293502324559 
14.293096021002 
14.293128636832 
14.293335116460 
14.293176890778 
14.293627918545 
14.293535177957 
14.293155369446 
14.293425627377 
14.293513682212 
14.293345463518 
14.293436727666 
14.293419710474 
14.293533404874 
14.293533404874 
14.293533404874 
14.293548043074 
14.293497435442 
14.293559355445 
14.293295038129 
14.293291145730 
14.294065794930 
14.294022299681 
14.294022299681 
14.294159300122 
14.294159300122 
14.294162072362 
14.294266377788 
14.294266377788 
14.294333187049 
14.293148681096 
14.294234833422 
14.294130502693 
14.294048228499 
14.294436287018 
14.294555509988 
14.294473776931 
14.295008335227 
14.295269061146 
14.296263822051 
14.296935895976 
14.296334701147 
14.295678089707 
14.295430610550 
14.295423910812 
14.295540163649 
14.295695134208 
14.296162030612 
14.296091521075 
14.295786000814 
14.295806435793 
14.296904949056 
14.296477403027 
14.296690397873 
14.297019079711 
14.296707962670 
14.296604410554 
14.296255192094 
14.296669542227 
14.296415057127 
14.296232241031 
14.296268091504 
14.296768723179 
14.297054622240 
14.296575190011 
14.296189495839 
14.296220760592 
14.296443011300 
14.295996492282 
14.296004524699 
14.295775830047 
14.295539706871 
14.295658881371 
14.295570929369 
14.295661331316 
14.295915867552 
14.295678051664 
14.295748233610 
14.295686374385 
14.296709043980 
14.296918117678 
14.295800557290 
14.294683635929 
14.294348650640 
14.294506873716 
14.295019794612 
14.294846599835 
14.295126765500 
14.294925439061 
14.295051826379 
14.295192058743 
14.295387634724 
14.295379368777 
14.295448524616 
14.295287228412 
14.295679603324 
14.295666119491 
14.295707232197 
14.295522536214 
14.295389281310 
14.295685099020 
14.295737144184 
14.295970624088 
14.296184740178 
14.295718843612 
14.296741595860 
14.295361411370 
14.295368755061 
14.295394509066 
14.295118344111 
14.295063420901 
14.295126881005 
14.294507794494 
14.294707524381 
14.295208818636 
14.295158576716 
14.295058314312 
14.294779975287 
14.294962733581 
14.295542913172 
14.295175166323 
14.295077890763 
14.295073082804 
14.294965923767 
14.294796001158 
14.293776697642 
14.294063308178 
14.293381563558 
14.292827536186 
14.293042607853 
14.293611468624 
14.293608409483 
14.293462318571 
14.293023128013 
14.293348500496 
14.293051301170 
14.293495603141 
14.293088663072 
14.292077204853 
14.292552978570 
14.293225453699 
14.292963372842 
14.292561905634 
14.292859043332 
14.292910388515 
14.292665429467 
14.293700525551 
14.294033944158 
14.293597106946 
14.293684342003 
14.293807153699 
14.293752531920 
14.293825768107 
14.294276679412 
14.294260707441 
14.293995959003 
14.293757866154 
14.294132057502 
14.294014556226 
14.294374770978 
14.294560842511 
14.294273791737 
14.294410376526 
14.293795300151 
14.293848355209 
14.293726158254 
14.293952379187 
14.293363681263 
14.293375036289 
14.293043222445 
14.293468753788 
14.293249680107 
14.292730384823 
14.293012373782 
14.293394628904 
14.294033875463 
14.294006431517 
14.294043491861 
14.294149111384 
14.293835660314 
14.293886379330 
14.294120176828 
14.293819491800 
14.293877490028 
14.293546589847 
14.293488980802 
14.293737761345 
14.293942650490 
14.293957780636 
14.293921553819 
14.294334165969 
14.294324827782 
14.294324827782 
14.294561946501 
14.294541543058 
14.294961279842 
14.295159416691 
14.294875025699 
14.294840708895 
14.294687681115 
14.295288633969 
14.295520173572 
14.295946947015 
14.295925620975 
14.296556567121 
14.296709100240 
14.296443263116 
14.296757357192 
14.296697386321 
14.296115246195 
14.296405366306 
14.297441567075 
14.297056250895 
14.296918548339 
14.296814903432 
14.296814903432 
14.297113259133 
14.297026086976 
14.296783225794 
14.294764487360 
14.294983186140 
14.294909773500 
14.293700154579 
14.294205940628 
14.294426647123 
14.294788553399 
14.294786788469 
14.294846620000 
14.294551605475 
14.294429060480 
14.294688466427 
14.294446524437 
14.294495360261 
14.294492910121 
14.294492910121 
14.294275246487 
14.294554389465 
14.294683616977 
14.294392779952 
14.294253881164 
14.295125409778 
14.295125579825 
14.295145822792 
14.294969675183 
14.295036900182 
14.294924649210 
14.294773295640 
14.294832296567 
14.294860932198 
14.294920088166 
14.294945693485 
14.294647748170 
14.294689600717 
14.294669640985 
14.294808530380 
14.296189835728 
14.296155031639 
14.295627157010 
14.295467352874 
14.295808294446 
14.295778144401 
14.295769601460 
14.295550160194 
14.295614582951 
14.295529893724 
14.295274976330 
14.294834547218 
14.295267337273 
14.294706656552 
14.294779637100 
14.295686591469 
14.295417877240 
14.295929512798 
14.295572869820 
14.295590837054 
14.294471395440 
14.294565029935 
14.294607871967 
14.294062489590 
14.294625221667 
14.294420686903 
14.294854039988 
14.294693038658 
14.294719113750 
14.294052358752 
14.294040368581 
14.294336659388 
14.294362015361 
14.294247200524 
14.294924695748 
14.294772446045 
14.294436317945 
14.294725640301 
14.294717458325 
14.294111887378 
14.294293470702 
14.294416188784 
14.294567357416 
14.294505714600 
14.294112953007 
14.293438346229 
14.294413584085 
14.293720842221 
14.293931567043 
14.293945629113 
14.294352742113 
14.294463970309 
14.294628950915 
14.294545329791 
14.294632380029 
14.294719044825 
14.294722833273 
14.294544767894 
14.294405759101 
14.294062580086 
14.293794198479 
14.294429156763 
14.294381844775 
14.293321096070 
14.293654335235 
14.294583053540 
14.294654949017 
14.294547388984 
14.294640595363 
14.294721216924 
14.295455900347 
14.295539283978 
14.295489522350 
14.295573812482 
14.295433633337 
14.295429776807 
14.295441144339 
14.295413658431 
14.295255004138 
14.295372827585 
14.295346758336 
14.295197098017 
14.295477603691 
14.295657808514 
14.295434275900 
14.295117391684 
14.295545931536 
14.295387796227 
14.295095542961 
14.294833351808 
14.294743120976 
14.294896173461 
14.294824565983 
14.295600141745 
14.295952065314 
14.295775789274 
14.296057233562 
14.296320318876 
14.296208493063 
14.296034176895 
14.296219146860 
14.295935404751 
14.295315512264 
14.294924981669 
14.294494857330 
14.294296152246 
14.294463191143 
14.294314549036 
14.294541881222 
14.294541881222 
14.294471950062 
14.294444889078 
14.294501601680 
14.294986418736 
14.294965494868 
14.294981161129 
14.295113860311 
14.294263874340 
14.294378191249 
14.294263867440 
14.294035035903 
14.293826148796 
14.293876610098 
14.293522651011 
14.293562040503 
14.293973835793 
14.293832034532 
14.293801833739 
14.293942871312 
14.293631847856 
14.293495975033 
14.293621526227 
14.293621526227 
14.293410876584 
14.293383808687 
14.293595311269 
14.294013906513 
14.294268507323 
14.294514001749 
14.294537274469 
14.294636607240 
14.294656609900 
14.294835155469 
14.295296193813 
14.295317154994 
14.295265942158 
14.295272061891 
14.295182283567 
14.295143906374 
14.295470820901 
14.295521263220 
14.296099276763 
14.295278115091 
14.295292621853 
14.295292621853 
14.295437083085 
14.295312225812 
14.295223081427 
14.295370601474 
14.295262639956 
14.295803357892 
14.295919286798 
14.295889143182 
14.296555622863 
14.297014801133 
14.297182016456 
14.297800788135 
14.296531403593 
14.296355219788 
14.297417568495 
14.296167423963 
14.296208323914 
14.296243631480 
14.296175784909 
14.296263087025 
14.296049374772 
14.296570771960 
14.296824057273 
14.296971372742 
14.297280247609 
14.297186728867 
14.297186728867 
14.297324180789 
14.297778985201 
14.297653606487 
14.297516412793 
14.297718132589 
14.297960805479 
14.297284674654 
14.296547218609 
14.296696012037 
14.296664667161 
14.296659130423 
14.296878793566 
14.296494351470 
14.296414599408 
14.296790534555 
14.295750891950 
14.296202662613 
14.296064037811 
14.296160744656 
14.296186346302 
14.295806096547 
14.295642590506 
14.295506595815 
14.295190036110 
14.295462273593 
14.295687283571 
14.295519094254 
14.295915127002 
14.295667721425 
14.295826877993 
14.296131592449 
14.296629432519 
14.295513100317 
14.294285540072 
14.294179623624 
14.294048831617 
14.294657831074 
14.294505289963 
14.294460652829 
14.294300262885 
14.295447855487 
14.296131516701 
14.296158043652 
14.296664592536 
14.296583445211 
14.296450716085 
14.296983724568 
14.297100972551 
14.294857227208 
14.294691119396 
14.294598972349 
14.294544729373 
14.294402408977 
14.294248233257 
14.294183133035 
14.294427086158 
14.294690118224 
14.294332740994 
14.294931685391 
14.295388551057 
14.295898013137 
14.295935685910 
14.295539492724 
14.295965613180 
14.294928081991 
14.293381914969 
14.293482373020 
14.293546722103 
14.293252755377 
14.293210553872 
14.294013605773 
14.294173435247 
14.293619452247 
14.293605676884 
14.293725522073 
14.293489881743 
14.293970438893 
14.293190420806 
14.293360964046 
14.293312467991 
14.293989391492 
14.294397527341 
14.294108897651 
14.295197367650 
14.295271386882 
14.295556162341 
14.295550174540 
14.295527842419 
14.295802806985 
14.295802806985 
14.295962063062 
14.296205147219 
14.296296399347 
14.295988390657 
14.296103779440 
14.295913291384 
14.295383022794 
14.296033566564 
14.296123596977 
14.295681790179 
14.295757310392 
14.295442953819 
14.295913857655 
14.295877631798 
14.295705098816 
14.295377338827 
14.294591266491 
14.295305180976 
14.295289813935 
14.295249095408 
14.296040214819 
14.296075357693 
14.295323741588 
14.295247386275 
14.295365098062 
14.295354232967 
14.295364950861 
14.295062109156 
14.295228872468 
14.295590221459 
14.295857048683 
14.296574644862 
14.296593888462 
14.296175446909 
14.296175446909 
14.296133859944 
14.296193516615 
14.296144284517 
14.296148475155 
14.296074128155 
14.296753093260 
14.296968810235 
14.296797364935 
14.296715907770 
14.297198614346 
14.297103792371 
14.297233573509 
14.297439458196 
14.297458729873 
14.297008235620 
14.297008235620 
14.297008235620 
14.297067834738 
14.296495831847 
14.296438511251 
14.296347901378 
14.296553364799 
14.296439651860 
14.297392502380 
14.296331692547 
14.295128853027 
14.295397212465 
14.295689618713 
14.295495898526 
14.295558103240 
14.295382186222 
14.295160626014 
14.294913375292 
14.295767293557 
14.295994371621 
14.295469711437 
14.295462105730 
14.294679684922 
14.294348709701 
14.294849265522 
14.295067852411 
14.295214909398 
14.295019978518 
14.295202134910 
14.295516706712 
14.295597262986 
14.295692873254 
14.295844672336 
14.296395834435 
14.297023514129 
14.296622129459 
14.297024731954 
14.296564073546 
14.296315170058 
14.296818851885 
14.296513639177 
14.296270767210 
14.296033348698 
14.296006660486 
14.296049067115 
14.296070104786 
14.295930618989 
14.295976347890 
14.296311386704 
14.296360785893 
14.296294651991 
14.296080425977 
14.295391101764 
14.294619090884 
14.294916504534 
14.294011126305 
14.293789905619 
14.292948697961 
14.293544910853 
14.293404943472 
14.293503542339 
14.293991759877 
14.294206037172 
14.294237012177 
14.294285916220 
14.294086671968 
14.293868541226 
14.293887527261 
14.294038299226 
14.293938841860 
14.293854340737 
14.294163883467 
14.294163883467 
14.294198579852 
14.294125763803 
14.294102367136 
14.294055266215 
14.294152896427 
14.293776621029 
14.294092592359 
14.293706937485 
14.294036556823 
14.294101696265 
14.294113049035 
14.293791075484 
14.293085637528 
14.293636639650 
14.294405662623 
14.293914714257 
14.293723446288 
14.293187392643 
14.293555753955 
14.293387057268 
14.294432142826 
14.294515100241 
14.294535835349 
14.294620526221 
14.294909454215 
14.294477868055 
14.294522163716 
14.293424114120 
14.293854215712 
14.293564201410 
14.293632160449 
14.293589286860 
14.293675951343 
14.294088962755 
14.294182740405 
14.294061056730 
14.294005887789 
14.293679418085 
14.293723213072 
14.296296289390 
14.296014556342 
14.296011371717 
14.295707160772 
14.295512740383 
14.295406210153 
14.296142421588 
14.296195555821 
14.296396612609 
14.296483609769 
14.296363263024 
14.296322655099 
14.296198759979 
14.296406877498 
14.296478298658 
14.296131184254 
14.296437578414 
14.296104061615 
14.295982273047 
14.296326785113 
14.295727557493 
14.295575214373 
14.295513831325 
14.296024438485 
14.296082942773 
14.296328505815 
14.296199616060 
14.296124432490 
14.296175625912 
14.296213661162 
14.296035020948 
14.296023822970 
14.295626980490 
14.295574789998 
14.295551075555 
14.295414261562 
14.295063697035 
14.295020770696 
14.294893199703 
14.294931836233 
14.294727609389 
14.294220915071 
14.294114779140 
14.294707584271 
14.294736042585 
14.294835179616 
14.294828949096 
14.294892656423 
14.295603281057 
14.295628607712 
14.295611650743 
14.295619866746 
14.295207500945 
14.294206887321 
14.294453296616 
14.294344819987 
14.294506158814 
14.294584971398 
14.294412240418 
14.295299239798 
14.295467206917 
14.294858940242 
14.295233799127 
14.295838517584 
14.295884761880 
14.295978333554 
14.295083615796 
14.294966092551 
14.295113859500 
14.295050599385 
14.294666016721 
14.294371944769 
14.294608298166 
14.294631096883 
14.293753236137 
14.293064550528 
14.293653195439 
14.293815315071 
14.293814130707 
14.294157931767 
14.294418681007 
14.294331764333 
14.294076839288 
14.294210890615 
14.294644567187 
14.294863339230 
14.294854739124 
14.294688697395 
14.294715652705 
14.294719909608 
14.294693803090 
14.294804410163 
14.294698152048 
14.294561341523 
14.295457330545 
14.295417038065 
14.295795754299 
14.295592406104 
14.295985321659 
14.295795098137 
14.295721378072 
14.296050261905 
14.295584328027 
14.294985360025 
14.294985607187 
14.294942895298 
14.294828581850 
14.294569764003 
14.294586581338 
14.294621238430 
14.294505779688 
14.294451579189 
14.294451579189 
14.294453543536 
14.294453543536 
14.294457465364 
14.294560768450 
14.294971240316 
14.295479592967 
14.295585716030 
14.295536613961 
14.295484168254 
14.295840724550 
14.295788408025 
14.295788408025 
14.295756456682 
14.295661004142 
14.295901808955 
14.295854010115 
14.295784441556 
14.295813773501 
14.296192000779 
14.296369320659 
14.295862676408 
14.295903366919 
14.296085263656 
14.295670900889 
14.295319392689 
14.295220213433 
14.295248291766 
14.295152719707 
14.295026288627 
14.295026288627 
14.295095539530 
14.295738089417 
14.295250182505 
14.295405283485 
14.295024987609 
14.295288535340 
14.295482495797 
14.295710537547 
14.295841374533 
14.295800411311 
14.295928753281 
14.295954432794 
14.295680503881 
14.295634467700 
14.295957336712 
14.296148713559 
14.296491034800 
14.296362396040 
14.296562152228 
14.296299517754 
14.296263157397 
14.296109625118 
14.296711275261 
14.296495144357 
14.296620613861 
14.297095557085 
14.296870471087 
14.296933257044 
14.297076897787 
14.296735797500 
14.296473095809 
14.296241693880 
14.296782394401 
14.297550760308 
14.297067474118 
14.296568342635 
14.296842241292 
14.296903471987 
14.296911984729 
14.297150875547 
14.297040327852 
14.297745830014 
14.297606958922 
14.296478372403 
14.296478372403 
14.292962799650 
14.293350267758 
14.293267196483 
14.293032066337 
14.292642166609 
14.293005098783 
14.292669866564 
14.292724408660 
14.293358428287 
14.293056204791 
14.293010670986 
14.293330686712 
14.292687382421 
14.292574602636 
14.293125575065 
14.292773100297 
14.293394173488 
14.293359532205 
14.293227114870 
14.293589959474 
14.293663054687 
14.293205013519 
14.293179356771 
14.293428217190 
14.293505599880 
14.294155568267 
14.294223895484 
14.294123566522 
14.294096045434 
14.294039398721 
14.294257153319 
14.294266538886 
14.293842749751 
14.293676331407 
14.294003038635 
14.293749982609 
14.295023327626 
14.294772271320 
14.294423997500 
14.294683909315 
14.294775718028 
14.294724024840 
14.294685732667 
14.294706043064 
14.294704637059 
14.294059269901 
14.294527473975 
14.294581640293 
14.295597398120 
14.295624630640 
14.295595193960 
14.294965324103 
14.294927846118 
14.294918833669 
14.294817489684 
14.295124213421 
14.295492141121 
14.294968738690 
14.294881452766 
14.295641340971 
14.295569614070 
14.295274946513 
14.296021360763 
14.294675979500 
14.294898358396 
14.294972309519 
14.294910939818 
14.294911934111 
14.294859972567 
14.293946303380 
14.294283866105 
14.294196677802 
14.294004780049 
14.294138668362 
14.294032176884 
14.293905137969 
14.294772050982 
14.295065719574 
14.294864665891 
14.295135200081 
14.295595490122 
14.295367528366 
14.295169047292 
14.295407100225 
14.295422243420 
14.295951837613 
14.295847623708 
14.295767317536 
14.296114895168 
14.295784553265 
14.295541212309 
14.295483032791 
14.295527498409 
14.295471204952 
14.293426663630 
14.294639640566 
14.294774197261 
14.294812685771 
14.294779068789 
14.294595674397 
14.294909671410 
14.294950139752 
14.294642284376 
14.294759677148 
14.294848980326 
14.294813582599 
14.293179330876 
14.293036273180 
14.292610031180 
14.292759125343 
14.292299757214 
14.292160886748 
14.292159281662 
14.292556602229 
14.292874120600 
14.293460494689 
14.292831073562 
14.291755172030 
14.292213737577 
14.292048476116 
14.290979731096 
14.291156287224 
14.291698520006 
14.291728602815 
14.291382210246 
14.292262670788 
14.292661257383 
14.293374981797 
14.293232806720 
14.292743748242 
14.293217621487 
14.293207473461 
14.293402496159 
14.292844746070 
14.292788326606 
14.292816698926 
14.292387250038 
14.292583233764 
14.292416241607 
14.292494290869 
14.291979539107 
14.292301102776 
14.292240319373 
14.292653044043 
14.292465858031 
14.292705689125 
14.292981612361 
14.292444238785 
14.292694838230 
14.292320915623 
14.291689719010 
14.292076036597 
14.290717876291 
14.290618211503 
14.290565679771 
14.291364502983 
14.291638600168 
14.291347173176 
14.291651210155 
14.291867359343 
14.291878557855 
14.291809182718 
14.291048623063 
14.289959059866 
14.290575057158 
14.289762686387 
14.291643439125 
14.291124135978 
14.291719728000 
14.290815690410 
14.290956402804 
14.290717340099 
14.291394539722 
14.291075865582 
14.291425567602 
14.292791070678 
14.291790128509 
14.292260489742 
14.291501968361 
14.293020400889 
14.292447803807 
14.293272778671 
14.294568364867 
14.294664992220 
14.294321864651 
14.294178009674 
14.294549767109 
14.294601871929 
14.295636942187 
14.295636942187 
14.295643321494 
14.295711486263 
14.295751253706 
14.295724159272 
14.295705770871 
14.295762014246 
14.295173340944 
14.295252917551 
14.295354240074 
14.295173709536 
14.295311326985 
14.295319755185 
14.295849097137 
14.295439648266 
14.295205365990 
14.295056855725 
14.294920793816 
14.295984248259 
14.295865657324 
14.295824216994 
14.295965675398 
14.296117919077 
14.296117919077 
14.296006686317 
14.295806550413 
14.295916057650 
14.295904809289 
14.295662614184 
14.295682421957 
14.295851829084 
14.295625955734 
14.295641399466 
14.295643038839 
14.295470375144 
14.295333464400 
14.295214920121 
14.295328343074 
14.295301921468 
14.294950938666 
14.295231435453 
14.295328256689 
14.295328256689 
14.295178902009 
14.294999632923 
14.294871922227 
14.294894590873 
14.294618495095 
14.294456106517 
14.294329145398 
14.295098111664 
14.295111286789 
14.295025461677 
14.295024240412 
14.295171560463 
14.295615023777 
14.295401399896 
14.295417823563 
14.295038113661 
14.294865338889 
14.294943125553 
14.294881458849 
14.294750000911 
14.294869020321 
14.294675844987 
14.295050252337 
14.295108329594 
14.294818404882 
14.294892914422 
14.295104522597 
14.295092686578 
14.295101017693 
14.295260117313 
14.295336066909 
14.295069370720 
14.295079143009 
14.295002666699 
14.295071553763 
14.295486469813 
14.295464130241 
14.295088381297 
14.295232541952 
14.295214598588 
14.295068448050 
14.295053471323 
14.294701524282 
14.294612004154 
14.294783262290 
14.294916177619 
14.296053739581 
14.295860431680 
14.295768380840 
14.295540883130 
14.293969263839 
14.294154534993 
14.294463853001 
14.294066502007 
14.293926346828 
14.293816036331 
14.293651803326 
14.293503729026 
14.293385741839 
14.293350734307 
14.293067489802 
14.293271075009 
14.293846688164 
14.294043739478 
14.293763321283 
14.293706480772 
14.293496555128 
14.294029218001 
14.293471112139 
14.293259521849 
14.293520044245 
14.293264201240 
14.293327560507 
14.293279493375 
14.292922218705 
14.293581299374 
14.293542036738 
14.293533261297 
14.293687643658 
14.293501162601 
14.293064233287 
14.293238853356 
14.293757065136 
14.294361134017 
14.294017351630 
14.293727682055 
14.293534179804 
14.293555689561 
14.294104116131 
14.294400709926 
14.294521978203 
14.294888469352 
14.294803296114 
14.294803296114 
14.294803296114 
14.295163309327 
14.295215028525 
14.295239000136 
14.295206564494 
14.294846159466 
14.294609219404 
14.295188850659 
14.295197809288 
14.295792363817 
14.295570767234 
14.295030503149 
14.295030503149 
14.294850000219 
14.294916668552 
14.295272349744 
14.295042366861 
14.295041318575 
14.294791038103 
14.294540186294 
14.294620483212 
14.294328950136 
14.293536394877 
14.293220215601 
14.295241555984 
14.295478404557 
14.295799366333 
14.295367710648 
14.295323235566 
14.295085436174 
14.295305508638 
14.295312424564 
14.295223843993 
14.295154505375 
14.295156595865 
14.295275649007 
14.295366278062 
14.295211183109 
14.295429548345 
14.295312226488 
14.295282160504 
14.295282701379 
14.295152612248 
14.293883835146 
14.294047138103 
14.293818942518 
14.294192430533 
14.294104357720 
14.294027192519 
14.293899890044 
14.295146076755 
14.295069959578 
14.294938868218 
14.294919559956 
14.295123074486 
14.295051341809 
14.295126340939 
14.294773860303 
14.294601723688 
14.294601723688 
14.294336672118 
14.294053423518 
14.293723242552 
14.293364734138 
14.293804528337 
14.294021224814 
14.293281996461 
14.293299120026 
14.294023971453 
14.293863542252 
14.294124515185 
14.293857300971 
14.293000080360 
14.293632744431 
14.294409198285 
14.294406810636 
14.294014023962 
14.294016401559 
14.293871589638 
14.293737148066 
14.293811395289 
14.294058468051 
14.294080778688 
14.293740059118 
14.294372634371 
14.293799339282 
14.294119210992 
14.292705989774 
14.292905051054 
14.293689966440 
14.294259237639 
14.294320467183 
14.293617107691 
14.293844793903 
14.295157649861 
14.295092367679 
14.294930957092 
14.294915897417 
14.294846168963 
14.294817719717 
14.294698918673 
14.295208350536 
14.295098843402 
14.294756435559 
14.294743769777 
14.294738651712 
14.294634212195 
14.294930970836 
14.294957309779 
14.295214471878 
14.295262441771 
14.295075826369 
14.295075146431 
14.295063766856 
14.294968523402 
14.295044920926 
14.294718169672 
14.294719937895 
14.294705580093 
14.294794690518 
14.294797431354 
14.294735182407 
14.294722172145 
14.294530441035 
14.294635225371 
14.294677810677 
14.294502807290 
14.294516340139 
14.294699631611 
14.294650061262 
14.294578320893 
14.294458350412 
14.294306215825 
14.293826132500 
14.293819851827 
14.293733578166 
14.293991406341 
14.293903374435 
14.294170333888 
14.294344991490 
14.295394793450 
14.295150659947 
14.295054324287 
14.295275166403 
14.295676563321 
14.295705176481 
14.295921032417 
14.296184450823 
14.295909536630 
14.296410291783 
14.297191103981 
14.296909414812 
14.297180501366 
14.296241531156 
14.295960909594 
14.296197331522 
14.295945043713 
14.295125897309 
14.294708298275 
14.294953164473 
14.294993842299 
14.294756279114 
14.294790740482 
14.294015977932 
14.294225025171 
14.294211052842 
14.294283350153 
14.293930137068 
14.294556759972 
14.294546044481 
14.294509262622 
14.295411813497 
14.295394053338 
14.294660742674 
14.294522294823 
14.294515317781 
14.294747044718 
14.295474511122 
14.295052161262 
14.294881109860 
14.294831149232 
14.294570638120 
14.294586460375 
14.293974920566 
14.293736361913 
14.293195181983 
14.292797423744 
14.294294467155 
14.294455296625 
14.294523658497 
14.295185338335 
14.294218466510 
14.294929512112 
14.294761815256 
14.294203260808 
14.294194119705 
14.293955097548 
14.294116161932 
14.294429816238 
14.295136120370 
14.295920602542 
14.295999322905 
14.295058611933 
14.295386251822 
14.295482031247 
14.295389988739 
14.294856838871 
14.294997239811 
14.295056398196 
14.294342044300 
14.292981765816 
14.293415086079 
14.293309954225 
14.293214108305 
14.292199726327 
14.292525394652 
14.291941018380 
14.290802563855 
14.290672262373 
14.292007275543 
14.291218386130 
14.291185587499 
14.291524888294 
14.291889139256 
14.292332377707 
14.291506753022 
14.291522344518 
14.291104856906 
14.291231704484 
14.290286192667 
14.289687617641 
14.289608393653 
14.290312817433 
14.290064618631 
14.289634286177 
14.290484333681 
14.289399454825 
14.290839391335 
14.293895471448 
14.293883079310 
14.294050858456 
14.294747552252 
14.295131311840 
14.295078989623 
14.295033475631 
14.294978035783 
14.294389212758 
14.294257584215 
14.294486291130 
14.294363233353 
14.294292746185 
14.294130782293 
14.293753781938 
14.293789451756 
14.293791119121 
14.293930414550 
14.294166997093 
14.294047221877 
14.293997645825 
14.294115976490 
14.294004396184 
14.294618073098 
14.295447958579 
14.295132929760 
14.294780892172 
14.294697138493 
14.294697158194 
14.294697158194 
14.294480012542 
14.294817540258 
14.294811095193 
14.294789186095 
14.294789186095 
14.294788511326 
14.294838141448 
14.294493039776 
14.293057296309 
14.293528544226 
14.293158359731 
14.293295343082 
14.293760895650 
14.293743744662 
14.293585785424 
14.293293755737 
14.293712656588 
14.294153219355 
14.293876278216 
14.293725970302 
14.294901927167 
14.294691609688 
14.294713798329 
14.294143600219 
14.294082872250 
14.294309953450 
14.294363298974 
14.294117581922 
14.294161417562 
14.294441520765 
14.294776992593 
14.294879205374 
14.295151584388 
14.295190371883 
14.295441141588 
14.295435812142 
14.295578962985 
14.295625584163 
14.295331117422 
14.295137995422 
14.295063483099 
14.295179740745 
14.295091879990 
14.295730078200 
14.295701079439 
14.296121479736 
14.296727416210 
14.296476533490 
14.296380760418 
14.296434211474 
14.296006907527 
14.295915284188 
14.295735703096 
14.296221190260 
14.295559922708 
14.295411218758 
14.295111510296 
14.294470342949 
14.294679999541 
14.294349551098 
14.294706536570 
14.294994003183 
14.294959449470 
14.294337102758 
14.295016049407 
14.294546965394 
14.294568548708 
14.296140239485 
14.296140239485 
14.295929669470 
14.296120143615 
14.295970283585 
14.295200881696 
14.294990600151 
14.294894685602 
14.294824228631 
14.294838161471 
14.294811763747 
14.294260616692 
14.294329066756 
14.294260646814 
14.294588195428 
14.294732338083 
14.295186388866 
14.295203663141 
14.294610209273 
14.295305970700 
14.295798915724 
14.295533884024 
14.296335970436 
14.296010725669 
14.295856004001 
14.295706361014 
14.296081929588 
14.295972012862 
14.296648384292 
14.296264314442 
14.295406533493 
14.295386903486 
14.295519136341 
14.294320927769 
14.292926606970 
14.293350293595 
14.292279718382 
14.293283447091 
14.292186463773 
14.292478974261 
14.290636338605 
14.291856269972 
14.292658878097 
14.292573146332 
14.292510903033 
14.294276368935 
14.294975222688 
14.294006654222 
14.293374173866 
14.293054809449 
14.292232547352 
14.292356738361 
14.293631414493 
14.293482667925 
14.293535151326 
14.293535151326 
14.293185422950 
14.293356012392 
14.293725366065 
14.293777863373 
14.293440939736 
14.294593662339 
14.294420553077 
14.294386973786 
14.295095762459 
14.295302861603 
14.295136459855 
14.295417709137 
14.295633510978 
14.295418086923 
14.295765859889 
14.296287373281 
14.296430512893 
14.296258414163 
14.296106915896 
14.295854625275 
14.296034210823 
14.296231814499 
14.296488705320 
14.296072883888 
14.296287435166 
14.296199948072 
14.296763042018 
14.296823941126 
14.295948363335 
14.295308710535 
14.295428767664 
14.295525019648 
14.295761182026 
14.295385962966 
14.295235236571 
14.297101511609 
14.297041831508 
14.297402979041 
14.297285324080 
14.297061548682 
14.296970318754 
14.297662574975 
14.296126679981 
14.295749896367 
14.296013441179 
14.295908473171 
14.295405792999 
14.295403680705 
14.295875804788 
14.295987458740 
14.295224770866 
14.294843355094 
14.295136376464 
14.294983971943 
14.295015873855 
14.295177924467 
14.295030740780 
14.295083947994 
14.294856511655 
14.294962480487 
14.295236889122 
14.295816199719 
14.295700584818 
14.295267872877 
14.295224173638 
14.295226760198 
14.295347908678 
14.295248786996 
14.296224356875 
14.296004214823 
14.296166199994 
14.295762632113 
14.295216811591 
14.295153943495 
14.295248990730 
14.295054443805 
14.294634038097 
14.295188618123 
14.295504195614 
14.295599541420 
14.295621799666 
14.295786133157 
14.296080228235 
14.296540208449 
14.296309606856 
14.296886134516 
14.296961764505 
14.296200491909 
14.296525319716 
14.296244257368 
14.296316570132 
14.296199160970 
14.296065310087 
14.296572011615 
14.296017276990 
14.295821665809 
14.295571871349 
14.295704485838 
14.295656119229 
14.295656119229 
14.295580413880 
14.295469467387 
14.295384744822 
14.295344504049 
14.295306375523 
14.295427634968 
14.295836803196 
14.294085514624 
14.294653383735 
14.294640120273 
14.294714765008 
14.294782277323 
14.294594324044 
14.295050871035 
14.294350762908 
14.294410565250 
14.294154172305 
14.293708962386 
14.293696815467 
14.293941141993 
14.293974115695 
14.294650304088 
14.294530134383 
14.294855465504 
14.294086745193 
14.294415230792 
14.294751463084 
14.294365009570 
14.294461137682 
14.293438019068 
14.294143679812 
14.294397424469 
14.294022815763 
14.295013673378 
14.295013673378 
14.295136458651 
14.295155055059 
14.295087930681 
14.295222582670 
14.295258547820 
14.295236935574 
14.295153898736 
14.295023704125 
14.295206238145 
14.295252484807 
14.295256551776 
14.295306689194 
14.295308412519 
14.295323244073 
14.295108274104 
14.295298940893 
14.295130802988 
14.294670221061 
14.294896069686 
14.294557324632 
14.294672699376 
14.295035419376 
14.295103898823 
14.294618947059 
14.295146599425 
14.294683192042 
14.294546033865 
14.294628581640 
14.294628581640 
14.294443626068 
14.294574950383 
14.294259009231 
14.294068553742 
14.294068847468 
14.294271709305 
14.293799930857 
14.294903296098 
14.294921957821 
14.294929829664 
14.295102741001 
14.294896339619 
14.294995801875 
14.294954601818 
14.295254483393 
14.294673287680 
14.294706490681 
14.294863908869 
14.295041361714 
14.294563719542 
14.295413673480 
14.295677729931 
14.295282684850 
14.295571979354 
14.295909637760 
14.295957959446 
14.295917300226 
14.296065374845 
14.296083311431 
14.295891392295 
14.295274089345 
14.295415497953 
14.295644019017 
14.295401872865 
14.295334083871 
14.295610432826 
14.295322010369 
14.293904764665 
14.294272133295 
14.293822148417 
14.293862902847 
14.293951784694 
14.293641090055 
14.293870145728 
14.294072724508 
14.294072724508 
14.294108643308 
14.294378507989 
14.293965008836 
14.293965008836 
14.294181759934 
14.294095095023 
14.294120513808 
14.294224448908 
14.294213595266 
14.293951857030 
14.293698032543 
14.294066116766 
14.293114222452 
14.294450969637 
14.294482980708 
14.294433240581 
14.294252504371 
14.294146042249 
14.294153376302 
14.293517915319 
14.293820968308 
14.293785903693 
14.293743466977 
14.293730023858 
14.294518907199 
14.294739272376 
14.294544967174 
14.294365579172 
14.294200674495 
14.293249057346 
14.293452052738 
14.292740500126 
14.292593077745 
14.292678534239 
14.292710731555 
14.292181247349 
14.293122654139 
14.293221412081 
14.293014235352 
14.293019592173 
14.293432344040 
14.293432344040 
14.293433575599 
14.294590360190 
14.294251325875 
14.294259851944 
14.293201003668 
14.293480070407 
14.293554831295 
14.293616192148 
14.293929340048 
14.294467690151 
14.294935842587 
14.294532002999 
14.294528362053 
14.294930917962 
14.294356411877 
14.294068637930 
14.294262880360 
14.294454595423 
14.294321405900 
14.295177663239 
14.294833108830 
14.294786950800 
14.294829844127 
14.294408952658 
14.294032289305 
14.293667021885 
14.293858832451 
14.293991125555 
14.293211394979 
14.293097962995 
14.293122306938 
14.293545006912 
14.294136648738 
14.294271213409 
14.294317990567 
14.294383942768 
14.294407489838 
14.294253966031 
14.294104963675 
14.293740232409 
14.294170330248 
14.294036438668 
14.294447749215 
14.294109751764 
14.294876792526 
14.294875761903 
14.294892494994 
14.295007865769 
14.294966966436 
14.294615492710 
14.294615762561 
14.294487503243 
14.294299735084 
14.294299735084 
14.294289499063 
14.294590983585 
14.294625279326 
14.294733330929 
14.294505194120 
14.294607227764 
14.294694265386 
14.294783320225 
14.294829085573 
14.295612283764 
14.295339197098 
14.294579340334 
14.294334663671 
14.294151343687 
14.294321420430 
14.294282365683 
14.294420898582 
14.294274733923 
14.293947017600 
14.294292254842 
14.294457119227 
14.294485464083 
14.294503332904 
14.294267427425 
14.294313528507 
14.294251735551 
14.294244570972 
14.293381076720 
14.294409637797 
14.294311445841 
14.293939023037 
14.293964310324 
14.293971694981 
14.294237489760 
14.293167484002 
14.293205970180 
14.294215235661 
14.294097454376 
14.294061346103 
14.293867238717 
14.293867238717 
14.294841537676 
14.295209910175 
14.295586897554 
14.295539177631 
14.295215100621 
14.295276957442 
14.295235053356 
14.295173713518 
14.295463221235 
14.296093963015 
14.295576825290 
14.295963167659 
14.296083454450 
14.295838102723 
14.296017391789 
14.295894299141 
14.296032458338 
14.295965150047 
14.295747590786 
14.295707024639 
14.295517474296 
14.295358225424 
14.295358524954 
14.295213451176 
14.295349243620 
14.294769584521 
14.294627658223 
14.294970463746 
14.295103979170 
14.295263014170 
14.294747941794 
14.294966982881 
14.294595310986 
14.294503132448 
14.294311475755 
14.294308864922 
14.294305618586 
14.294246413679 
14.294185487225 
14.293436660309 
14.293501124597 
14.293335326330 
14.293515968222 
14.293311879719 
14.293773150843 
14.293623024841 
14.293729448071 
14.294235894990 
14.294688713877 
14.294940170873 
14.295007173047 
14.295111519653 
14.295422503831 
14.295321114902 
14.295948814940 
14.296177160414 
14.295677763063 
14.295373805567 
14.295469404319 
14.295431116559 
14.294807439252 
14.295022469778 
14.294837097924 
14.295143298426 
14.295029152194 
14.295599010185 
14.295653935986 
14.295643179897 
14.295528641293 
14.295634275308 
14.295795338164 
14.296679830031 
14.296354157147 
14.296756031148 
14.295907156591 
14.295810756190 
14.295970543579 
14.295839640370 
14.295561215635 
14.295627494492 
14.295001399339 
14.295001399339 
14.294914156435 
14.295081990807 
14.295350734217 
14.295334093377 
14.295496021029 
14.296002581241 
14.295674731849 
14.296557511038 
14.296557511038 
14.295829081839 
14.295459678518 
14.295748560066 
14.294919126156 
14.294906331595 
14.295148956079 
14.295148538847 
14.295320584637 
14.295366628270 
14.294058957769 
14.293504859970 
14.293003411059 
14.293529402103 
14.293223887214 
14.292577731866 
14.293450470830 
14.293859300248 
14.293407319386 
14.293372376579 
14.292865246228 
14.293100184009 
14.292486667621 
14.292204412257 
14.292376470134 
14.292458188938 
14.292648435475 
14.293074670318 
14.293050962562 
14.292948905234 
14.293874214613 
14.293550790747 
14.293596843076 
14.293737783593 
14.294159499074 
14.294264216884 
14.294182002597 
14.294565094461 
14.294671047759 
14.294661090631 
14.294849537832 
14.295012852855 
14.295785391699 
14.296185580319 
14.295761105148 
14.295835685209 
14.295435477101 
14.294579176039 
14.294793303320 
14.294740344505 
14.294795318850 
14.294865614623 
14.294786045628 
14.295042632696 
14.295198817541 
14.295568804136 
14.295194791094 
14.295912254630 
14.295960400972 
14.295442025374 
14.295478047586 
14.295017466541 
14.294130578764 
14.293368598455 
14.293359604729 
14.293607905316 
14.293441915144 
14.292964097057 
14.295716915543 
14.295851473795 
14.295806502960 
14.295855963001 
14.295955058804 
14.295716083217 
14.295563349978 
14.295661721877 
14.295643611415 
14.296445751562 
14.295637220279 
14.295993482416 
14.296165466282 
14.296716108007 
14.295791542919 
14.295724096086 
14.295698228335 
14.295768653411 
14.295798003742 
14.296139818590 
14.295635620403 
14.295794484106 
14.295855812981 
14.295754130938 
14.295690929118 
14.295491642116 
14.295831521084 
14.295846344664 
14.295927227711 
14.295918302589 
14.295722896563 
14.295974970864 
14.295995718237 
14.296087253285 
14.296334359515 
14.295524803609 
14.295609725414 
14.295467055999 
14.295463629262 
14.295549059234 
14.295876324453 
14.295873812086 
14.295959281028 
14.295707196154 
14.295755737969 
14.295776655354 
14.296463760692 
14.296653898353 
14.296397821641 
14.294861602467 
14.294725730246 
14.294879202004 
14.295146415619 
14.295240326159 
14.294975696366 
14.295190992399 
14.295452268983 
14.295763542476 
14.295913264958 
14.295636547756 
14.295846108242 
14.295771602425 
14.295801450352 
14.295736678501 
14.295760646569 
14.295792450524 
14.295809446009 
14.295943995246 
14.295649130080 
14.295246323022 
14.295646590462 
14.295646590462 
14.295507496753 
14.294915407009 
14.294917373054 
14.295239016749 
14.295415010261 
14.294897583229 
14.294332843394 
14.294394517251 
14.294748849712 
14.294754317730 
14.294953691059 
14.295173652382 
14.295070236373 
14.296387430031 
14.296233913204 
14.296401663407 
14.296239283190 
14.296320341598 
14.296463092341 
14.296677592221 
14.296700352224 
14.295868751769 
14.293182696516 
14.294395012338 
14.294498047762 
14.294346159813 
14.294347624678 
14.294317385756 
14.294320462466 
14.294077236332 
14.294024019316 
14.294197566098 
14.294183664051 
14.294113045988 
14.294032974733 
14.294018105590 
14.293796103418 
14.293504402751 
14.293702987578 
14.293449402706 
14.293643362551 
14.293139798976 
14.293888853625 
14.294257487398 
14.294477478939 
14.294361623017 
14.294038238906 
14.294002563654 
14.294518940021 
14.294212299823 
14.293989130003 
14.294216507432 
14.294110277963 
14.294105643258 
14.294154051537 
14.293828623771 
14.293861687402 
14.293895385022 
14.294174110042 
14.294098402345 
14.294557231134 
14.294437394109 
14.294558311685 
14.294268711010 
14.294039969927 
14.294028189864 
14.294193302439 
14.294479312824 
14.294079877124 
14.293983916320 
14.295157479061 
14.295105184967 
14.295112660185 
14.295263685546 
14.295268077882 
14.295456358198 
14.295992150619 
14.296267395597 
14.296044028038 
14.296457684723 
14.295826706064 
14.296225091167 
14.295962791092 
14.296226439489 
14.296374155764 
14.296374155764 
14.296532147288 
14.296167143580 
14.296043503266 
14.295919242305 
14.296039370666 
14.295844118044 
14.295477549856 
14.295547790089 
14.295999643183 
14.295683999089 
14.295932431994 
14.297335440589 
14.296765042667 
14.296148547522 
14.296148547522 
14.296106289522 
14.296808918578 
14.296544498152 
14.296147141176 
14.295390536319 
14.295375955403 
14.295375955403 
14.295199776558 
14.294900293874 
14.294973623703 
14.295622069503 
14.296134305835 
14.295572532151 
14.296875230371 
14.295648841680 
14.296307100937 
14.296911104144 
14.297204035553 
14.297839505892 
14.297942336083 
14.297959158734 
14.297325223578 
14.296744898479 
14.296620952110 
14.296676140932 
14.296947114351 
14.297179064932 
14.296907471602 
14.296899471574 
14.297086927246 
14.297514321004 
14.297469994564 
14.297716010174 
14.297682888427 
14.297334341748 
14.297332337523 
14.297252177779 
14.297441392057 
14.297354658101 
14.297058442326 
14.297016312608 
14.297136989020 
14.297097089601 
14.296998237361 
14.296894664221 
14.296715698591 
14.296474458832 
14.296474458832 
14.296287983157 
14.295805609223 
14.295755611350 
14.295970205635 
14.295590733997 
14.295993233150 
14.296189427259 
14.295981756274 
14.295997408819 
14.295946468200 
14.296126770840 
14.295584361104 
14.295340989244 
14.295309832191 
14.295402941858 
14.294807287595 
14.294595085613 
14.294643083300 
14.294632904588 
14.294834675848 
14.294777525621 
14.294994437586 
14.295735696982 
14.294831068903 
14.294736306903 
14.294345780938 
14.294555251073 
14.294069074012 
14.294156353637 
14.294103168793 
14.294697084147 
14.294894675718 
14.295167634897 
14.295164718101 
14.295180795322 
14.295241661493 
14.295241661493 
14.295241661493 
14.295274446231 
14.295284659067 
14.295071567954 
14.295079890708 
14.295092739129 
14.295146322484 
14.295109721670 
14.294767627855 
14.294842127462 
14.294800942252 
14.294853372019 
14.294872287857 
14.295179216773 
14.295145134768 
14.295244456718 
14.295334519179 
14.295378405544 
14.295473953762 
14.295475505697 
14.295722996391 
14.295516094056 
14.295764462952 
14.295874851196 
14.296442342855 
14.295970844163 
14.295669233013 
14.295615318093 
14.295544453015 
14.295157128108 
14.295184526439 
14.294733422924 
14.294105394329 
14.294445191450 
14.295123911530 
14.295252075005 
14.295888616081 
14.295946538042 
14.295640621883 
14.295480620140 
14.295391046485 
14.295737474481 
14.295595234286 
14.295466938914 
14.296125050189 
14.296026629485 
14.295842322492 
14.295955397636 
14.295472368155 
14.295311489400 
14.295390160962 
14.295548380756 
14.295558489366 
14.295218468152 
14.295328545535 
14.295298903985 
14.295483235684 
14.295400293760 
14.295280112923 
14.295498193893 
14.295499976808 
14.295275361767 
14.295589221193 
14.295589221193 
14.295555480173 
14.295743963809 
14.295714928953 
14.295767349282 
14.295668918486 
14.296223963147 
14.296253835888 
14.296336726448 
14.295874534493 
14.296069783190 
14.295802962172 
14.295558856577 
14.295511338113 
14.295364464047 
14.295310600892 
14.295259959740 
14.295285771790 
14.295225847836 
14.295196105400 
14.294803651561 
14.294778227270 
14.294708100025 
14.294828771143 
14.295616099953 
14.295837442809 
14.294958294106 
14.294899788921 
14.294357283263 
14.294540497738 
14.294411374710 
14.293960828690 
14.293926765792 
14.294183855136 
14.293678597580 
14.294911516642 
14.294795473798 
14.294974819378 
14.295172801446 
14.295366106281 
14.295529630538 
14.295189860216 
14.295966100457 
14.296508546193 
14.296692695902 
14.296335252898 
14.295883499738 
14.295777481520 
14.295715770156 
14.295715770156 
14.295446567940 
14.295610390135 
14.296235019633 
14.296026836865 
14.296139593614 
14.295321788321 
14.295334943112 
14.295280468973 
14.294907821686 
14.294825081377 
14.294811520678 
14.294676625727 
14.294561893769 
14.293669272207 
14.294049172510 
14.293972777706 
14.294330685836 
14.294416032229 
14.294417961443 
14.294470185382 
14.294912011922 
14.294477998000 
14.294909975941 
14.295407520493 
14.294942791051 
14.294963233426 
14.295168586073 
14.295259910722 
14.294580012994 
14.294726128148 
14.294716925450 
14.294724637550 
14.295216938595 
14.294662246465 
14.294982649552 
14.294594401917 
14.294756251331 
14.294466553731 
14.294079887356 
14.294035472150 
14.293905295151 
14.293954750960 
14.293819742524 
14.294085483805 
14.294990974020 
14.294656022294 
14.294977700253 
14.294834017408 
14.294869822075 
14.295176847861 
14.294796096737 
14.294515186922 
14.294425967008 
14.294308083686 
14.294469350230 
14.293833767115 
14.293838130861 
14.293555492899 
14.293701195652 
14.293421057464 
14.293630373178 
14.293393650175 
14.293321845875 
14.293306399340 
14.293021672169 
14.292948484859 
14.293569264740 
14.293283569781 
14.293035807248 
14.293463725287 
14.293473905947 
14.293661647895 
14.293678534507 
14.293703372029 
14.294328923931 
14.294745295728 
14.294681090028 
14.294489464423 
14.295001259177 
14.295265071238 
14.295667684212 
14.295491432887 
14.295336341931 
14.295176426631 
14.293997712285 
14.294370404206 
14.294023659431 
14.294125924859 
14.293961863621 
14.293966707145 
14.293937529559 
14.293937529559 
14.293720920449 
14.293484604237 
14.293570898965 
14.293472968952 
14.293884712439 
14.293884712439 
14.294227681154 
14.294859056321 
14.294824900374 
14.294998371235 
14.295652439655 
14.295573334993 
14.295546339429 
14.295046544134 
14.295214991000 
14.294670066169 
14.294616396896 
14.294553493331 
14.294802272429 
14.294652990710 
14.294851253723 
14.295160961470 
14.295019370034 
14.295028184294 
14.294712398559 
14.294922615446 
14.295022358828 
14.294594221213 
14.294370691364 
14.294598952841 
14.294606728723 
14.293981566818 
14.293200291941 
14.292803851325 
14.292656145741 
14.292272930832 
14.293442819515 
14.293456766690 
14.293572442285 
14.293296691749 
14.293675230490 
14.293629893304 
14.294135056433 
14.294525037724 
14.294520842492 
14.294335430179 
14.294316417419 
14.294495262908 
14.294569328920 
14.294394611452 
14.294584201436 
14.294226050139 
14.294107328435 
14.293510905802 
14.291664266218 
14.292365415555 
14.291878979364 
14.291428344931 
14.293185717909 
14.292939678095 
14.292907539552 
14.293540811576 
14.293401955896 
14.293444496551 
14.293656125225 
14.294324647721 
14.293599379054 
14.293430025169 
14.293131114543 
14.293176833229 
14.292775541048 
14.293366518464 
14.293675070905 
14.293916460893 
14.293966040174 
14.293989756701 
14.294470226788 
14.293976604095 
14.294001107448 
14.293982642647 
14.294149268651 
14.294210579706 
14.294189342306 
14.294189692662 
14.294383399491 
14.294439791896 
14.294305651386 
14.294668768976 
14.294778171694 
14.294859799939 
14.294749282216 
14.295017197464 
14.294817868822 
14.294851845938 
14.294494665208 
14.294867184010 
14.295252666605 
14.295461448214 
14.295003128668 
14.294373993976 
14.294373993976 
14.294583878649 
14.295017189878 
14.294960119148 
14.294411872650 
14.294231887410 
14.293940434154 
14.294705939795 
14.295316878393 
14.295305390856 
14.295506723577 
14.295788278596 
14.296118994538 
14.296561828445 
14.296133506958 
14.295693832854 
14.295829223370 
14.296163138592 
14.296204486931 
14.296412391487 
14.295675322837 
14.295668620455 
14.295032237257 
14.294981207440 
14.294986957026 
14.295101509210 
14.294993474129 
14.294329949662 
14.294402733918 
14.294411996624 
14.294617245438 
14.294258690216 
14.294123915948 
14.294218896456 
14.294497433429 
14.294638837441 
14.294522189063 
14.294747703110 
14.294542990009 
14.294677408966 
14.295296501572 
14.296305386362 
14.296947766119 
14.297324906746 
14.297775115558 
14.296860530872 
14.296650850734 
14.296208177033 
14.295749863953 
14.295402967593 
14.295539654441 
14.295539654441 
14.295236702415 
14.294873491303 
14.295231445407 
14.295489216064 
14.295532698394 
14.295317484977 
14.295219710526 
14.295672544184 
14.295372255558 
14.295410481689 
14.296025217693 
14.295563073479 
14.295507343467 
14.295674556737 
14.295480976907 
14.295234233789 
14.294704551445 
14.294800123442 
14.294853781207 
14.294771448303 
14.294933321851 
14.294975094703 
14.295056839681 
14.294884769525 
14.294884769525 
14.294528045882 
14.294360085315 
14.294443236047 
14.294221658926 
14.294126991764 
14.294135705356 
14.293913390990 
14.294197091719 
14.293966965013 
14.293967128775 
14.293957861440 
14.293924452818 
14.293860667947 
14.294082798453 
14.295572539985 
14.295400559924 
14.295564058093 
14.296125993128 
14.292725124400 
14.292732799591 
14.292370389052 
14.291723093557 
14.292319647975 
14.292323419737 
14.292429268016 
14.292628491352 
14.292138518354 
14.292168679221 
14.292168679221 
14.291040659809 
14.291809412264 
14.291559740479 
14.291489610090 
14.292205464350 
14.292799154972 
14.291418470782 
14.292883966216 
14.293766620176 
14.293423149436 
14.293952860160 
14.294576590016 
14.294473671962 
14.294591427257 
14.294584754882 
14.294342922391 
14.294363902854 
14.294095842725 
14.294323458363 
14.294211223711 
14.293983518136 
14.293942133982 
14.293749869326 
14.294217751705 
14.294619126285 
14.294425118432 
14.294068290907 
14.294071603942 
14.293948060633 
14.294701216338 
14.294666898111 
14.293850420251 
14.294957718027 
14.294806849078 
14.294779020246 
14.294666950224 
14.294840816850 
14.294297184617 
14.294601663282 
14.294658977002 
14.294545933575 
14.294066758646 
14.294392234417 
14.294453943133 
14.294265970691 
14.294641243825 
14.295027173687 
14.294713324617 
14.294543559109 
14.294833271030 
14.294960202675 
14.295203796726 
14.295380874746 
14.295341085569 
14.295416520000 
14.295043864710 
14.295312598601 
14.296035648964 
14.295960362941 
14.295815760401 
14.295585332708 
14.295513542693 
14.295438058203 
14.295417230944 
14.295175632561 
14.295127705033 
14.294660072807 
14.294496487762 
14.294442166525 
14.294391881197 
14.295764127514 
14.295776220174 
14.295447815306 
14.295859653191 
14.296918187548 
14.296551772965 
14.296390744658 
14.296759906500 
14.296889550383 
14.296451699140 
14.296969921676 
14.296459402461 
14.296813483906 
14.294874568904 
14.294411131778 
14.294505351302 
14.294363954912 
14.294278469996 
14.294398666045 
14.294427726587 
14.294302927243 
14.294719788587 
14.294593668441 
14.294537934218 
14.294689113841 
14.294546241004 
14.294527871515 
14.294590556007 
14.294270325048 
14.294647824656 
14.294098366817 
14.293193292061 
14.293187260775 
14.292989096517 
14.293021867850 
14.293539048111 
14.293640935814 
14.293124032601 
14.292756840472 
14.293787976279 
14.293941042953 
14.293755187761 
14.294079253911 
14.294163015188 
14.294167537015 
14.294037426285 
14.293711863799 
14.293865507265 
14.293697443436 
14.293627618630 
14.293281559065 
14.293073373397 
14.293115742625 
14.293645706794 
14.293176709228 
14.293312144052 
14.292944007402 
14.292410233387 
14.293154720080 
14.292921786164 
14.292923545132 
14.291775133396 
14.293377818619 
14.292568990414 
14.292724347546 
14.292518464447 
14.292585832868 
14.292078346785 
14.292360087083 
14.292609469393 
14.292619220055 
14.292749371709 
14.292963666458 
14.292716818372 
14.293186379471 
14.292970417078 
14.293740559037 
14.293515674904 
14.293971454289 
14.294729485563 
14.295075437214 
14.295089575488 
14.294876940451 
14.294855182855 
14.295061651605 
14.294899609054 
14.294377852493 
14.294513451469 
14.294736908769 
14.295073507127 
14.295009096348 
14.294890461441 
14.295221047628 
14.295153713319 
14.295562099885 
14.295312286884 
14.295212630961 
14.295221219838 
14.294385569366 
14.294346225207 
14.294088699469 
14.294034362034 
14.293313374126 
14.293340581726 
14.293473551438 
14.293372122877 
14.294351795216 
14.294442725315 
14.293497076157 
14.293590738605 
14.293559733331 
14.293294285177 
14.293580996290 
14.293393785655 
14.294025467009 
14.294160642823 
14.294031531250 
14.293998806580 
14.294309050151 
14.294375851425 
14.294460785067 
14.294616190654 
14.294728340791 
14.294756587704 
14.294790381569 
14.294688654853 
14.294723575614 
14.294652995146 
14.294706270179 
14.294689930570 
14.294550877579 
14.294550877579 
14.294730542046 
14.294851745853 
14.294713682208 
14.294857647913 
14.294847934387 
14.294930143405 
14.294920391478 
14.294588900601 
14.294447423823 
14.294881675160 
14.294995406330 
14.295306526298 
14.295236841983 
14.294906235895 
14.295300942997 
14.295482169787 
14.295577536411 
14.295179819111 
14.295303355806 
14.295161524105 
14.295521168761 
14.295326905222 
14.295536103077 
14.295565326170 
14.295568824418 
14.295869873639 
14.295543524852 
14.295557685967 
14.295925309957 
14.296554546694 
14.296237954389 
14.296069460381 
14.296699647457 
14.296556966151 
14.296040830453 
14.296201183557 
14.295902048482 
14.296380404762 
14.296313216510 
14.296313216510 
14.296721443769 
14.296598763813 
14.297483979625 
14.297567861939 
14.297553316088 
14.296934845273 
14.297358794759 
14.296746149409 
14.296203770677 
14.296408445076 
14.295970240677 
14.296024987785 
14.295293470633 
14.295771003418 
14.296477476391 
14.296020552910 
14.295552969117 
14.295496672011 
14.295321895342 
14.295660282621 
14.295522785146 
14.295439886588 
14.294384593117 
14.294489898448 
14.294911066187 
14.294777055991 
14.295399744656 
14.295491192007 
14.295441467667 
14.295276524745 
14.295730637704 
14.295761342817 
14.295843776549 
14.295853667574 
14.295984187635 
14.295147115888 
14.295164758580 
14.294907249615 
14.294940191388 
14.294978381508 
14.295312239464 
14.295395152045 
14.295502769209 
14.295745893710 
14.295736706654 
14.295271353801 
14.295415937395 
14.295376701161 
14.294791463489 
14.294872535904 
14.294797304720 
14.294730491368 
14.295017511986 
14.295143765276 
14.294963238892 
14.294387415049 
14.294166819969 
14.294507299260 
14.294507299260 
14.294443378102 
14.293413851147 
14.292851903222 
14.293078575100 
14.293206790224 
14.293128267831 
14.293502112125 
14.293598960321 
14.293983223844 
14.294342083258 
14.293722302315 
14.293649187567 
14.294048248634 
14.293849269572 
14.295150227367 
14.295104481760 
14.295878585153 
14.295474708890 
14.295224794470 
14.294519877240 
14.294382528766 
14.294737305894 
14.294737305894 
14.294842759118 
14.294757366081 
14.294386281427 
14.293974601976 
14.293174882702 
14.293173290277 
14.293297568919 
14.291783155675 
14.291960268709 
14.292951004357 
14.292849140203 
14.292287200748 
14.292002367293 
14.292235815373 
14.291804672874 
14.293020870752 
14.292692531543 
14.292916543135 
14.292593947823 
14.292590388020 
14.292311070894 
14.292412814732 
14.292239448304 
14.292578513171 
14.292839420564 
14.292858271584 
14.293308566667 
14.292882662297 
14.292787700413 
14.292798311456 
14.292816326208 
14.292721501407 
14.292660423095 
14.292977254642 
14.292997475721 
14.293010879349 
14.293439807999 
14.292072617632 
14.292886654548 
14.291774853018 
14.293443491046 
14.295515193237 
14.295293766082 
14.295156303911 
14.295136882189 
14.295121909071 
14.295122111718 
14.295183923978 
14.295138129091 
14.295032003221 
14.295114225946 
14.294758355272 
14.294981569787 
14.295314164016 
14.295314608722 
14.295361406261 
14.295366572087 
14.295397339538 
14.295675793564 
14.295629593130 
14.295453276069 
14.295438616557 
14.295342230547 
14.295553088598 
14.295241258589 
14.295333152644 
14.295541612854 
14.295541612854 
14.295182078699 
14.295182078699 
14.294127276160 
14.294393281967 
14.293987931809 
14.294250577136 
14.293146166584 
14.293756559547 
14.293900486198 
14.293803225052 
14.293461050411 
14.293185644059 
14.292938114247 
14.293380884611 
14.292890779955 
14.292566322137 
14.292736165180 
14.292537901660 
14.292192746402 
14.292440128322 
14.292927810177 
14.292321006609 
14.292798117479 
14.292615179503 
14.292615179503 
14.293618040108 
14.293853985831 
14.293853985831 
14.293839264689 
14.293805712129 
14.293488359786 
14.293621793185 
14.293604683363 
14.293601701938 
14.293601701938 
14.293558286207 
14.294257905800 
14.294281217669 
14.294117051118 
14.294318340669 
14.294455862986 
14.294503151726 
14.294696667960 
14.295227646338 
14.294955947386 
14.295252369491 
14.295293611887 
14.295066979545 
14.294899125595 
14.295012046244 
14.295003846680 
14.295015386849 
14.295018675818 
14.295200466576 
14.295164469147 
14.295120408700 
14.295120408700 
14.295120408700 
14.294992046325 
14.295016388756 
14.295012333543 
14.295086288837 
14.295085382906 
14.294996618725 
14.294975383395 
14.295032721241 
14.295033071652 
14.295906246478 
14.296235374002 
14.296218139675 
14.296071227289 
14.295826644134 
14.295826644134 
14.296324984783 
14.296324984783 
14.296124688821 
14.296246383484 
14.296166336616 
14.296237752579 
14.295908568596 
14.296191301979 
14.295869914232 
14.295398691168 
14.295441827460 
14.295411029072 
14.294997360059 
14.294876391724 
14.295134027496 
14.294396415745 
14.294594610057 
14.294439567578 
14.294659548131 
14.294790411458 
14.294644804318 
14.294705433805 
14.294680227471 
14.294579296126 
14.294955183385 
14.295121853822 
14.294953992497 
14.294871136386 
14.294663619863 
14.295325781978 
14.294568561308 
14.294299480401 
14.294312794640 
14.294232731724 
14.294391777858 
14.295162137182 
14.295220553840 
14.295238872784 
14.294748908884 
14.294757323970 
14.294614499445 
14.294834021832 
14.295154670823 
14.294773342614 
14.294210959954 
14.294219051006 
14.293513672487 
14.293579252842 
14.294223346729 
14.294312678661 
14.294534977999 
14.294584146768 
14.294498337228 
14.294381579040 
14.293996504763 
14.294303791502 
14.294544481912 
14.294726333917 
14.294517569349 
14.294539515365 
14.295463736392 
14.295559170563 
14.295402210795 
14.295096480744 
14.294764034949 
14.294867209523 
14.294976261222 
14.295573686029 
14.295806633478 
14.296108184508 
14.295622228913 
14.295306853397 
14.295249611467 
14.294757564048 
14.295067495805 
14.295100609597 
14.295442197670 
14.295107938650 
14.295165710634 
14.295293389875 
14.295277922608 
14.295356567207 
14.295271924815 
14.295267872689 
14.295448937863 
14.295753450956 
14.295359292719 
14.295298665708 
14.295789818679 
14.295463988555 
14.295805682826 
14.295658629963 
14.295564506403 
14.295185183292 
14.295159342564 
14.294924753318 
14.295842704571 
14.296390779152 
14.296269770764 
14.296317736485 
14.296112627744 
14.296705778689 
14.296705778689 
14.296740999854 
14.296901680050 
14.297561139086 
14.296559751341 
14.296479184907 
14.296413897460 
14.296737059249 
14.296679492496 
14.297517959286 
14.297155746845 
14.296632640209 
14.296661334679 
14.296361552549 
14.296319216571 
14.296754409454 
14.296224736659 
14.296495982798 
14.296661840666 
14.296723182982 
14.296627922567 
14.296750311820 
14.296646465487 
14.296672601845 
14.295787774122 
14.295582968766 
14.295593435678 
14.295259459645 
14.295225507420 
14.295404496818 
14.295518826859 
14.295263580236 
14.295438845825 
14.295222969259 
14.295194034935 
14.294960751621 
14.294969521671 
14.294996747040 
14.295266845079 
14.295261990023 
14.295317014253 
14.295247273504 
14.295381402764 
14.294878201912 
14.294810570413 
14.295622583113 
14.293980143203 
14.294083698188 
14.293473163986 
14.293853582628 
14.293812064085 
14.293834354045 
14.293654770204 
14.293877290510 
14.293877290510 
14.294113066694 
14.294204046032 
14.294290176182 
14.294179381088 
14.294275426843 
14.294288289223 
14.294113111963 
14.294014515662 
14.294421915803 
14.294379946496 
14.294477903215 
14.294635199191 
14.294010189257 
14.294132457307 
14.294158408078 
14.294660759208 
14.294168938084 
14.293507240226 
14.292897954335 
14.293507780968 
14.292691858637 
14.293862823050 
14.293906619025 
14.293752392090 
14.294003221673 
14.294842417464 
14.295062543084 
14.295504484904 
14.296275712133 
14.296652962474 
14.296542386173 
14.295591186931 
14.295833574179 
14.295728288437 
14.294817407709 
14.294863347195 
14.294348352648 
14.294189529321 
14.294373864612 
14.294036279667 
14.293770068566 
14.294276293394 
14.294629723032 
14.294713567627 
14.294731087346 
14.295221430614 
14.295801699908 
14.295839948916 
14.296085724795 
14.296038629257 
14.295986510026 
14.295052641145 
14.295139039972 
14.295326292062 
14.295027390732 
14.295236910692 
14.295170979495 
14.295442295470 
14.295307362613 
14.295220669473 
14.295969891443 
14.295826362796 
14.295717505264 
14.295184992837 
14.295088507851 
14.295539600726 
14.295120495747 
14.295148710333 
14.295099435161 
14.295968908700 
14.296111467989 
14.296043991310 
14.295998803876 
14.293771523680 
14.293357560212 
14.292945676814 
14.293304983736 
14.293238893424 
14.293108200829 
14.293638504266 
14.294065529685 
14.294397009782 
14.294066070300 
14.293981893888 
14.294025456441 
14.294017303478 
14.293880074323 
14.293744893581 
14.293708291441 
14.293656620321 
14.294018848981 
14.293697103884 
14.294127094903 
14.294505627814 
14.294742798044 
14.295448447020 
14.295578318274 
14.295611285471 
14.296093357681 
14.295731892334 
14.295458697380 
14.295360903037 
14.295548872110 
14.295142328649 
14.295432925415 
14.295372755902 
14.295413759180 
14.295432887443 
14.296169027291 
14.295585140504 
14.295386100002 
14.295388024342 
14.295924346701 
14.295817721887 
14.295979554285 
14.296018355020 
14.296267785075 
14.296453320157 
14.296510733924 
