# time model 
2453115.032645 1.095608 
2453116.746773 0.628254 
2453118.460901 -0.165726 
2453120.175029 -1.391363 
2453121.889157 -2.260465 
2453123.603285 -0.496802 
2453125.317413 0.883037 
2453127.031540 1.271030 
2453128.745668 1.191973 
2453130.459796 0.819419 
2453132.173924 0.148722 
2453133.888052 -0.927159 
2453135.602180 -2.191535 
2453137.316308 -1.244606 
2453139.030436 0.561613 
2453140.744564 1.208452 
2453142.458692 1.255623 
2453144.172820 0.976947 
2453145.886948 0.415875 
2453147.601076 -0.508020 
2453149.315204 -1.828254 
2453151.029331 -1.927182 
2453152.743459 0.093143 
2453154.457587 1.080541 
2453156.171715 1.283197 
2453157.885843 1.102722 
2453159.599971 0.641557 
2453161.314099 -0.144062 
2453163.028227 -1.360878 
2453164.742355 -2.268667 
2453166.456483 -0.542110 
2453168.170611 0.866205 
2453169.884739 1.268675 
2453171.598867 1.197052 
2453173.312995 0.830483 
2453175.027122 0.167175 
2453176.741250 -0.898758 
2453178.455378 -2.174825 
2453180.169506 -1.293165 
2453181.883634 0.536381 
2453183.597762 1.202407 
2453185.311890 1.258518 
2453187.026018 0.985938 
2453188.740146 0.431507 
2453190.454274 -0.483058 
2453192.168402 -1.799823 
2453193.882530 -1.961805 
2453195.596658 0.057471 
2453197.310786 1.069677 
2453199.024913 1.283610 
2453200.739041 1.109708 
2453202.453169 0.654709 
2453204.167297 -0.122615 
2453205.881425 -1.330438 
2453207.595553 -2.274982 
2453209.309681 -0.587948 
2453211.023809 0.848903 
2453212.737937 1.266110 
2453214.452065 1.201997 
2453216.166193 0.841410 
2453217.880321 0.185436 
2453219.594449 -0.870558 
2453221.308577 -2.156962 
2453223.022704 -1.341429 
2453224.736832 0.510534 
2453226.450960 1.196092 
2453228.165088 1.261264 
2453229.879216 0.994800 
2453231.593344 0.446972 
2453233.307472 -0.458327 
2453235.021600 -1.771040 
2453236.735728 -1.994888 
2453238.449856 0.021093 
2453240.163984 1.058455 
2453241.878112 1.283850 
2453243.592240 1.116566 
2453245.306368 0.667713 
2453247.020495 -0.101383 
2453248.734623 -1.300059 
2453250.448751 -2.279432 
2453252.162879 -0.634287 
2453253.877007 0.831120 
2453255.591135 1.263331 
2453257.305263 1.206807 
2453259.019391 0.852201 
2453260.733519 0.203506 
2453262.447647 -0.842562 
2453264.161775 -2.138006 
2453265.875903 -1.389319 
2453267.590031 0.484064 
2453269.304159 1.189501 
2453271.018286 1.263861 
2453272.732414 1.003532 
2453274.446542 0.462269 
2453276.160670 -0.433825 
2453277.874798 -1.741943 
2453279.588926 -2.026369 
2453281.303054 -0.015990 
2453283.017182 1.046868 
2453284.731310 1.283914 
2453286.445438 1.123295 
2453288.159566 0.680568 
2453289.873694 -0.080365 
2453291.587822 -1.269757 
2453293.301950 -2.282046 
2453295.016077 -0.681094 
2453296.730205 0.812849 
2453298.444333 1.260336 
2453300.158461 1.211482 
2453301.872589 0.862857 
2453303.586717 0.221388 
2453305.300845 -0.814775 
2453307.014973 -2.118015 
2453308.729101 -1.436757 
2453310.443229 0.456962 
2453312.157357 1.182632 
2453313.871485 1.266308 
2453315.585613 1.012136 
2453317.299741 0.477401 
2453319.013868 -0.409553 
2453320.727996 -1.712567 
2453322.442124 -2.056189 
2453324.156252 -0.053777 
2453325.870380 1.034910 
2453327.584508 1.283800 
2453329.298636 1.129895 
2453331.012764 0.693276 
2453332.726892 -0.059559 
2453334.441020 -1.239545 
2453336.155148 -2.282854 
2453337.869276 -0.728333 
2453339.583404 0.794080 
2453341.297532 1.257121 
2453343.011659 1.216021 
2453344.725787 0.873378 
2453346.439915 0.239082 
2453348.154043 -0.787200 
2453349.868171 -2.097047 
2453351.582299 -1.483661 
2453353.296427 0.429220 
2453355.010555 1.175478 
2453356.724683 1.268602 
2453358.438811 1.020611 
2453360.152939 0.492369 
2453361.867067 -0.385510 
2453363.581195 -1.682948 
2453365.295323 -2.084309 
2453367.009450 -0.092265 
2453368.723578 1.022573 
2453370.437706 1.283507 
2453372.151834 1.136367 
2453373.865962 0.705839 
2453375.580090 -0.038965 
2453377.294218 -1.209438 
2453379.008346 -2.281893 
2453380.722474 -0.775965 
2453382.436602 0.774805 
2453384.150730 1.253682 
2453385.864858 1.220423 
2453387.578986 0.883765 
2453389.293114 0.256591 
2453391.007241 -0.759841 
2453392.721369 -2.075161 
2453394.435497 -1.529947 
2453396.149625 0.400829 
2453397.863753 1.168034 
2453399.577881 1.270743 
2453401.292009 1.028958 
2453403.006137 0.507174 
2453404.720265 -0.361695 
2453406.434393 -1.653119 
2453408.148521 -2.110657 
2453409.862649 -0.131450 
2453411.576777 1.009850 
2453413.290905 1.283032 
2453415.005032 1.142709 
2453416.719160 0.718256 
2453418.433288 -0.018580 
2453420.147416 -1.179447 
2453421.861544 -2.279203 
2453423.575672 -0.823948 
2453425.289800 0.755013 
2453427.003928 1.250016 
2453428.718056 1.224688 
2453430.432184 0.894019 
2453432.146312 0.273916 
2453433.860440 -0.732699 
2453435.574568 -2.052412 
2453437.288696 -1.575533 
2453439.002823 0.371781 
2453440.716951 1.160296 
2453442.431079 1.272729 
2453444.145207 1.037176 
2453445.859335 0.521818 
2453447.573463 -0.338108 
2453449.287591 -1.623111 
2453451.001719 -2.135204 
2453452.715847 -0.171326 
2453454.429975 0.996734 
2453456.144103 1.282373 
2453457.858231 1.148921 
2453459.572359 0.730529 
2453461.286487 0.001597 
2453463.000614 -1.149583 
2453464.714742 -2.274829 
2453466.428870 -0.872237 
2453468.142998 0.734696 
2453469.857126 1.246120 
2453471.571254 1.228814 
2453473.285382 0.904139 
2453474.999510 0.291058 
2453476.713638 -0.705779 
2453478.427766 -2.028856 
2453480.141894 -1.620333 
2453481.856022 0.342069 
2453483.570150 1.152257 
2453485.284278 1.274559 
2453486.998405 1.045266 
2453488.712533 0.536302 
2453490.426661 -0.314748 
2453492.140789 -1.592953 
2453493.854917 -2.157915 
2453495.569045 -0.211885 
2453497.283173 0.983217 
2453498.997301 1.281527 
2453500.711429 1.155004 
2453502.425557 0.742658 
2453504.139685 0.021568 
2453505.853813 -1.119858 
2453507.567941 -2.268818 
2453509.282069 -0.920783 
2453510.996196 0.713845 
2453512.710324 1.241990 
2453514.424452 1.232802 
2453516.138580 0.914127 
2453517.852708 0.308019 
2453519.566836 -0.679081 
2453521.280964 -2.004548 
2453522.995092 -1.664263 
2453524.709220 0.311685 
2453526.423348 1.143914 
2453528.137476 1.276231 
2453529.851604 1.053228 
2453531.565732 0.550627 
2453533.279860 -0.291615 
2453534.993987 -1.562673 
2453536.708115 -2.178760 
2453538.422243 -0.253118 
2453540.136371 0.969292 
2453541.850499 1.280492 
2453543.564627 1.160956 
2453545.278755 0.754645 
2453546.992883 0.041335 
2453548.707011 -1.090282 
2453550.421139 -2.261219 
2453552.135267 -0.969534 
2453553.849395 0.692450 
2453555.563523 1.237622 
2453557.277651 1.236649 
2453558.991778 0.923983 
2453560.705906 0.324801 
2453562.420034 -0.652607 
2453564.134162 -1.979539 
2453565.848290 -1.707239 
2453567.562418 0.280624 
2453569.276546 1.135259 
2453570.990674 1.277743 
2453572.704802 1.061062 
2453574.418930 0.564794 
2453576.133058 -0.268706 
2453577.847186 -1.532298 
2453579.561314 -2.197716 
2453581.275442 -0.295014 
2453582.989569 0.954951 
2453584.703697 1.279265 
2453586.417825 1.166778 
2453588.131953 0.766491 
2453589.846081 0.060898 
2453591.560209 -1.060862 
2453593.274337 -2.252085 
2453594.988465 -1.018434 
2453596.702593 0.670502 
2453598.416721 1.233013 
2453600.130849 1.240355 
2453601.844977 0.933706 
2453603.559105 0.341405 
2453605.273233 -0.626360 
2453606.987360 -1.953882 
2453608.701488 -1.749176 
2453610.415616 0.248879 
2453612.129744 1.126288 
2453613.843872 1.279094 
2453615.558000 1.068768 
2453617.272128 0.578805 
2453618.986256 -0.246022 
2453620.700384 -1.501853 
2453622.414512 -2.214767 
2453624.128640 -0.337558 
2453625.842768 0.940186 
2453627.556896 1.277844 
2453629.271024 1.172468 
2453630.985151 0.778196 
2453632.699279 0.080260 
2453634.413407 -1.031608 
2453636.127535 -2.241471 
2453637.841663 -1.067425 
2453639.555791 0.647991 
2453641.269919 1.228157 
2453642.984047 1.243919 
2453644.698175 0.943299 
2453646.412303 0.357833 
2453648.126431 -0.600339 
2453649.840559 -1.927625 
2453651.554687 -1.789992 
2453653.268815 0.216444 
2453654.982942 1.116994 
2453656.697070 1.280283 
2453658.411198 1.076346 
2453660.125326 0.592660 
2453661.839454 -0.223560 
2453663.553582 -1.471362 
2453665.267710 -2.229901 
2453666.981838 -0.380737 
2453668.695966 0.924988 
2453670.410094 1.276227 
2453672.124222 1.178027 
2453673.838350 0.789760 
2453675.552478 0.099423 
2453677.266606 -1.002527 
2453678.980733 -2.229433 
2453680.694861 -1.116445 
2453682.408989 0.624908 
2453684.123117 1.223052 
2453685.837245 1.247341 
2453687.551373 0.952761 
2453689.265501 0.374086 
2453690.979629 -0.574547 
2453692.693757 -1.900817 
2453694.407885 -1.829606 
2453696.122013 0.183315 
2453697.836141 1.107371 
2453699.550269 1.281307 
2453701.264397 1.083800 
2453702.978524 0.606361 
2453704.692652 -0.201321 
2453706.406780 -1.440845 
2453708.120908 -2.243115 
2453709.835036 -0.424531 
2453711.549164 0.909351 
2453713.263292 1.274409 
2453714.977420 1.183455 
2453716.691548 0.801186 
2453718.405676 0.118387 
2453720.119804 -0.973625 
2453721.833932 -2.216027 
2453723.548060 -1.165429 
2453725.262188 0.601244 
2453726.976315 1.217693 
2453728.690443 1.250618 
2453730.404571 0.962092 
2453732.118699 0.390166 
2453733.832827 -0.548984 
2453735.546955 -1.873504 
2453737.261083 -1.867939 
2453738.975211 0.149488 
2453740.689339 1.097414 
2453742.403467 1.282165 
2453744.117595 1.091122 
2453745.831723 0.619910 
2453747.545851 -0.179302 
2453749.259979 -1.410325 
2453750.974106 -2.254409 
2453752.688234 -0.468922 
2453754.402362 0.893265 
2453756.116490 1.272389 
2453757.830618 1.188749 
2453759.544746 0.812473 
2453761.258874 0.137155 
2453762.973002 -0.944910 
2453764.687130 -2.201313 
2453766.401258 -1.214309 
2453768.115386 0.576990 
2453769.829514 1.212076 
2453771.543642 1.253750 
2453773.257770 0.971294 
2453774.971897 0.406074 
2453776.686025 -0.523650 
2453778.400153 -1.845730 
2453780.114281 -1.904916 
2453781.828409 0.114959 
2453783.542537 1.087116 
2453785.256665 1.282854 
2453786.970793 1.098316 
2453788.684921 0.633306 
2453790.399049 -0.157502 
2453792.113177 -1.379821 
2453793.827305 -2.263792 
2453795.541433 -0.513885 
2453797.255561 0.876722 
2453798.969688 1.270163 
2453800.683816 1.193911 
2453802.397944 0.823622 
2453804.112072 0.155728 
2453805.826200 -0.916387 
2453807.540328 -2.185350 
2453809.254456 -1.263014 
2453810.968584 0.552135 
2453812.682712 1.206196 
2453814.396840 1.256736 
2453816.110968 0.980365 
2453817.825096 0.421811 
2453819.539224 -0.498546 
2453821.253352 -1.817538 
2453822.967479 -1.940463 
2453824.681607 0.079725 
2453826.395735 1.076471 
2453828.109863 1.283374 
2453829.823991 1.105381 
2453831.538119 0.646552 
2453833.252247 -0.135920 
2453834.966375 -1.349351 
2453836.680503 -2.271278 
2453838.394631 -0.559397 
2453840.108759 0.859713 
2453841.822887 1.267729 
2453843.537015 1.198939 
2453845.251143 0.834634 
2453846.965270 0.174109 
2453848.679398 -0.888062 
2453850.393526 -2.168197 
2453852.107654 -1.311470 
2453853.821782 0.526672 
2453855.535910 1.200049 
2453857.250038 1.259575 
2453858.964166 0.989307 
2453860.678294 0.437380 
2453862.392422 -0.473671 
2453864.106550 -1.788969 
2453865.820678 -1.974510 
2453867.534806 0.043787 
2453869.248934 1.065472 
2453870.963061 1.283721 
2453872.677189 1.112319 
2453874.391317 0.659648 
2453876.105445 -0.114554 
2453877.819573 -1.318933 
2453879.533701 -2.276884 
2453881.247829 -0.605428 
2453882.961957 0.842230 
2453884.676085 1.265083 
2453886.390213 1.203833 
2453888.104341 0.845510 
2453889.818469 0.192297 
2453891.532597 -0.859938 
2453893.246725 -2.149913 
2453894.960852 -1.359602 
2453896.674980 0.500590 
2453898.389108 1.193630 
2453900.103236 1.262265 
2453901.817364 0.998120 
2453903.531492 0.452781 
2453905.245620 -0.449027 
2453906.959748 -1.760063 
2453908.673876 -2.006994 
2453910.388004 0.007142 
2453912.102132 1.054113 
2453913.816260 1.283895 
2453915.530388 1.119128 
2453917.244516 0.672595 
2453918.958643 -0.093403 
2453920.672771 -1.288581 
2453922.386899 -2.280636 
2453924.101027 -0.651948 
2453925.815155 0.824263 
2453927.529283 1.262223 
2453929.243411 1.208592 
2453930.957539 0.856250 
2453932.671667 0.210296 
2453934.385795 -0.832021 
2453936.099923 -2.130558 
2453937.814051 -1.407330 
2453939.528179 0.473882 
2453941.242307 1.186935 
2453942.956434 1.264805 
2453944.670562 1.006804 
2453946.384690 0.468015 
2453948.098818 -0.424612 
2453949.812946 -1.730856 
2453951.527074 -2.037853 
2453953.241202 -0.030208 
2453954.955330 1.042386 
2453956.669458 1.283892 
2453958.383586 1.125808 
2453960.097714 0.685395 
2453961.811842 -0.072466 
2453963.525970 -1.258311 
2453965.240098 -2.282562 
2453966.954225 -0.698923 
2453968.668353 0.805805 
2453970.382481 1.259145 
2453972.096609 1.213216 
2453973.810737 0.866855 
2453975.524865 0.228106 
2453977.238993 -0.804314 
2453978.953121 -2.110191 
2453980.667249 -1.454576 
2453982.381377 0.446539 
2453984.095505 1.179958 
2453985.809633 1.267194 
2453987.523761 1.015359 
2453989.237889 0.483085 
2453990.952016 -0.400426 
2453992.666144 -1.701384 
2453994.380272 -2.067031 
2453996.094400 -0.068261 
2453997.808528 1.030285 
2453999.522656 1.283711 
2454001.236784 1.132360 
2454002.950912 0.698048 
2454004.665040 -0.051740 
2454006.379168 -1.228138 
2454008.093296 -2.282696 
2454009.807424 -0.746316 
2454011.521552 0.786845 
2454013.235680 1.255846 
2454014.949807 1.217703 
2454016.663935 0.877325 
2454018.378063 0.245730 
2454020.092191 -0.776820 
2454021.806319 -2.088869 
2454023.520447 -1.501255 
2454025.234575 0.418552 
2454026.948703 1.172695 
2454028.662831 1.269430 
2454030.376959 1.023785 
2454032.091087 0.497991 
2454033.805215 -0.376470 
2454035.519343 -1.671682 
2454037.233471 -2.094490 
2454038.947598 -0.107014 
2454040.661726 1.017803 
2454042.375854 1.283349 
2454044.089982 1.138782 
2454045.804110 0.710555 
2454047.518238 -0.031225 
2454049.232366 -1.198073 
2454050.946494 -2.281076 
2454052.660622 -0.794086 
2454054.374750 0.767376 
2454056.088878 1.252321 
2454057.803006 1.222053 
2454059.517134 0.887662 
2454061.231262 0.263169 
2454062.945389 -0.749543 
2454064.659517 -2.066649 
2454066.373645 -1.547287 
2454068.087773 0.389913 
2454069.801901 1.165140 
2454071.516029 1.271513 
2454073.230157 1.032083 
2454074.944285 0.512735 
2454076.658413 -0.352741 
2454078.372541 -1.641782 
2454080.086669 -2.120161 
2454081.800797 -0.146461 
2454083.514925 1.004932 
2454085.229053 1.282805 
2454086.943180 1.145075 
2454088.657308 0.722918 
2454090.371436 -0.010919 
2454092.085564 -1.168129 
2454093.799692 -2.277744 
2454095.513820 -0.842191 
2454097.227948 0.747386 
2454098.942076 1.248569 
2454100.656204 1.226266 
2454102.370332 0.897865 
2454104.084460 0.280425 
2454105.798588 -0.722485 
2454107.512716 -2.043589 
2454109.226844 -1.592585 
2454110.940971 0.360614 
2454112.655099 1.157289 
2454114.369227 1.273440 
2454116.083355 1.040253 
2454117.797483 0.527318 
2454119.511611 -0.329241 
2454121.225739 -1.611713 
2454122.939867 -2.144017 
2454124.653995 -0.186596 
2454126.368123 0.991666 
2454128.082251 1.282075 
2454129.796379 1.151238 
2454131.510507 0.735136 
2454133.224635 0.009180 
2454134.938762 -1.138317 
2454136.652890 -2.272744 
2454138.367018 -0.890583 
2454140.081146 0.726868 
2454141.795274 1.244585 
2454143.509402 1.230340 
2454145.223530 0.907935 
2454146.937658 0.297498 
2454148.651786 -0.695648 
2454150.365914 -2.019742 
2454152.080042 -1.637066 
2454153.794170 0.330649 
2454155.508298 1.149136 
2454157.222426 1.275210 
2454158.936553 1.048295 
2454160.650681 0.541742 
2454162.364809 -0.305967 
2454164.078937 -1.581506 
2454165.793065 -2.166025 
2454167.507193 -0.227412 
2454169.221321 0.977995 
2454170.935449 1.281158 
2454172.649577 1.157272 
2454174.363705 0.747212 
2454176.077833 0.029073 
2454177.791961 -1.108647 
2454179.506089 -2.266126 
2454181.220217 -0.939212 
2454182.934344 0.705812 
2454184.648472 1.240365 
2454186.362600 1.234274 
2454188.076728 0.917872 
2454189.790856 0.314391 
2454191.504984 -0.669035 
2454193.219112 -1.995162 
2454194.933240 -1.680645 
2454196.647368 0.300010 
2454198.361496 1.140675 
2454200.075624 1.276822 
2454201.789752 1.056208 
2454203.503880 0.556007 
2454205.218008 -0.282918 
2454206.932135 -1.551187 
2454208.646263 -2.186157 
2454210.360391 -0.268897 
2454212.074519 0.963914 
2454213.788647 1.280051 
2454215.502775 1.163175 
2454217.216903 0.759145 
2454218.931031 0.048763 
2454220.645159 -1.079128 
2454222.359287 -2.257940 
2454224.073415 -0.988026 
2454225.787543 0.684209 
2454227.501671 1.235906 
2454229.215799 1.238068 
2454230.929926 0.927678 
2454232.644054 0.331106 
2454234.358182 -0.642647 
2454236.072310 -1.969902 
2454237.786438 -1.723237 
2454239.500566 0.268690 
2454241.214694 1.131901 
2454242.928822 1.278273 
2454244.642950 1.063994 
2454246.357078 0.570115 
2454248.071206 -0.260095 
2454249.785334 -1.520783 
2454251.499462 -2.204394 
2454253.213590 -0.311040 
2454254.927717 0.949413 
2454256.641845 1.278751 
2454258.355973 1.168947 
2454260.070101 0.770937 
2454261.784229 0.068250 
2454263.498357 -1.049770 
2454265.212485 -2.248239 
2454266.926613 -1.036968 
2454268.640741 0.662049 
2454270.354869 1.231204 
2454272.068997 1.241721 
2454273.783125 0.937352 
2454275.497253 0.347643 
2454277.211381 -0.616485 
2454278.925508 -1.944012 
2454280.639636 -1.764760 
2454282.353764 0.236685 
2454284.067892 1.122808 
2454285.782020 1.279563 
2454287.496148 1.071651 
2454289.210276 0.584067 
2454290.924404 -0.237495 
2454292.638532 -1.490317 
2454294.352660 -2.220720 
2454296.066788 -0.353826 
2454297.780916 0.934485 
2454299.495044 1.277255 
2454301.209172 1.174588 
2454302.923299 0.782589 
2454304.637427 0.087536 
2454306.351555 -1.020581 
2454308.065683 -2.237080 
2454309.779811 -1.085977 
2454311.493939 0.639323 
2454313.208067 1.226255 
2454314.922195 1.245231 
2454316.636323 0.946895 
2454318.350451 0.364005 
2454320.064579 -0.590551 
2454321.778707 -1.917541 
2454323.492835 -1.805130 
2454325.206963 0.203988 
2454326.921090 1.113391 
2454328.635218 1.280690 
2454330.349346 1.079181 
2454332.063474 0.597864 
2454333.777602 -0.215117 
2454335.491730 -1.459814 
2454337.205858 -2.235128 
2454338.919986 -0.397240 
2454340.634114 0.919122 
2454342.348242 1.275562 
2454344.062370 1.180097 
2454345.776498 0.794101 
2454347.490626 0.106623 
2454349.204754 -0.991567 
2454350.918881 -2.224517 
2454352.633009 -1.134991 
2454354.347137 0.616021 
2454356.061265 1.221054 
2454357.775393 1.248598 
2454359.489521 0.956308 
2454361.203649 0.380192 
2454362.917777 -0.564845 
2454364.631905 -1.890537 
2454366.346033 -1.844269 
2454368.060161 0.170595 
2454369.774289 1.103643 
2454371.488417 1.281651 
2454373.202545 1.086586 
2454374.916672 0.611507 
2454376.630800 -0.192961 
2454378.344928 -1.429294 
2454380.059056 -2.247615 
2454381.773184 -0.441263 
2454383.487312 0.903316 
2454385.201440 1.273668 
2454386.915568 1.185474 
2454388.629696 0.805474 
2454390.343824 0.125513 
2454392.057952 -0.962735 
2454393.772080 -2.210609 
2454395.486208 -1.183944 
2454397.200336 0.592135 
2454398.914463 1.215598 
2454400.628591 1.251821 
2454402.342719 0.965590 
2454404.056847 0.396207 
2454405.770975 -0.539369 
2454407.485103 -1.863044 
2454409.199231 -1.882097 
2454410.913359 0.136503 
2454412.627487 1.093557 
2454414.341615 1.282446 
2454416.055743 1.093860 
2454417.769871 0.624998 
2454419.483999 -0.171025 
2454421.198127 -1.398778 
2454422.912254 -2.258185 
2454424.626382 -0.485873 
2454426.340510 0.887058 
2454428.054638 1.271571 
2454429.768766 1.190719 
2454431.482894 0.816709 
2454433.197022 0.144207 
2454434.911150 -0.934092 
2454436.625278 -2.195416 
2454438.339406 -1.232766 
2454440.053534 0.567654 
2454441.767662 1.209882 
2454443.481790 1.254898 
2454445.195918 0.974742 
2454446.910045 0.412050 
2454448.624173 -0.514122 
2454450.338301 -1.835107 
2454452.052429 -1.918541 
2454453.766557 0.101707 
2454455.480685 1.083129 
2454457.194813 1.283071 
2454458.908941 1.101005 
2454460.623069 0.638337 
2454462.337197 -0.149308 
2454464.051325 -1.368285 
2454465.765453 -2.266848 
2454467.479581 -0.531047 
2454469.193709 0.870340 
2454470.907836 1.269267 
2454472.621964 1.195830 
2454474.336092 0.827806 
2454476.050220 0.162707 
2454477.764348 -0.905644 
2454479.478476 -2.178995 
2454481.192604 -1.281386 
2454482.906732 0.542570 
2454484.620860 1.203901 
2454486.334988 1.257828 
2454488.049116 0.983765 
2454489.763244 0.427723 
2454491.477372 -0.489104 
2454493.191500 -1.806768 
2454494.905627 -1.953528 
2454496.619755 0.066207 
2454498.333883 1.072350 
2454500.048011 1.283526 
2454501.762139 1.108022 
2454503.476267 0.651526 
2454505.190395 -0.127808 
2454506.904523 -1.337832 
2454508.618651 -2.273619 
2454510.332779 -0.576759 
2454512.046907 0.853152 
2454513.761035 1.266753 
2454515.475163 1.200807 
2454517.189291 0.838766 
2454518.903418 0.181015 
2454520.617546 -0.877394 
2454522.331674 -2.161407 
2454524.045802 -1.329729 
2454525.759930 0.516874 
2454527.474058 1.197652 
2454529.188186 1.260611 
2454530.902314 0.992658 
2454532.616442 0.443228 
2454534.330570 -0.464317 
2454536.044698 -1.778067 
2454537.758826 -1.986991 
2454539.472954 0.030001 
2454541.187081 1.061216 
2454542.901209 1.283807 
2454544.615337 1.114911 
2454546.329465 0.664566 
2454548.043593 -0.106524 
2454549.757721 -1.307437 
2454551.471849 -2.278521 
2454553.185977 -0.622979 
2454554.900105 0.835487 
2454556.614233 1.264026 
2454558.328361 1.205650 
2454560.042489 0.849591 
2454561.756617 0.199131 
2454563.470745 -0.849348 
2454565.184872 -2.142711 
2454566.899000 -1.377717 
2454568.613128 0.490556 
2454570.327256 1.191129 
2454572.041384 1.263244 
2454573.755512 1.001422 
2454575.469640 0.458566 
2454577.183768 -0.439760 
2454578.897896 -1.749042 
2454580.612024 -2.018867 
2454582.326152 -0.006911 
2454584.040280 1.049718 
2454585.754408 1.283914 
2454587.468536 1.121671 
2454589.182663 0.677457 
2454590.896791 -0.085454 
2454592.610919 -1.277115 
2454594.325047 -2.281578 
2454596.039175 -0.669675 
2454597.753303 0.817336 
2454599.467431 1.261084 
2454601.181559 1.210358 
2454602.895687 0.860279 
2454604.609815 0.217059 
2454606.323943 -0.821510 
2454608.038071 -2.122966 
2454609.752199 -1.425272 
2454611.466327 0.463609 
2454613.180454 1.184328 
2454614.894582 1.265727 
2454616.608710 1.010057 
2454618.322838 0.473738 
2454620.036966 -0.415432 
2454621.751094 -1.719731 
2454623.465222 -2.049096 
2454625.179350 -0.044527 
2454626.893478 1.037851 
2454628.607606 1.283844 
2454630.321734 1.128303 
2454632.035862 0.690201 
2454633.749990 -0.064597 
2454635.464118 -1.246880 
2454637.178245 -2.282821 
2454638.892373 -0.716813 
2454640.606501 0.798689 
2454642.320629 1.257923 
2454644.034757 1.214930 
2454645.748885 0.870833 
2454647.463013 0.234798 
2454649.177141 -0.793883 
2454650.891269 -2.102230 
2454652.605397 -1.472313 
2454654.319525 0.436023 
2454656.033653 1.177243 
2454657.747781 1.268058 
2454659.461909 1.018563 
2454661.176036 0.488746 
2454662.890164 -0.391333 
2454664.604292 -1.690169 
2454666.318420 -2.077625 
2454668.032548 -0.082846 
2454669.746676 1.025607 
2454671.460804 1.283595 
2454673.174932 1.134806 
2454674.889060 0.702799 
2454676.603188 -0.043951 
2454678.317316 -1.216746 
2454680.031444 -2.282287 
2454681.745572 -0.764353 
2454683.459700 0.779537 
2454685.173827 1.254538 
2454686.887955 1.219366 
2454688.602083 0.881253 
2454690.316211 0.252352 
2454692.030339 -0.766471 
2454693.744467 -2.080562 
2454695.458595 -1.518757 
2454697.172723 0.407790 
2454698.886851 1.169870 
2454700.600979 1.270237 
2454702.315107 1.026941 
2454704.029235 0.503590 
2454705.743363 -0.367463 
2454707.457491 -1.660388 
2454709.171618 -2.104416 
2454710.885746 -0.121862 
2454712.599874 1.012978 
2454714.314002 1.283165 
2454716.028130 1.141179 
2454717.742258 0.715251 
2454719.456386 -0.023516 
2454721.170514 -1.186725 
2454722.884642 -2.280014 
2454724.598770 -0.812255 
2454726.312898 0.759872 
2454728.027026 1.250928 
2454729.741154 1.223664 
2454731.455282 0.891539 
2454733.169409 0.269721 
2454734.883537 -0.739276 
2454736.597665 -2.058018 
2454738.311793 -1.564521 
2454740.025921 0.378902 
2454741.740049 1.162204 
2454743.454177 1.272261 
2454745.168305 1.035190 
2454746.882433 0.518273 
2454748.596561 -0.343821 
2454750.310689 -1.630420 
2454752.024817 -2.129405 
2454753.738945 -0.161570 
2454755.453073 0.999958 
2454757.167200 1.282550 
2454758.881328 1.147423 
2454760.595456 0.727559 
2454762.309584 -0.003288 
2454764.023712 -1.156830 
2454765.737840 -2.276045 
2454767.451968 -0.860474 
2454769.166096 0.739684 
2454770.880224 1.247089 
2454772.594352 1.227824 
2454774.308480 0.901691 
2454776.022608 0.286908 
2454777.736736 -0.712302 
2454779.450864 -2.034653 
2454781.164991 -1.609520 
2454782.879119 0.349352 
2454784.593247 1.154239 
2454786.307375 1.274128 
2454788.021503 1.043312 
2454789.735631 0.532796 
2454791.449759 -0.320406 
2454793.163887 -1.600296 
2454794.878015 -2.152565 
2454796.592143 -0.201964 
2454798.306271 0.986540 
2454800.020399 1.281750 
2454801.734527 1.153537 
2454803.448655 0.739723 
2454805.162782 0.016733 
2454806.876910 -1.127070 
2454808.591038 -2.270427 
2454810.305166 -0.908962 
2454812.019294 0.718963 
2454813.733422 1.243016 
2454815.447550 1.231845 
2454817.161678 0.911711 
2454818.875806 0.303913 
2454820.589934 -0.685550 
2454822.304062 -2.010523 
2454824.018190 -1.653670 
2454825.732318 0.319133 
2454827.446446 1.145970 
2454829.160573 1.275839 
2454830.874701 1.051305 
2454832.588829 0.547159 
2454834.302957 -0.297217 
2454836.017085 -1.570043 
2454837.731213 -2.173866 
2454839.445341 -0.243034 
2454841.159469 0.972715 
2454842.873597 1.280761 
2454844.587725 1.159521 
2454846.301853 0.751745 
2454848.015981 0.036549 
2454849.730109 -1.097457 
2454851.444237 -2.263209 
2454853.158364 -0.957668 
2454854.872492 0.697701 
2454856.586620 1.238706 
2454858.300748 1.235727 
2454860.014876 0.921599 
2454861.729004 0.320738 
2454863.443132 -0.659021 
2454865.157260 -1.985680 
2454866.871388 -1.696885 
2454868.585516 0.288237 
2454870.299644 1.137392 
2454872.013772 1.277390 
2454873.727900 1.059170 
2454875.442028 0.561365 
2454877.156155 -0.274254 
2454878.870283 -1.539689 
2454880.584411 -2.193283 
2454882.298539 -0.284770 
2454884.012667 0.958475 
2454885.726795 1.279581 
2454887.440923 1.165375 
2454889.155051 0.763625 
2454890.869179 0.056162 
2454892.583307 -1.067998 
2454894.297435 -2.254444 
2454896.011563 -1.006537 
2454897.725691 0.675888 
2454899.439819 1.234156 
2454901.153946 1.239467 
2454902.868074 0.931355 
2454904.582202 0.337385 
2454906.296330 -0.632719 
2454908.010458 -1.960175 
2454909.724586 -1.739082 
2454911.438714 0.256659 
2454913.152842 1.128498 
2454914.866970 1.278781 
2454916.581098 1.066907 
2454918.295226 0.575413 
2454920.009354 -0.251515 
2454921.723482 -1.509259 
2454923.437610 -2.210798 
2454925.151737 -0.327158 
2454926.865865 0.943814 
2454928.579993 1.278208 
2454930.294121 1.171097 
2454932.008249 0.775363 
2454933.722377 0.075572 
2454935.436505 -1.038703 
2454937.150633 -2.244184 
2454938.864761 -1.055511 
2454940.578889 0.653515 
2454942.293017 1.229360 
2454944.007145 1.243066 
2454945.721273 0.940979 
2454947.435401 0.353856 
2454949.149528 -0.606643 
2454950.863656 -1.934060 
2454952.577784 -1.780178 
2454954.291912 0.224392 
2454956.006040 1.119283 
2454957.720168 1.280009 
2454959.434296 1.074516 
2454961.148424 0.589306 
2454962.862552 -0.229000 
2454964.576680 -1.478776 
2454966.290808 -2.226399 
2454968.004936 -0.370184 
2454969.719064 0.928723 
2454971.433192 1.276638 
2454973.147319 1.176688 
2454974.861447 0.786962 
2454976.575575 0.094783 
2454978.289703 -1.009579 
2454980.003831 -2.232487 
2454981.717959 -1.104530 
2454983.432087 0.630572 
2454985.146215 1.224316 
2454986.860343 1.246522 
2454988.574471 0.950473 
2454990.288599 0.370151 
2454992.002727 -0.580795 
2454993.716855 -1.907381 
2454995.430983 -1.820092 
2454997.145110 0.191432 
2454998.859238 1.109741 
2455000.573366 1.281073 
2455002.287494 1.082001 
2455004.001622 0.603045 
2455005.715750 -0.206706 
2455007.429878 -1.448264 
2455009.144006 -2.240079 
2455010.858134 -0.413830 
2455012.572262 0.913193 
2455014.286390 1.274869 
2455016.000518 1.182148 
2455017.714646 0.798421 
2455019.428774 0.113796 
2455021.142901 -0.980633 
2455022.857029 -2.219408 
2455024.571157 -1.153529 
2455026.285285 0.607050 
2455027.999413 1.219019 
2455029.713541 1.249835 
2455031.427669 0.959836 
2455033.141797 0.386273 
2455034.855925 -0.555176 
2455036.570053 -1.880187 
2455038.284181 -1.858744 
2455039.998309 0.157775 
2455041.712437 1.099866 
2455043.426565 1.281972 
2455045.140692 1.089354 
2455046.854820 0.616631 
2455048.568948 -0.184634 
2455050.283076 -1.417743 
2455051.997204 -2.251840 
2455053.711332 -0.458078 
2455055.425460 0.897217 
2455057.139588 1.272899 
2455058.853716 1.187475 
2455060.567844 0.809742 
2455062.281972 0.132611 
2455063.996100 -0.951873 
2455065.710228 -2.205007 
2455067.424356 -1.202441 
2455069.138483 0.582940 
2455070.852611 1.213465 
2455072.566739 1.253002 
2455074.280867 0.969069 
2455075.994995 0.402223 
2455077.709123 -0.529787 
2455079.423251 -1.852521 
2455081.137379 -1.896057 
2455082.851507 0.123417 
2455084.565635 1.089651 
2455086.279763 1.282702 
2455087.993891 1.096579 
2455089.708019 0.630064 
2455091.422147 -0.162780 
2455093.136274 -1.387234 
2455094.850402 -2.261687 
2455096.564530 -0.502905 
2455098.278658 0.880785 
2455099.992786 1.270723 
2455101.706914 1.192669 
2455103.421042 0.820925 
2455105.135170 0.151232 
2455106.849298 -0.923302 
2455108.563426 -2.189342 
2455110.277554 -1.251195 
2455111.991682 0.558232 
2455113.705810 1.207650 
2455115.419938 1.256024 
2455117.134065 0.978172 
2455118.848193 0.418001 
2455120.562321 -0.504627 
2455122.276449 -1.824427 
2455123.990577 -1.931957 
2455125.704705 0.088355 
2455127.418833 1.079091 
2455129.132961 1.283263 
2455130.847089 1.103676 
2455132.561217 0.643346 
2455134.275345 -0.141146 
2455135.989473 -1.356754 
2455137.703601 -2.269632 
2455139.417729 -0.548285 
2455141.131856 0.863891 
2455142.845984 1.268340 
2455144.560112 1.197729 
2455146.274240 0.831970 
2455147.988368 0.169659 
2455149.702496 -0.894928 
2455151.416624 -2.172473 
2455153.130752 -1.299719 
2455154.844880 0.532917 
2455156.559008 1.201568 
2455158.273136 1.258899 
2455159.987264 0.987146 
2455161.701392 0.433611 
2455163.415520 -0.479696 
2455165.129647 -1.795946 
2455166.843775 -1.966376 
2455168.557903 0.052587 
2455170.272031 1.068179 
2455171.986159 1.283653 
2455173.700287 1.110644 
2455175.414415 0.656479 
2455177.128543 -0.119727 
2455178.842671 -1.326321 
2455180.556799 -2.275693 
2455182.270927 -0.594193 
2455183.985055 0.846523 
2455185.699183 1.265746 
2455187.413311 1.202656 
2455189.127438 0.842879 
2455190.841566 0.187894 
2455192.555694 -0.866755 
2455194.269822 -2.154459 
2455195.983950 -1.347936 
2455197.698078 0.506987 
2455199.412206 1.195215 
2455201.126334 1.261625 
2455202.840462 0.995990 
2455204.554590 0.449052 
2455206.268718 -0.454996 
2455207.982846 -1.767118 
2455209.696974 -1.999245 
2455211.411102 0.016114 
2455213.125229 1.056908 
2455214.839357 1.283869 
2455216.553485 1.117485 
2455218.267613 0.669462 
2455219.981741 -0.098525 
2455221.695869 -1.295952 
2455223.409997 -2.279893 
2455225.124125 -0.640597 
2455226.838253 0.828675 
2455228.552381 1.262938 
2455230.266509 1.207448 
2455231.980637 0.853652 
2455233.694765 0.205938 
2455235.408893 -0.838788 
2455237.123020 -2.135359 
2455238.837148 -1.395770 
2455240.551276 0.480432 
2455242.265404 1.188588 
2455243.979532 1.264201 
2455245.693660 1.004705 
2455247.407788 0.464327 
2455249.121916 -0.430525 
2455250.836044 -1.737981 
2455252.550172 -2.030504 
2455254.264300 -0.021065 
2455255.978428 1.045271 
2455257.692556 1.283909 
2455259.406684 1.124196 
2455261.120811 0.682297 
2455262.834939 -0.077535 
2455264.549067 -1.265661 
2455266.263195 -2.282260 
2455267.977323 -0.687465 
2455269.691451 0.810337 
2455271.405579 1.259913 
2455273.119707 1.212105 
2455274.833835 0.864290 
2455276.547963 0.223794 
2455278.262091 -0.811029 
2455279.976219 -2.115232 
2455281.690347 -1.443140 
2455283.404475 0.453244 
2455285.118602 1.181680 
2455286.832730 1.266627 
2455288.546858 1.013291 
2455290.260986 0.479437 
2455291.975114 -0.406284 
2455293.689242 -1.708571 
2455295.403370 -2.060096 
2455297.117498 -0.058947 
2455298.831626 1.033262 
2455300.545754 1.283771 
2455302.259882 1.130779 
2455303.974010 0.694986 
2455305.688138 -0.056759 
2455307.402266 -1.235463 
2455309.116393 -2.282826 
2455310.830521 -0.734760 
2455312.544649 0.791501 
2455314.258777 1.256668 
2455315.972905 1.216625 
2455317.687033 0.874793 
2455319.401161 0.241464 
2455321.115289 -0.783483 
2455322.829417 -2.094136 
2455324.543545 -1.489965 
2455326.257673 0.425414 
2455327.971801 1.174487 
2455329.685929 1.268901 
2455331.400057 1.021749 
2455333.114184 0.494383 
2455334.828312 -0.382272 
2455336.542440 -1.678921 
2455338.256568 -2.087980 
2455339.970696 -0.097530 
2455341.684824 1.020873 
2455343.398952 1.283454 
2455345.113080 1.137233 
2455346.827208 0.707528 
2455348.541336 -0.036193 
2455350.255464 -1.205370 
2455351.969592 -2.281629 
2455353.683720 -0.782442 
2455355.397848 0.772156 
2455357.111975 1.253199 
2455358.826103 1.221009 
2455360.540231 0.885161 
2455362.254359 0.258947 
2455363.968487 -0.756153 
2455365.682615 -2.072130 
2455367.396743 -1.536162 
2455369.110871 0.396934 
2455370.824999 1.167004 
2455372.539127 1.271021 
2455374.253255 1.030078 
2455375.967383 0.509166 
2455377.681511 -0.358488 
2455379.395639 -1.649066 
2455381.109766 -2.114086 
2455382.823894 -0.136809 
2455384.538022 1.008097 
2455386.252150 1.282954 
2455387.966278 1.143557 
2455389.680406 0.719926 
2455391.394534 -0.015836 
2455393.108662 -1.175396 
2455394.822790 -2.278709 
2455396.536918 -0.830469 
2455398.251046 0.752293 
2455399.965174 1.249502 
2455401.679302 1.225255 
2455403.393430 0.895397 
2455405.107557 0.276247 
2455406.821685 -0.729042 
2455408.535813 -2.049269 
2455410.249941 -1.581646 
2455411.964069 0.367797 
2455413.678197 1.159225 
2455415.392325 1.272986 
2455417.106453 1.038279 
2455418.820581 0.523788 
2455420.534709 -0.334932 
2455422.248837 -1.619036 
2455423.962965 -2.138387 
2455425.677093 -0.176778 
2455427.391221 0.994927 
2455429.105348 1.282270 
2455430.819476 1.149752 
2455432.533604 0.732179 
2455434.247732 0.004313 
2455435.961860 -1.145551 
2455437.675988 -2.274110 
2455439.390116 -0.878796 
2455441.104244 0.731905 
2455442.818372 1.245575 
2455444.532500 1.229362 
2455446.246628 0.905499 
2455447.960756 0.293365 
2455449.674884 -0.702151 
2455451.389012 -2.025608 
2455453.103139 -1.626334 
2455454.817267 0.337994 
2455456.531395 1.151146 
2455458.245523 1.274794 
2455459.959651 1.046352 
2455461.673779 0.538251 
2455463.387907 -0.311603 
2455465.102035 -1.588860 
2455466.816163 -2.160847 
2455468.530291 -0.217429 
2455470.244419 0.981356 
2455471.958547 1.281398 
2455473.672675 1.155817 
2455475.386803 0.744290 
2455477.100930 0.024257 
2455478.815058 -1.115845 
2455480.529186 -2.267881 
2455482.243314 -0.927373 
2455483.957442 0.710981 
2455485.671570 1.241413 
2455487.385698 1.233331 
2455489.099826 0.915469 
2455490.813954 0.310302 
2455492.528082 -0.675483 
2455494.242210 -2.001202 
2455495.956338 -1.670140 
2455497.670466 0.307520 
2455499.384594 1.142760 
2455501.098721 1.276445 
2455502.812849 1.054296 
2455504.526977 0.552554 
2455506.241105 -0.288500 
2455507.955233 -1.558566 
2455509.669361 -2.181437 
2455511.383489 -0.258752 
2455513.097617 0.967375 
2455514.811745 1.280337 
2455516.525873 1.161752 
2455518.240001 0.756257 
2455519.954129 0.043995 
2455521.668257 -1.086289 
2455523.382385 -2.260071 
2455525.096512 -0.976147 
2455526.810640 0.689511 
2455528.524768 1.237013 
2455530.238896 1.237159 
2455531.953024 0.925307 
2455533.667152 0.327060 
2455535.381280 -0.649040 
2455537.095408 -1.976102 
2455538.809536 -1.712980 
2455540.523664 0.276366 
2455542.237792 1.134063 
2455543.951920 1.277935 
2455545.666048 1.062113 
2455547.380176 0.566700 
2455549.094303 -0.265622 
2455550.808431 -1.528180 
2455552.522559 -2.200136 
2455554.236687 -0.300736 
2455555.950815 0.952977 
2455557.664943 1.279084 
2455559.379071 1.167556 
2455561.093199 0.768084 
2455562.807327 0.063532 
2455564.521455 -1.056891 
2455566.235583 -2.250734 
2455567.949711 -1.025063 
2455569.663839 0.667487 
2455571.377967 1.232370 
2455573.092094 1.240846 
2455574.806222 0.935013 
2455576.520350 0.343640 
2455578.234478 -0.622823 
2455579.948606 -1.950361 
2455581.662734 -1.754770 
2455583.376862 0.244528 
2455585.090990 1.125048 
2455586.805118 1.279265 
2455588.519246 1.069802 
2455590.233374 0.580690 
2455591.947502 -0.242968 
2455593.661630 -1.497727 
2455595.375758 -2.216928 
2455597.089885 -0.343368 
2455598.804013 0.938153 
2455600.518141 1.277637 
2455602.232269 1.173229 
2455603.946397 0.779770 
2455605.660525 0.082866 
2455607.374653 -1.027660 
2455609.088781 -2.239923 
2455610.802909 -1.074061 
2455612.517037 0.644900 
2455614.231165 1.227481 
2455615.945293 1.244391 
2455617.659421 0.944588 
2455619.373549 0.360044 
2455621.087676 -0.596834 
2455622.801804 -1.924027 
2455624.515932 -1.795428 
2455626.230060 0.212000 
2455627.944188 1.115710 
2455629.658316 1.280431 
2455631.372444 1.077363 
2455633.086572 0.594524 
2455634.800700 -0.220536 
2455636.514828 -1.467231 
2455638.228956 -2.231802 
2455639.943084 -0.386631 
2455641.657212 0.922897 
2455643.371340 1.275992 
2455645.085467 1.178770 
2455646.799595 0.791315 
2455648.513723 0.102002 
2455650.227851 -0.998603 
2455651.941979 -2.227696 
2455653.656107 -1.123080 
2455655.370235 0.621739 
2455657.084363 1.222342 
2455658.798491 1.247793 
2455660.512619 0.954032 
2455662.226747 0.376273 
2455663.940875 -0.571073 
2455665.655003 -1.897147 
2455667.369131 -1.834873 
2455669.083258 0.178776 
2455670.797386 1.106043 
2455672.511514 1.281433 
2455674.225642 1.084799 
2455675.939770 0.608205 
2455677.653898 -0.198327 
2455679.368026 -1.436713 
2455681.082154 -2.244756 
2455682.796282 -0.430507 
2455684.510410 0.907199 
2455686.224538 1.274147 
2455687.938666 1.184179 
2455689.652794 0.802722 
2455691.366922 0.120940 
2455693.081049 -0.969726 
2455694.795177 -2.214110 
2455696.509305 -1.172054 
2455698.223433 0.597995 
2455699.937561 1.216948 
2455701.651689 1.251051 
2455703.365817 0.963346 
2455705.079945 0.392330 
2455706.794073 -0.545540 
2455708.508201 -1.869769 
2455710.222329 -1.873027 
2455711.936457 0.144854 
2455713.650585 1.096040 
2455715.364713 1.282268 
2455717.078840 1.092103 
2455718.792968 0.621732 
2455720.507096 -0.176337 
2455722.221224 -1.406194 
2455723.935352 -2.255791 
2455725.649480 -0.474976 
2455727.363608 0.891052 
2455729.077736 1.272099 
2455730.791864 1.189456 
2455732.505992 0.813990 
2455734.220120 0.139681 
2455735.934248 -0.941037 
2455737.648376 -2.199224 
2455739.362504 -1.220915 
2455741.076631 0.573660 
2455742.790759 1.211295 
2455744.504887 1.254163 
2455746.219015 0.972529 
2455747.933143 0.408214 
2455749.647271 -0.520237 
2455751.361399 -1.841936 
2455753.075527 -1.909814 
2455754.789655 0.110230 
2455756.503783 1.085695 
2455758.217911 1.282935 
2455759.932039 1.099280 
2455761.646167 0.635109 
2455763.360295 -0.154567 
2455765.074422 -1.375694 
2455766.788550 -2.264917 
2455768.502678 -0.520016 
2455770.216806 0.874446 
2455771.930934 1.269846 
2455773.645062 1.194600 
2455775.359190 0.825121 
2455777.073318 0.158228 
2455778.787446 -0.912541 
2455780.501574 -2.183096 
2455782.215702 -1.269590 
2455783.929830 0.548723 
2455785.643958 1.205379 
2455787.358086 1.257129 
2455789.072213 0.981583 
2455790.786341 0.423929 
2455792.500469 -0.495164 
2455794.214597 -1.813691 
2455795.928725 -1.945162 
2455797.642853 0.074901 
2455799.356981 1.075003 
2455801.071109 1.283431 
2455802.785237 1.106328 
2455804.499365 0.648334 
2455806.213493 -0.133014 
2455807.927621 -1.345230 
2455809.641749 -2.272146 
2455811.355877 -0.565599 
2455813.070004 0.857374 
2455814.784132 1.267383 
2455816.498260 1.199610 
2455818.212388 0.836115 
2455819.926516 0.176582 
2455821.640644 -0.884242 
2455823.354772 -2.165787 
2455825.068900 -1.318007 
2455826.783028 0.523177 
2455828.497156 1.199196 
2455830.211284 1.259948 
2455831.925412 0.990508 
2455833.639540 0.439475 
2455835.353668 -0.470321 
2455837.067795 -1.785074 
2455838.781923 -1.979001 
2455840.496051 0.038866 
2455842.210179 1.063956 
2455843.924307 1.283755 
2455845.638435 1.113248 
2455847.352563 0.661410 
2455849.066691 -0.111678 
2455850.780819 -1.314819 
2455852.494947 -2.277500 
2455854.209075 -0.611699 
2455855.923203 0.839826 
2455857.637331 1.264709 
2455859.351459 1.204485 
2455861.065586 0.846972 
2455862.779714 0.194745 
2455864.493842 -0.856146 
2455866.207970 -2.147354 
2455867.922098 -1.366089 
2455869.636226 0.497011 
2455871.350354 1.192740 
2455873.064482 1.262618 
2455874.778610 0.999303 
2455876.492738 0.454853 
2455878.206866 -0.445708 
2455879.920994 -1.756125 
2455881.635122 -2.011268 
2455883.349250 0.002126 
2455885.063377 1.052547 
2455886.777505 1.283905 
2455888.491633 1.120040 
2455890.205761 0.674337 
2455891.919889 -0.090556 
2455893.634017 -1.284478 
2455895.348145 -2.281003 
2455897.062273 -0.658282 
2455898.776401 0.821793 
2455900.490529 1.261819 
2455902.204657 1.209226 
2455903.918785 0.857694 
2455905.632913 0.212718 
2455907.347041 -0.828257 
2455909.061168 -2.127859 
2455910.775296 -1.413757 
2455912.489424 0.470217 
2455914.203552 1.186007 
2455915.917680 1.265137 
2455917.631808 1.007970 
2455919.345936 0.470065 
2455921.060064 -0.421324 
2455922.774192 -1.726880 
2455924.488320 -2.041903 
2455926.202448 -0.035319 
2455927.916576 1.040770 
2455929.630704 1.283878 
2455931.344831 1.126703 
2455933.058959 0.687117 
2455934.773087 -0.069647 
2455936.487215 -1.254220 
2455938.201343 -2.282684 
2455939.915471 -0.705316 
2455941.629599 0.803268 
2455943.343727 1.258711 
2455945.057855 1.213831 
2455946.771983 0.868280 
2455948.486111 0.230503 
2455950.200239 -0.800579 
2455951.914367 -2.107359 
2455953.628495 -1.460931 
2455955.342622 0.442787 
2455957.056750 1.178991 
2455958.770878 1.267506 
2455960.485006 1.016507 
2455962.199134 0.485113 
2455963.913262 -0.397170 
2455965.627390 -1.697376 
2455967.341518 -2.070850 
2455969.055646 -0.073467 
2455970.769774 1.028618 
2455972.483902 1.283672 
2455974.198030 1.133237 
2455975.912158 0.699750 
2455977.626286 -0.048950 
2455979.340413 -1.224060 
2455981.054541 -2.282578 
2455982.768669 -0.752762 
2455984.482797 0.784239 
2455986.196925 1.255382 
2455987.911053 1.218300 
2455989.625181 0.878733 
2455991.339309 0.248102 
2455993.053437 -0.773114 
2455994.767565 -2.085912 
2455996.481693 -1.507528 
2455998.195821 0.414712 
2455999.909949 1.171689 
2456001.624077 1.269721 
2456003.338204 1.024916 
2456005.052332 0.499997 
2456006.766460 -0.373244 
2456008.480588 -1.667645 
2456010.194716 -2.098070 
2456011.908844 -0.112314 
2456013.622972 1.016083 
2456015.337100 1.283286 
2456017.051228 1.139642 
2456018.765356 0.712237 
2456020.479484 -0.028464 
2456022.193612 -1.194011 
2456023.907740 -2.280724 
2456025.621868 -0.800581 
2456027.335995 0.764700 
2456029.050123 1.251827 
2456030.764251 1.222632 
2456032.478379 0.889051 
2456034.192507 0.265516 
2456035.906635 -0.745867 
2456037.620763 -2.063575 
2456039.334891 -1.553465 
2456041.049019 0.385985 
2456042.763147 1.164095 
2456044.477275 1.271783 
2456046.191403 1.033197 
2456047.905531 0.514719 
2456049.619659 -0.349546 
2456051.333786 -1.637720 
2456053.047914 -2.123498 
2456054.762042 -0.151855 
2456056.476170 1.003159 
2456058.190298 1.282717 
2456059.904426 1.145917 
2456061.618554 0.724580 
2456063.332682 -0.008186 
2456065.046810 -1.164085 
2456066.760938 -2.277163 
2456068.475066 -0.848727 
2456070.189194 0.744640 
2456071.903322 1.248043 
2456073.617450 1.226826 
2456075.331577 0.899236 
2456077.045705 0.282747 
2456078.759833 -0.718838 
2456080.473961 -2.040405 
2456082.188089 -1.598657 
2456083.902217 0.356596 
2456085.616345 1.156203 
2456087.330473 1.273689 
2456089.044601 1.041349 
2456090.758729 0.529281 
2456092.472857 -0.326076 
2456094.186985 -1.607631 
2456095.901113 -2.147105 
2456097.615241 -0.192083 
2456099.329368 0.989838 
2456101.043496 1.281962 
2456102.757624 1.152063 
2456104.471752 0.736779 
2456106.185880 0.011885 
2456107.900008 -1.134291 
2456109.614136 -2.271942 
2456111.328264 -0.897154 
2456113.042392 0.724049 
2456114.756520 1.244028 
2456116.470648 1.230881 
2456118.184776 0.909288 
2456119.898904 0.299796 
2456121.613032 -0.692032 
2456123.327159 -2.016456 
2456125.041287 -1.643021 
2456126.755415 0.326540 
2456128.469543 1.148008 
2456130.183671 1.275438 
2456131.897799 1.049374 
2456133.611927 0.543682 
2456135.326055 -0.302833 
2456137.040183 -1.577407 
2456138.754311 -2.168861 
2456140.468439 -0.232989 
2456142.182567 0.976113 
2456143.896695 1.281019 
2456145.610823 1.158079 
2456147.324950 0.748836 
2456149.039078 0.031751 
2456150.753206 -1.104641 
2456152.467334 -2.265108 
2456154.181462 -0.945812 
2456155.895590 0.702920 
2456157.609718 1.239776 
2456159.323846 1.234796 
2456161.037974 0.919208 
2456162.752102 0.316665 
2456164.466230 -0.665449 
2456166.180358 -1.991781 
2456167.894486 -1.686471 
2456169.608614 0.295809 
2456171.322741 1.139506 
2456173.036869 1.277028 
2456174.750997 1.057270 
2456176.465125 0.557926 
2456178.179253 -0.279815 
2456179.893381 -1.547075 
2456181.607509 -2.188738 
2456183.321637 -0.274564 
2456185.035765 0.961975 
2456186.749893 1.279886 
2456188.464021 1.163964 
2456190.178149 0.760750 
2456191.892277 0.051413 
2456193.606405 -1.075144 
2456195.320532 -2.256714 
2456197.034660 -0.994646 
2456198.748788 0.681242 
2456200.462916 1.235284 
2456202.177044 1.238571 
2456203.891172 0.928996 
2456205.605300 0.333355 
2456207.319428 -0.639091 
2456209.033556 -1.966433 
2456210.747684 -1.728924 
2456212.461812 0.264397 
2456214.175940 1.130689 
2456215.890068 1.278458 
2456217.604196 1.065038 
2456219.318323 0.572013 
2456221.032451 -0.257022 
2456222.746579 -1.516661 
2456224.460707 -2.206717 
2456226.174835 -0.316795 
2456227.888963 0.947417 
2456229.603091 1.278560 
2456231.317219 1.169718 
2456233.031347 0.772523 
2456234.745475 0.070873 
2456236.459603 -1.045808 
2456238.173731 -2.246813 
2456239.887859 -1.043601 
2456241.601987 0.659005 
2456243.316114 1.230549 
2456245.030242 1.242204 
2456246.744370 0.938652 
2456248.458498 0.349869 
2456250.172626 -0.612960 
2456251.886754 -1.940461 
2456253.600882 -1.770295 
2456255.315010 0.232299 
2456257.029138 1.121552 
2456258.743266 1.279725 
2456260.457394 1.072678 
2456262.171522 0.585944 
2456263.885650 -0.234452 
2456265.599778 -1.486189 
2456267.313905 -2.222783 
2456269.028033 -0.359668 
2456270.742161 0.932431 
2456272.456289 1.277038 
2456274.170417 1.175341 
2456275.884545 0.784156 
2456277.598673 0.090132 
2456279.312801 -1.016642 
2456281.026929 -2.235459 
2456282.741057 -1.092614 
2456284.455185 0.636202 
2456286.169313 1.225566 
2456287.883441 1.245695 
2456289.597569 0.948177 
2456291.311696 0.366207 
2456293.025824 -0.587057 
2456294.739952 -1.913915 
2456296.454080 -1.810503 
2456298.168208 0.199508 
2456299.882336 1.112090 
2456301.596464 1.280830 
2456303.310592 1.080191 
2456305.024720 0.599720 
2456306.738848 -0.212105 
2456308.452976 -1.455682 
2456310.167104 -2.236931 
2456311.881232 -0.403165 
2456313.595360 0.917008 
2456315.309487 1.275318 
2456317.023615 1.180833 
2456318.737743 0.795649 
2456320.451871 0.109192 
2456322.165999 -0.987653 
2456323.880127 -2.222711 
2456325.594255 -1.141624 
2456327.308383 0.612822 
2456329.022511 1.220330 
2456330.736639 1.249043 
2456332.450767 0.957572 
2456334.164895 0.382370 
2456335.879023 -0.561382 
2456337.593151 -1.886842 
2456339.307278 -1.849469 
2456341.021406 0.166020 
2456342.735534 1.102297 
2456344.449662 1.281769 
2456346.163790 1.087578 
2456347.877918 0.613342 
2456349.592046 -0.189979 
2456351.306174 -1.425162 
2456353.020302 -2.249158 
2456354.734430 -0.447269 
2456356.448558 0.901141 
2456358.162686 1.273396 
2456359.876814 1.186192 
2456361.590942 0.807003 
2456363.305069 0.128056 
2456365.019197 -0.958846 
2456366.733325 -2.208626 
2456368.447453 -1.190563 
2456370.161581 0.588855 
2456371.875709 1.214839 
2456373.589837 1.252246 
2456375.303965 0.966837 
2456377.018093 0.398362 
2456378.732221 -0.535937 
2456380.446349 -1.859287 
2456382.160477 -1.887114 
2456383.874605 0.131833 
2456385.588733 1.092166 
2456387.302860 1.282540 
2456389.016988 1.094834 
2456390.731116 0.626813 
2456392.445244 -0.168072 
2456394.159372 -1.394648 
2456395.873500 -2.259469 
2456397.587628 -0.491956 
2456399.301756 0.884822 
2456401.015884 1.271271 
2456402.730012 1.191418 
2456404.444140 0.818219 
2456406.158268 0.146723 
2456407.872396 -0.930229 
2456409.586524 -2.193263 
2456411.300651 -1.239362 
2456413.014779 0.564293 
2456414.728907 1.209088 
2456416.443035 1.255303 
2456418.157163 0.975971 
2456419.871291 0.414182 
2456421.585419 -0.510721 
2456423.299547 -1.831293 
2456425.013675 -1.923365 
2456426.727803 0.096942 
2456428.441931 1.081690 
2456430.156059 1.283143 
2456431.870187 1.101963 
2456433.584315 0.640132 
2456435.298442 -0.146384 
2456437.012570 -1.364159 
2456438.726698 -2.267875 
2456440.440826 -0.537205 
2456442.154954 0.868040 
2456443.869082 1.268939 
2456445.583210 1.196512 
2456447.297338 0.829298 
2456449.011466 0.165197 
2456450.725594 -0.901807 
2456452.439722 -2.176681 
2456454.153850 -1.287949 
2456455.867978 0.539127 
2456457.582106 1.203071 
2456459.296233 1.258213 
2456461.010361 0.984976 
2456462.724489 0.429832 
2456464.438617 -0.485735 
2456466.152745 -1.802902 
2456467.866873 -1.958150 
2456469.581001 0.061346 
2456471.295129 1.070864 
2456473.009257 1.283574 
2456474.723385 1.108962 
2456476.437513 0.653300 
2456478.151641 -0.124914 
2456479.865769 -1.333713 
2456481.579897 -2.274392 
2456483.294024 -0.582987 
2456485.008152 0.850789 
2456486.722280 1.266396 
2456488.436408 1.201471 
2456490.150536 0.840240 
2456491.864664 0.183479 
2456493.578792 -0.873585 
2456495.292920 -2.158939 
2456497.007048 -1.336248 
2456498.721176 0.513347 
2456500.435304 1.196785 
2456502.149432 1.260976 
2456503.863560 0.993852 
2456505.577688 0.445314 
2456507.291815 -0.460979 
2456509.005943 -1.774155 
2456510.720071 -1.991401 
2456512.434199 0.025045 
2456514.148327 1.059681 
2456515.862455 1.283832 
2456517.576583 1.115834 
2456519.290711 0.666320 
2456521.004839 -0.103659 
2456522.718967 -1.303327 
2456524.433095 -2.279042 
2456526.147223 -0.629274 
2456527.861351 0.833059 
2456529.575479 1.263641 
2456531.289606 1.206296 
2456533.003734 0.851046 
2456534.717862 0.201570 
2456536.431990 -0.845567 
2456538.146118 -2.140098 
2456539.860246 -1.384183 
2456541.574374 0.486945 
2456543.288502 1.190224 
2456545.002630 1.263589 
2456546.716758 1.002598 
2456548.430886 0.460630 
2456550.145014 -0.436452 
2456551.859142 -1.745090 
2456553.573270 -2.023057 
2456555.287397 -0.011963 
2456557.001525 1.048133 
2456558.715653 1.283915 
2456560.429781 1.122577 
2456562.143909 0.679191 
2456563.858037 -0.082618 
2456565.572165 -1.273016 
2456567.286293 -2.281852 
2456569.000421 -0.676032 
2456570.714549 0.814840 
2456572.428677 1.260669 
2456574.142805 1.210985 
2456575.856933 0.861716 
2456577.571061 0.219471 
2456579.285188 -0.817757 
2456580.999316 -2.120215 
2456582.713444 -1.431673 
2456584.427572 0.459911 
2456586.141700 1.183385 
2456587.855828 1.266052 
2456589.569956 1.011216 
2456591.284084 0.475779 
2456592.998212 -0.412156 
2456594.712340 -1.715743 
2456596.426468 -2.053059 
2456598.140596 -0.049674 
2456599.854724 1.036215 
2456601.568852 1.283821 
2456603.282979 1.129191 
2456604.997107 0.691915 
2456606.711235 -0.061789 
2456608.425363 -1.242794 
2456610.139491 -2.282852 
2456611.853619 -0.723226 
2456613.567747 0.796126 
2456615.281875 1.257477 
2456616.996003 1.215539 
2456618.710131 0.872252 
2456620.424259 0.237186 
2456622.138387 -0.790159 
2456623.852515 -2.099350 
2456625.566643 -1.478638 
2456627.280770 0.432238 
2456628.994898 1.176262 
2456630.709026 1.268362 
2456632.423154 1.019705 
2456634.137282 0.490765 
2456635.851410 -0.388088 
2456637.565538 -1.686148 
2456639.279666 -2.081366 
2456640.993794 -0.088087 
2456642.707922 1.023919 
2456644.422050 1.283548 
2456646.136178 1.135676 
2456647.850306 0.704493 
2456649.564434 -0.041172 
2456651.278561 -1.212674 
2456652.992689 -2.282080 
2456654.706817 -0.770818 
2456656.420945 0.776905 
2456658.135073 1.254063 
2456659.849201 1.219956 
2456661.563329 0.882653 
2456663.277457 0.254714 
2456664.991585 -0.762776 
2456666.705713 -2.077560 
2456668.419841 -1.524995 
2456670.133969 0.403917 
2456671.848097 1.168850 
2456673.562225 1.270520 
2456675.276352 1.028065 
2456676.990480 0.505588 
2456678.704608 -0.364248 
2456680.418736 -1.656340 
2456682.132864 -2.107905 
2456683.846992 -0.127198 
2456685.561120 1.011238 
2456687.275248 1.283092 
2456688.989376 1.142032 
2456690.703504 0.716926 
2456692.417632 -0.020765 
2456694.131760 -1.182670 
2456695.845888 -2.279575 
2456697.560016 -0.818766 
2456699.274143 0.757169 
2456700.988271 1.250422 
2456702.702399 1.224235 
2456704.416527 0.892921 
2456706.130655 0.272059 
2456707.844783 -0.735611 
2456709.558911 -2.054901 
2456711.273039 -1.570660 
2456712.987167 0.374940 
2456714.701295 1.161143 
2456716.415423 1.272523 
2456718.129551 1.036297 
2456719.843679 0.520249 
2456721.557807 -0.340637 
2456723.271934 -1.626350 
2456724.986062 -2.132648 
2456726.700190 -0.166999 
2456728.414318 0.998165 
2456730.128446 1.282453 
2456731.842574 1.148258 
2456733.556702 0.729214 
2456735.270830 -0.000565 
2456736.984958 -1.152793 
2456738.699086 -2.275380 
2456740.413214 -0.867024 
2456742.127342 0.736910 
2456743.841470 1.246551 
2456745.555598 1.228377 
2456747.269725 0.903056 
2456748.983853 0.289221 
2456750.697981 -0.708667 
2456752.412109 -2.031430 
2456754.126237 -1.615549 
2456755.840365 0.345300 
2456757.554493 1.153138 
2456759.268621 1.274369 
2456760.982749 1.044401 
2456762.696877 0.534750 
2456764.411005 -0.317253 
2456766.125133 -1.596206 
2456767.839261 -2.155558 
2456769.553389 -0.207485 
2456771.267516 0.984692 
2456772.981644 1.281627 
2456774.695772 1.154355 
2456776.409900 0.741359 
2456778.124028 0.019428 
2456779.838156 -1.123052 
2456781.552284 -2.269542 
2456783.266412 -0.915545 
2456784.980540 0.716116 
2456786.694668 1.242446 
2456788.408796 1.232379 
2456790.122924 0.913058 
2456791.837052 0.306201 
2456793.551180 -0.681945 
2456795.265307 -2.007200 
2456796.979435 -1.659577 
2456798.693563 0.314989 
2456800.407691 1.144827 
2456802.121819 1.276058 
2456803.835947 1.052377 
2456805.550075 0.549092 
2456807.264203 -0.294095 
2456808.978331 -1.565939 
2456810.692459 -2.176606 
2456812.406587 -0.248646 
2456814.120715 0.970811 
2456815.834843 1.280613 
2456817.548971 1.160321 
2456819.263098 0.753361 
2456820.977226 0.039216 
2456822.691354 -1.093459 
2456824.405482 -2.262112 
2456826.119610 -0.964276 
2456827.833738 0.694780 
2456829.547866 1.238104 
2456831.261994 1.236241 
2456832.976122 0.922928 
2456834.690250 0.323003 
2456836.404378 -0.655447 
2456838.118506 -1.982264 
2456839.832634 -1.702660 
2456841.546762 0.284002 
2456843.260889 1.136206 
2456844.975017 1.277588 
2456846.689145 1.060225 
2456848.403273 0.563276 
2456850.117401 -0.271162 
2456851.831529 -1.535573 
2456853.545657 -2.195766 
2456855.259785 -0.290471 
2456856.973913 0.956515 
2456858.688041 1.279407 
2456860.402169 1.166157 
2456862.116297 0.765222 
2456863.830425 0.058801 
2456865.544553 -1.064022 
2456867.258680 -2.253141 
2456868.972808 -1.013163 
2456870.686936 0.672892 
2456872.401064 1.233521 
2456874.115192 1.239963 
2456875.829320 0.932666 
2456877.543448 0.339626 
2456879.257576 -0.629175 
2456880.971704 -1.956674 
2456882.685832 -1.744713 
2456884.399960 0.252330 
2456886.114088 1.127269 
2456887.828216 1.278957 
2456889.542344 1.067945 
2456891.256471 0.577303 
2456892.970599 -0.248454 
2456894.684727 -1.505134 
2456896.398855 -2.213023 
2456898.112983 -0.332946 
2456899.827111 0.941796 
2456901.541239 1.278007 
2456903.255367 1.171862 
2456904.969495 0.776942 
2456906.683623 0.078185 
2456908.397751 -1.034750 
2456910.111879 -2.242684 
2456911.826007 -1.062147 
2456913.540135 0.650442 
2456915.254262 1.228692 
2456916.968390 1.243542 
2456918.682518 0.942272 
2456920.396646 0.356073 
2456922.110774 -0.603130 
2456923.824902 -1.930480 
2456925.539030 -1.785653 
2456927.253158 0.219970 
2456928.967286 1.118010 
2456930.681414 1.280163 
2456932.395542 1.075537 
2456934.109670 0.591176 
2456935.823798 -0.225968 
2456937.537926 -1.474646 
2456939.252053 -2.228364 
2456940.966181 -0.376057 
2456942.680309 0.926646 
2456944.394437 1.276410 
2456946.108565 1.177435 
2456947.822693 0.788522 
2456949.536821 0.097369 
2456951.250949 -1.005649 
2456952.965077 -2.230796 
2456954.679205 -1.111167 
2456956.393333 0.627422 
2456958.107461 1.223614 
2456959.821589 1.246979 
2456961.535717 0.951748 
2456963.249844 0.372344 
2456964.963972 -0.577313 
2456966.678100 -1.903729 
2456968.392228 -1.825401 
2456970.106356 0.186916 
2456971.820484 1.108423 
2456973.534612 1.281205 
2456975.248740 1.083004 
2456976.962868 0.604893 
2456978.676996 -0.203705 
2456980.391124 -1.444132 
2456982.105252 -2.241784 
2456983.819380 -0.419786 
2456985.533508 0.911056 
2456987.247635 1.274614 
2456988.961763 1.182877 
2456990.675891 0.799962 
2456992.390019 0.116355 
2456994.104147 -0.976728 
2456995.818275 -2.217535 
2456997.532403 -1.160158 
2456999.246531 0.603821 
2457000.960659 1.218283 
2457002.674787 1.250272 
2457004.388915 0.961094 
2457006.103043 0.388443 
2457007.817171 -0.551725 
2457009.531299 -1.876468 
2457011.245426 -1.863875 
2457012.959554 0.153164 
2457014.673682 1.098503 
2457016.387810 1.282080 
2457018.101938 1.090340 
2457019.816066 0.618458 
2457021.530194 -0.181662 
2457023.244322 -1.413611 
2457024.958450 -2.253285 
2457026.672578 -0.464114 
2457028.386706 0.895019 
2457030.100834 1.272616 
2457031.814962 1.188186 
2457033.529090 0.811264 
2457035.243217 0.135144 
2457036.957345 -0.947993 
2457038.671473 -2.202959 
2457040.385601 -1.209052 
2457042.099729 0.579630 
2457043.813857 1.212693 
2457045.527985 1.253420 
2457047.242113 0.970309 
2457048.956241 0.404369 
2457050.670369 -0.526367 
2457052.384497 -1.848741 
2457054.098625 -1.901002 
2457055.812753 0.118711 
2457057.526881 1.088242 
2457059.241008 1.282788 
2457060.955136 1.097547 
2457062.669264 0.631871 
2457064.383392 -0.159839 
2457066.097520 -1.383105 
2457067.811648 -2.262874 
2457069.525776 -0.509017 
2457071.239904 0.878525 
2457072.954032 1.270413 
2457074.668160 1.193362 
2457076.382288 0.822428 
2457078.096416 0.153738 
2457079.810544 -0.919449 
2457081.524672 -2.187127 
2457083.238799 -1.257780 
2457084.952927 0.554840 
2457086.667055 1.206842 
2457088.381183 1.256422 
2457090.095311 0.979395 
2457091.809439 0.420125 
2457093.523567 -0.501238 
2457095.237695 -1.820592 
2457096.951823 -1.936706 
2457098.665951 0.083553 
2457100.380079 1.077634 
2457102.094207 1.283326 
2457103.808335 1.104627 
2457105.522463 0.645133 
2457107.236590 -0.138233 
2457108.950718 -1.352630 
2457110.664846 -2.270562 
2457112.378974 -0.554471 
2457114.093102 0.861567 
2457115.807230 1.268001 
2457117.521358 1.198404 
2457119.235486 0.833455 
2457120.949614 0.172139 
2457122.663742 -0.891102 
2457124.377870 -2.170100 
2457126.091998 -1.306266 
2457127.806126 0.529443 
2457129.520254 1.200724 
2457131.234381 1.259276 
2457132.948509 0.988351 
2457134.662637 0.435711 
2457136.376765 -0.476339 
2457138.090893 -1.792062 
2457139.805021 -1.970918 
2457141.519149 0.047690 
2457143.233277 1.066674 
2457144.947405 1.283692 
2457146.661533 1.111578 
2457148.375661 0.658245 
2457150.089789 -0.116844 
2457151.803917 -1.322205 
2457153.518045 -2.276370 
2457155.232172 -0.600447 
2457156.946300 0.844135 
2457158.660428 1.265379 
2457160.374556 1.203313 
2457162.088684 0.844345 
2457163.802812 0.190348 
2457165.516940 -0.862957 
2457167.231068 -2.151935 
2457168.945196 -1.354437 
2457170.659324 0.503429 
2457172.373452 1.194334 
2457174.087580 1.261982 
2457175.801708 0.997177 
2457177.515836 0.451130 
2457179.229963 -0.451669 
2457180.944091 -1.763190 
2457182.658219 -2.003573 
2457184.372347 0.011122 
2457186.086475 1.055354 
2457187.800603 1.283884 
2457189.514731 1.118401 
2457191.228859 0.671208 
2457192.942987 -0.095670 
2457194.657115 -1.291845 
2457196.371243 -2.280320 
2457198.085371 -0.646916 
2457199.799499 0.826221 
2457201.513627 1.262542 
2457203.227754 1.208086 
2457204.941882 0.855100 
2457206.656010 0.208367 
2457208.370138 -0.835017 
2457210.084266 -2.132692 
2457211.798394 -1.402213 
2457213.512522 0.476788 
2457215.226650 1.187669 
2457216.940778 1.264539 
2457218.654906 1.005875 
2457220.369034 0.466383 
2457222.083162 -0.427230 
2457223.797290 -1.734014 
2457225.511418 -2.034610 
2457227.225545 -0.026153 
2457228.939673 1.043667 
2457230.653801 1.283901 
2457232.367929 1.125095 
2457234.082057 0.684024 
2457235.796185 -0.074710 
2457237.510313 -1.261566 
2457239.224441 -2.282441 
2457240.938569 -0.693844 
2457242.652697 0.807816 
2457244.366825 1.259487 
2457246.080953 1.212725 
2457247.795081 0.865719 
2457249.509209 0.226198 
2457251.223336 -0.807287 
2457252.937464 -2.112431 
2457254.651592 -1.449514 
2457256.365720 0.449514 
2457258.079848 1.180723 
2457259.793976 1.266944 
2457261.508104 1.014444 
2457263.222232 0.481470 
2457264.936360 -0.403020 
2457266.650488 -1.704570 
2457268.364616 -2.063972 
2457270.078744 -0.064130 
2457271.792872 1.031607 
2457273.507000 1.283739 
2457275.221127 1.131660 
2457276.935255 0.696693 
2457278.649383 -0.053962 
2457280.363511 -1.231382 
2457282.077639 -2.282766 
2457283.791767 -0.741194 
2457285.505895 0.788911 
2457287.220023 1.256212 
2457288.934151 1.217227 
2457290.648279 0.876204 
2457292.362407 0.243841 
2457294.076535 -0.779770 
2457295.790663 -2.091209 
2457297.504791 -1.496259 
2457299.218918 0.421596 
2457300.933046 1.173491 
2457302.647174 1.269197 
2457304.361302 1.022884 
2457306.075430 0.496394 
2457307.789558 -0.379039 
2457309.503686 -1.674891 
2457311.217814 -2.091619 
2457312.931942 -0.102807 
2457314.646070 1.019166 
2457316.360198 1.283397 
2457318.074326 1.138097 
2457319.788454 0.709215 
2457321.502582 -0.033424 
2457323.216709 -1.201305 
2457324.930837 -2.281333 
2457326.644965 -0.788925 
2457328.359093 0.769497 
2457330.073221 1.252712 
2457331.787349 1.221592 
2457333.501477 0.886555 
2457335.215605 0.261300 
2457336.929733 -0.752470 
2457338.643861 -2.069083 
2457340.357989 -1.542364 
2457342.072117 0.393028 
2457343.786245 1.165968 
2457345.500372 1.271296 
2457347.214500 1.031196 
2457348.928628 0.511155 
2457350.642756 -0.355286 
2457352.356884 -1.645010 
2457354.071012 -2.117483 
2457355.785140 -0.142180 
2457357.499268 1.006337 
2457359.213396 1.282872 
2457360.927524 1.144404 
2457362.641652 0.721593 
2457364.355780 -0.013096 
2457366.069908 -1.171347 
2457367.784036 -2.278183 
2457369.498163 -0.836996 
2457371.212291 0.749564 
2457372.926419 1.248984 
2457374.640547 1.225819 
2457376.354675 0.896772 
2457378.068803 0.278575 
2457379.782931 -0.725388 
2457381.497059 -2.046111 
2457383.211187 -1.587745 
2457384.925315 0.363801 
2457386.639443 1.158149 
2457388.353571 1.273240 
2457390.067699 1.039379 
2457391.781827 0.525756 
2457393.495954 -0.331760 
2457395.210082 -1.614958 
2457396.924210 -2.141536 
2457398.638338 -0.182242 
2457400.352466 0.993113 
2457402.066594 1.282163 
2457403.780722 1.150581 
2457405.494850 0.733827 
2457407.208978 0.007026 
2457408.923106 -1.141520 
2457410.637234 -2.273361 
2457412.351362 -0.885359 
2457414.065490 0.729103 
2457415.779618 1.245025 
2457417.493745 1.229908 
2457419.207873 0.906857 
2457420.922001 0.295668 
2457422.636129 -0.698527 
2457424.350257 -2.022346 
2457426.064385 -1.632318 
2457427.778513 0.333908 
2457429.492641 1.150028 
2457431.206769 1.275027 
2457432.920897 1.047435 
2457434.635025 0.540196 
2457436.349153 -0.308462 
2457438.063281 -1.584764 
2457439.777409 -2.163744 
2457441.491536 -0.222984 
2457443.205664 0.979487 
2457444.919792 1.281266 
2457446.633920 1.156628 
2457448.348048 0.745918 
2457450.062176 0.026941 
2457451.776304 -1.111835 
2457453.490432 -2.266915 
2457455.204560 -0.933966 
2457456.918688 0.708106 
2457458.632816 1.240831 
2457460.346944 1.233857 
2457462.061072 0.916809 
2457463.775200 0.312581 
2457465.489327 -0.671890 
2457467.203455 -1.997843 
2457468.917583 -1.675998 
2457470.631711 0.303342 
2457472.345839 1.141601 
2457474.059967 1.276656 
2457475.774095 1.055362 
2457477.488223 0.554478 
2457479.202351 -0.285389 
2457480.916479 -1.554456 
2457482.630607 -2.184080 
2457484.344735 -0.264398 
2457486.058863 0.965450 
2457487.772991 1.280179 
2457489.487118 1.162545 
2457491.201246 0.757867 
2457492.915374 0.046652 
2457494.629502 -1.082299 
2457496.343630 -2.258895 
2457498.057758 -0.982763 
2457499.771886 0.686562 
2457501.486014 1.236398 
2457503.200142 1.237666 
2457504.914270 0.926629 
2457506.628398 0.329315 
2457508.342526 -0.645477 
2457510.056654 -1.972654 
2457511.770782 -1.718701 
2457513.484909 0.272096 
2457515.199037 1.132861 
2457516.913165 1.278125 
2457518.627293 1.063162 
2457520.341421 0.568603 
2457522.055549 -0.262541 
2457523.769677 -1.524060 
2457525.483805 -2.202522 
2457527.197933 -0.306470 
2457528.912061 0.950995 
2457530.626189 1.278900 
2457532.340317 1.168332 
2457534.054445 0.769674 
2457535.768573 0.066161 
2457537.482700 -1.052924 
2457539.196828 -2.249355 
2457540.910956 -1.031693 
2457542.625084 0.664462 
2457544.339212 1.231722 
2457546.053340 1.241334 
2457547.767468 0.936317 
2457549.481596 0.345871 
2457551.195724 -0.619291 
2457552.909852 -1.946829 
2457554.623980 -1.760343 
2457556.338108 0.240164 
2457558.052236 1.123803 
2457559.766364 1.279432 
2457561.480491 1.070833 
2457563.194619 0.582572 
2457564.908747 -0.239918 
2457566.622875 -1.493600 
2457568.337003 -2.219054 
2457570.051131 -0.349188 
2457571.765259 0.936113 
2457573.479387 1.277426 
2457575.193515 1.173987 
2457576.907643 0.781341 
2457578.621771 0.085469 
2457580.335899 -1.023716 
2457582.050027 -2.238350 
2457583.764155 -1.080698 
2457585.478282 0.641798 
2457587.192410 1.226800 
2457588.906538 1.244860 
2457590.620666 0.945874 
2457592.334794 0.362251 
2457594.048922 -0.593333 
2457595.763050 -1.920418 
2457597.477178 -1.800841 
2457599.191306 0.207542 
2457600.905434 1.114421 
2457602.619562 1.280576 
2457604.333690 1.078376 
2457606.047818 0.596385 
2457607.761946 -0.217516 
2457609.476073 -1.463100 
2457611.190201 -2.233669 
2457612.904329 -0.392536 
2457614.618457 0.920798 
2457616.332585 1.275754 
2457618.046713 1.179510 
2457619.760841 0.792868 
2457621.474969 0.104578 
2457623.189097 -0.994682 
2457624.903225 -2.225935 
2457626.617353 -1.129715 
2457628.331481 0.618558 
2457630.045609 1.221626 
2457631.759737 1.248242 
2457633.473864 0.955301 
2457635.187992 0.378457 
2457636.902120 -0.567602 
2457638.616248 -1.893469 
2457640.330376 -1.840116 
2457642.044504 0.174225 
2457643.758632 1.104708 
2457645.472760 1.281556 
2457647.186888 1.085795 
2457648.901016 0.610045 
2457650.615144 -0.195337 
2457652.329272 -1.432581 
2457654.043400 -2.246362 
2457655.757528 -0.436494 
2457657.471655 0.905040 
2457659.185783 1.273882 
2457660.899911 1.184902 
2457662.614039 0.804256 
2457664.328167 0.123489 
2457666.042295 -0.965831 
2457667.756423 -2.212170 
2457669.470551 -1.178678 
2457671.184679 0.594735 
2457672.898807 1.216198 
2457674.612935 1.251481 
2457676.327063 0.964597 
2457678.041191 0.394490 
2457679.755319 -0.542101 
2457681.469446 -1.866027 
2457683.183574 -1.878089 
2457684.897702 0.140207 
2457686.611830 1.094660 
2457688.325958 1.282368 
2457690.040086 1.093082 
2457691.754214 0.623552 
2457693.468342 -0.173377 
2457695.182470 -1.402063 
2457696.896598 -2.257138 
2457698.610726 -0.481042 
2457700.324854 0.888831 
2457702.038982 1.271806 
2457703.753110 1.190160 
2457705.467237 0.815505 
2457707.181365 0.142204 
2457708.895493 -0.937167 
2457710.609621 -2.197112 
2457712.323749 -1.227517 
2457714.037877 0.570319 
2457715.752005 1.210510 
2457717.466133 1.254573 
2457719.180261 0.973763 
2457720.894389 0.410352 
2457722.608517 -0.516829 
2457724.322645 -1.838135 
2457726.036773 -1.914685 
2457727.750901 0.105488 
2457729.465028 1.084268 
2457731.179156 1.283012 
2457732.893284 1.100242 
2457734.607412 0.636908 
2457736.321540 -0.151636 
2457738.035668 -1.371566 
2457739.749796 -2.266006 
2457741.463924 -0.526156 
2457743.178052 0.872162 
2457744.892180 1.269525 
2457746.606308 1.195286 
2457748.320436 0.826617 
2457750.034564 0.160724 
2457751.748692 -0.908697 
2457753.462819 -2.180821 
2457755.176947 -1.276162 
2457756.891075 0.545300 
2457758.605203 1.204558 
2457760.319331 1.257520 
2457762.033459 0.982799 
2457763.747587 0.426044 
2457765.461715 -0.491787 
2457767.175843 -1.809837 
2457768.889971 -1.949833 
2457770.604099 0.070063 
2457772.318227 1.073528 
2457774.032355 1.283485 
2457775.746483 1.107273 
2457777.460610 0.650113 
2457779.174738 -0.130113 
2457780.888866 -1.341109 
2457782.602994 -2.272981 
2457784.317122 -0.571811 
2457786.031250 0.855026 
2457787.745378 1.267034 
2457789.459506 1.200278 
2457791.173634 0.837593 
2457792.887762 0.179053 
2457794.601890 -0.880426 
2457796.316018 -2.163355 
2457798.030146 -1.324539 
2457799.744274 0.519671 
2457801.458401 1.198338 
2457803.172529 1.260318 
2457804.886657 0.991706 
2457806.600785 0.441566 
2457808.314913 -0.466975 
2457810.029041 -1.781173 
2457811.743169 -1.983463 
2457813.457297 0.033933 
2457815.171425 1.062432 
2457816.885553 1.283785 
2457818.599681 1.114175 
2457820.313809 0.663169 
2457822.027937 -0.108805 
2457823.742065 -1.310707 
2457825.456192 -2.278082 
2457827.170320 -0.617978 
2457828.884448 0.837413 
2457830.598576 1.264330 
2457832.312704 1.205135 
2457834.026832 0.848432 
2457835.740960 0.197190 
2457837.455088 -0.852358 
2457839.169216 -2.144776 
2457840.883344 -1.372569 
2457842.597472 0.493420 
2457844.311600 1.191844 
2457846.025728 1.262968 
2457847.739856 1.000484 
2457849.453983 0.456922 
2457851.168111 -0.442393 
2457852.882239 -1.752182 
2457854.596367 -2.015513 
2457856.310495 -0.002903 
2457858.024623 1.050974 
2457859.738751 1.283911 
2457861.452879 1.120950 
2457863.167007 0.676076 
2457864.881135 -0.087713 
2457866.595263 -1.280376 
2457868.309391 -2.281336 
2457870.023519 -0.664625 
2457871.737647 0.819314 
2457873.451774 1.261411 
2457875.165902 1.209858 
2457876.880030 0.859135 
2457878.594158 0.215137 
2457880.308286 -0.824497 
2457882.022414 -2.125141 
2457883.736542 -1.420175 
2457885.450670 0.466541 
2457887.164798 1.185073 
2457888.878926 1.265467 
2457890.593054 1.009133 
2457892.307182 0.472112 
2457894.021310 -0.418040 
2457895.735438 -1.722900 
2457897.449565 -2.045922 
2457899.163693 -0.040443 
2457900.877821 1.039147 
2457902.591949 1.283861 
2457904.306077 1.127595 
2457906.020205 0.688836 
2457907.734333 -0.066833 
2457909.448461 -1.250131 
2457911.162589 -2.282774 
2457912.876717 -0.711717 
2457914.590845 0.800721 
2457916.304973 1.258274 
2457918.019101 1.214444 
2457919.733229 0.869703 
2457921.447356 0.232897 
2457923.161484 -0.796848 
2457924.875612 -2.104509 
2457926.589740 -1.467275 
2457928.303868 0.439024 
2457930.017996 1.178020 
2457931.732124 1.267815 
2457933.446252 1.017653 
2457935.160380 0.487137 
2457936.874508 -0.393917 
2457938.588636 -1.693363 
2457940.302764 -2.074636 
2457942.016892 -0.078686 
2457943.731020 1.026943 
2457945.445147 1.283631 
2457947.159275 1.134112 
2457948.873403 0.701449 
2457950.587531 -0.046165 
2457952.301659 -1.219985 
2457954.015787 -2.282429 
2457955.729915 -0.759216 
2457957.444043 0.781624 
2457959.158171 1.254914 
2457960.872299 1.218895 
2457962.586427 0.880137 
2457964.300555 0.250471 
2457966.014683 -0.769412 
2457967.728811 -2.082938 
2457969.442938 -1.513788 
2457971.157066 0.410861 
2457972.871194 1.170678 
2457974.585322 1.270010 
2457976.299450 1.026045 
2457978.013578 0.502000 
2457979.727706 -0.370022 
2457981.441834 -1.663604 
2457983.155962 -2.101618 
2457984.870090 -0.117627 
2457986.584218 1.014357 
2457988.298346 1.283220 
2457990.012474 1.140499 
2457991.726602 0.713917 
2457993.440729 -0.025706 
2457995.154857 -1.189952 
2457996.868985 -2.280341 
2457998.583113 -0.807081 
2458000.297241 0.762015 
2458002.011369 1.251328 
2458003.725497 1.223208 
2458005.439625 0.890438 
2458007.153753 0.267860 
2458008.867881 -0.742194 
2458010.582009 -2.060486 
2458012.296137 -1.559629 
2458014.010265 0.382045 
2458015.724393 1.163044 
2458017.438520 1.272050 
2458019.152648 1.034308 
2458020.866776 0.516700 
2458022.580904 -0.346355 
2458024.295032 -1.633655 
2458026.009160 -2.126801 
2458027.723288 -0.157261 
2458029.437416 1.001379 
2458031.151544 1.282626 
2458032.865672 1.146757 
2458034.579800 0.726240 
2458036.293928 -0.005456 
2458038.008056 -1.160043 
2458039.722184 -2.276552 
2458041.436311 -0.855268 
2458043.150439 0.741883 
2458044.864567 1.247513 
2458046.578695 1.227383 
2458048.292823 0.900605 
2458050.006951 0.285066 
2458051.721079 -0.715196 
2458053.435207 -2.037207 
2458055.149335 -1.604714 
2458056.863463 0.352566 
2458058.577591 1.155111 
2458060.291719 1.273935 
2458062.005847 1.042443 
2458063.719975 0.531240 
2458065.434102 -0.322916 
2458067.148230 -1.603546 
2458068.862358 -2.150160 
2458070.576486 -0.197582 
2458072.290614 0.988004 
2458074.004742 1.281845 
2458075.718870 1.152885 
2458077.432998 0.738420 
2458079.147126 0.014587 
2458080.861254 -1.130268 
2458082.575382 -2.271110 
2458084.289510 -0.903729 
2458086.003638 0.721220 
2458087.717766 1.243466 
2458089.431893 1.231419 
2458091.146021 0.910639 
2458092.860149 0.302090 
2458094.574277 -0.688420 
2458096.288405 -2.013156 
2458098.002533 -1.648959 
2458099.716661 0.322419 
2458101.430789 1.146875 
2458103.144917 1.275662 
2458104.859045 1.050450 
2458106.573173 0.545620 
2458108.287301 -0.299703 
2458110.001429 -1.573306 
2458111.715557 -2.171662 
2458113.429684 -0.238580 
2458115.143812 0.974223 
2458116.857940 1.280877 
2458118.572068 1.158883 
2458120.286196 0.750457 
2458122.000324 0.034425 
2458123.714452 -1.100638 
2458125.428580 -2.264062 
2458127.142708 -0.952414 
2458128.856836 0.700017 
2458130.570964 1.239182 
2458132.285092 1.235315 
2458133.999220 0.920541 
2458135.713348 0.318935 
2458137.427475 -0.661867 
2458139.141603 -1.988387 
2458140.855731 -1.692279 
2458142.569859 0.291596 
2458144.283987 1.138330 
2458145.998115 1.277231 
2458147.712243 1.058329 
2458149.426371 0.559843 
2458151.140499 -0.276716 
2458152.854627 -1.542961 
2458154.568755 -2.191283 
2458156.282883 -0.280244 
2458157.997011 0.960029 
2458159.711139 1.279718 
2458161.425266 1.164751 
2458163.139394 0.762352 
2458164.853522 0.054059 
2458166.567650 -1.071163 
2458168.281778 -2.255461 
2458169.995906 -1.001269 
2458171.710034 0.678264 
2458173.424162 1.234657 
2458175.138290 1.239071 
2458176.852418 0.930311 
2458178.566546 0.335601 
2458180.280674 -0.635540 
2458181.994802 -1.962952 
2458183.708930 -1.734590 
2458185.423057 0.260092 
2458187.137185 1.129471 
2458188.851313 1.278639 
2458190.565441 1.066080 
2458192.279569 0.573908 
2458193.993697 -0.253953 
2458195.707825 -1.512538 
2458197.421953 -2.209004 
2458199.136081 -0.322563 
2458200.850209 0.945413 
2458202.564337 1.278365 
2458204.278465 1.170487 
2458205.992593 0.774106 
2458207.706721 0.073492 
2458209.420848 -1.041849 
2458211.134976 -2.245359 
2458212.849104 -1.050235 
2458214.563232 0.655951 
2458216.277360 1.229889 
2458217.991488 1.242685 
2458219.705616 0.939949 
2458221.419744 0.352091 
2458223.133872 -0.609440 
2458224.848000 -1.936900 
2458226.562128 -1.775809 
2458228.276256 0.227900 
2458229.990384 1.120291 
2458231.704512 1.279885 
2458233.418639 1.073703 
2458235.132767 0.587818 
2458236.846895 -0.231413 
2458238.561023 -1.482060 
2458240.275151 -2.224811 
2458241.989279 -0.365521 
2458243.703407 0.930369 
2458245.417535 1.276817 
2458247.131663 1.176093 
2458248.845791 0.785720 
2458250.559919 0.092724 
2458252.274047 -1.012707 
2458253.988175 -2.233814 
2458255.702303 -1.099252 
2458257.416430 0.633070 
2458259.130558 1.224872 
2458260.844686 1.246157 
2458262.558814 0.949457 
2458264.272942 0.368405 
2458265.987070 -0.583568 
2458267.701198 -1.910280 
2458269.415326 -1.815853 
2458271.129454 0.195015 
2458272.843582 1.110784 
2458274.557710 1.280967 
2458276.271838 1.081198 
2458277.985966 0.601573 
2458279.700094 -0.209096 
2458281.414221 -1.451550 
2458283.128349 -2.238699 
2458284.842477 -0.409101 
2458286.556605 0.914886 
2458288.270733 1.275069 
2458289.984861 1.181566 
2458291.698989 0.797194 
2458293.413117 0.111758 
2458295.127245 -0.983742 
2458296.841373 -2.220881 
2458298.555501 -1.148256 
2458300.269629 0.609611 
2458301.983757 1.219602 
2458303.697885 1.249485 
2458305.412012 0.958834 
2458307.126140 0.384546 
2458308.840268 -0.557924 
2458310.554396 -1.883138 
2458312.268524 -1.854645 
2458313.982652 0.161433 
2458315.696780 1.100945 
2458317.410908 1.281883 
2458319.125036 1.088568 
2458320.839164 0.615175 
2458322.553292 -0.187000 
2458324.267420 -1.421030 
2458325.981548 -2.250666 
2458327.695676 -0.453285 
2458329.409803 0.898959 
2458331.123931 1.273121 
2458332.838059 1.186907 
2458334.552187 0.808530 
2458336.266315 0.130595 
2458337.980443 -0.954960 
2458339.694571 -2.206620 
2458341.408699 -1.197180 
2458343.122827 0.585565 
2458344.836955 1.214076 
2458346.551083 1.252668 
2458348.265211 0.968081 
2458349.979339 0.400514 
2458351.693467 -0.532510 
2458353.407594 -1.855521 
2458355.121722 -1.892105 
2458356.835850 0.127150 
2458358.549978 1.090767 
2458360.264106 1.282632 
2458361.978234 1.095807 
2458363.692362 0.628625 
2458365.406490 -0.165123 
2458367.120618 -1.390518 
2458368.834746 -2.260718 
2458370.548874 -0.498051 
2458372.263002 0.882577 
2458373.977130 1.270967 
2458375.691258 1.192116 
2458377.405385 0.819727 
2458379.119513 0.149236 
2458380.833641 -0.926370 
2458382.547769 -2.191088 
2458384.261897 -1.245955 
2458385.976025 0.560922 
2458387.690153 1.208289 
2458389.404281 1.255706 
2458391.118409 0.977198 
2458392.832537 0.416311 
2458394.546665 -0.507325 
2458396.260793 -1.827471 
2458397.974921 -1.928162 
2458399.689049 0.092164 
2458401.403176 1.080245 
2458403.117304 1.283211 
2458404.831432 1.102918 
2458406.545560 0.641923 
2458408.259688 -0.143465 
2458409.973816 -1.360034 
2458411.687944 -2.268867 
2458413.402072 -0.543373 
2458415.116200 0.865732 
2458416.830328 1.268607 
2458418.544456 1.197191 
2458420.258584 0.830787 
2458421.972712 0.167684 
2458423.686840 -0.897974 
2458425.400967 -2.174345 
2458427.115095 -1.294507 
2458428.829223 0.535673 
2458430.543351 1.202236 
2458432.257479 1.258596 
2458433.971607 0.986185 
2458435.685735 0.431938 
2458437.399863 -0.482370 
2458439.113991 -1.799030 
2458440.828119 -1.962743 
2458442.542247 0.056473 
2458444.256375 1.069371 
2458445.970503 1.283619 
2458447.684631 1.109900 
2458449.398758 0.655072 
2458451.112886 -0.122023 
2458452.827014 -1.329595 
2458454.541142 -2.275130 
2458456.255270 -0.589225 
2458457.969398 0.848417 
2458459.683526 1.266036 
2458461.397654 1.202132 
2458463.111782 0.841711 
2458464.825910 0.185939 
2458466.540038 -0.869779 
2458468.254166 -2.156452 
2458469.968294 -1.342761 
2458471.682422 0.509809 
2458473.396549 1.195913 
2458475.110677 1.261338 
2458476.824805 0.995044 
2458478.538933 0.447398 
2458480.253061 -0.457645 
2458481.967189 -1.770238 
2458483.681317 -1.995782 
2458485.395445 0.020075 
2458487.109573 1.058139 
2458488.823701 1.283854 
2458490.537829 1.116754 
2458492.251957 0.668071 
2458493.966085 -0.100797 
2458495.680213 -1.299218 
2458497.394340 -2.279529 
2458499.108468 -0.635578 
2458500.822596 0.830621 
2458502.536724 1.263251 
2458504.250852 1.206938 
2458505.964980 0.852498 
2458507.679108 0.204004 
2458509.393236 -0.841789 
2458511.107364 -2.137466 
2458512.821492 -1.390640 
2458514.535620 0.483322 
2458516.249748 1.189315 
2458517.963876 1.263931 
2458519.678004 1.003773 
2458521.392131 0.462690 
2458523.106259 -0.433149 
2458524.820387 -1.741132 
2458526.534515 -2.027218 
2458528.248643 -0.017027 
2458529.962771 1.046542 
2458531.676899 1.283913 
2458533.391027 1.123480 
2458535.105155 0.680922 
2458536.819283 -0.079785 
2458538.533411 -1.268918 
2458540.247539 -2.282092 
2458541.961667 -0.682397 
2458543.675795 0.812336 
2458545.389922 1.260250 
2458547.104050 1.211610 
2458548.818178 0.863151 
2458550.532306 0.221881 
2458552.246434 -0.814008 
2458553.960562 -2.117447 
2458555.674690 -1.438064 
2458557.388818 0.456202 
2458559.102946 1.182437 
2458560.817074 1.266373 
2458562.531202 1.012373 
2458564.245330 0.477818 
2458565.959458 -0.408884 
2458567.673586 -1.711750 
2458569.387713 -2.056991 
2458571.101841 -0.054834 
2458572.815969 1.034573 
2458574.530097 1.283795 
2458576.244225 1.130076 
2458577.958353 0.693627 
2458579.672481 -0.058986 
2458581.386609 -1.238709 
2458583.100737 -2.282851 
2458584.814865 -0.729648 
2458586.528993 0.793553 
2458588.243121 1.257028 
2458589.957249 1.216145 
2458591.671377 0.873668 
2458593.385504 0.239570 
2458595.099632 -0.786439 
2458596.813760 -2.096453 
2458598.527888 -1.484952 
2458600.242016 0.428442 
2458601.956144 1.175275 
2458603.670272 1.268663 
2458605.384400 1.020844 
2458607.098528 0.492781 
2458608.812656 -0.384847 
2458610.526784 -1.682125 
2458612.240912 -2.085063 
2458613.955040 -0.093342 
2458615.669168 1.022225 
2458617.383295 1.283497 
2458619.097423 1.136544 
2458620.811551 0.706185 
2458622.525679 -0.038397 
2458624.239807 -1.208605 
2458625.953935 -2.281841 
2458627.668063 -0.777290 
2458629.382191 0.774263 
2458631.096319 1.253583 
2458632.810447 1.220543 
2458634.524575 0.884051 
2458636.238703 0.257073 
2458637.952831 -0.759086 
2458639.666959 -2.074542 
2458641.381086 -1.531220 
2458643.095214 0.400032 
2458644.809342 1.167824 
2458646.523470 1.270800 
2458648.237598 1.029187 
2458649.951726 0.507582 
2458651.665854 -0.361038 
2458653.379982 -1.652290 
2458655.094110 -2.111361 
2458656.808238 -0.132546 
2458658.522366 1.009492 
2458660.236494 1.283017 
2458661.950622 1.142883 
2458663.664750 0.718598 
2458665.378877 -0.018018 
2458667.093005 -1.178617 
2458668.807133 -2.279105 
2458670.521261 -0.825283 
2458672.235389 0.754457 
2458673.949517 1.249912 
2458675.663645 1.224804 
2458677.377773 0.894301 
2458679.091901 0.274393 
2458680.806029 -0.731950 
2458682.520157 -2.051770 
2458684.234285 -1.576785 
2458685.948413 0.370966 
2458687.662541 1.160077 
2458689.376668 1.272782 
2458691.090796 1.037402 
2458692.804924 0.522222 
2458694.519052 -0.337458 
2458696.233180 -1.622277 
2458697.947308 -2.135858 
2458699.661436 -0.172441 
2458701.375564 0.996364 
2458703.089692 1.282352 
2458704.803820 1.149091 
2458706.517948 0.730867 
2458708.232076 0.002154 
2458709.946204 -1.148758 
2458711.660332 -2.274685 
2458713.374459 -0.873579 
2458715.088587 0.734126 
2458716.802715 1.246009 
2458718.516843 1.228927 
2458720.230971 0.904418 
2458721.945099 0.291530 
2458723.659227 -0.705036 
2458725.373355 -2.028192 
2458727.087483 -1.621563 
2458728.801611 0.341236 
2458730.515739 1.152030 
2458732.229867 1.274607 
2458733.943995 1.045489 
2458735.658122 0.536701 
2458737.372250 -0.314104 
2458739.086378 -1.592115 
2458740.800506 -2.158517 
2458742.514634 -0.213019 
2458744.228762 0.982837 
2458745.942890 1.281501 
2458747.657018 1.155170 
2458749.371146 0.742992 
2458751.085274 0.022119 
2458752.799402 -1.119037 
2458754.513530 -2.268629 
2458756.227658 -0.922132 
2458757.941786 0.713260 
2458759.655913 1.241873 
2458761.370041 1.232910 
2458763.084169 0.914402 
2458764.798297 0.308487 
2458766.512425 -0.678344 
2458768.226553 -2.003864 
2458769.940681 -1.665468 
2458771.654809 0.310834 
2458773.368937 1.143678 
2458775.083065 1.276275 
2458776.797193 1.053447 
2458778.511321 0.551021 
2458780.225449 -0.290977 
2458781.939577 -1.561832 
2458783.653704 -2.179311 
2458785.367832 -0.254270 
2458787.081960 0.968900 
2458788.796088 1.280461 
2458790.510216 1.161119 
2458792.224344 0.754976 
2458793.938472 0.041880 
2458795.652600 -1.089464 
2458797.366728 -2.260986 
2458799.080856 -0.970887 
2458800.794984 0.691849 
2458802.509112 1.237498 
2458804.223240 1.236753 
2458805.937368 0.924254 
2458807.651495 0.325264 
2458809.365623 -0.651877 
2458811.079751 -1.978837 
2458812.793879 -1.708416 
2458814.508007 0.279754 
2458816.222135 1.135015 
2458817.936263 1.277783 
2458819.650391 1.061278 
2458821.364519 0.565184 
2458823.078647 -0.268074 
2458824.792775 -1.531455 
2458826.506903 -2.198214 
2458828.221031 -0.296184 
2458829.935159 0.954547 
2458831.649286 1.279229 
2458833.363414 1.166937 
2458835.077542 0.766817 
2458836.791670 0.061438 
2458838.505798 -1.060049 
2458840.219926 -2.251811 
2458841.934054 -1.019790 
2458843.648182 0.669886 
2458845.362310 1.232882 
2458847.076438 1.240456 
2458848.790566 0.933974 
2458850.504694 0.341863 
2458852.218822 -0.625636 
2458853.932950 -1.953162 
2458855.647077 -1.750323 
2458857.361205 0.247989 
2458859.075333 1.126034 
2458860.789461 1.279129 
2458862.503589 1.068980 
2458864.217717 0.579191 
2458865.931845 -0.245396 
2458867.645973 -1.501009 
2458869.360101 -2.215212 
2458871.074229 -0.338746 
2458872.788357 0.939770 
2458874.502485 1.277802 
2458876.216613 1.172624 
2458877.930741 0.778518 
2458879.644868 0.080794 
2458881.358996 -1.030799 
2458883.073124 -2.241157 
2458884.787252 -1.068783 
2458886.501380 0.647359 
2458888.215508 1.228019 
2458889.929636 1.244016 
2458891.643764 0.943563 
2458893.357892 0.358286 
2458895.072020 -0.599621 
2458896.786148 -1.926889 
2458898.500276 -1.791106 
2458900.214404 0.215536 
2458901.928532 1.116731 
2458903.642659 1.280313 
2458905.356787 1.076555 
2458907.070915 0.593042 
2458908.785043 -0.222941 
2458910.499171 -1.470516 
2458912.213299 -2.230293 
2458913.927427 -0.381942 
2458915.641555 0.924561 
2458917.355683 1.276179 
2458919.069811 1.178180 
2458920.783939 0.790079 
2458922.498067 0.099951 
2458924.212195 -1.001723 
2458925.926323 -2.229079 
2458927.640450 -1.117803 
2458929.354578 0.624260 
2458931.068706 1.222907 
2458932.782834 1.247433 
2458934.496962 0.953021 
2458936.211090 0.374534 
2458937.925218 -0.573836 
2458939.639346 -1.900067 
2458941.353474 -1.830686 
2458943.067602 0.182387 
2458944.781730 1.107100 
2458946.495858 1.281333 
2458948.209986 1.084004 
2458949.924114 0.606739 
2458951.638241 -0.200708 
2458953.352369 -1.440000 
2458955.066497 -2.243453 
2458956.780625 -0.425753 
2458958.494753 0.908911 
2458960.208881 1.274356 
2458961.923009 1.183603 
2458963.637137 0.801500 
2458965.351265 0.118910 
2458967.065393 -0.972827 
2458968.779521 -2.215637 
2458970.493649 -1.166785 
2458972.207777 0.600580 
2458973.921905 1.217541 
2458975.636032 1.250707 
2458977.350160 0.962349 
2458979.064288 0.390609 
2458980.778416 -0.548279 
2458982.492544 -1.872740 
2458984.206672 -1.868983 
2458985.920800 0.148541 
2458987.634928 1.097133 
2458989.349056 1.282186 
2458991.063184 1.091323 
2458992.777312 0.620283 
2458994.491440 -0.178694 
2458996.205568 -1.409480 
2458997.919696 -2.254695 
2458999.633823 -0.470160 
2459001.347951 0.892813 
2459003.062079 1.272330 
2459004.776207 1.188894 
2459006.490335 0.812784 
2459008.204463 0.137673 
2459009.918591 -0.944117 
2459011.632719 -2.200888 
2459013.346847 -1.215661 
2459015.060975 0.576309 
2459016.775103 1.211916 
2459018.489231 1.253835 
2459020.203359 0.971547 
2459021.917487 0.406512 
2459023.631614 -0.522951 
2459025.345742 -1.844954 
2459027.059870 -1.905920 
2459028.773998 0.113992 
2459030.488126 1.086826 
2459032.202254 1.282871 
2459033.916382 1.098513 
2459035.630510 0.633675 
2459037.344638 -0.156901 
2459039.058766 -1.378976 
2459040.772894 -2.264025 
2459042.487022 -0.515139 
2459044.201150 0.876257 
2459045.915278 1.270098 
2459047.629405 1.194052 
2459049.343533 0.823929 
2459051.057661 0.156240 
2459052.771789 -0.915600 
2459054.485917 -2.184891 
2459056.200045 -1.264360 
2459057.914173 0.551438 
2459059.628301 1.206029 
2459061.342429 1.256817 
2459063.056557 0.980615 
2459064.770685 0.422245 
2459066.484813 -0.497853 
2459068.198941 -1.816751 
2459069.913069 -1.941427 
2459071.627196 0.078739 
2459073.341324 1.076171 
2459075.055452 1.283386 
2459076.769580 1.105575 
2459078.483708 0.646917 
2459080.197836 -0.135325 
2459081.911964 -1.348508 
2459083.626092 -2.271458 
2459085.340220 -0.560666 
2459087.054348 0.859235 
2459088.768476 1.267659 
2459090.482604 1.199077 
2459092.196732 0.834937 
2459093.910860 0.174615 
2459095.624987 -0.887280 
2459097.339115 -2.167705 
2459099.053243 -1.312809 
2459100.767371 0.525957 
2459102.481499 1.199875 
2459104.195627 1.259651 
2459105.909755 0.989553 
2459107.623883 0.437809 
2459109.338011 -0.472985 
2459111.052139 -1.788172 
2459112.766267 -1.975432 
2459114.480395 0.042781 
2459116.194523 1.065162 
2459117.908651 1.283728 
2459119.622778 1.112509 
2459121.336906 0.660009 
2459123.051034 -0.113965 
2459124.765162 -1.318090 
2459126.479290 -2.277013 
2459128.193418 -0.606711 
2459129.907546 0.841738 
2459131.621674 1.265007 
2459133.335802 1.203967 
2459135.049930 0.845809 
2459136.764058 0.192798 
2459138.478186 -0.859162 
2459140.192314 -2.149391 
2459141.906442 -1.360930 
2459143.620569 0.499859 
2459145.334697 1.193448 
2459147.048825 1.262337 
2459148.762953 0.998362 
2459150.477081 0.453205 
2459152.191209 -0.448347 
2459153.905337 -1.759257 
2459155.619465 -2.007871 
2459157.333593 0.006116 
2459159.047721 1.053793 
2459160.761849 1.283897 
2459162.475977 1.119315 
2459164.190105 0.672952 
2459165.904233 -0.092820 
2459167.618360 -1.287741 
2459169.332488 -2.280714 
2459171.046616 -0.653244 
2459172.760744 0.823759 
2459174.474872 1.262141 
2459176.189000 1.208722 
2459177.903128 0.856546 
2459179.617256 0.210792 
2459181.331384 -0.831250 
2459183.045512 -2.130007 
2459184.759640 -1.408647 
2459186.473768 0.473133 
2459188.187896 1.186745 
2459189.902024 1.264873 
2459191.616151 1.007043 
2459193.330279 0.468435 
2459195.044407 -0.423939 
2459196.758535 -1.730043 
2459198.472663 -2.038684 
2459200.186791 -0.031253 
2459201.900919 1.042056 
2459203.615047 1.283889 
2459205.329175 1.125992 
2459207.043303 0.685748 
2459208.757431 -0.071889 
2459210.471559 -1.257474 
2459212.185687 -2.282590 
2459213.899815 -0.700231 
2459215.613942 0.805286 
2459217.328070 1.259057 
2459219.042198 1.213342 
2459220.756326 0.867147 
2459222.470454 0.228597 
2459224.184582 -0.803549 
2459225.898710 -2.109613 
2459227.612838 -1.455877 
2459229.326966 0.445772 
2459231.041094 1.179760 
2459232.755222 1.267258 
2459234.469350 1.015594 
2459236.183478 0.483500 
2459237.897606 -0.399760 
2459239.611733 -1.700564 
2459241.325861 -2.067815 
2459243.039989 -0.069326 
2459244.754117 1.029945 
2459246.468245 1.283703 
2459248.182373 1.132539 
2459249.896501 0.698397 
2459251.610629 -0.051169 
2459253.324757 -1.227303 
2459255.038885 -2.282674 
2459256.753013 -0.747635 
2459258.467141 0.786313 
2459260.181269 1.255751 
2459261.895397 1.217826 
2459263.609524 0.877614 
2459265.323652 0.246216 
2459267.037780 -0.776061 
2459268.751908 -2.088265 
2459270.466036 -1.502540 
2459272.180164 0.417767 
2459273.894292 1.172489 
2459275.608420 1.269490 
2459277.322548 1.024017 
2459279.036676 0.498402 
2459280.750804 -0.375809 
2459282.464932 -1.670856 
2459284.179060 -2.095225 
2459285.893188 -0.108098 
2459287.607315 1.017452 
2459289.321443 1.283337 
2459291.035571 1.138958 
2459292.749699 0.710900 
2459294.463827 -0.030660 
2459296.177955 -1.197241 
2459297.892083 -2.281006 
2459299.606211 -0.795415 
2459301.320339 0.766829 
2459303.034467 1.252221 
2459304.748595 1.222172 
2459306.462723 0.887946 
2459308.176851 0.263650 
2459309.890979 -0.748790 
2459311.605106 -2.066021 
2459313.319234 -1.548552 
2459315.033362 0.389110 
2459316.747490 1.164927 
2459318.461618 1.271568 
2459320.175746 1.032311 
2459321.889874 0.513142 
2459323.604002 -0.352087 
2459325.318130 -1.640950 
2459327.032258 -2.120846 
2459328.746386 -0.147564 
2459330.460514 1.004570 
2459332.174642 1.282787 
2459333.888770 1.145248 
2459335.602897 0.723258 
2459337.317025 -0.010359 
2459339.031153 -1.167301 
2459340.745281 -2.277627 
2459342.459409 -0.843528 
2459344.173537 0.746825 
2459345.887665 1.248462 
2459347.601793 1.226381 
2459349.315921 0.898146 
2459351.030049 0.280900 
2459352.744177 -0.721738 
2459354.458305 -2.042938 
2459356.172433 -1.593829 
2459357.886561 0.359793 
2459359.600688 1.157067 
2459361.314816 1.273491 
2459363.028944 1.040478 
2459364.743072 0.527720 
2459366.457200 -0.328593 
2459368.171328 -1.610878 
2459369.885456 -2.144652 
2459371.599584 -0.187718 
2459373.313712 0.991292 
2459375.027840 1.282052 
2459376.741968 1.151407 
2459378.456096 0.735473 
2459380.170224 0.009734 
2459381.884352 -1.137493 
2459383.598479 -2.272582 
2459385.312607 -0.891927 
2459387.026735 0.726292 
2459388.740863 1.244471 
2459390.454991 1.230451 
2459392.169119 0.908212 
2459393.883247 0.297969 
2459395.597375 -0.694908 
2459397.311503 -2.019070 
2459399.025631 -1.638286 
2459400.739759 0.329809 
2459402.453887 1.148906 
2459404.168015 1.275257 
2459405.882143 1.048516 
2459407.596270 0.542139 
2459409.310398 -0.305325 
2459411.024526 -1.580667 
2459412.738654 -2.166608 
2459414.452782 -0.228552 
2459416.166910 0.977611 
2459417.881038 1.281130 
2459419.595166 1.157437 
2459421.309294 0.747544 
2459423.023422 0.029622 
2459424.737550 -1.107827 
2459426.451678 -2.265920 
2459428.165806 -0.940563 
2459429.879934 0.705221 
2459431.594061 1.240245 
2459433.308189 1.234381 
2459435.022317 0.918146 
2459436.736445 0.314857 
2459438.450573 -0.668301 
2459440.164701 -1.994471 
2459441.878829 -1.681839 
2459443.592957 0.299151 
2459445.307085 1.140436 
2459447.021213 1.276864 
2459448.735341 1.056426 
2459450.449469 0.556400 
2459452.163597 -0.282283 
2459453.877725 -1.550346 
2459455.591852 -2.186688 
2459457.305980 -0.270056 
2459459.020108 0.963517 
2459460.734236 1.280017 
2459462.448364 1.163336 
2459464.162492 0.759474 
2459465.876620 0.049305 
2459467.590748 -1.078313 
2459469.304876 -2.257691 
2459471.019004 -0.989381 
2459472.733132 0.683603 
2459474.447260 1.235779 
2459476.161388 1.238171 
2459477.875516 0.927948 
2459479.589643 0.331567 
2459481.303771 -0.641919 
2459483.017899 -1.969193 
2459484.732027 -1.724403 
2459486.446155 0.267813 
2459488.160283 1.131654 
2459489.874411 1.278311 
2459491.588539 1.064208 
2459493.302667 0.570503 
2459495.016795 -0.259465 
2459496.730923 -1.519939 
2459498.445051 -2.204872 
2459500.159179 -0.312217 
2459501.873307 0.949005 
2459503.587434 1.278712 
2459505.301562 1.169105 
2459507.015690 0.771262 
2459508.729818 0.068787 
2459510.443946 -1.048959 
2459512.158074 -2.247950 
2459513.872202 -1.038325 
2459515.586330 0.661427 
2459517.300458 1.231071 
2459519.014586 1.241820 
2459520.728714 0.937619 
2459522.442842 0.348099 
2459524.156970 -0.615763 
2459525.871098 -1.943286 
2459527.585225 -1.765894 
2459529.299353 0.235788 
2459531.013481 1.122552 
2459532.727609 1.279597 
2459534.441737 1.071862 
2459536.155865 0.584451 
2459537.869993 -0.236872 
2459539.584121 -1.489473 
2459541.298249 -2.221145 
2459543.012377 -0.355021 
2459544.726505 0.934065 
2459546.440633 1.277211 
2459548.154761 1.174742 
2459549.868889 0.782910 
2459551.583016 0.088068 
2459553.297144 -1.019774 
2459555.011272 -2.236750 
2459556.725400 -1.087336 
2459558.439528 0.638685 
2459560.153656 1.226114 
2459561.867784 1.245326 
2459563.581912 0.947158 
2459565.296040 0.364456 
2459567.010168 -0.589836 
2459568.724296 -1.916800 
2459570.438424 -1.806232 
2459572.152552 0.203072 
2459573.866680 1.113125 
2459575.580807 1.280719 
2459577.294935 1.079388 
2459579.009063 0.598244 
2459580.723191 -0.214500 
2459582.437319 -1.458968 
2459584.151447 -2.235500 
2459585.865575 -0.398452 
2459587.579703 0.918690 
2459589.293831 1.275513 
2459591.007959 1.180248 
2459592.722087 0.794418 
2459594.436215 0.107149 
2459596.150343 -0.990765 
2459597.864471 -2.224149 
2459599.578598 -1.136349 
2459601.292726 0.615367 
2459603.006854 1.220906 
2459604.720982 1.248689 
2459606.435110 0.956567 
2459608.149238 0.380638 
2459609.863366 -0.564136 
2459611.577494 -1.889781 
2459613.291622 -1.845335 
2459615.005750 0.169660 
2459616.719878 1.103368 
2459618.434006 1.281675 
2459620.148134 1.086789 
2459621.862262 0.611883 
2459623.576389 -0.192351 
2459625.290517 -1.428448 
2459627.004645 -2.247933 
2459628.718773 -0.442491 
2459630.432901 0.902872 
2459632.147029 1.273613 
2459633.861157 1.185621 
2459635.575285 0.805787 
2459637.289413 0.126034 
2459639.003541 -0.961939 
2459640.717669 -2.210205 
2459642.431797 -1.185299 
2459644.145925 0.591464 
2459645.860053 1.215443 
2459647.574180 1.251908 
2459649.288308 0.965845 
2459651.002436 0.396648 
2459652.716564 -0.538666 
2459654.430692 -1.862276 
2459656.144820 -1.883126 
2459657.858948 0.135548 
2459659.573076 1.093273 
2459661.287204 1.282465 
2459663.001332 1.094059 
2459664.715460 0.625369 
2459666.429588 -0.170421 
2459668.143716 -1.397932 
2459669.857844 -2.258450 
2459671.571971 -0.487117 
2459673.286099 0.886601 
2459675.000227 1.271510 
2459676.714355 1.190862 
2459678.428483 0.817018 
2459680.142611 0.144723 
2459681.856739 -0.933301 
2459683.570867 -2.194977 
2459685.284995 -1.234117 
2459686.999123 0.566967 
2459688.713251 1.209720 
2459690.427379 1.254981 
2459692.141507 0.974994 
2459693.855635 0.412486 
2459695.569762 -0.513425 
2459697.283890 -1.834327 
2459698.998018 -1.919530 
2459700.712146 0.100733 
2459702.426274 1.082835 
2459704.140402 1.283086 
2459705.854530 1.101201 
2459707.568658 0.638705 
2459709.282786 -0.148709 
2459710.996914 -1.367440 
2459712.711042 -2.267061 
2459714.425170 -0.532306 
2459716.139298 0.869870 
2459717.853426 1.269200 
2459719.567553 1.195970 
2459721.281681 0.828111 
2459722.995809 0.163217 
2459724.709937 -0.904858 
2459726.424065 -2.178523 
2459728.138193 -1.282730 
2459729.852321 0.541866 
2459731.566449 1.203732 
2459733.280577 1.257907 
2459734.994705 0.984013 
2459736.708833 0.428155 
2459738.422961 -0.488414 
2459740.137089 -1.805977 
2459741.851217 -1.954476 
2459743.565344 0.065213 
2459745.279472 1.072047 
2459746.993600 1.283536 
2459748.707728 1.108215 
2459750.421856 0.651889 
2459752.135984 -0.127215 
2459753.850112 -1.336989 
2459755.564240 -2.273780 
2459757.278368 -0.578033 
2459758.992496 0.852669 
2459760.706624 1.266680 
2459762.420752 1.200943 
2459764.134880 0.839068 
2459765.849008 0.181519 
2459767.563135 -0.876614 
2459769.277263 -2.160904 
2459770.991391 -1.331063 
2459772.705519 0.516153 
2459774.419647 1.197475 
2459776.133775 1.260686 
2459777.847903 0.992902 
2459779.562031 0.443655 
2459781.276159 -0.463634 
2459782.990287 -1.777267 
2459784.704415 -1.987896 
2459786.418543 0.028987 
2459788.132671 1.060902 
2459789.846799 1.283813 
2459791.560926 1.115100 
2459793.275054 0.664925 
2459794.989182 -0.105937 
2459796.703310 -1.306595 
2459798.417438 -2.278630 
2459800.131566 -0.624266 
2459801.845694 0.834991 
2459803.559822 1.263948 
2459805.273950 1.205783 
2459806.988078 0.849889 
2459808.702206 0.199631 
2459810.416334 -0.848574 
2459812.130462 -2.142178 
2459813.844590 -1.379041 
2459815.558717 0.489818 
2459817.272845 1.190944 
2459818.986973 1.263315 
2459820.701101 1.001663 
2459822.415229 0.458988 
2459824.129357 -0.439082 
2459825.843485 -1.748234 
2459827.557613 -2.019727 
2459829.271741 -0.007944 
2459830.985869 1.049394 
2459832.699997 1.283915 
2459834.414125 1.121857 
2459836.128253 0.677812 
2459837.842381 -0.084873 
2459839.556508 -1.276275 
2459841.270636 -2.281637 
2459842.984764 -0.670975 
2459844.698892 0.816826 
2459846.413020 1.260999 
2459848.127148 1.210487 
2459849.841276 0.860574 
2459851.555404 0.217553 
2459853.269532 -0.820741 
2459854.983660 -2.122404 
2459856.697788 -1.426583 
2459858.411916 0.462853 
2459860.126044 1.184135 
2459861.840172 1.265794 
2459863.554299 1.010294 
2459865.268427 0.474156 
2459866.982555 -0.414761 
2459868.696683 -1.718915 
2459870.410811 -2.049910 
2459872.124939 -0.045580 
2459873.839067 1.037517 
2459875.553195 1.283840 
2459877.267323 1.128485 
2459878.981451 0.690552 
2459880.695579 -0.064022 
2459882.409707 -1.246043 
2459884.123835 -2.282830 
2459885.837963 -0.718125 
2459887.552090 0.798165 
2459889.266218 1.257832 
2459890.980346 1.215055 
2459892.694474 0.871124 
2459894.408602 0.235287 
2459896.122730 -0.793121 
2459897.836858 -2.101642 
2459899.550986 -1.473609 
2459901.265114 0.435249 
2459902.979242 1.177043 
2459904.693370 1.268121 
2459906.407498 1.018797 
2459908.121626 0.489159 
2459909.835754 -0.390668 
2459911.549881 -1.689346 
2459913.264009 -2.078391 
2459914.978137 -0.083917 
2459916.692265 1.025262 
2459918.406393 1.283586 
2459920.120521 1.134984 
2459921.834649 0.703146 
2459923.548777 -0.043382 
2459925.262905 -1.215912 
2459926.977033 -2.282247 
2459928.691161 -0.765676 
2459930.405289 0.778999 
2459932.119417 1.254441 
2459933.833545 1.219487 
2459935.547672 0.881540 
2459937.261800 0.252836 
2459938.975928 -0.765714 
2459940.690056 -2.079949 
2459942.404184 -1.520035 
2459944.118312 0.406998 
2459945.832440 1.169662 
2459947.546568 1.270295 
2459949.260696 1.027171 
2459950.974824 0.503999 
2459952.688952 -0.366804 
2459954.403080 -1.659559 
2459956.117208 -2.105133 
2459957.831336 -0.122953 
2459959.545463 1.012623 
2459961.259591 1.283150 
2459962.973719 1.141354 
2459964.687847 0.715594 
2459966.401975 -0.022952 
2459968.116103 -1.185895 
2459969.830231 -2.279926 
2459971.544359 -0.813587 
2459973.258487 0.759320 
2459974.972615 1.250825 
2459976.686743 1.223781 
2459978.400871 0.891822 
2459980.114999 0.270200 
2459981.829127 -0.738526 
2459983.543254 -2.057381 
2459985.257382 -1.565779 
2459986.971510 0.378092 
2459988.685638 1.161987 
2459990.399766 1.272314 
2459992.113894 1.035417 
2459993.828022 0.518678 
2459995.542150 -0.343169 
2459997.256278 -1.629587 
2459998.970406 -2.130071 
2460000.684534 -0.162681 
2460002.398662 0.999592 
2460004.112790 1.282531 
2460005.826918 1.147594 
2460007.541045 0.727898 
2460009.255173 -0.002731 
2460010.969301 -1.156003 
2460012.683429 -2.275911 
2460014.397557 -0.861814 
2460016.111685 0.739117 
2460017.825813 1.246979 
2460019.539941 1.227937 
2460021.254069 0.901971 
2460022.968197 0.287381 
2460024.682325 -0.711558 
2460026.396453 -2.033995 
2460028.110581 -1.610756 
2460029.824709 0.348524 
2460031.538836 1.154014 
2460033.252964 1.274178 
2460034.967092 1.043535 
2460036.681220 0.533196 
2460038.395348 -0.319760 
2460040.109476 -1.599459 
2460041.823604 -2.153180 
2460043.537732 -0.203093 
2460045.251860 0.986162 
2460046.965988 1.281725 
2460048.680116 1.153705 
2460050.394244 0.740058 
2460052.108372 0.017285 
2460053.822500 -1.126248 
2460055.536627 -2.270248 
2460057.250755 -0.910309 
2460058.964883 0.718381 
2460060.679011 1.242900 
2460062.393139 1.231955 
2460064.107267 0.911987 
2460065.821395 0.304381 
2460067.535523 -0.684812 
2460069.249651 -2.009844 
2460070.963779 -1.654880 
2460072.677907 0.318286 
2460074.392035 1.145737 
2460076.106163 1.275884 
2460077.820291 1.051524 
2460079.534418 0.547555 
2460081.248546 -0.296578 
2460082.962674 -1.569203 
2460084.676802 -2.174429 
2460086.390930 -0.244182 
2460088.105058 0.972326 
2460089.819186 1.280731 
2460091.533314 1.159685 
2460093.247442 0.752076 
2460094.961570 0.037095 
2460096.675698 -1.096638 
2460098.389826 -2.262987 
2460100.103954 -0.959020 
2460101.818082 0.697104 
2460103.532209 1.238583 
2460105.246337 1.235832 
2460106.960465 0.921871 
2460108.674593 0.321202 
2460110.388721 -0.658290 
2460112.102849 -1.984982 
2460113.816977 -1.698069 
2460115.531105 0.287371 
2460117.245233 1.137149 
2460118.959361 1.277431 
2460120.673489 1.059386 
2460122.387617 0.561756 
2460124.101745 -0.273621 
2460125.815873 -1.538846 
2460127.530000 -2.193794 
2460129.244128 -0.285936 
2460130.958256 0.958075 
2460132.672384 1.279546 
2460134.386512 1.165535 
2460136.100640 0.763952 
2460137.814768 0.056702 
2460139.528896 -1.067184 
2460141.243024 -2.254179 
2460142.957152 -1.007893 
2460144.671280 0.675276 
2460146.385408 1.234026 
2460148.099536 1.239569 
2460149.813663 0.931623 
2460151.527791 0.337844 
2460153.241919 -0.631993 
2460154.956047 -1.959460 
2460156.670175 -1.740236 
2460158.384303 0.255774 
2460160.098431 1.128247 
2460161.812559 1.278817 
2460163.526687 1.067120 
2460165.240815 0.575800 
2460166.954943 -0.250888 
2460168.669071 -1.508415 
2460170.383199 -2.211256 
2460172.097327 -0.328342 
2460173.811454 0.943402 
2460175.525582 1.278167 
2460177.239710 1.171254 
2460178.953838 0.775687 
2460180.667966 0.076108 
2460182.382094 -1.037894 
2460184.096222 -2.243879 
2460185.810350 -1.056869 
2460187.524478 0.652887 
2460189.238606 1.229224 
2460190.952734 1.243164 
2460192.666862 0.941244 
2460194.380990 0.354310 
2460196.095118 -0.605924 
2460197.809245 -1.933328 
2460199.523373 -1.781301 
2460201.237501 0.223488 
2460202.951629 1.119023 
2460204.665757 1.280041 
2460206.379885 1.074725 
2460208.094013 0.589689 
2460209.808141 -0.228379 
2460211.522269 -1.477931 
2460213.236397 -2.226804 
2460214.950525 -0.371385 
2460216.664653 0.928298 
2460218.378781 1.276592 
2460220.092909 1.176841 
2460221.807036 0.787282 
2460223.521164 0.095313 
2460225.235292 -1.008774 
2460226.949420 -2.232143 
2460228.663548 -1.105889 
2460230.377676 0.629928 
2460232.091804 1.224173 
2460233.805932 1.246616 
2460235.520060 0.950734 
2460237.234188 0.370601 
2460238.948316 -0.580082 
2460240.662444 -1.906634 
2460242.376572 -1.821180 
2460244.090700 0.190509 
2460245.804827 1.109472 
2460247.518955 1.281100 
2460249.233083 1.082206 
2460250.947211 0.603424 
2460252.661339 -0.206092 
2460254.375467 -1.447418 
2460256.089595 -2.240431 
2460257.803723 -0.415049 
2460259.517851 0.912756 
2460261.231979 1.274817 
2460262.946107 1.182297 
2460264.660235 0.798737 
2460266.374363 0.114320 
2460268.088491 -0.979834 
2460269.802618 -2.219027 
2460271.516746 -1.154886 
2460273.230874 0.606390 
2460274.945002 1.218869 
2460276.659130 1.249924 
2460278.373258 0.960094 
2460280.087386 0.386718 
2460281.801514 -0.554470 
2460283.515642 -1.879426 
2460285.229770 -1.859796 
2460286.943898 0.156832 
2460288.658026 1.099587 
2460290.372154 1.281994 
2460292.086282 1.089556 
2460293.800409 0.617005 
2460295.514537 -0.184025 
2460297.228665 -1.416898 
2460298.942793 -2.252139 
2460300.656921 -0.459313 
2460302.371049 0.896767 
2460304.085177 1.272841 
2460305.799305 1.187620 
2460307.513433 0.810054 
2460309.227561 0.133130 
2460310.941689 -0.951078 
2460312.655817 -2.204590 
2460314.369945 -1.203794 
2460316.084073 0.582263 
2460317.798200 1.213308 
2460319.512328 1.253088 
2460321.226456 0.969323 
2460322.940584 0.402662 
2460324.654712 -0.529086 
2460326.368840 -1.851748 
2460328.082968 -1.897071 
2460329.797096 0.122454 
2460331.511224 1.089363 
2460333.225352 1.282720 
2460334.939480 1.096777 
2460336.653608 0.630434 
2460338.367736 -0.162178 
2460340.081864 -1.386388 
2460341.795991 -2.261933 
2460343.510119 -0.504155 
2460345.224247 0.880323 
2460346.938375 1.270660 
2460348.652503 1.192811 
2460350.366631 0.821233 
2460352.080759 0.151745 
2460353.794887 -0.922514 
2460355.509015 -2.188891 
2460357.223143 -1.252543 
2460358.937271 0.557539 
2460360.651399 1.207485 
2460362.365527 1.256106 
2460364.079655 0.978422 
2460365.793782 0.418436 
2460367.507910 -0.503933 
2460369.222038 -1.823643 
2460370.936166 -1.932931 
2460372.650294 0.087373 
2460374.364422 1.078793 
2460376.078550 1.283276 
2460377.792678 1.103871 
2460379.506806 0.643712 
2460381.220934 -0.140549 
2460382.935062 -1.355910 
2460384.649190 -2.269825 
2460386.363318 -0.549551 
2460388.077446 0.863416 
2460389.791573 1.268271 
2460391.505701 1.197868 
2460393.219829 0.832274 
2460394.933957 0.170166 
2460396.648085 -0.894145 
2460398.362213 -2.171989 
2460400.076341 -1.301059 
2460401.790469 0.532207 
2460403.504597 1.201395 
2460405.218725 1.258976 
2460406.932853 0.987392 
2460408.646981 0.434041 
2460410.361109 -0.479009 
2460412.075237 -1.795152 
2460413.789364 -1.967308 
2460415.503492 0.051586 
2460417.217620 1.067871 
2460418.931748 1.283661 
2460420.645876 1.110836 
2460422.360004 0.656840 
2460424.074132 -0.119137 
2460425.788260 -1.325478 
2460427.502388 -2.275834 
2460429.216516 -0.595472 
2460430.930644 0.846035 
2460432.644772 1.265671 
2460434.358900 1.202791 
2460436.073028 0.843179 
2460437.787155 0.188396 
2460439.501283 -0.865978 
2460441.215411 -2.153944 
2460442.929539 -1.349267 
2460444.643667 0.506260 
2460446.357795 1.195036 
2460448.071923 1.261698 
2460449.786051 0.996233 
2460451.500179 0.449478 
2460453.214307 -0.454315 
2460454.928435 -1.766315 
2460456.642563 -2.000133 
2460458.356691 0.015093 
2460460.070819 1.056590 
2460461.784946 1.283872 
2460463.499074 1.117672 
2460465.213202 0.669820 
2460466.927330 -0.097940 
2460468.641458 -1.295111 
2460470.355586 -2.279983 
2460472.069714 -0.641890 
2460473.783842 0.828174 
2460475.497970 1.262857 
2460477.212098 1.207579 
2460478.926226 0.853948 
2460480.640354 0.206436 
2460482.354482 -0.838016 
2460484.068610 -2.134814 
2460485.782737 -1.397090 
2460487.496865 0.479687 
2460489.210993 1.188400 
2460490.925121 1.264271 
2460492.639249 1.004944 
2460494.353377 0.464748 
2460496.067505 -0.429851 
2460497.781633 -1.737169 
2460499.495761 -2.031347 
2460501.209889 -0.022105 
2460502.924017 1.044943 
2460504.638145 1.283907 
2460506.352273 1.124380 
2460508.066401 0.682651 
2460509.780528 -0.076957 
2460511.494656 -1.264823 
2460513.208784 -2.282300 
2460514.922912 -0.688770 
2460516.637040 0.809822 
2460518.351168 1.259827 
2460520.065296 1.212232 
2460521.779424 0.864582 
2460523.493552 0.224287 
2460525.207680 -0.810263 
2460526.921808 -2.114660 
2460528.635936 -1.444446 
2460530.350064 0.452481 
2460532.064192 1.181484 
2460533.778319 1.266692 
2460535.492447 1.013527 
2460537.206575 0.479853 
2460538.920703 -0.405616 
2460540.634831 -1.707752 
2460542.348959 -2.060892 
2460544.063087 -0.060007 
2460545.777215 1.032923 
2460547.491343 1.283765 
2460549.205471 1.130960 
2460550.919599 0.695335 
2460552.633727 -0.056186 
2460554.347855 -1.234627 
2460556.061983 -2.282817 
2460557.776110 -0.736076 
2460559.490238 0.790971 
2460561.204366 1.256575 
2460562.918494 1.216748 
2460564.632622 0.875082 
2460566.346750 0.241951 
2460568.060878 -0.782723 
2460569.775006 -2.093539 
2460571.489134 -1.491254 
2460573.203262 0.424634 
2460574.917390 1.174283 
2460576.631518 1.268962 
2460578.345646 1.021981 
2460580.059774 0.494795 
2460581.773901 -0.381610 
2460583.488029 -1.678097 
2460585.202157 -2.088727 
2460586.916285 -0.098609 
2460588.630413 1.020524 
2460590.344541 1.283442 
2460592.058669 1.137410 
2460593.772797 0.707874 
2460595.486925 -0.035626 
2460597.201053 -1.204538 
2460598.915181 -2.281571 
2460600.629309 -0.783769 
2460602.343437 0.771612 
2460604.057565 1.253100 
2460605.771692 1.221128 
2460607.485820 0.885447 
2460609.199948 0.259429 
2460610.914076 -0.755399 
2460612.628204 -2.071508 
2460614.342332 -1.537432 
2460616.056460 0.396136 
2460617.770588 1.166792 
2460619.484716 1.271077 
2460621.198844 1.030307 
2460622.912972 0.509574 
2460624.627100 -0.357832 
2460626.341228 -1.648236 
2460628.055356 -2.114784 
2460629.769483 -0.137907 
2460631.483611 1.007737 
2460633.197739 1.282938 
2460634.911867 1.143731 
2460636.625995 0.720267 
2460638.340123 -0.015275 
2460640.054251 -1.174567 
2460641.768379 -2.278604 
2460643.482507 -0.831805 
2460645.196635 0.751736 
2460646.910763 1.249397 
2460648.624891 1.225370 
2460650.339019 0.895679 
2460652.053147 0.276724 
2460653.767274 -0.728293 
2460655.481402 -2.048623 
2460657.195530 -1.582896 
2460658.909658 0.366980 
2460660.623786 1.159005 
2460662.337914 1.273038 
2460664.052042 1.038504 
2460665.766170 0.524191 
2460667.480298 -0.334283 
2460669.194426 -1.618201 
2460670.908554 -2.139034 
2460672.622682 -0.177895 
2460674.336810 0.994557 
2460676.050938 1.282248 
2460677.765065 1.149922 
2460679.479193 0.732517 
2460681.193321 0.004869 
2460682.907449 -1.144725 
2460684.621577 -2.273959 
2460686.335705 -0.880139 
2460688.049833 0.731332 
2460689.763961 1.245463 
2460691.478089 1.229474 
2460693.192217 0.905777 
2460694.906345 0.293837 
2460696.620473 -0.701409 
2460698.334601 -2.024941 
2460700.048729 -1.627560 
2460701.762856 0.337159 
2460703.476984 1.150917 
2460705.191112 1.274842 
2460706.905240 1.046574 
2460708.619368 0.538649 
2460710.333496 -0.310960 
2460712.047624 -1.588022 
2460713.761752 -2.161443 
2460715.475880 -0.218565 
2460717.190008 0.980974 
2460718.904136 1.281371 
2460720.618264 1.155983 
2460722.332392 0.744623 
2460724.046520 0.024806 
2460725.760647 -1.115024 
2460727.474775 -2.267686 
2460729.188903 -0.928722 
2460730.903031 0.710393 
2460732.617159 1.241294 
2460734.331287 1.233439 
2460736.045415 0.915743 
2460737.759543 0.310768 
2460739.473671 -0.674747 
2460741.187799 -2.000515 
2460742.901927 -1.671340 
2460744.616055 0.306666 
2460746.330183 1.142523 
2460748.044311 1.276488 
2460749.758438 1.054515 
2460751.472566 0.552948 
2460753.186694 -0.287863 
2460754.900822 -1.557725 
2460756.614950 -2.181981 
2460758.329078 -0.259907 
2460760.043206 0.966981 
2460761.757334 1.280305 
2460763.471462 1.161914 
2460765.185590 0.756587 
2460766.899718 0.044540 
2460768.613846 -1.085472 
2460770.327974 -2.259833 
2460772.042102 -0.977501 
2460773.756229 0.688908 
2460775.470357 1.236887 
2460777.184485 1.237263 
2460778.898613 0.925577 
2460780.612741 0.327521 
2460782.326869 -0.648311 
2460784.040997 -1.975397 
2460785.755125 -1.714152 
2460787.469253 0.275493 
2460789.183381 1.133817 
2460790.897509 1.277974 
2460792.611637 1.062328 
2460794.325765 0.567090 
2460796.039893 -0.264991 
2460797.754020 -1.527337 
2460799.468148 -2.200628 
2460801.182276 -0.301909 
2460802.896404 0.952572 
2460804.610532 1.279047 
2460806.324660 1.167715 
2460808.038788 0.768410 
2460809.752916 0.064070 
2460811.467044 -1.056079 
2460813.181172 -2.250454 
2460814.895300 -1.026420 
2460816.609428 0.666869 
2460818.323556 1.232238 
2460820.037684 1.240946 
2460821.751811 0.935280 
2460823.465939 0.344097 
2460825.180067 -0.622100 
2460826.894195 -1.949639 
2460828.608323 -1.755912 
2460830.322451 0.243636 
2460832.036579 1.124794 
2460833.750707 1.279299 
2460835.464835 1.070013 
2460837.178963 0.581075 
2460838.893091 -0.242343 
2460840.607219 -1.496882 
2460842.321347 -2.217366 
2460844.035475 -0.344558 
2460845.749602 0.937737 
2460847.463730 1.277594 
2460849.177858 1.173384 
2460850.891986 0.780091 
2460852.606114 0.083399 
2460854.320242 -1.026852 
2460856.034370 -2.239603 
2460857.748498 -1.075420 
2460859.462626 0.644265 
2460861.176754 1.227342 
2460862.890882 1.244487 
2460864.605010 0.944851 
2460866.319138 0.360496 
2460868.033266 -0.596117 
2460869.747393 -1.923289 
2460871.461521 -1.796537 
2460873.175649 0.211088 
2460874.889777 1.115447 
2460876.603905 1.280461 
2460878.318033 1.077570 
2460880.032161 0.594905 
2460881.746289 -0.219918 
2460883.460417 -1.466385 
2460885.174545 -2.232187 
2460886.888673 -0.387838 
2460888.602801 0.922468 
2460890.316929 1.275944 
2460892.031057 1.178922 
2460893.745184 0.791633 
2460895.459312 0.102529 
2460897.173440 -0.997800 
2460898.887568 -2.227338 
2460900.601696 -1.124438 
2460902.315824 0.621089 
2460904.029952 1.222196 
2460905.744080 1.247885 
2460907.458208 0.954292 
2460909.172336 0.376721 
2460910.886464 -0.570362 
2460912.600592 -1.896395 
2460914.314720 -1.835948 
2460916.028848 0.177846 
2460917.742975 1.105770 
2460919.457103 1.281458 
2460921.171231 1.085003 
2460922.885359 0.608582 
2460924.599487 -0.197714 
2460926.313615 -1.435867 
2460928.027743 -2.245088 
2460929.741871 -0.431731 
2460931.455999 0.906758 
2460933.170127 1.274093 
2460934.884255 1.184327 
2460936.598383 0.803036 
2460938.312511 0.121462 
2460940.026639 -0.968929 
2460941.740766 -2.213715 
2460943.454894 -1.173410 
2460945.169022 0.597329 
2460946.883150 1.216795 
2460948.597278 1.251139 
2460950.311406 0.963602 
2460952.025534 0.392772 
2460953.739662 -0.544836 
2460955.453790 -1.869004 
2460957.167918 -1.874065 
2460958.882046 0.143904 
2460960.596174 1.095758 
2460962.310302 1.282289 
2460964.024430 1.092304 
2460965.738557 0.622105 
2460967.452685 -0.175731 
2460969.166813 -1.405349 
2460970.880941 -2.256070 
2460972.595069 -0.476217 
2460974.309197 0.890598 
2460976.023325 1.272040 
2460977.737453 1.189600 
2460979.451581 0.814301 
2460981.165709 0.140198 
2460982.879837 -0.940245 
2460984.593965 -2.198794 
2460986.308093 -1.222266 
2460988.022221 0.572977 
2460989.736348 1.211135 
2460991.450476 1.254247 
2460993.164604 0.972782 
2460994.878732 0.408652 
2460996.592860 -0.519539 
2460998.306988 -1.841159 
2461000.021116 -1.910813 
2461001.735244 0.109260 
2461003.449372 1.085404 
2461005.163500 1.282951 
2461006.877628 1.099477 
2461008.591756 0.635477 
2461010.305884 -0.153967 
2461012.020012 -1.374849 
2461013.734139 -2.265142 
2461015.448267 -0.521272 
2461017.162395 0.873979 
2461018.876523 1.269780 
2461020.590651 1.194740 
2461022.304779 0.825427 
2461024.018907 0.158739 
2461025.733035 -0.911754 
2461027.447163 -2.182632 
2461029.161291 -1.270936 
2461030.875419 0.548024 
2461032.589547 1.205212 
2461034.303675 1.257209 
2461036.017803 0.981832 
2461037.731930 0.424362 
2461039.446058 -0.494473 
2461041.160186 -1.812903 
2461042.874314 -1.946120 
2461044.588442 0.073912 
2461046.302570 1.074702 
2461048.016698 1.283442 
2461049.730826 1.106522 
2461051.444954 0.648698 
2461053.159082 -0.132420 
2461054.873210 -1.344386 
2461056.587338 -2.272320 
2461058.301466 -0.566870 
2461060.015594 0.856894 
2461061.729721 1.267312 
2461063.443849 1.199747 
2461065.157977 0.836417 
2461066.872105 0.177088 
2461068.586233 -0.883461 
2461070.300361 -2.165291 
2461072.014489 -1.319345 
2461073.728617 0.522460 
2461075.442745 1.199021 
2461077.156873 1.260024 
2461078.871001 0.990753 
2461080.585129 0.439903 
2461082.299257 -0.469636 
2461084.013385 -1.784276 
2461085.727512 -1.979917 
2461087.441640 0.037858 
2461089.155768 1.063644 
2461090.869896 1.283761 
2461092.584024 1.113438 
2461094.298152 0.661770 
2461096.012280 -0.111089 
2461097.726408 -1.313977 
2461099.440536 -2.277622 
2461101.154664 -0.612983 
2461102.868792 0.839333 
2461104.582920 1.264632 
2461106.297048 1.204619 
2461108.011176 0.847271 
2461109.725303 0.195246 
2461111.439431 -0.855371 
2461113.153559 -2.146828 
2461114.867687 -1.367416 
2461116.581815 0.496277 
2461118.295943 1.192557 
2461120.010071 1.262689 
2461121.724199 0.999545 
2461123.438327 0.455277 
2461125.152455 -0.445029 
2461126.866583 -1.755318 
2461128.580711 -2.012140 
2461130.294839 0.001098 
2461132.008967 1.052225 
2461133.723094 1.283906 
2461135.437222 1.120226 
2461137.151350 0.674693 
2461138.865478 -0.089974 
2461140.579606 -1.283638 
2461142.293734 -2.281074 
2461144.007862 -0.659580 
2461145.721990 0.821287 
2461147.436118 1.261736 
2461149.150246 1.209356 
2461150.864374 0.857989 
2461152.578502 0.213214 
2461154.292630 -0.827487 
2461156.006758 -2.127304 
2461157.720885 -1.415071 
2461159.435013 0.469466 
2461161.149141 1.185816 
2461162.863269 1.265205 
2461164.577397 1.008208 
2461166.291525 0.470484 
2461168.005653 -0.420652 
2461169.719781 -1.726066 
2461171.433909 -2.042728 
2461173.148037 -0.036367 
2461174.862165 1.040438 
2461176.576293 1.283875 
2461178.290421 1.126886 
2461180.004549 0.687469 
2461181.718676 -0.069071 
2461183.432804 -1.253383 
2461185.146932 -2.282705 
2461186.861060 -0.706626 
2461188.575188 0.802747 
2461190.289316 1.258622 
2461192.003444 1.213957 
2461193.717572 0.868572 
2461195.431700 0.230994 
2461197.145828 -0.799815 
2461198.859956 -2.106777 
2461200.574084 -1.462230 
2461202.288212 0.442018 
2461204.002340 1.178793 
2461205.716467 1.267569 
2461207.430595 1.016742 
2461209.144723 0.485527 
2461210.858851 -0.396503 
2461212.572979 -1.696555 
2461214.287107 -2.071627 
2461216.001235 -0.074534 
2461217.715363 1.028276 
2461219.429491 1.283664 
2461221.143619 1.133416 
2461222.857747 0.700098 
2461224.571875 -0.048380 
2461226.286003 -1.223226 
2461228.000131 -2.282550 
2461229.714258 -0.754083 
2461231.428386 0.783705 
2461233.142514 1.255286 
2461234.856642 1.218422 
2461236.570770 0.879020 
2461238.284898 0.248587 
2461239.999026 -0.772356 
2461241.713154 -2.085304 
2461243.427282 -1.508810 
2461245.141410 0.413925 
2461246.855538 1.171483 
2461248.569666 1.269781 
2461250.283794 1.025147 
2461251.997922 0.500407 
2461253.712049 -0.372584 
2461255.426177 -1.666818 
2461257.140305 -2.098799 
2461258.854433 -0.113401 
2461260.568561 1.015731 
2461262.282689 1.283273 
2461263.996817 1.139817 
2461265.710945 0.712581 
2461267.425073 -0.027899 
2461269.139201 -1.193180 
2461270.853329 -2.280648 
2461272.567457 -0.801911 
2461274.281585 0.764151 
2461275.995713 1.251725 
2461277.709840 1.222750 
2461279.423968 0.889335 
2461281.138096 0.265996 
2461282.852224 -0.745115 
2461284.566352 -2.062944 
2461286.280480 -1.554727 
2461287.994608 0.385179 
2461289.708736 1.163880 
2461291.422864 1.271838 
2461293.136992 1.033425 
2461294.851120 0.515125 
2461296.565248 -0.348893 
2461298.279376 -1.636888 
2461299.993504 -2.124177 
2461301.707631 -0.152961 
2461303.421759 1.002796 
2461305.135887 1.282698 
2461306.850015 1.146089 
2461308.564143 0.724920 
2461310.278271 -0.007627 
2461311.992399 -1.163257 
2461313.706527 -2.277041 
2461315.420655 -0.850065 
2461317.134783 0.744076 
2461318.848911 1.247935 
2461320.563039 1.226940 
2461322.277167 0.899516 
2461323.991295 0.283222 
2461325.705422 -0.718093 
2461327.419550 -2.039752 
2461329.133678 -1.599898 
2461330.847806 0.355772 
2461332.561934 1.155980 
2461334.276062 1.273739 
2461335.990190 1.041573 
2461337.704318 0.529682 
2461339.418446 -0.325429 
2461341.132574 -1.606795 
2461342.846702 -2.147733 
2461344.560830 -0.193207 
2461346.274958 0.989464 
2461347.989086 1.281938 
2461349.703213 1.152231 
2461351.417341 0.737115 
2461353.131469 0.012439 
2461354.845597 -1.133467 
2461356.559725 -2.271774 
2461358.273853 -0.898499 
2461359.987981 0.723471 
2461361.702109 1.243913 
2461363.416237 1.230991 
2461365.130365 0.909565 
2461366.844493 0.300266 
2461368.558621 -0.691292 
2461370.272749 -2.015782 
2461371.986877 -1.644238 
2461373.701004 0.325698 
2461375.415132 1.147777 
2461377.129260 1.275484 
2461378.843388 1.049594 
2461380.557516 0.544079 
2461382.271644 -0.302192 
2461383.985772 -1.576568 
2461385.699900 -2.169437 
2461387.414028 -0.234133 
2461389.128156 0.975727 
2461390.842284 1.280990 
2461392.556412 1.158243 
2461394.270540 0.749168 
2461395.984668 0.032299 
2461397.698795 -1.103822 
2461399.412923 -2.264896 
2461401.127051 -0.947163 
2461402.841179 0.702326 
2461404.555307 1.239655 
2461406.269435 1.234903 
2461407.983563 0.919481 
2461409.697691 0.317130 
2461411.411819 -0.664716 
2461413.125947 -1.991088 
2461414.840075 -1.687661 
2461416.554203 0.294948 
2461418.268331 1.139266 
2461419.982459 1.277070 
2461421.696586 1.057487 
2461423.410714 0.558319 
2461425.124842 -0.279180 
2461426.838970 -1.546233 
2461428.553098 -2.189262 
2461430.267226 -0.275726 
2461431.981354 0.961577 
2461433.695482 1.279852 
2461435.409610 1.164125 
2461437.123738 0.761078 
2461438.837866 0.051955 
2461440.551994 -1.074329 
2461442.266122 -2.256460 
2461443.980250 -0.996001 
2461445.694377 0.680633 
2461447.408505 1.235156 
2461449.122633 1.238674 
2461450.836761 0.929265 
2461452.550889 0.333815 
2461454.265017 -0.638364 
2461455.979145 -1.965721 
2461457.693273 -1.730085 
2461459.407401 0.263517 
2461461.121529 1.130440 
2461462.835657 1.278495 
2461464.549785 1.065252 
2461466.263913 0.572401 
2461467.978041 -0.256393 
2461469.692168 -1.515817 
2461471.406296 -2.207188 
2461473.120424 -0.317975 
2461474.834552 0.947008 
2461476.548680 1.278520 
2461478.262808 1.169876 
2461479.976936 0.772847 
2461481.691064 0.071409 
2461483.405192 -1.044998 
2461485.119320 -2.246517 
2461486.833448 -1.044958 
2461488.547576 0.658381 
2461490.261704 1.230414 
2461491.975832 1.242303 
2461493.689959 0.938918 
2461495.404087 0.350324 
2461497.118215 -0.612240 
2461498.832343 -1.939733 
2461500.546471 -1.771425 
2461502.260599 0.231399 
2461503.974727 1.121295 
2461505.688855 1.279758 
2461507.402983 1.072888 
2461509.117111 0.586327 
2461510.831239 -0.233830 
2461512.545367 -1.485344 
2461514.259495 -2.223201 
2461515.973623 -0.360865 
2461517.687750 0.932009 
2461519.401878 1.276993 
2461521.116006 1.175495 
2461522.830134 0.784476 
2461524.544262 0.090663 
2461526.258390 -1.015836 
2461527.972518 -2.235125 
2461529.686646 -1.093973 
2461531.400774 0.635562 
2461533.114902 1.225424 
2461534.829030 1.245790 
2461536.543158 0.948440 
2461538.257286 0.366657 
2461539.971414 -0.586343 
2461541.685541 -1.913172 
2461543.399669 -1.811600 
2461545.113797 0.198589 
2461546.827925 1.111824 
2461548.542053 1.280858 
2461550.256181 1.080397 
2461551.970309 0.600099 
2461553.684437 -0.211489 
2461555.398565 -1.454837 
2461557.112693 -2.237296 
2461558.826821 -0.404379 
2461560.540949 0.916575 
2461562.255077 1.275267 
2461563.969204 1.180983 
2461565.683332 0.795965 
2461567.397460 0.109718 
2461569.111588 -0.986852 
2461570.825716 -2.222339 
2461572.539844 -1.142982 
2461574.253972 0.612165 
2461575.968100 1.220182 
2461577.682228 1.249133 
2461579.396356 0.957831 
2461581.110484 0.382816 
2461582.824612 -0.560674 
2461584.538740 -1.886085 
2461586.252868 -1.850530 
2461587.966995 0.165082 
2461589.681123 1.102021 
2461591.395251 1.281792 
2461593.109379 1.087781 
2461594.823507 0.613718 
2461596.537635 -0.189369 
2461598.251763 -1.424316 
2461599.965891 -2.249469 
2461601.680019 -0.448499 
2461603.394147 0.900695 
2461605.108275 1.273340 
2461606.822403 1.186339 
2461608.536531 0.807316 
2461610.250659 0.128576 
2461611.964786 -0.958051 
2461613.678914 -2.208217 
2461615.393042 -1.191918 
2461617.107170 0.588183 
2461618.821298 1.214683 
2461620.535426 1.252332 
2461622.249554 0.967092 
2461623.963682 0.398802 
2461625.677810 -0.535235 
2461627.391938 -1.858517 
2461629.106066 -1.888138 
2461630.820194 0.130875 
2461632.534322 1.091880 
2461634.248450 1.282559 
2461635.962577 1.095034 
2461637.676705 0.627184 
2461639.390833 -0.167468 
2461641.104961 -1.393802 
2461642.819089 -2.259727 
2461644.533217 -0.493203 
2461646.247345 0.884363 
2461647.961473 1.271209 
2461649.675601 1.191561 
2461651.389729 0.818528 
2461653.103857 0.147238 
2461654.817985 -0.929439 
2461656.532113 -2.192820 
2461658.246241 -1.240712 
2461659.960368 0.563604 
2461661.674496 1.208924 
2461663.388624 1.255386 
2461665.102752 0.976223 
2461666.816880 0.414618 
2461668.531008 -0.510026 
2461670.245136 -1.830511 
2461671.959264 -1.924349 
2461673.673392 0.095965 
2461675.387520 1.081395 
2461677.101648 1.283157 
2461678.815776 1.102158 
2461680.529904 0.640498 
2461682.244032 -0.145787 
2461683.958159 -1.363314 
2461685.672287 -2.268081 
2461687.386415 -0.538467 
2461689.100543 0.867569 
2461690.814671 1.268871 
2461692.528799 1.196651 
2461694.242927 0.829603 
2461695.957055 0.165706 
2461697.671183 -0.901022 
2461699.385311 -2.176205 
2461701.099439 -1.289292 
2461702.813567 0.538421 
2461704.527695 1.202900 
2461706.241823 1.258292 
2461707.955950 0.985224 
2461709.670078 0.430263 
2461711.384206 -0.485046 
2461713.098334 -1.802110 
2461714.812462 -1.959092 
2461716.526590 0.060350 
2461718.240718 1.070559 
2461719.954846 1.283583 
2461721.668974 1.109154 
2461723.383102 0.653663 
2461725.097230 -0.124322 
2461726.811358 -1.332870 
2461728.525486 -2.274546 
2461730.239614 -0.584263 
2461731.953741 0.850304 
2461733.667869 1.266323 
2461735.381997 1.201606 
2461737.096125 0.840541 
2461738.810253 0.183983 
2461740.524381 -0.872806 
2461742.238509 -2.158432 
2461743.952637 -1.337582 
2461745.666765 0.512624 
2461747.380893 1.196607 
2461749.095021 1.261050 
2461750.809149 0.994096 
2461752.523277 0.445741 
2461754.237405 -0.460296 
2461755.951532 -1.773354 
2461757.665660 -1.992300 
2461759.379788 0.024028 
2461761.093916 1.059366 
2461762.808044 1.283837 
2461764.522172 1.116022 
2461766.236300 0.666678 
2461767.950428 -0.103073 
2461769.664556 -1.302486 
2461771.378684 -2.279145 
2461773.092812 -0.630563 
2461774.806940 0.832560 
2461776.521068 1.263561 
2461778.235196 1.206427 
2461779.949323 0.851343 
2461781.663451 0.202068 
2461783.377579 -0.844793 
2461785.091707 -2.139561 
2461786.805835 -1.385505 
2461788.519963 0.486204 
2461790.234091 1.190039 
2461791.948219 1.263659 
2461793.662347 1.002839 
2461795.376475 0.461052 
2461797.090603 -0.435776 
2461798.804731 -1.744280 
2461800.518859 -2.023911 
2461802.232987 -0.012998 
2461803.947114 1.047808 
2461805.661242 1.283915 
2461807.375370 1.122762 
2461809.089498 0.679546 
2461810.803626 -0.082038 
2461812.517754 -1.272177 
2461814.231882 -2.281904 
2461815.946010 -0.677334 
2461817.660138 0.814329 
2461819.374266 1.260583 
2461821.088394 1.211113 
2461822.802522 0.862010 
2461824.516650 0.219965 
2461826.230778 -0.816989 
2461827.944905 -2.119650 
2461829.659033 -1.432982 
2461831.373161 0.459153 
2461833.087289 1.183191 
2461834.801417 1.266118 
2461836.515545 1.011453 
2461838.229673 0.476197 
2461839.943801 -0.411485 
2461841.657929 -1.714926 
2461843.372057 -2.053867 
2461845.086185 -0.050729 
2461846.800313 1.035880 
2461848.514441 1.283816 
2461850.228569 1.129372 
2461851.942696 0.692266 
2461853.656824 -0.061215 
2461855.370952 -1.241958 
2461857.085080 -2.282855 
2461858.799208 -0.724540 
2461860.513336 0.795600 
2461862.227464 1.257386 
2461863.941592 1.215663 
2461865.655720 0.872542 
2461867.369848 0.237674 
2461869.083976 -0.789397 
2461870.798104 -2.098758 
2461872.512232 -1.479931 
2461874.226360 0.431462 
2461875.940487 1.176060 
2461877.654615 1.268424 
2461879.368743 1.019938 
2461881.082871 0.491178 
2461882.796999 -0.387424 
2461884.511127 -1.685325 
2461886.225255 -2.082125 
2461887.939383 -0.089162 
2461889.653511 1.023573 
2461891.367639 1.283537 
2461893.081767 1.135854 
2461894.795895 0.704840 
2461896.510023 -0.040604 
2461898.224151 -1.211841 
2461899.938278 -2.282034 
2461901.652406 -0.772142 
2461903.366534 0.776365 
2461905.080662 1.253965 
2461906.794790 1.220076 
2461908.508918 0.882940 
2461910.223046 0.255198 
2461911.937174 -0.762021 
2461913.651302 -2.076943 
2461915.365430 -1.526270 
2461917.079558 0.403123 
2461918.793686 1.168640 
2461920.507814 1.270577 
2461922.221942 1.028295 
2461923.936069 0.505996 
2461925.650197 -0.363591 
2461927.364325 -1.655512 
2461929.078453 -2.108615 
2461930.792581 -0.128291 
2461932.506709 1.010881 
2461934.220837 1.283077 
2461935.934965 1.142206 
2461937.649093 0.717268 
2461939.363221 -0.020202 
2461941.077349 -1.181840 
2461942.791477 -2.279481 
2461944.505605 -0.820099 
2461946.219733 0.756615 
2461947.933860 1.250318 
2461949.647988 1.224352 
2461951.362116 0.893204 
2461953.076244 0.272537 
2461954.790372 -0.734862 
2461956.504500 -2.054261 
2461958.218628 -1.571915 
2461959.932756 0.374128 
2461961.646884 1.160925 
2461963.361012 1.272576 
2461965.075140 1.036524 
2461966.789268 0.520653 
2461968.503396 -0.339986 
2461970.217524 -1.625516 
2461971.931651 -2.133308 
2461973.645779 -0.168112 
2461975.359907 0.997797 
2461977.074035 1.282433 
2461978.788163 1.148429 
2461980.502291 0.729553 
2461982.216419 -0.000009 
2461983.930547 -1.151967 
2461985.644675 -2.275240 
2461987.358803 -0.868366 
2461989.072931 0.736341 
2461990.787059 1.246441 
2461992.501187 1.228489 
2461994.215315 0.903335 
2461995.929442 0.289694 
2461997.643570 -0.707923 
2461999.357698 -2.030768 
2462001.071826 -1.616782 
2462002.785954 0.344469 
2462004.500082 1.152911 
2462006.214210 1.274418 
2462007.928338 1.044624 
2462009.642466 0.535149 
2462011.356594 -0.316608 
2462013.070722 -1.595369 
2462014.784850 -2.156167 
2462016.498978 -0.208617 
2462018.213106 0.984313 
2462019.927233 1.281602 
2462021.641361 1.154522 
2462023.355489 0.741694 
2462025.069617 0.019979 
2462026.783745 -1.122230 
2462028.497873 -2.269358 
2462030.212001 -0.916893 
2462031.926129 0.715533 
2462033.640257 1.242329 
2462035.354385 1.232488 
2462037.068513 0.913333 
2462038.782641 0.306669 
2462040.496769 -0.681208 
2462042.210897 -2.006518 
2462043.925024 -1.660784 
2462045.639152 0.314140 
2462047.353280 1.144592 
2462049.067408 1.276103 
2462050.781536 1.052596 
2462052.495664 0.549487 
2462054.209792 -0.293456 
2462055.923920 -1.565098 
2462057.638048 -2.177162 
2462059.352176 -0.249796 
2462061.066304 0.970421 
2462062.780432 1.280582 
2462064.494560 1.160485 
2462066.208688 0.753692 
2462067.922815 0.039762 
2462069.636943 -1.092641 
2462071.351071 -2.261884 
2462073.065199 -0.965629 
2462074.779327 0.694181 
2462076.493455 1.237981 
2462078.207583 1.236346 
2462079.921711 0.923199 
2462081.635839 0.323466 
2462083.349967 -0.654716 
2462085.064095 -1.981564 
2462086.778223 -1.703839 
2462088.492351 0.283133 
2462090.206479 1.135963 
2462091.920606 1.277628 
2462093.634734 1.060441 
2462095.348862 0.563667 
2462097.062990 -0.270530 
2462098.777118 -1.534730 
2462100.491246 -2.196270 
2462102.205374 -0.291639 
2462103.919502 0.956113 
2462105.633630 1.279371 
2462107.347758 1.166317 
2462109.061886 0.765549 
2462110.776014 0.059341 
2462112.490142 -1.063209 
2462114.204270 -2.252871 
2462115.918397 -1.014519 
2462117.632525 0.672278 
2462119.346653 1.233390 
2462121.060781 1.240064 
2462122.774909 0.932934 
2462124.489037 0.340084 
2462126.203165 -0.628450 
2462127.917293 -1.955956 
2462129.631421 -1.745863 
2462131.345549 0.251443 
2462133.059677 1.127017 
2462134.773805 1.278992 
2462136.487933 1.068157 
2462138.202061 0.577690 
2462139.916188 -0.247828 
2462141.630316 -1.504290 
2462143.344444 -2.213474 
2462145.058572 -0.334132 
2462146.772700 0.941382 
2462148.486828 1.277965 
2462150.200956 1.172018 
2462151.915084 0.777265 
2462153.629212 0.078719 
2462155.343340 -1.033941 
2462157.057468 -2.242373 
2462158.771596 -1.063505 
2462160.485724 0.649812 
2462162.199852 1.228555 
2462163.913979 1.243640 
2462165.628107 0.942537 
2462167.342235 0.356526 
2462169.056363 -0.602412 
2462170.770491 -1.929746 
2462172.484619 -1.786771 
2462174.198747 0.219064 
2462175.912875 1.117749 
2462177.627003 1.280194 
2462179.341131 1.075745 
2462181.055259 0.591558 
2462182.769387 -0.225348 
2462184.483515 -1.473801 
2462186.197643 -2.228761 
2462187.911770 -0.377261 
2462189.625898 0.926220 
2462191.340026 1.276363 
2462193.054154 1.177588 
2462194.768282 0.788841 
2462196.482410 0.097898 
2462198.196538 -1.004846 
2462199.910666 -2.230446 
2462201.624794 -1.112525 
2462203.338922 0.626775 
2462205.053050 1.223470 
2462206.767178 1.247072 
2462208.481306 0.952009 
2462210.195434 0.372793 
2462211.909561 -0.576601 
2462213.623689 -1.902980 
2462215.337817 -1.826484 
2462217.051945 0.185990 
2462218.766073 1.108153 
2462220.480201 1.281231 
2462222.194329 1.083209 
2462223.908457 0.605271 
2462225.622585 -0.203091 
2462227.336713 -1.443286 
2462229.050841 -2.242129 
2462230.764969 -0.421007 
2462232.479097 0.910618 
2462234.193225 1.274562 
2462235.907352 1.183026 
2462237.621480 0.800277 
2462239.335608 0.116878 
2462241.049736 -0.975930 
2462242.763864 -2.217148 
2462244.477992 -1.161514 
2462246.192120 0.603158 
2462247.906248 1.218131 
2462249.620376 1.250361 
2462251.334504 0.961351 
2462253.048632 0.388886 
2462254.762760 -0.551019 
2462256.476888 -1.875705 
2462258.191016 -1.864923 
2462259.905143 0.152219 
2462261.619271 1.098223 
2462263.333399 1.282102 
2462265.047527 1.090541 
2462266.761655 0.618832 
2462268.475783 -0.181054 
2462270.189911 -1.412766 
2462271.904039 -2.253576 
2462273.618167 -0.465350 
2462275.332295 0.894568 
2462277.046423 1.272558 
2462278.760551 1.188331 
2462280.474679 0.811575 
2462282.188807 0.135662 
2462283.902934 -0.947200 
2462285.617062 -2.202537 
2462287.331190 -1.210405 
2462289.045318 0.578951 
2462290.759446 1.212535 
2462292.473574 1.253505 
2462294.187702 0.970563 
2462295.901830 0.404808 
2462297.615958 -0.525667 
2462299.330086 -1.847967 
2462301.044214 -1.902010 
2462302.758342 0.117746 
2462304.472470 1.087952 
2462306.186598 1.282805 
2462307.900725 1.097745 
2462309.614853 0.632241 
2462311.328981 -0.159237 
2462313.043109 -1.382260 
2462314.757237 -2.263112 
2462316.471365 -0.510269 
2462318.185493 0.878062 
2462319.899621 1.270349 
2462321.613749 1.193503 
2462323.327877 0.822735 
2462325.042005 0.154250 
2462326.756133 -0.918661 
2462328.470261 -2.186671 
2462330.184389 -1.259127 
2462331.898516 0.554145 
2462333.612644 1.206676 
2462335.326772 1.256503 
2462337.040900 0.979645 
2462338.755028 0.420559 
2462340.469156 -0.500545 
2462342.183284 -1.819807 
2462343.897412 -1.937674 
2462345.611540 0.082569 
2462347.325668 1.077335 
2462349.039796 1.283339 
2462350.753924 1.104821 
2462352.468052 0.645498 
2462354.182180 -0.137637 
2462355.896307 -1.351786 
2462357.610435 -2.270749 
2462359.324563 -0.555738 
2462361.038691 0.861090 
2462362.752819 1.267931 
2462364.466947 1.198542 
2462366.181075 0.833759 
2462367.895203 0.172646 
2462369.609331 -0.890319 
2462371.323459 -2.169611 
2462373.037587 -1.307606 
2462374.751715 0.528730 
2462376.465843 1.200550 
2462378.179971 1.259353 
2462379.894098 0.988597 
2462381.608226 0.436141 
2462383.322354 -0.475652 
2462385.036482 -1.791267 
2462386.750610 -1.971844 
2462388.464738 0.046686 
2462390.178866 1.066365 
2462391.892994 1.283700 
2462393.607122 1.111769 
2462395.321250 0.658606 
2462397.035378 -0.116254 
2462398.749506 -1.321363 
2462400.463634 -2.276504 
2462402.177762 -0.601729 
2462403.891889 0.843645 
2462405.606017 1.265303 
2462407.320145 1.203447 
2462409.034273 0.844645 
2462410.748401 0.190850 
2462412.462529 -0.862180 
2462414.176657 -2.151416 
2462415.890785 -1.355766 
2462417.604913 0.502699 
2462419.319041 1.194153 
2462421.033169 1.262055 
2462422.747297 0.997420 
2462424.461425 0.451555 
2462426.175553 -0.450989 
2462427.889680 -1.762386 
2462429.603808 -2.004455 
2462431.317936 0.010098 
2462433.032064 1.055035 
2462434.746192 1.283887 
2462436.460320 1.118588 
2462438.174448 0.671565 
2462439.888576 -0.095087 
2462441.602704 -1.291005 
2462443.316832 -2.280403 
2462445.030960 -0.648211 
2462446.745088 0.825718 
2462448.459216 1.262460 
2462450.173344 1.208217 
2462451.887471 0.855396 
2462453.601599 0.208864 
2462455.315727 -0.834246 
2462457.029855 -2.132144 
2462458.743983 -1.403530 
2462460.458111 0.476041 
2462462.172239 1.187480 
2462463.886367 1.264607 
2462465.600495 1.006114 
2462467.314623 0.466803 
2462469.028751 -0.426556 
2462470.742879 -1.733202 
2462472.457007 -2.035446 
2462474.171135 -0.027196 
2462475.885262 1.043338 
2462477.599390 1.283899 
2462479.313518 1.125279 
2462481.027646 0.684377 
2462482.741774 -0.074132 
2462484.455902 -1.260729 
2462486.170030 -2.282474 
2462487.884158 -0.695151 
2462489.598286 0.807299 
2462491.312414 1.259399 
2462493.026542 1.212851 
2462494.740670 0.866012 
2462496.454798 0.226689 
2462498.168926 -0.806522 
2462499.883053 -2.111856 
2462501.597181 -1.450817 
2462503.311309 0.448749 
2462505.025437 1.180526 
2462506.739565 1.267009 
2462508.453693 1.014679 
2462510.167821 0.481886 
2462511.881949 -0.402352 
2462513.596077 -1.703750 
2462515.310205 -2.064761 
2462517.024333 -0.065192 
2462518.738461 1.031267 
2462520.452589 1.283732 
2462522.166717 1.131841 
2462523.880844 0.697042 
2462525.594972 -0.053390 
2462527.309100 -1.230547 
2462529.023228 -2.282750 
2462530.737356 -0.742511 
2462532.451484 0.788380 
2462534.165612 1.256118 
2462535.879740 1.217349 
2462537.593868 0.876493 
2462539.307996 0.244328 
2462541.022124 -0.779011 
2462542.736252 -2.090608 
2462544.450380 -1.497545 
2462546.164508 0.420813 
2462547.878635 1.173286 
2462549.592763 1.269257 
2462551.306891 1.023116 
2462553.021019 0.496805 
2462554.735147 -0.378377 
2462556.449275 -1.674065 
2462558.163403 -2.092360 
2462559.877531 -0.103889 
2462561.591659 1.018816 
2462563.305787 1.283385 
2462565.019915 1.138273 
2462566.734043 0.709560 
2462568.448171 -0.032858 
2462570.162299 -1.200473 
2462571.876426 -2.281269 
2462573.590554 -0.790253 
2462575.304682 0.768952 
2462577.018810 1.252612 
