-1.307731644909 
-1.257721300446 
-1.212198507094 
-1.228335927428 
-1.205868047209 
-1.177717447056 
-1.145318279835 
-1.177240823998 
-1.167698260442 
-1.168636137012 
-1.162787008601 
-1.164398469589 
-1.164398469589 
-1.168695773214 
-1.169154779110 
-1.163443753045 
-1.158886219262 
-1.159642543188 
-1.160620386559 
-1.160161684212 
-1.151500599681 
-1.153565854105 
-1.138236429623 
-1.104269887584 
-1.098995652147 
-1.107231338757 
-1.120669955102 
-1.105356372952 
-1.111282366166 
-1.114869314095 
-1.118186640172 
-1.107096724377 
-1.065360023157 
-1.069958778172 
-1.069958778172 
-1.069958778172 
-1.043333523703 
-1.043473161254 
-1.047726408479 
-1.047726408479 
-1.042145049581 
-1.045752077479 
-1.086063963126 
-1.049057849103 
-1.019109388849 
-1.023041117794 
-1.023041117794 
-1.028480706273 
-1.028188626176 
-1.046494132803 
-1.042654743508 
-1.046220240896 
-1.045936184095 
-1.046247933819 
-1.051968969881 
-1.019575082272 
-0.954079164302 
-1.018032914621 
-0.977733617987 
-1.029259994338 
-1.037967057954 
-1.031982294554 
-1.031149756411 
-1.038479859910 
-1.004130686349 
-1.004518608672 
-1.003357273094 
-0.968996225997 
-0.952206119306 
-1.004034389111 
-1.092597117421 
-1.063553437332 
-1.062590815478 
-1.081620329257 
-1.087557155635 
-1.087557155635 
-1.098688586770 
-1.099167951006 
-1.096356846388 
-1.111304380486 
-1.122935043755 
-1.136133366608 
-1.088184550526 
-1.050036844969 
-1.082107836020 
-1.083686779650 
-1.092336299153 
-1.091867693399 
-1.092834570599 
-1.124783898554 
-1.109053585073 
-1.066043182930 
-1.074544359262 
-1.074775820563 
-1.081870384537 
-1.081458806813 
-1.057931201325 
-1.074865408395 
-1.077194236758 
-1.066192340764 
-1.069289747729 
-1.065867500390 
-1.057538039429 
-1.040819817679 
-1.046494438688 
-1.028059818745 
-1.001410800488 
-1.003736568859 
-0.995456680514 
-1.006725863599 
-1.012245762687 
-1.023545693561 
-0.988794202058 
-0.994753654871 
-1.018667840328 
-0.998855643295 
-1.064375015325 
-1.079681078626 
-1.057661084715 
-1.045678922692 
-1.035662576689 
-1.032150220561 
-1.046117302094 
-0.967316613800 
-1.022159690583 
-1.006044858616 
-0.950433539833 
-0.943357851224 
-1.008048297346 
-1.037769970056 
-1.006940469295 
-1.026567771228 
-0.993521469800 
-0.980488392879 
-0.986207410694 
-0.968768394855 
-0.960593830491 
-0.924054317382 
-0.959500626953 
-0.913253857242 
-0.901596364088 
-0.870458549517 
-0.908691874323 
-0.929888986761 
-0.921329875057 
-0.879075659496 
-0.916295272772 
-0.936951223770 
-0.922532585367 
-0.918430064527 
-0.988367762199 
-0.935752442714 
-0.963957260031 
-1.001303627361 
-0.963079680991 
-0.989167522066 
-1.048551792451 
-1.036321157502 
-1.035309148899 
-1.028626353456 
-1.032759636454 
-1.018524304741 
-1.052137976496 
-1.041577326088 
-0.971852828641 
-1.027065898123 
-0.994680789808 
-0.997723084063 
-1.003316823809 
-0.974381089110 
-0.948678239355 
-0.921565151036 
-0.909646827844 
-0.902698884366 
-0.912997649543 
-0.932398851224 
-0.843565600688 
-0.917019197285 
-0.866799436012 
-0.993202480601 
-0.948262060624 
-0.893989805520 
-0.925380524736 
-0.992337460732 
-1.025082914487 
-1.030893164797 
-1.031359160387 
-1.055418825154 
-1.214223073547 
-1.168151988936 
-1.195361137712 
-1.215898789801 
-1.205208863690 
-1.182547040829 
-1.221588119804 
-1.209632043947 
-1.219488530498 
-1.266539451411 
-1.207570085929 
-1.203506431223 
-1.272999984220 
-1.238781250409 
-1.237858719796 
-1.213218832119 
-1.235524289278 
-1.188200793965 
-1.178783691531 
-1.168173076887 
-1.154846136278 
-1.154846136278 
-1.162977820021 
-1.195511846372 
-1.183413802295 
-1.180966508661 
-1.180966508661 
-1.188661315587 
-1.227177509244 
-1.210848192919 
-1.213786128117 
-1.212733042201 
-1.190573973248 
-1.145101497929 
-1.136687978179 
-1.115475789217 
-1.115701577878 
-1.114557511850 
-1.111496445782 
-1.119249673816 
-1.113495518296 
-1.107653099189 
-1.081229395763 
-1.050008134352 
-1.064581526697 
-1.060011218096 
-1.089272922824 
-1.059315304158 
-1.070180447369 
-1.075364840037 
-1.062624954457 
-1.086025652939 
-1.116998157034 
-1.125722760808 
-1.202879974862 
-1.192914886135 
-1.201390296115 
-1.221623061947 
-1.210938216918 
-1.213864992639 
-1.174636129050 
-1.220305164288 
-1.221826036195 
-1.227577383648 
-1.227577383648 
-1.244833986962 
-1.229911475663 
-1.228614290847 
-1.264230709946 
-1.247603056780 
-1.292597716617 
-1.276453697957 
-1.243589962831 
-1.223159487598 
-1.206669245036 
-1.199100264577 
-1.238920083978 
-1.170163540407 
-1.187995762465 
-1.181616473939 
-1.212905321194 
-1.184127128010 
-1.164213607502 
-1.188087795388 
-1.188006836005 
-1.142249136521 
-1.133572742037 
-1.126179142189 
-1.104578145657 
-1.104558730504 
-1.112865954863 
-1.116565349244 
-1.109596403526 
-1.145380566440 
-1.289721665749 
-1.282868829295 
-1.220361962068 
-1.191237348340 
-1.192465199557 
-1.224335019200 
-1.231907109175 
-1.275654459821 
-1.268241376676 
-1.235803739491 
-1.200258920264 
-1.198791531944 
-1.263131762571 
-1.282596227691 
-1.295082266255 
-1.294968067342 
-1.291924007506 
-1.275791745481 
-1.276912910207 
-1.300071666756 
-1.268306332385 
-1.233117859831 
-1.261810636993 
-1.271872772846 
-1.245758819913 
-1.203189711060 
-1.201582659411 
-1.203735304450 
-1.210479850162 
-1.220731336939 
-1.228658972448 
-1.200062746787 
-1.203975070535 
-1.231980836097 
-1.226073071288 
-1.199855904317 
-1.328847163797 
-1.323402930415 
-1.306428468880 
-1.282764953407 
-1.299699706739 
-1.295611128536 
-1.225115879560 
-1.256506684315 
-1.202540888519 
-1.197693704385 
-1.162638994594 
-1.153663745688 
-1.141382391451 
-1.122387534007 
-1.119468083557 
-1.119468083557 
-1.128199420396 
-1.129992951194 
-1.071138590543 
-1.022926754822 
-1.043590380790 
-1.071030221179 
-1.016918906607 
-1.042770101441 
-1.048181688362 
-1.025673943546 
-1.036005662689 
-1.056349347238 
-1.097243066008 
-1.101797979751 
-1.148929522990 
-1.131325705655 
-1.144752671061 
-1.119341546135 
-1.136105336649 
-1.131142265461 
-1.113006415256 
-1.117938223847 
-1.115306902911 
-1.154172965490 
-1.185781237258 
-1.181301123297 
-1.184349990966 
-1.187382600956 
-1.119338242951 
-1.141086367112 
-1.053930749273 
-1.102537381926 
-1.083998485483 
-1.083108563058 
-1.071415753815 
-1.113040931613 
-1.067756113148 
-1.121988483430 
-1.123705196191 
-1.114518055220 
-1.092204562424 
-1.089089420184 
-1.017633425414 
-1.017633425414 
-1.017633425414 
-1.016368166602 
-1.016983091158 
-1.016983091158 
-1.017717756300 
-1.009109188868 
-1.017523467191 
-1.020447455201 
-0.989031615657 
-0.985842310375 
-0.985247251518 
-1.008793014400 
-1.007143914111 
-1.010048301247 
-1.014515972467 
-1.005239789232 
-0.967038099259 
-0.971940584614 
-0.996632366980 
-1.000498698119 
-0.966166755959 
-0.965836635081 
-0.994327973921 
-0.944755974777 
-0.939325008755 
-0.908572201974 
-0.927629446700 
-0.928287901615 
-0.992625248748 
-1.004308090059 
-0.996097062120 
-1.000781179549 
-0.948249706013 
-1.055901613435 
-1.058211198192 
-1.048441644984 
-1.064787715662 
-1.076721955733 
-1.087548561240 
-1.141273439573 
-1.147119148613 
-1.155978417813 
-1.153290088190 
-1.153290088190 
-1.153290088190 
-1.153290088190 
-1.152073312393 
-1.152073312393 
-1.156574197002 
-1.164753654251 
-1.142863005340 
-1.162408079507 
-1.175128065854 
-1.172738786023 
-1.186250069643 
-1.191339599396 
-1.238687085451 
-1.209196164683 
-1.162952188280 
-1.162952188280 
-1.174008992368 
-1.161073751886 
-1.152691239122 
-1.171735996618 
-1.169746331702 
-1.213981731823 
-1.191407240699 
-1.233057234214 
-1.222875654209 
-1.216615599784 
-1.219427913014 
-1.162564372335 
-1.148714999984 
-1.138259496903 
-1.119979889484 
-1.100467865286 
-1.101616135206 
-1.101194737430 
-1.122030307142 
-1.105259500140 
-1.105037938775 
-1.081039335720 
-1.072978763452 
-1.064974609297 
-1.006283225477 
-1.004430621609 
-1.025160494778 
-1.023823676712 
-1.129240669450 
-1.059997557273 
-1.041890572647 
-1.082955973524 
-1.100350622338 
-1.108683106821 
-1.111142137666 
-1.092979173456 
-1.106288417758 
-1.111101932445 
-1.081158267009 
-1.072725425125 
-1.052900349449 
-1.093866409219 
-1.099434962289 
-0.977261600065 
-0.976684918958 
-0.962384271494 
-0.962384271494 
-0.960253492918 
-0.989953048994 
-0.923480400770 
-1.019958852878 
-0.999458890449 
-0.972119754501 
-0.989452749528 
-0.949483659104 
-1.001346763904 
-0.989922355410 
-0.983597952940 
-1.026262694405 
-0.999649582443 
-1.014701230672 
-1.017670646624 
-1.023766149029 
-1.023766149029 
-1.002370697291 
-1.002370697291 
-1.041247310871 
-0.978163613765 
-0.968476082408 
-0.998005931171 
-0.986134805031 
-0.962308324732 
-0.974907747360 
-0.965277050914 
-0.950511067242 
-0.972436479612 
-0.944815978477 
-0.984378858482 
-0.957926523333 
-0.947723776996 
-0.945143900161 
-1.001496236499 
-0.977904984179 
-0.977904984179 
-0.938044459279 
-1.063547305824 
-1.050015745972 
-1.053518318085 
-1.073723733042 
-1.051652699546 
-1.052318198996 
-1.038044937903 
-1.048679785202 
-1.061636458635 
-1.100870276672 
-1.108273342845 
-1.109586317913 
-1.095745692678 
-1.080254569610 
-1.080338656988 
-1.081343913747 
-1.082566242936 
-1.052060680648 
-1.045635611899 
-1.050447250479 
-1.073849066640 
-1.107220542077 
-1.105927565668 
-1.116080520781 
-1.113024784392 
-1.128947892029 
-1.131701439388 
-1.153546857448 
-1.138979343001 
-1.219112049626 
-1.215529948258 
-1.238431242903 
-1.270664459336 
-1.283910761623 
-1.227260823662 
-1.255338647179 
-1.246392769542 
-1.223119150592 
-1.144559222898 
-1.163045295973 
-1.163045295973 
-1.224915420871 
-1.188948640615 
-1.124456365780 
-1.156959323444 
-1.146558902646 
-1.121481109175 
-1.109287552899 
-1.126035253708 
-1.116181412376 
-1.103202496387 
-1.052218013939 
-1.043226697152 
-0.983546410074 
-1.049742750878 
-1.049742750878 
-1.091818651033 
-1.090016049306 
-1.155981016354 
-1.157458158438 
-1.200406932358 
-1.175806496484 
-1.186030254425 
-1.179061728801 
-1.184986561027 
-1.183811802853 
-1.171137278009 
-1.185989098809 
-1.176140206513 
-1.179048323519 
-1.163229498750 
-1.159118309821 
-1.182405059517 
-1.172840158414 
-1.171589338198 
-1.158890873672 
-1.203447005401 
-1.190875474970 
-1.161248597163 
-1.175945272576 
-1.156221877549 
-1.152486164204 
-1.162443942642 
-1.162443942642 
-1.158548209115 
-1.164297304656 
-1.164207769409 
-1.164207769409 
-1.172743301988 
-1.174022337338 
-1.170551374084 
-1.169876726512 
-1.148058069475 
-1.151540374308 
-1.211392356284 
-1.207662629272 
-1.202446123068 
-1.196067084155 
-1.260829394359 
-1.233014770086 
-1.288683479884 
-1.289186334391 
-1.306732959952 
-1.277321055618 
-1.274817589078 
-1.286535374257 
-1.254533172532 
-1.203549760526 
-1.171915222909 
-1.190425445150 
-1.192677312211 
-1.184196013874 
-1.201208520742 
-1.208446836039 
-1.180085085254 
-1.169437777353 
-1.115481475531 
-1.183568975186 
-1.162219762545 
-1.144773984095 
-1.174423072706 
-1.215941332169 
-1.190848457115 
-1.177467879503 
-1.170075624822 
-1.178768791919 
-1.142764044091 
-1.135446159794 
-1.138435375822 
-1.173286108398 
-1.167664545369 
-1.161099550379 
-1.168684102687 
-1.161084854545 
-1.152003411332 
-0.980904335794 
-0.989825884864 
-1.033177744863 
-1.046483820208 
-1.049854303624 
-1.027246628937 
-1.043557925556 
-1.057900067417 
-1.048876452569 
-1.077425571399 
-1.060113593878 
-1.007781201619 
-1.071999590251 
-1.064867705505 
-1.064343234851 
-1.088583640336 
-1.055097784694 
-1.094952276782 
-1.106090276919 
-1.106090276919 
-1.104021046067 
-1.101713805595 
-1.167942886860 
-1.164877477623 
-1.158649732534 
-1.151942721648 
-1.190225455322 
-1.178097307686 
-1.199520456794 
-1.206705059072 
-1.162729686604 
-1.167323956296 
-1.139341207463 
-1.120859915727 
-1.130895984356 
-1.060832525499 
-1.058231775566 
-0.994049125869 
-0.978757484949 
-1.016058486959 
-1.021336884000 
-1.016568135430 
-1.076093628865 
-1.035147883288 
-1.027336187535 
-0.995248121555 
-1.026388504307 
-1.040837122172 
-1.030476778095 
-1.110669037343 
-1.096936663584 
-1.131726819363 
-1.107431796204 
-1.125980061583 
-1.128393754940 
-1.150411521669 
-1.150288026667 
-1.130542901603 
-1.139905607558 
-1.121265205585 
-1.127086931282 
-1.112061952921 
-1.125279660013 
-1.119940045472 
-1.120014774571 
-1.088861272907 
-1.073840008313 
-1.078404862134 
-1.057538593134 
-1.074212287741 
-1.110072718527 
-1.132770740080 
-1.127100700724 
-1.133366965650 
-1.138374014906 
-1.119348027477 
-1.166928044018 
-1.167380225226 
-1.169776433028 
-1.162516331080 
-1.133108128495 
-1.135535060577 
-1.151020271390 
-1.157127310929 
-1.182027703332 
-1.163001733789 
-1.156289125213 
-1.139064757811 
-1.114665681806 
-1.117955490427 
-1.100378604634 
-1.123716879318 
-1.112184451979 
-1.121552801712 
-1.107720284693 
-1.107720284693 
-1.104840326614 
-1.105044102178 
-1.110653705562 
-1.120210888905 
-1.100357642149 
-1.092875957087 
-1.102686375578 
-1.103298821850 
-1.108821521351 
-1.125478771503 
-1.112247505386 
-1.131884035686 
-1.146134974132 
-1.127433228075 
-1.121766880659 
-1.138967724211 
-1.156888073381 
-1.157680065089 
-1.137644535574 
-1.131720533103 
-1.138311171763 
-1.197127163187 
-1.189292838422 
-1.191739172971 
-1.182789983864 
-1.186282865916 
-1.170154971553 
-1.206254642957 
-1.197753297791 
-1.183907648825 
-1.176780037512 
-1.164534610376 
-1.174084311318 
-1.187444495406 
-1.178839643724 
-1.177081520994 
-1.187719095335 
-1.185300405565 
-1.134803630955 
-1.081996489784 
-1.103670637874 
-1.108206370690 
-1.096474717805 
-1.103537430334 
-1.110715493181 
-1.107781738314 
-1.138802214004 
-1.145746872629 
-1.138039631272 
-1.136546059524 
-1.137197845376 
-1.173552859535 
-1.172635251506 
-1.167084342176 
-1.180091271395 
-1.152976505353 
-1.137365289965 
-1.151244304925 
-1.162868947394 
-1.192793758716 
-1.198807044522 
-1.240140331269 
-1.234078739012 
-1.232648232633 
-1.235608632058 
-1.224093679073 
-1.221853494663 
-1.232589699236 
-1.237916546784 
-1.237916546784 
-1.250353985943 
-1.258653578977 
-1.254250520504 
-1.228558831381 
-1.244529825197 
-1.261472190702 
-1.194900980706 
-1.203284424929 
-1.238550906506 
-1.251338713323 
-1.257141350496 
-1.201385447972 
-1.191516512762 
-1.122452369869 
-1.132700374526 
-1.124692200372 
-1.125811897390 
-1.124142241096 
-1.137214950276 
-1.183712198824 
-1.210356299051 
-1.186614225452 
-1.314153898407 
-1.293265095566 
-1.341258245902 
-1.316424644232 
-1.396237551898 
-1.323488089585 
-1.315712919887 
-1.272028069803 
-1.247557202832 
-1.222715388608 
-1.215474440541 
-1.208308311204 
-1.121744104518 
-1.071348663834 
-1.062470206813 
-1.075712659300 
-1.099763744297 
-1.121801919980 
-1.099954818384 
-1.089313158117 
-1.087975521052 
-1.174364531324 
-1.186036173101 
-1.176927773436 
-1.149405863131 
-1.157981663554 
-1.156678506794 
-1.151128948135 
-1.108463328794 
-1.132747658724 
-1.167339790304 
-1.180052370696 
-1.192967224678 
-1.178425741521 
-1.162779381524 
-1.149150275272 
-1.117982125665 
-1.127334045844 
-1.125382393827 
-1.138309558793 
-1.131557116983 
-1.093427068983 
-1.066071667692 
-1.057130732850 
-1.059514264059 
-1.046502891387 
-1.060473511725 
-1.078129378302 
-1.117143036406 
-1.076712130707 
-1.119974022746 
-1.116411371980 
-1.204526616472 
-1.202009061195 
-1.258007797748 
-1.220399398233 
-1.145092011732 
-1.175938968118 
-1.178124963572 
-1.226092688078 
-1.270822962859 
-1.303742419939 
-1.265105821164 
-1.282125526221 
-1.333237475242 
-1.263262816508 
-1.275188934366 
-1.284599686796 
-1.209355328506 
-1.214535625333 
-1.229415950592 
-1.254964197731 
-1.229475783768 
-1.218105064380 
-1.194242066256 
-1.194242066256 
-1.205397348322 
-1.193117783472 
-1.179148835620 
-1.180462368866 
-1.180462368866 
-1.164418894831 
-1.164418894831 
-1.162969326796 
-1.136289971259 
-1.141635683402 
-1.172951479360 
-1.126017993404 
-1.064427089312 
-1.061596221017 
-1.059203353001 
-1.113385387354 
-1.101247492963 
-1.087631089751 
-1.154999865818 
-1.171142852467 
-1.165823684033 
-1.170148969983 
-1.164569056755 
-1.142635167674 
-1.116411826790 
-1.120550494308 
-1.092418756713 
-1.095300860805 
-1.095727992385 
-1.114856493322 
-1.117331396905 
-1.127016347133 
-1.149075214808 
-1.149532916264 
-1.159909200820 
-1.131717808967 
-1.123782568125 
-1.114307873930 
-1.118617030124 
-1.127121173715 
-1.125540397499 
-1.134259112164 
-1.132820536185 
-1.154502803074 
-1.196522690646 
-1.180441603306 
-1.161605188032 
-1.123079288085 
-1.112127217459 
-1.106970244193 
-1.119505110792 
-1.111251904850 
-1.111463342720 
-1.111463342720 
-1.118143509980 
-1.128668736037 
-1.144017452864 
-1.104856526621 
-1.075237171444 
-1.082696989826 
-1.101765886963 
-1.107237292532 
-1.131654658894 
-1.170607037770 
-1.196779441331 
-1.162732691511 
-1.155172050044 
-1.163652352161 
-1.147010230322 
-1.145562408709 
-1.136294716516 
-1.140443428581 
-1.130084949661 
-1.121508116256 
-1.052047840268 
-1.100354577904 
-1.100568514380 
-1.092716531550 
-1.149864183089 
-1.170326339929 
-1.197021173311 
-1.200462524368 
-1.251118685738 
-1.257445610884 
-1.235936655986 
-1.225223336551 
-1.235464799109 
-1.213728796859 
-1.221296164595 
-1.210455428343 
-1.206441880267 
-1.189450926914 
-1.190790719734 
-1.212298684312 
-1.174772094060 
-1.195372432456 
-1.141447936709 
-1.185441468056 
-1.176579599894 
-1.184879576936 
-1.184744117486 
-1.181988236224 
-1.182492946257 
-1.186332959937 
-1.190396675548 
-1.204867720109 
-1.213467176839 
-1.241507066262 
-1.236228228517 
-1.254878869238 
-1.209488523512 
-1.237230990111 
-1.127662339973 
-1.130534299921 
-1.130534299921 
-1.128240616478 
-1.128395965866 
-1.126583570704 
-1.114191327832 
-1.109883166549 
-1.113912189232 
-1.088637491686 
-1.088637491686 
-1.088626843186 
-1.088626843186 
-1.087565503114 
-1.087565503114 
-1.080620529619 
-1.087964337718 
-1.084478809197 
-1.032634872552 
-1.016633579733 
-1.016623632133 
-1.027349311468 
-1.040327287795 
-1.060304031260 
-1.025844053443 
-1.031873579161 
-1.026511557987 
-1.006310331092 
-1.026882535043 
-1.040706059093 
-1.038566149125 
-1.020272759831 
-0.999982407324 
-0.996024189485 
-1.018303949931 
-1.027971699512 
-1.034353024012 
-1.045438974128 
-1.019931656541 
-1.023197364264 
-1.016726580950 
-1.047814814214 
-1.016231935693 
-0.982999151768 
-1.009083046033 
-1.059063143956 
-1.040109516698 
-1.063574999040 
-1.047594781487 
-1.030137583575 
-1.036615593809 
-1.057740326052 
-1.045749549104 
-1.046945513191 
-1.059243699362 
-1.070744903797 
-1.063400003299 
-1.086176309960 
-1.093645624182 
-1.092046887595 
-1.090598435845 
-1.102484091106 
-1.089661491603 
-1.042409507911 
-1.088406705537 
-1.127020186674 
-1.134876772247 
-1.115332661215 
-1.122636921529 
-1.112031778207 
-1.102548295253 
-1.169693510584 
-1.132494606106 
-1.117746475759 
-1.111683256948 
-1.091515455949 
-1.067451576737 
-1.097582924922 
-1.102126365870 
-1.085655679825 
-1.039310229252 
-1.039192302219 
-1.062708054403 
-1.065565973395 
-1.081102157461 
-1.087367092895 
-1.100445811299 
-1.069052284954 
-1.072987329732 
-1.078957624379 
-1.106374548847 
-1.099150288381 
-1.113828520754 
-1.124750428726 
-1.097281746115 
-1.148277470566 
-1.141193156695 
-1.146674293734 
-1.140696031912 
-1.157743990714 
-1.165261463640 
-1.163857950741 
-1.172804250505 
-1.153002333704 
-1.167976416129 
-1.153774708818 
-1.166044655123 
-1.158159824801 
-1.181084809073 
-1.039078238981 
-1.038430273497 
-1.072880984874 
-1.036921597217 
-1.088307167583 
-1.030458786184 
-1.038739687560 
-1.013298645054 
-1.078402804342 
-1.088675533400 
-1.029125967766 
-1.048301964772 
-0.978091221784 
-1.021508678951 
-1.025973788942 
-1.056859217264 
-1.036753355205 
-1.110687881167 
-1.098323570358 
-1.117623585976 
-1.142308651264 
-1.223458187018 
-1.213435162768 
-1.249794104139 
-1.243803581769 
-1.214794630305 
-1.213904973598 
-1.205419338277 
-1.178291315674 
-1.147634352018 
-1.147998300292 
-1.144016482967 
-1.037581606970 
-1.062667818303 
-1.080308107894 
-1.019845282344 
-0.980587621892 
-1.030574766646 
-1.031545812296 
-1.036630739311 
-1.087901917682 
-1.090906816954 
-1.095193177723 
-1.085468137825 
-1.094455909654 
-1.094231049409 
-1.083105729385 
-1.108892893713 
-1.055255620550 
-1.065299583907 
-1.058215507569 
-1.060347763163 
-1.066064201224 
-1.040726084845 
-1.045123562061 
-1.043862126890 
-1.053658163244 
-1.044011337715 
-1.055127709530 
-1.057739923023 
-1.050211323753 
-1.077584673590 
-1.098645248602 
-1.114106378704 
-1.083646567995 
-1.068875707442 
-1.098167386675 
-1.122996404763 
-1.102249722902 
-1.125458857127 
-1.132730896486 
-1.144507731363 
-1.136531526024 
-1.126243743507 
-1.128255803170 
-1.119899924066 
-1.116355921701 
-1.111092076872 
-1.030835760979 
-1.105941586244 
-1.187338796721 
-1.157467280676 
-1.150357935456 
-1.155188270044 
-1.164684883258 
-1.166202667218 
-1.181213616890 
-1.186664120844 
-1.182295445038 
-1.180833271975 
-1.182227103470 
-1.177015647139 
-1.183080054956 
-1.175610703524 
-1.152785244261 
-1.154162149852 
-1.152575062756 
-1.173822307814 
-1.184141860444 
-1.215864930039 
-1.210351003850 
-1.208156614806 
-1.292561190390 
-1.248388704580 
-1.192575559289 
-1.195093409226 
-1.234351599258 
-1.253432940024 
-1.259051472478 
-1.311827499174 
-1.338699596684 
-1.283579427485 
-1.268845763016 
-1.264495344051 
-1.224785065081 
-1.218353525087 
-1.273623894706 
-1.164232677975 
-1.125883229285 
-1.133241152890 
-1.141078622041 
-1.144864723547 
-1.099799023878 
-1.059504142570 
-1.054532652615 
-1.039353175951 
-1.049782622616 
-1.053674587039 
-1.050664459120 
-1.049488349779 
-1.106821640214 
-1.107555015426 
-1.124487097581 
-1.132717879955 
-1.108586390793 
-1.004580673044 
-1.035593140285 
-1.056739722724 
-1.089513285436 
-1.110313019296 
-1.130772308988 
-1.133219650622 
-1.141315090215 
-1.154436599206 
-1.169815746803 
-1.120048454697 
-1.122891576554 
-1.113887699207 
-1.098393962313 
-1.105104691938 
-1.117527423260 
-1.085472713307 
-1.047502949447 
-1.079202995277 
-1.055852192635 
-1.027126806085 
-1.027004465274 
-1.019926858702 
-1.048678080132 
-1.057899265859 
-1.057899265859 
-1.053587370579 
-1.087793815087 
-1.110470596975 
-1.146629334570 
-1.131818879982 
-1.125886075225 
-1.124598727534 
-1.135122714432 
-1.121059470587 
-1.126525496179 
-1.130350035323 
-1.128854141484 
-1.201093554791 
-1.204152556708 
-1.190264541142 
-1.184545155494 
-1.209624444409 
-1.185118422927 
-1.186913382402 
-1.185582035249 
-1.196529951231 
-1.208654643666 
-1.194738058145 
-1.194310923020 
-1.234362101745 
-1.259920075543 
-1.309342191265 
-1.210097416758 
-1.300202548899 
-1.246759195517 
-1.218294330150 
-1.210975936520 
-1.249089781272 
-1.236419269932 
-1.238560705683 
-1.251602455625 
-1.199911189557 
-1.201593528215 
-1.177140809535 
-1.135771901563 
-1.060219163598 
-1.021566851849 
-1.024051000306 
-1.050762976627 
-1.032949368224 
-1.013433160058 
-1.059707693890 
-1.101712311529 
-1.097706934856 
-1.113843401603 
-1.138437453468 
-1.178718999097 
-1.222548336684 
-1.227626130865 
-1.210759710340 
-1.240502662404 
-1.199690321882 
-1.175442821932 
-1.155256208077 
-1.158453458310 
-1.081498917213 
-1.092281781609 
-1.051347755294 
-1.088959643152 
-1.105232812589 
-1.113494255853 
-1.178840503854 
-1.178897574782 
-1.197260640291 
-1.208614086708 
-1.210249682078 
-1.210441993102 
-1.225846713524 
-1.236841931593 
-1.198891996519 
-1.195028590961 
-1.198047539276 
-1.197895941735 
-1.132232659494 
-1.112192383743 
-1.085978197808 
-1.103440313736 
-1.085052641981 
-1.118592750125 
-1.118792449880 
-1.135570940790 
-1.142929863252 
-1.100406990385 
-1.100548026463 
-1.040727958585 
-1.068096109074 
-1.127200609361 
-1.127642745640 
-1.147944308875 
-1.146343786917 
-1.152876647364 
-1.142937087802 
-1.100704051247 
-1.106766193471 
-1.096532885567 
-1.097853242064 
-1.098161810123 
-1.134562471407 
-1.146359783897 
-1.150013424596 
-1.150418208532 
-0.956803433129 
-0.923217494728 
-1.031218717714 
-1.053322374965 
-1.030568702943 
-1.003723313139 
-1.017865209075 
-0.971329370961 
-0.991223435365 
-1.026525318037 
-1.013878504301 
-1.012269839813 
-1.020991694856 
-1.038393379103 
-1.003920806885 
-1.082052538965 
-1.041347860151 
-1.044322104951 
-1.030258069215 
-1.125810139580 
-1.118225151965 
-1.200229309612 
-1.193238251514 
-1.190079848456 
-1.246994028636 
-1.237266256317 
-1.249951047855 
-1.157180117976 
-1.172077994644 
-1.184294935555 
-1.168356498965 
-1.130282552440 
-1.082713031477 
-1.093021791543 
-1.132473513198 
-1.164279557926 
-1.200971605279 
-1.213259849190 
-1.218384055078 
-1.216204603722 
-1.217056020362 
-1.204656301137 
-1.179181085442 
-1.172874662807 
-1.166379755849 
-1.150931637871 
-1.150058522376 
-1.158303316357 
-1.165462364645 
-1.158185525129 
-1.121145427632 
-1.129101947939 
-1.133157522425 
-1.129306533260 
-1.127932761746 
-1.140016339330 
-1.138211930105 
-1.132548985279 
-1.107046226057 
-1.105513797876 
-1.112361646881 
-1.161647215631 
-1.159378097794 
-1.162632280387 
-1.155629051159 
-1.118242332931 
-1.122559413558 
-1.121266561771 
-1.135446944336 
-1.136504591456 
-1.123924932988 
-1.117656757137 
-1.101023485301 
-1.094188917860 
-1.107828631890 
-1.135034725871 
-1.137744177450 
-1.141832707709 
-1.184640131045 
-1.178854267036 
-1.228225128426 
-1.242500200900 
-1.239606854403 
-1.189056806688 
-1.191091060932 
-1.134039792156 
-1.104431938544 
-1.079847773538 
-1.037009142582 
-1.084997242845 
-1.063097612870 
-1.057246488987 
-1.018404136062 
-1.053868463668 
-1.294766513489 
-1.321021158719 
-1.366602850840 
-1.367235136599 
-1.383094499370 
-1.372261490225 
-1.398810416440 
-1.354592828609 
-1.346731368548 
-1.381650338412 
-1.377457998267 
-1.347782226648 
-1.385518470541 
-1.242911297371 
-1.233200498043 
-1.239918936935 
-1.260964340182 
-1.260374370010 
-1.260192618233 
-1.258462268716 
-1.260635313325 
-1.296378243875 
-1.293254790147 
-1.293894408871 
-1.256740240587 
-1.329847462397 
-1.281518102359 
-1.275441266155 
-1.273574981212 
-1.282038606656 
-1.271825800412 
-1.259300668695 
-1.263123556234 
-1.239920776970 
-1.166338806472 
-1.155855800360 
-1.152752270150 
-1.144624254057 
-1.083804070557 
-1.052747536064 
-1.106393988014 
-1.106393988014 
-1.105588548830 
-1.119183010722 
-1.111517411857 
-1.078849944347 
-1.091311733631 
-1.084265291635 
-1.042870622118 
-1.086660469094 
-1.078294974948 
-1.104760103731 
-1.102324079382 
-1.100675677533 
-1.104247852515 
-1.147433886790 
-1.066989813449 
-1.098102220068 
-1.064549680659 
-1.095555838535 
-1.053513204592 
-1.104038013027 
-1.101264211776 
-1.096639679514 
-1.122480080056 
-1.113924874128 
-1.113924874128 
-1.118970180829 
-1.130485694075 
-1.146675930692 
-1.100708638212 
-1.130295518547 
-1.148044247255 
-1.161009192458 
-1.164769239541 
-1.153138820156 
-1.128146861372 
-1.128146861372 
-1.144012271475 
-1.147052028428 
-1.130224139606 
-1.132096278626 
-1.129914489191 
-1.127178352820 
-1.093503027979 
-1.101621851472 
-1.098175492094 
-1.091234881935 
-1.094515155950 
-1.080763747609 
-1.140991835390 
-1.161154358148 
-1.151054494926 
-1.149388256183 
-1.232020438640 
-1.214671943433 
-1.224915687951 
-1.224915687951 
-1.234369452010 
-1.179080420097 
-1.167171225751 
-1.165345891246 
-1.138614353797 
-1.190645410841 
-1.183909010332 
-1.206488404169 
-1.187726135587 
-1.170078653744 
-1.166882535540 
-1.167598160271 
-1.166813347916 
-1.173433973846 
-1.165522162272 
-1.159743541491 
-1.163951073818 
-1.168658089013 
-1.162483505619 
-1.162483505619 
-1.152647750302 
-1.100514281940 
-1.115070954129 
-1.115225740794 
-1.174198061488 
-1.219347820234 
-1.203556563483 
-1.162296749884 
-1.156777376095 
-1.162410451687 
-1.156266586577 
-1.214495186999 
-1.225058923875 
-1.240756383874 
-1.214468690290 
-1.215333668270 
-1.199154805289 
-1.264729666352 
-1.221481477248 
-1.249548122277 
-1.184010341902 
-1.183463426742 
-1.196087211061 
-1.193991629563 
-1.229475989218 
-1.217804918054 
-1.226346550718 
-1.217365302463 
-1.189785877278 
-1.216433119911 
-1.250209397960 
-1.263718027633 
-1.280518804911 
-1.313827825475 
-1.298801952046 
-1.237430023511 
-1.239535422104 
-1.240923729879 
-1.237794863437 
-1.236189744682 
-1.266949435464 
-1.260463700444 
-1.209462380193 
-1.171063399966 
-1.169959115307 
-1.176278245409 
-1.203579688938 
-1.262272850530 
-1.237836186057 
-1.257519663655 
-1.237215740073 
-1.185463346449 
-1.210859394018 
-1.243072811245 
-1.271232576905 
-1.267274198102 
-1.179937064277 
-1.182938872345 
-1.171502413672 
-1.135417519845 
-1.108664389178 
-1.103875984736 
-1.140191873865 
-1.180520693890 
-1.184796493051 
-1.130743395466 
-1.139940098284 
-1.155805601702 
-1.123713702416 
-1.089245576147 
-1.192674416238 
-1.212529998556 
-1.188847214248 
-1.186368564524 
-1.187278322766 
-1.196709771123 
-1.224749145861 
-1.228160054470 
-1.243714377836 
-1.274714799041 
-1.297381638821 
-1.306469123190 
-1.306469123190 
-1.312791487884 
-1.247931894474 
-1.198559790752 
-1.162363875691 
-1.169594705318 
-1.211106390877 
-1.200522547751 
-1.204985579663 
-1.223868157921 
-1.231731835825 
-1.297781625472 
-1.246654086557 
-1.257118117661 
-1.210278906015 
-1.223993901964 
-1.332406615779 
-1.329549312434 
-1.355135806932 
-1.347813732723 
-1.299369093591 
-1.345007972695 
-1.359821383447 
-1.274789953816 
-1.255986073405 
-1.228510757896 
-1.221979240523 
-1.253697374390 
-1.263895956776 
-1.262023018464 
-1.270644980841 
-1.288374252642 
-1.238969973017 
-1.254022493844 
-1.282432940372 
-1.250332586841 
-1.269634338721 
-1.269618107164 
-1.268652110923 
-1.306075104981 
-1.269846616524 
-1.234368569607 
-1.231840759817 
-1.211988790017 
-1.230226855737 
-1.274643726395 
-1.269300425358 
-1.302003433624 
-1.266750385350 
-1.255713121233 
-1.325186558293 
-1.300278816444 
-1.371988530291 
-1.308089713858 
-1.323599462955 
-1.302059256450 
-1.303490002191 
-1.247203877619 
-1.278661267119 
-1.230521320826 
-1.235366688789 
-1.239860249144 
-1.220631918326 
-1.234506242527 
-1.243407183059 
-1.252575362044 
-1.202623631647 
-1.185175140382 
-1.164219278424 
-1.167482217275 
-1.162913695755 
-1.139059350527 
-1.045276648937 
-0.942080606862 
-0.996144270282 
-0.977467274017 
-0.951079048528 
-0.988369235322 
-1.025978870992 
-1.040378743093 
-1.093165488575 
-1.097774863937 
-1.092493634756 
-1.096272832478 
-1.088788150485 
-1.154759996071 
-1.126222574942 
-1.123149794756 
-1.150681090905 
-1.164065856370 
-1.224234032127 
-1.201282438266 
-1.208720314946 
-1.227704282249 
-1.214244603458 
-1.201087694690 
-1.196153113834 
-1.221013799634 
-1.182786785746 
-1.149095627193 
-1.151119054103 
-1.150978183397 
-1.104306975908 
-1.109636171168 
-1.103979660412 
-1.109283268037 
-1.110477073674 
-1.144902346337 
-1.139143313872 
-1.112593397886 
-1.101135088522 
-1.109120553697 
-1.106213298030 
-1.096753550672 
-1.067388221918 
-1.054345908717 
-1.035407851776 
-1.059940394451 
-1.068440919844 
-1.081002516577 
-1.032973982033 
-1.067469954831 
-1.052030747359 
-1.078386735334 
-1.081221357127 
-1.068970010741 
-1.065368654915 
-1.040341969168 
-1.056305486339 
-1.047102201884 
-1.051350821215 
-1.144025270373 
-1.142106869635 
-1.191203285615 
-1.179131348306 
-1.193865696720 
-1.151963772436 
-1.120054738536 
-1.115076866419 
-1.114459601798 
-1.124767731805 
-1.102449687985 
-1.134158395832 
-1.130205760191 
-1.177368538198 
-1.210058092503 
-1.213231153626 
-1.160343406172 
-1.230536044366 
-1.208716087001 
-1.218062318103 
-1.212903082290 
-1.248467820919 
-1.250349780621 
-1.266707325107 
-1.270264884471 
-1.249278308694 
-1.261994634832 
-1.220608900663 
-1.195902262888 
-1.242531118055 
-1.219411014712 
-1.200290161740 
-1.198766227367 
-1.157252081102 
-1.189434161682 
-1.174666824685 
-1.265243972868 
-1.265243972868 
-1.265243972868 
-1.260657974751 
-1.260657974751 
-1.259946573678 
-1.218026309563 
-1.218026309563 
-1.221127287902 
-0.986419093962 
-0.994298440906 
-0.981470374846 
-1.055940892176 
-1.066552990434 
-1.076808467746 
-1.096718259612 
-1.099510441091 
-1.099510441091 
-1.101533648811 
-1.101793272361 
-1.092676687786 
-1.065247937164 
-1.067290084874 
-1.057852469351 
-1.049910816723 
-1.041420140756 
-1.052696848874 
-1.040329455501 
-1.028738549363 
-1.079105792469 
-1.158168004393 
-1.148938814655 
-1.146510722352 
-1.203232931685 
-1.107143591499 
-1.182579903250 
-1.251705543107 
-1.230591074849 
-1.233648118727 
-1.235397103460 
-1.217726753123 
-1.205867346405 
-1.254628356705 
-1.200560274301 
-1.229971018305 
-1.229971018305 
-1.109137734479 
-1.101855036980 
-1.098709644854 
-1.081740542683 
-1.066121293367 
-1.046648414873 
-1.023750401167 
-1.014877419729 
-1.020195051086 
-0.998848525860 
-1.033898415380 
-1.012797328121 
-1.010633279140 
-1.039036580263 
-1.059899868677 
-1.094405699535 
-1.094405699535 
-1.121134673970 
-1.126730609415 
-1.165338594074 
-1.157392943118 
-1.083134817758 
-1.168111654979 
-1.173025261818 
-1.177463893616 
-1.177463893616 
-1.167571059853 
-1.214701266336 
-1.219822732772 
-1.201379749152 
-1.132065067869 
-1.173834751002 
-1.125565087007 
-1.102682175151 
-1.099270371224 
-1.086036791712 
-1.083823277136 
-1.059860037535 
-1.045252402963 
-1.050961138305 
-1.051082607045 
-1.072180470558 
-1.062607883800 
-1.058389939242 
-1.040332118854 
-1.044455504634 
-1.012793902666 
-1.026430934681 
-1.022273317140 
-1.024506447679 
-1.093463593606 
-1.137402800544 
-1.129403919776 
-1.163246214377 
-1.251057757259 
-1.171940380156 
-1.137436074565 
-1.139984241244 
-1.111134083817 
-1.028731723473 
-1.047593440092 
-1.013781067568 
-1.097639084929 
-1.095906965102 
-1.076929476679 
-1.078066747695 
-1.052921096506 
-1.175060888392 
-1.132045434261 
-1.146302860714 
-1.125592149002 
-1.153574668753 
-1.125616588941 
-1.124939925930 
-1.126476313421 
-1.145412469833 
-1.144078829717 
-1.139430077844 
-1.139800408504 
-1.105677814917 
-1.148291082798 
-1.171431198948 
-1.141758335297 
-1.149150147725 
-1.122927593972 
-1.127823730351 
-1.128260078747 
-1.131457754392 
-1.130555870316 
-1.117114510174 
-1.140551244103 
-1.144669474687 
-1.132964746999 
-1.178643260796 
-1.190262222998 
-1.211171682399 
-1.228321613829 
-1.231258086586 
-1.263504347382 
-1.201762546965 
-1.186096689927 
-1.187982707726 
-1.187645653568 
-1.190507572650 
-1.190023080334 
-1.206457874688 
-1.200999906546 
-1.212590694114 
-1.217325778447 
-1.229114089177 
-1.243513970133 
-1.263691665760 
-1.235216947364 
-1.217562028976 
-1.198500577815 
-1.187638904486 
-1.194076721519 
-1.212422306955 
-1.206769035474 
-1.253717000117 
-1.241133932829 
-1.260400323353 
-1.277782754429 
-1.331243739301 
-1.249383456916 
-1.184444073300 
-1.130454685580 
-1.158093412362 
-1.125562997889 
-1.093595089715 
-1.099514597193 
-1.098539153638 
-1.150035564158 
-1.131981813896 
-1.154047302243 
-1.120817408452 
-1.112520232222 
-1.165324727167 
-1.155988857587 
-1.207117632890 
-1.219813569051 
-1.190457580038 
-1.197525284693 
-1.135822346843 
-1.153147480740 
-1.221643512374 
-1.278241079671 
-1.286844658355 
-1.181531887113 
-1.156017336483 
-1.142058446007 
-1.117166843927 
-1.070959313757 
-1.070959313757 
-1.071357100389 
-1.097471947831 
-1.085955604531 
-1.075930663947 
-1.098218480471 
-1.108628703938 
-1.121909529478 
-1.142312869106 
-1.142312869106 
-1.096195933394 
-1.105241777162 
-1.089448531055 
-1.066793515122 
-1.066793515122 
-1.083123172498 
-1.083123172498 
-1.076082705753 
-1.085217779815 
-1.068785102265 
-1.080331712905 
-1.056318726700 
-1.036656455228 
-0.985941821311 
-0.904588893398 
-0.935776883473 
-0.945411642422 
-0.947953217218 
-0.935756946537 
-0.988173056076 
-1.082199144525 
-1.109059551463 
-1.110672990713 
-1.098944751040 
-1.108301483345 
-1.075270798661 
-1.205705763804 
-1.202947759132 
-1.200824399704 
-1.198692871687 
-1.158924123750 
-1.153573955518 
-1.191293248197 
-1.200585760363 
-1.200557611901 
-1.190756679403 
-1.181038636705 
-1.177513575709 
-1.178361368824 
-1.195792831622 
-1.206126566416 
-1.222654628124 
-1.247483302788 
-1.212890519436 
-1.202859035534 
-1.229004710792 
-1.228923102968 
-1.203924484528 
-1.200708319658 
-1.188601072250 
-1.176927945273 
-1.173971839987 
-1.201209342548 
-1.196690753024 
-1.233733455324 
-1.233733455324 
-1.233733455324 
-1.239851589330 
-1.248512248635 
-1.248495424405 
-1.278420729597 
-1.281609968561 
-1.284041038820 
-1.279521558139 
-1.335551331276 
-1.335605284739 
-1.294277669628 
-1.335548811570 
-1.300921983309 
-1.295033158950 
-1.300282667774 
-1.294063283903 
-1.284692231333 
-1.280582657255 
-1.270497047180 
-1.257627213795 
-1.273471251487 
-1.289695898759 
-1.281644273901 
-1.266584334369 
-1.259386052210 
-1.220709009896 
-1.239278150017 
-1.286207004983 
-1.253823154478 
-1.225548810002 
-1.247031677258 
-1.237935915343 
-1.240212113509 
-1.240212113509 
-1.246157222634 
-1.242582568117 
-1.223223434991 
-1.264000876704 
-1.283642844748 
-1.228763626940 
-1.240140360056 
-1.266487612053 
-1.249579896383 
-1.249579896383 
-1.229230776319 
-1.142900612922 
-1.127120429136 
-1.139852247955 
-1.228081938864 
-1.226608878943 
-1.240198730239 
-1.225366203334 
-1.240267969229 
-1.257425442416 
-1.318274338592 
-1.299272115187 
-1.205899740569 
-1.209033524654 
-1.202936219143 
-1.202936219143 
-1.188809331320 
-1.211913980255 
-1.188472150210 
-1.218935586946 
-1.213638979254 
-1.224640160873 
-1.191444215737 
-1.222973026972 
-1.233363281563 
-1.206974093783 
-1.201521312777 
-1.190723181894 
-1.225182609606 
-1.222134763290 
-1.212990566871 
-1.228735677456 
-1.202716812177 
-1.180665448209 
-1.187039227589 
-1.169419191655 
-1.203972708282 
-1.194372614428 
-1.222802440008 
-1.209685133202 
-1.180700979658 
-1.172315308509 
-1.174515125207 
-1.167166299125 
-1.165587880783 
-1.141950580345 
-1.167682455297 
-1.155803826975 
-1.156983600996 
-1.139915048945 
-1.145366786516 
-1.071588493992 
-1.070934908144 
-1.073018595778 
-1.073855033256 
-1.039124736749 
-1.094843113367 
-1.096775915821 
-1.064904530252 
-1.078155434915 
-1.097137358219 
-1.104473960070 
-1.094414801865 
-1.094678762622 
-1.078688406712 
-1.079862766778 
-1.081318717630 
-1.042481836906 
-1.076072182567 
-1.075988395450 
-1.082289604229 
-1.056438765414 
-1.079508310186 
-1.075451262715 
-1.046316645391 
-1.065437170894 
-1.136390357487 
-1.165254427563 
-1.220779940996 
-1.207643926518 
-1.257683611911 
-1.266997114461 
-1.251554636510 
-1.256167254971 
-1.278156331117 
-1.297547258816 
-1.307988982764 
-1.301098618969 
-1.282145217392 
-1.360964444367 
-1.324268643658 
-1.358165640851 
-1.337951230225 
-1.343631076988 
-1.345806752016 
-1.324971296981 
-1.283031554135 
-1.241480094874 
-1.239423531309 
-1.185045277626 
-1.193003734310 
-1.236059917948 
-1.231440623673 
-1.206622886174 
-1.214873432463 
-1.208909545761 
-1.195867097141 
-1.194115031241 
-1.193753453637 
-1.211554352460 
-1.218216967806 
-1.219535839998 
-1.213493164723 
-1.236003496633 
-1.293371899743 
-1.270287102711 
-1.260791510720 
-1.162951353640 
-1.142077044366 
-1.168898263894 
-1.176617437092 
-1.167146929202 
-1.157742670012 
-1.156173637310 
-1.176092833441 
-1.209030947940 
-1.250902871560 
-1.223233167422 
-1.212606834671 
-1.220940888243 
-1.215713824436 
-1.273885502838 
-1.215397046510 
-1.169066821235 
-1.132436761919 
-1.100325372170 
-1.144620782829 
-1.226746989297 
-1.182016725401 
-1.180388766882 
-1.175295967815 
-1.178020717826 
-1.152593960474 
-1.149984751451 
-1.151200437556 
-1.086926318593 
-1.095147060901 
-1.085492087137 
-1.126493273107 
-1.066002137620 
-1.097382132523 
-1.159117155145 
-1.158711594993 
-1.182930845200 
-1.126995410905 
-1.079084731557 
-1.050211120774 
-1.044520954386 
-1.023422221557 
-1.013400641702 
-0.969602090754 
-0.977076208692 
-1.056030376962 
-1.039417374749 
-1.061957954104 
-1.036865692310 
-1.008448591942 
-1.025967256989 
-1.051864288296 
-1.056881900677 
-1.096463547668 
-1.096112169395 
-1.096112169395 
-1.087769154353 
-1.085277729097 
-1.003529960917 
-1.039779739510 
-1.092643202116 
-1.119620356377 
-1.117491207801 
-1.114279542980 
-1.116545543564 
-1.135142186199 
-1.136610409176 
-1.098820961771 
-1.057769355306 
-1.046369530044 
-1.041623690770 
-1.064797489937 
-1.052120351287 
-1.086818183780 
-1.075680696721 
-1.086270406519 
-1.059180778907 
-1.042163570220 
-1.057130313899 
-1.023441180321 
-1.043785454828 
-1.060290117266 
-1.104297322149 
-1.154784260708 
-1.121316109779 
-1.141646312276 
-1.131193511180 
-1.129420722239 
-1.123547278368 
-1.073230167303 
-1.065275582490 
-1.089130646601 
-1.044221443614 
-1.013682905419 
-1.007352247251 
-1.049234960287 
-1.073484342080 
-1.016299916006 
-1.042224566043 
-1.082352005737 
-1.111501075126 
-1.129493461766 
-1.169902230222 
-1.160695210472 
-1.221175792223 
-1.224341084076 
-1.349338013453 
-1.281960679874 
-1.304139319118 
-1.276172252542 
-1.274256123550 
-1.245357323410 
-1.160853590815 
-1.149733878422 
-1.141174420453 
-1.140662547624 
-1.128557714054 
-1.074379010058 
-1.074024811164 
-1.167353904799 
-1.177154225292 
-1.182681197845 
-1.173089460610 
-1.173089460610 
-1.182855299039 
-1.190862088251 
-1.169635009791 
-1.175222167309 
-1.171035803509 
-1.143712776156 
-1.129898898111 
-1.146601753274 
-1.149433696366 
-1.137927704202 
-1.131638867932 
-1.089707760521 
-1.101458756800 
-1.094426071573 
-1.160447591248 
-1.117112658544 
-1.120352310198 
-1.190504596831 
-1.144197854904 
-1.093160850614 
-1.088765145141 
-1.103804771110 
-1.101561147343 
-1.097445182352 
-1.090191090391 
-1.076870287734 
-1.086788399394 
-1.101947674400 
-1.111671305371 
-1.143820756401 
-1.143479165258 
-1.143545452466 
-1.148909655128 
-1.142118392212 
-1.143179349112 
-1.137549736270 
-1.128106158651 
-1.127120294344 
-1.114707465157 
-1.115096430998 
-1.138179299782 
-1.150751674691 
-1.165454428963 
-1.124998167713 
-1.123007819498 
-1.107160377321 
-1.091412395170 
-1.116220739121 
-1.116145943450 
-1.091610483753 
-1.088563321801 
-1.101747750498 
-1.086265506347 
-1.111240557410 
-1.073841251020 
-1.073841251020 
-1.040404730880 
-1.039309731100 
-0.949397848087 
-0.955488330224 
-0.955060987864 
-0.954653952511 
-0.899500891774 
-0.923811715618 
-1.015574445365 
-1.001781292021 
-1.046028031015 
-1.046028031015 
-1.038385503864 
-1.047531990630 
-1.056255026577 
-1.063436641996 
-1.062436745863 
-1.058858254068 
-1.063654392646 
-1.072728273916 
-1.113992140160 
-1.100465691777 
-1.082347570988 
-1.106340882879 
-1.097987331426 
-1.125896749839 
-1.136662372389 
-1.136655840238 
-1.156629154402 
-1.156629154402 
-1.153422976482 
-1.152282830303 
-1.140648114186 
-1.137997991294 
-1.157772658965 
-1.150448637685 
-1.140815932161 
-1.120933509491 
-1.129044307455 
-1.182056737073 
-1.121964407525 
-1.131790746348 
-1.169772171189 
-1.135416576100 
-1.098299009732 
-1.064541553293 
-1.052525485328 
-1.064683316055 
-1.094223870332 
-1.083737158201 
-1.086198866317 
-1.099089920461 
-1.102261201659 
-1.087652270162 
-1.088167060177 
-1.111218877815 
-1.106909849318 
-1.095578056085 
-1.125724757651 
-1.114604026462 
-1.126118002513 
-1.124477611294 
-1.090602223048 
-1.085616007222 
-1.094653199598 
-1.116355685448 
-1.140736356408 
-1.146620770225 
-1.145789238066 
-1.147281630871 
-1.147281630871 
-1.210865290949 
-1.191455522234 
-1.171028977272 
-1.209932211534 
-1.204218593893 
-1.219449533558 
-1.218505992966 
-1.222176988313 
-1.210975623469 
-1.184990537237 
-1.213570944211 
-1.081244426490 
-1.141390977511 
-1.129526047982 
-1.159803400270 
-1.167508697360 
-1.181051214126 
-1.201861040191 
-1.211367693021 
-1.192791321965 
-1.188691555646 
-1.217365390280 
-1.218166971281 
-1.207149563845 
-1.228316155755 
-1.258490100789 
-1.290689149985 
-1.260898639241 
-1.260898639241 
-1.304530347767 
-1.286892549409 
-1.293482469560 
-1.296317151939 
-1.289379755773 
-1.253988166049 
-1.279689232485 
-1.270891871049 
-1.232685930760 
-1.236438890460 
-1.329784502882 
-1.305717490824 
-1.321850917725 
-1.293448465293 
-1.328387481359 
-1.301877583983 
-1.319392339736 
-1.297184690007 
-1.300298899570 
-1.303153815549 
-1.304654791071 
-1.342662047448 
-1.341130664354 
-1.367581248138 
-1.335248082176 
-1.344532189619 
-1.384749919672 
-1.349448111028 
-1.352169951060 
-1.318524231382 
-1.301888271692 
-1.308377224189 
-1.308377224189 
-1.341190231247 
-1.266516028401 
-1.268734652227 
-1.270741094967 
-1.249519127389 
-1.292126316736 
-1.289333273104 
-1.277036284453 
-1.240601217580 
-1.240427956727 
-1.273764914462 
-1.300165620834 
-1.296675711399 
-1.310780369172 
-1.294866751502 
-1.241891169046 
-1.238564757141 
-1.253676658835 
-1.253676658835 
-1.223254738643 
-1.227932148345 
-1.278526056008 
-1.281752276918 
-1.256732862752 
-1.275814849990 
-1.297045038790 
-1.247293603664 
-1.253363037850 
-1.231896410632 
-1.268757532672 
-1.272015975239 
-1.235776276705 
-1.279491435839 
-1.248835013761 
-1.221655573717 
-1.144409371558 
-1.121530059615 
-1.184263739283 
-1.201286578235 
-1.271932077102 
-1.280755265651 
-1.285943977213 
-1.268433476797 
-1.235041513091 
-1.232640011251 
-1.232640011251 
-1.228999548680 
-1.187547970046 
-1.146027779736 
-1.155007837069 
-1.156186291165 
-1.128025228956 
-1.088541871147 
-1.103199347464 
-1.027584987156 
-1.069581126266 
-1.114448231205 
-1.116391467343 
-1.098712492317 
-1.118648753743 
-1.088647815386 
-1.162089964449 
-1.168111309308 
-1.142225911702 
-1.107034267567 
-0.992618314960 
-1.058118260927 
-1.049675670642 
-1.032236253540 
-1.043071150534 
-1.039918854718 
-1.054794420359 
-1.022535652010 
-1.003469431917 
-1.051599224206 
-1.037549818236 
-1.120433906575 
-1.098367583675 
-1.103069258551 
-1.092023822506 
-1.046543962099 
-1.064271766284 
-1.067492156682 
-1.056227247032 
-1.131773820579 
-1.143859038216 
-1.143843504989 
-1.163885550469 
-1.188475097297 
-1.161636718706 
-1.150469867289 
-1.145138516483 
-1.121294477386 
-1.095743537507 
-1.103685182598 
-1.102941867310 
-1.079073829871 
-1.069960850573 
-1.050920779018 
-1.049128784055 
-1.047584553511 
-1.076725663695 
-1.057126149351 
-1.045470949859 
-1.071114615841 
-0.987075619568 
-1.053037043559 
-1.044924256206 
-1.069001856455 
-1.012163983204 
-1.063713963944 
-1.055604575977 
-1.071505519203 
-1.100030667916 
-1.118862693235 
-1.030213094638 
-1.181461468044 
-1.197839066698 
-1.176549253457 
-1.178092394162 
-1.207864981454 
-1.208204839165 
-1.233180012912 
-1.249965495402 
-1.220740994667 
-1.222163408131 
-1.180396859977 
-1.156138324168 
-1.163649258126 
-1.177750829942 
-1.177599698033 
-1.179408983264 
-1.099241763255 
-1.074300834624 
-1.158927523433 
-1.159951300260 
-1.099762089997 
-1.112762313674 
-1.189623450586 
-1.193486204125 
-1.240750787223 
-1.269461985498 
-1.280482516368 
-1.303755932445 
-1.332283840313 
-1.232116099678 
-1.204133701571 
-1.201731108175 
-1.167003203358 
-1.184844288264 
-1.180588835884 
-1.186584439337 
-1.183237321895 
-1.182524319844 
-1.301124709661 
-1.305092963455 
-1.325329018884 
-1.329386850956 
-1.277154635841 
-1.275534418856 
-1.261124142054 
-1.277813400901 
-1.207455751689 
-1.215701685757 
-1.196345468121 
-1.190436288288 
-1.158637196398 
-1.213613505520 
-1.253711103194 
-1.219383442075 
-1.263822421060 
-1.264011030512 
-1.240826689945 
-1.118063393400 
-1.124106136134 
-1.132005352493 
-1.096657675295 
-1.101841365522 
-1.141677141024 
-1.150371927970 
-1.149703969240 
-1.141147074061 
-1.141327640166 
-1.078293841680 
-1.108007297831 
-1.147144922991 
-1.143066634966 
-1.119806465063 
-1.126450552831 
-1.162438958536 
-1.160269550923 
-1.153697782868 
-1.157965227847 
-1.131438179672 
-1.074464171376 
-1.009826955642 
-1.076053022503 
-1.043684340820 
-1.045345786635 
-1.022287721888 
-1.105398758193 
-1.092566036630 
-1.094568904521 
-1.097301059464 
-1.074928027195 
-1.084560030069 
-1.093589143955 
-1.104113462967 
-1.121267472107 
-1.116498286352 
-1.187146251705 
-1.177936608254 
-1.160486558362 
-1.163107815869 
-1.175965104725 
-1.155952232235 
-1.111714118615 
-1.125648398144 
-1.125273783127 
-1.028878513581 
-1.047811560619 
-1.047524897911 
-1.033578777606 
-1.028922069431 
-0.988520382531 
-0.995433384138 
-0.991702967462 
-1.005451654883 
-1.056907752436 
-1.044878804780 
-1.039739479844 
-1.030845776783 
-1.031053643317 
-0.989391944209 
-1.073807798368 
-1.051319875902 
-1.053362467269 
-1.099844956285 
-1.003321415045 
-1.003321415045 
-1.013182960213 
-1.003328942820 
-1.007415973042 
-1.028830854008 
-1.014886209886 
-1.020361221339 
-1.030874897157 
-1.035123575562 
-1.038377707926 
-1.055622043190 
-1.059987858736 
-1.059910580130 
-1.068601788876 
-1.065521967379 
-1.124494364449 
-1.123886370971 
-1.125102837350 
-1.081643425744 
-1.070891374119 
-1.108383256759 
-1.107680132526 
-1.117156903115 
-1.105477186975 
-1.118393832469 
-1.126453284009 
-1.190060261840 
-1.181146235276 
-1.231713058142 
-1.256479410340 
-1.250436404624 
-1.277067101214 
-1.276002478304 
-1.285666387231 
-1.279765230723 
-1.196137935365 
-1.154014425987 
-1.154008886430 
-1.140532666000 
-1.076303449131 
-1.075208449328 
-1.077698824148 
-1.111244745883 
-1.123100610992 
-1.128465470466 
-1.124422852253 
-1.106612639090 
-1.097795840165 
-1.105011573199 
-1.070372446099 
-1.094144008749 
-1.065323637695 
-1.069727306273 
-1.069397758138 
-1.068070181715 
-1.075445567052 
-1.088288599945 
-1.100807943438 
-1.103733763264 
-1.094103919001 
-1.130440766789 
-1.125608826954 
-1.109625828566 
-1.112397744560 
-1.106443681302 
-1.226799272019 
-1.226334741271 
-1.248188318215 
-1.246768687065 
-1.226235356397 
-1.214152918057 
-1.208002645973 
-1.240945322568 
-1.252651108279 
-1.312304506313 
-1.285544780022 
-1.303391358089 
-1.340039157346 
-1.287584418542 
-1.323714807568 
-1.331342766717 
-1.419817666753 
-1.372169670624 
-1.406482629039 
-1.413771702584 
-1.457195779265 
-1.446302310238 
-1.378831477044 
-1.377158603719 
-1.330190354688 
-1.338411784763 
-1.358770218051 
-1.407946140942 
-1.279105836613 
-1.238284657895 
-1.281049517299 
-1.269040033312 
-1.293698192113 
-1.260211988070 
-1.256828206424 
-1.274444888817 
-1.273130324040 
-1.261605451817 
-1.324606744476 
-1.337289918313 
-1.337390692084 
-1.322247075466 
-1.314160886591 
-1.310212737762 
-1.256608109170 
-1.258174144608 
-1.248383895698 
-1.284173653007 
-1.280061464386 
-1.278896900982 
-1.237819853543 
-1.237212096133 
-1.230203109435 
-1.247453991167 
-1.247453991167 
-1.235322632454 
-1.241254880555 
-1.211188537332 
-1.187730295074 
-1.190851194005 
-1.202406320375 
-1.196531202990 
-1.174643154422 
-1.172745584682 
-1.182673257128 
-1.182673257128 
-1.184307918470 
-1.208811958981 
-1.203652785427 
-1.207645237186 
-1.230135718253 
-1.223186364455 
-1.223705843357 
-1.276456278740 
-1.275760247623 
-1.253714009222 
-1.252093156566 
-1.234201357867 
-1.206412748614 
-1.203804313088 
-1.204971809682 
-1.144855981099 
-1.117389531646 
-1.108713882296 
-1.141504849184 
-1.139729188120 
-1.133118200143 
-1.147251803580 
-1.190178792562 
-1.196600189594 
-1.130722134176 
-1.145413587279 
-1.128930806900 
-1.094085153831 
-1.242380837405 
-1.197050488081 
-1.209682166029 
-1.206607094269 
-1.233444740783 
-1.222822623439 
-1.270655025089 
-1.266719624771 
-1.305465440146 
-1.321773479174 
-1.306439753342 
-1.289162243115 
-1.368671337301 
-1.362309813234 
-1.349978624611 
-1.235364424693 
-1.256096736466 
-1.230047624599 
-1.223025828886 
-1.185467454182 
-1.167419648937 
-1.236875269190 
-1.261439659171 
-1.310666036450 
-1.280288461678 
-1.287372955716 
-1.289226264183 
-1.264907073618 
-1.243066860860 
-1.294219512735 
-1.283400387962 
-1.288358864720 
-1.223602404517 
-1.217946418366 
-1.190465761031 
-1.204514735652 
-1.209051016948 
-1.243674275330 
-1.211005707052 
-1.218214593510 
-1.205823237232 
-1.195465782179 
-1.207122265837 
-1.217673348756 
-1.233367157835 
-1.208138339131 
-1.200227114926 
-1.222019233164 
-1.213052564024 
-1.198567749256 
-1.198567749256 
-1.207363839522 
-1.202801211298 
-1.215015096047 
-1.188625457868 
-1.191805046008 
-1.187357954066 
-1.183390816842 
-1.177008903737 
-1.200633703715 
-1.212411653579 
-1.231702509053 
-1.250724660885 
-1.249656451751 
-1.208478899221 
-1.268099142073 
-1.257071405022 
-1.245960661586 
-1.260097900278 
-1.238373697091 
-1.239275861729 
-1.242775129534 
-1.256236674897 
-1.214234026573 
-1.220040451691 
-1.226969350165 
-1.224573709672 
-1.207522205233 
-1.153218068999 
-1.161154993449 
-1.174262218622 
-1.171560282924 
-1.228706236113 
-1.228706236113 
-1.223072784864 
-1.214427858769 
-1.192701059693 
-1.243183896816 
-1.259447779834 
-1.310619591364 
-1.347711801460 
-1.311520095667 
-1.239527325044 
-1.245201147229 
-1.223134572671 
-1.262608076563 
-1.209401215492 
-1.233998121371 
-1.165475804417 
-1.168251081669 
-1.209055532938 
-1.205250047133 
-1.172750633930 
-1.171775304281 
-1.173309115311 
-1.189262427845 
-1.250992017387 
-1.268594967891 
-1.281940097852 
-1.248439177439 
-1.233581604183 
-1.233785438824 
-1.253925633621 
-1.203371485080 
-1.194509897830 
-1.208480837442 
-1.222656557904 
-1.211454192634 
-1.205251224612 
-1.254377023113 
-1.288974709857 
-1.261212314864 
-1.258198726603 
-1.218072908208 
-1.229620900818 
-1.218442553466 
-1.222560564776 
-1.227115711139 
-1.201970930887 
-1.193688858815 
-1.156324205050 
-1.189555774905 
-1.204817174646 
-1.210543998782 
-1.210497928305 
-1.192798336282 
-1.198620694729 
-1.206931363368 
-1.251937055683 
-1.146232201508 
-1.146923127323 
-1.153351879853 
-1.089075262973 
-1.074983896109 
-1.091109624222 
-1.055973686529 
-1.089383878864 
-1.071486317547 
-1.050770459705 
-1.021711392124 
-1.002273432526 
-0.966190115719 
-0.966190115719 
-0.965733427057 
-0.966357422787 
-0.963599860811 
-1.020158829140 
-1.008733150554 
-0.990721034189 
-0.988843301892 
-0.968919941622 
-0.962634900644 
-0.967300736926 
-0.971115090825 
-0.974741720634 
-1.000543269503 
-0.999447196944 
-1.030339818439 
-1.047431523875 
-1.092537698045 
-1.085973533807 
-1.085356095059 
-1.083299994614 
-1.064675479438 
-1.054319840264 
-1.053641784418 
-1.048016804283 
-1.066575742375 
-1.052870179013 
-1.045005422249 
-1.064798877377 
-1.084152825405 
-1.064845286195 
-1.067871836889 
-1.056695801440 
-1.121284963617 
-1.124380011758 
-1.164709502429 
-1.117476969092 
-1.119418166096 
-1.080761165464 
-1.089209120790 
-1.093116356145 
-1.098303224804 
-1.097435429605 
-1.159771979097 
-1.157161112860 
-1.131911245257 
-1.120509337383 
-1.124358167406 
-1.188193337490 
-1.205342429793 
-1.141312960319 
-1.134260198279 
-1.142151147863 
-1.219448436235 
-1.276567666059 
-1.266833504242 
-1.229096442350 
-1.222517696146 
-1.248958840446 
-1.266841350550 
-1.223709589125 
-1.223605875223 
-1.218662778592 
-1.223874476996 
-1.175169050120 
-1.180305139700 
-1.146094005394 
-1.159064569144 
-1.192017396980 
-1.193155243988 
-1.228047221197 
-1.232175722438 
-1.291462781504 
-1.264054727864 
-1.264054727864 
-1.220518779545 
-1.191916255881 
-1.155660547976 
-1.152733816912 
-1.113036986074 
-1.100003984550 
-1.106201841743 
-1.110384138141 
-1.108149542438 
-1.096000148288 
-1.086257932283 
-1.089693294433 
-1.070077148269 
-1.074138568660 
-1.116024727325 
-1.138633142328 
-1.124000894330 
-1.130869560587 
-1.137074919773 
-1.139541403217 
-1.111775951851 
-1.101764007264 
-1.092883352035 
-1.092883352035 
-1.104458588303 
-1.100001491792 
-1.073822423517 
-1.058988693675 
-1.053515246643 
-1.054361248130 
-1.036614161935 
-1.044341039076 
-1.079795558108 
-1.099276803309 
-1.074985354063 
-1.088929561591 
-1.113269125637 
-1.095047988589 
-1.109980727899 
-1.124818217726 
-1.116737856973 
-1.115735047245 
-1.109010872891 
-1.099846592809 
-1.116940324538 
-1.147680387267 
-1.140691750821 
-1.138371728163 
-1.136224872362 
-1.143043668580 
-1.143929014475 
-1.104117333632 
-1.151524365302 
-1.159190303281 
-1.180586603606 
-0.980432691966 
-1.013064212449 
-0.943235434750 
-0.961796644845 
-0.981959528528 
-0.990203137738 
-1.002605998364 
-1.050608624431 
-1.040173212608 
-1.036024126366 
-1.023456644216 
-1.092441546618 
-1.115765833955 
-1.125956899079 
-1.119103026579 
-1.139165378480 
-1.148375704774 
-1.123385402917 
-1.065232616183 
-1.126957759828 
-1.118392879258 
-1.137301494712 
-1.159924031476 
-1.203963161417 
-1.202261307914 
-1.202004596972 
-1.202004596972 
-1.255548674950 
-1.241084258724 
-1.220008561390 
-1.191623847168 
-1.217204768374 
-1.236994892328 
-1.249744811130 
-1.268076297779 
-1.260310848978 
-1.252903013395 
-1.244431263410 
-1.240532463141 
-1.244874635307 
-1.244814443940 
-1.244814443940 
-1.244814443940 
-1.244814443940 
-1.249330423034 
-1.252514128822 
-1.197733303723 
-1.197733303723 
-1.197521596058 
-1.198190896975 
-1.200511140201 
-1.223834322141 
-1.211830693514 
-1.211929038518 
-1.189162470399 
-1.195657688103 
-1.196162601387 
-1.195820187888 
-1.290650100290 
-1.296360128853 
-1.193933553087 
-1.194897184518 
-1.215930455716 
-1.182191257794 
-1.241199073824 
-1.254556939056 
-1.254600021315 
-1.288386471820 
-1.220240907191 
-1.230043709207 
-1.243900408357 
-1.214809274570 
-1.196012775578 
-1.252354633643 
-1.252354633643 
-1.233448163522 
-1.272228494371 
-1.275769131767 
-1.251259083227 
-1.247718897876 
-1.244962125784 
-1.263885071489 
-1.270377245704 
-1.229496113694 
-1.268171481640 
-1.282313750525 
-1.279832968316 
-1.279832968316 
-1.277508036048 
-1.291193172538 
-1.258900440848 
-1.280774217415 
-1.286177424439 
-1.334943645953 
-1.128535586843 
-1.120899505814 
-1.135846431032 
-1.199419104698 
-1.235189707926 
-1.203299040544 
-1.279916068556 
-1.267871782686 
-1.296663753052 
-1.302396133414 
-1.309047789421 
-1.255934392064 
-1.243326514829 
-1.208855266623 
-1.200747311171 
-1.183595567687 
-1.169854643846 
-1.169568184037 
-1.180007931463 
-1.178662437716 
-1.166602481186 
-1.151822983009 
-1.137674775975 
-1.157724459243 
-1.150814168156 
-1.141831330846 
-1.148314286593 
-1.102455557764 
-1.142942100120 
-1.131827224486 
-1.127875060788 
-1.153700441678 
-1.134430592234 
-1.111807920446 
-1.094619679503 
-1.077649361019 
-1.066677548296 
-1.074153935872 
-1.071494495545 
-1.064058020199 
-1.069711490235 
-1.079146426084 
-1.075722166431 
-1.077314346823 
-1.081042921302 
-1.083971762195 
-1.083971762195 
-1.091373422615 
-1.065819234985 
-1.058578954760 
-1.075699305712 
-1.082467290057 
-1.131118007772 
-1.112147861501 
-1.058956985530 
-1.072676415844 
-1.053017293523 
-1.056403637418 
-1.055142248166 
-1.102823373873 
-1.101725581046 
-1.103685406352 
-1.103664537121 
-1.075804224278 
-1.083441816743 
-1.101305142430 
-1.099018912762 
-1.099018912762 
-1.099018912762 
-1.082894042885 
-1.099499186757 
-1.093068576831 
-1.110153251395 
-1.064412828079 
-1.064209244098 
-1.052377531701 
-1.087053676412 
-1.087053676412 
-1.086585016222 
-1.064735431605 
-1.072703979604 
-1.086344828739 
-1.088509501442 
-1.111599118381 
-1.172627832082 
-1.171481987772 
-1.167588503679 
-1.193534860006 
-1.193304495909 
-1.187815406119 
-1.193667272928 
-1.225284229032 
-1.212433292987 
-1.170674192592 
-1.142431706367 
-1.111112482262 
-1.114808466556 
-1.106493589056 
-1.106580007449 
-1.116018646909 
-1.091618155441 
-1.163684823945 
-1.165652404567 
-1.200016921954 
-1.207241062968 
-1.198430743956 
-1.176386970142 
-1.141298288285 
-1.148286434703 
-1.135108099095 
-1.157876063255 
-1.122767244306 
-1.122510316528 
-1.124542995898 
-1.120892883674 
-1.161724416993 
-1.156580622413 
-1.152057538917 
-1.152057538917 
-1.157722401582 
-1.195497051011 
-1.219159398256 
-1.222212783032 
-1.263825038117 
-1.277944037823 
-1.293860853619 
-1.296552034328 
-1.301737105117 
-1.272625645401 
-1.327627292562 
-1.251761723648 
-1.207157561379 
-1.215033559819 
-1.245713265819 
-1.301821797633 
-1.273864690679 
-1.221605637062 
-1.145238237201 
-1.146414172056 
-1.146104357948 
-1.143629111280 
-1.140878910991 
-1.135295706684 
-1.125415351937 
-1.131641088629 
-1.111053075989 
-1.113230963789 
-1.117457622262 
-1.090970492981 
-1.082231902453 
-1.082560549951 
-1.156532854754 
-1.162238313263 
-1.155230213734 
-1.184273944725 
-1.137789974462 
-1.103025051725 
-1.143616085459 
-1.142491035636 
-1.130299855811 
-1.136203200696 
-1.124675984226 
-1.112286200613 
-1.186650570759 
-1.213628486485 
-1.180962333970 
-1.175151598259 
-1.155674990147 
-1.097458455684 
-1.088058443635 
-1.089497710836 
-1.073966144532 
-1.080573876514 
-1.079957133181 
-1.055049985450 
-1.041450040064 
-1.072855570661 
-1.061640262483 
-1.056602060478 
-1.080095061647 
-1.089427742781 
-1.054093712806 
-1.066161145908 
-1.066318637114 
-1.059073828218 
-1.030553845973 
-1.045753353828 
-1.037084003917 
-1.071061763734 
-1.057084671548 
-1.093168454957 
-1.105601832662 
-1.112397212161 
-1.063583961406 
-1.119854876364 
-1.112221529064 
-1.100780489372 
-1.082125733636 
-1.056820456711 
-1.110274918289 
-1.063649248461 
-0.985806332093 
-1.006656201805 
-1.020261174518 
-1.041327800615 
-1.007504378448 
-1.033201055427 
-1.066873660558 
-1.066323055357 
-1.111765557956 
-1.135240852322 
-1.162997278275 
-1.182140601806 
-1.207178143910 
-1.217103069695 
-1.180128452221 
-1.109230651235 
-1.114416902247 
-1.098003531464 
-1.108644827724 
-1.061535612334 
-1.021718607046 
-1.068744951693 
-1.044984720497 
-1.028101517060 
-0.955308489088 
-0.921797316974 
-0.933221003183 
-0.985795367375 
-0.943049437747 
-1.028184025735 
-0.997048471501 
-1.012409742819 
-1.006684009340 
-0.986976149093 
-1.072104503337 
-1.050134428799 
-1.053469866950 
-1.043613327663 
-1.045821701544 
-1.068941508215 
-1.059193561670 
-1.083071200030 
-1.091143781721 
-1.088446719552 
-1.080353628634 
-1.067873472777 
-1.061003858353 
-1.043993307654 
-1.068913700387 
-1.053122978013 
-1.053296398717 
-0.931380750646 
-0.950269819458 
-0.910916512416 
-0.911534056234 
-0.938519383770 
-0.935282298151 
-0.955158049581 
-0.974249135254 
-1.023018636752 
-1.002712998322 
-1.055682407233 
-0.985086930743 
-1.058262168841 
-1.041069257115 
-1.029765906081 
-1.150642485483 
-1.154133743940 
-1.165728276933 
-1.158148435135 
-1.130631219705 
-1.118784308702 
-1.120799383762 
-1.133017345698 
-1.163022056305 
-1.160219616322 
-1.148731414223 
-1.139379521993 
-1.028243444863 
-1.051935911891 
-1.001484285698 
-1.167210639231 
-1.157946822152 
-1.171363345878 
-1.207534579015 
-1.191577936935 
-1.190353691358 
-1.156128143479 
-1.148177074830 
-1.169782095436 
-1.165191812073 
-1.202821327764 
-1.181001700564 
-1.181635535649 
-1.163619438395 
-1.189899783047 
-1.153423915668 
-1.181935197905 
-1.164273051573 
-1.181883311228 
-1.181883311228 
-1.165811526973 
-1.160063660981 
-1.143317904552 
-1.141631207788 
-1.129061417362 
-1.093916287677 
-1.117994661032 
-1.100314514178 
-1.102087320776 
-1.094107228268 
-1.076524350715 
-1.075733283496 
-1.086428436991 
-1.046115009930 
-1.078928593986 
-1.089360490694 
-1.097611183600 
-1.100305362257 
-1.098514642214 
-1.092921953901 
-1.098281428073 
-1.115528790177 
-1.136113774061 
-1.127804316265 
-1.119987972023 
-1.146497159937 
-1.194223699819 
-1.180803854936 
-1.182858763158 
-1.185781979157 
-1.191929883996 
-1.188314079346 
-1.193918683691 
-1.202077049886 
-1.212457144746 
-1.215768876019 
-1.265512670317 
-1.242898191399 
-1.246143601390 
-1.265381285384 
-1.242813248587 
-1.254855955507 
-1.239953914989 
-1.221344582317 
-1.210395644372 
-1.230483854813 
-1.225337260148 
-1.188686941375 
-1.193905454853 
-1.219705917729 
-1.211866036856 
-1.209959177536 
-1.275219465876 
-1.277379288374 
-1.267434304537 
-1.260129330042 
-1.274551428515 
-1.257913705193 
-1.285683715899 
-1.230205412953 
-1.200783035811 
-1.192513068974 
-1.212249709517 
-1.253945379733 
-1.251281566651 
-1.182640619908 
-1.180699539225 
-1.183424522178 
-1.173866151269 
-1.182465858055 
-1.189595177353 
-1.179951488216 
-1.171556874754 
-1.193484241822 
-1.147458470912 
-1.192223215703 
-1.164232453792 
-1.171364908579 
-1.175817298618 
-1.211976505681 
-1.245299718628 
-1.365494207107 
-1.322161448201 
-1.304534221627 
-1.299619524724 
-1.287180657203 
-1.360472649769 
-1.306575463177 
-1.299975275331 
-1.282780007975 
-1.274963529755 
-1.294874504286 
-1.291215102498 
-1.344450732208 
-1.339815983952 
-1.339815983952 
-1.327287271527 
-1.346476148173 
-1.406628329242 
-1.390015223736 
-1.296327113557 
-1.334462328445 
-1.355571962337 
-1.351551851688 
-1.297009444169 
-1.325317534194 
-1.391103064033 
-1.405907058861 
-1.337520859831 
-1.330530939719 
-1.377498145434 
-1.338975777053 
-1.309950663925 
-1.302636040692 
-1.301566807503 
-1.252126799860 
-1.272756238507 
-1.260240856662 
-1.271638255730 
-1.193405079325 
-1.236494963504 
-1.193271140199 
-1.193043498359 
-1.205327565701 
-1.154963589129 
-1.161450986303 
-1.171205969941 
-1.171829159434 
-1.183582224107 
-1.185089531418 
-1.183280689703 
-1.237577186541 
-1.233979298905 
-1.233979298905 
-1.233979298905 
-1.233979298905 
-1.233979298905 
-1.248190108559 
-1.244454532219 
-1.247100087336 
-1.241994292207 
-1.247490269896 
-1.246767884931 
-1.278371273017 
-1.329291509335 
-1.335335318689 
-1.296878056249 
-1.322654931577 
-1.392983408050 
-1.416442549607 
-1.387862936341 
-1.402181005232 
-1.380234513015 
-1.315588621403 
-1.456343220283 
-1.378612262622 
-1.370972645852 
-1.367785824725 
-1.338920904393 
-1.331310185178 
-1.380535423305 
-1.380535423305 
-1.338661343139 
-1.390826580896 
-1.344655651144 
-1.376740188296 
-1.325381290863 
-1.328027467511 
-1.232373080639 
-1.222800826490 
-1.183962692767 
-1.168680177175 
-1.164300792018 
-1.173381087331 
-1.133054636101 
-1.122714469835 
-1.161789831877 
-1.153390999751 
-1.156308124687 
-1.138000555647 
-1.154163500415 
-1.103402615315 
-1.166091630784 
-1.133381150639 
-1.161428827860 
-1.177451644510 
-1.166452230561 
-1.162088368094 
-1.152407338556 
-1.126995712399 
-1.134416409746 
-1.134390783440 
-1.173336203870 
-1.164266188001 
-1.191287585981 
-1.222649576952 
-1.209584668343 
-1.193836898204 
-1.164731272828 
-1.172798401022 
-1.178352483856 
-1.171353966284 
-1.162615348169 
-1.140432821226 
-1.088713960519 
-1.088658357018 
-1.076923535440 
-1.068824027109 
-1.073722353236 
-0.950453251347 
-0.982430690765 
-0.975563836360 
-0.964353511713 
-0.975552286625 
-0.979983771791 
-0.964453009582 
-0.964217148402 
-0.991454633372 
-1.008584890969 
-1.036792018819 
-1.035195146200 
-1.035346149875 
-1.067535714399 
-1.063246967072 
-1.068272710545 
-1.068272710545 
-1.111875721432 
-1.111998523144 
-1.105955639333 
-1.105955639333 
-1.116142618141 
-1.092975725693 
-1.099452521408 
-1.110461073374 
-1.171450189888 
-1.170550934117 
-1.184617551931 
-1.152017007414 
-1.095853259655 
-1.072456338130 
-1.084929274393 
-1.053512127236 
-1.097145683002 
-1.106680903515 
-1.047118088876 
-1.079254075209 
-1.045787458401 
-1.024228374553 
-1.072301560491 
-1.078286344616 
-1.081410331935 
-1.081410331935 
-1.107146312893 
-1.087740524771 
-1.087382124149 
-1.090815664169 
-1.054400089151 
-1.050934704647 
-1.050338181186 
-1.061519509439 
-0.949962032460 
-1.046134184342 
-1.192718926783 
-1.180983039790 
-1.151625715780 
-1.151846916094 
-1.148024656385 
-1.145065003871 
-1.139365462211 
-1.151601006534 
-1.147065571627 
-1.148451711529 
-1.147263456883 
-1.136077696278 
-1.144615567707 
-1.147306291396 
-1.146432078591 
-1.150680733127 
-1.150680733127 
-1.165940603750 
-1.176829779809 
-1.109266232785 
-1.104857515497 
-1.101169216066 
-1.078446905903 
-1.079467313107 
-1.077747054474 
-1.076940793126 
-1.080054066677 
-1.068564687347 
-1.069455979457 
-1.069455979457 
-1.082065339900 
-1.082495641887 
-1.078938538994 
-1.078183290127 
-1.078449551069 
-1.080101695422 
-1.073814178174 
-1.075781892907 
-1.090836824488 
-1.074073711495 
-1.074592137990 
-1.075274280230 
-1.069150120331 
-1.079204459803 
-1.075989435639 
-1.097948429610 
-1.113040735627 
-1.137622167210 
-1.149817149017 
-1.140426263847 
-1.150004724595 
-1.157998745989 
-1.120780445504 
-1.103881252117 
-1.094448198084 
-1.090495822979 
-1.082032587135 
-1.116121128110 
-1.108544101391 
-1.108867998651 
-1.110474223038 
-1.119171480947 
-1.118509514764 
-1.122479821390 
-1.127985762970 
-1.085371729203 
-1.124255761480 
-1.133705822513 
-1.135960687382 
-1.144038730738 
-1.151481885676 
-1.149101681670 
-1.142620220485 
-1.160338940285 
-1.152716085216 
-1.124484730415 
-1.122705828425 
-1.113739876162 
-1.106238528298 
-1.142093242151 
-1.154459305202 
-1.156323833090 
-1.150690995009 
-1.124546293032 
-1.087727223558 
-1.090349974799 
-1.099386761572 
-1.097690716762 
-1.111804219563 
-1.096955575996 
-1.107523945086 
-1.105013924428 
-1.121354870258 
-1.121822992451 
-1.010319147421 
-1.013127952914 
-0.977828699165 
-0.978045221352 
-0.961971606252 
-0.952398858764 
-0.981324175399 
-1.036816032860 
-0.957695929425 
-1.002965137955 
-0.990596363956 
-1.039094701891 
-1.016034368007 
-1.022954207462 
-1.183829642646 
-1.176601677764 
-1.124297136942 
-1.100154446990 
-1.097351546671 
-1.075684778821 
-1.072549325304 
-1.077818660290 
-1.077716499854 
-1.089441320411 
-1.089441320411 
-1.116379354971 
-1.131636017900 
-1.137600284144 
-1.140462310492 
-1.194122056240 
-1.155374733914 
-1.075092594408 
-1.076980360771 
-1.095684623015 
-1.139322121948 
-1.099089648368 
-1.083017748750 
-1.009094307665 
-1.038969763188 
-1.033692376390 
-1.028048878701 
-1.040761565714 
-1.078528372817 
-1.106330753679 
-1.069456885206 
-1.070335901023 
-1.090615987921 
-1.092948041098 
-1.068510485113 
-1.040733722787 
-1.043279515527 
-1.044220968959 
-1.036563612379 
-1.050839408297 
-1.055650251100 
-1.103963008417 
-1.085418634959 
-1.108352208525 
-1.090127867843 
-1.085786512449 
-1.081259869114 
-1.058526981819 
-1.062958770834 
-1.076356518439 
-1.121463873470 
-1.093283864676 
-1.086596689722 
-1.086979620301 
-1.064820854411 
-1.114037617922 
-1.109693425246 
-1.103506648405 
-1.145958743579 
-1.143839746090 
-1.123165834644 
-1.103778052786 
-1.107488513256 
-1.106782128311 
-1.123902846824 
-1.118369502266 
-1.086875148855 
-1.077824004861 
-1.094024534208 
-1.153670171339 
-1.159410407671 
-1.129332546322 
-1.135599790889 
-1.115421101657 
-1.125349034044 
-1.095650470284 
-1.050541604072 
-1.017817371511 
-1.087332329661 
-1.057779411149 
-1.052944940264 
-1.032621957440 
-1.049302121151 
-1.103351486821 
-1.036824270286 
-1.020172965087 
-1.042692291077 
-1.041729647634 
-1.066506128373 
-1.045393105329 
-1.067881980299 
-0.970108538726 
-0.956891482630 
-1.004062746000 
-0.933607214030 
-1.019618884338 
-0.981326081193 
-1.055038023683 
-1.079509021712 
-1.078681310770 
-1.046359463222 
-1.050086124318 
-1.069005084604 
-1.085057076082 
-1.075928359898 
-1.089748067601 
-1.087067001962 
-1.127491869430 
-1.114928257975 
-1.101599057405 
-1.101599057405 
-1.102193385133 
-1.089837552767 
-1.055888127854 
-1.047134232757 
-1.077818835244 
-1.086680313430 
-1.104673943675 
-1.091390199863 
-1.078162730667 
-1.079257103022 
-1.079259224685 
-1.087057822406 
-1.087057822406 
-1.104141334492 
-1.162473434798 
-1.168194713859 
-1.180003100288 
-1.254607438610 
-1.260633860196 
-1.267864283604 
-1.249669898066 
-1.245625775944 
-1.251032185562 
-1.252868050727 
-1.248868234211 
-1.224585810978 
-1.242954831405 
-1.226761267156 
-1.212034581124 
-1.191325601421 
-1.194125686532 
-1.194125686532 
-1.197039637538 
-1.188641837470 
-1.192127064815 
-1.199119616303 
-1.221671719607 
-1.221524118283 
-1.224188236949 
-1.197714163763 
-1.208296413788 
-1.201499804041 
-1.187438250334 
-1.154936982912 
-1.152656117071 
-1.166318103382 
-1.168849291701 
-1.209179228697 
-1.205087764497 
-1.208680984864 
-1.204939282601 
-1.203583326479 
-1.196420445982 
-1.190669626968 
-1.157914899406 
-1.157898973328 
-1.141115088487 
-1.106571078504 
-1.106571078504 
-1.112306263711 
-1.125663880177 
-1.132234080315 
-1.118711666432 
-1.186154183273 
-1.165163001121 
-1.175773572883 
-1.189499930509 
-1.193306766228 
-1.183354764717 
-1.231659816644 
-1.178781877223 
-1.229437061483 
-1.225934733084 
-1.187584019555 
-1.160437519242 
-1.172185794745 
-1.182338003398 
-1.199377354959 
-1.187950350904 
-1.183234870347 
-1.223520696640 
-1.224234637669 
-1.201650213901 
-1.190956588728 
-1.205195117013 
-1.208459165776 
-1.197674973233 
-1.194049087957 
-1.204700484592 
-1.201668545449 
-1.203480620463 
-1.219917373814 
-1.228866203038 
-1.186796559606 
-1.187976968179 
-1.178453638494 
-1.176550698296 
-1.200550702049 
-1.222910071466 
-1.230218654056 
-1.234071163823 
-1.242668538451 
-1.260639554583 
-1.229749333041 
-1.214962190020 
-1.189676858412 
-1.206792701025 
-1.258662477330 
-1.264878225520 
-1.262355000491 
-1.250190321464 
-1.254864546817 
-1.245704102345 
-1.260747100361 
-1.235038557715 
-1.266161567987 
-1.363328742514 
-1.302326688270 
-1.302326688270 
-1.260647479317 
-1.293762091324 
-1.147220702951 
-1.172756508945 
-1.224002688898 
-1.225068353237 
-1.236070526132 
-1.237033511139 
-1.230575525899 
-1.212763777452 
-1.190801191607 
-1.190259025587 
-1.184909355794 
-1.197144166062 
-1.204944471103 
-1.185909515863 
-1.215499090850 
-1.181739404013 
-1.199904118164 
-1.153830816095 
-1.162891343166 
-1.172276777296 
-1.198154116396 
-1.265922511317 
-1.284660999881 
-1.331518000535 
-1.358756550433 
-1.467197242494 
-1.369928828752 
-1.342595435945 
-1.384585969515 
-1.382326102800 
-1.324228481805 
-1.341184887592 
-1.311444414487 
-1.287169489264 
-1.320377673172 
-1.301164851573 
-0.979354726478 
-0.923653718402 
-0.911806576060 
-1.007191946562 
-0.939197028137 
-0.968926300586 
-0.947986798509 
-1.042162152792 
-1.097335831620 
-1.119821305805 
-1.085642450682 
-1.114375198060 
-1.108729762013 
-1.113034580836 
-1.128508269940 
-1.130155409820 
-1.091675734949 
-1.116827192076 
-1.037453368275 
-1.050010668845 
-1.032424205693 
-1.035247514684 
-1.058083354871 
-1.075946934006 
-1.012306995424 
-0.969051247410 
-1.031404786529 
-1.090472256557 
-1.072382304907 
-1.095902110479 
-1.108024458601 
-1.119396522359 
-1.149299113583 
-1.142109877121 
-1.161432869651 
-1.146637169205 
-1.172040919042 
-1.168096720558 
-1.165222144489 
-1.123241249569 
-1.112353992727 
-1.103493018720 
-1.111622510754 
-1.105024349515 
-1.108266463740 
-1.110538149467 
-1.106892901371 
-1.057411956878 
-1.046220296932 
-0.952945036995 
-1.134065311840 
-1.131461827573 
-1.136967073303 
-1.108644785894 
-1.033341265203 
-1.052136958997 
-1.064701042034 
-1.062871047667 
-1.064836269573 
-1.089352752347 
-1.051082796261 
-1.041275933505 
-1.050810596327 
-1.132547396969 
-1.084244757649 
-1.086170559130 
-1.061120195394 
-1.120675593696 
-1.108466144670 
-1.143442615588 
-1.197026690473 
-1.163369275345 
-1.165572348577 
-1.166980810297 
-1.186806046644 
-1.192642762269 
-1.183231810008 
-1.131198727619 
-1.104012341454 
-1.102375494880 
-1.141218900123 
-1.026500902299 
-1.021381040301 
-1.005122620200 
-1.054093730281 
-1.041192180634 
-1.084208391776 
-1.067645194624 
-1.060153552802 
-1.066558594448 
-1.063169308905 
-1.067149713995 
-1.060202013727 
-1.050598559452 
-1.145784334947 
-1.137557883007 
-1.135902612179 
-1.127925980620 
-1.137238602415 
-1.191522221842 
-1.192122732535 
-1.182680425941 
-1.211444245643 
-1.218916641047 
-1.225418019157 
-1.251859680658 
-1.308940435282 
-1.308446123864 
-1.332240212204 
-1.305471807342 
-1.277060407437 
-1.291294597387 
-1.201450419097 
-1.135075317246 
-1.124589808489 
-1.136907506957 
-1.133968152625 
-1.110527040430 
-1.117995231708 
-1.156705953830 
-1.207245534070 
-1.204708381632 
-1.268119749635 
-1.253620133669 
-1.250545075603 
-1.250916061419 
-1.192005571470 
-1.190500229332 
-1.184468679037 
-1.184215610288 
-1.180255117950 
-1.199091319845 
-1.186315558307 
-1.202871181607 
-1.218918860281 
-1.250608711135 
-1.259886783279 
-1.194766978873 
-1.188856577012 
-1.202425656198 
-1.155382847632 
-1.139881171353 
-1.136565540025 
-1.120900855613 
-1.137788464417 
-1.126937013510 
-1.044977786303 
-1.067544980672 
-1.132825774299 
-1.124067534325 
-1.097828986730 
-1.064977402678 
-1.024025392910 
-1.066874052273 
-0.974513733855 
-0.994393685514 
-1.049084571221 
-1.028050257237 
-1.066870305392 
-1.189478177185 
-1.190702925496 
-1.180163272772 
-1.111064068582 
-1.131647009882 
-1.127093668116 
-1.092749250328 
-1.122890078156 
-1.157661627952 
-1.158370343587 
-1.159430057595 
-1.183959911285 
-1.242824306512 
-1.282394799778 
-1.303814173406 
-1.291915631860 
-1.247383474702 
-1.208152933630 
-1.252007491301 
-1.197845281701 
-1.186896976931 
-1.175765543047 
-1.136532483555 
-1.126188058371 
-1.134712624989 
-1.128488221554 
-1.203167945373 
-1.186777714287 
-1.150032766566 
-1.187900680973 
-1.183478642102 
-1.272930954193 
-1.238404236176 
-1.268151020825 
-1.225999514151 
-1.270748631702 
-1.289065812072 
-1.336008447076 
-1.356734712749 
-1.364436512659 
-1.336857306803 
-1.331261918560 
-1.307836471385 
-1.365273085561 
-1.370416489878 
-1.358640248333 
-1.353371179755 
-1.337816405436 
-1.339577547967 
-1.260346504612 
-1.276626835975 
-1.258771085115 
-1.233666685512 
-1.233160379018 
-1.192961943131 
-1.193121112732 
-1.197430264492 
-1.215040603167 
-1.228825930428 
-1.205469394666 
-1.204762415621 
-1.231759726161 
-1.223997213074 
-1.221758076980 
-1.214408831463 
-1.245470602605 
-1.200801292047 
-1.206114341425 
-1.193225770357 
-1.222863315706 
-1.193773866313 
-1.193407134137 
-1.195768372794 
-1.177328412582 
-1.099469874846 
-1.061328650808 
-1.052856504622 
-1.061115533114 
-1.058835078466 
-1.073491526603 
-1.063304929599 
-1.073553702009 
-1.036087694456 
-1.049414597773 
-1.043248693724 
-1.029055928689 
-1.032797213623 
-1.014872119014 
-1.011026529422 
-1.008026620587 
-1.052788929436 
-1.058634254812 
-1.048134262543 
-1.047694106609 
-1.011297077658 
-1.075316437410 
-1.019565542321 
-1.002503190227 
-1.013883427969 
-1.035149157241 
-1.105816181103 
-1.104098376188 
-1.103300524040 
-1.099243863663 
-1.087223504141 
-1.063147607358 
-1.105548892361 
-1.128156919691 
-1.166077981313 
-1.153712385982 
-1.156547569264 
-1.144652394943 
-1.135160740581 
-1.135981843924 
-1.134101984262 
-1.134101984262 
-1.124632440944 
-1.124632440944 
-1.094429399079 
-1.098467439748 
-1.108237359831 
-1.086591379317 
-1.078702733321 
-1.035494627323 
-1.040072968024 
-1.026522500146 
-1.013810850664 
-1.084166298353 
-1.031186060154 
-1.080985191869 
-1.072434176432 
-1.130561047760 
-1.134969045315 
-1.134969045315 
-1.137594255664 
-1.141251743123 
-1.137602132007 
-1.137602132007 
-1.120164631223 
-1.110701696232 
-1.097760944088 
-1.104587834763 
-1.107674076225 
-1.111185188864 
-1.083854260363 
-1.086044497659 
-1.098295242340 
-1.083579694738 
-1.134838828871 
-1.134639239852 
-1.160249055897 
-1.166070551385 
-1.174855084156 
-1.235018309852 
-1.189968675850 
-1.185062702018 
-1.197411453008 
-1.149199448809 
-1.159613283212 
-1.147775838738 
-1.145841344515 
-1.124383527243 
-1.122035630111 
-1.146901370147 
-1.135506412398 
-1.129757376554 
-1.134767608767 
-1.122952332923 
-1.082375396828 
-1.058994765046 
-1.114432069034 
-1.130103100395 
-1.101318371886 
-1.118370090034 
-1.140457721692 
-1.159908644594 
-1.175294426498 
-1.171989187458 
-1.170889929564 
-1.140964544881 
-1.075716253187 
-1.045028776508 
-1.049126244901 
-1.090423142579 
-1.100878475776 
-1.100231541871 
-1.096382064576 
-1.098526037578 
-1.093452983388 
-1.098898636694 
-1.158790391879 
-1.155940692455 
-1.152374917484 
-1.146502664515 
-1.163522338143 
-1.170031586195 
-1.180975145346 
-1.172130188398 
-1.179323876965 
-1.196599740132 
-1.184340601891 
-1.190415214188 
-1.212022579970 
-1.210132357304 
-1.167485138568 
-1.182087730349 
-1.176499478366 
-1.200014404529 
-1.205018325716 
-1.214623940198 
-1.225410493001 
-1.236646904646 
-1.234197380913 
-1.256878866261 
-1.240258017183 
-1.242574721597 
-1.289931705690 
-1.057246156677 
-1.084239055097 
-1.063632547290 
-1.063632547290 
-1.063790016000 
-1.072098863246 
-1.092771579090 
-1.067474129882 
-1.068112885500 
-1.068112885500 
-1.075687945382 
-1.078039381079 
-1.106001221953 
-1.070565775565 
-1.138432624312 
-1.171298621811 
-1.202359623409 
-1.176541791532 
-1.191287339202 
-1.172500794922 
-1.149849715031 
-1.144446015635 
-1.142294984849 
-1.059501560674 
-1.137445587669 
-1.204517511586 
-1.218317675972 
-1.283090791926 
-1.264758931753 
-1.261814769795 
-1.251424632347 
-1.230098702840 
-1.211752724677 
-1.217089119098 
-1.201492234934 
-1.203407598718 
-1.177696401965 
-1.196472932408 
-1.215863036236 
-1.222257621707 
-1.285072448464 
-1.308810667459 
-1.313062881413 
-1.316401705941 
-1.203186104702 
-1.160474153846 
-1.158918476882 
-1.164282385556 
-1.160235433974 
-1.176714269347 
-1.192072070237 
-1.189717145078 
-1.180255651253 
-1.152647853493 
-1.199605444093 
-1.233355596733 
-1.214659344674 
-1.193341203638 
-1.196209020154 
-1.206445539925 
-1.116207200131 
-1.133390471828 
-1.118552433592 
-1.126320018425 
-1.117270831094 
-1.096074256505 
-1.103941116845 
-1.093994170348 
-1.098483765438 
-1.128566540420 
-1.147653575392 
-1.141278277916 
-1.113221156058 
-1.111446197637 
-1.135574262180 
-1.134158941979 
-1.074026512290 
-1.098668242230 
-1.065093884314 
-1.074756478348 
-1.051873486676 
-0.980537758308 
-0.967867599310 
-0.967867599310 
-0.995639177998 
-0.961492246960 
-0.967677594847 
-0.958335137249 
-0.963927039098 
-0.912833960057 
-0.942836306284 
-0.962985473315 
-0.948886892693 
-0.901810058474 
-1.134768478189 
-1.132100182273 
-1.117342172197 
-1.167764583362 
-1.147542568974 
-1.117873527799 
-1.171987885646 
-1.136593649156 
-1.116841447090 
-1.122730805566 
-1.111876808791 
-1.105741429769 
-1.122428584687 
-1.126106220819 
-1.126240384906 
-1.095343444606 
-1.083222348356 
-1.098121331406 
-1.102845439461 
-1.082451932930 
-1.097448088808 
-1.148652279215 
-1.175638135965 
-1.143442260061 
-1.151581780930 
-1.157032345915 
-1.144250045752 
-1.113003888118 
-1.115580183290 
-1.108882747154 
-1.135915146337 
-1.155601153789 
-1.119669584575 
-1.098327283277 
-1.126476312459 
-1.104260546530 
-1.126934025149 
-1.147655912076 
-1.131638108754 
-1.129876417095 
-1.136123638621 
-1.154304215280 
-1.182578883864 
-1.164130393894 
-1.143643424730 
-1.162217318424 
-1.162217318424 
-1.162217318424 
-1.166180790260 
-1.165539365888 
-1.170605666055 
-1.173910755463 
-1.167474359804 
-1.178733132397 
-1.207086804223 
-1.165443852826 
-1.176717341765 
-1.171454687321 
-1.206157687969 
-1.187657720225 
-1.234047565333 
-1.216916689029 
-1.189298333158 
-1.189778129258 
-1.156427924637 
-1.164482712292 
-1.178859774525 
-1.161199697693 
-1.165237686584 
-1.180398616872 
-1.197985355283 
-1.165373339561 
-1.160918585668 
-1.165144710284 
-1.159512995719 
-1.147417043279 
-1.160236841407 
-1.169553887779 
-1.154003646857 
-1.124950155007 
-1.156147091792 
-1.159099038748 
-1.128960907840 
-1.160248189114 
-1.160303166930 
-1.167504470285 
-1.149231788221 
-1.138464707842 
-1.144344193894 
-1.111468537683 
-1.100130630530 
-1.062048991487 
-1.129440627138 
-1.194581093968 
-1.080126338269 
-1.084146257910 
-1.134039797864 
-1.122705497578 
-1.169134509501 
-1.169029940758 
-1.134460178676 
-1.142492797487 
-1.150869631192 
-1.088385152863 
-1.141519749008 
-1.160824744940 
-1.146304007021 
-1.127165691581 
-1.086759925105 
-1.089250784408 
-1.109803716608 
-1.036456331151 
-1.041573785707 
-1.052799659489 
-1.062679508591 
-1.041860258229 
-1.064466355122 
-1.089329131605 
-1.088144407496 
-1.082977777061 
-1.082682901934 
-1.083830414193 
-1.071564284224 
-1.077514046616 
-1.099019161117 
-1.101443042455 
-1.088440918326 
-1.078941122473 
-1.068260578242 
-1.085491872115 
-1.079772648402 
-1.075334541171 
-1.088123182801 
-1.097330149300 
-1.146639779147 
-1.142508334077 
-1.122064748935 
-1.122717385809 
-1.120234768037 
-1.121478630675 
-1.121596101374 
-1.121596101374 
-1.127951267960 
-1.138337553286 
-1.157724604879 
-1.167373035614 
-1.166063763257 
-1.166010498063 
-1.166010498063 
-1.165346002961 
-1.170604994915 
-1.177755411470 
-1.180751271653 
-1.218557128825 
-1.223605774586 
-1.238517857934 
-1.213130908908 
-1.218676513364 
-1.241186390118 
-1.223965218241 
-1.281008696012 
-1.288542653366 
-1.285877586463 
-1.285877586463 
-1.282477888710 
-1.277453354371 
-1.256414819615 
-1.285651375371 
-1.270379113030 
-1.185541598186 
-1.162704677533 
-1.170926077122 
-1.160205696937 
-1.160205696937 
-1.162410674151 
-1.161033042801 
-1.153735883447 
-1.153086357402 
-1.162679193912 
-1.191239155868 
-1.191952944183 
-1.191952944183 
-1.186732180701 
-1.182923386574 
-1.183483960581 
-1.183483960581 
-1.191580056044 
-1.198018588689 
-1.175788787640 
-1.150860878224 
-1.066930742092 
-1.014175856001 
-0.999807736176 
-1.061526629593 
-1.049245449194 
-1.028025533281 
-1.048810845786 
-1.046124846825 
-1.069393040240 
-1.054614746285 
-1.070097368915 
-1.157222273160 
-1.137927935484 
-1.142992373676 
-1.153716045121 
-1.168828866974 
-1.086838103569 
-1.112706484325 
-1.106682854912 
-1.116231873853 
-1.085314114426 
-1.026449106839 
-1.042830118373 
-1.044385056678 
-1.024399137063 
-1.020972383273 
-1.035552139753 
-1.045286190154 
-1.124070547456 
-1.110099752712 
-1.122281225097 
-1.122281225097 
-1.128430095146 
-1.135553497455 
-1.135222304652 
-1.157655540052 
-1.172340421638 
-1.156000471675 
-1.243460276811 
-1.276903039307 
-1.276623517509 
-1.267562764304 
-1.268116060349 
-1.245607586212 
-1.246040766590 
-1.261019527329 
-1.265275634208 
-1.264068769943 
-1.237046263331 
-1.226785098935 
-1.215447862072 
-1.263649406527 
-1.146448744486 
-1.144289458060 
-1.109238422391 
-1.145777277029 
-1.131573785349 
-1.104172258264 
-1.079244128525 
-1.023545415892 
-1.050093296069 
-1.056475979178 
-1.076083683889 
-1.105752741797 
-1.141424850861 
-1.107439716027 
-1.118507819645 
-1.111865621841 
-1.066497000887 
-1.102357722282 
-1.115152685362 
-1.129723786358 
-1.113105806005 
-1.112590672768 
-1.138178298554 
-1.014487245348 
-1.051702741560 
-1.034673203084 
-1.077679994874 
-1.077013013155 
-1.090126132340 
-1.090126132340 
-1.079601578873 
-1.094653812438 
-1.104774707882 
-1.106578832134 
-1.112905990390 
-1.104592474876 
-1.124614913439 
-1.116185001237 
-1.102594307310 
-1.113474474068 
-1.063003061961 
-1.093310705351 
-1.088516303587 
-1.076697135049 
-1.072516994347 
-1.077641431431 
-1.071584461419 
-1.070549294717 
-1.070468870094 
-1.030733136384 
-1.054495080824 
-1.044616876288 
-1.032556183745 
-1.031257888877 
-1.068550573230 
-1.083516087472 
-1.064788123069 
-1.142773892671 
-1.117465671100 
-1.131977758854 
-1.093973601472 
-1.078662397793 
-1.078662397793 
-1.080537424853 
-1.065675966472 
-1.074558848853 
-1.056013456813 
-1.038072998850 
-1.023895568486 
-1.022783829133 
-1.056104955879 
-1.088478139322 
-1.090355479645 
-1.097401265215 
-1.147062554392 
-1.136913463439 
-1.122415596947 
-1.129841058408 
-1.141015947937 
-1.129411015912 
-1.142701546427 
-1.145873528518 
-1.163730566636 
-1.158207225213 
-1.170663526561 
-1.173578084451 
-1.173928722351 
-1.165380574298 
-1.117467863296 
-1.145297207383 
-1.150480765232 
-1.147221423927 
-1.061001079625 
-1.063360792164 
-1.016521125997 
-1.045755537037 
-1.027749506780 
-1.055344865093 
-1.062128889705 
-1.036422304073 
-1.042878951408 
-1.038640612722 
-1.109283295381 
-1.132087629686 
-1.115660964042 
-1.099989147940 
-1.092764769977 
-1.061721261624 
-1.091419250088 
-1.052676354391 
-1.099896341294 
-1.039383488759 
-1.120798688553 
-1.134088801181 
-1.139756692913 
-1.094714407774 
-1.087028992951 
-1.059077625002 
-1.076029816154 
-1.072213714654 
-1.027535715793 
-1.043106927982 
-1.030076353999 
-1.021949855059 
-1.018971880444 
-1.010463495580 
-1.010463495580 
-1.014746035574 
-0.984142552942 
-0.984142552942 
-1.041272351136 
-0.982296328605 
-1.026527376033 
-1.006393921832 
-1.151407458784 
-1.158010618814 
-1.157976589529 
-1.157976589529 
-1.156749723560 
-1.153854684124 
-1.170471345759 
-1.143679397329 
-1.143675879205 
-1.130469544486 
-1.133130307215 
-1.130678067267 
-1.128401316112 
-1.121586720701 
-1.122725913637 
-1.138804171222 
-1.133808339178 
-1.110876515878 
-1.109814252076 
-1.092462999414 
-1.135715169476 
-1.129461888809 
-1.119964243073 
-1.092758922819 
-1.061825615079 
-1.044128799788 
-1.065443170780 
-1.062675898641 
-1.099876899293 
-1.113581287492 
-1.123272922487 
-1.110939134271 
-1.189977362836 
-1.183566287307 
-1.182765805732 
-1.177062921220 
-1.203535831840 
-1.309901649718 
-1.230433121399 
-1.250732198070 
-1.282322315103 
-1.280224546189 
-1.297399626684 
-1.283467369669 
-1.291629658540 
-1.290443479557 
-1.297570797866 
-1.290446003376 
-1.272747319030 
-1.299439867172 
-1.269367951124 
-1.274279703696 
-1.262448628563 
-1.248035670281 
-1.248035670281 
-1.248035670281 
-1.225177887357 
-1.213531565199 
-1.192816240349 
-1.129294919075 
-1.137764954106 
-1.120026961786 
-1.118700413449 
-1.082202631400 
-1.087293754737 
-1.088666939782 
-1.080831571218 
-1.016900977674 
-1.047408034978 
-1.062804196355 
-1.062728864889 
-1.056829897486 
-1.121376988312 
-1.087224240830 
-1.028835438698 
-1.015675837201 
-1.046193727576 
-1.050824197869 
-1.080104366520 
-1.118091077666 
-1.109403792130 
-1.129417011103 
-1.151476983761 
-1.167366704336 
-1.110809289001 
-1.071041234048 
-1.060679444097 
-1.091007762394 
-1.099961372325 
-1.100518375876 
-1.097449473566 
-1.079793692465 
-1.098323359097 
-1.089528588667 
-1.112705526102 
-1.104261570788 
-1.102493894747 
-1.080431489270 
-1.079162192837 
-1.089797112773 
-1.098628535683 
-1.102972695425 
-1.072216591864 
-1.066043411264 
-1.091884928141 
-1.082470276751 
-1.127085336811 
-1.125022900444 
-1.207245075002 
-1.192327227236 
-1.279193939508 
-1.258962173468 
-1.256150880143 
-1.244803243101 
-1.239030665613 
-1.239586624776 
-1.219086997905 
-1.213260004820 
-1.186971364442 
-1.189043221220 
-1.198596920125 
-1.184090279597 
-1.167180775218 
-1.166691211187 
-1.189628491051 
-1.158009809789 
-1.206327295538 
-1.167223895649 
-1.179900675990 
-1.177776146193 
-1.185844214816 
-1.144561662059 
-1.158172118117 
-1.154902048718 
-1.134384793323 
-1.157667582654 
-1.154336463138 
-1.160489845713 
-1.167011101312 
-1.159281702958 
-1.166049304169 
-1.167622779870 
-1.172645965216 
-1.186470107068 
-1.115886996737 
-1.123864012574 
-1.144867783367 
-1.241416508403 
-1.240056325630 
-1.267427873428 
-1.243176364628 
-1.222453996558 
-1.205355152508 
-1.204382887341 
-1.190470612175 
-1.149591624652 
-1.133899364923 
-1.159304783118 
-1.154604018066 
-1.130266858840 
-1.151277571362 
-1.152525731876 
-1.173253988892 
-1.195550894065 
-1.187759389469 
-1.215671157519 
-1.186327713560 
-1.225972108216 
-1.176010457522 
-1.149230493527 
-1.184927226210 
-1.151630333516 
-1.209158842007 
-1.209158842007 
-1.204436060920 
-1.222384136230 
-1.198245765238 
-1.198245765238 
-1.195179685638 
-1.198741536999 
-1.184304329183 
-1.225627285757 
-1.225627285757 
-1.268324236923 
-1.215114991684 
-1.207129348840 
-1.218778914706 
-1.195117566800 
-1.197296824244 
-1.230741449384 
-1.218239428402 
-1.197481396704 
-1.174952583320 
-1.207548997350 
-1.213308805575 
-1.217105774320 
-1.156776874953 
-1.155938441020 
-1.158439452491 
-1.124348682011 
-1.109118486471 
-1.050360355845 
-1.023748002254 
-1.060397957843 
-1.064547442635 
-1.063401698371 
-1.063401698371 
-1.070081038862 
-1.066857849873 
-1.053396118824 
-1.042321616427 
-1.033750548834 
-1.095154091755 
-1.081835661560 
-1.078671217639 
-1.090361486754 
-1.103100690092 
-1.091680128580 
-1.061252338018 
-1.070271465547 
-1.104144170495 
-1.164115608939 
-1.198325389019 
-1.168003975444 
-1.203003560389 
-1.177357573096 
-1.119018009255 
-1.108346974198 
-1.156774338858 
-1.189788438423 
-1.147110362111 
-1.153817197153 
-1.151100737314 
-1.138651464997 
-1.141099506034 
-1.139041603230 
-1.124431376932 
-1.126286579564 
-1.120674831945 
-1.121100265736 
-1.133166683900 
-1.116025315165 
-1.120906719478 
-1.128220592014 
-1.126381711783 
-1.131835070385 
-1.144768186876 
-1.134689181137 
-1.134269484214 
-1.116236104692 
-1.144057198286 
-1.138960998757 
-1.138864637943 
-1.135976456442 
-1.145948966742 
-1.145783983113 
-1.145783983113 
-1.146008789749 
-1.135141972295 
-1.135141972295 
-1.154285993996 
-1.144975179878 
-1.135409572240 
-1.133937582422 
-1.150581995972 
-1.156354452774 
-1.171505005414 
-1.159138532113 
-1.145049622451 
-1.153968274782 
-1.146033616376 
-1.174562301402 
-1.193782783250 
-1.203515089531 
-1.194511163070 
-1.165075519807 
-1.187141588441 
-1.175032032907 
-1.178658665002 
-1.183606062458 
-1.184252524015 
-1.157470758177 
-1.174831461884 
-1.136637838868 
-1.166654831813 
-1.090282001543 
-1.096635069323 
-1.087827695206 
-1.053360959597 
-1.078609463495 
-1.104544159306 
-1.222022099497 
-1.248692508012 
-1.179778967972 
-1.173724586155 
-1.195060226833 
-1.170709017391 
-1.138275687190 
-1.137536151010 
-1.123362420108 
-1.073642612526 
-1.087444725333 
-1.036638389949 
-1.041072944780 
-1.072854388526 
-1.054184075288 
-0.994531727061 
-1.042593620261 
-1.040829421929 
-1.058387026599 
-1.015494724360 
-1.017235233692 
-1.008705583368 
-1.015186196056 
-1.052426107843 
-1.065303999263 
-1.060858926151 
-1.060858926151 
-1.020420575421 
-1.095293130722 
-1.089730764840 
-1.055297743512 
-1.082007794031 
-1.104032072905 
-1.127842443958 
-1.134722567382 
-1.084257737896 
-1.094364662691 
-1.099153783083 
-1.098796295656 
-1.116361881449 
-1.073334859895 
-1.071668042756 
-1.135270878401 
-1.194369192593 
-1.198835424723 
-1.171571952887 
-1.074504311746 
-1.127753116996 
-1.126003246551 
-1.149667736195 
-1.196976373083 
-1.198177957349 
-1.161413007616 
-1.143111343144 
-1.138253569537 
-1.150276758182 
-1.150276758182 
-1.212849222786 
-1.178877521195 
-1.201406046538 
-1.183226204480 
-1.208729989664 
-1.196912278263 
-1.213615257086 
-1.226949830277 
-1.254702350644 
-1.210844186301 
-1.216490897371 
-1.204443754529 
-1.112599999641 
-1.182267769686 
-1.192931556317 
-1.184635299527 
-1.189394292690 
-1.184824423238 
-1.187753662705 
-1.183967486399 
-1.197617068034 
-1.194863280745 
-1.175397689531 
-1.161862214988 
-1.168500103519 
-1.193602653321 
-1.208447044981 
-1.331861258144 
-0.999152277218 
-1.007612692110 
-0.981404619032 
-0.997599087991 
-1.065133296410 
-1.038578768751 
-1.012971760108 
-1.024241027649 
-1.081103754940 
-1.093044648694 
-1.036619057619 
-1.054756652250 
-1.058540257214 
-1.066907849132 
-1.054528831231 
-1.035653444219 
-1.015343153844 
-1.029307484188 
-1.041212800488 
-1.025177384967 
-0.981142035349 
-1.018094801342 
-0.995418583806 
-0.996799708878 
-1.009290247782 
-0.989821644081 
-1.058368816756 
-1.096574230840 
-1.105622548829 
-1.198748486257 
-1.207974407058 
-1.184548969977 
-1.205474575189 
-1.205001729675 
-1.205561617685 
-1.212426120957 
-1.249504643704 
-1.195618601762 
-1.193493743532 
-1.251168972618 
-1.197306980324 
-1.201268773187 
-1.179764332707 
-1.204214671330 
-1.188289421545 
-1.140857054609 
-1.147134161258 
-1.147574872067 
-1.154850187804 
-1.181769522370 
-1.176103609218 
-1.174895957909 
-1.176534563514 
-1.221282867831 
-1.199685539507 
-1.209157777840 
-1.199462521844 
-1.208088835726 
-1.216075174076 
-1.182428845020 
-1.160138105413 
-1.149698609646 
-1.147399409753 
-1.108947069320 
-1.090564779616 
-1.114322013227 
-1.131888200589 
-1.183191235083 
-1.231420207296 
-1.215819755439 
-1.245335945602 
-1.235808442224 
-1.239302275961 
-1.252092248921 
-1.252467167142 
-1.239351879266 
-1.239297873118 
-1.256805641844 
-1.230093942674 
-1.234991795655 
-1.297108403452 
-1.301696810562 
-1.348123116970 
-1.364514899461 
-1.360142250027 
-1.295292633956 
-1.312777955118 
-1.319708802399 
-1.287283130513 
-1.281049988132 
-1.301742575452 
-1.327697296080 
-1.283802217428 
-1.307940893013 
-1.342938439212 
-1.311112172246 
-1.315369356059 
-1.293630186685 
-1.276095033355 
-1.252718196259 
-1.295246187650 
-1.288129623144 
-1.294431668832 
-1.253964816285 
-1.247506074199 
-1.239786483656 
-1.256073833421 
-1.282011398329 
-1.322756480091 
-1.287503337628 
-1.290270486877 
-1.274194404605 
-1.274186009128 
-1.238189375884 
-1.258332225380 
-1.255804957227 
-1.268959767512 
-1.272937308531 
-1.267751293289 
-1.234085295158 
-1.227051550329 
-1.222794921026 
-1.156879177825 
-1.164793681811 
-1.171572131821 
-1.186571042990 
-1.154336603738 
-1.158578783582 
-1.150969560765 
-1.118493548013 
-1.146178258349 
-1.153849915408 
-1.165594673155 
-1.171154902581 
-1.183514615935 
-1.147423921296 
-1.094562608788 
-1.082919134894 
-1.145613986475 
-1.150367139010 
-1.105571788668 
-1.138732731389 
-1.141021045770 
-1.071479390878 
-1.088645026300 
-1.070416093479 
-1.079312654886 
-1.071347681678 
-1.015764802590 
-1.054160264627 
-1.061034926501 
-1.078998161858 
-1.086812244260 
-1.067356150965 
-1.122547952606 
-1.106309303331 
-1.145817060979 
-1.173681402315 
-1.188713962534 
-1.186891617336 
-1.174758187474 
-1.166122805783 
-1.073235133963 
-1.085672805566 
-1.071494569709 
-1.072097727142 
-1.079410283772 
-1.064844473542 
-1.094379744218 
-1.091631892783 
-1.118380066034 
-1.119252611343 
-1.106550969244 
-1.125170615590 
-1.138435431812 
-1.182924356011 
-1.182867324565 
-1.186789117818 
-1.167328039072 
-1.208013176475 
-1.185986196924 
-1.188523520745 
-1.177937454870 
-1.188206802450 
-1.142742213105 
-1.151921688153 
-1.138839316557 
-1.121169627778 
-1.212903648455 
-1.226513563964 
-1.243394692790 
-1.212180063391 
-1.210516890949 
-1.223966631825 
-1.243741110346 
-1.243741110346 
-1.222338275391 
-1.216832448628 
-1.200774620203 
-1.193744680836 
-1.188158920685 
-1.242924891055 
-1.139091728415 
-1.108736657990 
-1.144552707596 
-1.129457129876 
-1.137039569834 
-1.121521574169 
-1.148456890787 
-1.255456204979 
-1.219216114607 
-1.228793036889 
-1.242712514637 
-1.188077509475 
-1.188077509475 
-1.192486554288 
-1.189849318556 
-1.206000603534 
-1.208555134481 
-1.192726495697 
-1.214308141032 
-1.209468622903 
-1.222620650516 
-1.227510248358 
-1.173314222131 
-1.153271557150 
-1.137296778198 
-1.159152300418 
-1.174667158406 
-1.195169876422 
-1.187937439425 
-1.158589370511 
-1.150757517779 
-1.165964693263 
-1.158758218405 
-1.150510077045 
-1.168571894726 
-1.126918839271 
-1.130982601064 
-1.058076439842 
-1.070425036819 
-1.120498394063 
-1.081046794798 
-1.089465520509 
-1.076513759897 
-1.047837692897 
-1.052051621597 
-1.021980253053 
-1.025010071410 
-1.053689553296 
-1.068779359511 
-1.073221020007 
-1.082541245414 
-1.061746178738 
-1.082885861391 
-1.057866193113 
-1.052844530897 
-1.044830680245 
-1.090763518969 
-1.095009295264 
-1.110975097165 
-1.121469220842 
-1.142578436175 
-1.120499560768 
-1.178281107457 
-1.156844816156 
-1.173649945767 
-1.156307128592 
-1.144386404795 
-1.142221486454 
-1.157933421388 
-1.131308563789 
-1.122562046454 
-1.157537374591 
-1.148307315025 
-1.152844963050 
-1.154269899238 
-1.145593717432 
-1.153143827923 
-1.129752200518 
-1.165517297147 
-1.166760520186 
-1.152687368926 
-1.144420385251 
-1.142734153514 
-1.137245258978 
-1.079638329144 
-1.049021628407 
-1.079911215491 
-1.070947895120 
-1.070947895120 
-1.087224607610 
-1.082348872713 
-1.093278387939 
-1.142771987585 
-1.175237745102 
-1.171559480581 
-1.192007830112 
-1.263573686933 
-1.180635649852 
-1.197111685923 
-1.241366236388 
-1.237731159567 
-1.223394768076 
-1.223299096572 
-1.217824160869 
-1.224764205721 
-1.242202038755 
-1.166398643196 
-1.154347330209 
-1.133983167409 
-1.141418330586 
-1.107037797949 
-1.086015579804 
-1.056681433950 
-1.101930152564 
-1.078019686341 
-1.075150417371 
-1.052616326551 
-1.021648446369 
-1.087009680898 
-1.100694466753 
-1.106524470488 
-1.136553836265 
-1.196645249779 
-1.211735409340 
-1.197044165856 
-1.214197714955 
-1.223053907559 
-1.241225217385 
-1.228834224821 
-1.224191511473 
-1.237992916759 
-1.248636481651 
-1.248533203837 
-1.238148110810 
-1.260749938088 
-1.265903493484 
-1.325113918341 
-1.303486620064 
-1.274725457086 
-1.273068829422 
-1.315161203214 
-1.258680443707 
-1.268445679542 
-1.296396334504 
-1.304000091182 
-1.301802039871 
-1.316526084862 
-1.386340304742 
-1.405515656825 
-1.333943188351 
-1.464642767754 
-1.377408484034 
-1.438133206794 
-1.338419092797 
-1.298935260392 
-1.287417440769 
-1.301785315394 
-1.266189775003 
-1.286063024797 
-1.257917987528 
-1.214476857952 
-1.227243119512 
-1.236643153064 
-1.167438778584 
-1.143307588559 
-1.128767070045 
-1.154375081746 
-1.111484641659 
-1.136163734483 
-1.195305536023 
-1.180432750174 
-1.206631624606 
-1.309812546334 
-1.272503474910 
-1.028872821740 
-1.060315418750 
-1.075992906527 
-1.050460999924 
-1.044705833822 
-1.039628225142 
-1.093441652620 
-1.097964661533 
-1.097963613731 
-1.095054862229 
-1.108469880190 
-1.119651281808 
-1.123025142761 
-1.126263986807 
-1.133426902882 
-1.137538995807 
-1.133966008268 
-1.128321008790 
-1.142276411074 
-1.159477849921 
-1.073351979217 
-1.107816625784 
-1.035504714557 
-1.050849437677 
-1.051228364740 
-1.058124840176 
-1.026752597472 
-1.032911496553 
-1.029435004996 
-1.037391301352 
-1.036630995438 
-1.007589889658 
-1.065778685191 
-1.087858398153 
-1.087050031214 
-1.084118369728 
-1.088841238245 
-1.069706618912 
-1.065981651601 
-1.065981651601 
-1.054585638618 
-1.048382555368 
-1.063033830504 
-1.063033830504 
-1.047135822460 
-1.045362488868 
-1.063738011403 
-1.069818282112 
-1.029785276753 
-1.032453472010 
-1.067854393717 
-1.065093895871 
-1.081929784915 
-1.084097403712 
-1.063659913323 
-1.031779841918 
-1.011059860576 
-1.049440474664 
-1.074298367792 
-1.074334554888 
-1.064699940653 
-1.050464125592 
-1.105729627853 
-1.106571971621 
-1.189110773064 
-1.203865751674 
-1.196543064137 
-1.195538444355 
-1.170664895929 
-1.240910096929 
-1.205086720512 
-1.196663173333 
-1.254688652521 
-1.234759656131 
-1.215824214269 
-1.217938806027 
-1.185729211757 
-1.088642812502 
-1.095906240160 
-1.036616844475 
-1.084503539751 
-1.082043870176 
-1.084850377040 
-1.126514567356 
-1.133818852575 
-1.134969457129 
-1.104536595905 
-1.105417624313 
-1.103807820211 
-1.122626849923 
-1.117389068253 
-1.117389068253 
-1.117389068253 
-1.117490221156 
-1.218277148899 
-1.230934984109 
-1.305497313965 
-1.306863950217 
-1.319634754226 
-1.246140000900 
-1.248843367851 
-1.230021646437 
-1.289867612980 
-1.292655023904 
-1.283427574153 
-1.291518823930 
-1.357369001796 
-1.312722513874 
-1.353426686932 
-1.341312091095 
-1.316158799159 
-1.238457680587 
-1.367679856262 
-1.369692528121 
-1.317048212042 
-1.260309654281 
-1.252760147081 
-1.253678706895 
-1.312733109394 
-1.298523006003 
-1.249047860226 
-1.236895835814 
-1.215893876723 
-1.303966415420 
-1.314514234869 
-1.269968514362 
-1.431771554501 
-1.253042273738 
-1.255717097989 
-1.290757270285 
-1.273888411421 
-1.371442213744 
-1.361800309419 
-1.332901361302 
-1.271950391367 
-1.263559883104 
-1.238796640507 
-1.239249512465 
-1.239249512465 
-1.247719382291 
-1.217935330548 
-1.231915168625 
-1.220523945739 
-1.230047513991 
-1.217648727969 
-1.138656879439 
-1.104543168100 
-1.104543168100 
-1.044529509379 
-1.062685537465 
-1.060230243427 
-1.037358942837 
-1.094012025124 
-1.096887311105 
-1.113203771259 
-1.088428294109 
-1.120358420001 
-1.128423359894 
-1.130823767842 
-1.144675375931 
-1.128879080942 
-1.114228641012 
-1.085608210554 
-1.103678140065 
-1.109592609876 
-1.088921922690 
-1.079398205193 
-1.074564747810 
-1.058550489662 
-1.110914298511 
-1.171366756340 
-1.143526366310 
-1.185942220263 
-1.162185925095 
-1.159500145137 
-1.181460390188 
-1.123050541612 
-1.125094514100 
-1.108700885877 
-1.156196143931 
-1.141993259735 
-1.149310344748 
-1.215972538147 
-1.213808030883 
-1.199632816062 
-1.212754371210 
-1.228748545080 
-1.195595047085 
-1.265371683595 
-1.254194284945 
-1.232373885211 
-1.237039081230 
-1.237590157608 
-1.232882792403 
-1.259986655603 
-1.225920352593 
-1.258672521859 
-1.273842830898 
-1.317160047609 
-1.255822904040 
-1.259262085937 
-1.229203387260 
-1.217250579882 
-1.232361432852 
-1.240308943021 
-1.222371244971 
-1.209420322063 
-1.244596897708 
-1.199930643986 
-1.214373863741 
-1.234194598401 
-1.201528789550 
-1.185176951311 
-1.226500221806 
-1.223251422499 
-1.223487084211 
-1.225171609758 
-1.238921846989 
-1.253004551789 
-1.248232716100 
-1.223372491710 
-1.250161961490 
-1.223014692972 
-1.235487594645 
-1.214501534424 
-1.210010568670 
-1.215611767713 
-1.218401002497 
-1.217976516105 
-1.200492876826 
-1.175170317702 
-1.125283338985 
-1.096245503755 
-1.117602129214 
-1.093335524422 
-1.042772691823 
-1.083332404242 
-1.137277287982 
-1.118174701094 
-1.103098182550 
-1.099444325002 
-1.101307448340 
-1.087252927634 
-1.096559167088 
-1.116330840849 
-1.113116296495 
-1.089951116589 
-1.114314423893 
-1.106502404587 
-1.105923991453 
-1.138077963447 
-1.180961894744 
-1.188910071611 
-1.196983073889 
-1.220471573071 
-1.221321442092 
-1.202532283915 
-1.207001819403 
-1.212614669748 
-1.248169693163 
-1.245634019484 
-1.227611206428 
-1.226816681799 
-1.228502161711 
-1.249699683840 
-1.149997852954 
-1.152239982166 
-1.183443601996 
-1.191544461912 
-1.182127282904 
-1.213798997487 
-1.283790017805 
-1.322213674814 
-1.274998065071 
-1.242556706471 
-1.284678375194 
-1.247246247975 
-1.411792748373 
-1.359962444905 
-1.373246718701 
-1.388463276855 
-1.211628981514 
-1.092791155556 
-1.101749688466 
-1.077246198114 
-1.082689053795 
-1.094357978411 
-1.119545537050 
-1.114194394399 
-1.146940019727 
-1.119618048441 
-1.164147215559 
-1.148894150542 
-1.139318366776 
-1.156779286925 
-1.138791811151 
-1.152704518101 
-1.153950350181 
-1.136382676593 
-1.116644191343 
-1.095308468965 
-1.101275937858 
-1.014184893100 
-1.003708366102 
-0.984454878445 
-0.991699667439 
-1.003905555160 
-0.990613646261 
-0.995636516944 
-1.023264959716 
-1.045123204814 
-1.047914264629 
-1.016272781636 
-1.034637123471 
-0.994768248418 
-1.052093823745 
-1.073187943836 
-1.076765237434 
-1.132506089955 
-1.136498399930 
-1.147021608379 
-1.116584980892 
-1.144363249900 
-1.067046053515 
-1.104351208748 
-1.231969310756 
-1.264872651032 
-1.258322416194 
-1.242072972606 
-1.268309883364 
-1.262606257922 
-1.276516515325 
-1.253234352370 
-1.276364126403 
-1.289417902053 
-1.255810437832 
-1.229667087998 
-1.246757612093 
-1.251427782663 
-1.251427782663 
-1.255863346844 
-1.258058020142 
-1.256892145567 
-1.287100919344 
-1.297167968529 
-1.198093564893 
-1.208164746551 
-1.238830187321 
-1.264744295192 
-1.256345619895 
-1.249543082318 
-1.247953145130 
-1.237492953426 
-1.253101365538 
-1.264029440755 
-1.252670381496 
-1.249531005582 
-1.260646056106 
-1.268634225169 
-1.251608139681 
-1.214869626348 
-1.218962686923 
-1.218626348567 
-1.232560604786 
-1.233023138039 
-1.208058049141 
-1.215336516437 
-1.187199555268 
-1.186005812214 
-1.196343540059 
-1.228427630407 
-1.164394500680 
-1.216681298928 
-1.190547243557 
-1.172006682011 
-1.188237631539 
-1.110944199913 
-1.109317386525 
-1.112173800680 
-1.184756560404 
-1.177403260772 
-1.165487338577 
-1.176621450547 
-1.161772695935 
-1.136884968257 
-1.153751778742 
-1.154484154999 
-1.180967046933 
-1.190926555378 
-1.188047476315 
-1.182445617393 
-1.179135780198 
-1.142022201181 
-1.085097539498 
-1.051209289260 
-1.048147700251 
-1.048624611265 
-1.039750554098 
-1.038990290520 
-1.073806086744 
-1.079806347592 
-1.032659636201 
-0.987518985051 
-1.059706865609 
-1.065394923256 
-1.079685637427 
-1.079697988433 
-1.038036124137 
-1.072108876125 
-1.051323084136 
-1.053158588099 
-1.067566607601 
-1.054585436427 
-1.048324103932 
-0.994067650950 
-0.992988153282 
-1.010812340863 
-1.040060508045 
-1.081538383501 
-1.080468990285 
-1.099069158845 
-1.165753996872 
-1.141701634910 
-1.161261347857 
-1.176128889398 
-1.151265601664 
-1.185693195085 
-1.188742320455 
-1.217791794070 
-1.247939908837 
-1.208672848896 
-1.233338605741 
-1.277303493428 
-1.271264005466 
-1.232399528914 
-1.235679168038 
-1.231670267874 
-1.220432143002 
-1.172849390355 
-1.167163091332 
-1.189738251672 
-1.194354764540 
-1.171476455979 
-1.051349270620 
-1.044627983816 
-0.979322757163 
-1.028869678583 
-1.068389744333 
-1.067527068044 
-1.044445968021 
-1.073847949403 
-1.113446893210 
-1.085596051003 
-1.106638719595 
-1.083134141710 
-1.059594212634 
-1.035775562079 
-1.016083475504 
-1.026600530510 
-1.014666894711 
-1.021831834208 
-1.021392377196 
-1.029815144295 
-0.980003137291 
-0.974562413657 
-0.943642710650 
-0.998605057320 
-0.986767738147 
-1.026693731596 
-0.962346292294 
-1.148582806247 
-1.148268228139 
-1.142356087440 
-1.131227683065 
-1.131227683065 
-1.131291033544 
-1.117950263178 
-1.117950263178 
-1.088804619956 
-1.101025572512 
-1.107749787850 
-1.106748716978 
-1.097018325932 
-1.095206643543 
-1.106770724864 
-1.103722525150 
-1.102587407642 
-1.090690335792 
-1.104904678886 
-1.111919682094 
-1.116976034705 
-1.126103625485 
-1.125098506731 
-1.165026592664 
-1.158507401551 
-1.160248780958 
-1.155892275897 
-1.127576308236 
-1.128246644676 
-1.128246644676 
-1.252303705477 
-1.227747501599 
-1.186431423152 
-1.189590342252 
-1.199658981914 
-1.255613254880 
-1.176923950464 
-1.127190195888 
-1.146813927260 
-1.158408011869 
-1.169796207353 
-1.154992016217 
-1.125463092777 
-1.098111537068 
-1.105482274480 
-1.046866444188 
-1.038609438298 
-1.055514909186 
-1.013359861667 
-1.016910714864 
-1.001208327786 
-1.015759747704 
-1.055510470608 
-1.009453648713 
-1.006903055451 
-1.043707992808 
-1.045164060829 
-1.003112181561 
-1.002039541351 
-1.019292641738 
-1.019144051376 
-1.019144051376 
-1.027726825811 
-1.009836034896 
-1.004831462241 
-1.023020147708 
-1.026245630819 
-0.983489845363 
-0.983188881074 
-1.012504472557 
-1.019877806333 
-1.026094003226 
-1.006259836626 
-0.977743890285 
-1.021447859645 
-1.021447859645 
-1.021709263220 
-1.025819520002 
-1.066105019634 
-1.066583161455 
-1.060242691606 
-1.059638714603 
-1.061483014060 
-1.064870604228 
-1.053937547722 
-1.084433044530 
-1.086625628261 
-1.099931208813 
-1.091871836871 
-1.097039186850 
-1.091722172877 
-1.088500060778 
-1.080570800798 
-1.088438601938 
-1.315470488362 
-1.321116777892 
-1.253501352709 
-1.257344303469 
-1.224064730935 
-1.234880406553 
-1.308295360260 
-1.276100230352 
-1.277651207016 
-1.321540809759 
-1.375536435334 
-1.305497062321 
-1.268213027687 
-1.284290313732 
-1.268943966430 
-1.291118030213 
-1.286305187473 
-1.286200262598 
-1.268153769221 
-1.268153769221 
-1.242519698484 
-1.242519698484 
-1.241358473116 
-1.249032700770 
-1.253549089043 
-1.256859610341 
-1.255677283240 
-1.256696352713 
-1.238035716933 
-1.247111755233 
-1.269904712626 
-1.257545492533 
-1.298716008425 
-1.281882070729 
-1.278124799089 
-1.285181237566 
-1.264135436556 
-1.169492648488 
-1.153136576039 
-1.165779224520 
-1.181029524549 
-1.182566275555 
-1.207847308895 
-1.197536311289 
-1.189726515702 
-1.136626512933 
-1.145028416950 
-1.191480260579 
-1.177695573834 
-1.176430527715 
-1.170527630207 
-1.172696498344 
-1.179613157095 
-1.237514966796 
-1.245199136741 
-1.236126702654 
-1.241766151918 
-1.243819260860 
-1.325211692716 
-1.244939195328 
-1.238296605108 
-1.151699218290 
-1.152069929632 
-1.165306464245 
-1.178094803284 
-1.232341073090 
-1.190777424523 
-1.220414643998 
-1.216592109530 
-1.237403542496 
-1.253274986285 
-1.241443323631 
-1.208910710010 
-1.193467203549 
-1.222569399828 
-1.237717341636 
-1.245145336943 
-1.241811398863 
-1.210783848759 
-1.177805105038 
-1.209178470430 
-1.230895993986 
-1.241962257294 
-1.233396931147 
-1.285625031191 
-1.269144444318 
-1.274036165947 
-1.260594870600 
-1.267989188145 
-1.254996770180 
-1.255065533157 
-1.273851110341 
-1.292515486542 
-1.251852763963 
-1.061217792418 
-1.074701420467 
-1.113969360743 
-1.156846509851 
-1.130606318038 
-1.165263272925 
-1.091131559874 
-1.102780649243 
-1.141954220605 
-1.163915963891 
-1.231506726970 
-1.240574598165 
-1.160021150091 
-1.158659095322 
-1.197185565409 
-1.125019515937 
-1.161770087102 
-1.220481082321 
-1.227849583955 
-1.258316307366 
-1.296024814694 
-1.297091172764 
-1.231494644195 
-1.268363698183 
-1.215882374956 
-1.293819437946 
-1.297015191156 
-1.245083635010 
-1.211650498825 
-1.189671020148 
-1.180668467063 
-1.179886168552 
-1.171175244344 
-1.182551498619 
-1.182551498619 
-1.189778175507 
-1.179751003268 
-1.154329182780 
-1.173289836614 
-1.153309553668 
-1.167652582195 
-1.152676727647 
-1.164966461984 
-1.170512934408 
-1.170288206092 
-1.242561054424 
-1.241322191919 
-1.235568426712 
-1.221844356247 
-1.198393569825 
-1.235989879284 
-1.162132500752 
-1.203769505103 
-1.185505980153 
-1.164878901398 
-1.180777509412 
-1.197761831848 
-1.169716622388 
-1.228664036807 
-1.214836105900 
-1.263805213070 
-1.278699796456 
-1.236181798106 
-1.172879160160 
-1.172482895037 
-1.241676713029 
-1.233143180485 
-1.226489309796 
-1.287113495065 
-1.287660736643 
-1.327142712030 
-1.316668835959 
-1.332681383843 
-1.231633680086 
-1.215417931629 
-1.220924841114 
-1.223109250771 
-1.242298498910 
-1.195703478837 
-1.237808515312 
-1.301328755990 
-1.205320569385 
-1.203104218685 
-1.267369083935 
-1.247318848414 
-1.239056217194 
-1.243753903820 
-1.249564167920 
-1.272379961700 
-1.266136572573 
-1.288412615741 
-1.258942464900 
-1.300126279736 
-1.307914044573 
-1.137917941035 
-1.122935627273 
-1.123472014900 
-1.059249791567 
-1.063125497317 
-1.061651845684 
-1.085621494830 
-1.072671710767 
-1.087854262804 
-1.073110404487 
-1.072636430360 
-1.080995856346 
-1.092589856374 
-1.099989209613 
-1.109684363252 
-1.106544072495 
-1.074072052473 
-1.035088240361 
-1.057672453669 
-1.058414920600 
-1.029473080857 
-1.048929273830 
-1.062719895100 
-1.087638157390 
-1.100406337076 
-1.100645906147 
-1.102234022094 
-1.095759776681 
-1.103122454999 
-1.087528704474 
-1.080145384106 
-1.041145067077 
-1.070840616008 
-1.045571379061 
-1.033604806192 
-1.071037602364 
-1.050486311550 
-1.095144356796 
-1.066784294358 
-1.062049688328 
-1.079604415374 
-1.061973644558 
-1.068232394080 
-1.039270300014 
-1.070514285958 
-1.101460452749 
-1.108120934674 
-1.077675488411 
-1.122172488358 
-1.141842231464 
-1.134902039351 
-1.160495288636 
-1.128259230238 
-1.178342663791 
-1.176345492596 
-1.176821534069 
-1.179292296513 
-1.157679939180 
-1.156553766814 
-1.165394475137 
-1.168601241445 
-1.199260508760 
-1.231480364223 
-1.270148526563 
-1.251072875223 
-1.251732312216 
-1.289626792602 
-1.261480072283 
-1.245962719165 
-1.233092538914 
-1.247439071537 
-1.259779327934 
-1.307761639207 
-1.243365076932 
-1.184978784265 
-1.185177648430 
-1.187158201105 
-1.187158201105 
-1.187158201105 
-1.190170637244 
-1.194698412038 
-1.261144722676 
-1.275196483060 
-1.245544263561 
-1.256136221775 
-1.216204966286 
-1.307379343571 
-1.278706887564 
-1.326355094275 
-1.237539704049 
-1.294183323111 
-1.284268578106 
-1.255818512199 
-1.252445981437 
-1.308022580945 
-1.298097650655 
-1.345686005310 
-1.250006137332 
-1.219325332194 
-1.204708160868 
-1.212605553288 
-1.213232968855 
-1.165086749551 
-1.102371668334 
-1.104070412926 
-1.210822131290 
-1.159238889276 
-1.151604505152 
-1.153723999132 
-1.183204333088 
-1.195011409974 
-1.183740099182 
-1.140080664622 
-1.185907196247 
-1.190040994250 
-1.279822211570 
-1.292759786470 
-1.291803479447 
-1.300753525271 
-1.311218279230 
-1.322338859125 
-1.322890761140 
-1.305362812669 
-1.314612995976 
-1.288491472062 
-1.290102072317 
-1.242858671360 
-1.236787194888 
-1.239519552787 
-1.228516811187 
-1.229009965924 
-1.226887672007 
-1.216195055792 
-1.206220484853 
-1.185590415753 
-1.177913793548 
-1.176336778061 
-1.205505378536 
-1.211058127245 
-1.215761488828 
-1.213173226218 
-1.249439479187 
-1.233523656492 
-1.270616223263 
-1.293258278940 
-1.274693953604 
-1.269633386572 
-1.254433555672 
-1.246116153730 
-1.217803609646 
-1.219065222681 
-1.194769887277 
-1.203620477899 
-1.202122906527 
-1.159950089778 
-1.171726210789 
-1.170082746257 
-1.169755983207 
-1.181456968641 
-1.184928378692 
-1.207956502127 
-1.212403061989 
-1.212403061989 
-1.200755463345 
-1.201154130606 
-1.217866327829 
-1.296116625481 
-1.290016921192 
-1.293420949560 
-1.293420949560 
-1.286831715062 
-1.284591886236 
-1.277760981544 
-1.261441094158 
-1.278775895200 
-1.235953399070 
-1.255622623365 
-1.236647046282 
-1.187661696290 
-1.202065399517 
-1.185977513051 
-1.182162876528 
-1.163478835680 
-1.143930006097 
-1.143490440915 
-1.114959298102 
-1.109244043449 
-1.102938322096 
-1.087152638570 
-1.080549201220 
-1.096036329298 
-1.114210455676 
-1.142233049303 
-1.059669319136 
-1.021830436923 
-0.936543042928 
-0.963043709908 
-0.968923193650 
-0.966699076409 
-0.960714167122 
-1.025918537514 
-1.035081883492 
-1.080918791823 
-1.068601252354 
-1.029386937668 
-1.023740773496 
-1.006266777832 
-0.986184340038 
-1.012970290916 
-1.113258264101 
-1.111950339087 
-1.111025609249 
-1.115969903221 
-1.110331612704 
-1.108094743912 
-1.109468208966 
-1.091667279544 
-1.096242688899 
-1.120122431123 
-1.105805675445 
-1.127169295908 
-1.107563280576 
-1.111571698895 
-1.092488722514 
-1.087982754361 
-1.063647968209 
-1.081894738425 
-1.088287948594 
-1.087894612683 
-1.082222004028 
-1.076789956512 
-1.073736591793 
-1.128894974591 
-1.132871698182 
-1.146521523662 
-1.144779724157 
-1.129854050226 
-1.151819570846 
-1.130021483809 
-1.128714821554 
-1.137168560820 
-1.158566439187 
-1.183202469611 
-1.144976500183 
-1.153355313734 
-1.109627368204 
-1.051922996231 
-1.089387239424 
-1.020782066825 
-1.097944004779 
-1.063895045514 
-1.062092432594 
-1.108398289649 
-1.117294563927 
-1.107074536015 
-1.107431665339 
-1.043929452272 
-1.083141596579 
-1.095830201967 
-1.121026684165 
-1.124831535594 
-1.112546644808 
-1.108101127391 
-1.071102319103 
-1.112058768254 
-1.153478957778 
-1.133602529159 
-1.135916998848 
-1.133484903935 
-1.153353135451 
-1.139347597369 
-1.151680113279 
-1.151953514753 
-1.150964421309 
-1.145325670438 
-1.142474150618 
-1.142259126371 
-1.145305137338 
-1.139999434930 
-1.144339795143 
-1.135191956171 
-1.176098888608 
-1.347008246470 
-1.309719065229 
-1.322173592251 
-1.298595748438 
-1.319458464785 
-1.304086870707 
-1.291962994118 
-1.318819501417 
-1.346731330486 
-1.340758435883 
-1.287741283964 
-1.359501407107 
-1.302910027795 
-1.279220067841 
-1.293242317766 
-1.328938211719 
-1.307309824832 
-1.294150033953 
-1.312912331970 
-1.305564266154 
-1.311643598005 
-1.337697247970 
-1.298860758413 
-1.292680975057 
-1.298024378475 
-1.298831185835 
-1.310379191477 
-1.319507944716 
-1.300902810333 
-1.267767431610 
-1.327949505332 
-1.333951682608 
-1.384551643720 
-1.281064008684 
-1.284400977620 
-1.263686859519 
-1.259581008388 
-1.259581008388 
-1.270726213562 
-1.290849060180 
-1.250489719290 
-1.250489719290 
-1.291761317817 
-1.246546115450 
-1.246546115450 
-1.280184774760 
-1.291095328463 
-1.267952065399 
-1.310455402773 
-1.344213658668 
-1.389922665661 
-1.321600590936 
-1.352672051160 
-1.296179015917 
-1.283534772933 
-1.326021312516 
-1.357309520385 
-1.355894928458 
-1.366463344918 
-1.268312375573 
-1.295435244385 
-1.330555774588 
-1.284491223258 
-1.300896755878 
-1.308985456759 
-1.259571496841 
-1.229211886270 
-1.273489337879 
-1.209295013149 
-1.250129816042 
-1.222069883960 
-1.218731937263 
-1.200985919806 
-1.210278991676 
-1.163491529835 
-1.192105579030 
-1.219506649690 
-1.220251542323 
-1.238382456441 
-1.214774090313 
-1.191414986367 
-1.194868974406 
-1.165758253759 
-1.144941022926 
-1.138267824383 
-1.151378408418 
-1.151380472971 
-1.200241197931 
-1.175205409289 
-1.245100044509 
-1.246647614108 
-1.244127473085 
-1.226480711846 
-1.228844922010 
-1.100955707074 
-1.077892110906 
-1.103987082175 
-1.121513013654 
-1.105225188118 
-1.093574213327 
-1.068587264003 
-1.076999729056 
-1.072195664738 
-1.076364758660 
-1.098078756152 
-1.097285943075 
-1.094596010188 
-1.100135607356 
-1.101947376693 
-1.107074973753 
-1.102637705486 
-1.106908094565 
-1.091873973051 
-1.086129948083 
-1.091315816154 
-1.060025745496 
-1.096024378040 
-1.088979305791 
-1.091328984304 
-1.039843652756 
-1.089859262091 
-1.091000464742 
-1.085109717849 
-1.070026487843 
-1.062306362947 
-1.056972185626 
-1.000574646867 
-1.020790964385 
-0.987636128770 
-1.002476598394 
-0.977454429660 
-0.972981542809 
-0.992600304937 
-0.957804269240 
-1.001463657686 
-0.993875429310 
-1.052477675077 
-0.954125562883 
-0.915679981313 
-0.941319164018 
-0.967158714782 
-1.009257090444 
-1.064610910270 
-1.028012852383 
-1.044135351941 
-1.066635549288 
-1.059277847739 
-1.070931014608 
-1.099542365250 
-1.098645671519 
-1.104896711885 
-1.067284752551 
-1.084589381499 
-1.064594676958 
-1.076349567020 
-1.084279834005 
-1.107603084818 
-1.107522593375 
-1.106809633283 
-1.090345167973 
-1.049646917221 
-1.059742431389 
-1.069246163718 
-1.067050543044 
-1.051954366725 
-1.107054365993 
-1.102309089182 
-1.054458470309 
-1.077760507695 
-1.088499359352 
-1.058851893656 
-1.073743226321 
-1.036669776480 
-0.985488304722 
-1.014926430206 
-1.069836780219 
-1.050539184650 
-1.062074450115 
-1.055294375811 
-1.055294375811 
-1.050052398451 
-1.067295256017 
-1.051419326470 
-1.042413600192 
-0.985536508434 
-1.012976651507 
-1.022107639115 
-1.024016567649 
-1.187685443401 
-1.213470842783 
-1.195013586612 
-1.194110184930 
-1.198060635286 
-1.182196404830 
-1.145015372292 
-1.136217389684 
-1.124371027581 
-1.124371027581 
-1.157651196969 
-1.090224386219 
-1.072497073719 
-1.077908623812 
-1.054504987163 
-1.074222677237 
-1.090492140319 
-1.115284576047 
-1.146645168384 
-1.151148070264 
-1.161311305814 
-1.137036061805 
-1.134729551678 
-1.222088757710 
-1.240127308800 
-1.228970608104 
-1.236018136403 
-1.247881038252 
-1.241632976054 
-1.277938636996 
-1.233852054920 
-1.230463188290 
-1.256311664892 
-1.259228362269 
-1.253874738576 
-1.240885056225 
-1.234553951981 
-1.240074255886 
-1.232791983520 
-1.229648340025 
-1.235874043648 
-1.265907147830 
-1.255622961357 
-1.262502899451 
-1.303093124659 
-1.315652148727 
-1.406566614631 
-1.365009635984 
-1.389382346499 
-1.417420282418 
-1.355607949023 
-1.306326660862 
-1.320003069774 
-1.270674402574 
-1.307523952096 
-1.320691919283 
-1.299324512133 
-1.313056001038 
-1.330954995554 
-1.179050254889 
-1.175575442752 
-1.189839365737 
-1.192324515646 
-1.194523585856 
-1.211860754140 
-1.211306810806 
-1.263025575150 
-1.250210858484 
-1.224740306074 
-1.239672022761 
-1.248542765540 
-1.249516600140 
-1.248768310229 
-1.316987830863 
-1.249605510965 
-1.233065641448 
-1.251443769799 
-1.241279490138 
-1.181183031489 
-1.256693616296 
-1.261855156443 
-1.247943827984 
-1.235507115265 
-1.229664258787 
-1.231250576270 
-1.288532375355 
-1.279413567377 
-1.287838606669 
-1.277542710475 
-1.263898611364 
-1.238391124942 
-1.190859889682 
-1.201735814782 
-1.304014644775 
-1.248871855323 
-1.251675046433 
-1.251675046433 
-1.250219629226 
-1.196225496537 
-1.168465848130 
-1.168465848130 
-1.161646270671 
-1.181393504531 
-1.188894614330 
-1.188894296221 
-1.173254923742 
-1.134539006172 
-1.146679511800 
-1.152083031279 
-1.146391231777 
-1.129231295915 
-1.094672234097 
-1.102197270984 
-1.065587221380 
-1.113704584318 
-1.118983746267 
-1.111202519415 
-1.103950360219 
-1.104329075289 
-1.112832230766 
-1.091502193057 
-1.091983996509 
-1.091983996509 
-1.058767747834 
-1.058661116679 
-1.033135062172 
-1.127245205404 
-1.122234696557 
-1.141475639200 
-1.150464083203 
-1.149850090857 
-1.165118514655 
-1.164128135772 
-1.217336642164 
-1.185872417178 
-1.163721331706 
-1.156538214783 
-1.136365354282 
-1.136365354282 
-1.137869707852 
-1.139948530815 
-1.203740725992 
-1.195459722631 
-1.199649073603 
-1.197268543868 
-1.239470968901 
-1.169226916871 
-1.136462395693 
-1.110339164417 
-1.072571324615 
-1.023687155472 
-1.038755496941 
-1.032544392963 
-1.018263438290 
-1.132184008585 
-1.103046719135 
-1.037262793279 
-1.029827718067 
-1.051444150903 
-1.149016874000 
-1.134766201119 
-1.133303635939 
-1.147726715308 
-1.137095994063 
-1.090973763858 
-1.080969086543 
-1.101746136398 
-1.082856852412 
-1.086421870101 
-1.143496340079 
-1.159918173652 
-1.146563440013 
-1.093716371252 
-1.161012603968 
-1.166920140831 
-1.146252409930 
-1.155869548388 
-1.164305807228 
-1.168404941283 
-1.147459366941 
-1.152016409386 
-1.129745737074 
-1.127754160631 
-1.158628393536 
-1.212194515688 
-1.215863671597 
-1.207829211339 
-1.231547100973 
-1.187174599403 
-1.177357181111 
-1.187746328224 
-1.185104177842 
-1.171358057283 
-1.169929000048 
-1.178381291484 
-1.211476576400 
-1.211476576400 
-1.255889947871 
-1.237219616682 
-1.236307236420 
-1.290644389451 
-1.273690215722 
-1.272764477190 
-1.266092589158 
-1.285487537391 
-1.315617737339 
-1.280390047032 
-1.289064528162 
-1.327165299474 
-1.280629969237 
-1.242827578777 
-1.221763670652 
-1.216729804788 
-1.237961151020 
-1.211208893270 
-1.214505869475 
-1.187417759914 
-1.188953243848 
-1.185285252059 
-1.229641793729 
-1.214686253921 
-1.212953439007 
-1.211873628471 
-1.190891110871 
-1.132386099871 
-1.134486786685 
-1.137067819616 
-1.143070992453 
-1.109328209221 
-1.112299467537 
-1.115924042619 
-1.121932852543 
-1.127269268608 
-1.164738165507 
-1.154313303396 
-1.126946382802 
-1.125222018082 
-1.129175961532 
-1.123588824550 
-1.061799969160 
-1.005475030225 
-1.102429352526 
-1.078796754732 
-1.058142928007 
-1.076918196825 
-1.101293079474 
-1.202080347781 
-1.178707298196 
-1.245637707926 
-1.240253951287 
-1.183690507329 
-1.228569177037 
-1.233089428982 
-1.227165380906 
-1.226452315325 
-1.297490019788 
-1.202771800925 
-1.176510732807 
-1.180669832801 
-1.218329969777 
-1.273666031055 
-1.275471749364 
-1.295026189300 
-1.212584861682 
-1.263976372041 
-1.202312028011 
-1.178310324067 
-1.180686721232 
-1.170045041695 
-1.170642510779 
-1.190648818445 
-1.202862156602 
-1.147788544042 
-1.139588255328 
-1.126461667725 
-1.124224799941 
-1.124995560335 
-1.128246340035 
-1.128558969077 
-1.166425430283 
-1.176447004417 
-1.141807965303 
-1.123488739145 
-1.121464742271 
-1.121464742271 
-1.109869753411 
-1.096564463283 
-1.106458281979 
-1.112935818198 
-1.112935818198 
-1.120825817943 
-1.170981227123 
-1.166786100657 
-1.194884553861 
-1.187876687538 
-1.178663810784 
-1.073866486731 
-1.133089088788 
-1.135164842091 
-1.126407586894 
-1.128131370665 
-1.145028085514 
-1.188822749931 
-1.201221671808 
-1.193396169019 
-1.184766582700 
-1.176764462554 
-1.147575231594 
-1.177520763032 
-1.177842553833 
-1.179440803296 
-1.130812253253 
-1.083749225146 
-1.073377252317 
-1.058959489971 
-1.060918072326 
-1.093743343731 
-1.113197921738 
-1.128867745893 
-1.170907318975 
-1.169053250072 
-1.143087671503 
-1.167349811051 
-1.182063796144 
-1.144937121505 
-1.142119445536 
-1.115058061856 
-1.072906215292 
-1.099182084071 
-1.093053470238 
-1.096818977195 
-1.147312959536 
-1.138020732004 
-1.144379251955 
-1.153610996371 
-1.153771408473 
-1.154857055082 
-1.111858322129 
-1.062838818433 
-1.053205863264 
-1.092019799791 
-1.044481234914 
-1.029100684153 
-1.018649351421 
-1.003023431770 
-1.003725179813 
-1.038708528210 
-0.985043672220 
-1.020784198296 
-1.000674037925 
-1.040082624023 
-1.021101797507 
-0.991357851757 
-0.968401216815 
-0.976696604621 
-1.017240620252 
-1.054098452489 
-1.047989702654 
-1.061824946962 
-1.067745157368 
-1.056178961122 
-1.056616455643 
-1.033864041040 
-1.034900570513 
-1.112307217139 
-1.131835704643 
-1.142984227596 
-1.141148149707 
-1.132644436753 
-1.173317086699 
-1.156915902668 
-1.156915902668 
-1.159341472296 
-1.159341472296 
-1.156678966897 
-1.176240172897 
-1.114841630499 
-1.085601904748 
-1.070818469470 
-1.090644205857 
-1.075993905806 
-1.088085355746 
-1.084923902718 
-1.071208573635 
-1.104317222124 
-1.076721653232 
-1.082723845851 
-1.084247257957 
-1.083739095937 
-1.084731985401 
-1.116593037241 
-1.113980294010 
-1.088762269606 
-1.094991717017 
-1.098167161403 
-1.097723725828 
-1.114721764012 
-1.109867806941 
-1.121912500143 
-1.138149828672 
-1.167054572193 
-1.163327417145 
-1.248744229760 
-1.212131229908 
-1.228116396955 
-1.231957159686 
-1.272658798000 
-1.266036365666 
-1.253288704746 
-1.234150257645 
-1.211658391488 
-1.220299872308 
-1.221606438193 
-1.232651193223 
-1.246437273587 
-1.240713073198 
-1.197070756159 
-1.175910917117 
-1.139664804600 
-1.142171594290 
-1.130342765610 
-1.103197737229 
-1.106966935553 
-1.099326407159 
-1.107717368900 
-1.122635741917 
-1.064714252710 
-1.034815487762 
-1.019530919790 
-1.058274933837 
-1.051223774379 
-1.053629103511 
-1.051343972392 
-1.056291025837 
-1.056595393404 
-1.066131494995 
-1.093506016274 
-1.067569629578 
-1.081470221487 
-1.078811933480 
-1.103422284700 
-1.086036948742 
-1.069020527954 
-1.076972302043 
-1.118252638922 
-1.124268439443 
-1.128477981508 
-1.131651547149 
-1.144618866686 
-1.114898552651 
-1.101499217423 
-1.105014304608 
-1.120570047378 
-1.121838722355 
-1.162580734664 
-1.176310907737 
-1.176310907737 
-1.177020574485 
-1.176505299714 
-1.172953444149 
-1.141911355499 
-1.139218922026 
-1.140103798197 
-1.145107343695 
-1.125848429773 
-1.123414817229 
-1.123376000505 
-1.127931645588 
-1.141106102592 
-1.124449662155 
-1.126407078440 
-1.144857086254 
-1.136902468523 
-1.131255156584 
-1.133903236872 
-1.143659656429 
-1.136285150289 
-1.156744258487 
-1.158381057882 
-1.134097569661 
-1.118760452367 
-1.074707409536 
-1.052372651059 
-1.082213585524 
-1.076594587739 
-1.032135020220 
-1.032022523141 
-1.077333887307 
-1.084756968440 
-1.107376420306 
-1.091216995510 
-1.094485734705 
-1.104841740960 
-1.131427204443 
-1.120540615384 
-1.093397892723 
-1.094593845039 
-1.083565981967 
-1.114346845417 
-1.082695735567 
-1.045562760610 
-1.058198346773 
-1.037701882742 
-1.019095053306 
-0.989800681113 
-1.006181811969 
-1.000261543363 
-0.967873996292 
-0.980117870240 
-0.980117870240 
-1.007736093830 
-1.017381391247 
-1.009327677133 
-1.029758146852 
-0.972321459587 
-1.039652825777 
-0.980758349465 
-0.958898002265 
-0.998309498776 
-0.998689924163 
-0.959814214470 
-0.991406514947 
-0.958620552033 
-0.938614527554 
-0.940633874790 
-0.876017470079 
-0.949990109269 
-0.932585278240 
-0.886059231017 
-0.855475672453 
-0.978908035512 
-0.985363081127 
-0.903672179721 
-0.884658189492 
-0.959208724459 
-1.009225253431 
-1.011869932067 
-1.029536356546 
-1.014009792879 
-1.001846703664 
-0.965436411315 
-1.041956536106 
-1.036157085918 
-1.032361227010 
-1.070670523188 
-1.066804280541 
-1.062605149054 
-1.002490606491 
-1.011097325495 
-0.942587076688 
-1.006716709613 
-1.016167311792 
-1.045491429928 
-1.042545115116 
-1.038510843661 
-1.091268560338 
-1.072837494411 
-1.076424097507 
-1.100510781158 
-1.106965358375 
-1.117410985593 
-1.083349139388 
-1.086852682717 
-1.070679019870 
-1.091419150350 
-1.089141138014 
-1.087759119976 
-1.049142603972 
-1.080840089097 
-1.101673973825 
-1.102943570650 
-1.105832004128 
-1.134439994695 
-1.104796559104 
-1.113386517502 
-1.103156933594 
-1.081390558343 
-1.088483255391 
-1.088380800924 
-1.101870658905 
-1.048085297040 
-1.071795817289 
-1.089520347535 
-1.121780433428 
-1.134961740331 
-1.132843270954 
-1.143118036037 
-1.106015024247 
-1.104826922959 
-1.079391708670 
-1.084583903304 
-1.089638320017 
-1.061769282934 
-1.072216225029 
-1.112913583948 
-1.051574992474 
-1.056811804485 
-1.014020651460 
-1.053162943340 
-1.064396011766 
-1.008897993946 
-0.962769969514 
-0.950002205875 
-0.965348480377 
-0.979797134398 
-0.968766822038 
-0.966139984718 
-0.987423316220 
-1.034882629576 
-1.062325590662 
-1.024437678370 
-1.017156126113 
-1.023256040562 
-1.027399061799 
-1.029849627393 
-1.036333326094 
-1.054659562203 
-1.052505931574 
-1.052505931574 
-1.039760053363 
-1.039785282137 
-1.070249411381 
-1.089690317518 
-1.084447540846 
-1.084944851014 
-1.097903640902 
-1.102055175436 
-1.085876458006 
-1.091136479419 
-1.106718621857 
-1.119590360352 
-1.119978030900 
-1.119930267387 
-1.119930267387 
-1.119930267387 
-1.119930267387 
-1.118991793806 
-1.118991793806 
-1.119146096593 
-1.119146096593 
-1.119146096593 
-1.118883972269 
-1.113854414275 
-1.111621944392 
-1.130029134414 
-1.102933725349 
-1.120426169812 
-1.119767157293 
-1.105247285888 
-1.109708046986 
-1.117697125037 
-1.099066675037 
-1.125767481512 
-1.125191734409 
-1.121138415759 
-1.124994353956 
-1.110054105082 
-1.164475741810 
-1.177435636095 
-1.210433143129 
-1.196170330896 
-1.197820505488 
-1.226138980548 
-1.225793573480 
-1.220806411240 
-1.218269423938 
-1.218215144389 
-1.219429464293 
-1.223898802134 
-1.225379073383 
-1.214282643838 
-1.211162996023 
-1.202468157733 
-1.273833012554 
-1.231559403218 
-1.256813268008 
-1.228586052790 
-1.242264966102 
-1.226665882255 
-1.273147180227 
-1.211684958302 
-1.190835204229 
-1.191454793404 
-1.223232882607 
-1.227597274928 
-1.232790778786 
-1.243629029966 
-1.213265906120 
-1.219702287219 
-1.294921352971 
-1.299004124469 
-1.273466467316 
-1.366693912048 
-1.334475486084 
-1.339489724360 
-1.317056037799 
-1.272370421574 
-1.252220778398 
-1.251941967308 
-1.254614739384 
-1.269857627365 
-1.245280747313 
-1.229157272576 
-1.294486261786 
-1.287756540169 
-1.240990627021 
-1.217459654991 
-1.225000655709 
-1.222219546100 
-1.243593196508 
-1.246786680345 
-1.268146938660 
-1.245469604483 
-1.243600602223 
-1.286857758821 
-1.279260048963 
-1.289128985905 
-1.289567058813 
-1.366840137924 
-1.275643024116 
-1.295886349892 
-1.335313995193 
-1.315742751702 
-1.271628067497 
-1.356724728775 
-1.339935771866 
-1.343976444348 
-1.290616229450 
-1.276595202863 
-1.286426486623 
-1.308895850522 
-1.305085434564 
-1.305535295703 
-1.329237443805 
-1.276130022808 
-1.281551730749 
-1.260413937894 
-1.304777996176 
-1.308650128340 
-1.259336744331 
-1.231147624424 
-1.185134766981 
-1.198188525662 
-1.180412086025 
-1.158931670556 
-1.137837177740 
-1.084984834473 
-1.064891968571 
-1.008022346756 
-1.006906024302 
-1.030033655324 
-1.042934808881 
-1.123197812641 
-1.090218383263 
-1.092938366966 
-1.121769516036 
-1.111714668930 
-1.129114477038 
-1.136340298565 
-1.147821171879 
-1.139340518411 
-1.153507187895 
-1.137713627299 
-1.133111598992 
-1.141206437593 
-1.146778162701 
-1.136258077543 
-1.125765161932 
-1.091284383915 
-1.091546331962 
-1.059552462219 
-1.046170305521 
-1.105047858631 
-1.108345006680 
-1.098919656977 
-1.098694187728 
-1.110505469445 
-1.109692135075 
-1.089224756683 
-1.076718115934 
-1.107362799133 
-1.082985090513 
-1.078458195625 
-1.071033766940 
-1.070425327804 
-1.095352427980 
-1.122619905733 
-1.119141304680 
-1.124594354386 
-1.102454613091 
-1.122813037347 
-1.108754170022 
-1.155192383486 
-1.135752291229 
-1.145511676576 
-1.142254598329 
-1.147146936208 
-1.126059045378 
-1.126059045378 
-1.148953263803 
-1.145240133473 
-1.140175859448 
-1.140175859448 
-1.187871403992 
-1.180459858020 
-1.180560524880 
-1.179087555827 
-1.173359364031 
-1.168471242716 
-1.186136761075 
-1.191074740490 
-1.237288994284 
-1.249107683294 
-1.285743200926 
-1.237932690664 
-1.187839310168 
-1.189999392340 
-1.193171133190 
-1.204515739341 
-1.178828984808 
-1.183054733282 
-1.199124225544 
-1.172155122889 
-1.185393323576 
-1.213847252600 
-1.221577234693 
-1.223736610145 
-1.236482851919 
-1.235633862993 
-1.260847706700 
-1.257749887483 
-1.278889679130 
-1.248886780725 
-1.288258324391 
-1.314353126345 
-1.290899672801 
-1.269177234224 
-1.240113528235 
-1.242660174422 
-1.205772198600 
-1.228611243409 
-1.226213453209 
-1.190886164981 
-1.211407348894 
-1.210240385361 
-1.223108471634 
-1.159179343294 
-1.282034885112 
-1.291542826325 
-1.230670953119 
-1.182815367934 
-1.213211495230 
-1.214810595149 
-1.219633326709 
-1.216430309367 
-1.230120083734 
-1.224936773596 
-1.304487094233 
-1.343390170800 
-1.305776832255 
-1.311931602315 
-1.283174203095 
-1.309617092166 
-1.257333360119 
-1.264087309426 
-1.269040740865 
-1.248892220621 
-1.292632253833 
-1.316796579536 
-1.153991912538 
-1.138501295684 
-1.131884547959 
-1.112025748009 
-1.110531096023 
-1.040762629665 
-1.046809911370 
-1.068394281406 
-1.086481632840 
-1.101073360138 
-1.103667480070 
-1.092027970891 
-1.091357053940 
-1.104246969123 
-1.120826998501 
-1.141937767322 
-1.167629243122 
-1.172064036120 
-1.058715274213 
-1.046764960661 
-1.067288050648 
-1.073482480273 
-1.121590813057 
-1.122374421215 
-1.135952923913 
-1.128696203866 
-1.140573867215 
-1.129020886829 
-1.124894374644 
-1.122770600008 
-1.105705944108 
-1.138763749042 
-1.144267165682 
-1.127756739345 
-1.147294726182 
-1.150175940961 
-1.142259171823 
-1.124212403798 
-1.124212403798 
-1.077156114919 
-1.074453167314 
-1.082790786093 
-1.089497734127 
-1.117858315092 
-1.117828790361 
-1.127235607749 
-1.138741300411 
-1.163431782298 
-1.148222931565 
-1.113938630599 
-1.146086441796 
-1.137532323133 
-1.137532323133 
-1.137532323133 
-1.144432053591 
-1.101121807914 
-1.108820784656 
-1.108152432112 
-1.225958432659 
-1.251395143052 
-1.279185747935 
-1.210218296896 
-1.236127856346 
-1.249985725597 
-1.270536276509 
-1.212253572840 
-1.236687548403 
-1.280164083124 
-1.253847992143 
-1.230816290089 
-1.248771234792 
-1.121441241030 
-1.104848902948 
-1.108292819583 
-1.087580504242 
-1.097242934858 
-1.114183954607 
-1.114480511502 
-1.114480511502 
-1.116940119725 
-1.117395059002 
-1.121988074350 
-1.129649863497 
-1.085727217182 
-1.057031421047 
-1.075095386512 
-1.070964452689 
-1.074877324034 
-1.074877324034 
-1.070600502725 
-1.070600502725 
-1.070600502725 
-1.070362567199 
-1.039821788844 
-1.086083229950 
-1.099149614899 
-1.070993667257 
-1.082826304557 
-1.083371847146 
-1.080550906757 
-1.091214938839 
-1.124223324151 
-1.129607237429 
-1.121566954473 
-1.116867786000 
-1.125930857057 
-1.126442757522 
-1.130622932852 
-1.103035880545 
-1.098208880953 
-1.128926379262 
-1.130942605633 
-1.179639393659 
-1.179639393659 
-1.174333826107 
-1.194345239147 
-1.202595382540 
-1.181295583052 
-1.156541976587 
-1.151050531792 
-1.172766512437 
-1.232479443030 
-1.232488169530 
-1.219286347412 
-1.219099670058 
-1.260532777872 
-1.261648593577 
-1.268328954074 
-1.236618161154 
-1.288275535880 
-1.316779395858 
-1.358290655714 
-1.352422007670 
-1.348319175530 
-1.440291712275 
-1.389147557516 
-1.365471010095 
-1.411219141023 
-1.409038258027 
-1.438823998443 
-1.403930399657 
-1.366186362453 
-1.340349730018 
-1.339476414751 
-1.257736048365 
-1.220332430196 
-1.260553524975 
-1.329298372325 
-1.313266550385 
-1.323561227756 
-1.328015755231 
-1.359452870448 
-1.344964717079 
-1.330921269127 
-1.326517939252 
-1.326517939252 
-1.301262636227 
-1.356429232730 
-1.291956329214 
-1.290988496630 
-1.358185282320 
-1.397864484410 
-1.363460604430 
-1.352013960348 
-1.380440307115 
-1.057834525787 
-1.091203850397 
-1.084328104307 
-1.087267072855 
-1.086484950220 
-1.100182589236 
-1.104391468262 
-1.143590252961 
-1.151914474451 
-1.114800827692 
-1.104218612423 
-1.100229124278 
-1.110384761020 
-1.093553160853 
-1.084275085620 
-1.100404028607 
-1.198041363410 
-1.196941824497 
-1.199123235159 
-1.223879467377 
-1.150075636798 
-1.128872131899 
-1.137936609520 
-1.092072452616 
-1.096517446291 
-1.058508492802 
-1.060382184057 
-0.977947022347 
-0.980391798498 
-0.974475280399 
-0.962952730353 
-0.932701066259 
-1.010389258572 
-0.985646907324 
-0.962804777795 
-0.967242331039 
-0.908824648606 
-0.983265067397 
-1.030702377023 
-1.123420179274 
-1.088882219177 
-1.048352424847 
-1.024661197216 
-1.105895935070 
-1.143978089077 
-1.188010687146 
-1.149849765531 
-1.211329215048 
-1.204718266975 
-1.177482625794 
-1.227951330627 
-1.273047714919 
-1.225050419722 
-1.182978047566 
-1.180151641994 
-1.194455638937 
-1.193767763006 
-1.200176311338 
-1.279692684185 
-1.269372917635 
-1.280060719676 
-1.229697908158 
-1.282016518318 
-1.262641800208 
-1.268803337514 
-1.224456744749 
-1.199384986657 
-1.276218218587 
-1.264980023880 
-1.288267267604 
-1.240958670437 
-1.216282807074 
-1.204388043072 
-1.191444161802 
-1.199107909446 
-1.218740574239 
-1.231391572840 
-1.169649787856 
-1.114057117263 
-1.066442815071 
-1.084321285724 
-1.081020174091 
-1.030669423098 
-1.030910491077 
-1.054296075444 
-1.105246576505 
-1.103278082537 
-1.130309726732 
-1.133372128221 
-1.163892128864 
-1.154809529266 
-1.141015004545 
-1.139802624377 
-1.139802624377 
-1.146712815237 
-1.141348716409 
-1.136723256429 
-1.139051705892 
-1.147567637460 
-1.146724972072 
-1.136676584513 
-1.123038466521 
-1.126099773529 
-1.075117291662 
-1.111866578962 
-1.073473979004 
-1.077287417981 
-1.078741243194 
-1.061766151436 
-1.077665958757 
-1.075486822383 
-1.104630744778 
-1.117204827791 
-1.120548109951 
-1.103147864429 
-1.099298764856 
-1.088323852150 
-1.086076521964 
-1.097978228160 
-1.096482478239 
-1.087569547973 
-1.093140276385 
-1.110483938541 
-1.123621797536 
-1.112731468298 
-1.128571216820 
-1.096073773348 
-1.087320739027 
-1.102226014301 
-1.098904411091 
-1.086546423732 
-1.091277257064 
-1.085091179900 
-1.098097544912 
-1.106571537172 
-1.106117591250 
-1.159312079490 
-1.119341177209 
-1.126163968507 
-1.159708353674 
-1.192770329500 
-1.182492202498 
-1.178312811071 
-1.158397726378 
-1.129043278795 
-1.091954324093 
-1.078623737541 
-1.069164500472 
-1.083768368062 
-1.090714228284 
-1.155474323654 
-1.142869019491 
-1.138891883090 
-1.141684989318 
-1.177635663786 
-1.204156380246 
-1.308802144505 
-1.307848878094 
-1.311616800931 
-1.259494887483 
-1.273700810875 
-1.284940057546 
-1.287243539585 
-1.248000332317 
-1.243584424489 
-1.256735527261 
-1.246360136416 
-1.252122586051 
-1.265374374694 
-1.235117925395 
-1.273543622729 
-1.316407647307 
-1.302656497235 
-1.278308378366 
-1.224886723278 
-1.245608945234 
-1.209902441879 
-1.227165530154 
-1.234862050566 
-1.242711972881 
-1.230792986297 
-1.195566816632 
-1.202523512107 
-1.250217801788 
-1.174103557520 
-1.188535312972 
-1.209647481965 
-1.179214852584 
-1.161833908599 
-1.199859905896 
-1.197589374515 
-1.227187281067 
-1.206593662662 
-1.206467861627 
-1.202724422793 
-1.205262005819 
-1.182224940904 
-1.180246130402 
-1.184217919143 
-1.184217919143 
-1.187242886238 
-1.187242886238 
-1.187242886238 
-1.171022994549 
-1.181246015717 
-1.181246015717 
-1.158575277064 
-1.158869456688 
-1.162484822901 
-1.187801122481 
-1.195927148760 
-1.197042726126 
-1.205253848383 
-1.188782259971 
-1.112580736618 
-1.079810625178 
-1.116128356733 
-1.097968931560 
-1.108563349000 
-1.130390347752 
-1.070779587811 
-1.055825000567 
-1.081231820759 
-1.127403466694 
-1.183460481301 
-1.173741024257 
-1.172283323785 
-1.166576380839 
-1.225155115487 
-1.346370797792 
-1.352456577968 
-1.331932200929 
-1.287453178776 
-1.289605138601 
-1.289928412365 
-1.315995623135 
-1.311238729968 
-1.249269147018 
-1.283678531661 
-1.273393471782 
-1.294278137605 
-1.312728618428 
-1.297195117414 
-1.286150221609 
-1.236796436522 
-1.212936934126 
-1.142995648508 
-1.174435350190 
-1.083566937922 
-1.090388291174 
-1.108300501850 
-1.119766750945 
-1.203096656703 
-1.212784638998 
-1.169444596054 
-1.159057458793 
-1.154278894060 
-1.172713855801 
-1.174157060526 
-1.189572805679 
-1.194583741476 
-1.200837725577 
-1.194086389564 
-1.201174234863 
-1.187090387248 
-1.157340093327 
-1.157340093327 
-1.144545200093 
-1.114146342752 
-1.078044693015 
-1.087594056670 
-1.087101531864 
-1.074183577797 
-1.029892366859 
-1.025007898270 
-1.014584600713 
-0.951473494625 
-0.990105311699 
-0.977246299468 
-1.044709367466 
-1.023349471759 
-1.027259544665 
-1.269770815427 
-1.265861640443 
-1.218458961217 
-1.196433490359 
-1.163477721125 
-1.158275335700 
-1.174354197414 
-1.195377214730 
-1.201229945279 
-1.201587679552 
-1.191641961757 
-1.185634315507 
-1.144004096548 
-1.159824259332 
-1.158615888647 
-1.181622296274 
-1.177322804612 
-1.187028362892 
-1.169433138248 
-1.214392934924 
-1.260804339422 
-1.177473020214 
-1.190651561100 
-1.182324817938 
-1.099020115485 
-1.067172040852 
-1.047925519055 
-1.079160283132 
-1.060072514101 
-1.059697294867 
-1.070009997289 
-1.063227185203 
-1.095985359640 
-1.042556165854 
-1.020295918780 
-1.051663043430 
-1.118642867709 
-1.152644265383 
-1.143217432869 
-1.179196480675 
-1.196944015782 
-1.201160151438 
-1.226476951587 
-1.212405972432 
-1.212032781997 
-1.212735223317 
-1.229748587255 
-1.239623246336 
-1.119026638869 
-1.123411234353 
-1.119262045866 
-1.134655680119 
-1.136016149334 
-1.136016149334 
-1.136016149334 
-1.133334379944 
-1.154147022869 
-1.157087346299 
-1.166467815526 
-1.167348654154 
-1.175093156429 
-1.175374945444 
-1.180153806688 
-1.176074539390 
-1.179376652511 
-1.180466197501 
-1.180999361488 
-1.186563653592 
-1.197488629480 
-1.180533016672 
-1.157631089669 
-1.164951209790 
-1.163309606623 
-1.169760759823 
-1.182836700954 
-1.177263366742 
-1.169813687654 
-1.174560016808 
-1.174560016808 
-1.181153023120 
-1.097277283310 
-1.053768878649 
-1.088505208218 
-1.083552516264 
-1.127358653970 
-1.155957992627 
-1.155854508908 
-1.159845730721 
-1.159835457892 
-1.159265170290 
-1.163263463751 
-1.151514714379 
-1.136319380860 
-1.108691545812 
-1.053703580224 
-1.038146345126 
-1.046144217166 
-1.044916581816 
-1.040670575253 
-1.033580123208 
-1.073692004993 
-1.052687972527 
-1.046969489461 
-1.040098934118 
-1.076136018351 
-1.066459279945 
-1.094989226545 
-1.091376075461 
-1.091376075461 
-1.093973823581 
-1.082327731142 
-1.082327731142 
-1.082327731142 
-1.085791288449 
-1.086052754193 
-1.080260507354 
-1.080260507354 
-1.080260507354 
-1.097451388862 
-1.114046812604 
-1.112874580756 
-1.112072865005 
-1.122424605620 
-1.103338005495 
-1.108634041676 
-1.116629932066 
-1.116680201903 
-1.139151904243 
-1.149808091837 
-1.133892895507 
-1.140062840300 
-1.075335616190 
-1.140549152330 
-1.142585510273 
-1.084350575077 
-1.038561880362 
-1.035469663407 
-1.047534146427 
-1.019252573575 
-1.019252573575 
-0.999507189608 
-0.978738225588 
-0.973923831434 
-0.985305226276 
-0.943599002744 
-0.936561562698 
-0.983819982474 
-0.943384688362 
-0.999234140817 
-0.992554518560 
-0.965256350346 
-0.935342354838 
-0.933679842616 
-0.965099939302 
-0.966998860538 
-0.988606202477 
-1.063392901480 
-1.064910966025 
-1.081734717417 
-1.078636456998 
-1.034025900690 
-1.013747258583 
-1.002971135213 
-1.009639792189 
-1.038463737747 
-0.987219721741 
-1.027795516179 
-1.016295421403 
-0.969066165074 
-0.950176748738 
-0.859185587070 
-0.971314781515 
-0.945437818092 
-0.971334083097 
-0.949871505681 
-0.871970680207 
-0.911833285442 
-0.857332138258 
-0.880906844460 
-0.969337318594 
-1.004373426027 
-1.006771357250 
-0.991512036166 
-1.012824942328 
-1.017192201234 
-1.024760589901 
-1.025286510047 
-0.962086000710 
-1.043047604327 
-1.025266283464 
-1.028870299505 
-1.056030156578 
-1.068686719326 
-1.090069005068 
-1.097844537063 
-1.112753560975 
-1.120926567174 
-1.125619752449 
-1.145878835566 
-1.135274421977 
-1.134465828868 
-1.083370903613 
-1.088066193309 
-1.086122253489 
-1.042758305539 
-1.036782351896 
-1.034650929190 
-1.023839146279 
-1.031999024224 
-1.018487850464 
-1.012517056424 
-1.008813507813 
-1.037126307738 
-1.030568945793 
-1.030568945793 
-1.017017975798 
-1.027361934517 
-1.021682116211 
-1.014648775338 
-1.029014604937 
-1.023826835103 
-0.986634419133 
-1.015185405880 
-1.016505902715 
-1.022860890201 
-0.983804342519 
-0.893326775755 
-0.921286198930 
-0.903586400977 
-0.997181236344 
-0.978371517669 
-0.986949485838 
-1.012792055496 
-0.919087108393 
-1.021546753439 
-1.020662118139 
-1.020662118139 
-1.018516773453 
-0.940811823795 
-1.042852340709 
-1.033387949565 
-1.023210403915 
-0.998056146363 
-1.035879143914 
-1.033910184415 
-1.031871022569 
-1.059202545765 
-1.023059797784 
-1.058582184823 
-1.069084187219 
-1.068160041932 
-1.068126122606 
-1.098474062033 
-1.141866362215 
-1.170075933428 
-1.166527674487 
-1.164513439057 
-1.103081188009 
-1.173193263843 
-1.153196475191 
-1.161107964558 
-1.156308907605 
-1.141227552938 
-1.122096474801 
-1.133058010057 
-1.183037533211 
-1.173630491026 
-1.186077381733 
-1.186244053185 
-1.187891261145 
-1.165062309227 
-1.160434659047 
-1.131542273576 
-1.141220948218 
-1.122484047621 
-1.203428735582 
-1.240446890578 
-1.208772474265 
-1.208772474265 
-1.213547605423 
-1.223609171248 
-1.209332615072 
-1.165978045842 
-1.144863827013 
-1.113598525224 
-1.095642756221 
-1.118541314950 
-1.141905152114 
-1.170029561939 
-1.179426584248 
-1.204248452257 
-1.193471523161 
-1.169141572139 
-1.189117673043 
-1.200743139568 
-1.233044618958 
-1.227799919253 
-1.179214868119 
-1.165440839554 
-1.166988729562 
-1.168174576088 
-1.144417699463 
-1.148088324876 
-1.167464631678 
-1.158748466838 
-1.160578666520 
-1.200421143797 
-1.222157230276 
-1.235230334255 
-1.223728375284 
-1.198435506877 
-1.219781969392 
-1.211360432427 
-1.209878529594 
-1.194443808499 
-1.223637656731 
-1.192650849349 
-1.227627580742 
-1.196942516482 
-1.219553997253 
-1.255427094913 
-1.282153978887 
-1.266291171433 
-1.269593654966 
-1.262636935914 
-1.225680507165 
-1.224523528660 
-1.210694664871 
-1.218831827731 
-1.197308844854 
-1.185507560190 
-1.164689766630 
-1.154701797672 
-1.149031031563 
-1.122023575858 
-1.118638579965 
-1.113627206756 
-1.101085477561 
-1.136436411176 
-1.189509557512 
-1.174455063180 
-1.166569299399 
-1.160804319015 
-1.156254314359 
-1.142941257304 
-1.141309126351 
-1.128856363912 
-1.129381368684 
-1.103607009298 
-1.097146485352 
-1.100697345549 
-1.084805113662 
-1.077959177808 
-1.074316616737 
-1.116427134022 
-1.124887567991 
-1.127768724807 
-1.131708840914 
-1.104406822477 
-1.099365155174 
-1.118767879283 
-1.138917169429 
-1.141764476861 
-1.130472052732 
-1.109405856992 
-1.124936150182 
-1.126852205982 
-1.122747153736 
-1.110774914480 
-1.076810391864 
-1.061887499854 
-1.049322171027 
-1.053926641159 
-1.027917590125 
-1.026854467023 
-1.002796170481 
-1.291039469131 
-1.306752758639 
-1.338257401091 
-1.318419412740 
-1.267224249315 
-1.276660310474 
-1.358155349248 
-1.339123239129 
-1.316965040330 
-1.360384485426 
-1.290737429708 
-1.277829766454 
-1.182836736080 
-1.159151268663 
-1.158150603458 
-1.199111724777 
-1.205235267070 
-1.191126211262 
-1.230663272414 
-1.224321548715 
-1.231107738387 
-1.217308682671 
-1.225746803782 
-1.198123348717 
-1.192024284856 
-1.197698288945 
-1.174207839563 
-1.184599756789 
-1.196774365092 
-1.211899903077 
-1.264536555953 
-1.207817604090 
-1.232348251768 
-1.241452019282 
-1.243287604134 
-1.140068854288 
-1.206952946293 
-1.194326961162 
-1.187728685322 
-1.190593806522 
-1.199263255387 
-1.181740009598 
-1.223738761413 
-1.153106909334 
-1.086135929333 
-1.165286307240 
-1.154605270236 
-1.144182661496 
-1.137969275452 
-1.091362155159 
-1.080025835707 
-1.106939374372 
-1.105894587749 
-1.097518269253 
-1.141317703884 
-1.120272280544 
-1.141984443218 
-1.142745887805 
-1.147622968046 
-1.141086491696 
-1.190028588096 
-1.173933722535 
-1.158593089847 
-1.177541225213 
-1.152327522556 
-1.142013081415 
-1.124970381128 
-1.163689053131 
-1.178009289604 
-1.193027893074 
-1.193326269463 
-1.206206451806 
-1.202380463682 
-1.204138141061 
-1.169424565088 
-1.159038945366 
-1.154732708573 
-1.149154145704 
-1.159351660099 
-1.179318163052 
-1.183552869819 
-1.178592243648 
-1.217617242459 
-1.233313369616 
-1.233141616800 
-1.190415110501 
-1.180463925807 
-1.187999304342 
-1.207140956837 
-1.216036234971 
-1.219933376466 
-1.216314733293 
-1.204569730763 
-1.219655986015 
-0.849739977389 
-1.028166146214 
-1.042312971445 
-1.040780039547 
-1.045505234154 
-1.058588471666 
-1.061046989197 
-1.098820766921 
-1.099885585678 
-1.093686331893 
-1.077312978380 
-1.075965849387 
-1.098202723935 
-1.140118144399 
-1.148746691537 
-1.213302286138 
-1.213393250609 
-1.228326700438 
-1.203254058021 
-1.200966745800 
-1.207517736528 
-1.188118572271 
-1.224917536591 
-1.218023848438 
-1.203971500968 
-1.179876482030 
-1.198417279317 
-1.198573290821 
-1.269904613469 
-1.230670459614 
-1.227174494285 
-1.244251038560 
-1.309300734814 
-1.230600153173 
-1.227930845676 
-1.214965496687 
-1.214263020446 
-1.210925584338 
-1.224364138603 
-1.217742174928 
-1.266921413844 
-1.274387663624 
-1.235093113572 
-1.226144694871 
-1.196466326982 
-1.223700727130 
-1.200557472002 
-1.242831146075 
-1.144384354572 
-1.109168901973 
-1.113318858591 
-1.105505163146 
-1.096941475283 
-1.093647108043 
-1.078064292247 
-1.071318396089 
-1.034381070988 
-1.008289377230 
-1.016055730869 
-1.019564967357 
-1.013374891766 
-1.013363572240 
-1.011585948753 
-1.036354308451 
-1.000862748362 
-1.036442517846 
-1.108482937998 
-1.096480164985 
-1.107863960810 
-1.144840269717 
-1.131086144529 
-1.140994260084 
-1.093412243803 
-1.135326160425 
-1.108249195206 
-1.081358395250 
-1.097722494699 
-1.093851629446 
-1.111162509942 
-1.090883786331 
-1.105423442833 
-1.155043284089 
-1.156675668807 
-1.173732722781 
-1.173967193227 
-1.183525246246 
-1.117843235647 
-1.117012287912 
-1.156424663404 
-1.165321673601 
-1.156383241471 
-1.153916179949 
-1.154787451920 
-1.107903423981 
-1.172678456326 
-1.213977143486 
-1.203537071587 
-1.224054245967 
-1.199963938483 
-1.225185308218 
-1.223609080544 
-1.246705756411 
-1.238581689081 
-1.228422535915 
-1.261195024356 
-1.222945859029 
-1.221039799216 
-1.317855832075 
-1.204646360399 
-1.199987373149 
-1.221712886214 
-1.209126044000 
-1.168132741204 
-1.174701222860 
-1.174092489273 
-1.178820550620 
-1.204619085669 
-1.202145853033 
-1.177717454010 
-1.208836585800 
-1.212167976314 
-1.231987030278 
-1.258488327618 
-1.267754038925 
-1.267465226638 
-1.266066853835 
-1.231633906756 
-1.205473704881 
-1.223159304655 
-1.217157670108 
-1.256230319227 
-1.212243912781 
-1.235316462470 
-1.286122989105 
-1.284614108988 
-1.223091008637 
-1.223286696316 
-1.187738884266 
-1.213566957213 
-1.259145036584 
-1.285439808385 
-1.304696819714 
-1.224022583537 
-1.250765275698 
-1.244372639682 
-1.239162505333 
-1.221655978663 
-1.204671476936 
-1.185610307426 
-1.195462991783 
-1.193835476032 
-1.218929436621 
-1.227125807674 
-1.226933151981 
-1.227096622933 
-1.165064386987 
-1.190252028333 
-1.188932693161 
-1.200883888593 
-1.206286083973 
-1.221864795038 
-1.206807058523 
-1.180255394930 
-1.195924727658 
-1.210960980802 
-1.232619479191 
-1.215016438760 
-1.282006945754 
-1.311055214643 
-1.292287110646 
-1.290283509073 
-1.332990237158 
-1.326131611948 
-1.245701447517 
-1.236513818411 
-1.234054567814 
-1.225903506974 
-1.261693799720 
-1.393900696685 
-1.391818923437 
-1.373833047269 
-1.381092142494 
-1.370038277852 
-1.408024308861 
-1.406669844317 
-1.431842841226 
-1.382645021504 
-1.390555500579 
-1.010829200824 
-0.997680442312 
-1.009553601287 
-0.997907633044 
-1.046676937624 
-1.046676937624 
-1.020316812208 
-0.962683208312 
-0.987649105821 
-0.987649105821 
-0.999735986815 
-0.966661231401 
-1.002738919181 
-1.031067599118 
-1.157176446827 
-1.131502502654 
-1.133929958717 
-1.150974439215 
-1.165323931171 
-1.201245109694 
-1.212596640558 
-1.095861152913 
-1.067985467229 
-1.049940639698 
-1.043634312427 
-1.005744462341 
-1.024281390525 
-1.066736265275 
-1.089393878441 
-1.066544017444 
-1.066544017444 
-1.066544017444 
-1.071182420288 
-1.076378651227 
-1.097397239781 
-1.096435169835 
-1.084403908450 
-1.069554381527 
-1.080010769264 
-1.099870043648 
-1.048341055517 
-1.067221877791 
-1.033346013824 
-1.042016840354 
-1.025790334698 
-1.034433264728 
-1.025932113603 
-1.053034639246 
-1.031430320172 
-1.031430320172 
-1.027868359785 
-1.027856098450 
-1.037526976494 
-1.076698708186 
-1.027968714173 
-0.995989081075 
-1.016346484283 
-1.023009142819 
-0.943562656832 
-0.984041110931 
-1.000035328158 
-0.938248514782 
-0.936574811200 
-0.906572766508 
-0.976049015227 
-0.995030548914 
-0.936392485922 
-0.921813645613 
-0.940080189542 
-1.016196896216 
-1.006964699209 
-1.020436976709 
-1.068985519984 
-1.076909189417 
-1.069493071376 
-1.070929979444 
-1.059007237904 
-1.038846264129 
-1.104784244607 
-1.088205699036 
-1.029201358833 
-1.027250696297 
-1.054268168453 
-1.043704642628 
-1.053835468475 
-1.138463469129 
-1.136527183136 
-1.124119015826 
-1.121860294529 
-1.125963978488 
-1.128908691250 
-1.138540231475 
-1.145922829790 
-1.179297202009 
-0.948645097216 
-0.964370079981 
-0.985469798632 
-0.986693083807 
-0.964976267367 
-0.974369253171 
-0.990739957726 
-0.970741640516 
-0.988197545396 
-0.990806070290 
-0.968307770622 
-0.971962893358 
-0.986584752589 
-0.999695338138 
-0.999464185287 
-0.997667652894 
-1.022895553783 
-0.971604030466 
-1.040790500753 
-1.025901408526 
-0.999829245572 
-0.999829245572 
-1.008963968462 
-1.001540575516 
-1.091922654651 
-1.110402201715 
-1.112979856670 
-1.112406070820 
-1.095106401700 
-1.076483735723 
-1.069847792773 
-1.076820399283 
-1.094090047475 
-1.103672408485 
-1.095288970503 
-1.107410223703 
-1.062023557901 
-1.042556814044 
-1.061700040262 
-1.094033700953 
-1.078960015619 
-1.076116863136 
-1.092454625427 
-1.100576567351 
-1.105738072779 
-1.124737127461 
-1.097200176738 
-1.104272484410 
-1.123875188994 
-1.124627379570 
-1.123258011974 
-1.145011025312 
-1.173590077254 
-1.126599884994 
-1.128152213704 
-1.094393687678 
-1.094393687678 
-1.108632558675 
-1.104989463571 
-1.112662319468 
-1.141241769105 
-1.131081926112 
-1.135908600661 
-1.137535726511 
-1.173886806641 
-1.169963815918 
-1.153163916935 
-1.104655075841 
-1.127042375697 
-1.142949116190 
-1.149973576625 
-1.202080550673 
-1.192341174855 
-1.162861993266 
-1.164398658548 
-1.169048582118 
-1.172094278287 
-1.179219152476 
-1.167529318523 
-1.176025001113 
-1.118877252506 
-1.201747839644 
-1.190790066383 
-1.180864391136 
-1.200786515695 
-1.200377155465 
-1.220998260495 
-1.256711752290 
-1.278430354263 
-1.316869335165 
-1.365929108665 
-1.285377741578 
-1.373952461050 
-1.375343426344 
-1.125592888173 
-1.155829250194 
-1.089653579163 
-1.077787582240 
-1.077771605485 
-1.144624339730 
-1.129543480839 
-1.129100556143 
-1.153171694102 
-1.157885896393 
-1.167079631444 
-1.097387449497 
-1.116544406548 
-1.152305991617 
-1.166767418660 
-1.229101083688 
-1.215385849867 
-1.198498732785 
-1.175309010638 
-1.141373048476 
-1.141039808267 
-1.145542386942 
-1.121625811742 
-1.093116583877 
-1.045043256891 
-0.945608000448 
-0.976248264978 
-0.937530778476 
-1.058531818420 
-0.997726348435 
-0.997726348435 
-1.057238358085 
-1.065845854544 
-1.089068019271 
-1.093812276738 
-1.111343985000 
-1.099510555143 
-1.111438752854 
-1.082727871145 
-1.080498607309 
-1.062436108574 
-1.047804775732 
-1.021214347090 
-0.919670794904 
-1.016441160085 
-0.992659185926 
-0.988469549015 
-1.007542589088 
-1.000195888482 
-1.027665713840 
-1.009529735233 
-1.013168542608 
-0.967411450965 
-1.005867510146 
-1.070315429484 
-1.069140177322 
-1.083317280601 
-1.102468723394 
-1.124009923965 
-1.113325407011 
-1.157089912623 
-1.177377771893 
-1.141685295126 
-1.134224006318 
-1.185109144919 
-1.184189646933 
-1.179419116092 
-1.167528237767 
-1.170396435867 
-1.203810120648 
-1.178882790258 
-1.184420004510 
-1.195478047713 
-1.204560175118 
-1.204560175118 
-1.233596663143 
-1.213972443156 
-1.207878721357 
-1.271476717613 
-1.194615574833 
-1.188689257349 
-1.213924591177 
-1.235076507429 
-1.205070845183 
-1.205298008226 
-1.181393527889 
-1.213551339736 
-1.218227057528 
-1.206761146745 
-1.236095797384 
-1.275715920105 
-1.285066089825 
-1.319817088923 
-1.300736869523 
-1.187154417351 
-1.166192826467 
-1.170477366291 
-1.058604861360 
-1.058791293241 
-1.043672933789 
-1.100062080403 
-1.100062080403 
-1.101401260545 
-1.077097055394 
-1.066291546428 
-1.050424259223 
-1.060793595674 
-1.097670354009 
-1.069179231237 
-1.073254330303 
-1.053080086366 
-1.063747589586 
-1.067899422574 
-1.091358758302 
-1.095256904717 
-1.095256904717 
-1.098744253831 
-1.107607637944 
-1.120788944876 
-1.148826964431 
-1.183209196218 
-1.179233176097 
-1.147505099618 
-1.200882926230 
-1.215317154094 
-1.210906273554 
-1.231106898467 
-1.171841076908 
-1.170052968715 
-1.140893020597 
-1.144873546330 
-1.224539870334 
-1.212879160581 
-1.223433150214 
-1.204494892720 
-1.252572874308 
-1.235283212915 
-1.206458858105 
-1.203830570508 
-1.181274186349 
-1.193717967631 
-1.165948665181 
-1.179568707958 
-1.153736538437 
-1.174613705260 
-1.110391487753 
-1.119567313224 
-1.113693179960 
-1.153449217059 
-1.207745159098 
-1.199480314969 
-1.186958724510 
-1.226051931937 
-1.221584444792 
-1.252826196616 
-1.254524557908 
-1.253880853292 
-1.256526163006 
-1.279886525491 
-1.236548994099 
-1.262020805063 
-1.212536900511 
-1.238531833599 
-1.230959129162 
-1.241184292501 
-1.264292237082 
-1.249559268772 
-1.280762479934 
-1.300636425281 
-1.353233371354 
-1.251403077981 
-1.287134643918 
-1.252441443049 
-1.266687550044 
-1.251438932192 
-1.269398671306 
-1.252195234266 
-1.234869099847 
-1.237421472248 
-1.209717552060 
-1.209717552060 
-1.221401080575 
-1.169041798859 
-1.187868412332 
-1.198802172519 
-1.193950051122 
-1.215843730890 
-1.234510202808 
-1.215774224125 
-1.205897490866 
-1.221527986550 
-1.215720143709 
-1.198348970031 
-1.193707748125 
-1.186014455962 
-1.202047884561 
-1.191988243084 
-1.196920840855 
-1.197318108521 
-1.157064634151 
-1.150463682058 
-1.155360147282 
-1.156421180235 
-1.259636189067 
-1.211308610585 
-1.292229502829 
-1.298053887027 
-1.256692409105 
-1.256772592230 
-1.271534404079 
-1.248200773785 
-1.248260252350 
-1.247630208988 
-1.247630208988 
-1.248523117354 
-1.236063476510 
-1.236745131147 
-1.230559552970 
-1.277257168480 
-1.248247987183 
-1.261549514660 
-1.329912198151 
-1.285412993107 
-1.273892784468 
-1.305441553913 
-1.288402495241 
-1.294981666651 
-1.272433727150 
-1.265377634629 
-1.270985905245 
-1.302578740849 
-1.297523570816 
-1.299538428178 
-1.299538428178 
-1.307724234860 
-1.280394759901 
-1.295507741902 
-1.287953141492 
-1.291663218743 
-1.246997635581 
-1.224271754611 
-1.204573605047 
-1.191578796678 
-1.263036957594 
-1.259925759725 
-1.253508544312 
-1.412160932202 
-1.301592096460 
-1.326969700726 
-1.266251620128 
-1.307613766608 
-1.259781645433 
-1.255516621147 
-1.250177111972 
-1.248745667970 
-1.277584779770 
-1.262863077661 
-1.255278956730 
-1.251379789719 
-1.248577224092 
-1.255089027284 
-1.253392094866 
-1.273181510299 
-1.282466976894 
-1.262895069305 
-1.287667395272 
-1.265583129340 
-1.202297510268 
-1.197057344775 
-1.208369487197 
-1.207470963488 
-1.253031069943 
-1.239328139306 
-1.228430771311 
-1.214172365235 
-1.207477217986 
-1.254615602135 
-1.219859182328 
-1.216232475024 
-1.221145117606 
-1.233596468844 
-1.233596468844 
-1.123264634478 
-1.140665075871 
-1.098526820807 
-1.096191667922 
-1.114921301293 
-1.101989331851 
-1.088987296109 
-1.167735407074 
-1.148463966082 
-1.153874889706 
-1.121858198196 
-1.125942658610 
-1.090893366452 
-1.092705844453 
-1.104229030497 
-1.082608942269 
-1.107920465264 
-1.045565149202 
-1.044424022162 
-1.068272063355 
-1.058860724458 
-1.045624569098 
-1.045511771312 
-1.036361756594 
-0.994059395259 
-1.009074440179 
-1.068877805719 
-1.003110692019 
-0.997470837559 
-1.000983563903 
-0.947020307735 
-0.969080596302 
-0.960773200188 
-1.033516298360 
-1.004153264202 
-1.005633330063 
-0.992558594177 
-0.987163171100 
-0.990704999132 
-1.019549081199 
-1.022645583795 
-1.030012508121 
-1.014511484882 
-0.940812081505 
-0.949037346027 
-0.930980741813 
-0.868028226282 
-0.910757031795 
-0.942685606051 
-0.952234824629 
-0.966251863388 
-0.953429624249 
-0.945530012734 
-0.959130259060 
-0.969178007659 
-0.940427808680 
-0.970779364154 
-0.999487230829 
-0.991729886331 
-1.038833391795 
-1.052954992432 
-1.029499035348 
-1.048038996185 
-1.054962948796 
-1.069912324232 
-1.055808184206 
-1.041575903081 
-1.074872278494 
-1.017425472349 
-1.064111283063 
-1.053787324990 
-1.103035874533 
-1.116594018199 
-1.127686782695 
-1.161406342237 
-1.161077350664 
-1.181596885045 
-1.164015260067 
-1.147228799261 
-1.125996006757 
-1.131372440111 
-1.138169206561 
-1.089686789519 
-1.099860219919 
-1.082168042767 
-1.093706040337 
-1.087373270997 
-1.097891186265 
-1.124516888802 
-1.133094435718 
-1.260153306078 
-1.255913093195 
-1.221499524169 
-1.192311620680 
-1.081269169715 
-1.035284200748 
-1.031702051705 
-1.111981112044 
-1.145553425210 
-1.115633838375 
-1.117734547501 
-1.124493949084 
-1.198953954167 
-1.203009889673 
-1.158143798882 
-1.147288458166 
-1.127507934612 
-1.152970184294 
-1.161273516326 
-1.136926285225 
-1.136626193094 
-1.144713685099 
-1.127288229633 
-1.140000730327 
-1.143374293461 
-1.149782486918 
-1.142631803751 
-1.142654496007 
-1.161574962315 
-1.174245863619 
-1.168799319706 
-1.179229224443 
-1.182052419455 
-1.179146496429 
-1.175680483844 
-1.235206942114 
-1.200468610688 
-1.273181875483 
-1.275564738332 
-1.234167618122 
-1.235563541065 
-1.258857662272 
-1.252004914666 
-1.252004914666 
-1.223409537689 
-1.235897380263 
-1.197474103847 
-1.172170068082 
-1.174749615670 
-1.159512386988 
-1.163003748570 
-1.205112130465 
-1.203709956633 
-1.288174687531 
-1.202602927491 
-1.196055959267 
-1.175108591800 
-1.174488743078 
-1.173223242780 
-1.165190828726 
-1.123558448306 
-1.103206453517 
-1.058686028207 
-1.056057410378 
-1.048568316110 
-1.021312582773 
-1.031594217673 
-1.041377709800 
-1.052695265850 
-1.081596668132 
-1.074561537233 
-1.117840063319 
-1.111501332907 
-1.116497669584 
-1.187171332561 
-1.153192962727 
-1.155584675392 
-1.188450734323 
-1.156967805782 
-1.152054466936 
-1.112968462898 
-1.092105758355 
-1.134918285582 
-1.076839261807 
-1.081057283532 
-1.064318360672 
-1.063307632317 
-1.073379669693 
-1.061615968251 
-1.028220323579 
-1.047919182132 
-1.009678050706 
-1.044239451467 
-1.037211684061 
-1.031228881152 
-1.005825697332 
-1.054364578356 
-1.108800113347 
-1.099978621244 
-1.072076212930 
-1.090760601050 
-1.075454544897 
-1.078533177331 
-1.055503033642 
-1.049516618135 
-1.044448757674 
-1.047152496511 
-1.027301239631 
-1.063559157245 
-1.067149567911 
-1.086971261067 
-1.087493799996 
-1.117221033472 
-1.100886816817 
-1.078828019324 
-1.104186365038 
-1.117409283392 
-1.102097198740 
-1.141658476174 
-1.140171013795 
-1.181534755457 
-1.184978864894 
-1.185342393694 
-1.250174429681 
-1.226818828093 
-1.232006707058 
-1.229533841391 
-1.231102113114 
-1.226416601170 
-1.225775041945 
-1.195117607473 
-1.195380164432 
-1.186381490714 
-1.167655865110 
-1.169404041280 
-1.130885173567 
-1.132721403087 
-1.124287692776 
-1.124432880311 
-1.124432880311 
-1.120504237852 
-1.142500271413 
-1.192431558294 
-1.147580318528 
-1.177833267422 
-1.182386706656 
-1.182386706656 
-1.199668699313 
-1.195732041385 
-1.194855103176 
-1.194855103176 
-1.192043139708 
-1.197501138945 
-1.194950427693 
-1.177039398931 
-1.196978698831 
-1.198610596416 
-1.185553729052 
-1.156929694116 
-1.118291777367 
-1.102792488746 
-1.067105988513 
-1.072920162897 
-1.072920162897 
-1.077463352477 
-1.081246413884 
-1.096657256678 
-1.091545587823 
-1.104876220072 
-1.074139723172 
-1.084667592529 
-1.073938033917 
-1.049420069563 
-1.029757471963 
-1.020833195457 
-1.060739176945 
-1.067850093728 
-1.047997463053 
-1.105029908717 
-1.101895394040 
-1.057538341079 
-1.060254125634 
-1.040844135838 
-1.031328378404 
-1.043095960613 
-1.046316373153 
-1.062272016520 
-1.040062268883 
-1.047679506352 
-1.046213142869 
-1.054502931865 
-1.050043276499 
-1.119597875791 
-1.133890644541 
-1.157406456912 
-1.135859378540 
-1.135342289372 
-1.152058415886 
-1.117555101894 
-1.093878629275 
-1.100065860376 
-1.100136317137 
-1.099453421113 
-1.110347153143 
-1.194437937355 
-1.178073193287 
-1.169272343049 
-1.201648551439 
-1.188663862160 
-1.218546524802 
-1.215994677890 
-1.210190819854 
-1.175914695974 
-1.193355268954 
-1.189928556619 
-1.180921792311 
-1.192723586508 
-1.225215527260 
-1.216994237177 
-1.177766512122 
-1.157821538931 
-1.144806136237 
-1.160960379442 
-1.136212989306 
-1.113305670729 
-1.083328136344 
-1.070347089359 
-1.094680831398 
-1.071306727449 
-1.085477267036 
-1.061440038333 
-1.103350152789 
-1.111334530682 
-1.147014800444 
-1.154953307847 
-1.130327774447 
-1.158912674885 
-1.209834427873 
-1.220748012325 
-1.262902131247 
-1.263322031956 
-1.261626366762 
-1.168161168706 
-1.167278931804 
-1.178949099954 
-1.143027806692 
-1.184098647035 
-1.187735341818 
-1.187196327495 
-1.189078989879 
-1.189258972248 
-1.182479592994 
-1.176577667304 
-1.165624943670 
-1.197167428083 
-1.202713271146 
-1.192799990000 
-1.199730535078 
-1.176699618999 
-1.158501077662 
-1.163251426333 
-1.171428605878 
-1.171428605878 
-1.152064909862 
-1.160387180312 
-1.158512162761 
-1.132632318765 
-1.131845405191 
-1.116968357198 
-1.068261387661 
-1.057159151267 
-1.057351576585 
-1.022687877530 
-1.008187269305 
-1.037267475038 
-1.025797912225 
-1.012478910811 
-1.043465676874 
-1.052769302449 
-1.005803064111 
-0.987882768078 
-0.994053560287 
-1.076589753687 
-1.019737614274 
-1.034155565899 
-1.034079325679 
-0.935690535032 
-0.879397644874 
-0.889715298837 
-0.919301869333 
-0.936969036188 
-0.937669786175 
-0.952759819779 
-0.899625127551 
-0.948666046371 
-0.949214123014 
-1.034218091914 
-0.993168082553 
-0.988223133200 
-1.022960422916 
-0.951150870113 
-0.963317839355 
-0.987244559028 
-0.978209783364 
-0.982968121738 
-1.009950535142 
-0.975987092866 
-0.966147562344 
-1.016084622133 
-1.028050526538 
-1.044106710776 
-1.065259255216 
-1.066703313878 
-1.048076420146 
-1.038159422204 
-1.069739233071 
-1.078466167202 
-1.046749207601 
-1.065107586446 
-1.067760196047 
-1.075060813096 
-1.073683404518 
-1.066199618130 
-1.021760133766 
-1.011167520618 
-1.016318423649 
-1.048441596292 
-1.052459684399 
-1.043995999733 
-1.046031619038 
-0.989217226090 
-0.977701399645 
-0.946570656406 
-0.987808595958 
-0.962767394175 
-0.993875038549 
-1.049539820665 
-1.016019677621 
-1.013293374936 
-1.029188123234 
-1.049405961228 
-1.031533220883 
-1.057951739443 
-1.041874022523 
-1.091409969166 
-1.079456497639 
-1.088048117389 
-1.087113824675 
-1.062492727881 
-1.085045745480 
-1.064957166321 
-1.095693143140 
-1.075446718822 
-1.020008302025 
-0.963818698979 
-0.966697204894 
-0.985688219969 
-1.036646844861 
-0.995440921250 
-0.977024506636 
-0.965864371903 
-0.965864371903 
-0.972320931995 
-1.002787802754 
-0.962927270165 
-0.991771533376 
-1.036022135080 
-1.027473211288 
-0.980382072179 
-1.033712807092 
-0.966256785117 
-0.955130317444 
-0.992777870083 
-0.975993142167 
-1.000263444216 
-1.019858085719 
-1.021388512693 
-1.011178762163 
-0.989442897569 
-0.991913236054 
-1.134042902024 
-1.133794953801 
-1.131379219357 
-1.130248911569 
-1.123787259053 
-1.103023935945 
-1.098142706573 
-1.099689762946 
-1.145404850231 
-1.142619621732 
-1.165901804988 
-1.170802571298 
-1.153139695006 
-1.169268427609 
-1.172814042628 
-1.175971410421 
-1.192372189993 
-1.182309698001 
-1.171569283469 
-1.157933589274 
-1.170024150540 
-1.171538542293 
-1.147342358846 
-1.137731125486 
-1.144654858448 
-1.135126489482 
-1.135250968077 
-1.217945482172 
-1.210193047718 
-1.209904742092 
-1.239147855436 
-1.208153332873 
-1.213946552723 
-1.215995533440 
-1.237504061041 
-1.233125001512 
-1.219175468758 
-1.202042561429 
-1.207907122048 
-1.197171432725 
-1.187513947863 
-1.222198132027 
-1.220135749362 
-1.171247489202 
-1.120816137004 
-1.118962232873 
-1.139961026303 
-1.145007211712 
-1.153582854129 
-1.190392812227 
-1.197437696787 
-1.181947781360 
-1.158169558117 
-1.164147451691 
-1.271538490757 
-1.275445465898 
-1.213441096282 
-1.238739832221 
-1.257089121559 
-1.252887510480 
-1.252639053978 
-1.249369336225 
-1.239102140845 
-1.239282577600 
-1.244569366140 
-1.249835257656 
-1.207546705242 
-1.237766837247 
-1.164700636031 
-1.152467313560 
-1.143804740587 
-1.152407803675 
-1.141948655212 
-1.156250644528 
-1.146337604424 
-1.113927115502 
-1.113941697284 
-1.116508691868 
-1.193755675200 
-1.239348688257 
-1.223106076124 
-1.217742419383 
-1.200812995946 
-1.228102936219 
-1.188918719122 
-1.185813006982 
-1.181292947971 
-1.183661955060 
-1.206918110884 
-1.237389166622 
-1.228027103076 
-1.195341292266 
-1.260253646153 
-1.202554160177 
-1.290919039413 
-1.313414704539 
-1.293546195331 
-1.257031543792 
-1.255757923221 
-1.262811911387 
-1.251854604255 
-1.280983121952 
-1.269599730362 
-1.300641881968 
-1.245661404730 
-1.284299442343 
-1.318997202828 
-1.245492854573 
-1.246033136304 
-1.227924260293 
-1.259755555891 
-1.244153511312 
-1.218070877111 
-1.250703991012 
-1.248442602678 
-1.235173417469 
-1.237425779064 
-1.292942567530 
-1.254897167823 
-1.278125542326 
-1.306525282593 
-1.125591268886 
-1.135658552247 
-1.136852275428 
-1.118786390198 
-1.113158459880 
-1.123271829019 
-1.119681437326 
-1.126951243145 
-1.092542714607 
-1.078478268737 
-1.096363814801 
-1.118054862255 
-1.112993890391 
-1.164405108160 
-1.206701603759 
-1.197989970017 
-1.138759622441 
-1.128682494017 
-1.091287414156 
-1.101766527146 
-1.110112192231 
-1.071240631754 
-1.088494483112 
-1.082253642671 
-1.031352435452 
-1.043657456760 
-1.075323777077 
-1.047830719200 
-1.081347519942 
-1.098054203105 
-1.102627288842 
-1.080405955344 
-1.084940342462 
-1.081561490346 
-1.160371874452 
-1.075733993233 
-1.069623913404 
-1.051565407416 
-1.086231948216 
-1.074978055067 
-1.064376541727 
-1.041325847314 
-1.035391409864 
-1.078461188398 
-1.027795666768 
-1.047026455880 
-1.057660092161 
-1.044749499444 
-1.028185899123 
-1.060553312268 
-1.059537592137 
-1.083189229320 
-1.082998714643 
-1.074338368209 
-1.062233187135 
-1.073816337996 
-1.065743549733 
-1.079017770544 
-1.052454767177 
-1.055685708992 
-1.071041822711 
-1.076055273939 
-1.081823717806 
-1.081644153550 
-1.069962457486 
-1.074754290708 
-1.067592643001 
-1.332943978696 
-1.309959924829 
-1.282218963294 
-1.307691242122 
-1.286816787804 
-1.286412746952 
-1.316142514284 
-1.252744084783 
-1.278257853672 
-1.254224242788 
-1.284402603739 
-1.259646975867 
-1.268064936198 
-1.285005352256 
-1.292271743592 
-1.219179128007 
-1.216296877948 
-1.226721087131 
-1.174742938752 
-1.128933906247 
-1.110134040284 
-1.150450553096 
-1.211947982345 
-1.194848619772 
-1.212384683266 
-1.230830831816 
-1.221591722467 
-1.211220646197 
-1.216142486282 
-1.201100259851 
-1.216768271512 
-1.272794169994 
-1.319495379314 
-1.319209542260 
-1.336236106615 
-1.337519932183 
-1.313623154694 
-1.290050193576 
-1.285836672146 
-1.313654934319 
-1.327052026986 
-1.331401851064 
-1.282510090008 
-1.308114312780 
-1.277477445189 
-1.289784219962 
-1.149064960715 
-1.148939646526 
-1.110006525984 
-1.105322895141 
-1.105324586630 
-1.133290113131 
-1.119073876002 
-1.128755559926 
-1.088003372638 
-1.093647565158 
-1.127744907073 
-1.112552151031 
-1.106516811908 
-1.093567273892 
-1.039905380552 
-1.058749084647 
-1.067284682079 
-1.046604940223 
-1.097625419667 
-1.099925317339 
-1.071761225297 
-1.084855450091 
-1.069031194362 
-1.072230400377 
-1.119425063321 
-1.109137099311 
-1.120436427736 
-1.070909509888 
-1.099709798566 
-1.076440845551 
-1.084114683278 
-1.078780927279 
-1.087470370446 
-1.097739925626 
-1.078248693206 
-1.083619988570 
-1.078700490655 
-0.993260121785 
-1.053361818950 
-1.030847215065 
-1.004785255724 
-0.967153749162 
-0.956395192707 
-1.005051025386 
-0.962637158535 
-0.959699898923 
-0.966442366226 
-0.964730049481 
-1.133674996833 
-1.107809517578 
-1.121284797002 
-1.059940428633 
-1.032857683191 
-1.022567011394 
-1.044637639427 
-1.020829908121 
-1.084260568632 
-1.053779769543 
-1.083322157043 
-1.071097527916 
-1.077918003630 
-1.098124903166 
-1.120894801795 
-1.151553436795 
-1.117114068196 
-1.098714373190 
-1.062646362506 
-1.067867311226 
-1.066690144456 
-1.072494792501 
-1.086952693894 
-1.111780295313 
-1.111328799792 
-1.104503369232 
-1.106422269172 
-1.142394955791 
-1.159837199117 
-1.042605640838 
-1.110083894816 
-1.079110789319 
-1.086223575596 
-1.101771455636 
-1.112838794527 
-1.108294691303 
-1.090925222951 
-1.112251540752 
-1.147635424654 
-1.115484157949 
-1.122989397301 
-1.140157277135 
-1.145223452737 
-1.194855336834 
-1.189103837224 
-1.195409466610 
-1.199376787264 
-1.106764945735 
-1.118621672617 
-1.113111385286 
-1.130071942707 
-1.207776518403 
-1.205562996563 
-1.181786353941 
-1.101801641384 
-1.102070266249 
-1.069966636137 
-1.038639626168 
-1.076118021836 
-1.068338518235 
-1.060643151013 
-1.059483940208 
-1.133011395672 
-1.087404354766 
-1.153638796769 
-1.189146910391 
-1.202029741899 
-1.202029741899 
-1.198107632278 
-1.211787318831 
-1.216130054463 
-1.198079205707 
-1.243438602807 
-1.284910462988 
-1.239049829604 
-1.248059154345 
-1.259393876095 
-1.270292011157 
-1.199831995880 
-1.193088313188 
-1.196217101268 
-1.181985456283 
-1.175263789819 
-1.177284405082 
-1.183753271478 
-1.150238547003 
-1.155155315215 
-1.145673864312 
-1.154107200296 
-1.141170680942 
-1.152111534987 
-1.170956189391 
-1.184071030897 
-1.120196158034 
-1.216553233522 
-1.202726282313 
-1.197581845550 
-1.209231720116 
-1.207326267590 
-1.208555324528 
-1.186785231052 
-1.192297076901 
-1.262881405005 
-1.200758032100 
-1.210232095297 
-1.257354511533 
-1.229305463182 
-1.261805374833 
-1.260440188352 
-1.270380800227 
-1.253635247567 
-1.269146581108 
-1.275378864985 
-1.299813392539 
-1.308629760360 
-1.301587540721 
-1.329585987324 
-1.365927909181 
-1.262413140258 
-1.231602331537 
-1.214506012658 
-1.221700476371 
-1.227399701531 
-1.272001606355 
-1.241566404702 
-1.240111676311 
-1.271330597606 
-1.269792472667 
-1.261846201175 
-1.270364470234 
-1.246366043221 
-1.244862960363 
-1.205274783026 
-1.176323925930 
-1.205015413410 
-1.192266215800 
-1.160788920840 
-1.108544404925 
-1.106124853683 
-1.080361368490 
-1.081386659290 
-1.081386659290 
-1.001789005271 
-1.059645220030 
-1.042744587225 
-1.030998515916 
-1.049620862022 
-1.047896075240 
-1.047896075240 
-1.050892002231 
-1.048048832642 
-1.073422498197 
-1.074202715054 
-1.054182799250 
-1.050092454221 
-0.970945245985 
-1.002470545709 
-0.987250718278 
-0.951803411239 
-0.934118911969 
-0.973940987800 
-0.979371915774 
-0.971512070186 
-0.983537812326 
-0.941288226439 
-1.030662201082 
-0.980902196715 
-0.979999043826 
-1.012273228378 
-1.009993875448 
-1.009993875448 
-1.009993875448 
-1.058849168286 
-1.077282306820 
-1.094859548434 
-1.100155823713 
-1.102404369277 
-1.093260661578 
-1.110342925819 
-1.118901904949 
-1.085254419497 
-1.085866102313 
-1.083397640918 
-1.058645462013 
-1.085731641154 
-1.072406577455 
-1.053599392533 
-1.053599392533 
-1.215499955967 
-1.237914738701 
-1.227412487377 
-1.247350213856 
-1.264226634476 
-1.305116601182 
-1.190435223509 
-1.201549848585 
-1.183438209170 
-1.196005730444 
-1.188139377870 
-1.199540988208 
-1.225674052228 
-1.172489430826 
-1.169995246480 
-1.137251880382 
-1.152488135668 
-1.168303121092 
-1.182167697427 
-1.195327978401 
-1.180615566952 
-1.198168713034 
-1.180276911197 
-1.181340278238 
-1.194635858231 
-1.190927029596 
-1.250034708403 
-1.302081549913 
-1.297049919686 
-1.330004148148 
-1.316345999753 
-1.258364535425 
-1.258364535425 
-1.255189436842 
-1.272919608240 
-1.137623504553 
-1.144423122773 
-1.142604330478 
-1.132633540262 
-1.166704965953 
-1.221535648876 
-1.220772316852 
-1.232263105223 
-1.252359175048 
-1.195041335340 
-1.176059009341 
-1.152879435560 
-1.123318483397 
-1.109705147333 
-1.072663569498 
-1.057216194106 
-1.053604910355 
-1.090513206381 
-1.084195174210 
-1.118826617267 
-1.118826617267 
-1.118826617267 
-1.130467898208 
-1.177716474678 
-1.191855251880 
-1.168080911710 
-1.175110243744 
-1.215907516012 
-1.244656955348 
-1.183524073544 
-1.186239589235 
-1.186390742581 
-1.176318353397 
-1.165700411387 
-1.146919476241 
-1.202692914937 
-1.203171414750 
-1.189187684723 
-1.169355935741 
-1.147967032360 
-1.157644176017 
-1.153362730118 
-1.199083711519 
-1.220271126554 
-1.203408671320 
-1.202162206441 
-1.200822468324 
-1.209538641610 
-1.172792715431 
-1.182437181490 
-1.182437181490 
-1.182437181490 
-1.177229746634 
-1.190268026232 
-1.190268026232 
-1.190913934036 
-1.184534093025 
-1.186593332417 
-1.188065756643 
-1.130622848660 
-1.131575892146 
-1.138792268896 
-1.087040207664 
-1.139144609843 
-1.177272812130 
-1.162179565245 
-1.158342692673 
-1.117311714800 
-1.068470678661 
-1.042743584584 
-1.041701661941 
-1.040376123629 
-1.035290691592 
-1.010637420560 
-1.011343174688 
-1.014369447563 
-1.000004451164 
-1.046886828490 
-1.030203133401 
-1.074592555977 
-1.074517314490 
-1.050920088407 
-1.041806215633 
-1.094550509207 
-1.131040404307 
-1.085411120231 
-1.076146909473 
-1.049380760540 
-1.040273098791 
-1.105422390495 
-1.115788703198 
-1.122751387339 
-1.170582305876 
-1.165197616408 
-1.155825057906 
-1.145202602234 
-1.146318835607 
-1.109946819197 
-1.090780445284 
-1.134772693905 
-1.141819430502 
-1.140676459881 
-1.099447000978 
-1.106780602979 
-1.129237188878 
-1.108883086174 
-1.104392074487 
-1.167460671949 
-1.179882711766 
-1.107185830995 
-1.112352702189 
-1.120621219021 
-1.173378342844 
-1.172866158685 
-1.159233106563 
-1.176563907281 
-1.180340373639 
-1.178143621714 
-1.172925072595 
-1.163319239693 
-1.162093284722 
-1.198313939422 
-1.239120510087 
-1.234044261628 
-1.216329527607 
-1.216329527607 
-1.241253914751 
-1.237475041111 
-1.217625555193 
-1.242924859687 
-1.304533975533 
-1.282767909147 
-1.237326107164 
-1.243096530724 
-1.227782156719 
-1.270583817028 
-1.270583817028 
-1.257375938663 
-1.244632962243 
-1.244840392958 
-1.244159740350 
-1.244462071862 
-1.296534853033 
-1.221273547044 
-1.226939828697 
-1.217581311160 
-1.160666228453 
-1.149760053108 
-1.168292684880 
-1.171357955823 
-1.162377677613 
-1.160194098034 
-1.173217237771 
-1.301941867925 
-1.270682642715 
-1.286707271758 
-1.267814887625 
-1.404065977129 
-1.402660762107 
-1.365626659172 
-1.345210775628 
-1.383138956637 
-1.419183203341 
-1.332963888600 
-1.356135005844 
-1.296158064547 
-1.330031847793 
-1.335035026730 
-1.361222503235 
-1.348602287790 
-1.366636956872 
-1.334270858645 
-1.321619543179 
-1.397651884860 
-1.338604748779 
-1.309681854545 
-1.377282784006 
-1.370607557563 
-1.323664172342 
-1.304930274179 
-1.344294397773 
-1.301380305136 
-1.350884774096 
-1.265883162637 
-1.229261901814 
-1.261748576374 
-1.173601987252 
-1.234313220837 
-1.215063026562 
-1.214946471914 
-1.192462034838 
-1.229914794386 
-1.234746241195 
-1.175504725219 
-1.168116661602 
-1.169980425242 
-1.152113134452 
-1.183682702920 
-1.191355658252 
-1.176469692612 
-1.203819431059 
-1.160884311698 
-1.193397843499 
-1.172937955952 
-1.185164749090 
-1.190177140160 
-1.174523353035 
-1.153430545415 
-1.070665864916 
-1.067737040549 
-1.054257814751 
-1.052463532104 
-1.076124104271 
-1.064593780275 
-1.047632537541 
-1.063682560001 
-1.097411654941 
-1.142000550538 
-1.149826367025 
-1.131173120036 
-1.127949163007 
-1.118705080685 
-1.153934530624 
-1.146991200380 
-1.134418265446 
-1.099572848749 
-1.119414940080 
-1.131341678295 
-1.125181506524 
-1.101745168747 
-1.088376697731 
-1.101801985538 
-1.129990058894 
-1.031426923033 
-1.011999855147 
-0.996622817472 
-1.057614488604 
-1.000262789953 
-0.992119079440 
-1.031628801029 
-1.010148307172 
-1.022302699368 
-0.978111376115 
-0.995649770399 
-0.988770645636 
-0.997613199109 
-1.008654872837 
-1.185063668794 
-1.136574039289 
-1.154750347893 
-1.162507750196 
-1.199396130640 
-1.188717804165 
-1.232708185680 
-1.256694591638 
-1.276810880595 
-1.291619134317 
-1.254541684937 
-1.314139892071 
-1.278916840495 
-1.227100713034 
-1.249839722476 
-1.266012115360 
-1.262042150603 
-1.243618290010 
-1.253861715468 
-1.251128067248 
-1.242996533066 
-1.257591940067 
-1.253201420143 
-1.269555678759 
-1.224631004206 
-1.228323952056 
-1.275171553627 
-1.241890095298 
-1.241814205356 
-1.225170058927 
-1.210552609114 
-1.208422494567 
-1.196582536274 
-1.196102146606 
-1.210595326024 
-1.233650703829 
-1.216955971208 
-1.254897900143 
-1.273928640584 
-1.286980985938 
-1.254329799431 
-1.236576600221 
-1.194750678522 
-1.184622755182 
-1.173718617052 
-1.151619344861 
-1.150848805599 
-1.179168416069 
-1.162318699143 
-1.166259336311 
-1.158420535652 
-1.138000309648 
-1.154293498388 
-1.150054980908 
-1.148467984319 
-1.133983837503 
-1.119357603222 
-1.133909480619 
-1.117229338962 
-1.159893815036 
-1.161263470388 
-1.185282475956 
-1.208763406117 
-1.218940968295 
-1.203782218731 
-1.208197438600 
-1.250382695400 
-1.267725398440 
-1.279181472371 
-1.265015547970 
-1.210344998640 
-1.209204554504 
-1.331414339603 
-1.323994014357 
-1.319281915369 
-1.367079065349 
-1.351098110968 
-1.365240676581 
-1.290189981179 
-1.242991705925 
-1.247240753079 
-1.227682396130 
-1.218649982129 
-1.224634522139 
-1.234048752272 
-1.223254147442 
-1.208174672337 
-1.195276297682 
-1.189412290941 
-1.216824698514 
-1.220595541541 
-1.230480121231 
-1.242415870913 
-1.227108157225 
-1.171820014657 
-1.185922058625 
-1.179733255746 
-1.190856276809 
-1.135701643893 
-1.135440667291 
-1.137857975102 
-1.131070394810 
-1.126091041484 
-1.099583256101 
-1.093431302876 
-1.072574972319 
-1.098531000766 
-1.147268697662 
-1.149569280989 
-1.149381571442 
-1.156588909919 
-1.034094155962 
-1.007795745706 
-1.008515570710 
-0.990632114019 
-0.989207019691 
-0.946532712241 
-0.995390464930 
-0.989661716174 
-0.979357224943 
-1.016522573274 
-1.002895046385 
-1.011684682857 
-0.997415723427 
-1.003096848991 
-1.006414468074 
-1.007697138746 
-0.951818340131 
-0.970018750987 
-0.998739851975 
-0.993967295348 
-0.983091781993 
-1.008241428319 
-1.008241428319 
-0.994588537864 
-1.007774619197 
-1.021260358018 
-1.014687086255 
-0.974647868822 
-0.971633331070 
-0.970687330614 
-0.971330310748 
-0.977647941300 
-0.987529802906 
-1.021207324075 
-1.030793857738 
-0.993774023083 
-0.995560103193 
-1.001911286651 
-0.990588692267 
-0.992643128375 
-0.998638084183 
-1.000869824319 
-0.919708180349 
-0.980687274221 
-0.987544003109 
-0.992652712735 
-1.000011703509 
-1.019343497552 
-1.015554274415 
-1.020938510729 
-1.000027223693 
-0.935304991434 
-0.974934449456 
-0.973412732592 
-1.011224735652 
-1.005465739415 
-0.990453125535 
-0.932850740713 
-0.970881423678 
-0.980296586716 
-0.938222286763 
-0.933097207075 
-0.926563631343 
-0.949648910683 
-0.949648910683 
-0.970707456275 
-0.905908587618 
-0.877087787562 
-0.990126564632 
-0.966629276839 
-0.978885942170 
-0.959537758750 
-0.976400789708 
-0.987860299119 
-0.998326862306 
-0.992571596426 
-0.992959190353 
-1.202575435014 
-1.206154532397 
-1.201048275082 
-1.191681197603 
-1.179268037098 
-1.181659849270 
-1.187509758555 
-1.194616480696 
-1.215631680066 
-1.189237059548 
-1.212883883629 
-1.177010273439 
-1.144768344317 
-1.144768344317 
-1.147462976306 
-1.179340423632 
-1.232218559745 
-1.232320955016 
-1.235511650131 
-1.230545586152 
-1.250373368039 
-1.201147371775 
-1.192040326208 
-1.188690576507 
-1.169966011928 
-1.179393240250 
-1.179131721290 
-1.213763383813 
-1.205242830381 
-1.235362950694 
-1.228959208298 
-1.224938290112 
-1.203970275622 
-1.210978940889 
-1.207894241234 
-1.223726503452 
-1.212255382183 
-1.221850741395 
-1.215263579861 
-1.204944712334 
-1.184847326794 
-1.174173847286 
-1.180105236049 
-1.155069885013 
-1.157157146468 
-1.163810036216 
-1.152203967365 
-1.195285084752 
-1.208965243737 
-1.250298666588 
-1.251708212181 
-1.316222479058 
-1.316222479058 
-1.318404451711 
-1.294662275823 
-1.306163332541 
-1.306163332541 
-1.279954963245 
-1.274143103980 
-1.281084802890 
-1.299088178420 
-1.292408207655 
-1.294771960747 
-1.274208303398 
-1.231769197090 
-1.243637665502 
-1.246574121522 
-1.243078225229 
-1.197256159258 
-1.219487002396 
-1.239895110167 
-1.235938963272 
-1.214816642267 
-1.227622629684 
-1.224111888033 
-1.223325760845 
-1.262499147374 
-1.267176121052 
-1.254487516266 
-1.248760861653 
-1.259184298597 
-1.206530976921 
-1.222238549799 
-1.225455926717 
-1.215536024411 
-1.162211677921 
-1.154925208062 
-1.127455150520 
-1.129571793639 
-1.067894059779 
-1.065592240979 
-1.153714759781 
-1.140788514150 
-1.115397974176 
-1.379529632605 
-1.393765060271 
-1.401756294125 
-1.373048738375 
-1.335993460337 
-1.370783011886 
-1.386657274589 
-1.390315545606 
-1.388862405080 
-1.386470066414 
-1.375992542640 
-1.306410361877 
-1.286035427838 
-1.306432060569 
-1.307721224969 
-1.304241490475 
-1.314995398607 
-1.229461971552 
-1.270650051203 
-1.194573792416 
-1.199121882143 
-1.197091887264 
-1.195925995314 
-1.218809417867 
-1.191985564937 
-1.187672713728 
-1.193567521895 
-1.220586844912 
-1.312990495818 
-1.260249493898 
-1.245440867204 
-1.269176889777 
-1.266909806998 
-1.227480529829 
-1.311824335032 
-1.277828151882 
-1.226332177830 
-1.215963572984 
-1.262967868126 
-1.229562526984 
-1.225735012016 
-1.219083552009 
-1.161597896185 
-1.163066602789 
-1.129393666810 
-1.133708080558 
-1.138084745486 
-1.162336206577 
-1.171546102711 
-1.168242942349 
-1.174175413315 
-1.150241158190 
-1.124889707388 
-1.133857631849 
-1.129877561836 
-1.147108767159 
-1.163507097054 
-1.161594978811 
-1.128101533814 
-1.098537191062 
-1.127667293609 
-1.130470321307 
-1.116816754238 
-1.172756500017 
-1.166782246259 
-1.178338782547 
-1.187888132195 
-1.203194671503 
-1.223835484462 
-1.232996584823 
-1.232446268299 
-1.235232573398 
-1.250171623236 
-1.254031500370 
-1.272483699269 
-1.271480551384 
-1.274668618715 
-1.269116880156 
-1.264968677453 
-1.259020705939 
-1.266427767261 
-1.268682383706 
-1.255438663677 
-1.287975040378 
-1.285603277368 
-1.296200303997 
-1.254986544287 
-1.198298645387 
-1.189566160853 
-1.143551157176 
-1.124301841940 
-1.166315916448 
-1.180408634238 
-1.160932589793 
-1.135424429343 
-1.135768099597 
-1.130221609936 
-1.113419563863 
-1.107617094423 
-1.108354334156 
-1.112682966102 
-1.114471886917 
-1.150672196223 
-1.147126849011 
-1.138200381603 
-1.138198045255 
-1.142601848371 
-1.153441241881 
-1.149757172100 
-1.168220925811 
-1.165332927033 
-1.164635352308 
-1.164635352308 
-1.163517324008 
-1.145914411277 
-1.183257405378 
-1.167240613591 
-1.159590619291 
-1.159057120713 
-1.132138092597 
-1.182028640380 
-1.205455856052 
-1.201350975416 
-1.202377933477 
-1.180107490511 
-1.183185523243 
-1.171698730044 
-1.173468954321 
-1.174823299339 
-1.155491583763 
-1.189571955633 
-1.189617671765 
-1.108239577743 
-1.125497177375 
-1.123155245735 
-1.130390016056 
-1.134388775840 
-1.166660585086 
-1.169426652943 
-1.160062923557 
-1.154537770475 
-1.188085240760 
-1.196793031056 
-1.193759769468 
-1.168845199543 
-1.166736448587 
-1.161650274744 
-1.161650274744 
-1.167479564618 
-1.170244839873 
-1.183351625663 
-1.199809688670 
-1.197684369197 
-1.184418965744 
-1.154480040816 
-1.156649552258 
-1.148110868331 
-1.121924132083 
-1.124982035682 
-1.126511951434 
-1.143168516668 
-1.125914875821 
-1.097631786827 
-1.116325975962 
-1.132037835512 
-1.172167671069 
-1.157620519159 
-1.112973146683 
-1.103126839270 
-1.148424751858 
-1.109779436844 
-1.053984771147 
-1.057645834013 
-1.077147774036 
-1.090084503057 
-1.106644247856 
-1.079162181749 
-1.072308535952 
-1.110710679413 
-1.117413223585 
-1.113091697201 
-1.163647584705 
-1.130692936146 
-1.141622755686 
-1.154280328698 
-1.121896499135 
-1.118709244384 
-1.067277568053 
-1.116408067971 
-1.140402115948 
-1.136265634456 
-1.142085902066 
-1.157683364085 
-1.170087559963 
-1.138173506870 
-1.122047653596 
-1.119422449604 
-1.087371929875 
-1.127515224287 
-1.141056915224 
-1.142219386678 
-1.160732937168 
-1.157845390070 
-1.144824106718 
-1.096977382459 
-1.112442803360 
-1.130518044148 
-1.143342401912 
-1.160936679767 
-1.147798298434 
-1.143010955393 
-1.140895638413 
-1.175037840808 
-1.147544927348 
-1.180623039498 
-1.178486297842 
-1.167092089839 
-1.110566867260 
-1.119062948043 
-1.084135235502 
-1.101594045042 
-1.078192403033 
-1.082091619504 
-1.112399462929 
-1.112399462929 
-1.112399462929 
-1.090257010366 
-1.128923922024 
-1.143678589645 
-1.156761716657 
-1.110310996272 
-1.129266820410 
-1.117408801507 
-1.039393749984 
-1.011793581278 
-1.051408623280 
-0.991458780061 
-0.977151309613 
-1.028433179079 
-1.029943791684 
-1.058292836992 
-1.086052012338 
-1.078101440663 
-1.086388731647 
-1.082402922532 
-1.046611684212 
-1.078533833958 
-1.031589217205 
-1.071839162011 
-1.083386236777 
-1.033943617853 
-1.047140475109 
-1.048929873019 
-1.080488391254 
-1.079664686626 
-1.086858327774 
-1.134709625803 
-1.134631453628 
-1.134840414715 
-1.136569651628 
-1.136569651628 
-1.129523165699 
-1.116904860357 
-1.125792685556 
-1.143422476938 
-1.163312378800 
-1.136031853669 
-1.105245676383 
-1.096370011266 
-1.088169159656 
-1.080968965672 
-1.120836567441 
-1.121533968415 
-1.168313197392 
-1.177294064014 
-1.179049316877 
-1.178869950387 
-1.177329509577 
-1.177852707051 
-1.157139038165 
-1.184259744229 
-1.187802040261 
-1.073347630979 
-1.070681767761 
-1.033868017061 
-1.026646814231 
-1.028043030928 
-1.051052807775 
-1.004644934890 
-0.985513271980 
-1.044310733177 
-0.979321966793 
-0.984284049245 
-0.993179039985 
-0.974834819189 
-0.965847876965 
-0.978650402422 
-0.979273867869 
-0.969948297802 
-0.969813316579 
-0.969791267834 
-0.998453524005 
-0.991609990851 
-0.891469844957 
-0.962625538757 
-0.909200393463 
-0.939870671164 
-1.027062208937 
-1.002258531526 
-1.029718632463 
-0.982175829835 
-0.994810141235 
-0.983042442127 
-1.020530677132 
-1.022530378188 
-1.046127305379 
-1.075593583084 
-1.137608140906 
-1.089777671861 
-1.082805683334 
-1.049912786139 
-1.040429914341 
-1.050127696739 
-1.033941587951 
-1.029996920751 
-0.999394213359 
-0.964548515452 
-0.951781269461 
-1.029966249509 
-1.098219098768 
-1.103294920110 
-1.074042988650 
-1.074877235377 
-1.007400023856 
-1.008930366211 
-1.002821824645 
-1.030893068454 
-1.033899474577 
-1.019460129883 
-1.072277698373 
-1.063383391046 
-1.050627248342 
-0.989542832311 
-1.083168654461 
-1.142693886502 
-1.150384806608 
-1.130118063899 
-1.124996165591 
-1.100187766623 
-1.082188480859 
-1.030168146815 
-1.035706472546 
-1.024061950532 
-1.058599907266 
-1.037526615190 
-1.071045185486 
-1.057819996876 
-0.993620359149 
-1.024333365707 
-1.014695204293 
-0.969309437018 
-0.942679235170 
-0.994304767281 
-0.964108178318 
-1.031494863316 
-1.027046778058 
-0.990317895676 
-1.024579636810 
-0.900602988419 
-1.065182984162 
-1.082127716375 
-1.084383781102 
-1.100285548559 
-1.092604643690 
-1.173938058782 
-1.159611092924 
-1.223016190356 
-1.280293155960 
-1.242763225225 
-1.329686953983 
-1.271999687094 
-1.303994496281 
-1.234873292702 
-1.242984677937 
-1.210403229687 
-1.208248102901 
-1.141144231043 
-1.140073709004 
-1.132374476285 
-1.154195923082 
-1.163746710148 
-1.123925228541 
-1.072663522346 
-1.063125497854 
-1.071750264342 
-1.097607045237 
-1.179258597235 
-1.212826602647 
-1.210269599425 
-1.216086619566 
-1.208343154288 
-1.185141297321 
-1.188299542484 
-1.167828191198 
-1.170230835097 
-1.169353741305 
-1.172764039664 
-1.180776043797 
-1.180380038759 
-1.179375331123 
-1.170305906354 
-1.158815753759 
-1.192086956399 
-1.158544542656 
-1.126760576190 
-1.162588585786 
-1.178660429320 
-1.228275435377 
-1.172299238492 
-1.174474673289 
-1.183710551527 
-1.173978262436 
-1.198283073966 
-1.191692999994 
-1.206017434569 
-1.218570327151 
-1.220289236071 
-1.210049465788 
-1.238127082068 
-1.208887130781 
-1.203214819499 
-1.201455421376 
-1.178457464581 
-1.178816594496 
-1.240197873487 
-1.226601900889 
-1.188960729730 
-1.176639317051 
-1.235683019508 
-1.255363602542 
-1.241915932602 
-1.222918158109 
-1.222325812656 
-1.202810247968 
-1.266775752810 
-1.264718045328 
-1.263619632118 
-1.260650683973 
-1.271102497983 
-1.303418490807 
-1.303418490807 
-1.243863482912 
-1.191103694188 
-1.215179869139 
-1.210825445018 
-1.210825445018 
-1.213880792628 
-1.233884404746 
-1.228380555136 
-1.199203997814 
-1.235833960112 
-1.240202868392 
-1.214235761211 
-1.187528408874 
-1.207819732930 
-1.164538833900 
-1.169151652691 
-1.165682042654 
-1.172542870240 
-1.145424631364 
-1.109822692766 
-1.096023455383 
-1.132611050340 
-1.159473594201 
-1.164980607124 
-1.175561446931 
-1.171460893291 
-1.150198033016 
-1.202462396183 
-1.235339399570 
-1.246912827056 
-1.270152965720 
-1.188449667289 
-1.202282821103 
-1.189158976375 
-1.192580646349 
-1.217382464153 
-1.275304634918 
-1.278930146804 
-1.275715870267 
-1.369914424728 
-1.366503914518 
-1.359121967637 
-1.356700187194 
-1.254172792676 
-1.333665007634 
-1.293301031356 
-1.348385106067 
-1.308099406104 
-1.378774232906 
-1.319058819584 
-1.290703422343 
-1.300179082669 
-1.312312992158 
-1.211749387478 
-1.232733390496 
-1.231775405273 
-1.221806398981 
-1.223847574263 
-1.225922698797 
-1.213967188988 
-1.251746219833 
-1.251746219833 
-1.169363752678 
-1.196537958538 
-1.169420928839 
-1.178313913122 
-1.231586457205 
-1.177439242137 
-1.165457814620 
-1.186825525310 
-1.079266495549 
-1.056641603047 
-1.035692128861 
-1.049847174073 
-0.997761467361 
-0.967128155241 
-0.997444936088 
-0.997506769442 
-1.010584255428 
-0.915778615345 
-0.946742717368 
-0.912522708650 
-0.981461366793 
-0.942093033678 
-0.959894982851 
-0.970993898046 
-0.966575560080 
-0.950060458305 
-0.959819101687 
-0.956796746453 
-0.950309507348 
-0.952809530738 
-0.960933684394 
-0.961440567704 
-0.928758928754 
-0.998407055880 
-1.015727257807 
-1.010847931797 
-0.983592477287 
-0.983826319535 
-0.982852123360 
-1.058293457606 
-1.053277940476 
-1.093330034904 
-1.030678042571 
-1.013921936903 
-1.098666096959 
-1.102686340404 
-1.090834291161 
-1.065245281836 
-1.037550110150 
-1.022059707088 
-1.081558217375 
-1.190628502589 
-1.190628502589 
-1.177820938231 
-1.202309570294 
-1.187722954272 
-1.185515159753 
-1.183683500645 
-1.186246501413 
-1.203093922139 
-1.165621766715 
-1.158096555782 
-1.163006667985 
-1.176066136313 
-1.179331269024 
-1.203515446641 
-1.144222709493 
-1.150417535505 
-1.175219271499 
-1.126142042860 
-1.134981113906 
-1.146078987429 
-1.153838008092 
-1.110130763282 
-1.090489732455 
-1.082227562200 
-1.065876350342 
-1.080008390663 
-1.078174295866 
-1.045263955087 
-1.100642133936 
-1.056324750773 
-1.073874755200 
-1.066361449973 
-1.088012029793 
-1.083230423691 
-1.112672842283 
-1.128181170939 
-1.124598686678 
-1.102838125912 
-1.099698864009 
-1.101396333870 
-1.101396333870 
-1.119659755132 
-1.108927887727 
-1.087264586051 
-1.086024194452 
-1.094052226404 
-1.102605277668 
-1.102605277668 
-1.022412570661 
-1.091940860255 
-1.176093135133 
-1.127129742795 
-1.114453800223 
-1.111011269327 
-1.070293873839 
-1.080263815459 
-1.068049980103 
-1.067696449793 
-1.093251770510 
-1.097721630347 
-1.081989248961 
-1.082837617991 
-1.123926831741 
-1.103955581319 
-1.097949063476 
-1.132015969439 
-1.138289830788 
-1.128166545224 
-1.110112327455 
-1.105270805264 
-1.119832856230 
-1.124142540945 
-1.121352768266 
-1.111150782457 
-1.097713609262 
-1.097713609262 
-1.099078654897 
-1.102317574830 
-1.096535600916 
-1.093601435573 
-1.077072584941 
-1.082986444185 
-1.082350486121 
-1.082350486121 
-1.085921190101 
-1.059989972709 
-1.071500089648 
-1.071500089648 
-1.071500089648 
-1.071500089648 
-1.091434029948 
-1.091434029948 
-1.091434029948 
-1.092686273505 
-1.097458667068 
-1.097597731847 
-1.101358821153 
-1.047799667004 
-1.088059744238 
-1.074294349790 
-1.168810542957 
-1.175154949775 
-1.155371649845 
-1.171242023214 
-1.178355155382 
-1.178355155382 
-1.158883388037 
-1.119106711310 
-1.119106711310 
-1.137297202813 
-1.155898068189 
-1.155898068189 
-1.184145408237 
-1.156198783365 
-1.156198783365 
-1.173325305902 
-1.171875783562 
-1.172378073762 
-1.153088986095 
-1.147825930520 
-1.145216689493 
-1.144130386470 
-1.148432243821 
-1.215311365174 
-1.210866124084 
-1.229298400248 
-1.279163112293 
-1.309719314200 
-1.447138308638 
-1.483415519590 
-1.356029025382 
-1.299957318970 
-1.195095523915 
-1.204565224512 
-1.209607381898 
-1.230750208959 
-1.230750208959 
-1.206230211822 
-1.195940482701 
-1.196110349680 
-1.186813457168 
-1.154346263888 
-1.114076212543 
-1.204095267331 
-1.194192563042 
-1.170272196049 
-1.174553227582 
-1.159998634703 
-1.157508526341 
-1.123556731262 
-1.115402252913 
-1.082078922394 
-1.096622333085 
-1.105612266495 
-1.113166360694 
-1.112310747575 
-1.119586727047 
-1.144541284892 
-1.183376882980 
-1.187222960145 
-1.183348842817 
-1.191170896582 
-1.194410166870 
-1.200305942801 
-1.200751362993 
-1.214993425182 
-1.195659617062 
-1.200952270280 
-1.200472516967 
-1.206816595996 
-1.215489007854 
-1.188781831942 
-1.227255875490 
-1.213978980896 
-1.174756800338 
-1.168408724562 
-1.171715260085 
-1.226241065556 
-1.228860277172 
-1.252642494434 
-1.263250857680 
-1.202338841236 
-1.130355507291 
-1.243975272752 
-1.170473989172 
-1.161161604924 
-1.150115457784 
-1.239084134492 
-1.216931323773 
-1.231361922721 
-1.223417763052 
-1.280845245658 
-1.272838937188 
-1.259253349142 
-1.260840378200 
-1.263841579309 
-1.258994697041 
-1.254012627844 
-1.280671772173 
-1.280671772173 
-1.279327898027 
-1.267962019210 
-1.271607846453 
-1.228028461980 
-1.224276419423 
-1.203638271647 
-1.177637380119 
-1.217281405670 
-1.218024795788 
-1.231568133880 
-1.252012436354 
-1.242737321788 
-1.187715581830 
-1.187715581830 
-1.177082100130 
-1.197893820727 
-1.203516765809 
-1.215493003256 
-1.251434394623 
-1.259306885575 
-1.195957408744 
-1.183818414080 
-1.191388194705 
-1.193345503317 
-1.213111886460 
-1.196120374898 
-1.170179658378 
-1.156865474779 
-1.173114124163 
-1.126377588794 
-1.095994314399 
-1.161788883451 
-1.150331315831 
-1.139001277675 
-1.127579347864 
-1.136960428970 
-1.174935177417 
-1.220320496017 
-1.234592984332 
-1.223094632043 
-1.219195952079 
-1.181683807960 
-1.197552050179 
-1.202765839285 
-1.207354579997 
-1.169427410122 
-1.142508191740 
-1.135903250634 
-1.131031637054 
-1.120132418273 
-1.113965202604 
-1.140036853420 
-1.153343461059 
-1.135961726582 
-1.135736101294 
-1.103395053348 
-1.090263098551 
-1.095058114425 
-1.075608645885 
-1.046837344961 
-1.097371687183 
-1.102008463414 
-1.096284892084 
-1.081614466712 
-1.067467587574 
-1.065561192568 
-1.080389032498 
-1.100228721594 
-1.094350437988 
-1.110527702823 
-1.068385887112 
-1.067519846827 
-1.095211681442 
-1.107158238857 
-1.139496303070 
-1.086190757223 
-1.086304290801 
-1.080936879725 
-1.072166059227 
-1.074019672690 
-1.081651336224 
-1.205611765826 
-1.188363808203 
-1.188745232914 
-1.143938140169 
-1.161792810186 
-1.210689866865 
-1.210689866865 
-1.197648536712 
-1.191393422872 
-1.190640718711 
-1.120701219442 
-1.115158480128 
-1.089962044225 
-1.083961354768 
-1.100635996970 
-1.079927315995 
-1.071216274532 
-1.112509393089 
-1.059415843510 
-1.054019642608 
-1.076806403109 
-1.104890245425 
-1.069041981107 
-1.070439427540 
-1.076220259977 
-1.080381959077 
-1.093959122391 
-1.079319140782 
-1.086195202686 
-1.090270007644 
-1.083814650730 
-1.062671846940 
-1.078830503378 
-1.082132359073 
-1.071962293603 
-1.052736087186 
-1.041035686956 
-1.107024594953 
-1.069639154363 
-1.112988575869 
-1.117286249107 
-1.111496976273 
-1.080979180043 
-1.096903691095 
-1.093886018546 
-1.081864806923 
-1.033825977267 
-1.055271876908 
-1.054350405433 
-1.011427602751 
-1.014426795666 
-0.953779743056 
-0.990406419912 
-1.019777214713 
-1.053892098060 
-1.106756323582 
-1.086666023178 
-1.143735748564 
-1.088704803693 
-1.094710697235 
-1.088625082050 
-1.098831407394 
-1.019899374109 
-1.024955966272 
-1.011825538723 
-1.002904677685 
-1.022533099322 
-1.048007311262 
-1.005056760871 
-0.993899111779 
-0.991520605255 
-0.991520605255 
-1.014447579669 
-1.002778066612 
-1.017349290657 
-0.993940749185 
-1.065718336694 
-1.076206234662 
-1.092858985653 
-1.092816866824 
-1.106955320709 
-1.131312854964 
-1.127751205252 
-1.123688504242 
-1.117878742656 
-1.101030530794 
-1.087728233549 
-1.093789826957 
-1.083622768748 
-1.084114346072 
-1.102561977822 
-1.074850404212 
-1.080762918035 
-1.082018016113 
-1.153641874093 
-1.141411445265 
-1.130576042796 
-1.133143011397 
-1.134441007966 
-1.137961865694 
-1.119087402757 
-1.129696792254 
-1.150026198482 
-1.159283179160 
-1.197459793291 
-1.157458350011 
-1.154367562964 
-1.124126670432 
-1.110581836087 
-1.135706016907 
-1.132099163067 
-1.169808806334 
-1.189050117212 
-1.179095246143 
-1.226807565427 
-1.235713977507 
-1.246699943255 
-1.241568181765 
-1.214370266829 
-1.214370266829 
-1.214260861816 
-1.210382534231 
-1.227936358049 
-1.217842304562 
-1.221396980113 
-1.221396980113 
-1.224010064046 
-1.222240157271 
-1.224831037844 
-1.225824241660 
-1.229739682827 
-1.207042984272 
-1.258304201489 
-1.311159569512 
-1.364852057339 
-1.340630847457 
-1.286222110543 
-1.255271148002 
-1.248187881721 
-1.282799639233 
-1.255790677947 
-1.286843961349 
-1.256316997482 
-1.274424847097 
-1.272991276796 
-1.313192783261 
-1.278313795366 
-1.232951098838 
-1.216815345160 
-1.212615072875 
-1.128365588069 
-1.147293962699 
-1.144587636908 
-1.095450217372 
-1.079141296363 
-1.132571827553 
-1.151137342643 
-1.159760146111 
-1.144535750653 
-1.168910641430 
-1.132971884381 
-1.123943828551 
-1.143231246426 
-1.156470993362 
-1.154909137009 
-1.154909137009 
-1.160082906553 
-1.160153025530 
-1.176107818723 
-1.176107818723 
-1.186662672822 
-1.186660099050 
-1.186660099050 
-1.179057618399 
-1.180129052672 
-1.178645761798 
-1.184356282546 
-1.166251142083 
-1.166686570072 
-1.174690437645 
-1.202861090392 
-1.177557776938 
-1.171364657924 
-1.171364657924 
-1.171364657924 
-1.157728553635 
-1.150892905886 
-1.150892905886 
-1.237580891397 
-1.183126685948 
-1.169466215722 
-1.184506633216 
-1.148406085932 
-1.111611775584 
-1.110236952654 
-1.097549803813 
-1.081434279616 
-1.068969482842 
-1.090940963396 
-1.091321195321 
-1.097985567209 
-1.123196559918 
-1.114038717768 
-1.148223901982 
-1.141082446307 
-1.110253073510 
-1.113730846058 
-1.103052749673 
-1.097797598619 
-1.094887668558 
-1.092460693609 
-1.127543430357 
-1.176344025307 
-1.190732669605 
-1.177274447646 
-1.152285576003 
-1.193924418848 
-1.196497466749 
-1.196733038260 
-1.196309490327 
-1.192818342025 
-1.195219585263 
-1.227017342412 
-1.185293518322 
-1.123292689495 
-1.098347757497 
-1.098559513035 
-1.163029214636 
-1.169157577098 
-1.140760234301 
-1.196794199952 
-1.164113812265 
-1.238884371926 
-1.238456825017 
-1.216680396316 
-1.224010079695 
-1.242724719409 
-1.187230763432 
-1.236173911406 
-1.236513457153 
-1.227418779458 
-1.243033653720 
-1.300479791239 
-1.273495993797 
-1.258899918355 
-1.239015193627 
-1.275960100097 
-1.262361917507 
-1.258408754083 
-1.273193503665 
-1.235815884145 
-1.240742069186 
-1.290439081667 
-1.215727117067 
-1.230653433339 
-1.246790775039 
-1.357694520207 
-1.320318522642 
-1.383424214500 
-1.276602680378 
-1.308861432751 
-1.288817211548 
-1.280280224178 
-1.244974153449 
-1.233506282201 
-1.172565679041 
-1.111259491021 
-1.075117851954 
-1.120136904237 
-1.100682189541 
-1.114727355734 
-1.133544177398 
-1.141754855840 
-1.152027323797 
-1.139647479724 
-1.143725248006 
-1.126875195558 
-1.132549599732 
-1.135634301088 
-1.130310380970 
-1.125234353768 
-1.115964128132 
-1.043379176338 
-1.073048097301 
-1.076857718094 
-1.118142357284 
-1.136476028085 
-1.108022730344 
-1.089144798547 
-1.084927529108 
-1.110931937987 
-1.067386395086 
-1.063895641472 
-1.046614155619 
-1.059866058775 
-1.059307674630 
-1.116460171530 
-1.034583947368 
-1.060823837318 
-1.029763916586 
-1.060756456899 
-1.036725280217 
-0.949224822554 
-0.993808579168 
-0.979696671554 
-0.972850015173 
-1.018885547289 
-1.081763331034 
-1.098400117586 
-1.071694927205 
-1.084828371111 
-1.050156438689 
-1.074394265805 
-1.056288825632 
-1.087026969308 
-1.125342855328 
-1.095035530595 
-1.102073601232 
-1.107816048725 
-1.097730302314 
-1.033146886800 
-1.066781053744 
-1.089459933089 
-1.074416225948 
-1.023147469833 
-1.022993593057 
-1.042388550458 
-1.042023894212 
-1.094281869155 
-1.096029207609 
-1.095556339337 
-1.072968811985 
-1.075991928302 
-1.036541226306 
-1.054234003619 
-1.066548557472 
-1.024667676960 
-1.042255909262 
-1.009929927488 
-1.059981727123 
-0.992230247726 
-1.013403503321 
-1.042464626222 
-0.937203175487 
-0.958495150377 
-1.016485818366 
-1.012019409284 
-0.976910203549 
-1.061486954857 
-1.072341874468 
-1.031486454130 
-1.008262641075 
-0.997771181013 
-0.993800223710 
-1.023482797375 
-1.037292773380 
-1.035911634418 
-1.038004514855 
-1.044785523862 
-1.057076147551 
-1.031054208637 
-1.022899231509 
-1.043233224813 
-1.136197420614 
-1.115491091869 
-1.158465252060 
-1.154093717927 
-1.160271660617 
-1.151817017161 
-1.157305026880 
-1.180614732594 
-1.155363431403 
-1.168524887816 
-1.163260481770 
-1.163708020275 
-1.241276009352 
-1.205889915817 
-1.213865079892 
-1.229966424785 
-1.229030563841 
-1.213769656115 
-1.212014960128 
-1.231381940175 
-1.214455339788 
-1.256176589975 
-1.183814444301 
-1.179622532278 
-1.224271787438 
-1.182827689274 
-1.189793973963 
-1.200808351157 
-1.201316462841 
-1.203648247700 
-1.207522867094 
-1.291514668376 
-1.230272846582 
-1.208737582209 
-1.202863251396 
-1.165478444911 
-1.176320222534 
-1.190964754376 
-1.195459079218 
-1.191563354227 
-1.212469934189 
-1.206929553618 
-1.206929553618 
-1.193630631395 
-1.188761660693 
-1.201256322026 
-1.201256322026 
-1.201070128481 
-1.207144733358 
-1.185827361402 
-1.195911779457 
-1.183232751956 
-1.192547262560 
-1.202956038682 
-1.199082443876 
-1.231045660228 
-1.145547946782 
-1.170651161981 
-1.176908128676 
-1.142008534549 
-1.133875939458 
-1.131350304073 
-1.131350304073 
-1.063495255944 
-1.066819567145 
-1.017348274101 
-1.011960281735 
-1.005505331818 
-1.069000968461 
-1.037714038880 
-1.037586443485 
-1.066784918472 
-1.037785498515 
-1.042319603254 
-1.059269074651 
-1.081554948879 
-1.091184212905 
-1.089784190781 
-1.174851423083 
-1.166457461631 
-1.190085223724 
-1.264097380168 
-1.252901926238 
-1.255596425376 
-1.220750705954 
-1.253603308756 
-1.243279296976 
-1.224384167457 
-1.125717159408 
-1.086838430885 
-1.112749567557 
-1.071280027955 
-1.117548264947 
-1.136372624195 
-1.151978753716 
-1.089289421535 
-1.091006068366 
-1.119038313935 
-1.075497436596 
-0.987020788117 
-1.011019903333 
-0.990817061413 
-1.018503153479 
-1.015054562322 
-1.029350907235 
-1.024962436752 
-1.031637003044 
