-1.914351393300 
-1.726982975248 
-1.700494453136 
-1.699677687873 
-1.733502553766 
-1.774490241593 
-1.760030586818 
-1.770565443372 
-1.828817626468 
-1.892651350472 
-1.918147876543 
-1.897708503639 
-1.897708503639 
-1.857290284265 
-1.839930308110 
-1.842986891272 
-1.891915888826 
-1.889774026391 
-1.909115489280 
-1.904924868546 
-1.944790045453 
-1.906105596714 
-1.882958300877 
-1.905303087336 
-1.898438880216 
-1.860654229703 
-1.930491057686 
-1.932770563862 
-1.987911854929 
-1.984720278773 
-1.963387450520 
-1.913953912445 
-1.928733052501 
-1.925616769105 
-1.925616769105 
-1.925616769105 
-1.966846770737 
-1.986235542333 
-1.980860556482 
-1.980860556482 
-1.981171174294 
-1.977674334830 
-2.015978151484 
-2.018497136799 
-1.988279042257 
-1.988530675766 
-1.988530675766 
-1.989715180121 
-1.985762012613 
-2.009009580952 
-2.007105719882 
-2.076171414784 
-2.099659432754 
-2.105890440553 
-2.171250161873 
-2.207670535795 
-2.617189899456 
-2.343523920167 
-2.337210004863 
-2.092918144850 
-2.085413731194 
-2.100972133338 
-2.105505424735 
-2.081631573145 
-2.045127805869 
-2.036301809030 
-2.091233603376 
-2.133180321581 
-2.164714776773 
-2.119634151205 
-2.103497383143 
-2.185538910106 
-2.202951989955 
-2.227179618635 
-2.168350599400 
-2.168350599400 
-2.207922137311 
-2.261838483733 
-2.295484964076 
-2.241092216655 
-2.327872704723 
-2.413525696771 
-2.012242972078 
-2.055506150084 
-2.030865955620 
-2.179325511796 
-2.214061469882 
-2.254630272142 
-2.044970400863 
-1.857538216993 
-1.879593552098 
-1.873830322744 
-1.865136716008 
-1.862721204747 
-1.742742739005 
-1.586221975921 
-1.623322830397 
-1.584989815738 
-1.633320739167 
-1.747267237397 
-1.779046259778 
-1.767005143985 
-1.771756563656 
-1.774112495187 
-1.777710231570 
-1.723246699331 
-1.775511724260 
-1.775848286989 
-1.802997667255 
-1.747457282323 
-1.780807440765 
-1.807678598887 
-1.834524177192 
-1.834761957322 
-1.841089420004 
-1.936180299848 
-1.914345191742 
-1.840818209341 
-1.897226629840 
-1.858152117344 
-1.852820267251 
-1.733562845155 
-1.794715870333 
-1.785410266673 
-1.794594975710 
-1.855897453252 
-1.899074105770 
-1.922641376212 
-2.028038693399 
-1.971165201897 
-2.079797710419 
-2.081001345617 
-2.053705356744 
-2.045097925360 
-2.083145477678 
-2.082202786903 
-2.163765729287 
-2.188569245449 
-2.071133807055 
-2.052936579348 
-2.087644280532 
-2.054209750165 
-2.057613657585 
-2.036271620892 
-1.931100437956 
-1.897460913013 
-1.949281960675 
-1.966579372139 
-2.013862274083 
-2.016368099874 
-1.978406001338 
-1.976268610210 
-2.002242314190 
-1.919515960539 
-1.917116854561 
-2.007898586821 
-1.944794922592 
-1.930971279808 
-1.908254306906 
-1.926704088790 
-1.916507200090 
-1.873040640162 
-1.783452585288 
-1.858510475540 
-1.791093573890 
-1.812752858748 
-1.801316640051 
-1.805002000018 
-1.775637022016 
-1.776356539749 
-1.803695807080 
-1.894284746004 
-2.025616741126 
-2.075216004883 
-2.055619414765 
-2.007333968296 
-2.069677404555 
-2.045480775909 
-2.095884663920 
-2.014586107500 
-2.022198131203 
-2.027077198940 
-2.007539758091 
-1.977824528003 
-1.950360343311 
-1.945588276797 
-1.929221336130 
-1.915990042179 
-2.175934224936 
-2.259910975434 
-2.185966294065 
-2.252303288820 
-2.145959907435 
-2.284197217579 
-2.273753174262 
-2.214921731032 
-2.160374466671 
-2.061425217975 
-2.102465302399 
-1.972216233761 
-1.868205396534 
-1.899002264570 
-1.938346994342 
-1.929943669569 
-1.906040500117 
-1.906464350113 
-1.797954967224 
-1.877955583530 
-1.847176190981 
-1.847176190981 
-1.892766311736 
-1.851811958444 
-1.826593563394 
-1.842372409719 
-1.842372409719 
-1.832630376204 
-1.918048538032 
-1.902297585513 
-1.887466151242 
-1.922782796008 
-1.932770387424 
-1.919117021560 
-1.809449758331 
-1.741788549609 
-1.738738208439 
-1.746685376081 
-1.749611553466 
-1.737434881916 
-1.734146962018 
-1.724837824598 
-1.716404148926 
-1.705063911152 
-1.771220815589 
-1.802801220689 
-1.856894771148 
-1.863076148905 
-1.879254279033 
-1.859596545110 
-1.967080957318 
-2.028674876338 
-2.045839322903 
-2.044307617331 
-1.890353032226 
-2.006531131254 
-1.948537751107 
-2.026842327751 
-2.163268440742 
-2.192951410746 
-2.129124242719 
-2.185733869714 
-2.201818440790 
-1.998983657527 
-1.998983657527 
-2.076562551155 
-2.024922574081 
-2.011712049025 
-2.003909414150 
-2.024672845397 
-2.086158445170 
-1.959412128097 
-1.837493329299 
-1.814632512496 
-1.774199569254 
-1.776723389883 
-1.781897801167 
-1.938622141237 
-1.901637748444 
-1.924630555520 
-1.999911722205 
-1.995757729797 
-1.959988262683 
-1.814239234734 
-1.811804768508 
-1.851646521636 
-1.851413235461 
-1.792998899749 
-1.765889364684 
-1.694361920629 
-1.517001074053 
-1.563849339731 
-1.563730676702 
-1.650796100337 
-1.851030111050 
-1.696367621401 
-1.775340463121 
-1.782955455081 
-1.795587192610 
-1.972672536076 
-1.916216250507 
-1.943972429728 
-1.913565976487 
-1.746454576536 
-1.674716838959 
-1.680091561796 
-1.630561083691 
-1.607177055800 
-1.540859382827 
-1.420773896190 
-1.425899410015 
-1.400596629733 
-1.487145702547 
-1.427799995727 
-1.562605382598 
-1.636907680859 
-1.593889913949 
-1.638840859038 
-1.667360534145 
-1.785560356608 
-1.820877153292 
-1.832211013496 
-1.879754281450 
-1.947092908701 
-1.961590623199 
-2.080582605972 
-2.041065643697 
-2.103890940220 
-2.083158742357 
-1.905134771029 
-1.779128833140 
-1.789475101138 
-1.868610412628 
-1.879227426299 
-1.904904184017 
-1.889580045789 
-1.983477939006 
-2.151603466461 
-2.137595800695 
-2.108970301466 
-2.103591145510 
-2.114626660261 
-2.098900053912 
-2.024035856248 
-2.011185036763 
-2.011185036763 
-2.017453933033 
-2.028520978540 
-2.220433988170 
-2.322239439155 
-2.297077520732 
-2.224441597666 
-2.357337569717 
-2.277690258354 
-2.151522234860 
-2.153219085961 
-2.319734470128 
-2.282723004529 
-2.230682222889 
-2.227683431986 
-2.025952550314 
-2.116872210620 
-2.189696577698 
-2.160806413680 
-2.199557146009 
-2.139788006056 
-2.114990511428 
-2.192856002885 
-1.957706414412 
-1.967573740182 
-1.990787846960 
-1.836891965819 
-1.837617532898 
-1.760625952445 
-1.878577256962 
-1.893164545890 
-1.886854072660 
-1.886599300558 
-1.950071028166 
-1.985331908815 
-1.995241380864 
-1.986134396503 
-2.040080907662 
-2.012694918264 
-2.191099090697 
-2.140632993641 
-1.976418228581 
-2.020024553194 
-1.808736650779 
-1.808736650779 
-1.808736650779 
-1.803162684909 
-1.806209822245 
-1.806209822245 
-1.806067519957 
-1.814648030293 
-1.803910128724 
-1.805801392671 
-1.805326058553 
-1.798678033739 
-1.792129526379 
-1.757970451640 
-1.728836876555 
-1.738240612002 
-1.740456178060 
-1.707225194593 
-1.725486767728 
-1.679898330840 
-1.664237290414 
-1.663103139706 
-1.873286880874 
-1.896577637883 
-1.906288499417 
-1.959474788068 
-1.967114209635 
-1.952086186192 
-1.981835318201 
-1.981396370326 
-1.925719268958 
-1.909657340648 
-1.909314119131 
-1.897180529725 
-1.889983813950 
-1.904938108343 
-1.911800065449 
-1.980393636974 
-1.929485810436 
-1.970024903387 
-2.007348675849 
-2.033068850640 
-2.024018201770 
-2.020335199445 
-2.016485189340 
-2.016485189340 
-2.016485189340 
-2.016485189340 
-2.022321711665 
-2.022321711665 
-2.016859019565 
-1.992467383847 
-2.004909513519 
-1.996807841262 
-1.990779950270 
-1.893854599328 
-1.764611646339 
-1.861733491284 
-1.888850150047 
-1.886977839839 
-1.812499637614 
-1.812499637614 
-1.783264021068 
-1.795530733094 
-1.844774087753 
-1.869563664154 
-1.859496017652 
-1.913000512693 
-1.917107399721 
-1.801490738920 
-1.820100536638 
-1.813373790272 
-1.818030875580 
-1.865971834578 
-1.894624524984 
-1.818232410369 
-1.765936237078 
-1.856152732784 
-1.853980279603 
-1.867322609969 
-1.870949718600 
-1.925574679134 
-1.926213781956 
-1.968772106775 
-1.960524673541 
-1.986163148907 
-1.985761227054 
-2.015464243374 
-1.959755301393 
-1.954800929766 
-1.912738846331 
-2.071276908953 
-2.133481282344 
-2.076121371981 
-1.906639758862 
-1.912597776255 
-1.948251656802 
-1.944939370230 
-1.962363369955 
-1.964519659869 
-1.996437965223 
-2.008221309615 
-2.037325171400 
-1.961925139115 
-2.048107095637 
-1.993662698056 
-1.994879498394 
-2.010355744736 
-2.010355744736 
-2.070843222923 
-2.017657598676 
-1.972628076436 
-1.868522239880 
-1.948829172123 
-1.957271798115 
-1.929537270754 
-1.932397706909 
-1.858551100922 
-1.887514712005 
-1.886571582510 
-1.866338550816 
-1.829803882310 
-1.786433692090 
-1.787328558998 
-1.795997634349 
-1.795997634349 
-1.791148611322 
-1.791148611322 
-1.767605901792 
-1.707148087693 
-1.770155699255 
-1.809975165237 
-1.873516894000 
-1.900512886437 
-1.982235500350 
-2.004858700721 
-2.068425282302 
-2.076288203678 
-2.085365309592 
-2.058317419949 
-2.031337865863 
-2.039564216541 
-2.009699621456 
-1.987036580450 
-2.099160767148 
-2.099160767148 
-2.165636588815 
-2.043913912845 
-2.049970492555 
-2.050593654431 
-2.012919079679 
-1.975594017133 
-1.949999614969 
-1.918785537652 
-1.922618349875 
-2.011813264179 
-1.978511661346 
-1.967997904251 
-1.951961944256 
-2.043862303711 
-2.053242671150 
-2.052747001367 
-2.096253748499 
-2.112047029981 
-2.121813512775 
-2.095637041495 
-2.089641808096 
-2.049534026319 
-2.002140753484 
-1.891615041394 
-1.865407798387 
-1.871567308786 
-1.891548429182 
-1.864602622753 
-1.829497178798 
-1.852086427796 
-1.765141802164 
-1.712492542238 
-1.894452616851 
-1.895546484798 
-1.802713612583 
-1.806889984041 
-1.840687612562 
-1.836286388266 
-1.858597907157 
-1.936235686306 
-1.961019307094 
-1.961019307094 
-1.728836773426 
-1.736013132685 
-1.675869568825 
-1.720516668251 
-1.754608242328 
-1.781284106499 
-1.781331389224 
-1.817210397456 
-1.808615771845 
-1.780069134012 
-1.744048674916 
-1.929178549417 
-2.094084928913 
-1.987283726172 
-1.987283726172 
-1.908527120345 
-2.023603938739 
-1.931600409069 
-1.905619004717 
-1.910053045848 
-1.797887219092 
-1.765631534969 
-1.838724058832 
-1.835243485441 
-1.845126116886 
-1.845282511306 
-1.848784451571 
-1.887259875633 
-1.895780524640 
-2.048794974978 
-2.050569508620 
-1.982203605413 
-1.997730318883 
-2.000069141586 
-2.007593478711 
-1.961330336360 
-1.906273076647 
-1.980995486718 
-1.916773604251 
-1.923645216468 
-1.944220731150 
-1.929203178084 
-1.929203178084 
-1.927348030030 
-1.918753837979 
-1.920397545275 
-1.920397545275 
-1.916090281389 
-1.889480289537 
-1.909340795581 
-1.909567269766 
-1.933959907667 
-1.963730055997 
-1.981280211412 
-1.985390552981 
-1.988750983457 
-1.966912808984 
-1.957602330506 
-1.963313866977 
-1.901966241456 
-1.951565417661 
-1.908739769260 
-1.913490478459 
-1.881947489444 
-1.881076069589 
-1.834201932285 
-1.907471101215 
-1.756267123396 
-1.778027427195 
-1.788502710725 
-1.859839412877 
-1.870010501289 
-1.951156484175 
-2.000959794492 
-1.862557058218 
-1.647751650317 
-1.684015919414 
-1.608594140810 
-1.609100109414 
-1.575686620312 
-1.667008688404 
-1.631563774951 
-1.607772672121 
-1.611586231528 
-1.627782540953 
-1.604074570392 
-1.596853828207 
-1.641002469137 
-1.743240802351 
-1.743344028819 
-1.807764467697 
-1.723436000836 
-1.780961011650 
-1.776516726732 
-2.213816679534 
-2.232859920192 
-2.104421784894 
-2.158122581236 
-2.123651548226 
-2.041991752504 
-1.981875043024 
-2.087850762644 
-2.192644986534 
-2.161519176513 
-2.047501760313 
-2.049108995958 
-1.888040797152 
-1.903291625263 
-1.918757392803 
-1.927154047475 
-1.900285868683 
-1.906714274397 
-1.853291657129 
-1.853291657129 
-1.860803733239 
-1.859315482988 
-1.857768148845 
-1.861987358250 
-1.851737814796 
-1.859327749367 
-1.962809950414 
-1.920007234597 
-1.898380889506 
-1.890020768270 
-1.962755748016 
-1.977843826003 
-1.974085702335 
-1.936299981150 
-1.934264136843 
-2.053204836083 
-2.035809002386 
-2.116413919552 
-2.134523649217 
-1.997243736422 
-1.990273467387 
-1.985368454941 
-1.951466382848 
-1.960987098052 
-1.988783401518 
-2.075494226685 
-2.053771818069 
-2.118557298907 
-2.209318021750 
-2.208552783641 
-2.294198564995 
-2.249228345424 
-2.231676384875 
-2.186810881603 
-2.181736480084 
-2.185566827336 
-2.202941950529 
-2.123733043819 
-2.149093888528 
-2.051370318854 
-2.078807640410 
-2.078881274081 
-2.040861459192 
-2.102885711819 
-2.045555478831 
-2.043200104759 
-2.014001496954 
-1.946787012524 
-1.920922759760 
-1.906560192185 
-1.901351547402 
-1.868914095979 
-1.845443582036 
-1.850254453328 
-1.801897758491 
-1.827995545354 
-1.749121298736 
-1.737489383132 
-1.738748516968 
-1.733580044949 
-1.878206620193 
-1.853293274060 
-1.881516276735 
-1.885959103659 
-1.791064665881 
-1.769392564067 
-1.748594258421 
-1.715159990198 
-1.715894997875 
-1.713562114255 
-1.705219758850 
-1.717260915276 
-1.738667665416 
-1.720418807184 
-1.531040404953 
-1.531040404953 
-1.539917987688 
-1.539609401702 
-1.560070113151 
-1.506799174346 
-1.520606681634 
-1.541651328119 
-1.567455121328 
-1.540762768995 
-1.566764366679 
-1.546555913189 
-1.521349770924 
-1.476239905449 
-1.577201571304 
-1.610587671461 
-1.624380656310 
-1.641401650830 
-1.589926225210 
-1.544819770861 
-1.585624820131 
-1.584389413599 
-1.533214580499 
-1.463936752622 
-1.525447801040 
-1.459567535337 
-1.454397163550 
-1.479006352118 
-1.442411942703 
-1.416313108602 
-1.411076562667 
-1.488333603658 
-1.391524310357 
-1.364387564300 
-1.325133500146 
-1.365167443757 
-1.491652180563 
-1.464568199538 
-1.444046743007 
-1.451230597416 
-1.592432789605 
-1.573470668259 
-1.575793758086 
-1.640901635361 
-1.627009400329 
-1.611743167246 
-1.622804159814 
-1.756629418931 
-1.635586427722 
-1.661236823163 
-1.688735385783 
-1.686334634575 
-1.719435845707 
-1.770858069540 
-1.753648146246 
-1.716795708758 
-1.665793289356 
-1.839971226187 
-1.795380712995 
-1.744345329682 
-1.760445568783 
-1.819360260067 
-1.792676706592 
-1.772999705172 
-1.777681431625 
-1.839604234139 
-1.909482820239 
-1.932382820865 
-1.926705434356 
-1.923133694209 
-1.903716037583 
-1.903716037583 
-1.901186445224 
-1.904317494634 
-1.918439986026 
-1.925602389230 
-1.950163967478 
-2.010173509469 
-1.956040862740 
-1.967992510676 
-1.987501886291 
-1.950004290781 
-1.987364931460 
-2.034428180328 
-2.005071290444 
-2.071293801420 
-1.975739777267 
-1.974804611188 
-2.098943540055 
-2.138873667939 
-2.117536163788 
-2.210157336669 
-2.146812638958 
-2.145249274729 
-1.598179837030 
-1.661195161202 
-1.649970162733 
-1.679344532721 
-1.490520306653 
-1.524462156793 
-1.437556677843 
-1.507935876325 
-1.647338310168 
-1.684266164844 
-1.731999230062 
-1.697526195376 
-1.633390187028 
-1.673898671002 
-1.672520659492 
-1.793474896115 
-1.822121963151 
-1.822096195514 
-1.889121805051 
-1.900743154696 
-1.882049993281 
-1.922854854303 
-1.912304936863 
-1.902045843295 
-1.874308389711 
-1.825539157379 
-1.825254472862 
-1.805185666146 
-1.794632867938 
-1.781106039796 
-1.834113378724 
-1.861894229236 
-1.852060297800 
-1.908548280725 
-1.873209475257 
-1.924047485732 
-1.913142278303 
-1.898061142458 
-1.827327722133 
-1.806009607327 
-1.795150917486 
-1.825688599854 
-1.771400395002 
-1.802659981757 
-1.821676846673 
-1.829966305676 
-1.828375397567 
-1.806008267642 
-1.927730175977 
-1.896999760570 
-1.804213754318 
-1.830015958157 
-1.714614897306 
-1.906310699102 
-1.682590444237 
-1.730841143754 
-1.815949601922 
-1.781123234736 
-1.755303446105 
-1.776538855313 
-1.757085688035 
-1.811615737378 
-1.708791519677 
-1.732136000161 
-1.674841788346 
-1.706791146956 
-1.643670260513 
-1.601532129578 
-1.831418853586 
-1.794899935752 
-1.771588393877 
-1.762490919366 
-1.704975361079 
-1.738399591212 
-1.748813239464 
-1.748813239464 
-1.660169176259 
-1.711209510925 
-1.644543182844 
-1.562535731349 
-1.562535731349 
-1.537109182612 
-1.537109182612 
-1.612593274098 
-1.635082741398 
-1.661537548935 
-1.649786085956 
-1.668813786960 
-1.728785109080 
-1.722392561356 
-1.682795929543 
-1.719985349517 
-1.720188643152 
-1.695317443973 
-1.655280501173 
-1.591697653694 
-1.592969710399 
-1.622150111653 
-1.634672678258 
-1.728093948073 
-1.803464697025 
-1.780011629877 
-1.775497043185 
-1.770312236729 
-1.783000251725 
-1.800084090753 
-1.795756156817 
-1.789355880988 
-1.786137929087 
-1.861530152887 
-1.824316154963 
-1.887751143138 
-1.905785089970 
-1.898009926415 
-1.894540751053 
-1.907097684922 
-1.906533089877 
-1.916001137578 
-1.974350574207 
-1.886042149084 
-1.853235539186 
-1.822818169793 
-1.767924809582 
-1.922961955104 
-1.969997492102 
-1.979640865788 
-1.984390339793 
-1.997346648690 
-1.974528354660 
-1.974528354660 
-1.980439701435 
-1.910797916756 
-1.871442937169 
-1.967832369708 
-2.023063233882 
-2.013600478190 
-2.024610523837 
-2.053054970241 
-2.129980537425 
-2.137282412708 
-2.089364019133 
-2.145208683585 
-2.171708099852 
-2.242462038783 
-2.221808539608 
-2.223939703689 
-2.254521738463 
-2.241438488895 
-2.170283046992 
-2.239831342973 
-2.236947655403 
-2.164768040006 
-2.193399059466 
-2.118943125992 
-2.184218959366 
-2.138141570235 
-2.209754510195 
-2.244896145477 
-2.162179888246 
-2.134823268277 
-2.085097861276 
-1.947398244370 
-1.840791286965 
-1.858708403144 
-1.851449543348 
-1.881944187434 
-1.887429916516 
-1.914281633446 
-1.903323716837 
-1.930649896030 
-1.877423525119 
-1.844041513607 
-1.881929727506 
-1.855404025979 
-1.932397939622 
-1.949573856613 
-1.955800766427 
-1.998601575126 
-1.995872533986 
-1.989142536117 
-1.982360225398 
-1.925104743656 
-1.909465871604 
-1.869058912449 
-1.855083495345 
-1.760446443032 
-1.787621433492 
-1.848184052277 
-1.724174155802 
-1.720225624714 
-1.720225624714 
-1.726281826426 
-1.728223574202 
-1.732433619879 
-1.760482214663 
-1.762609425903 
-1.766172429342 
-1.743069362251 
-1.743069362251 
-1.743038089369 
-1.743038089369 
-1.742601727737 
-1.742601727737 
-1.734721912014 
-1.729104400463 
-1.725264898489 
-1.805711439310 
-1.842628561504 
-1.842632372035 
-1.730092330820 
-1.746324563076 
-1.724946445298 
-1.709102960570 
-1.716865471402 
-1.712306694095 
-1.674921972241 
-1.687422468276 
-1.734191979074 
-1.729639731865 
-1.768379886054 
-1.784949091097 
-1.786899646196 
-1.731500527583 
-1.757214076923 
-1.741025149752 
-1.822422111914 
-1.836630002456 
-1.827608768646 
-1.783089266570 
-1.768704660274 
-1.818887676868 
-1.736959208494 
-1.926223059181 
-1.976018052851 
-1.965977570782 
-1.949439482968 
-1.910041896832 
-1.925699010071 
-1.955567813851 
-1.828888037741 
-1.853966112761 
-1.850682238917 
-1.814881407834 
-1.834766804453 
-1.838945734739 
-1.805634087159 
-1.807229190773 
-1.719210303296 
-1.691138701590 
-1.705076831490 
-1.593076511538 
-1.863345702370 
-1.906418826227 
-1.996516628846 
-1.853186270655 
-1.868062393253 
-1.859331063112 
-1.856144437696 
-1.855279467113 
-1.798244604706 
-1.811428189638 
-1.860615352952 
-1.857060821708 
-1.885756516924 
-1.942405140396 
-1.967970488886 
-1.948122070579 
-1.998894970382 
-1.859620992968 
-1.822088838963 
-1.816513319785 
-1.774059864527 
-1.799552785877 
-1.796158165686 
-1.808856297192 
-1.813110171539 
-1.777241389217 
-1.796480210419 
-1.783031678317 
-1.729781953528 
-1.724051262487 
-1.770966335178 
-1.976667999512 
-2.018335633515 
-1.965482206401 
-1.998485443323 
-2.029678637784 
-1.952367411591 
-1.894369491458 
-1.838447036635 
-1.808517254658 
-1.864114972624 
-1.843274855852 
-1.878365543592 
-1.892291730582 
-1.936941892282 
-2.015930213350 
-2.000674452166 
-1.997072251940 
-1.939891852583 
-1.956675894821 
-1.897122856982 
-2.002028811266 
-1.985443383232 
-2.027158348739 
-1.957425660520 
-1.959706003045 
-2.020906513512 
-2.076966395407 
-2.262602905019 
-2.089726221152 
-2.083053038378 
-2.084385542228 
-2.131316370205 
-2.023723261749 
-2.019409178010 
-2.030883038463 
-1.921349884606 
-1.918677448048 
-1.916810056035 
-2.019085949553 
-2.104761476569 
-2.083085750008 
-2.367774445603 
-2.257315823162 
-2.225464257051 
-2.152659985270 
-2.116254174271 
-2.134374500609 
-2.212848280184 
-2.160807716111 
-2.200515936115 
-2.313292124512 
-2.279283753895 
-2.223344552837 
-2.182415494442 
-2.140052706231 
-2.025534179155 
-2.070101166428 
-2.024791508199 
-1.911363588040 
-1.910916201590 
-1.879427936003 
-1.959297632294 
-1.936974585548 
-1.906063336351 
-1.888585770737 
-1.904984470947 
-1.881178162235 
-1.907988967500 
-1.917380336445 
-1.962584629244 
-1.870956446445 
-1.897319470079 
-1.888189866662 
-1.901544995339 
-1.909042884142 
-1.921220072778 
-2.007390885559 
-1.989696489209 
-1.921926602652 
-1.768631535555 
-1.751562587325 
-1.816252771623 
-1.885681244197 
-1.877992162778 
-1.882182478724 
-1.857684892980 
-1.823502961221 
-1.855904704107 
-1.888758470969 
-1.863744543048 
-2.033934962052 
-2.081294266173 
-1.913490719002 
-1.847100954024 
-1.685379387412 
-1.662992490704 
-1.562643605153 
-1.656437117859 
-1.629034556020 
-1.611787090985 
-1.596931228957 
-1.547458021914 
-1.557688462044 
-1.593617971642 
-1.601556813424 
-1.539233600117 
-1.571685703236 
-1.540509812570 
-1.590153208778 
-1.587103934221 
-1.571649519305 
-1.574012927229 
-1.568596974251 
-1.583498909113 
-1.613322583809 
-1.626441498068 
-1.591578571640 
-1.412494244763 
-1.570202083656 
-1.500736947021 
-1.463643261325 
-1.514304682508 
-1.601234576650 
-1.588812459099 
-1.526092862465 
-1.555356328262 
-1.572417296265 
-1.602697905197 
-1.569475248983 
-1.533231175064 
-1.570905910953 
-1.508671156620 
-1.636068538222 
-1.746355451214 
-1.644484816969 
-1.550158048373 
-1.706182376125 
-1.656795337473 
-1.712061846120 
-1.706811836855 
-1.723011159656 
-1.788627752617 
-1.694734649180 
-1.816048305768 
-1.814398742928 
-1.681877453223 
-1.570635230367 
-1.595927317739 
-1.550915526993 
-1.625531822114 
-1.847211502794 
-1.876426491225 
-1.871658409811 
-1.705380768184 
-1.794370953493 
-1.700700284469 
-1.706171943324 
-1.676481982916 
-1.549088986926 
-1.580178202575 
-1.698243892503 
-1.709126732530 
-1.701479959400 
-1.705723528189 
-1.696484908469 
-1.654511036496 
-1.669559893356 
-1.675755533694 
-1.707684683458 
-1.690889787247 
-1.674004156464 
-1.673925755668 
-1.669410102807 
-1.664924499152 
-1.639669907004 
-1.639669907004 
-1.614378375597 
-1.690935206568 
-1.691371202318 
-1.626189818420 
-1.616264076666 
-1.591430438553 
-1.596105838641 
-1.619005425330 
-1.582207254906 
-1.623494025549 
-1.603422040398 
-1.596881887629 
-1.509003809357 
-1.501505416087 
-1.535180938138 
-1.549214231391 
-1.542077651869 
-1.618414339099 
-1.612027542324 
-1.622107045121 
-1.596276897520 
-1.603063859740 
-1.676024815054 
-1.652964281464 
-1.740285072842 
-1.759276854966 
-1.680099502884 
-1.653982425454 
-1.688930611007 
-1.739472527824 
-1.723762123796 
-1.720226180245 
-1.763211538011 
-1.779062875552 
-1.720733126993 
-1.726028533893 
-1.712329068019 
-1.700129071569 
-1.757477617392 
-1.616374271240 
-1.767211625460 
-1.876413158104 
-1.873778075420 
-1.844002934538 
-1.834212489026 
-1.820129366154 
-1.778291505848 
-1.681981596045 
-1.665327721974 
-1.681793461397 
-1.787898023381 
-1.875717805375 
-1.966018879451 
-1.965847308062 
-1.964324034865 
-1.970571302786 
-1.950729228283 
-1.900228441979 
-2.004907737899 
-1.968700302479 
-2.065641417197 
-2.029251814484 
-1.801745061076 
-1.760998294104 
-1.767093164826 
-1.747924913285 
-1.713487809592 
-1.712907282125 
-1.692868312194 
-1.693012762326 
-1.684992295718 
-1.730843847511 
-1.668261866210 
-1.671439735291 
-1.774151744678 
-1.762550641416 
-1.727554925059 
-1.728727131976 
-1.741852967935 
-1.785538863028 
-1.902212583063 
-1.755817923642 
-1.750967395206 
-1.718930212081 
-1.638372570926 
-1.608966358076 
-1.646346799492 
-1.964943948871 
-1.932139028883 
-1.954065103105 
-1.876928832110 
-1.801469326372 
-1.836687601849 
-1.815836682118 
-1.812704022554 
-1.769020430564 
-1.800629962555 
-1.899928568921 
-1.908817840712 
-1.910192000254 
-1.881115269067 
-1.900002399821 
-1.939631772055 
-1.928502119018 
-1.700493782844 
-1.769145238759 
-2.101293491359 
-2.114261063023 
-1.905357383242 
-1.884771812483 
-1.996468444478 
-2.019338445217 
-1.949797937242 
-2.040501765154 
-1.993433629528 
-1.947595305618 
-1.952247304803 
-1.913097383482 
-1.967444762372 
-1.924366588280 
-1.860336717445 
-1.879682272796 
-1.831975348053 
-1.835422414211 
-1.857239267293 
-1.850805979125 
-1.880647711526 
-1.819646797919 
-1.844297888922 
-1.822283293561 
-1.737401733471 
-1.782182725060 
-1.727474302527 
-1.905023096875 
-1.838853045659 
-1.834360457819 
-1.834150649137 
-1.839277767039 
-1.756512226296 
-1.824052139606 
-1.904461593908 
-1.932082930580 
-1.925177729171 
-2.018779840752 
-2.035260991952 
-2.036813689161 
-2.044153646086 
-2.075877993357 
-2.019033199955 
-1.989333548875 
-1.967667451049 
-1.971675009254 
-1.985202465226 
-2.066435711121 
-2.076241215755 
-2.062981306435 
-2.064516318036 
-2.032579720637 
-1.981141576899 
-2.012658492564 
-2.014671947935 
-1.983180578480 
-1.983704277379 
-1.961485774974 
-2.046651004227 
-2.061814519727 
-2.206274339042 
-2.104706651390 
-2.120661101363 
-2.111205828055 
-2.149455504146 
-2.182524165763 
-2.144873814515 
-2.038186222992 
-2.016164494056 
-1.974475178283 
-1.970612426213 
-2.000710788327 
-2.000528790408 
-1.976843731760 
-1.983488952928 
-1.986230387370 
-1.989198503847 
-1.992569431235 
-2.031517645934 
-2.036811027413 
-2.075448005191 
-1.715275594002 
-1.703645890937 
-1.774961620329 
-1.771386751342 
-1.770522369982 
-1.698635124301 
-1.782872390550 
-1.795889981741 
-1.782964005810 
-1.764493928626 
-1.738289262694 
-1.707767275334 
-1.741086610501 
-1.749525505294 
-1.624691438377 
-1.584418842369 
-1.583208975193 
-1.583112374918 
-1.694674827518 
-1.467189761433 
-1.537798836533 
-1.560653636310 
-1.551931777342 
-1.496581945445 
-1.711041441056 
-1.673866939952 
-1.841534434038 
-1.812938927071 
-1.824366097890 
-1.844655150586 
-1.844037436821 
-1.844737996058 
-1.848976016951 
-1.852676757201 
-1.837725310611 
-1.837457290025 
-1.832343077990 
-1.843463826502 
-1.807861693114 
-1.825704053704 
-1.833612024205 
-1.838275084028 
-1.870403178787 
-1.855923246281 
-1.841195273377 
-1.809695449934 
-1.856387396169 
-2.044342854830 
-1.890101772321 
-1.916026490180 
-1.899348182958 
-2.066681753504 
-2.133784138736 
-2.113597168511 
-2.113597168511 
-2.135009223431 
-2.158580170553 
-2.151370700482 
-2.262135308755 
-2.361839603226 
-2.391734385438 
-2.436508519974 
-2.171402030003 
-2.192715819869 
-2.243542052113 
-2.217984571421 
-2.223458032889 
-2.261769968483 
-2.147441052861 
-2.358993007815 
-2.312205263075 
-2.352203278663 
-2.170451596284 
-2.289193196854 
-2.224922664601 
-2.138696463119 
-2.152026351321 
-2.083932736929 
-2.079074404596 
-2.079074404596 
-2.133146904269 
-2.105807193653 
-2.122162955223 
-2.139486614029 
-2.100669377288 
-1.856344260694 
-1.824199245683 
-1.802557770002 
-1.843792747281 
-1.800524441776 
-1.800524441776 
-1.817864174746 
-1.785933314865 
-1.970099361305 
-2.011846266388 
-2.018088112534 
-2.062183769574 
-2.159884593565 
-2.151422429875 
-2.190195963299 
-2.189172185669 
-2.092401693597 
-2.092581149827 
-1.995083751107 
-2.005287390636 
-1.908081410559 
-1.908657106418 
-1.713725077539 
-1.736265439578 
-1.685303850693 
-1.685303850693 
-1.722957116937 
-1.721587688706 
-1.740492034354 
-1.717914730456 
-1.645137073130 
-1.589929262906 
-1.604609864599 
-1.586902870691 
-1.535215901971 
-1.542361487043 
-1.534533623974 
-1.531187460066 
-1.550235369996 
-1.505333753558 
-1.556001352067 
-1.657123776793 
-1.649391164125 
-1.656699719008 
-1.639705423243 
-1.639705423243 
-1.657800928500 
-1.614529091449 
-1.763800104210 
-1.657663661941 
-1.829187369922 
-1.771758662419 
-1.869157807516 
-1.851325273239 
-1.831266539422 
-1.835643372335 
-1.847823226438 
-1.765408597767 
-1.784751043489 
-1.786539898679 
-1.829253236034 
-1.749084500403 
-1.846228088144 
-1.790699806761 
-1.781881938067 
-1.799260538879 
-1.853606796638 
-1.813185061278 
-1.838755660721 
-1.832184421268 
-1.881190438636 
-1.888958471456 
-1.874401520022 
-1.857100950178 
-1.851833637454 
-1.811115550999 
-1.808348936095 
-1.855848358222 
-1.810612012981 
-1.830162652272 
-1.976260630457 
-2.118931277700 
-2.108407680531 
-2.101497458442 
-2.048501394591 
-2.108845057461 
-2.133517540479 
-2.098144975984 
-2.057824851110 
-2.062016856922 
-2.109073738746 
-2.039018794693 
-2.018013738515 
-2.023375012225 
-2.022353920837 
-1.934955547111 
-1.902074875725 
-1.861003309203 
-1.883622085998 
-1.850082100379 
-1.906019061503 
-1.935640482920 
-1.876154668038 
-1.887659075365 
-1.949189318572 
-1.891264794783 
-1.893067018643 
-1.859566636114 
-1.808744967535 
-1.909403425288 
-1.946055362065 
-1.975146843915 
-1.943730832646 
-1.954629047569 
-2.118151169701 
-2.135657333237 
-2.069693648925 
-2.114365940162 
-1.943286784777 
-1.955650044720 
-1.949269551020 
-1.944188821573 
-1.962969165058 
-2.040187834356 
-1.922108440928 
-1.952392916073 
-1.980711000130 
-2.005813379954 
-2.005813379954 
-1.947168597632 
-1.957552782181 
-2.058364816990 
-2.065180455617 
-2.102624761175 
-2.140549612165 
-2.073277995753 
-1.995474006335 
-1.971342222421 
-1.984470501245 
-1.846893690117 
-1.823359847010 
-1.815074717998 
-1.796260100278 
-1.718312631843 
-1.672067430345 
-1.673261929049 
-1.700688694226 
-1.735682967607 
-1.837554095389 
-1.810505383438 
-1.928838510461 
-1.873177278439 
-1.891075935614 
-1.876331289025 
-1.915942463716 
-1.981557807707 
-1.996666702665 
-1.998401202349 
-1.952879896019 
-1.963878045973 
-1.988502016872 
-1.888806587498 
-1.919870012028 
-1.865817526489 
-1.873199342533 
-1.839414594769 
-1.858730435371 
-2.025405032560 
-1.987666372445 
-2.013605625993 
-1.971298597515 
-2.011811553465 
-2.065065880900 
-2.150776771194 
-2.164166916183 
-2.108568949715 
-2.152759651694 
-1.957027061547 
-2.004276148282 
-1.933243494403 
-1.848301041331 
-1.600583702142 
-1.596114124329 
-1.690816692368 
-1.643047926994 
-1.727521608729 
-1.748714840230 
-1.795995240100 
-1.808780748860 
-1.806427626511 
-1.749633900815 
-1.720195041786 
-1.749872602404 
-1.749962667310 
-1.933379706899 
-1.961926526099 
-2.067760839661 
-1.981220620228 
-2.000980540932 
-1.972302012241 
-2.169195169531 
-2.214943188112 
-2.235064002191 
-2.252348183154 
-2.192923092691 
-2.105993313951 
-2.081146758070 
-2.088049640483 
-2.116819737466 
-2.140167953410 
-1.959589309755 
-1.863660420883 
-1.882297688943 
-1.866934611125 
-1.867532596227 
-1.869535587288 
-1.833083366631 
-1.891049790226 
-2.035043255122 
-2.067101648978 
-1.963191019114 
-2.009657920233 
-1.751600719385 
-1.793393923124 
-1.849044236180 
-1.810575079177 
-1.969205695301 
-1.883155858204 
-2.006076795250 
-1.976887001733 
-2.083924348741 
-2.131312662682 
-2.212631479961 
-2.225465763336 
-2.206521463260 
-2.246466409416 
-2.253421801664 
-2.251204791757 
-2.021667544989 
-2.037203213059 
-2.048784743539 
-2.115646914489 
-2.167907846537 
-2.159733809575 
-2.310612555104 
-2.268115113991 
-2.302098698205 
-2.198415356740 
-2.476069446527 
-2.350983958329 
-2.419361506318 
-2.290147305578 
-2.284142995820 
-2.230670283439 
-2.093029170624 
-2.134065971408 
-2.072870322892 
-2.137386370864 
-2.171557762025 
-2.226938473164 
-2.126642177761 
-2.176671234989 
-2.166325250390 
-2.133110853738 
-2.188406585530 
-2.290530924831 
-2.249976313295 
-2.397712249785 
-2.334857144454 
-2.331674200741 
-2.390541111665 
-2.373898855325 
-2.443360793140 
-2.474947794792 
-2.275466113597 
-2.232907936283 
-2.263165395841 
-2.387774685933 
-2.290613876987 
-2.214545681396 
-2.341960459671 
-2.377665405479 
-2.486887097419 
-2.451471611203 
-2.408603080991 
-2.373688987287 
-2.252666336616 
-2.339523848045 
-2.447934815924 
-2.336695584464 
-2.478560886665 
-2.558035085978 
-2.372498662827 
-2.238404294816 
-2.153774763555 
-2.128316757449 
-2.128316757449 
-2.128316757449 
-2.124625882194 
-2.124625882194 
-2.111696651771 
-2.104293262734 
-2.104293262734 
-2.104288914940 
-1.958252329112 
-1.896258230944 
-1.904585388094 
-1.907556728247 
-1.853449210266 
-1.853702555795 
-1.845681675868 
-1.848885591322 
-1.848885591322 
-1.844490430643 
-1.861046225252 
-1.783374554964 
-1.841481801870 
-1.831250704396 
-1.840856710022 
-1.841090507741 
-1.954005200782 
-1.883814821809 
-1.872515437593 
-1.900950839252 
-1.871484298444 
-1.827164701293 
-1.867699613576 
-1.828824471360 
-1.907276887059 
-1.867752638362 
-1.712214745828 
-1.724957763215 
-1.730240322926 
-1.774011729486 
-1.816569713652 
-1.815297425113 
-1.916234146170 
-1.918084002945 
-1.939009200076 
-1.978596240136 
-1.978596240136 
-1.953301076642 
-2.019715664186 
-1.890621923387 
-1.861815985569 
-1.819153367065 
-1.841043249643 
-1.871574141621 
-1.866792444844 
-1.848115443300 
-1.882886598651 
-1.864463297926 
-1.934611455190 
-1.937783608771 
-2.014688841171 
-2.051802757341 
-1.994132904475 
-1.994132904475 
-2.057018368060 
-2.037342973222 
-1.968010564839 
-2.013142099775 
-2.078856367720 
-2.036676398435 
-1.936613216931 
-1.995766318757 
-1.995766318757 
-2.029258847999 
-2.126820127021 
-2.295054938911 
-2.273577818797 
-2.113768693208 
-2.119713335465 
-2.237809584690 
-2.300132444904 
-2.366771432574 
-2.312452343674 
-2.375587836801 
-2.266207914879 
-2.319038920139 
-2.261693840542 
-2.260635552567 
-2.285043888368 
-2.216734777634 
-2.232009231725 
-2.261058062558 
-2.099859111180 
-2.206481557943 
-2.133516980823 
-2.140207462116 
-2.145906094731 
-2.012003041668 
-2.051309913566 
-2.155937412771 
-2.044000592661 
-2.129745433527 
-2.042694778246 
-2.074155540979 
-1.669804020081 
-1.812835103580 
-1.844234727190 
-1.773282116423 
-1.818717651168 
-1.839791447643 
-1.828275104826 
-1.828218755226 
-1.828888841564 
-1.891582204653 
-1.859348296217 
-1.859545451891 
-1.826624507849 
-1.775547050070 
-1.685920341941 
-1.724073943557 
-1.723343073116 
-1.731613383198 
-1.659202382542 
-1.721587951204 
-1.762808742421 
-1.725432802193 
-1.786012619162 
-1.757992230422 
-1.736099604630 
-1.750249136268 
-1.763719571626 
-1.782659557082 
-1.738977647764 
-1.745431297478 
-1.850880914975 
-1.846933445565 
-1.916222512289 
-2.038600233947 
-2.074285394240 
-2.046214813798 
-1.996078619609 
-1.972314038434 
-1.969462208326 
-1.869274171148 
-1.818275889988 
-1.857050974863 
-1.835685343167 
-1.814680054792 
-1.664174905089 
-1.637549399497 
-1.506821675416 
-1.514039042268 
-1.514255343307 
-1.561581526272 
-1.497881304855 
-1.429694555119 
-1.467658864522 
-1.855406792228 
-1.879721692888 
-1.808902912572 
-1.715661290493 
-1.738209501403 
-1.738154769984 
-1.726755307229 
-1.711225930955 
-1.705632818039 
-1.787685523219 
-1.785178889379 
-1.757789880300 
-1.881627945992 
-1.853425207965 
-2.012592057922 
-1.889936638204 
-1.921747836310 
-1.900198982844 
-1.834711413581 
-1.842516770351 
-1.768931768797 
-1.751325126757 
-1.730910287247 
-1.875246506764 
-1.855718371740 
-1.807529698383 
-1.777369445297 
-1.619931211370 
-1.691366793655 
-1.672602974347 
-1.658031801289 
-1.705102447617 
-1.710023918073 
-1.884062189310 
-1.876388633044 
-1.932489580431 
-1.818704341882 
-1.837265582755 
-2.000146123499 
-1.971437651659 
-1.984696545177 
-1.656840430601 
-1.644203304419 
-1.644203304419 
-1.639024726194 
-1.793850367247 
-1.786434398796 
-1.841382618283 
-1.752496991892 
-1.757866212337 
-1.753786991247 
-1.722280968467 
-1.722280968467 
-1.785783299312 
-1.745953935040 
-1.773408282559 
-1.753159913766 
-1.753159913766 
-1.640051884446 
-1.640051884446 
-1.624329482558 
-1.587712640957 
-1.619437089969 
-1.657688396306 
-1.616712061205 
-1.724154650345 
-1.754359091481 
-1.996288446791 
-1.957767672456 
-1.974633822393 
-1.949971090431 
-1.936553898513 
-1.853501944227 
-1.935396540298 
-1.945616253421 
-1.994284283240 
-1.919303163794 
-1.921901789041 
-1.885525256718 
-1.746986829399 
-1.751174621420 
-1.720668718967 
-1.720032610076 
-1.767778893628 
-1.778520170997 
-1.746466806554 
-1.630723762014 
-1.630886930737 
-1.664450679033 
-1.707896908182 
-1.673391509275 
-1.656533968815 
-1.720959512677 
-1.686271652385 
-1.661860404618 
-1.581842498956 
-1.678267578230 
-1.683644770233 
-1.712605306557 
-1.712709029103 
-1.741172180071 
-1.672462839928 
-1.699903454948 
-1.637156722563 
-1.660352974456 
-1.798476811044 
-1.816157838513 
-1.758190445008 
-1.758190445008 
-1.758190445008 
-1.819124736556 
-1.808166629974 
-1.796348941462 
-1.746217672877 
-1.761024340432 
-1.774121575964 
-1.811746690195 
-1.819571894280 
-1.866023872133 
-1.843948640550 
-1.894112835160 
-1.883723881844 
-1.876994193672 
-1.879456637445 
-1.876758458315 
-1.829053601469 
-1.898444032123 
-1.881800853064 
-1.847122722691 
-1.835036459605 
-1.738056566037 
-1.759544441631 
-1.773882056175 
-1.727260723109 
-1.730377689906 
-1.646325268976 
-1.672854321277 
-1.820437301912 
-1.808135453286 
-1.736219115514 
-1.729496349302 
-1.725421974945 
-1.725421974945 
-1.832381459128 
-1.798402285575 
-1.763971394509 
-1.733541445304 
-1.636782423356 
-1.699036573936 
-1.600884972918 
-1.506592195474 
-1.507404446843 
-1.507404446843 
-1.667476967577 
-1.752426372320 
-1.764717912597 
-1.570720836502 
-1.572332248899 
-1.647739223675 
-1.692444704302 
-1.699802888321 
-1.713758213919 
-1.703701166325 
-1.682826971862 
-1.738185767785 
-1.776406706504 
-1.734964980875 
-1.746536098662 
-1.746536098662 
-1.874349317931 
-1.903306681226 
-1.975538588968 
-2.003375232569 
-2.029880248642 
-1.954303290465 
-1.995900371002 
-1.968472571955 
-2.049982971444 
-2.257376238196 
-1.821337376362 
-1.850762799131 
-1.874093922008 
-1.875833879404 
-1.878978771792 
-1.827792088073 
-1.849355402067 
-1.831782751976 
-1.857333597409 
-1.819873252459 
-1.719151006151 
-1.793641908628 
-1.843895148681 
-1.764130077359 
-1.787750132399 
-1.775481548816 
-1.731017045072 
-1.709735809921 
-1.687902372532 
-1.773914376868 
-1.728785010838 
-1.700712962909 
-1.709557322744 
-1.723725213562 
-1.778981784663 
-1.779317835595 
-1.793577496605 
-1.787431237104 
-1.831269574237 
-1.874375083742 
-1.895708605708 
-1.824005854518 
-1.801378170436 
-1.818452336383 
-1.775523929318 
-1.771011625801 
-1.762776349931 
-1.762028993830 
-1.752716432048 
-1.750316692625 
-1.768429987688 
-1.785517682468 
-1.775745931500 
-1.775156902952 
-1.785514724299 
-1.749176939936 
-1.739980252929 
-1.721855496764 
-1.720142176483 
-1.789025351747 
-1.599715724671 
-1.605963670162 
-1.620023391927 
-1.623114543885 
-1.688378121275 
-1.725738198237 
-1.739172057973 
-1.801934840183 
-1.839412472656 
-1.817304054008 
-1.892496685152 
-1.872936172357 
-1.839373497316 
-1.926457033061 
-1.893266250389 
-1.840488200319 
-1.787007713744 
-1.786102634071 
-1.747510145190 
-1.758804880852 
-1.914572295355 
-1.846902205438 
-1.872663447090 
-1.890373015345 
-1.836272950638 
-1.782181392673 
-1.863940372021 
-2.039251633772 
-2.051595417115 
-2.118732645679 
-2.113024991859 
-2.046387647573 
-2.045583480937 
-1.971150022585 
-2.062952640401 
-2.015772476111 
-2.024227065147 
-2.042946550624 
-2.106817352106 
-2.115581840225 
-2.160761811548 
-2.378004406872 
-2.240534484190 
-2.251217627060 
-2.267457452478 
-2.329269871796 
-2.243938300360 
-2.196508491234 
-2.322056687544 
-2.140375614288 
-2.166496437519 
-2.048547831788 
-2.071753735702 
-2.114674513510 
-2.110139760082 
-2.194894917856 
-2.211539091461 
-2.163848814693 
-2.243388105053 
-1.987300465352 
-2.027392871875 
-2.195487861862 
-2.065213522827 
-2.079341441335 
-2.100645078739 
-2.211824574439 
-2.163969914033 
-2.213302083622 
-2.228904448279 
-2.270443050932 
-2.220240004160 
-2.309938790555 
-2.029029827721 
-2.230019323849 
-2.065980836279 
-2.114575822121 
-2.113374752198 
-1.943375028818 
-2.111017084790 
-2.087676346279 
-2.091420768610 
-2.105014165251 
-2.088479603532 
-2.082876557792 
-2.137791990763 
-2.117869146128 
-2.038035024588 
-2.113176903825 
-2.084617403102 
-2.109877834130 
-2.139060443343 
-2.167650948043 
-2.101308395925 
-2.063679790245 
-1.739538563144 
-1.766339938953 
-1.766339938953 
-1.739216899443 
-1.732573631321 
-1.631960122825 
-1.576148989206 
-1.663739750946 
-1.666613071978 
-1.670763267839 
-1.672389470946 
-1.688777754078 
-1.635680441907 
-1.574238986105 
-1.602178525836 
-1.537812428731 
-1.647306065512 
-1.648102144192 
-1.633623229176 
-1.678848470166 
-1.611070078706 
-1.608189875427 
-1.620038926316 
-1.673812070461 
-1.653959518937 
-1.693788339757 
-1.681341220323 
-1.601105057931 
-1.671584029789 
-1.666992911592 
-1.618439294271 
-1.691589042437 
-1.715565705347 
-1.720749900193 
-1.701050719468 
-1.740459791289 
-1.758643596294 
-1.903249665579 
-1.898357651604 
-1.931268770190 
-1.908369546137 
-1.726721399498 
-1.701425540209 
-1.739033382850 
-1.787289194269 
-1.761904828364 
-1.775095241281 
-1.905290286487 
-1.842470835989 
-1.736366130811 
-1.679235351007 
-1.647844496486 
-1.760940302708 
-1.537886231692 
-1.668538466087 
-1.599329234028 
-1.558600732289 
-1.541458092636 
-1.548683688804 
-1.703399413227 
-1.634740144452 
-1.591007012299 
-1.600881124267 
-1.635659900169 
-1.481763505823 
-1.498456286888 
-1.535488692354 
-1.508219719539 
-1.457637919290 
-1.467785562622 
-1.467785562622 
-1.608136374650 
-1.549714565885 
-1.556648477477 
-1.566053945844 
-1.590793718315 
-1.650874227540 
-1.688545234501 
-1.680110021497 
-1.668916044351 
-1.617864236825 
-1.629056198483 
-1.725932012545 
-1.724696319832 
-1.836274673972 
-1.824227055260 
-1.864729738143 
-1.916602679903 
-1.975063304107 
-1.991313563704 
-2.008635231347 
-2.012428702215 
-1.984350119716 
-1.988630893658 
-1.695031497613 
-1.650827034013 
-1.655697761157 
-1.669947353390 
-1.660540946673 
-1.635045255041 
-1.652559348658 
-1.560104327848 
-1.559597080837 
-1.576491255486 
-1.532389354421 
-1.598079792568 
-1.633471358833 
-1.607025529909 
-1.658961112415 
-1.751773056460 
-1.751978478283 
-1.793309433348 
-1.783737950509 
-1.783794391379 
-1.743618936536 
-1.812909405269 
-1.829971522793 
-1.795778747694 
-1.760913583892 
-1.766716418411 
-1.815880714555 
-1.762943917742 
-1.712210910342 
-1.743307670113 
-1.781270104580 
-1.748552472715 
-1.748552472715 
-1.690111831160 
-1.729403427902 
-1.746993888454 
-1.785898622737 
-1.785458614952 
-1.777342160270 
-1.714959679536 
-1.738662934704 
-1.768911610064 
-1.686829309403 
-1.736295866558 
-1.736295866558 
-1.773547861241 
-1.803589576003 
-1.807287714179 
-1.822527841177 
-1.818956801581 
-1.814966830119 
-1.812282644534 
-1.754661637818 
-1.723861988542 
-1.765209357638 
-1.799557909085 
-1.780126637634 
-1.812652453806 
-1.802349024513 
-1.750059379338 
-1.750144691116 
-1.785701023066 
-1.785701023066 
-1.782168246052 
-1.786604985988 
-1.807343647082 
-1.809605630552 
-1.869693275193 
-1.959264124310 
-1.982335819563 
-1.909509129854 
-1.929095293014 
-1.909751504148 
-1.934821763988 
-1.984332631720 
-1.986840349975 
-2.086488720860 
-2.133617562971 
-2.246926834061 
-2.246611133298 
-2.181823904959 
-2.077759744988 
-2.131209345301 
-2.026510052105 
-1.990029502135 
-1.974511767494 
-2.005796473889 
-2.004248711775 
-1.990223583902 
-1.955425190512 
-1.954338582710 
-1.914322917193 
-1.928191344738 
-1.992408788598 
-1.739317472202 
-1.746617810973 
-1.744121840760 
-1.643732455858 
-1.711660394311 
-1.706746300452 
-1.714121588865 
-1.700837594101 
-1.783659844693 
-1.783659844693 
-1.879787759654 
-1.834482533703 
-1.878606604007 
-1.906535768451 
-1.913161460020 
-1.910806321797 
-1.911099534256 
-1.910078238249 
-1.859492866331 
-1.882026562017 
-1.913683026139 
-1.890217014169 
-1.809771329334 
-1.845166028755 
-1.763757301462 
-1.762864145840 
-1.710760504583 
-1.667028969012 
-1.685326835489 
-1.729801508309 
-1.731525683021 
-1.643554623968 
-1.644080568754 
-1.648654330926 
-1.734209521534 
-1.725088380553 
-1.694640923916 
-1.769220870230 
-1.769220870230 
-1.730560137223 
-1.727164426301 
-1.717649898489 
-1.706966631892 
-1.725044980460 
-1.840839061196 
-1.794662823009 
-1.805235882867 
-1.785297293557 
-1.757640294512 
-1.827082852463 
-1.846142216096 
-1.843887962822 
-1.860229325825 
-1.836724531425 
-1.844070415546 
-1.835009500952 
-1.875268504445 
-1.842453449692 
-1.843365303704 
-1.836912777796 
-1.857954084593 
-1.889965295395 
-1.836000434226 
-1.789244555653 
-1.784638147896 
-1.754926572163 
-1.784342853488 
-1.810007834317 
-1.839663659641 
-1.833048414037 
-1.778942003561 
-1.778942003561 
-1.842775260154 
-1.926029667812 
-1.913459047943 
-1.917240035613 
-1.889171384458 
-1.890710026934 
-1.882239520913 
-1.896513930199 
-1.847001726310 
-1.735018519783 
-1.729345709491 
-1.683561965095 
-1.689575593897 
-1.704411874417 
-1.758456071582 
-1.821035642788 
-1.819736567113 
-1.775902915351 
-1.775902915351 
-1.761891708907 
-1.722799243587 
-1.577709640868 
-1.679637787127 
-1.674444369680 
-1.715224126952 
-1.627863555224 
-1.572790290329 
-1.625669892466 
-1.676911023115 
-1.813773205316 
-1.658522230104 
-1.669411413916 
-1.629560576992 
-1.644213146043 
-1.557487966129 
-1.353909775199 
-1.411445270927 
-1.575853975429 
-1.604932204277 
-1.537449136478 
-1.651265868851 
-1.736155135078 
-1.774446824684 
-1.772311626975 
-1.767017084142 
-1.767017084142 
-1.782883624402 
-1.714161406966 
-1.728290937032 
-1.733873290633 
-1.701916141258 
-1.545795263158 
-1.522060160107 
-1.719243672500 
-1.893520923661 
-1.762580303689 
-1.720053436537 
-1.737630417868 
-1.649076522950 
-1.648090650883 
-1.612649621220 
-1.732505139352 
-1.779527752800 
-1.794133456570 
-1.793925994965 
-1.808114558207 
-1.795904488072 
-1.720154999936 
-1.765466645387 
-1.760704317075 
-1.772052841662 
-1.739245180308 
-1.773814453053 
-1.696341166487 
-1.758972916963 
-1.751391352122 
-1.758178135545 
-1.681619887279 
-1.648930153338 
-1.578163330592 
-1.638720047781 
-1.528659613691 
-1.510840131252 
-1.278195231650 
-1.477102520709 
-1.403514163816 
-1.484370076580 
-1.521213272726 
-1.444862381049 
-1.549911501712 
-1.549281640219 
-1.569747034907 
-1.483429624168 
-1.588092837738 
-1.531123066561 
-1.548157915986 
-1.551825821563 
-1.614214797986 
-1.551060423978 
-1.526409731522 
-1.487861675845 
-1.606544214937 
-1.643090968357 
-1.649603153796 
-1.752555765815 
-1.641206238066 
-1.650710470226 
-1.678573622314 
-1.657484829566 
-1.657318323697 
-1.657481011673 
-1.665761941931 
-1.659712663487 
-1.681107468825 
-1.677215319494 
-1.615574879904 
-2.065631468885 
-2.184361837608 
-2.174421443378 
-2.046847510928 
-2.188606575770 
-2.080588241855 
-2.071570322460 
-2.008686970173 
-2.056407517609 
-2.050121530407 
-2.090306257740 
-2.093299377587 
-2.063186691847 
-2.091387863342 
-2.046252434626 
-2.059103495876 
-1.956404440159 
-2.122917244891 
-1.723271868396 
-1.733393178883 
-1.870350955894 
-1.828979234336 
-1.800277117674 
-1.801247446620 
-1.820878345125 
-1.841456424345 
-1.805340692073 
-1.834600619716 
-1.825704139157 
-1.897486304352 
-1.877330506383 
-2.075810381689 
-2.036514666108 
-2.016034741999 
-1.903434425652 
-1.883246111209 
-1.882827735971 
-1.882137398099 
-1.696054046765 
-1.959460502119 
-1.878750233809 
-1.853974571880 
-1.941681014326 
-1.977759283066 
-2.076147330834 
-2.133006396069 
-2.041035494681 
-2.021346523589 
-2.029061817324 
-2.059243872403 
-2.072251076903 
-2.006128016850 
-2.001814275148 
-1.971500726418 
-1.897301468154 
-1.928159813970 
-1.915229567650 
-1.765496192502 
-1.745594441330 
-1.765896974709 
-1.670673908082 
-1.604720027868 
-1.609249030302 
-1.534423473277 
-1.542043923884 
-1.593471196236 
-1.582356186880 
-1.628071288080 
-1.609302812254 
-1.631555063252 
-1.555838881002 
-1.523528054011 
-1.502042556742 
-1.433445241129 
-1.454992304713 
-1.547828468225 
-1.375755561860 
-1.436330077569 
-1.488806547810 
-1.544061247277 
-1.586641212498 
-1.442382669668 
-1.474301143926 
-1.483373050478 
-1.634204075136 
-1.614898167952 
-1.681535130516 
-1.676486624186 
-1.659470220484 
-1.676730422156 
-1.584634424411 
-1.518632385886 
-1.576760020853 
-1.619413625324 
-2.133905648645 
-2.214353029189 
-2.085572934751 
-2.106418722352 
-2.043505864885 
-2.036059996221 
-2.032727945648 
-1.991408154010 
-1.988952343642 
-2.210510063994 
-2.199498324948 
-2.263554389440 
-2.188821562112 
-2.119752251514 
-2.281263230217 
-2.295346713960 
-2.240722489896 
-2.200995827098 
-1.983060561403 
-1.984322451469 
-1.997081566655 
-2.148547595224 
-2.145785029313 
-2.233774979080 
-2.173792549955 
-2.267577959444 
-2.178343302746 
-2.112980532230 
-2.204948232157 
-2.204948232157 
-2.119166676185 
-2.111073517306 
-2.192427965400 
-2.182276161014 
-2.229786636244 
-2.181796237216 
-2.176235536022 
-2.203581978242 
-2.206102775286 
-2.197200991368 
-2.177221902901 
-2.193078660717 
-2.162940503349 
-2.156802074599 
-2.150100528771 
-2.121757224630 
-2.120426077363 
-2.061429657543 
-2.132069575419 
-2.072387145648 
-2.058240892914 
-2.074464445313 
-2.062329510211 
-2.012402748068 
-1.970614600081 
-2.132124455693 
-1.982131771078 
-2.065513952777 
-1.987387474836 
-1.889396561144 
-1.864598407279 
-1.888331073184 
-1.827749040190 
-1.800868003208 
-1.739878444280 
-1.637304445504 
-1.637933230773 
-1.605430061444 
-1.532567706852 
-1.491169744702 
-1.486474844743 
-1.511620696970 
-1.514428608249 
-1.508226285666 
-1.581956261929 
-1.607425874412 
-1.544595162940 
-1.603937589486 
-1.690537473165 
-1.716715182090 
-1.635139752425 
-1.625766885335 
-1.634538896301 
-1.677904722646 
-1.681164832088 
-1.685572561049 
-1.664894240307 
-1.795725301975 
-1.793382051886 
-2.065509332474 
-2.104202292847 
-2.015887366678 
-1.975025488378 
-1.996578828083 
-1.835241759811 
-1.821918545318 
-1.763673149714 
-1.766764396132 
-1.742309751348 
-1.743232370075 
-1.765427882946 
-1.753047061898 
-1.669582335415 
-1.799684303798 
-1.878142605348 
-1.802803244213 
-1.685882907287 
-1.669321065468 
-1.703291597475 
-1.705380836785 
-1.650081678322 
-1.687356383024 
-1.730746101249 
-1.716568817204 
-1.734634526260 
-1.718441139125 
-1.720062342366 
-1.719842701790 
-1.646419420586 
-1.793493190102 
-1.792560293107 
-1.793128389943 
-1.731087332225 
-1.757767844608 
-1.800084894418 
-1.855341392584 
-1.824256164891 
-1.833191676649 
-1.823244627928 
-1.839919225348 
-1.762969131726 
-1.767427853345 
-1.761433546718 
-1.752687953436 
-1.756428499003 
-1.773601139304 
-1.697901273588 
-1.699931792995 
-1.694267763722 
-1.665850519129 
-1.665435744917 
-1.548119598434 
-1.560433328879 
-1.589361796041 
-1.688550115400 
-1.597447551892 
-1.656769906447 
-1.626007842532 
-1.626007842532 
-1.627008182433 
-1.722068125192 
-1.682609705547 
-1.758101796124 
-1.747348893525 
-1.724853198147 
-1.716211527179 
-1.723636994887 
-1.785282791227 
-1.837351461378 
-1.837351461378 
-1.838358365494 
-1.714598991247 
-1.787743633069 
-1.711557264528 
-1.616479162840 
-1.665653112534 
-1.705619699645 
-1.744269085263 
-1.708631570137 
-1.808799343097 
-1.777456860040 
-1.743359660995 
-1.867042740297 
-1.829462768044 
-1.820864194683 
-1.898498062825 
-1.925338172622 
-1.932600055206 
-1.900186277630 
-1.873539864293 
-1.976380595285 
-1.983906300796 
-1.978690611688 
-1.955876492944 
-2.025789029246 
-1.996200666518 
-2.045453974286 
-1.959618572002 
-1.897928948982 
-1.854046100083 
-1.872835713184 
-1.867033363618 
-1.916969137019 
-1.880069646676 
-1.894934919817 
-1.870801160923 
-1.908107164160 
-1.985038195901 
-1.972788496494 
-1.968632213003 
-1.917921391964 
-1.931630688050 
-1.917132526574 
-1.971610436808 
-1.987125289223 
-1.960364543561 
-1.929201581619 
-1.948478088173 
-1.846286564878 
-1.931776366174 
-1.933316435809 
-1.897863047582 
-1.842711144194 
-1.846512390783 
-1.774462672122 
-1.790655418689 
-1.810482116819 
-1.817653169857 
-1.826859378455 
-1.765496554480 
-1.772287045060 
-1.978266367225 
-1.937921358885 
-1.944410458141 
-1.936585232104 
-2.089275575171 
-2.070277086916 
-2.248726715062 
-2.185140669160 
-2.083559959558 
-2.068106546186 
-2.085795736574 
-2.163206647952 
-2.253973456392 
-2.254278558658 
-2.069357398339 
-2.078745326212 
-1.882067529970 
-1.882067529970 
-1.913445939747 
-1.910536448966 
-1.917475550698 
-1.908141296384 
-1.940891462194 
-1.943226995878 
-1.892754555563 
-1.905098421931 
-1.894707911683 
-1.908009810799 
-1.914761970427 
-1.911645713890 
-1.944813004793 
-1.898449502584 
-1.861699105629 
-1.872681491432 
-1.875297564191 
-1.873657534792 
-1.691806639970 
-1.691460523115 
-1.715412055381 
-1.694220108098 
-1.723130147013 
-1.785350346174 
-1.801668343707 
-1.852680505774 
-2.011527966359 
-1.981944796567 
-2.014142554842 
-1.866397995198 
-1.891287217335 
-1.838490980970 
-1.838490980970 
-1.811546918073 
-1.806891054642 
-1.769206853577 
-1.821558813298 
-1.799797956758 
-1.803684078446 
-1.805170251726 
-1.842886734076 
-1.783832372118 
-1.735460864950 
-1.984995476230 
-1.925891055566 
-1.860939586740 
-1.883508783408 
-1.926178362182 
-1.967974171108 
-1.935429586666 
-1.904009300367 
-1.914365018563 
-1.934045831436 
-1.932155861101 
-1.919579163348 
-1.932764890092 
-1.938399647114 
-1.951828304056 
-1.958074540511 
-1.890484541374 
-1.859648271002 
-1.828422312071 
-1.834542537633 
-1.888834182649 
-1.813646420903 
-1.775100850306 
-1.580116093294 
-1.643836164571 
-1.705119001710 
-1.711027165401 
-1.689480944206 
-1.616190209829 
-1.594976721374 
-1.562150169756 
-1.586886738352 
-1.633233809796 
-1.544624298831 
-1.637081010597 
-1.653325184534 
-1.689563764941 
-1.642586838885 
-1.688283626950 
-1.687080887819 
-1.677508534649 
-1.681993377753 
-1.673426295105 
-1.724262313795 
-1.775338480778 
-1.822386825281 
-1.822898329290 
-1.811045477456 
-1.842033545431 
-1.936841043686 
-1.795607659156 
-1.894798737168 
-1.943789725877 
-1.974640312230 
-1.993482283118 
-2.143025144770 
-2.101308939634 
-2.131589794948 
-2.131589794948 
-2.149305680143 
-2.052193047297 
-2.054243850396 
-2.108479621419 
-2.132535844287 
-2.173981596313 
-2.186431539527 
-2.200655468840 
-2.368692980397 
-2.329746838562 
-2.356981991520 
-2.214605192219 
-2.204689180680 
-2.194727369678 
-2.094452125821 
-2.326404886943 
-2.229687898036 
-2.177299443653 
-2.164786278407 
-2.112823419966 
-2.134414062222 
-2.137553023238 
-2.129306019385 
-2.045017417672 
-1.983755691699 
-2.049939210984 
-2.068598704710 
-2.047462198601 
-1.913495482139 
-1.975610222595 
-1.981722131436 
-2.024032307347 
-1.955156932754 
-1.955560525294 
-1.977616513220 
-1.632065373815 
-1.709406547836 
-1.768334985868 
-1.756255461455 
-1.749620039627 
-1.748245487198 
-1.743638782930 
-1.770317385241 
-1.796177845609 
-1.814269948587 
-1.821748214211 
-1.831602666818 
-1.783974071246 
-1.786247169113 
-1.705002984006 
-1.785073577135 
-1.827367659786 
-1.717546107901 
-1.629430587770 
-1.638410525115 
-1.666319167730 
-1.677618370849 
-1.682693533651 
-1.645382266002 
-1.681159362979 
-1.682537649030 
-1.664656875356 
-1.658471016574 
-1.675003023238 
-1.664827837512 
-1.709838763079 
-1.776533700424 
-1.755228986957 
-1.751723236194 
-1.757191832315 
-1.778713305055 
-1.780554903209 
-1.785977321151 
-1.785977321151 
-1.758858739655 
-1.761987457560 
-1.809748599758 
-1.812994296069 
-1.884627449366 
-1.835906957229 
-1.816904332679 
-1.808654385639 
-1.845111827549 
-1.952742775761 
-2.003233628595 
-2.012620487676 
-2.037831518594 
-2.019130277201 
-1.968516784654 
-1.993047445441 
-1.999823356603 
-2.036449628735 
-2.026238450273 
-2.002512678684 
-1.980390585065 
-1.981825974088 
-1.961496062965 
-1.961496062965 
-1.849388474574 
-1.951612169187 
-1.908004382468 
-1.880686295168 
-1.880152320209 
-1.887006266280 
-1.926613986010 
-1.872749552543 
-1.755235100602 
-1.717618712256 
-1.700149876774 
-1.721387798516 
-1.754196078816 
-1.747992480989 
-1.769471283318 
-1.777109950252 
-1.754524385072 
-1.776614109049 
-1.642544396093 
-1.650301033689 
-1.745963005740 
-1.787833646780 
-1.799378465621 
-1.759721568580 
-1.751201610306 
-1.760889041582 
-1.777141605421 
-1.733888242082 
-1.732895203550 
-1.713154957035 
-1.738144799004 
-2.031344129301 
-1.969783255568 
-1.978318895735 
-1.911954046326 
-1.865600025279 
-1.876345983379 
-1.867488591042 
-2.027116599869 
-2.042443580358 
-2.061864929880 
-2.111640706081 
-2.075827631779 
-2.047100729917 
-2.072616470002 
-2.065323116101 
-2.032060390709 
-2.015026901146 
-2.006174957595 
-2.160223331115 
-2.018049043932 
-2.018595747073 
-2.103866233773 
-2.148587390068 
-2.012640148321 
-2.023557526697 
-2.022540380999 
-2.022540380999 
-2.005095156557 
-1.979617458184 
-1.994900319953 
-2.030825788669 
-2.097702130335 
-2.083777863999 
-2.113282476061 
-2.197447776792 
-2.146253070921 
-2.123548991989 
-2.031891278090 
-2.026333224339 
-2.029348672876 
-2.028747039207 
-2.028747039207 
-2.028747039207 
-2.028747039207 
-2.040392914658 
-2.058301784712 
-2.020302905357 
-2.020302905357 
-2.020536466955 
-2.022271079457 
-2.000481902422 
-1.959371749241 
-1.954177660821 
-1.862553981930 
-1.941633202825 
-1.955328420733 
-1.955636873657 
-1.918601557495 
-1.800161095039 
-1.791466993002 
-1.963737391121 
-1.908617286229 
-1.911962259920 
-1.942759763579 
-1.826994840967 
-1.810606728170 
-1.810696874101 
-1.791901020654 
-1.684900631417 
-1.673285039111 
-1.652256543376 
-1.703383251047 
-1.758624006279 
-1.648664142234 
-1.648664142234 
-1.678054312991 
-1.617504314813 
-1.666577059581 
-1.693402838404 
-1.704752608279 
-1.722979055190 
-1.732178098973 
-1.699234958190 
-1.730362650230 
-1.764938842264 
-1.725594712148 
-1.724326009958 
-1.724326009958 
-1.729363443346 
-1.707520676246 
-1.682428535813 
-1.697087900756 
-1.664137600802 
-1.662766977837 
-1.884487967282 
-1.893647540832 
-1.922627206805 
-1.845788235826 
-1.723272576712 
-1.749545855463 
-1.767881213459 
-1.778836975008 
-1.770092607692 
-1.778873689854 
-1.827453727553 
-1.701175661492 
-1.729732291692 
-1.706497817756 
-1.693635640489 
-1.689710331945 
-1.698886772071 
-1.699574784822 
-1.637678145745 
-1.659501448661 
-1.659612498048 
-1.638406685550 
-1.663019997507 
-1.661554291878 
-1.625882341914 
-1.664495850699 
-1.616327365406 
-1.704751172689 
-1.689394447541 
-1.685038707723 
-1.667480038763 
-1.863162799776 
-1.820889837567 
-1.784527764714 
-1.802901924940 
-1.878296772553 
-1.804421430839 
-1.820262470461 
-1.742461440964 
-1.743009095674 
-1.809086538066 
-1.799822839411 
-1.780624339028 
-1.783216765512 
-1.771427466584 
-1.765833502006 
-1.765833502006 
-1.780900299326 
-1.788403232559 
-1.730581120838 
-1.746765425794 
-1.710817905661 
-1.767701941435 
-1.759078821918 
-1.761540556945 
-1.713687292980 
-1.776485983564 
-1.800664038270 
-1.847332276797 
-1.884623995677 
-1.858706326788 
-1.855911978464 
-1.855695262562 
-1.868915930287 
-1.870194453786 
-1.843993891413 
-1.842706646667 
-1.842706646667 
-1.842706646667 
-1.874249465913 
-1.871688816980 
-1.871094954338 
-1.860529971249 
-1.814332971677 
-1.805476507299 
-1.840124600601 
-1.762104562810 
-1.762104562810 
-1.737984971588 
-1.760630628593 
-1.761419474298 
-1.789113857024 
-1.769408581264 
-1.783983729681 
-1.754783690946 
-1.749326794435 
-1.750621514414 
-1.663254645036 
-1.783936129272 
-1.757442668829 
-1.726021729110 
-1.695487893418 
-1.657752070937 
-1.786021481117 
-1.725264820644 
-1.647916820230 
-1.652135444148 
-1.718169755662 
-1.719168787179 
-1.750843362211 
-1.646893223934 
-1.732060408966 
-1.642121795195 
-1.636715698440 
-1.643201546223 
-1.625317025156 
-1.646287790039 
-1.662845794958 
-1.653987130192 
-1.640172581443 
-1.630047411297 
-1.614167779075 
-1.614062251581 
-1.579340287606 
-1.616794154793 
-1.616914968124 
-1.624517565827 
-1.625417013821 
-1.625417013821 
-1.497003012120 
-1.565417697783 
-1.525238517349 
-1.664745148103 
-1.692205036536 
-1.621912283978 
-1.605408399074 
-1.568877357075 
-1.524816229194 
-1.642167562833 
-1.569623041686 
-1.677592307217 
-1.654011721699 
-1.581433384773 
-1.543175512201 
-1.654450361562 
-1.622873169060 
-1.709062961149 
-1.583437912645 
-1.577702960066 
-1.651098837855 
-1.662775533184 
-1.668961028326 
-1.709424630504 
-1.691914576446 
-1.589511584279 
-1.693563084505 
-1.712766965677 
-1.694918092448 
-1.642244303472 
-1.633745403184 
-1.632620134331 
-1.570075123336 
-1.453154585540 
-1.615578502213 
-1.609538532261 
-1.629130852166 
-1.715509199175 
-1.577296778875 
-1.651170266982 
-1.655185928832 
-1.737065346500 
-1.808231616375 
-1.741701521187 
-1.697314308485 
-1.776465901293 
-1.873631169395 
-1.877178201482 
-1.902651492693 
-1.944002038784 
-1.956076648010 
-1.964893014965 
-1.975182535647 
-1.916456236110 
-1.943539875146 
-2.002038405029 
-2.067117347767 
-2.094570873893 
-2.092282122237 
-2.049154482807 
-1.982660801743 
-2.079343928165 
-2.160531923590 
-2.141352808158 
-2.189227329656 
-2.172389480930 
-2.211868521419 
-2.138578458956 
-2.261522737403 
-2.144858352094 
-2.089904704666 
-2.065543036414 
-2.113778499835 
-1.989283091260 
-2.093878965314 
-2.008638464496 
-1.993599365449 
-2.015690497431 
-2.051851583885 
-2.034144770711 
-1.934944501765 
-1.933596365521 
-1.951364457119 
-1.909394995228 
-1.700753727311 
-1.717606609561 
-1.792948134479 
-1.916932275335 
-1.904260039134 
-1.927631297219 
-2.045654440479 
-1.971165547128 
-1.996094914306 
-1.946627186748 
-1.915655742538 
-2.012598797404 
-2.011025998782 
-2.000901390774 
-1.963136475051 
-1.921186855646 
-1.903227446899 
-1.878015248208 
-1.902356858577 
-1.947095941989 
-1.982148329701 
-1.908324316772 
-1.925056092895 
-1.950430028455 
-1.947697760900 
-1.895650993484 
-1.799085646845 
-1.872640703841 
-1.865401747061 
-1.894561101889 
-1.901061157555 
-1.753365782195 
-1.726092086696 
-1.762543312978 
-1.796692562582 
-1.862839834398 
-1.894215763645 
-1.830534536539 
-1.802566878210 
-1.825949132148 
-1.776841982674 
-1.768140764256 
-1.807737044577 
-1.671624911875 
-1.779713272304 
-1.690113534554 
-1.753474322002 
-1.624837369216 
-1.623010042543 
-1.929074540684 
-1.909809458534 
-2.082617125797 
-2.099946027882 
-2.069319848355 
-1.989262717645 
-1.982030862376 
-1.984258514498 
-2.035068833399 
-2.093226573990 
-2.092683268204 
-2.232511026318 
-2.094082913281 
-2.048449169027 
-2.012807863606 
-1.744005838729 
-1.814568764996 
-1.846705782187 
-1.846798843797 
-1.814368501045 
-1.680412142932 
-1.630440537849 
-1.590793205557 
-1.631973420594 
-1.636714545445 
-1.564486370549 
-1.585059359821 
-1.606946719734 
-1.726089084684 
-1.697834822038 
-1.614276400142 
-1.620464305106 
-1.626703028120 
-1.606023178062 
-1.676885129093 
-1.652474589793 
-1.664835933801 
-1.661525875135 
-1.717871712732 
-1.683182801861 
-1.675920130600 
-1.679850791917 
-1.743019250377 
-1.800263493123 
-1.791238770110 
-1.903455957055 
-1.874186860079 
-1.802183649279 
-1.821388727860 
-1.821388727860 
-1.837560489388 
-1.795402758006 
-1.760662271557 
-1.724479309780 
-1.746499768240 
-1.552611731326 
-1.674522758912 
-1.643468057582 
-1.720101016066 
-1.701504503219 
-1.605727759976 
-1.616024050664 
-1.623069510127 
-1.723528687356 
-1.743290142357 
-1.699763054453 
-1.771294156442 
-1.777500440997 
-1.779274641940 
-1.736842857763 
-1.714723181648 
-1.661555357962 
-1.692916861705 
-1.718961502942 
-1.740537306894 
-1.750372089008 
-1.664269694617 
-1.666186591798 
-1.562440439115 
-1.689975453454 
-1.674128023841 
-1.676081990637 
-1.608661532463 
-1.677468716578 
-1.640259512994 
-1.535601071520 
-1.435787055070 
-1.591389336397 
-1.595834717847 
-1.563726272470 
-1.596808382412 
-1.607235944934 
-1.548233657968 
-1.526527751962 
-1.534265565515 
-1.588034929299 
-1.580902968204 
-1.589771237493 
-1.613085665833 
-1.621936717581 
-1.699510902302 
-1.644915479419 
-1.503719137551 
-1.466797079818 
-1.510092291081 
-1.578077277073 
-1.553126810514 
-1.630664442150 
-1.592202799664 
-1.692130410061 
-1.764017746638 
-1.761696540497 
-1.772950880634 
-1.755479618644 
-1.748620632676 
-1.593595366860 
-1.604785401598 
-1.599175440876 
-1.607346219335 
-1.560848372694 
-1.520897176964 
-1.544332517769 
-1.518019046721 
-1.558151216026 
-1.896547445144 
-1.669884442470 
-1.686719863886 
-1.646883243164 
-1.629641985502 
-1.660320726992 
-1.589535328359 
-1.584259134916 
-1.579033323971 
-1.546133693268 
-1.577274179333 
-1.614508485596 
-1.495874481426 
-1.641961417637 
-1.501583706537 
-1.543276469124 
-1.531377678475 
-1.499645606802 
-1.536205637947 
-1.535202197731 
-1.542220355917 
-1.542220355917 
-1.613719036417 
-1.587203064440 
-1.576806620840 
-1.601669465410 
-1.652904436094 
-1.617139747726 
-1.582070006873 
-1.445171732912 
-1.523149192653 
-1.478942416476 
-1.465475187941 
-1.444067452180 
-1.578836886863 
-1.594942807826 
-1.417620490259 
-1.279149709770 
-1.352000174289 
-1.345863350894 
-1.351644861839 
-1.536334980960 
-1.596349511379 
-1.580746268560 
-1.529318364277 
-1.634700613413 
-1.501667551871 
-1.533808813657 
-1.534432038099 
-1.437866376803 
-1.409220035881 
-1.404218995588 
-1.493727044437 
-1.499387026045 
-1.504842027661 
-1.526977107483 
-1.572095132467 
-1.529069137356 
-1.532336866232 
-1.532336866232 
-1.532336866232 
-1.532336866232 
-1.532336866232 
-1.583088759100 
-1.666855666134 
-1.671637965361 
-1.680729058812 
-1.673656876705 
-1.722503249243 
-1.622716430614 
-1.498829523399 
-1.480426945356 
-1.532608855922 
-1.553708540493 
-1.468665320806 
-1.459134442554 
-1.611044768716 
-1.633131374620 
-1.622657902567 
-1.675765843939 
-1.517877544712 
-1.582478566525 
-1.723949364057 
-1.718886390504 
-1.716453210946 
-1.717909421499 
-1.716954971486 
-1.716954971486 
-1.820819471894 
-1.756424571342 
-1.909212849610 
-1.918141848720 
-1.985523022266 
-1.916418846201 
-1.582121832150 
-1.566347736549 
-1.729865483732 
-1.705005191251 
-1.600779234074 
-1.612470182127 
-1.548033829605 
-1.555583819790 
-1.556045728077 
-1.610392848367 
-1.666889335632 
-1.588526985370 
-1.580932574735 
-1.657142890450 
-1.545777330411 
-1.621717096746 
-1.630908009191 
-1.618738707740 
-1.666792738260 
-1.653202838797 
-1.661607606411 
-1.771971674025 
-1.808920720176 
-1.808945603332 
-1.812658231694 
-1.759692762669 
-1.762168968899 
-1.735228931730 
-1.821300005265 
-1.818924407579 
-1.877843923004 
-1.904508413288 
-1.886785442403 
-1.896117303065 
-1.921025303011 
-1.915299899385 
-1.941664034814 
-1.942451521150 
-1.923192511225 
-1.881212542644 
-1.966597541741 
-2.160711082280 
-2.182898348027 
-2.178955288318 
-2.179791407979 
-2.136122779061 
-2.058862739772 
-2.162992680183 
-2.278520777949 
-2.256441455922 
-2.237988578026 
-2.244874829179 
-2.241236662268 
-2.243670589312 
-2.175888394284 
-2.074341000489 
-2.111924257174 
-2.111924257174 
-2.065310227629 
-2.072176378949 
-2.074032564598 
-2.074032564598 
-2.030560678562 
-1.959009567230 
-1.949977596883 
-1.963116284008 
-1.996103868144 
-1.996074797545 
-2.035646235916 
-1.933567808832 
-1.876435019314 
-1.895526194708 
-1.885136841879 
-1.829965148191 
-1.857923318482 
-1.850506106679 
-1.887414728528 
-1.993291971335 
-1.893875376660 
-1.875080788934 
-1.825385906004 
-1.821115125219 
-1.841365423590 
-1.841365423590 
-1.853603801459 
-1.862848393879 
-1.730945156547 
-1.861524843362 
-1.823484903603 
-1.810444355964 
-1.812034187861 
-1.811216640957 
-1.728978433681 
-1.750892856593 
-1.663210272549 
-1.672964827416 
-1.667410702202 
-1.677702050498 
-1.652729485624 
-1.703163509290 
-1.709139711382 
-1.689106569949 
-1.669175866153 
-1.691310218316 
-1.693532142150 
-1.767818940571 
-1.710838502229 
-1.719522676400 
-1.714119914067 
-1.715649757993 
-1.715649757993 
-1.730001395128 
-1.724232692378 
-1.764091735360 
-1.842214617766 
-1.856224217904 
-1.879556417156 
-1.878054296414 
-1.869047338585 
-1.869336534158 
-1.875356007699 
-1.822508066566 
-1.825162484485 
-1.825162484485 
-1.818205708002 
-1.810317085821 
-1.812933661620 
-1.833247197797 
-1.804618640472 
-1.798034184379 
-1.800688213943 
-1.792693558768 
-1.697441195673 
-1.879346351546 
-1.835544980390 
-1.836164078112 
-1.824566876628 
-1.790775271625 
-1.748301322347 
-1.770243547408 
-1.785965624232 
-1.803445669605 
-1.855968407584 
-1.848207568343 
-1.776890724809 
-1.797128523249 
-1.804489566219 
-1.845526459824 
-1.860720050228 
-1.847855992822 
-1.879466547492 
-1.893607383133 
-1.892611172860 
-1.897140912826 
-1.903488559450 
-1.886045089419 
-1.879866023514 
-1.885953137514 
-1.875396376925 
-1.854524202171 
-1.844190321464 
-1.871640060525 
-1.871658193512 
-1.863803987636 
-1.847414620051 
-1.867350471752 
-1.831273244291 
-1.699426274995 
-1.750609365508 
-1.748665713174 
-1.810620901835 
-1.816764811229 
-1.767819978469 
-1.728464592056 
-1.711051576438 
-1.731974472594 
-1.734041251449 
-1.831568243957 
-1.778740008028 
-1.778894132579 
-1.798653187927 
-1.801443579122 
-1.859377459508 
-1.874896344671 
-1.841690608815 
-1.846902333962 
-1.842249136352 
-1.810504436118 
-2.103706691009 
-1.891382014191 
-2.020915228187 
-1.964261279266 
-1.957415775065 
-1.985693031523 
-2.040925611127 
-1.963587162636 
-1.886388408713 
-1.775056568920 
-1.694633706860 
-1.728399189190 
-1.693736022104 
-1.702901013132 
-1.646890133444 
-1.673259879624 
-1.565835054739 
-1.579090538624 
-1.583413583040 
-1.595792395054 
-1.603705884396 
-1.641327340793 
-1.632084516012 
-1.603345213162 
-1.603345213162 
-1.439047148054 
-1.486466094162 
-1.643106505117 
-1.650949463735 
-1.640262907320 
-1.702210765656 
-1.810144938626 
-1.837511331016 
-1.798568512135 
-1.791039190289 
-1.856373321971 
-1.855409700814 
-1.831923017165 
-1.786571473394 
-1.814602779218 
-1.860403667267 
-1.884093760595 
-1.879068307202 
-1.840921800722 
-1.916046179669 
-1.928803352862 
-1.829915672123 
-1.762380568687 
-1.847520730313 
-1.703621346474 
-1.554127800400 
-1.699709868992 
-1.694987028794 
-1.679439953095 
-1.622288319960 
-1.630624464949 
-1.588115913148 
-1.590019655698 
-1.511300709364 
-1.514862456594 
-1.523960290139 
-1.706900137137 
-1.657279092257 
-1.681134062182 
-1.614462798055 
-1.665835382191 
-1.627468175863 
-1.663733544266 
-1.694455447747 
-1.650776930132 
-1.657191886217 
-1.598096043675 
-1.631607271500 
-1.691629605729 
-1.697533914191 
-1.705672136539 
-1.692200826560 
-1.692754287903 
-1.698237651381 
-1.669706235943 
-1.724763625160 
-1.589666074139 
-1.583209924891 
-1.518897913049 
-1.626434288745 
-1.506695007888 
-1.432302409903 
-1.477389075908 
-1.578019987385 
-1.550139584015 
-1.575872954472 
-1.725208073329 
-1.631925272469 
-1.591053242199 
-2.047171857261 
-2.026839310569 
-1.905229566582 
-1.890752647595 
-1.945361047406 
-1.970015260315 
-1.963124169029 
-1.969347445078 
-1.960527380088 
-2.008788829461 
-1.991058800283 
-2.035709710293 
-2.053198856078 
-1.973683004622 
-2.034403259369 
-1.865335564186 
-1.875002789457 
-1.878999737163 
-1.894287083628 
-1.920133772480 
-1.977670701705 
-1.976045436522 
-2.094947023716 
-2.087536885948 
-2.078659535213 
-2.114565339244 
-2.095875509425 
-2.099769818249 
-2.076298607718 
-2.072372364131 
-2.072372364131 
-2.071545470062 
-2.159731641356 
-2.167377111289 
-2.211982515291 
-2.139383639262 
-2.160809827822 
-2.101383454200 
-2.156828928805 
-2.135891035598 
-2.081240484112 
-2.048819967066 
-2.055890020729 
-2.055890020729 
-2.017825735236 
-2.044100308648 
-2.031293742632 
-1.979419017915 
-1.951215326106 
-1.957041981026 
-1.956921324298 
-1.936768414703 
-1.937818376916 
-1.874986211214 
-1.965544737506 
-1.917511925570 
-1.967959462410 
-1.972045137345 
-2.007671528696 
-2.019763977911 
-1.991920907945 
-1.975148167574 
-1.975148167574 
-1.992330554432 
-1.976586598346 
-1.973542234986 
-2.001754031767 
-2.029437450745 
-2.011992829843 
-2.007293017815 
-1.966828679315 
-1.902827414324 
-1.750946273215 
-1.750736823009 
-1.748393961853 
-1.650365658497 
-1.687407775725 
-1.638293196042 
-1.599615677847 
-1.639760159854 
-1.623502100457 
-1.546889793208 
-1.547462170065 
-1.544150416812 
-1.553222756771 
-1.590966244044 
-1.602151266226 
-1.643907138117 
-1.662674740366 
-1.662674740366 
-1.682271233403 
-1.729820360254 
-1.748325863228 
-1.762304255273 
-2.038853103288 
-2.092883207207 
-2.098116457935 
-1.976806977881 
-2.082000020856 
-2.284929516561 
-2.286271577657 
-2.277678289389 
-2.035529679015 
-1.978288907859 
-1.974618488622 
-1.994955319399 
-2.015869371712 
-2.023156038462 
-2.014975559379 
-1.952673119430 
-1.918108614112 
-1.958490558433 
-1.934195870577 
-1.921290531723 
-1.912159686208 
-1.905395513277 
-1.915306354124 
-1.887551409923 
-1.894465647523 
-1.896610928534 
-1.896185466141 
-1.839907602417 
-1.825615511863 
-1.835758473961 
-2.016518742687 
-1.910934899558 
-1.908788411502 
-1.981795368581 
-1.832750292010 
-1.833705369563 
-1.809672731897 
-1.825797771007 
-1.882995370881 
-1.919955703046 
-1.963988914512 
-1.980404680742 
-2.021039446612 
-2.034402935788 
-2.068614474527 
-1.765079547795 
-1.770733425575 
-1.745133452647 
-1.776723063077 
-2.040943785105 
-2.103717583958 
-2.104506394406 
-2.081253522587 
-2.135714471967 
-2.083253738232 
-2.083253738232 
-2.026102623405 
-2.015936469926 
-1.914275142653 
-1.825420972176 
-1.805296406988 
-1.842564109428 
-1.946243152084 
-1.944359164492 
-1.853749572082 
-1.882604937413 
-1.836906432651 
-1.838899269926 
-1.778454359344 
-1.808230142918 
-1.813448794834 
-1.866649482523 
-1.904962741690 
-1.743538888511 
-1.779951063038 
-1.923795798775 
-1.965414414473 
-1.932077138570 
-1.954612617000 
-1.908181319719 
-2.003374843331 
-2.016521117001 
-1.903519172830 
-2.000241423581 
-1.910540703729 
-1.841032888038 
-1.839404974490 
-1.797362196148 
-1.797827812093 
-1.839799231583 
-1.855928940922 
-1.841730471154 
-1.907810606927 
-1.937608968827 
-2.083010432538 
-2.271403735542 
-2.287712381458 
-2.165109879859 
-2.304812668600 
-2.115336194124 
-2.055130577373 
-1.699010374257 
-1.710144379077 
-1.650421350331 
-1.720994205793 
-1.735393445391 
-1.745306685331 
-1.705657844492 
-1.740237154754 
-1.734541829056 
-1.683536064713 
-1.743004836320 
-1.753991584995 
-1.826525875066 
-1.825333134794 
-1.850556110030 
-1.802380560888 
-1.815935774504 
-1.874623953863 
-1.850582173553 
-1.699117349731 
-1.838074852143 
-1.771782141410 
-1.812836518776 
-1.724768323744 
-1.819399887620 
-1.775826232180 
-1.901487899922 
-2.008622865919 
-2.091948213748 
-1.997759540168 
-2.002993648012 
-1.976495636740 
-2.037876769300 
-2.066755121550 
-2.040870027509 
-2.038499151620 
-2.131883963253 
-2.086144567323 
-2.117963900627 
-2.114153692857 
-2.138510351770 
-2.113915313752 
-2.071486859919 
-2.223847378175 
-2.197842439985 
-2.164113175010 
-2.246688051438 
-2.263338711624 
-2.234254770516 
-2.246302467530 
-2.121701910335 
-2.101252653024 
-2.181310547212 
-2.207968726577 
-2.238477731738 
-2.256736436339 
-2.146959689011 
-2.295298457163 
-2.302157170469 
-2.320609740681 
-2.150227662671 
-2.181142149785 
-2.135428862772 
-1.966987516903 
-1.938802605858 
-1.917132212224 
-1.910964138201 
-1.934577395141 
-1.850673165209 
-1.846922758178 
-1.878822265660 
-1.853010203885 
-1.848784452883 
-1.786097591244 
-1.754493165320 
-1.740439162397 
-1.814888042664 
-1.813296541935 
-1.815116490987 
-1.815754415677 
-1.824307692945 
-1.763145413085 
-1.786461243975 
-1.775096743423 
-1.831847033508 
-1.848515992354 
-1.757723557433 
-1.863463530904 
-1.845277240318 
-1.832878877396 
-1.810986683144 
-1.833814943609 
-1.791899373963 
-1.798331395839 
-1.803306924528 
-1.822299372450 
-1.857400564089 
-1.868366990753 
-1.939002883353 
-1.975447381414 
-1.955095832390 
-1.986255810003 
-1.973614396279 
-1.964471845495 
-2.011193997103 
-1.890294589857 
-1.890229375683 
-1.819991171670 
-1.790710443197 
-1.794808172003 
-1.801929964812 
-1.826979235052 
-1.752301865066 
-1.726080786118 
-1.726923006856 
-1.813939491788 
-1.849963654562 
-1.849915273455 
-1.844249361821 
-1.876183188029 
-1.899968853096 
-1.897314033273 
-1.897350250203 
-1.897794576284 
-1.880673722802 
-1.854693383176 
-1.877250354416 
-1.825323984241 
-1.845872845754 
-1.874572777633 
-1.885373690448 
-1.818063487431 
-1.900457800539 
-1.957863687905 
-1.985666689566 
-1.986641977176 
-2.083091842731 
-2.089114142989 
-1.993168543027 
-1.954268944420 
-1.952879812050 
-1.973301946532 
-1.989574505459 
-1.992904317684 
-2.081463634374 
-2.081045304343 
-1.983583523329 
-2.191818361208 
-2.042346243550 
-1.927742994571 
-1.935821202567 
-2.030425309485 
-1.904002113424 
-1.862563701577 
-1.864096770304 
-1.793182424761 
-1.643126662318 
-1.629301325013 
-1.618097961382 
-1.634654082789 
-1.759858972745 
-1.762920678517 
-1.769317813368 
-1.750476119278 
-1.648856532435 
-1.667980217815 
-1.745902570806 
-1.750362859283 
-1.801195098144 
-1.878653885364 
-1.824966267575 
-1.812598823465 
-1.667207850606 
-1.575437700707 
-1.610131347056 
-1.730099701838 
-1.727197297025 
-1.776349863925 
-1.645766071942 
-1.689164693156 
-1.630798227765 
-1.822070804021 
-1.819961303266 
-1.780142185143 
-1.779174943422 
-1.786430705186 
-1.796345215797 
-1.849798805175 
-1.952455539129 
-1.997270945627 
-1.874218274314 
-1.871330294936 
-1.875425940846 
-1.786323819256 
-1.781305630296 
-1.750379347258 
-1.666265318660 
-1.702063482965 
-1.664925903999 
-1.777006248237 
-1.779111784298 
-1.791805331465 
-1.738104377903 
-1.809158300021 
-1.808634183730 
-1.837876815592 
-1.811030042592 
-1.812246439638 
-1.813821212628 
-1.702982512426 
-1.839730912342 
-1.793452212856 
-1.793613087740 
-1.855515914850 
-1.866941447892 
-1.841385066140 
-1.851862972117 
-1.975315684454 
-1.960505444421 
-1.988406707463 
-2.006764876929 
-1.955396825888 
-1.956043558665 
-1.954698352671 
-1.924766880635 
-2.018450843860 
-1.968615092563 
-1.989105712230 
-2.032220062943 
-2.042829431523 
-2.000778797577 
-1.984661732603 
-2.073924016157 
-2.043104762254 
-2.145129148831 
-2.132499803695 
-2.119430673286 
-2.153558286951 
-2.130985786077 
-2.052464774847 
-2.019383291105 
-2.001464982661 
-2.024106039450 
-2.001323811290 
-1.975072338008 
-1.975404341903 
-2.053651949744 
-1.993604285129 
-2.035958853225 
-2.053421888967 
-2.029040654534 
-1.993460681171 
-1.868535059977 
-1.868359146725 
-1.865992627846 
-1.878768185965 
-1.913388745373 
-1.935511339632 
-1.954274173726 
-1.981444614725 
-1.922368192379 
-1.945093163372 
-1.960290944338 
-1.947171695070 
-1.919731578240 
-1.930627040028 
-1.915533045318 
-1.915533045318 
-1.894994575499 
-1.894994575499 
-1.987225030349 
-1.979147311087 
-1.993011633578 
-1.943507997072 
-1.959092823315 
-2.106087465685 
-2.078094580373 
-2.102302905027 
-2.180123450193 
-2.096630300961 
-2.233270301731 
-2.123613804282 
-2.165946224107 
-1.974385119222 
-1.966796951408 
-1.966796951408 
-1.945766225302 
-1.935138921358 
-1.938179204128 
-1.938179204128 
-1.915112791666 
-1.905789909784 
-1.975486455885 
-1.966695948871 
-1.953621600137 
-1.958325192624 
-1.946329941237 
-1.942292819663 
-1.935812344376 
-1.924427326932 
-1.951928507440 
-1.943945695630 
-1.927781190916 
-1.960654346607 
-1.983558283044 
-1.868035128524 
-1.942728919083 
-1.947193462917 
-1.933253379901 
-1.876104038543 
-1.814333052245 
-1.804849010973 
-1.862927990607 
-1.985813596414 
-2.011468448838 
-2.016737301756 
-1.903019183151 
-1.902493645646 
-1.911400199994 
-1.907453875463 
-1.824251838267 
-1.773773435105 
-1.780567917928 
-1.699629526356 
-1.696916514917 
-1.679292802772 
-1.709830030811 
-1.693771499365 
-1.699420294098 
-1.681289856844 
-1.715078516202 
-1.711952715134 
-1.716252837935 
-1.763722243603 
-1.701952705922 
-1.633299925445 
-1.659268080076 
-1.630188510630 
-1.604920805371 
-1.635442233686 
-1.583722464157 
-1.635274276782 
-1.673833059190 
-1.668155175351 
-1.780234090869 
-1.755030342948 
-1.724975911710 
-1.748374434702 
-1.727095129813 
-1.722948580238 
-1.747130766355 
-1.703305878930 
-1.711952441214 
-1.672423873564 
-1.638405344892 
-1.605732761530 
-1.667745745528 
-1.604771509143 
-1.607601518685 
-1.617363309508 
-1.601518380284 
-1.649052060564 
-1.702278931917 
-1.747525838942 
-1.715972613915 
-1.693508547578 
-1.698313287508 
-1.717199143110 
-1.704106176493 
-2.111981336926 
-2.078874923361 
-2.037292529865 
-2.037292529865 
-2.021890114563 
-2.000315043501 
-1.918647168001 
-2.008793269093 
-2.048084748777 
-2.048084748777 
-2.020385285957 
-2.046252141469 
-2.030794723895 
-2.062691601891 
-2.013412223245 
-1.902505949116 
-1.874865599763 
-1.786382465033 
-1.787508640128 
-1.766750207053 
-1.744241648782 
-1.722491570013 
-1.881152886311 
-1.939895456015 
-1.823759340266 
-1.762612145774 
-1.799258533892 
-1.576124450204 
-1.617835356107 
-1.635716192709 
-1.625843946327 
-1.708955838505 
-1.744092306623 
-1.687185894158 
-1.808208150700 
-1.802186507367 
-1.827265704896 
-1.777928353862 
-1.807398660566 
-1.804188565635 
-1.797820604583 
-1.788252157652 
-1.795084948522 
-1.801014846254 
-1.616716540019 
-1.711181340670 
-1.684790717106 
-1.611978149381 
-1.692164845868 
-1.753102868939 
-1.634868479779 
-1.645786108742 
-1.571713474093 
-1.638777047493 
-1.650994825436 
-1.709086218631 
-1.739440007605 
-1.810597436453 
-1.840165985116 
-1.819970414700 
-1.821561289058 
-1.729623074396 
-1.757996791733 
-1.763467321376 
-1.704545080485 
-1.701609362778 
-1.821889979772 
-1.939224941979 
-1.946035806160 
-1.932920536954 
-1.848075315671 
-1.803778475324 
-1.831568618154 
-1.832100452199 
-1.989101867827 
-1.993404523980 
-1.914270352869 
-1.905835432151 
-1.930008072061 
-1.924380295796 
-1.891660049876 
-1.876509649815 
-1.867034561856 
-1.867034561856 
-1.871634872983 
-1.895003323739 
-1.889951582232 
-1.924112824859 
-1.913847017213 
-1.991300632290 
-1.966226969742 
-1.944421455193 
-1.961396797947 
-1.979711360084 
-2.055142637951 
-2.052643647358 
-2.119445964787 
-2.104837841052 
-2.066176398633 
-2.050104780307 
-2.185966234340 
-2.097020743562 
-2.091164779384 
-2.092575276953 
-2.235292045434 
-2.175498450146 
-2.031721864973 
-2.020608324990 
-2.016928543997 
-2.366462844792 
-2.390259842820 
-2.338927828575 
-2.302535347697 
-2.353205943825 
-2.334183759187 
-2.107414250579 
-2.202423564171 
-2.099007271868 
-2.102530490969 
-2.106479389739 
-2.048659975559 
-2.237102391054 
-2.151807270488 
-2.173359117281 
-2.214815224607 
-2.217151068635 
-2.153319698986 
-2.136353543254 
-2.158862184236 
-2.106806018016 
-2.155514138889 
-2.160652706942 
-2.071385147529 
-2.017319071036 
-2.057001917833 
-2.039519236742 
-2.018220675675 
-1.974572443176 
-1.981879708740 
-2.042633794828 
-2.042633794828 
-2.042633794828 
-2.033952200619 
-2.024900863245 
-2.015960545939 
-2.072763292541 
-2.041028186170 
-2.022660675702 
-2.137630767805 
-1.942144441575 
-1.883970973334 
-1.931296230777 
-1.946960362257 
-1.895501666911 
-1.955511264155 
-1.971483321797 
-2.014757395222 
-2.025383080784 
-1.987772281957 
-2.092635806038 
-2.185827949728 
-1.995266723041 
-1.925226930652 
-1.938621383168 
-1.878140596228 
-1.883350262958 
-1.836790495382 
-1.828079415024 
-1.824042746774 
-1.850690098683 
-1.882179176836 
-1.801207683130 
-1.804488664688 
-1.789861671262 
-1.771327565878 
-1.735969043859 
-1.701121357615 
-1.680812334763 
-1.664577890893 
-1.702742745467 
-1.645740539604 
-1.657171484542 
-1.679422396717 
-1.711821814598 
-1.761626210695 
-1.772942234842 
-1.833611389620 
-2.001900007200 
-1.984467014813 
-1.933495852571 
-1.990888138779 
-2.005912218193 
-1.971616760085 
-1.980460470879 
-2.006528196397 
-2.064918386486 
-2.078174295708 
-1.998576661300 
-1.976230662838 
-1.950423262513 
-1.985917764871 
-1.980825876364 
-2.043775046432 
-2.028186503416 
-2.009811968688 
-2.065150224882 
-2.113573597622 
-2.080994682003 
-2.067607521009 
-2.081620557283 
-1.930407477126 
-1.953434415858 
-1.960403916457 
-1.937730427895 
-1.936643826149 
-1.903784115205 
-1.908715640768 
-1.967833988608 
-1.986216379309 
-1.984144060966 
-1.974908319942 
-1.899887853107 
-1.890584760569 
-1.851244815920 
-1.878512238214 
-1.890393627469 
-1.892419753600 
-1.908288121419 
-1.891245216205 
-1.991861669521 
-2.013082428117 
-2.012088583928 
-1.989059101264 
-1.980202308646 
-1.987108599582 
-1.987108599582 
-2.044790352120 
-2.025807979511 
-2.005994322039 
-2.032121708202 
-2.030239586512 
-2.011988255470 
-2.011988255470 
-2.010747928731 
-1.995992021223 
-2.029327605954 
-1.996374915963 
-1.946456369683 
-1.940315712386 
-1.945461149976 
-1.935047987950 
-1.938474696338 
-1.886000501274 
-1.897433042414 
-1.779844219455 
-1.807775241719 
-1.871046536448 
-1.871046536448 
-1.863240371164 
-1.878247121601 
-1.925849007156 
-2.042487767515 
-2.117830477960 
-2.052582822194 
-2.048404873574 
-2.055774201024 
-2.029978386052 
-2.029978386052 
-2.025652325707 
-2.029141862075 
-2.063750564067 
-2.044751597849 
-2.028372804260 
-1.977627778610 
-1.962824279542 
-1.962824279542 
-1.966116557439 
-1.969220711294 
-1.969553141966 
-1.969553141966 
-1.961055511718 
-1.951353868423 
-1.959374208413 
-1.993746736579 
-2.082483444628 
-2.142158709570 
-2.208469795677 
-2.027051499059 
-2.039709367670 
-1.970699728934 
-2.046839025284 
-2.023777742621 
-2.019413504807 
-2.039826139686 
-2.077264476064 
-2.019262707222 
-2.267185480917 
-2.119022746142 
-2.119039613681 
-2.313585337641 
-2.593576610130 
-2.095040490317 
-2.086042952982 
-2.070434232561 
-2.057046185569 
-2.156461702770 
-1.951412081572 
-2.070087989993 
-2.010043253210 
-2.014272621934 
-2.008183950293 
-1.948953346980 
-1.907526820448 
-2.016031159646 
-1.989529630926 
-1.989529630926 
-1.999719947665 
-1.975338365292 
-2.038206350797 
-1.974145670193 
-1.924348743929 
-1.947760763136 
-1.797565783390 
-1.829809642391 
-1.832667233280 
-1.831786337524 
-1.928558380890 
-1.921694622339 
-1.918688005718 
-1.870185817874 
-1.889525917477 
-1.857892726094 
-1.857579732709 
-1.844134177182 
-1.848397110501 
-1.815511101041 
-1.872649825956 
-1.907702209517 
-1.960753209083 
-2.057251215619 
-2.064211012252 
-2.070689768088 
-2.151168747342 
-2.101976661700 
-2.151149485003 
-2.132648677235 
-2.113313044739 
-2.023113269513 
-1.998080275243 
-1.997884906661 
-2.030654199951 
-1.993061044895 
-2.096251612075 
-2.091185330635 
-2.048043711706 
-1.930234856858 
-1.941060189732 
-1.975040526174 
-1.966173788655 
-2.055140914711 
-1.995791880199 
-2.013952577881 
-1.919162561448 
-1.927190089168 
-1.921047933692 
-1.921047933692 
-1.949583851257 
-1.950644847460 
-1.925991308218 
-1.953110782519 
-1.945469115140 
-1.908046055516 
-1.913235270074 
-1.851902061653 
-1.808974070215 
-1.810065708997 
-1.455480529090 
-1.481263171597 
-1.450484789764 
-1.413539811543 
-1.382819836900 
-1.489282749380 
-1.469403782734 
-1.554974180218 
-1.528803225994 
-1.546789374369 
-1.668288991035 
-1.627434966685 
-1.573436882739 
-1.554093175819 
-1.554424463508 
-1.532492457632 
-1.676454689305 
-1.705039517285 
-1.700074062140 
-1.657319460752 
-1.592727314259 
-1.574159111137 
-1.574159111137 
-1.663099551067 
-1.686542289421 
-1.696758908649 
-1.719545162439 
-1.714870989798 
-1.711528167011 
-1.693969658654 
-1.696038127866 
-1.716932692586 
-1.644416805578 
-1.612744194938 
-1.703240903400 
-1.717185649204 
-1.768791504781 
-1.713230051916 
-1.684442126350 
-1.671989151118 
-1.709575208773 
-1.692568175587 
-1.701970285769 
-1.666681162783 
-1.646865208780 
-1.641475355260 
-1.624711934724 
-1.649075314429 
-1.670438142559 
-1.718110629522 
-1.565248325816 
-1.594219879153 
-1.766678384208 
-1.776834544133 
-1.757002437909 
-1.731150044399 
-1.707435100436 
-1.738406766097 
-1.756665559730 
-1.676299706963 
-1.675091682721 
-1.830722132289 
-1.847778180683 
-1.784845015455 
-1.806302974717 
-1.778035056890 
-1.712827111100 
-1.718749368148 
-1.686553803809 
-1.590794069287 
-1.710836760810 
-1.711340245765 
-1.682674828435 
-1.674766794500 
-1.691303017374 
-1.692773143958 
-1.681064712383 
-1.675269739643 
-1.729358590524 
-1.716406492008 
-1.843347067936 
-1.885139013983 
-1.975794619306 
-2.013965828910 
-1.939112743916 
-1.944952800410 
-1.944952800410 
-1.956349111265 
-1.975960952261 
-1.975960952261 
-1.957321365961 
-2.017336955071 
-1.999520152488 
-1.993623798735 
-1.686290994310 
-1.624613523970 
-1.624465636273 
-1.624465636273 
-1.626039554491 
-1.650553366414 
-1.625754628086 
-1.664336288743 
-1.664118417751 
-1.663245926869 
-1.664449650110 
-1.659364488271 
-1.712949296676 
-1.719323530910 
-1.697204068208 
-1.764711194102 
-1.814893988228 
-1.754343428845 
-1.753262425231 
-1.643176224001 
-1.683621476251 
-1.691164041871 
-1.748167222344 
-1.793226910718 
-1.817123620102 
-1.797735880625 
-1.704353886080 
-1.672273779448 
-1.690656286457 
-1.689859976900 
-1.727694676547 
-1.819748294723 
-1.854009074918 
-1.862362543431 
-1.910156983014 
-1.917686794002 
-1.966566779380 
-1.851162892310 
-1.853673787079 
-1.773905628233 
-1.835692521199 
-1.835795257794 
-1.767201707249 
-1.824968970795 
-1.773561037007 
-1.770040512899 
-1.767647334676 
-1.772021461928 
-1.876959025939 
-1.882643954182 
-1.847908892873 
-1.782781773081 
-1.778107572335 
-1.832393048966 
-1.832393048966 
-1.832393048966 
-1.858354907722 
-1.798063453099 
-1.816150334076 
-1.823543954180 
-1.811864245309 
-1.926980707450 
-1.944619809097 
-2.129446416448 
-2.065001266235 
-2.080209050468 
-2.143295173008 
-2.153088252350 
-2.017746979570 
-2.056184971621 
-2.035936486818 
-2.013058195390 
-2.046262912340 
-2.010255167247 
-2.067840429956 
-2.069831836501 
-2.065714346602 
-2.113759406746 
-2.166848607751 
-2.013868126182 
-1.976222480891 
-1.878687568544 
-1.735331709351 
-1.725368754251 
-1.794203783121 
-1.778521713553 
-1.750918445911 
-1.833017691689 
-1.985511731544 
-1.978976779840 
-1.974383890366 
-2.039738560385 
-1.971058113122 
-1.985418667862 
-1.793790216323 
-1.819866111054 
-1.795003659437 
-1.726429714402 
-1.716266841864 
-1.902486403391 
-1.940361001804 
-1.957232605231 
-2.067556878540 
-2.038174577275 
-1.854249798679 
-1.998412884340 
-1.932330631278 
-1.931368762205 
-1.925304911133 
-1.875243978344 
-1.833240287168 
-1.821935823999 
-1.854848835771 
-1.943797477594 
-1.893180010549 
-1.884989087427 
-1.877537838865 
-1.923148425528 
-1.954457433054 
-1.957490331369 
-1.936711735302 
-1.911047240494 
-1.910013216805 
-1.862172867395 
-1.931075523245 
-1.919721560372 
-1.868339042705 
-1.925390311202 
-1.909439322059 
-1.906610106094 
-1.934569180746 
-1.939246344508 
-1.964038040626 
-2.021306463207 
-2.017494046447 
-1.966916242226 
-1.948478104682 
-1.977488818393 
-1.961900819344 
-1.927869742341 
-1.956848804662 
-1.939268077794 
-2.037003043444 
-2.018031574874 
-2.030946396586 
-2.008580311357 
-1.888912791754 
-1.832375467928 
-1.923300842168 
-2.003247859545 
-2.017618392057 
-2.039070839147 
-1.977702348164 
-2.009130763317 
-1.939280110025 
-1.979027937484 
-1.916552603027 
-2.017531392363 
-2.026501882174 
-1.916585214716 
-2.032444030697 
-2.051480962139 
-1.976287444600 
-1.947184244566 
-1.907917980580 
-1.995857689786 
-2.036226860979 
-1.998706522464 
-2.074388809259 
-2.067025277180 
-2.038719419712 
-2.145573889356 
-2.150440101228 
-2.150440101228 
-2.147201742150 
-2.185814809860 
-2.269490772421 
-2.269490772421 
-2.257818281859 
-2.247372125288 
-2.172016733665 
-2.153035249296 
-2.153035249296 
-2.057093506389 
-2.112787578712 
-2.034058512934 
-2.087294606512 
-2.038558606071 
-1.855178595419 
-1.867856363656 
-1.829312483990 
-1.742279978834 
-1.731919267766 
-1.934815135108 
-1.944276583297 
-1.935803086156 
-1.910605331806 
-1.910776203484 
-1.927367045683 
-1.952227792692 
-2.035903627912 
-2.179352749601 
-2.248938820948 
-2.073328828185 
-2.172026551539 
-2.221230334262 
-2.221230334262 
-2.199877264415 
-2.201936454733 
-2.171634440824 
-2.153250909776 
-2.215342846478 
-1.981185763896 
-1.989091439018 
-2.145972287505 
-2.073320621288 
-2.166495094473 
-2.152783593109 
-2.135602561001 
-2.121491073557 
-2.031143273755 
-1.998754657387 
-2.152751673327 
-2.017802579594 
-1.953674022200 
-2.024263683684 
-1.988377969270 
-1.853013879307 
-1.789276190934 
-1.888157235327 
-1.788304716560 
-1.783126881941 
-1.834085838410 
-1.834082342088 
-1.832203981629 
-1.823429076817 
-1.846202778757 
-1.734383826566 
-1.779304397340 
-1.664060826174 
-1.699748946868 
-1.641567614740 
-1.694213966953 
-1.720342838146 
-1.596380622088 
-1.584307357751 
-1.659917229061 
-1.636882912163 
-1.634154415088 
-1.720975046934 
-1.611915778255 
-1.635433229064 
-1.639523090574 
-1.628571109537 
-1.636271467270 
-1.629456630252 
-1.629456630252 
-1.618466490034 
-1.611377732530 
-1.611377732530 
-1.650182184658 
-1.642513533480 
-1.626883283347 
-1.649342031495 
-1.658436549772 
-1.640725050147 
-1.586572221239 
-1.655374386955 
-1.683288914435 
-1.657889084915 
-1.728232952962 
-1.734909767075 
-1.532166190257 
-1.509126419777 
-1.565550378212 
-1.611947245122 
-1.587425792750 
-1.600647626660 
-1.551260188378 
-1.571176371604 
-1.542320297724 
-1.572909301679 
-1.575421417231 
-1.687917070773 
-1.654248824617 
-1.610430879954 
-1.652861205745 
-1.643992452307 
-1.744769542409 
-1.868358451968 
-1.627319542222 
-1.782234269183 
-1.920953929765 
-1.839072775593 
-1.761826061860 
-1.765393998818 
-1.746192101090 
-1.835573433247 
-1.838300854455 
-1.789104010660 
-1.898145714645 
-1.856864611818 
-1.903156560138 
-1.935400641607 
-1.875912145759 
-1.874014670982 
-1.845366684692 
-1.881471015129 
-1.955799691607 
-1.930858591560 
-2.006189576304 
-2.002979584526 
-2.010578577952 
-1.976160203668 
-1.943081155302 
-2.004325634502 
-1.985896454888 
-1.985896454888 
-2.025283530553 
-1.971426706176 
-1.955117938594 
-1.949189437521 
-1.903472889141 
-1.745497682474 
-1.742979654646 
-1.724821226326 
-1.715351742238 
-1.761104306686 
-1.762075245644 
-1.777872641520 
-1.810196615211 
-1.821044563050 
-1.814948186767 
-1.725481575856 
-1.739160666100 
-1.732985255255 
-1.763812863735 
-1.727074540903 
-1.828218604201 
-1.939590796843 
-1.915877049311 
-1.781988598699 
-1.830683866578 
-1.868233326325 
-1.884204020836 
-1.880513477684 
-1.868113768637 
-1.868113768637 
-1.803163721334 
-1.851294629565 
-1.826018995887 
-1.767649266045 
-1.712999304144 
-1.778967018976 
-1.787378522719 
-1.854064509037 
-1.837347819967 
-1.959898784064 
-1.939943352961 
-1.999175869278 
-2.101010695877 
-2.222461331479 
-2.098473203834 
-2.034634771614 
-1.992103160290 
-1.988815424309 
-2.011764779902 
-2.014743897573 
-2.050180522830 
-2.056114425845 
-2.041948185736 
-2.030618057055 
-2.136676178281 
-2.223447532425 
-1.971933655252 
-1.993239068038 
-1.778405160461 
-1.797584431197 
-1.765490783398 
-1.676106699411 
-1.725739590659 
-1.806368825520 
-1.805713990662 
-1.769829125576 
-1.667230461349 
-1.835398491520 
-1.813256320159 
-1.796988835450 
-1.788178633125 
-1.782239597300 
-1.842817734023 
-1.845251032157 
-1.927487325602 
-1.776330434014 
-1.790501853792 
-1.788178524500 
-1.735558286214 
-1.879532469329 
-1.861921898608 
-2.017171562485 
-2.002055654248 
-2.003002135934 
-1.841521267132 
-1.989496847575 
-2.056525186578 
-1.761237778746 
-1.730392312352 
-1.809827673750 
-1.936475660663 
-1.960714592761 
-1.989395986291 
-2.002853732491 
-1.897654718650 
-1.830569558454 
-1.786173084800 
-1.911017296963 
-1.921314909987 
-1.883341972697 
-1.842807764468 
-1.766126879795 
-1.767055107769 
-1.788930324638 
-1.844986200276 
-1.811169019275 
-1.797947496485 
-1.761919249138 
-1.765155024656 
-1.768032870123 
-1.744164791787 
-1.699695616132 
-1.730557316117 
-1.756443087942 
-1.749853837713 
-1.772246851370 
-1.794830204535 
-1.624625234935 
-1.747295223489 
-1.790287980613 
-1.791540978297 
-1.813314677713 
-1.746263506929 
-1.798847881406 
-1.737219077152 
-1.626342358719 
-1.751496066660 
-1.878854936244 
-1.884119089195 
-1.881847026486 
-1.896749872256 
-2.015687432470 
-1.988353237834 
-1.952584604554 
-1.919689111575 
-1.881254600122 
-1.861222912256 
-1.848082305639 
-1.913266517046 
-1.923388246457 
-1.824306898337 
-1.890974788757 
-1.873247317828 
-1.922317160918 
-2.177260309732 
-2.178260888482 
-2.111028365376 
-2.104249772581 
-2.041336888675 
-2.072424949863 
-2.069132925011 
-2.064013648746 
-1.613264869901 
-1.595897392863 
-1.607536921799 
-1.620163927675 
-1.660043528674 
-1.686016101936 
-1.603898394265 
-1.607222375218 
-1.603451819263 
-1.565499568608 
-1.574377279757 
-1.567045618904 
-1.552286315907 
-1.585969569025 
-1.441481531361 
-1.493983331854 
-1.442847502157 
-1.459799071174 
-1.444995242799 
-1.514605578793 
-1.443049926398 
-1.467216711516 
-1.434374461593 
-1.424327500077 
-1.502307812368 
-1.560186868792 
-1.559435790771 
-1.480239012458 
-1.613593219523 
-1.588373861471 
-1.605652879996 
-1.567177212827 
-1.622633655175 
-1.653850383888 
-1.625233706022 
-1.713005348794 
-1.710346739607 
-1.714372815500 
-1.725235899728 
-1.723578665488 
-1.547709896721 
-1.602487207150 
-1.543749329916 
-1.463755743348 
-1.603513077456 
-1.454447776334 
-1.457286876937 
-1.615620328280 
-1.649472995253 
-1.704470730751 
-1.797282539392 
-1.729258716445 
-1.693301859408 
-1.791146402057 
-1.704248153747 
-1.603211345784 
-1.617073704411 
-1.633872185057 
-1.638656436587 
-1.590679493508 
-1.594047194788 
-1.632765343081 
-1.742098641397 
-1.733233503852 
-1.712365458766 
-1.728407589497 
-1.572178882659 
-1.523005567812 
-1.653077000213 
-1.706289007186 
-1.645828885815 
-1.676997810430 
-1.668494066070 
-1.625321361694 
-1.658199317120 
-1.663789851876 
-1.626338155877 
-1.635084941303 
-1.560086165598 
-1.582314142613 
-1.535405451418 
-1.673034073395 
-1.651657153890 
-1.685295224853 
-1.673381941976 
-1.598731681525 
-1.650949231011 
-1.660111459561 
-1.661273940644 
-1.585188046688 
-1.725723924399 
-1.716865762145 
-1.777432542589 
-1.729513292931 
-1.691329551504 
-1.682712508514 
-1.667379981185 
-1.728616890598 
-1.694557222333 
-1.632891603758 
-1.651245894033 
-1.651245894033 
-1.696560302380 
-1.724631305670 
-1.714289098730 
-1.696465122959 
-1.759802976234 
-1.774088563292 
-1.875830936223 
-1.979744628303 
-1.887070730271 
-1.792008593735 
-1.812950820504 
-1.868493943362 
-1.845420021183 
-1.869881910369 
-1.899179471203 
-1.905531580269 
-1.940860459487 
-1.899530601207 
-1.899530601207 
-1.902108927569 
-1.908343457958 
-1.839365318435 
-1.839130777265 
-1.871518934315 
-1.804900901050 
-1.881789241912 
-1.895535458028 
-1.910625354412 
-2.096466567832 
-2.024953384741 
-1.998069358190 
-1.977093990081 
-2.013977049485 
-1.945722001285 
-1.949594509382 
-1.927526952950 
-1.939348157004 
-1.915707391537 
-1.927388558129 
-1.949763239366 
-2.015078414097 
-1.953027483448 
-1.979421900818 
-1.991370508265 
-1.970995466643 
-1.980792738901 
-1.930474963523 
-1.924194591209 
-1.912741148120 
-1.873159514030 
-1.852044883980 
-1.917888364700 
-1.915427061177 
-1.973784497889 
-2.090068817975 
-2.115434870004 
-2.080736545975 
-2.128517528397 
-2.055608665856 
-2.030797344259 
-2.047272829480 
-2.082635914012 
-1.998176226459 
-2.046012375690 
-1.994654535842 
-1.990010370389 
-1.980030667250 
-2.045156434939 
-2.003017398712 
-2.007259588900 
-1.940840821613 
-1.976645411930 
-1.928194446459 
-1.955215848801 
-1.964654045616 
-1.932969542082 
-2.027938023200 
-1.976692566485 
-1.863806805187 
-1.878317241291 
-1.868905900272 
-1.867685574951 
-1.855006738294 
-1.806464090539 
-1.959668749136 
-1.933432127311 
-1.903479847366 
-1.913377645562 
-1.912874964719 
-1.846165123703 
-1.738478013374 
-1.731680849393 
-1.731389184543 
-1.722383527415 
-1.722383527415 
-1.738555722866 
-1.755394377623 
-1.743735239488 
-1.722955278720 
-1.750982946603 
-1.745343032998 
-1.730254923572 
-1.844862419333 
-1.896425376198 
-1.930974344410 
-1.856121936194 
-1.826914648489 
-1.834415479311 
-1.823718563380 
-1.827779213387 
-1.828039897236 
-1.848243679473 
-1.848661671390 
-1.846159458678 
-1.893997642476 
-1.889313549060 
-2.012287013249 
-2.013462270200 
-2.055454461418 
-2.081523342869 
-2.026457343444 
-2.128643388497 
-2.153350127517 
-2.154247613562 
-1.896373495869 
-1.897457220025 
-1.836809710042 
-1.770904555711 
-1.862320390100 
-2.097496348508 
-2.081222029602 
-2.021155523052 
-2.088851325927 
-2.099883018521 
-2.060351010485 
-2.073874078578 
-2.130231025529 
-2.177916845274 
-2.193780998842 
-2.181156016813 
-2.200263734219 
-2.150921159335 
-2.175839160655 
-2.158160368009 
-2.159787828916 
-2.145907711683 
-2.221224777014 
-2.174669396709 
-2.185724376424 
-2.247301923497 
-2.243922332164 
-2.214915170277 
-2.166235558631 
-2.120393472455 
-2.225863576230 
-2.029440859327 
-2.344626572477 
-2.136057845982 
-2.187920266191 
-2.338216762165 
-2.230699535871 
-2.260328921338 
-2.345584428548 
-2.295513817445 
-2.300778582553 
-2.422818381449 
-2.304622240178 
-2.499307234847 
-2.531182695842 
-2.631761765162 
-2.408756891915 
-2.481898776914 
-2.569881124257 
-2.571961802826 
-2.530954190669 
-2.501318608192 
-2.586922080634 
-2.211234348918 
-2.281992566450 
-2.179617146450 
-1.618050166279 
-1.646410488515 
-1.544348269317 
-1.529484284157 
-1.572568085536 
-1.590089400325 
-1.688473801706 
-1.684129418616 
-1.667457153236 
-1.619159462277 
-1.700030529035 
-1.643795210298 
-1.662003915399 
-1.630483878494 
-1.576614875185 
-1.590737681003 
-1.576803313994 
-1.483087472627 
-1.539894239471 
-1.620302592488 
-1.658628737568 
-1.590033355547 
-1.681927535696 
-1.682645938707 
-1.677798267738 
-1.564646866761 
-1.567855964577 
-1.590579259892 
-1.592854295169 
-1.587238284609 
-1.606810405781 
-1.591602230097 
-1.641342270110 
-1.605910634072 
-1.624351915526 
-1.575275365208 
-1.595061465112 
-1.579228014457 
-1.572437346018 
-1.572437346018 
-1.548665205493 
-1.539672340748 
-1.584022240205 
-1.584022240205 
-1.566113561515 
-1.627787051845 
-1.621200757764 
-1.574982402315 
-1.516267185603 
-1.515788745305 
-1.640601334032 
-1.627313529239 
-1.652065887343 
-1.669729131831 
-1.680077747872 
-1.760820645752 
-1.785484221674 
-1.828654588330 
-1.869536007814 
-1.819754320025 
-1.818171786349 
-1.824354873835 
-1.877326544059 
-1.874066413005 
-1.967528452173 
-1.969300096602 
-1.976089905221 
-1.934751491362 
-1.862707502542 
-1.788716878865 
-1.786728323009 
-1.822281829500 
-1.837640758823 
-1.769457776347 
-1.709826967925 
-1.713729393388 
-1.665122726227 
-1.620247109794 
-1.613930393907 
-1.508990391821 
-1.599261275372 
-1.583107394370 
-1.622289690975 
-1.621624044705 
-1.662894145778 
-1.674873253780 
-1.737852959944 
-1.735755970362 
-1.748847988972 
-1.780819165401 
-1.780127719239 
-1.780127719239 
-1.780127719239 
-1.780280373790 
-1.768465012145 
-1.784265810924 
-1.724048516191 
-1.710855198532 
-1.677782113639 
-1.696369182914 
-1.699221707334 
-1.766142944496 
-1.736071392802 
-1.744538021323 
-1.758804422348 
-1.773145561562 
-1.657798085487 
-1.720726678322 
-1.804285671393 
-1.775999033308 
-1.763665695025 
-1.775223211368 
-1.848338721754 
-1.888211717648 
-1.860408117315 
-1.934541299152 
-1.927076729673 
-2.067099099241 
-2.083271880820 
-2.115486790385 
-2.122963600987 
-2.097232132702 
-2.132859253286 
-2.214635942287 
-2.226766677801 
-2.230315717022 
-2.052935657568 
-2.024250437711 
-2.015919350240 
-2.050225204351 
-2.043694919778 
-1.983251679399 
-1.888714701677 
-1.929797382844 
-1.934209790360 
-2.019393915438 
-1.978932762573 
-1.964973563559 
-1.964973563559 
-2.015839273350 
-2.030470275359 
-2.030756896797 
-2.142083074854 
-2.208137941191 
-2.465466933658 
-2.250928800329 
-2.207406084081 
-2.207406084081 
-2.254286214635 
-2.161336054319 
-2.115371777461 
-2.159725633546 
-2.044897024338 
-2.076767634987 
-2.029569905882 
-1.969631152825 
-2.003442619474 
-1.990383685886 
-1.980803366090 
-1.950360916746 
-1.926962033099 
-1.997079285199 
-2.023030902208 
-2.119133238051 
-2.051685078897 
-2.127080417372 
-2.115197857073 
-2.135351351219 
-2.222572049014 
-2.121222117184 
-2.225842867267 
-2.209303888295 
-2.306158215758 
-2.388881909212 
-2.326113041536 
-2.329659192600 
-2.453784885498 
-2.566822721480 
-2.476693434135 
-2.505671256537 
-2.753275283326 
-2.513134046616 
-2.314149373919 
-2.356912647692 
-2.231906206826 
-2.215644022933 
-2.198218224379 
-2.191784103508 
-1.817560166816 
-1.828507750716 
-1.834141118166 
-1.856692469721 
-1.857674416008 
-1.789572430157 
-1.760357146861 
-1.683510324563 
-1.552871959313 
-1.521254069219 
-1.384624790808 
-1.578321111578 
-1.533152240378 
-1.530092877781 
-1.578898919633 
-1.571184318680 
-1.607237191370 
-1.682375791571 
-1.673248357860 
-1.663496093424 
-1.723116717027 
-1.767635610335 
-1.759813638327 
-1.877858023604 
-1.927335846962 
-1.804810246556 
-1.843862665927 
-1.829249882292 
-1.892156781999 
-1.924868550875 
-1.934179946597 
-1.952015584697 
-1.946720325208 
-1.870035367005 
-1.898810311754 
-1.871772374225 
-1.861550939253 
-1.854683557693 
-1.805601659729 
-1.785466368309 
-1.799935460480 
-1.729527767304 
-1.801258298595 
-1.864256002541 
-1.922201983174 
-1.911295902714 
-1.893171897808 
-1.821826248548 
-1.855463819781 
-1.733848045509 
-1.683973597375 
-1.649889747336 
-1.671742611847 
-1.678165453788 
-1.625474095306 
-1.639021390546 
-1.680504776306 
-1.583375363232 
-1.613994653756 
-1.667601119328 
-1.591113430134 
-1.591409467119 
-1.633218315426 
-1.549292643762 
-1.583301007648 
-1.654536107281 
-1.656454346201 
-1.658445342459 
-1.759336819896 
-1.734555997353 
-1.810845826777 
-1.759746229236 
-1.788586028605 
-1.771511096104 
-1.763269543519 
-1.826110372492 
-1.851753483850 
-1.832866144725 
-1.805649277164 
-1.847738141654 
-1.943371493803 
-1.823924836333 
-1.829347406072 
-1.865628132936 
-1.780416897207 
-1.797099428555 
-1.822148147480 
-1.786133640191 
-1.755404776412 
-1.404404631434 
-1.473909085808 
-1.485981782579 
-1.448156420378 
-1.643938388515 
-1.712783659599 
-1.835921634301 
-1.764754904631 
-1.773821407943 
-1.762421936297 
-1.851196532729 
-1.898110600658 
-1.866260696436 
-1.880075396199 
-1.886273019596 
-1.906849713129 
-1.871292969504 
-1.814533578200 
-1.782088311586 
-1.794943208271 
-1.795652941834 
-1.812867488178 
-1.855755226714 
-1.869768761804 
-1.820852254526 
-1.936420081290 
-1.886272818967 
-1.878325155682 
-1.886000511308 
-1.867320437839 
-1.802953964466 
-1.808157173363 
-1.825904873133 
-1.928134199103 
-1.917359086201 
-1.988012969753 
-1.994040854242 
-2.061463680036 
-2.002315540076 
-1.952358864242 
-2.002172875681 
-1.896522510682 
-1.895474111000 
-1.890465988986 
-1.916780293249 
-1.851710148512 
-1.920855019160 
-1.959979495348 
-1.865614527684 
-1.854428589881 
-1.817403344163 
-1.828738652625 
-1.789174313613 
-1.832537655667 
-1.833391874821 
-1.818439311445 
-1.837045370787 
-1.838456870893 
-1.872842944014 
-1.870074830109 
-1.790774102823 
-1.775791241607 
-1.775791241607 
-1.774681142947 
-1.762140131043 
-1.785803753575 
-1.776881866913 
-1.946742472565 
-1.844284775063 
-1.826545851815 
-1.781460007759 
-1.816114668579 
-1.740092779749 
-1.687681933094 
-1.709763465469 
-1.774182086046 
-1.716222457953 
-1.761252122535 
-1.774541323157 
-1.782841070409 
-1.780126936592 
-1.807315922393 
-1.812364221304 
-1.703895319692 
-1.721403810167 
-1.721121397950 
-1.690886972857 
-1.702092274186 
-1.707317759954 
-1.750286252219 
-1.804107932095 
-1.786418108988 
-1.784083461890 
-1.778083171276 
-1.747002536545 
-1.716957374675 
-1.756167985212 
-1.739554290041 
-1.799739993421 
-1.883305838720 
-1.901568880118 
-1.928853445805 
-1.861069753259 
-1.906017068360 
-1.914811269224 
-1.894191170704 
-1.955207276151 
-1.876295582349 
-1.954070360593 
-1.950759729747 
-1.722207889276 
-1.538990338643 
-1.546520735925 
-1.588835816453 
-1.616797390164 
-1.699443967761 
-1.768517211142 
-1.787008839878 
-1.793050292508 
-1.796591716619 
-1.865343293554 
-1.942035070330 
-1.991538190642 
-1.980686443967 
-1.861088635223 
-1.809905676944 
-1.891279196660 
-1.962927331972 
-1.947343047337 
-1.955216326380 
-2.028083477132 
-1.952900672340 
-2.004188521642 
-2.031664796064 
-1.967396204720 
-1.977562005259 
-2.079093994482 
-1.978173326879 
-1.981188153295 
-2.011923070560 
-1.996546219256 
-1.921743241146 
-1.898491365207 
-1.892360782467 
-1.922883309071 
-1.883162221402 
-1.885249870870 
-1.852408172965 
-1.928586299391 
-1.922749029648 
-1.945577855191 
-1.981710623329 
-1.999610072439 
-1.940983917289 
-2.045965422427 
-1.897129744832 
-1.911995430635 
-1.860856245574 
-1.864773994294 
-1.865770397145 
-1.879926135857 
-1.995049272804 
-1.987168386039 
-1.988339461389 
-1.957578959931 
-1.982277426256 
-1.849236580296 
-1.884029030837 
-1.845838011395 
-1.820967319730 
-1.834052121907 
-1.839908812087 
-1.851600994179 
-1.898008866795 
-1.960224564413 
-2.103867060923 
-2.039188357466 
-2.226571451128 
-2.305462924332 
-2.230389389125 
-1.985585267342 
-1.925362819602 
-1.922204372206 
-1.912456756065 
-1.916786816986 
-2.000041021538 
-2.086596085682 
-2.146096273655 
-2.098734267852 
-2.085321554632 
-2.092727682581 
-2.053738628294 
-2.067799354444 
-2.095202027251 
-1.986431974999 
-1.954441002731 
-1.975173069855 
-1.975173069855 
-1.975475762687 
-1.981046914104 
-1.981046914104 
-2.125183053052 
-2.095154422703 
-2.086632399578 
-2.089201501979 
-2.137556241621 
-2.143807078408 
-2.042070221904 
-2.123315012588 
-2.128506128528 
-2.201228689634 
-2.196092692741 
-2.183236815089 
-2.237139029399 
-2.162352428611 
-2.162665184704 
-2.185650547998 
-2.236902373430 
-2.272982737971 
-2.210926624484 
-2.269596298883 
-2.283020829050 
-2.283020829050 
-2.173477021378 
-2.087496482326 
-2.185068817392 
-2.231971149751 
-2.112029472348 
-2.098034341922 
-2.030127633931 
-2.035234311188 
-2.017131342012 
-2.042307813715 
-1.942551135880 
-2.001256880775 
-2.012069235996 
-2.024047127092 
-2.011206703231 
-2.014442690047 
-2.009901067915 
-2.019096320683 
-1.991107211198 
-1.995619403157 
-2.015510588799 
-2.047591107644 
-1.991200422219 
-2.056203143562 
-2.054157533169 
-2.032042294289 
-2.030014897882 
-2.081168856383 
-2.084773460329 
-1.995112119137 
-1.997360333064 
-1.997360333064 
-1.970053254670 
-1.979622088573 
-2.001443500958 
-1.973118302658 
-1.970729465776 
-1.905278654209 
-1.905690552209 
-1.908954854528 
-1.887151678805 
-1.890542566485 
-1.890855794751 
-1.855938202329 
-1.876216820121 
-1.876216820121 
-1.875893224159 
-1.903195743463 
-1.887471422701 
-1.897451443810 
-1.835954260178 
-1.839707142930 
-1.845215924304 
-1.842021476412 
-1.866824834070 
-1.856328244589 
-1.851695579711 
-1.787342409926 
-1.771072028124 
-1.807712017086 
-1.780813272204 
-1.803187242551 
-1.780797973685 
-1.788841174242 
-1.635509354749 
-1.630580262730 
-1.775119508786 
-1.781676257680 
-1.765907447057 
-1.796470127479 
-1.705021336302 
-1.691679366077 
-1.632999526926 
-1.623646366980 
-1.553156366635 
-1.595919196631 
-1.670524227255 
-1.666115483856 
-1.664688748191 
-1.689491394706 
-1.670611474419 
-1.656654153032 
-1.676291388379 
-1.676291388379 
-1.830642653802 
-1.830642653802 
-1.830427245816 
-1.838754174192 
-1.811979772878 
-1.790580097940 
-1.764879142612 
-1.771000538672 
-1.777896919656 
-1.767253133332 
-1.718824903238 
-1.741427438854 
-1.709811016294 
-1.684265213047 
-1.682059943203 
-1.625158931298 
-1.690797932529 
-1.620303502541 
-1.748818424189 
-1.745533393313 
-1.689759322865 
-1.737182518172 
-1.693961061680 
-1.700669541473 
-1.708074519216 
-1.802655769883 
-1.794038038982 
-1.762225409080 
-1.794452449632 
-1.736110104828 
-1.740956246838 
-1.708916629503 
-1.703164956161 
-1.701548162300 
-1.686416509459 
-1.601821019705 
-1.585366413020 
-1.555819944200 
-1.508730325016 
-1.566546354342 
-1.507640563147 
-1.577430750877 
-1.603151482358 
-1.691909525531 
-1.642571866267 
-1.468658675225 
-1.604543182637 
-1.619513123544 
-1.603886112605 
-1.582717933497 
-1.605599137107 
-1.633988258274 
-1.638796188137 
-1.670020958391 
-1.432344523602 
-1.382900407643 
-1.535700919369 
-1.605502956007 
-1.658152644743 
-1.716371623636 
-1.781614991306 
-1.771550146068 
-1.687357185883 
-1.694390044685 
-1.675067488822 
-1.703036862920 
-1.690342355463 
-1.683817624298 
-1.666710766329 
-1.693471812524 
-1.700023671176 
-1.672132593743 
-1.620318517757 
-1.685704476789 
-2.042974098745 
-2.001177564366 
-2.046969159772 
-1.994635224508 
-2.039778395456 
-1.910160494199 
-1.893626717387 
-1.849790922780 
-1.926533917172 
-1.997462193415 
-2.064928066673 
-2.127690759532 
-2.133707045727 
-2.116773807764 
-2.055274877659 
-1.835429023882 
-1.892976076806 
-1.790616710941 
-1.703409747567 
-1.746703800268 
-1.814152423126 
-1.799249759478 
-1.893302881390 
-1.885802029879 
-1.954430601059 
-2.014424047145 
-1.957123049753 
-1.958501783711 
-1.922354851746 
-2.045782352043 
-2.050033622301 
-2.055265725693 
-2.042742441111 
-2.034949055583 
-2.034949055583 
-2.025088042064 
-1.955242802080 
-2.042048946837 
-2.023117019861 
-1.973620302827 
-1.986084777261 
-1.882407357865 
-1.838020647844 
-1.830408126064 
-1.815510333140 
-1.780970792718 
-1.722219096331 
-1.717286150349 
-1.714749272014 
-1.785207520606 
-1.754186057186 
-1.737659461571 
-1.635212863962 
-1.647142325184 
-1.734255161565 
-1.685647100766 
-1.857593339048 
-1.843405446539 
-1.798683846009 
-1.764816049242 
-1.891762604543 
-2.049821500481 
-1.938256532342 
-1.935638459611 
-1.896141454563 
-2.125949634028 
-2.171053437308 
-2.124134904526 
-2.213591058329 
-2.198607409592 
-2.195712999806 
-2.434956220498 
-2.205243601236 
-2.071947739601 
-2.130104754816 
-2.109449675496 
-2.007961171305 
-2.053052633619 
-2.059385329652 
-1.865589254488 
-1.779968502505 
-1.884598485699 
-1.883328671605 
-1.806776066760 
-1.783489295402 
-1.805573251150 
-1.792615058934 
-1.783357507312 
-1.746852222917 
-1.749827974378 
-1.776329933710 
-1.781567373704 
-1.791227223626 
-1.800832266423 
-1.919184548661 
-1.934939806009 
-1.938232390880 
-2.006327555579 
-1.936298597401 
-1.960561269954 
-2.044325084355 
-2.106580620759 
-2.134249559098 
-2.060919942977 
-1.989214693368 
-2.008229943276 
-1.974975814663 
-1.971841571857 
-1.966082680554 
-1.932270805799 
-2.031799666984 
-1.984689505097 
-1.959673901344 
-1.959632889150 
-1.909051461873 
-1.916369869541 
-1.919961497101 
-1.919694958232 
-1.973039547027 
-1.985708578953 
-1.984139638190 
-1.977802945361 
-2.002451666014 
-1.964143841410 
-2.009732644127 
-1.999442047416 
-1.996642359995 
-2.205157770053 
-2.161565484893 
-2.182667652735 
-2.373343150840 
-2.154468616630 
-2.045636173266 
-2.073884042551 
-1.966616227466 
-2.032521555155 
-1.946349744617 
-1.917730039549 
-1.901475539118 
-1.841893048972 
-1.813131806052 
-1.658471850861 
-1.698580026728 
-1.656550127513 
-1.665803458689 
-1.650886979702 
-1.585602302178 
-1.739291936726 
-1.767735071227 
-1.734024840640 
-1.744711606382 
-1.803258219512 
-1.796925383800 
-1.796023771829 
-1.776111266443 
-1.827087772442 
-1.880425532648 
-1.892018741728 
-1.948020895759 
-2.020219230908 
-2.043361063546 
-1.944791799644 
-2.005217520890 
-1.929569563519 
-1.915069765576 
-1.819496111346 
-1.777406570021 
-1.745211223518 
-1.622051153369 
-1.731881552658 
-1.732875330422 
-1.732875330422 
-1.732875330422 
-1.729028171267 
-1.739183344817 
-1.642184336261 
-1.737259373254 
-1.709974644578 
-1.693673928253 
-1.691892207347 
-1.655196890762 
-1.704231178125 
-1.640201208451 
-1.635852839034 
-1.613253853648 
-1.734135422655 
-1.785064725163 
-1.791603586828 
-1.832935399787 
-1.844618589255 
-1.881226834910 
-1.753420720728 
-1.670827156303 
-1.675193229842 
-1.721632926390 
-1.768032260395 
-1.688790522851 
-1.649240805925 
-1.562914062710 
-1.500848680367 
-1.578008075101 
-1.558599296119 
-1.583646059280 
-1.662272317653 
-1.901216515866 
-1.913205577300 
-1.759744691886 
-1.726287351313 
-1.716604028763 
-1.596914629748 
-1.591153908174 
-1.592212797011 
-1.591863250265 
-1.539926975814 
-1.663144546326 
-1.662688781823 
-1.717536496890 
-1.659507858444 
-1.688948800918 
-1.691279655607 
-1.725176090541 
-1.768977083084 
-1.746836234998 
-1.742317939445 
-1.763875135458 
-1.768282438304 
-1.765115030432 
-1.818266610819 
-1.836671586243 
-1.812889942603 
-1.800037902153 
-1.802228237228 
-1.797572384327 
-1.791199444130 
-1.826343161237 
-1.787047017517 
-1.838275240891 
-1.848424155176 
-1.825563248553 
-1.820434884481 
-1.800345609486 
-1.794336731997 
-1.749391620898 
-1.743483956726 
-1.804437929687 
-1.851605262446 
-1.852043239179 
-1.787179330458 
-1.796192354901 
-1.786116887246 
-1.785247767502 
-1.779792383551 
-1.810617206398 
-1.808964346522 
-1.718112802410 
-1.761932804323 
-1.761932804323 
-1.815695883231 
-1.742195063982 
-1.775028582800 
-1.767478930386 
-1.811092240850 
-1.800911320353 
-1.800911320353 
-1.804505642910 
-1.833524272666 
-1.880117123933 
-1.824433218753 
-1.810119064606 
-1.849807491254 
-1.808216343514 
-1.790502835562 
-1.818839755173 
-1.851954912775 
-1.937383869593 
-1.901268714372 
-1.921390729637 
-1.865878642998 
-1.986273863066 
-1.911261168280 
-1.922527181839 
-1.942093517519 
-1.626406326236 
-1.605585745285 
-1.461711887404 
-1.496321922058 
-1.589721237087 
-1.602335220217 
-1.543438992382 
-1.656279028822 
-1.685963961150 
-1.659730076207 
-1.698066748404 
-1.684467906773 
-1.686554920114 
-1.740265110090 
-1.698959820436 
-1.672973105661 
-1.831948609826 
-1.869247052325 
-1.836275302934 
-1.826757898038 
-1.827678951255 
-1.882793385597 
-1.889842572819 
-1.891819878053 
-1.903057534081 
-1.874950400193 
-1.808587353738 
-1.777267185297 
-1.818556540039 
-1.835940820922 
-1.802625702966 
-1.822047521864 
-1.824900620354 
-1.878834339416 
-1.902560127326 
-1.902806282552 
-1.900640261513 
-1.885423838679 
-1.883472872040 
-1.885458592372 
-1.939940921034 
-1.844707197647 
-1.819991953971 
-1.947433084092 
-1.804967769978 
-1.764125269358 
-1.850283671492 
-1.824656184731 
-1.848969640530 
-1.793849997679 
-1.809999821417 
-1.848243442047 
-1.877900207283 
-1.895860096521 
-1.972383256523 
-1.989341891552 
-2.019972700672 
-2.087238970383 
-2.038841789823 
-2.129061658442 
-2.048714139281 
-2.069677382367 
-2.211531025423 
-2.162748924367 
-2.050784872690 
-2.082078374312 
-2.077191785191 
-2.020975553116 
-2.059022003834 
-1.978383434994 
-1.972353706585 
-1.714499983195 
-1.745399139601 
-1.728880158829 
-1.716019504061 
-1.784855523245 
-1.725109870883 
-1.842761140543 
-1.748347836436 
-1.740878909357 
-1.767637214978 
-1.808956293110 
-1.811044633289 
-1.784890429585 
-1.877994167021 
-1.932609900673 
-1.925822681749 
-1.921055807686 
-1.922832695154 
-1.896593455706 
-1.915294398715 
-1.912218951534 
-1.922077982098 
-1.810404868562 
-1.693906486017 
-1.737533994704 
-1.736211079652 
-1.579592615870 
-1.589823807837 
-1.593936866522 
-1.596751515990 
-1.529495041546 
-1.482649795064 
-1.502877353962 
-1.569155152811 
-1.411767241141 
-1.451837801276 
-1.519820151849 
-1.513468163267 
-1.489690787983 
-1.378344053035 
-1.470070911525 
-1.415649171069 
-1.389565927262 
-1.376449567434 
-1.330416947718 
-1.456709920747 
-1.491035676146 
-1.488636013799 
-1.461519324677 
-1.427929061207 
-1.377693539806 
-1.454141300273 
-1.465445439467 
-1.440606530981 
-1.480712600102 
-1.430598015099 
-1.463763889372 
-1.565167915838 
-1.529542776677 
-1.587533580279 
-1.587533580279 
-1.658290408580 
-1.663607383675 
-1.753104418838 
-1.753104418838 
-1.754666215850 
-1.769835388225 
-1.769835388225 
-1.818963563967 
-1.835286356830 
-1.852163309194 
-1.789620955177 
-1.607145014075 
-1.525763025560 
-1.646801878675 
-1.485624368177 
-1.547561885124 
-1.579962323036 
-1.502932106735 
-1.488182654820 
-1.529453946921 
-1.602955434901 
-1.573994428915 
-1.507970546032 
-1.444712302821 
-1.513516341027 
-1.428931974363 
-1.480395240215 
-1.318426165506 
-1.453749834604 
-1.204816661258 
-1.386780329023 
-1.246613675380 
-1.472658740688 
-1.553034833752 
-1.513757735729 
-1.516470869412 
-1.409902904025 
-1.577889819340 
-1.552770591687 
-1.524238349846 
-1.580656911325 
-1.768904180397 
-1.805388764600 
-1.779123952229 
-1.847997853553 
-1.848149237226 
-1.843351430525 
-1.894439201474 
-1.903410584733 
-1.860289223791 
-1.829957556521 
-1.779308206600 
-1.819308393275 
-1.849498733041 
-1.872040393102 
-1.900158265850 
-1.740676392512 
-1.755893632667 
-1.781596302593 
-1.730973550458 
-1.737895940343 
-1.788517064570 
-1.782890814921 
-1.797919668251 
-1.813223883720 
-1.810556974402 
-1.747320719480 
-1.703390223257 
-1.736654091986 
-1.738901355324 
-1.702939756507 
-1.693259355776 
-1.648377053930 
-1.618958787706 
-1.673964783428 
-1.744202706735 
-1.741874872057 
-1.738208048211 
-1.759487504713 
-1.748182694883 
-1.764198490857 
-1.787698160799 
-1.803330984672 
-1.777348260693 
-1.820068732565 
-1.753163291902 
-1.839250309014 
-1.816285408684 
-1.953159531162 
-1.977830214951 
-1.958189061864 
-1.955332054700 
-1.948422456129 
-1.959658900044 
-1.952563639891 
-2.009031554593 
-1.913375875414 
-1.937532373012 
-1.906924181524 
-1.931463184447 
-1.981659485005 
-1.966560580917 
-1.907024465528 
-2.003039235449 
-1.966923981968 
-2.047920132017 
-1.987171241462 
-1.975089537307 
-1.950776290338 
-1.899465462763 
-1.921044451560 
-1.992330751288 
-1.982023075995 
-2.002026730031 
-1.969120452981 
-2.031615797753 
-2.008484090670 
-2.011544479412 
-2.092731428810 
-2.101388234053 
-2.081009467033 
-2.029665174143 
-2.046718515326 
-2.056241141288 
-2.054080795372 
-2.040187711008 
-2.046346564121 
-1.951291903144 
-1.928677133084 
-1.945678218285 
-1.948610194960 
-1.956045279265 
-1.989917710421 
-1.963643763911 
-1.944341897955 
-1.793697732559 
-1.799286420820 
-1.781817198324 
-1.678808917479 
-1.771475345097 
-1.747927785652 
-1.747927785652 
-1.761062484499 
-1.782438014895 
-1.810585614670 
-1.809120602129 
-1.818899272173 
-1.816206525814 
-1.813679481452 
-1.807506292399 
-2.162783585951 
-2.136858771896 
-2.097106270756 
-2.101273627308 
-2.153940893815 
-2.141052997096 
-2.096683476913 
-2.168302269454 
-2.103637600525 
-2.103637600525 
-2.106136340382 
-2.063335579999 
-2.109026189200 
-2.051773843036 
-2.001898889169 
-1.996480751880 
-1.922044406750 
-1.992087705062 
-1.927898148266 
-1.989076445453 
-1.933275080638 
-2.096502473589 
-2.081343409563 
-2.016483756577 
-2.047657840262 
-2.015626651235 
-1.995007068640 
-2.019493459228 
-2.008857620978 
-2.018922290452 
-2.008535794855 
-2.035514826950 
-2.093549117446 
-2.081370683333 
-2.065445041361 
-2.036143040947 
-2.018645338208 
-2.025848097661 
-2.021114849628 
-2.020200029223 
-2.025652937759 
-2.016428227925 
-2.000723335722 
-2.016656543808 
-2.018205518669 
-1.913894467617 
-2.005962299388 
-2.051890428929 
-1.941223009298 
-1.900610134202 
-2.142295900783 
-2.042255882126 
-2.144032362314 
-1.926227743158 
-1.911589676780 
-1.933352391690 
-2.098753222698 
-2.124133540078 
-2.146562174415 
-2.179026180422 
-2.271749715786 
-2.290396345399 
-2.156579201414 
-2.202460826963 
-2.180403776250 
-2.169010125055 
-2.039039356059 
-2.217110735453 
-2.120857059801 
-2.183436593711 
-2.060996564510 
-2.082222913354 
-2.086650698628 
-2.018125589023 
-1.854985315851 
-1.846222267674 
-1.885066374491 
-1.909344010319 
-2.025187004996 
-1.995108515717 
-2.075269740561 
-2.073775771791 
-1.985237459017 
-1.956101544814 
-1.955390690691 
-1.933278783701 
-1.932050066101 
-1.923293434628 
-1.958416127548 
-1.946514725325 
-1.926513675259 
-1.837066619305 
-1.902697525635 
-1.881861423037 
-2.119737483413 
-2.034079089086 
-2.034079089086 
-2.072648218303 
-2.031008110428 
-2.242281460693 
-2.242281460693 
-2.133577967640 
-2.238576520027 
-2.182778248866 
-2.217895243416 
-2.248875411166 
-2.194399076699 
-2.204421921485 
-2.151724111384 
-2.226632712084 
-2.190624110265 
-2.228949118288 
-2.187782978707 
-2.250043673982 
-2.145473542904 
-2.148438732078 
-2.177543309635 
-2.158403069550 
-2.158431444658 
-2.009108238976 
-2.052703407441 
-2.063180790666 
-2.063180790666 
-2.081992349624 
-2.068722060183 
-2.070758172041 
-2.025163265930 
-2.035371235004 
-1.985649486789 
-1.914934248828 
-1.917776430013 
-1.969005481350 
-1.976192879499 
-2.023628973527 
-2.140371551387 
-2.152874558130 
-2.130007892773 
-2.123537043539 
-2.123537043539 
-2.120359395392 
-2.081710982713 
-2.040224754650 
-2.056475847619 
-2.065227187038 
-2.013289621872 
-2.015832653532 
-2.037737121397 
-2.043052538632 
-2.080733041154 
-2.115448752359 
-2.164891440671 
-2.153586381400 
-2.173830640378 
-2.174377019559 
-2.026221135339 
-2.278352683644 
-2.228117300216 
-2.199477297452 
-2.161347003701 
-2.053462073055 
-2.067676711210 
-2.015510331994 
-2.013473013520 
-2.094862016439 
-2.041722958896 
-2.044301780189 
-2.072045346411 
-2.055088719641 
-2.038517098774 
-1.823790417660 
-1.865216816790 
-1.892209550050 
-1.780280663241 
-1.744316137586 
-1.748753546395 
-1.775530582883 
-1.867184109179 
-1.883924034256 
-1.887700023162 
-1.918766378911 
-1.901425908225 
-1.830595069197 
-1.825621674309 
-1.783951112762 
-1.867109561747 
-1.877543478106 
-1.864471331278 
-1.797669497066 
-1.781189727498 
-1.814855869358 
-1.757450157393 
-1.773458815830 
-1.870819462103 
-1.848368848071 
-1.755314100503 
-1.724127891155 
-1.724127891155 
-1.740784647746 
-1.820895766609 
-1.817582503827 
-1.807757104377 
-1.765525402514 
-1.740721563340 
-1.757210129290 
-1.752041282189 
-1.758364521642 
-1.728120588296 
-1.750246734997 
-1.690749599639 
-1.629632731467 
-1.605456855987 
-1.544361123591 
-1.618836119931 
-1.546129569449 
-1.581854079223 
-1.497494922669 
-1.601891142647 
-1.594972178728 
-1.581943246270 
-1.694090302705 
-1.695152748552 
-1.742957331994 
-1.748020166986 
-1.777823619008 
-1.742509309976 
-1.772414968564 
-1.757824705536 
-1.778640713332 
-1.918743594741 
-1.915986650781 
-1.865720302603 
-1.886926531360 
-2.204641540890 
-2.112505669965 
-2.198501602479 
-2.081658475401 
-2.083663008103 
-2.087044697991 
-2.025393668516 
-2.062681175653 
-2.039078063747 
-1.975456670611 
-1.947673070425 
-1.941240577236 
-1.952568990645 
-1.919727579349 
-2.038131873614 
-2.008654159930 
-2.102063243969 
-1.961636933173 
-1.991475621267 
-1.979659197281 
-1.961611516803 
-1.999640210006 
-1.980363423567 
-1.972545349738 
-1.995604493375 
-1.956017695825 
-1.962325355341 
-2.010367863952 
-1.943451516725 
-1.945966988322 
-1.945551393814 
-1.970988707630 
-2.035916354473 
-2.045703132169 
-2.065671927235 
-2.132556690957 
-2.099496275429 
-2.076132762542 
-2.217493827938 
-2.260416531155 
-2.045737483433 
-2.024679305610 
-1.996818673171 
-1.995169574462 
-2.052380820173 
-2.039226260950 
-2.045217727368 
-2.062685175547 
-1.991671459052 
-2.063887768043 
-1.805891182062 
-1.804516024912 
-1.804516024912 
-1.858931538862 
-1.919600144798 
-1.868360086715 
-1.837486036398 
-1.837486036398 
-1.857630679997 
-1.884018204944 
-1.895991545576 
-2.003191758271 
-1.943738290205 
-2.006828623148 
-2.023487340516 
-1.895993746210 
-1.961536062899 
-2.004314190004 
-2.004880436796 
-2.045890457043 
-2.001021225466 
-1.989602685056 
-1.969023154754 
-1.947124108474 
-1.978589127617 
-1.929473439910 
-1.891153574969 
-1.916471755943 
-1.941129105457 
-2.021511390754 
-2.068809595020 
-2.067591553257 
-2.165174710054 
-2.159151090651 
-2.162100837544 
-2.140069939597 
-2.174327902143 
-2.226212919253 
-2.120839177547 
-2.172816164992 
-2.041610764514 
-2.016752867738 
-2.086533695571 
-2.075121830437 
-2.065937035734 
-2.084727855697 
-2.102733877633 
-2.101859350987 
-2.087939130390 
-2.051456459307 
-2.004001312484 
-1.993660538061 
-1.974032572841 
-1.940752914733 
-1.965712216865 
-1.929872750432 
-2.022873456241 
-2.043109089375 
-1.948820484072 
-1.973203976946 
-1.974040124899 
-2.016398604635 
-1.974380475375 
-1.971574305527 
-1.954295576921 
-1.821353656971 
-1.798657167919 
-1.777733682431 
-1.827629263627 
-1.839317509417 
-1.844483263474 
-1.861238150888 
-1.854192506805 
-1.808855139639 
-1.812895002235 
-1.741082884908 
-1.733173142787 
-1.721300098469 
-1.711514525551 
-1.689421252967 
-1.667088925986 
-1.670511997188 
-1.718169893622 
-1.770170717528 
-1.766868946438 
-1.736632016635 
-1.738417834842 
-1.737632919472 
-1.716289185368 
-1.716289185368 
-1.710444202058 
-1.710444202058 
-1.697931995519 
-1.689027278937 
-1.740081359443 
-1.796624890940 
-1.812218123273 
-1.825550732575 
-1.784811183426 
-1.808689734928 
-1.824274128831 
-1.836837598196 
-1.812784990524 
-1.808163753743 
-1.824087397050 
-1.748705260987 
-1.743951012780 
-1.753278722441 
-1.725991685422 
-1.721033125523 
-1.760843952195 
-1.774507774677 
-1.767157611058 
-1.666549818986 
-1.671172237368 
-1.708127844077 
-1.734859343575 
-1.817000688637 
-1.845640576200 
-1.806992683899 
-1.733400965450 
-1.796899139017 
-1.834507218252 
-1.854706449964 
-1.880916155538 
-1.887871692861 
-1.825336531797 
-1.855229823094 
-1.809274320299 
-1.753300346798 
-1.790573494884 
-1.679319870546 
-1.638997219537 
-1.664455785200 
-1.647709682031 
-1.651529423181 
-1.695201816521 
-1.673396912340 
-1.646466439692 
-1.704289393521 
-1.702335091909 
-1.792951905054 
-1.812922769192 
-1.776473280350 
-1.591290097189 
-1.648658886493 
-1.682339726551 
-1.694399725491 
-1.717301782986 
-1.720820513628 
-1.712787452359 
-1.673681740748 
-1.698688228341 
-1.717569606779 
-1.707687605299 
-1.696201333864 
-1.702885983749 
-1.724583521071 
-1.718735501130 
-1.702253333908 
-1.770041595642 
-1.744270500272 
-1.880300078762 
-1.854630036668 
-1.839616293673 
-1.863704144730 
-1.915905911515 
-1.905627666606 
-1.909241333767 
-1.885216469683 
-1.852186760910 
-1.854723358370 
-1.757495953306 
-1.764705991630 
-1.764705991630 
-1.809713141986 
-1.734005362175 
-1.725683060553 
-1.756932860290 
-1.760504050073 
-1.759907301658 
-1.720079607623 
-1.792873457244 
-1.763157091721 
-1.757685287102 
-1.721171825698 
-1.714734916995 
-1.749785940259 
-1.706563909584 
-1.759668783065 
-1.798141419781 
-1.891477528930 
-1.859433529630 
-1.883862138652 
-1.834371796367 
-1.886349542411 
-1.930263438529 
-1.983087544426 
-2.022074027575 
-2.044436376373 
-2.096312215187 
-1.907540080946 
-1.979611095207 
-2.077440863132 
-2.064847089837 
-1.986695116325 
-1.987992518562 
-1.990142004111 
-2.022438618660 
-2.034868732961 
-2.043146159263 
-2.005982588673 
-2.080777100676 
-2.065566252531 
-1.906825141541 
-1.903888679180 
-1.922266898352 
-1.969759378728 
-1.926112865039 
-1.913378583547 
-1.807057775206 
-1.724966648957 
-1.775232178289 
-1.870756607811 
-1.851743113894 
-1.908077703088 
-1.907681542389 
-1.907681542389 
-1.925140763665 
-1.921806535163 
-1.910560725130 
-1.876945372689 
-1.823896781938 
-1.807658233473 
-1.818088132348 
-1.846483064070 
-1.852016985341 
-1.880029009489 
-1.961332829685 
-1.946734523245 
-1.959469089269 
-1.977355697038 
-2.076386280871 
-2.101828944933 
-2.106200953004 
-2.115824483270 
-2.118401732392 
-2.347158269175 
-2.239056407099 
-2.086181679698 
-2.202261676902 
-2.178884835436 
-2.115170533715 
-2.051292925965 
-2.046871624122 
-2.017097658843 
-2.056090622330 
-2.077608473783 
-2.090878793375 
-1.955036183249 
-1.992150232426 
-2.032866533030 
-1.954514469471 
-1.973962690220 
-1.985549336420 
-1.924660349387 
-1.928823212280 
-1.857699974853 
-1.819131125187 
-1.813669573432 
-1.737656193928 
-1.759021757798 
-1.640484924042 
-1.607588538777 
-1.603392827636 
-1.598850518756 
-1.658095960655 
-1.639944819057 
-1.640899031707 
-1.675703872141 
-1.726294350333 
-1.710797438410 
-2.093437468544 
-2.044203726874 
-2.064267569052 
-2.125614645710 
-2.098944584068 
-2.092878951590 
-2.111739755022 
-2.058920733930 
-2.003500890637 
-2.057600985926 
-2.071364804345 
-2.067122282132 
-1.949368316345 
-1.933950245839 
-1.935907566974 
-1.867455272277 
-1.745154126231 
-1.744823970840 
-1.761536495389 
-1.817562775937 
-1.906984401150 
-1.888359272138 
-1.908110228741 
-1.909866179846 
-1.867839294250 
-1.943786786070 
-1.895994570962 
-1.899947752933 
-1.876808213479 
-1.898889878379 
-1.842079559474 
-1.877867928107 
-1.854525302708 
-1.878072474441 
-1.927210356120 
-1.973938891278 
-1.895105055222 
-1.745189123278 
-1.736169587472 
-1.748458610778 
-1.702671612200 
-1.664156962712 
-1.700777422480 
-1.781280999843 
-1.721303359994 
-1.780397521325 
-1.811280967846 
-1.772664279675 
-1.744991524320 
-1.758266126534 
-1.780424455662 
-1.755426104474 
-1.729754921411 
-1.727996070720 
-1.727996070720 
-1.623729583322 
-1.623722604470 
-1.634823736953 
-1.628938864616 
-1.701504529413 
-1.721437260143 
-1.698857506435 
-1.683036270741 
-1.659357638689 
-1.583209644604 
-1.544553139433 
-1.558987637859 
-1.555063758244 
-1.557661395429 
-1.557661395429 
-1.557661395429 
-1.557661395429 
-1.555911818767 
-1.555911818767 
-1.559936510834 
-1.559936510834 
-1.559936510834 
-1.562910514388 
-1.591247992727 
-1.600098531264 
-1.653005389934 
-1.710603939074 
-1.842552393193 
-1.842979586324 
-1.869823430793 
-1.948503347061 
-1.930306627362 
-1.799800505550 
-1.719168246140 
-1.713495556026 
-1.733864869907 
-1.767769551592 
-1.810197521307 
-1.804701684320 
-1.919288070500 
-1.937820942338 
-1.897175536291 
-1.961791076796 
-1.934910869776 
-1.935695708501 
-1.930383748040 
-1.832984663103 
-1.832428843951 
-1.832157681871 
-1.810983804943 
-1.879452651475 
-1.890863269289 
-1.898626884279 
-1.845301802553 
-1.885297515272 
-1.824877372513 
-1.819269494770 
-1.796014058011 
-1.813686445622 
-1.798949061575 
-1.731829796108 
-1.765900199470 
-1.818547395373 
-1.813390072113 
-1.877767007749 
-1.887325293727 
-1.893125497810 
-1.872398934381 
-1.832945018552 
-1.881862688963 
-1.865855373969 
-1.867545786192 
-1.866431078541 
-1.873422216309 
-1.865418237375 
-1.954519716723 
-1.953969824295 
-2.005241094436 
-1.910553758471 
-2.005279799786 
-1.975685217902 
-1.975586964537 
-1.897692991884 
-1.840832513400 
-1.751941752142 
-1.758955212817 
-1.870956874024 
-1.873608407235 
-1.847767891252 
-1.818970481356 
-1.855826103160 
-1.906077711660 
-1.928033167394 
-2.076817496804 
-2.052840142088 
-1.993689666571 
-2.038296219998 
-2.054434593182 
-2.055747547596 
-2.093810496531 
-2.129327341910 
-2.050070617185 
-2.010851148772 
-2.016142068058 
-1.987478006213 
-2.008541625065 
-2.013758000391 
-2.024585412723 
-2.003329388924 
-1.996117869079 
-1.974620995106 
-2.028270390568 
-2.017319187157 
-2.002073216492 
-1.919959754414 
-1.892708494085 
-1.905859800528 
-2.038095357260 
-2.122553659523 
-2.115833032469 
-2.142409409540 
-2.183812241454 
-2.251692177756 
-2.185743210442 
-2.145177660521 
-2.463935084917 
-2.172230067913 
-2.109223302777 
-2.103446637223 
-2.069489928404 
-2.071102439628 
-2.047789007826 
-1.977380616216 
-1.828951155709 
-1.916179268325 
-1.943423153337 
-1.894765639206 
-1.881938580406 
-1.914845149964 
-1.945927700698 
-1.935470304026 
-1.870680643743 
-1.811239131959 
-1.812539312007 
-1.795695986939 
-1.766695698968 
-1.751774250879 
-1.722175334480 
-1.792829303486 
-1.765892769918 
-1.785666257149 
-1.767428463924 
-1.749139897572 
-1.721527095679 
-1.720774162824 
-1.667018087612 
-1.617035421765 
-1.639439521914 
-1.635061048153 
-1.596009640223 
-1.590809587313 
-1.641351397128 
-1.590220700220 
-1.635776715095 
-1.662805588300 
-1.676523352149 
-1.657120102569 
-1.653189330529 
-1.568027244241 
-1.577785743677 
-1.586103636322 
-1.608098276908 
-1.612625703884 
-1.634345940535 
-1.615790870448 
-1.663590503148 
-1.635404362028 
-1.655691009568 
-1.660253323725 
-1.660253323725 
-1.702566078446 
-1.706294044723 
-1.726184782084 
-1.726184782084 
-1.872060935358 
-1.910447309664 
-1.909283157812 
-1.916211257017 
-1.917056765870 
-1.885325339783 
-1.862358351611 
-1.880057512932 
-1.938817759144 
-1.922098977586 
-1.837894316249 
-1.865558664808 
-1.914455940344 
-1.898334599141 
-1.949224595066 
-1.986255296548 
-1.940984084303 
-1.951829492172 
-1.918828531858 
-1.975027500188 
-1.935349147361 
-1.847860622645 
-1.792463020302 
-1.805791872627 
-1.788943192448 
-1.771629664397 
-1.803603937668 
-1.762251281343 
-1.731483686408 
-1.856242160682 
-1.831893663002 
-1.810046506867 
-1.795358596068 
-1.755397509946 
-1.872226928689 
-1.972745963201 
-1.943380641273 
-1.956173455243 
-1.980386801026 
-2.030602574478 
-1.976224750395 
-1.943738763311 
-1.941640827598 
-1.730899409658 
-1.607209202968 
-1.465582892174 
-1.598445388590 
-1.629897206913 
-1.672768163774 
-1.626370913046 
-1.670953649064 
-1.679428138962 
-1.637883249220 
-1.717384726412 
-1.676829464931 
-1.654010511030 
-1.886832974562 
-1.890901095879 
-1.859016843390 
-1.881824966854 
-1.853502260584 
-1.802681955567 
-1.766831113955 
-1.710770872567 
-1.806771770237 
-1.823344875584 
-1.867494459049 
-1.871512416667 
-1.873915836351 
-1.868441058232 
-1.837112430036 
-1.911027958645 
-1.831664048915 
-1.852119832175 
-1.834626950460 
-1.846440312687 
-1.826265251357 
-1.785394533775 
-1.780086769324 
-1.718353111884 
-1.640958002680 
-1.762536266142 
-1.723448322768 
-1.913232148971 
-1.888033967658 
-1.842810472744 
-1.818410442577 
-1.873233457321 
-1.880868186360 
-1.885313606714 
-1.913153536508 
-1.917640009213 
-1.905673286679 
-1.901840602906 
-1.942490987098 
-1.912791520249 
-1.946242171309 
-1.993916682017 
-1.889137284514 
-1.896831217947 
-1.966575180778 
-1.969890270127 
-1.941208890971 
-2.028149838183 
-2.028149838183 
-2.106934041756 
-2.117390627785 
-2.100611686153 
-2.062317968463 
-2.143673994406 
-2.165796116372 
-2.210006662187 
-2.212332923123 
-2.207730866811 
-2.194729259522 
-2.258074312559 
-2.070431410312 
-2.179366480407 
-2.179366480407 
-2.179366480407 
-2.135681151641 
-2.209421756206 
-2.187357088133 
-2.192366318811 
-2.307975208502 
-2.352584198039 
-2.256840272418 
-2.233532927909 
-2.260480090928 
-2.246922607963 
-2.371213045142 
-2.164801767041 
-2.237624302202 
-2.257399532416 
-2.064036991363 
-2.019888007385 
-2.005677448870 
-1.764510409844 
-1.804569427591 
-1.819713850439 
-1.874460797640 
-1.886453864406 
-1.854346695853 
-1.858768962223 
-1.858768962223 
-1.881202088200 
-1.879949803873 
-1.855177712502 
-1.881474092652 
-1.856675242668 
-1.884521800278 
-1.868096426202 
-1.870546942933 
-1.879509386942 
-1.879509386942 
-1.924059330995 
-1.924059330995 
-1.924059330995 
-1.914933612494 
-1.901784455512 
-1.839727170545 
-1.862710282812 
-1.875411729066 
-1.878097026277 
-1.877582041050 
-1.893957260589 
-1.942782544490 
-1.897498775347 
-1.899102874036 
-1.895185554419 
-1.881864655822 
-1.882555889397 
-1.880628515043 
-1.882469279250 
-1.859222272524 
-1.867351855019 
-1.812539653321 
-1.848213873345 
-1.787023038196 
-1.787023038196 
-1.798208640824 
-1.762494122878 
-1.754386715231 
-1.742296459816 
-1.798054948370 
-1.769177734326 
-1.774110861540 
-1.904666102541 
-1.904651727550 
-1.887748859535 
-1.794907768429 
-1.820327974473 
-1.820642740919 
-1.835451682271 
-1.820467339399 
-1.940889039976 
-2.079910328087 
-2.146292149282 
-2.123591771890 
-2.119159079990 
-2.250071412499 
-2.184012128524 
-2.138426870150 
-2.137725894738 
-2.043987956388 
-2.003602072182 
-2.174418726310 
-2.037247099861 
-2.023683156827 
-2.033981155629 
-1.923786256164 
-1.928925929046 
-1.993108806769 
-1.920182303822 
-1.903704413865 
-1.873508720049 
-1.870829096743 
-1.877735768508 
-1.739948669728 
-1.797895395141 
-1.791866550911 
-1.791866550911 
-1.815160798118 
-1.954993534833 
-1.939153110208 
-1.943607351875 
-1.944379415465 
-1.958229254759 
-1.948451130121 
-2.056503284156 
-2.106755352838 
-1.785800137348 
-1.851606162157 
-1.853584246476 
-1.918803437197 
-1.896570269267 
-1.872465476539 
-1.650791202482 
-1.715123359612 
-1.694257868538 
-1.630700765092 
-1.690813727522 
-1.679520867509 
-1.736656950505 
-1.770952721806 
-1.794823004774 
-1.868323071850 
-1.899915191395 
-1.835398958187 
-1.843589396678 
-2.018106564041 
-1.955541012732 
-1.988620874665 
-1.959610025440 
-1.968451096258 
-1.982304799947 
-1.847562202290 
-1.866304030777 
-1.974895285891 
-1.977318383101 
-1.946049017292 
-1.946073843323 
-1.968383767342 
-1.977739823526 
-1.952922143599 
-1.953522885509 
-1.946433038140 
-1.749847651571 
-1.714806112653 
-1.763611593647 
-1.520667079095 
-1.594237193594 
-1.531462607670 
-1.453987924451 
-1.619541751357 
-1.654928143344 
-1.744799456818 
-1.789009970086 
-1.695895642153 
-1.698400855794 
-1.710810223414 
-1.701410156187 
-1.701056109314 
-1.743807995434 
-1.808631242886 
-1.850480972860 
-1.827633561532 
-1.826341165978 
-1.844073568847 
-1.745762967567 
-1.745739589167 
-1.721468038110 
-1.814287321978 
-1.909223975202 
-1.832466941953 
-1.836625380210 
-1.764067610080 
-1.807612991344 
-1.754057610187 
-1.688543438186 
-1.699452656694 
-1.783950838142 
-1.868078997775 
-1.889080727740 
-1.902128268475 
-1.909606039186 
-1.936343196695 
-1.938111115701 
-1.956237576204 
-2.033149028265 
-2.050011168602 
-2.037446687498 
-2.064408857166 
-2.128002763555 
-2.005419591554 
-1.947968152777 
-1.942166235444 
-1.942362095327 
-1.887720851576 
-1.889184792102 
-1.747411949170 
-1.881937402450 
-1.836626649970 
-1.899648856290 
-1.899648856290 
-1.530154593121 
-1.520086100596 
-1.529664690852 
-1.524215735183 
-1.499375466634 
-1.496602870050 
-1.546691589991 
-1.478527096093 
-1.461974881985 
-1.474457799841 
-1.506418187618 
-1.578181119582 
-1.533179412163 
-1.558677477198 
-1.490170848836 
-1.593124883483 
-1.607609443241 
-1.611087361288 
-1.523734846088 
-1.504052181531 
-1.487274083306 
-1.509410063553 
-1.471096968659 
-1.505488383180 
-1.607611924986 
-1.627485141778 
-1.571734183672 
-1.554986964083 
-1.629911569054 
-1.536723629720 
-1.639790760901 
-1.640360544040 
-1.602698095800 
-1.745424222673 
-1.761662537044 
-1.747483480195 
-1.697902425578 
-1.765714496952 
-1.820231710748 
-1.908190012327 
-1.948584906339 
-1.948213860287 
-1.886046025350 
-1.908677643973 
-1.915993033811 
-1.827396862044 
-1.813310062230 
-1.824252046500 
-1.770808309919 
-1.809196442605 
-1.855711295696 
-1.677620879402 
-1.571763363757 
-1.571280932088 
-1.480712338701 
-1.458307240555 
-1.575185674922 
-1.597860091891 
-1.602079743166 
-1.624571731657 
-1.646501480103 
-1.602867295773 
-1.772039125068 
-1.775886615298 
-1.819819905815 
-1.837789112501 
-1.802964636682 
-1.866585773560 
-1.825958325662 
-1.908158817456 
-1.927220151218 
-1.896755980560 
-1.905599881196 
-1.898559144705 
-1.915490304758 
-1.849880977236 
-1.854568667701 
-1.815598828499 
-1.854708154364 
-1.853891180641 
-1.739739651777 
-1.796620033448 
-1.810393055131 
-1.775644977098 
-1.781071260011 
-1.748224210047 
-1.760737651672 
-1.777754915762 
-1.767705512612 
-1.714563733465 
-1.764456672259 
-1.789545533843 
-1.783826258735 
-1.752023462450 
-1.431310918447 
-1.450595913697 
-1.478339421116 
-1.405199105087 
-1.510950775972 
-1.512614592465 
-1.525218866091 
-1.518190447704 
-1.535342490061 
-1.554360555910 
-1.541283324734 
-1.541283324734 
-1.553002015075 
-1.553002015075 
-1.553002015075 
-1.572531751952 
-1.472501669577 
-1.472501669577 
-1.522334920033 
-1.469075635239 
-1.482024998759 
-1.603951841400 
-1.511137724243 
-1.528402705311 
-1.502140605105 
-1.544761961318 
-1.572592128666 
-1.585736349945 
-1.723357729223 
-1.675757172681 
-1.770993721602 
-1.809374666737 
-1.892621655115 
-1.903289695342 
-1.855806171196 
-1.829939396031 
-1.761588417112 
-1.863746788949 
-1.840794112667 
-1.845679210527 
-1.805385906451 
-1.920288006805 
-1.914170392828 
-1.933000817166 
-1.874791080211 
-1.878803931957 
-1.869359791917 
-1.849413796027 
-1.842010763488 
-1.879165857049 
-1.897446655558 
-1.904853203825 
-1.905781849770 
-1.892227393107 
-1.837002925185 
-1.873148524409 
-1.891790163756 
-1.826776524523 
-1.865072569978 
-1.859146278029 
-1.780919723849 
-1.971997278621 
-2.017130152961 
-2.006381556744 
-1.986422311979 
-1.882125134201 
-1.843007659149 
-1.848684641791 
-1.955895215298 
-1.771370649525 
-1.805219711949 
-1.763753813558 
-1.765112990724 
-1.748482821726 
-1.765681240253 
-1.831681383888 
-1.798642497501 
-1.752703137876 
-1.752703137876 
-1.759882281834 
-1.823761107318 
-1.821413024870 
-1.804130596354 
-1.801287148496 
-1.833141680271 
-1.786895045170 
-1.817417137899 
-1.808553838557 
-1.889153136867 
-1.922130058639 
-1.927070648013 
-1.816431818841 
-1.837719323597 
-1.828863524685 
-2.023584900587 
-2.079838191679 
-2.059110180777 
-1.991149017499 
-2.088373638909 
-1.907330864011 
-1.876861779472 
-1.854488758610 
-1.861651873600 
-1.773845598013 
-1.800892176028 
-1.819516784068 
-1.920993145333 
-1.983653692390 
-1.933224092805 
-2.050210360071 
-2.050866412965 
-2.074444723332 
-2.003131326220 
-1.849352225575 
-1.787977137516 
-1.710117072666 
-1.701610522888 
-1.709972295931 
-1.843662723068 
-1.783944390820 
-1.794907078116 
-1.891190969897 
-1.906468103983 
-1.960205832694 
-1.955664036389 
-1.951306785909 
-1.879216651534 
-1.863704461249 
-1.858113994198 
-1.813830217235 
-1.881642291227 
-1.809702338960 
-1.785474643361 
-1.770457669500 
-1.784660761268 
-1.837150619918 
-1.794562644810 
-1.834328332153 
-1.833709177951 
-1.834103148179 
-1.775780509275 
-1.844244410713 
-1.921080147626 
-1.921423002307 
-1.921406871006 
-1.924144026198 
-1.919987731885 
-1.919987731885 
-1.919987731885 
-1.920198216574 
-1.904148209075 
-1.902976786640 
-1.889729215058 
-1.850368165151 
-1.847804647041 
-1.740308264983 
-1.712697988382 
-1.713174709814 
-1.706306187957 
-1.701828600764 
-1.702411109164 
-1.829895448761 
-1.767658133777 
-1.853913812389 
-1.821460828427 
-1.875908442023 
-1.882751634060 
-1.889199796788 
-1.925223084512 
-1.932305945010 
-1.916416396729 
-1.883956861518 
-1.883956861518 
-1.922785031073 
-1.903349096171 
-1.897433503759 
-1.756606807533 
-1.812945140588 
-1.843816823554 
-1.808780453209 
-1.809385999721 
-1.819017085563 
-1.800493677067 
-1.789148940477 
-1.735502124815 
-1.778937945385 
-1.791519326009 
-1.822957526557 
-1.941367576385 
-1.978912547619 
-1.973714351249 
-1.977659005582 
-1.992595815140 
-2.056274774736 
-1.959278609117 
-1.973635403051 
-1.975728287553 
-2.042616913448 
-1.997298981625 
-2.016848074399 
-2.119810909247 
-2.144959582615 
-2.144959582615 
-2.141583959413 
-2.132217241441 
-2.132217241441 
-2.132217241441 
-2.094842267624 
-2.096590991175 
-2.124144283832 
-2.124144283832 
-2.124144283832 
-2.078707268025 
-2.064345258456 
-2.002238241017 
-2.001289595349 
-1.984510476826 
-2.029377918519 
-2.034557057978 
-1.978169394669 
-1.975284501570 
-1.940253429427 
-1.938992006560 
-1.939964200597 
-1.930039597727 
-2.035877447624 
-1.992377985471 
-2.008004380434 
-1.941085991374 
-1.998738061022 
-2.017199758567 
-1.995888198760 
-1.961645433413 
-1.961645433413 
-2.065461993876 
-1.987584534490 
-1.984777422915 
-1.963959729389 
-1.894195519509 
-1.905146812781 
-1.874554952516 
-1.729831693453 
-1.756978849824 
-1.740519689335 
-1.863570640049 
-1.860565304268 
-1.870502508534 
-1.891267933149 
-1.890883432890 
-1.774953075491 
-1.641131780270 
-1.762545602660 
-1.811405043636 
-1.805965335204 
-1.860333226656 
-1.879447214671 
-1.912416283231 
-1.869508120385 
-1.925162651961 
-2.026274712637 
-1.958632286121 
-1.993169696517 
-2.121870822504 
-2.066813961134 
-2.090404751345 
-2.107150239487 
-2.126828577659 
-2.096750039583 
-2.208045939430 
-2.400305482260 
-2.327649419563 
-2.294619173728 
-2.314115551665 
-2.165001873859 
-2.154776020407 
-2.147679658755 
-2.247440321429 
-2.207187535915 
-1.901740703096 
-1.882955644308 
-1.828458061902 
-1.860792766078 
-1.915178585301 
-2.069473998682 
-2.035746094303 
-2.017254628711 
-1.906244547396 
-2.157156102268 
-2.027710782418 
-1.924107633605 
-1.875850283248 
-1.866347945119 
-1.896877050375 
-2.015388643058 
-1.969110321756 
-2.030344988057 
-2.009386924990 
-1.965312997247 
-1.940531456612 
-1.919943450499 
-1.912332476517 
-1.923302139168 
-1.960231625967 
-1.987425542726 
-1.977743113984 
-1.979982107256 
-1.935063526260 
-1.975683850850 
-1.975683850850 
-1.973741140634 
-1.982182690577 
-1.991630870917 
-2.011350940640 
-2.010323670091 
-2.062736964674 
-2.127285380940 
-1.945384123759 
-1.939868890364 
-1.880719384876 
-1.865372011467 
-2.094717869873 
-2.035908794662 
-2.039657421917 
-2.003020542457 
-2.060689523376 
-2.030046214582 
-1.930941040967 
-1.793911338571 
-1.700628524696 
-1.614811138486 
-1.614811138486 
-1.656177349170 
-1.704292777481 
-2.046919184674 
-2.056755872770 
-2.057088405878 
-2.152575083780 
-2.101478272639 
-2.133183471674 
-2.150190928215 
-2.116436567742 
-2.237857917297 
-2.236151069847 
-2.178213946114 
-2.231754304960 
-2.231037286625 
-2.191895172414 
-2.234396198533 
-2.213456245172 
-2.146310266826 
-2.132680604050 
-2.146376946306 
-2.019952787093 
-2.045424172706 
-2.024032640769 
-2.063993537894 
-2.109268261258 
-2.105619308102 
-2.122036281841 
-2.040130184769 
-2.026898414683 
-2.027208849264 
-2.026987281554 
-1.980874098412 
-1.996259375667 
-2.055310760790 
-1.968705230889 
-1.970943949791 
-1.901493242452 
-1.825917014921 
-1.824268432254 
-1.829742412386 
-1.829742412386 
-1.828206166314 
-1.818783258576 
-1.819921220655 
-1.780727912797 
-1.766083138402 
-1.719109022428 
-1.704432281603 
-1.664397634717 
-1.675789607529 
-1.673983616665 
-1.615351296446 
-1.645065859641 
-1.602176045872 
-1.582736340303 
-1.541215306001 
-1.555097623564 
-1.547503433370 
-1.580701088190 
-1.739447667981 
-1.756097031260 
-1.752880666241 
-1.752787415864 
-1.755481505680 
-1.737566762440 
-1.707012727157 
-1.736488049415 
-1.753534894884 
-1.828354501853 
-1.821193348535 
-1.765056982582 
-1.752920846410 
-1.678614207742 
-1.613529345478 
-1.640770921551 
-1.718622336946 
-1.679651926164 
-1.646809893277 
-1.700195944114 
-1.649886460938 
-1.681033658073 
-1.566671816693 
-1.546920734316 
-1.670009179090 
-1.732173376230 
-1.626056279709 
-1.604606750707 
-1.671333929347 
-1.705870477665 
-1.675932095698 
-1.675608277741 
-1.772954568535 
-1.794632903661 
-1.751373218775 
-1.855291904503 
-1.843541180965 
-1.999304242968 
-1.963268323659 
-2.005511286278 
-1.970833977829 
-1.920345845470 
-1.804971654237 
-1.817760715366 
-1.859042289716 
-1.788864753850 
-1.826409940484 
-1.824242164109 
-1.823133382998 
-1.815292322653 
-1.820310894648 
-1.874878632095 
-1.938041555764 
-2.012469028409 
-2.032448788254 
-1.940657793048 
-1.941986722547 
-1.941186862063 
-1.936128858792 
-1.989533770231 
-1.927244097856 
-1.981470321066 
-1.950272791719 
-1.967404007925 
-1.958273071352 
-2.073204573791 
-2.031589846426 
-2.091632681297 
-2.146127280784 
-2.119834658306 
-2.164788432831 
-2.179689706906 
-2.121509202798 
-2.086282062074 
-2.085522544716 
-2.170925704485 
-2.141307929251 
-2.068623405441 
-2.148076919728 
-1.747850322894 
-1.737469347613 
-1.795116037998 
-1.789879149252 
-1.770666111184 
-1.742961004046 
-1.721643040096 
-1.752006566128 
-1.720633863319 
-1.639154141618 
-1.662816087635 
-1.725957894132 
-1.912941802221 
-1.920748674039 
-1.872221557031 
-1.817757580995 
-1.801079984333 
-1.801773353159 
-1.759996016805 
-1.745594535007 
-1.769533376995 
-1.851737775061 
-1.940446478407 
-1.879629738598 
-1.885652415087 
-1.879196824463 
-1.769485542141 
-1.750380787072 
-1.726363226085 
-1.750730274584 
-1.704018159887 
-1.739503279341 
-1.669576153495 
-1.675216460020 
-1.656849656167 
-1.834886533325 
-1.874411899381 
-2.013241249035 
-2.024592130861 
-2.008834909672 
-2.052899732569 
-1.993099410233 
-1.991589851872 
-2.029565742499 
-2.126531551620 
-1.972458438702 
-2.058675214050 
-2.107869901911 
-2.073177469718 
-1.946164922477 
-1.880952450597 
-1.846395921294 
-1.843147221296 
-1.814843535557 
-1.799195936763 
-1.857840527771 
-1.890619802334 
-1.876922829888 
-1.845730397491 
-1.863741077869 
-1.887910097920 
-1.933226729879 
-1.977685027803 
-2.051840218673 
-2.053415860814 
-2.058082950812 
-2.035479858888 
-1.955178627008 
-1.969558452385 
-1.850596762067 
-1.851044830246 
-1.823746247427 
-1.807526083041 
-1.803193584144 
-1.819916021408 
-1.843262399529 
-1.847906546754 
-1.797682903857 
-1.858378247367 
-1.951188860612 
-1.961032677659 
-1.933806566963 
-1.836200210648 
-1.867111532670 
-1.957536306491 
-2.039666972235 
-2.086864818443 
-2.017295592038 
-1.950083640274 
-1.958613248654 
-1.941058653208 
-1.950571532119 
-1.943679953130 
-1.900165649029 
-2.052610817678 
-1.908831265891 
-1.922117557194 
-1.936810753758 
-1.973698658738 
-1.848478334222 
-1.844465122408 
-1.822834844226 
-1.832174226854 
-1.816153344321 
-1.830455101070 
-1.821803405774 
-1.698824447139 
-1.555528531770 
-1.586137359634 
-1.546179767721 
-1.556387807435 
-1.561150244568 
-1.430153730072 
-1.517455976008 
-1.502012579986 
-1.539884170563 
-1.536465006785 
-1.413029723170 
-1.531355341735 
-1.503000278223 
-1.481132858866 
-1.534023305938 
-1.443817728312 
-1.582570550314 
-1.620911116177 
-1.573214109315 
-1.521871272183 
-1.633415489256 
-1.636296471746 
-1.588540081838 
-1.576779394419 
-1.566707242970 
-1.504027869573 
-1.448566209956 
-1.578064565706 
-1.687400391947 
-1.705699900454 
-1.689174884889 
-1.685890228491 
-1.733139854423 
-1.707099658663 
-1.641874651226 
-1.861524502707 
-1.838098118674 
-1.832896387796 
-1.894770624136 
-1.891451004856 
-1.876477063495 
-1.936315290629 
-1.923353290823 
-1.923225499802 
-1.827932251107 
-1.899690881317 
-1.898627222691 
-1.935350314840 
-1.935366920768 
-1.897404840521 
-1.884972664666 
-1.981747384722 
-1.957488320202 
-1.998655015698 
-2.039186259691 
-1.971373427694 
-1.794073963110 
-1.824885516527 
-1.813418543418 
-1.824718264889 
-1.833065406370 
-1.797403623158 
-1.799426290454 
-1.795990629229 
-1.796844990913 
-1.682839964668 
-1.721234398620 
-1.705094307505 
-1.663906615347 
-1.657651391624 
-1.673400228010 
-1.679555099312 
-1.716334478963 
-1.699383631487 
-1.689116125505 
-1.693955975976 
-1.660364055607 
-1.630741122528 
-1.650209241498 
-1.670372579724 
-1.551515443722 
-2.067928888910 
-2.156236830245 
-2.100308415946 
-2.015841306126 
-1.928174474140 
-1.870649205368 
-1.871877732828 
-1.854338868747 
-1.864642368427 
-1.874442190299 
-1.857863688245 
-1.873457413951 
-1.884092055422 
-1.872778799943 
-1.951401837020 
-1.937993205935 
-1.957582604010 
-1.934228969382 
-1.975116862374 
-1.954992920428 
-1.941356082905 
-1.973760607861 
-1.855979619231 
-1.856605794071 
-1.857985688892 
-1.946808311540 
-1.948718713739 
-1.880816485058 
-1.868894996582 
-1.847885378868 
-1.848508748280 
-1.843485686116 
-1.860195568964 
-1.922122282269 
-1.993409964242 
-1.926002976565 
-1.894590742893 
-1.992901869609 
-1.990903240546 
-1.935469417071 
-1.940256098285 
-1.929540442218 
-1.930155856395 
-1.893189134086 
-1.980322175858 
-2.207524117756 
-2.125523511878 
-2.161642128170 
-2.104135056675 
-2.203529379317 
-2.186740163030 
-2.213552284313 
-2.218577958906 
-2.182998180055 
-2.120268979011 
-2.048906131262 
-2.080838872717 
-2.080795455907 
-2.012178089375 
-2.062438498012 
-2.062809826426 
-2.065870985034 
-2.022025563845 
-1.992777260490 
-1.937686824348 
-1.939971247874 
-1.896327360961 
-1.887880138498 
-1.868905334088 
-1.856258358836 
-1.826822672936 
-1.872339113471 
-1.871122870778 
-1.843085336334 
-1.829807419317 
-1.860109192076 
-1.871782098452 
-1.944496686385 
-1.947377385101 
-1.835595710649 
-1.832969526356 
-1.824267881820 
-1.819930058826 
-1.865211710668 
-1.727325649819 
-1.746142986361 
-1.755950451381 
-1.742770579549 
-1.714123419279 
-1.589274273070 
-1.632661376651 
-1.608621236169 
-1.714848192983 
-1.728646342850 
-1.724718296646 
-1.722974965625 
-1.704511881222 
-1.637875682337 
-1.584802189347 
-1.584802189347 
-1.649429478662 
-1.747105207075 
-1.729781334143 
-1.729781334143 
-1.734294392303 
-1.689742385613 
-1.775313249732 
-1.742882327439 
-1.935413722213 
-2.040998441956 
-2.036224380862 
-2.005660848163 
-2.080561050587 
-2.091612101565 
-2.122966861482 
-2.023484484245 
-2.148872299133 
-1.934784067769 
-1.874098631604 
-1.828021808716 
-1.886399033925 
-1.929174166152 
-1.916205867766 
-1.983305036797 
-1.983305036797 
-1.983305036797 
-1.972789907912 
-1.978858473196 
-1.952640362541 
-1.984693580010 
-1.997166651235 
-1.984482103306 
-2.001977368129 
-1.989462270981 
-2.023252673981 
-2.118186141737 
-2.153131088331 
-2.168681017743 
-2.199154571147 
-2.182422308697 
-2.200084413558 
-2.197805922471 
-2.118831854499 
-2.118831854499 
-2.097586386159 
-2.104410707828 
-2.068993801319 
-1.943245278247 
-1.936686567042 
-1.956659354304 
-1.983123054401 
-1.972122601695 
-2.000651614842 
-1.921709391295 
-1.866238198779 
-1.825799472658 
-1.874390338389 
-1.843843732053 
-1.862439450075 
-1.783113883277 
-1.769517322630 
-1.782608258395 
-1.773093430180 
-1.785204836197 
-1.848932207238 
-1.828155263981 
-1.855294753776 
-1.861995303711 
-1.870183456629 
-1.873026273710 
-1.872592235222 
-1.851339152404 
-1.870130275893 
-1.943107810400 
-2.021246071960 
-2.014563648145 
-1.989878159407 
-1.947503625275 
-1.874734628013 
-1.953233063757 
-1.945711364369 
-1.928474606003 
-1.916761085347 
-1.948677670916 
-1.886785371058 
-1.871187812217 
-1.858638016807 
-1.878538817887 
-1.869370216079 
-1.881056669871 
-1.874891089320 
-1.900009288375 
-1.902684610752 
-1.887330876060 
-1.845178919539 
-1.869440096524 
-1.870116721907 
-1.874170102317 
-1.879611532347 
-1.871890996003 
-1.898300191594 
-1.877231287687 
-1.883147552664 
-1.851433096829 
-1.853188844959 
-1.867308725971 
-1.821901476980 
-1.831244694477 
-1.903027432517 
-1.903027432517 
-1.949982325751 
-1.937943229179 
-1.813862441375 
-1.843136194651 
-1.837683574392 
-1.832415318697 
-1.858111187347 
-1.961638595753 
-1.970631428172 
-1.959920003886 
-1.970684779847 
-2.005356127005 
-1.805973866067 
-1.808500499787 
-1.784395313297 
-1.797987741984 
-1.818341353101 
-1.746544897812 
-1.641936239984 
-1.639001457141 
-1.640774733566 
-1.622342975170 
-1.551224438777 
-1.555214190148 
-1.543791544598 
-1.590730560907 
-1.519071118713 
-1.657901724884 
-1.546358377206 
-1.766708748436 
-1.808073618062 
-1.592728020660 
-1.662965056083 
-1.612304142774 
-1.612304142774 
-1.701143329801 
-1.608680561737 
-1.629193736789 
-1.551464446086 
-1.530663917078 
-1.594894518115 
-1.600010964432 
-1.593269420843 
-1.623407453494 
-1.723768567143 
-1.707930097920 
-1.769954606551 
-1.963927529154 
-1.906203818343 
-1.909221724604 
-2.084545403127 
-1.882620046767 
-1.935895736063 
-1.858360065892 
-1.837136088334 
-1.900670634399 
-1.885909139834 
-1.870098984678 
-1.770529608939 
-1.803043660842 
-1.822298092173 
-1.917535903640 
-1.835272564134 
-1.834629022214 
-1.785046288474 
-1.674618625260 
-1.735494100468 
-1.685856830009 
-1.715479153501 
-1.794806470388 
-1.841992826185 
-1.841203032679 
-1.732860373662 
-1.794738690105 
-1.747973691682 
-1.669263933251 
-1.638086882172 
-1.818581650653 
-1.825365786070 
-1.858800740827 
-1.866246477583 
-1.838533785860 
-1.780856731610 
-1.739972323619 
-1.692627934217 
-1.670344192456 
-1.649733606624 
-1.674378699940 
-1.742281932682 
-1.760032550895 
-1.765468785658 
-1.763293963744 
-1.764735904530 
-1.726098119012 
-1.729447806618 
-1.784171421189 
-1.776930130537 
-1.861273465317 
-1.884698533747 
-1.914568825491 
-1.923175389382 
-2.017723883389 
-2.017723883389 
-1.886086119475 
-1.983679962746 
-1.992622389031 
-1.935644917481 
-1.914013878899 
-1.962876913885 
-1.961835269444 
-2.012260225357 
-2.018849923979 
-2.016674548590 
-2.020115105011 
-2.012729278241 
-2.394861252402 
-2.330783761856 
-2.285304368433 
-2.258742473734 
-2.221127109816 
-2.210454331931 
-2.092141749447 
-1.940969560064 
-1.971222391814 
-2.095513764459 
-2.006241979476 
-2.031220525796 
-2.081390423437 
-2.057405951278 
-2.022963452551 
-2.072789565468 
-2.070406399346 
-2.041596072978 
-2.043941368344 
-1.890000780720 
-1.902713329490 
-1.869959490745 
-1.868442955476 
-1.893946199600 
-1.884580666801 
-1.876978398562 
-1.972419797602 
-1.982660709564 
-1.961888468660 
-1.935468296479 
-1.924062725091 
-1.924062725091 
-1.866712196534 
-1.850373837933 
-1.822870817960 
-1.737178152081 
-1.746951664848 
-1.722095099765 
-1.664418678475 
-1.628676001972 
-1.603295075924 
-1.611810154593 
-1.529668140099 
-1.606576898324 
-1.592785968499 
-1.648260052204 
-1.719927414185 
-1.741879742371 
-1.812789806319 
-1.726871566829 
-1.726910353633 
-1.914207306949 
-1.940910498947 
-1.928966297975 
-1.938213376339 
-1.932145783232 
-1.956246026585 
-1.925544548275 
-1.925544548275 
-1.929338202046 
-1.941682875414 
-1.942383421416 
-1.983418833270 
-2.070313208684 
-2.082255786586 
-2.065188013192 
-2.021947911247 
-2.058404735365 
-2.043764850076 
-2.042434735142 
-2.103593490374 
-2.106283515297 
-2.106283515297 
-2.045250572008 
-2.064338684157 
-2.042884120429 
-1.962967816215 
-1.938386866096 
-1.890584954912 
-1.892573369455 
-1.817799666342 
-1.830944816718 
-1.834741356017 
-1.784364600097 
-1.748159259417 
-1.735215831756 
-1.633014268706 
-1.672450270741 
-1.753045796789 
-1.785392725271 
-1.776072032479 
-1.790960403258 
-1.805890123052 
-1.806153783338 
-1.827861605760 
-1.858984664869 
-1.896095501933 
-1.858845770526 
-1.864890041560 
-1.828191086169 
-1.819006476498 
-1.814679672579 
-1.879544087429 
-1.907807371024 
-1.875296061023 
-1.918996466115 
-1.965737693616 
-1.913421403942 
-1.850357160465 
-1.751291964526 
-1.832982625662 
-1.793143777316 
-1.794797490049 
-1.837481710513 
-1.824122691805 
-1.843463432750 
-1.959934591133 
-1.981580125134 
-1.920090755554 
-1.909070157750 
-1.897159013286 
-1.940245598692 
-1.960335261071 
-1.933551241393 
-2.050715910079 
-2.028718484394 
-2.052151136666 
-2.040074079630 
-2.034221202241 
-2.027956119694 
-1.992203992683 
-1.949384843532 
-1.775566800813 
-1.810154849566 
-1.827057881537 
-1.788703968155 
-1.859773958921 
-1.859773958921 
-1.801777913535 
-1.930668837868 
-1.960013182665 
-2.010415356964 
-2.031782604824 
-2.087320513315 
-2.155795128150 
-1.895634066594 
-1.923368737313 
-1.914350654117 
-1.862677570695 
-1.878571885415 
-1.923315643253 
-1.933071213546 
-1.944460626638 
-1.974244183396 
-1.982355323891 
-1.956154037273 
-2.000070141640 
-2.040907931508 
-1.940003162176 
-1.978622002197 
-1.932231112738 
-1.804794954623 
-1.848773860407 
-1.943731570388 
-1.923224901684 
-1.982567908934 
-1.933787992960 
-1.911665306659 
-1.910626849899 
-1.900995789983 
-1.900995789983 
-1.901558890341 
-1.911907389285 
-1.922397392344 
-1.899081331900 
-1.922988818529 
-1.868200377058 
-1.801590802080 
-1.822782267998 
-1.902557216405 
-1.884516457018 
-1.929141710321 
-1.990579454511 
-2.081578614055 
-1.924185605126 
-1.988378371674 
-1.763492654787 
-1.860655808317 
-1.787425652611 
-1.781032351298 
-1.781032351298 
-1.751147199605 
-1.797322942092 
-1.781961997945 
-1.777224997594 
-1.831402304631 
-1.846507913156 
-1.880701623608 
-1.842966491744 
-1.835957219788 
-1.756951755457 
-1.807212828383 
-1.819353616135 
-1.681710796343 
-1.745106529649 
-1.666296876067 
-1.679253936062 
-1.660463060282 
-1.767059195570 
-1.768088620099 
-1.835552546987 
-1.914348281660 
-1.903912634551 
-1.913766925156 
-1.994656153310 
-2.016010616190 
-1.967528206525 
-1.932794415643 
-1.911217159224 
-1.903458883714 
-1.892693284240 
-1.859436007230 
-1.869819190256 
-1.862798014520 
-1.907374245542 
-1.891138228468 
-1.890985624376 
-1.897059060636 
-1.959346883845 
-1.927302188927 
-1.927325445984 
-1.928786137798 
-1.981263116430 
-1.958866934088 
-1.924630034377 
-1.874458324535 
-1.895730181905 
-1.864258316555 
-1.864258316555 
-1.687674880902 
-1.662659641185 
-1.785037150404 
-1.826868481777 
-1.838546457417 
-1.863918666806 
-1.842570522407 
-1.922580691246 
-1.850911933716 
-1.909170895240 
-1.964713782791 
-1.959461538297 
-1.962747415598 
-1.936374258108 
-1.925936518293 
-1.972020415955 
-1.960697591804 
-1.940372487304 
-1.927616511004 
-1.899655120949 
-1.867400293076 
-1.975154258214 
-2.045620481479 
-2.051469994701 
-2.026214629082 
-2.050970237620 
-1.842499738714 
-1.969117522567 
-2.021700222638 
-2.067225376879 
-2.017846652942 
-2.013283676645 
-2.055951990850 
-2.041708990204 
-2.094431043114 
-2.073180694155 
-2.062891424332 
-2.156362146056 
-2.300416596186 
-2.235581606116 
-2.207418080733 
-2.179398623379 
-2.143206262176 
-2.312539660924 
-2.237983431965 
-2.265756670284 
-2.352544770038 
-2.333702558334 
-2.209037367481 
-2.152158176291 
-2.118912340185 
-2.175447525404 
-2.252398896598 
-2.285058567139 
-2.251608382640 
-2.254234391568 
-2.272614640084 
-2.222787129685 
-2.288321755481 
-2.175015371658 
-2.011998925372 
-2.114388180827 
-2.116450597773 
-2.105317264765 
-2.080297416639 
-2.075024671042 
-2.197310898015 
-2.127885400143 
-2.246406528401 
-2.126757825579 
-2.130894367297 
-1.943947105320 
-1.922024356200 
-1.938733883541 
-1.898806855606 
-1.924614435051 
-1.837205323075 
-1.920455075661 
-1.970927166039 
-1.987187195731 
-1.997024281800 
-2.088038278620 
-2.064582092070 
-1.943600872584 
-1.956592632891 
-1.965507673205 
-1.931796583159 
-1.962543233785 
-1.852690950214 
-1.951595257074 
-1.829992526191 
-1.872767142274 
-2.055406167186 
-2.002452419181 
-1.776853867620 
-1.770232314049 
-1.735735023068 
-1.701705609193 
-1.741255201556 
-1.749456265559 
-1.728482272245 
-1.661676864597 
-1.641572325741 
-1.574250881328 
-1.645952672233 
-1.575081931905 
-1.601522553878 
-1.787585761356 
-1.779304798873 
-1.741202856770 
-1.766297686224 
-1.946407488848 
-1.949227278085 
-1.918912871980 
-1.992085717191 
-1.968762854248 
-1.993295126544 
-1.992232754145 
-1.927606980809 
-1.958376642471 
-1.970466248782 
-1.930123678025 
-1.944751647447 
-1.979526930032 
-2.005760567349 
-2.080520396350 
-2.018715081196 
-2.077934384764 
-2.021941868649 
-2.021779107240 
-1.995948015494 
-2.078888150865 
-2.025441209163 
-2.025441209163 
-1.941900698516 
-1.757722480807 
-1.799798238757 
-1.808899934420 
-1.859203508225 
-1.832465279595 
-1.831983370285 
-1.870395804301 
-1.838566650522 
-1.826817665050 
-1.874151549539 
-1.898747644103 
-1.907785900320 
-1.893867426628 
-1.918416106618 
-1.956292009615 
-2.006160379798 
-1.955228265157 
-2.064410486830 
-2.238542666627 
-2.249251400907 
-1.931654386841 
-1.986050333530 
-2.101887685035 
-2.096387755839 
-2.136921399890 
-2.133144570474 
-2.007200411176 
-2.034111812520 
-2.046056052776 
-2.085581992027 
-1.943881639015 
-1.921433159475 
-1.932935769868 
-1.994592688788 
-1.960638307096 
-1.966354269092 
-1.914564103947 
-1.875953866656 
-1.921789000199 
-1.824638108248 
-1.876729504057 
-1.907014283179 
-1.890442602270 
-1.896817593998 
-1.823273943700 
-1.850967444092 
-1.919935548730 
-1.968623768270 
-2.011431435659 
-1.983190458252 
-2.043060802780 
-2.043090209560 
-2.066111474391 
-1.746593823668 
-1.760001112299 
-1.696666164791 
-1.653217301372 
-1.654997111310 
-1.641371160575 
-1.657239451207 
-1.628693845171 
-1.637398294438 
-1.592553357888 
-1.632221110269 
-1.645107484061 
-1.625729078469 
-1.596255244159 
-1.662142359612 
-1.625174743274 
-1.499867300966 
-1.559809805911 
-1.507439856094 
-1.529591798169 
-1.551681617191 
-1.528893027156 
-1.550854759040 
-1.487828871559 
-1.517745476763 
-1.391863636432 
-1.392781379386 
-1.390458905124 
-1.481620814105 
-1.473866246277 
-1.502332421690 
-1.478640484181 
-1.533147254292 
-1.499977863444 
-1.516583952878 
-1.482240826996 
-1.597063582171 
-1.542924975106 
-1.583445386997 
-1.576468053383 
-1.576794208367 
-1.576794208367 
-1.599666401661 
-1.514095503097 
-1.414994667001 
-1.497434663670 
-1.403868298902 
-1.462858422978 
-1.462858422978 
-1.388893673375 
-1.522256719933 
-1.512604144823 
-1.512604144823 
-1.536916241915 
-1.423821381518 
-1.497451733065 
-1.590858153349 
-1.532613385855 
-1.513684836652 
-1.522834326749 
-1.634565211919 
-1.536373076526 
-1.600497069892 
-1.448806341240 
-1.517988619805 
-1.517988619805 
-1.519047418592 
-1.660891892961 
-1.647838458118 
-1.656952988652 
-1.688747125528 
-1.698063549684 
-1.680859986315 
-1.659456876115 
-1.718048154587 
-1.719925264763 
-1.767555716065 
-1.784371675593 
-1.762830875274 
-1.751681295176 
-1.849161658340 
-1.843444962633 
-1.844275682775 
-1.821611828474 
-1.850487222554 
-1.769867252394 
-1.844331854339 
-1.853710951296 
-1.754709493275 
-1.764282623700 
-1.765405513305 
-1.648223929609 
-1.669879425752 
-1.655269203294 
-1.831515216491 
-1.840828408499 
-1.810716430757 
-1.667697911877 
-1.680978314905 
-1.709872616666 
-1.736713467356 
-1.761118159584 
-1.742545106276 
-1.805872613920 
-1.851952459055 
-1.894248124763 
-1.984080394535 
-1.947962703665 
-1.924035173130 
-1.935789088165 
-1.863246100787 
-1.881999493073 
-1.780352644914 
-1.805617093321 
-1.889771232105 
-1.883158752119 
-1.918263060625 
-1.943014832537 
-1.904393909146 
-1.881939209374 
-1.868897290808 
-2.009012562878 
-1.995955853960 
-2.082464636508 
-2.072639296905 
-2.032769580175 
-2.012645065515 
-2.009997896229 
-2.006506863935 
-1.925319391749 
-1.959336106543 
-1.849887457519 
-1.796389702832 
-1.740056927741 
-1.824449335497 
-1.870943902631 
-1.858199437414 
-1.815665826654 
-1.817505116862 
-1.865556092156 
-1.839457573523 
-1.802801860809 
-1.787724229507 
-1.765252976982 
-1.814784177990 
-1.800640694843 
-1.795677910485 
-1.946559303345 
-1.837107974904 
-1.800220960293 
-1.843693550133 
-1.791395414708 
-1.966578461759 
-1.964743678799 
-1.808885426239 
-1.874412332171 
-1.904187351812 
-1.844405817382 
-1.895163966106 
-1.890766860853 
-1.909632490606 
-1.929548107803 
-1.930179638094 
-1.909874371610 
-1.909874371610 
-1.955728585874 
-1.947093956010 
-1.874423209446 
-1.803974587735 
-1.772214209203 
-1.748606744869 
-1.800284103197 
-1.816261970034 
-1.815670845343 
-1.838299808276 
-1.902726116115 
-1.850117757961 
-1.855132875721 
-1.874688869999 
-1.798573133757 
-1.800746991483 
-1.784952261191 
-1.733976057746 
-1.779529870202 
-1.855855925948 
-1.791419812131 
-1.779396846054 
-1.798077237531 
-1.804642521585 
-1.822086631486 
-1.817692114780 
-1.820886748519 
-1.808223837412 
-1.806470427449 
-1.792899893700 
-1.698780676128 
-1.760324968215 
-1.757959232535 
-1.671710392277 
-1.657963738497 
-1.627678671288 
-1.705685033014 
-1.699346532656 
-1.693836402030 
-1.709885767793 
-1.689893838718 
-1.693818113834 
-1.726854353173 
-1.694077336172 
-1.683625411769 
-1.692407109967 
-1.674936911229 
-1.699531505526 
-1.723015410045 
-1.718393383937 
-1.694472078064 
-1.731704630038 
-1.787887034042 
-1.718741121017 
-1.827731461772 
-1.836152948876 
-1.832102381755 
-1.831383259990 
-1.857395631037 
-1.875217272695 
-1.794032827908 
-1.817257027949 
-1.761280477417 
-1.816278222137 
-1.850394421911 
-1.915212087260 
-1.922032728202 
-1.935516827247 
-1.935304404091 
-1.927174305657 
-1.904788900549 
-1.894388263686 
-1.880148003887 
-1.854690963773 
-1.847792901273 
-1.829657647979 
-1.821328438643 
-1.820141143528 
-1.867892306306 
-1.865879415934 
-1.885365902243 
-1.865752621701 
-1.873098628248 
-1.958764177491 
-1.958335341185 
-1.995568660158 
-2.009008462763 
-1.883054777318 
-1.850356097664 
-1.814849900064 
-1.702629171553 
-1.790726103014 
-1.814542123045 
-1.776622106097 
-1.798524752219 
-1.843632233965 
-1.826737755043 
-1.788797763990 
-1.788797763990 
-1.801156877735 
-1.792961339062 
-1.838730737641 
-1.805637663993 
-1.783819873787 
-1.771652480106 
-1.879378267330 
-1.866708333538 
-2.012027660656 
-2.051941383957 
-1.983314457461 
-2.008811479323 
-1.982979558245 
-1.981549956428 
-1.984890241642 
-2.037777929733 
-2.064351033213 
-2.069216412787 
-1.719364140561 
-1.711292944072 
-1.713480404045 
-1.717263262446 
-1.755147415884 
-1.792667730149 
-1.797559219362 
-1.844593824671 
-1.805940344197 
-1.796807934271 
-1.771289312265 
-1.740144517994 
-1.729415614089 
-1.719816084646 
-1.701533986922 
-1.704513185567 
-1.704904205696 
-1.636269814580 
-1.692011925645 
-1.756779412186 
-1.734702920708 
-1.732607940921 
-1.761527592085 
-1.751395328662 
-1.760463181214 
-1.787647738372 
-1.802004926959 
-1.790541621759 
-1.796265890030 
-1.766970148645 
-1.753379802778 
-1.791767267689 
-1.783628049667 
-1.747602138080 
-1.712918861547 
-1.704041505241 
-1.737280129142 
-1.753667296903 
-1.766403759932 
-1.767865600322 
-1.743579786273 
-1.807132595541 
-1.817971831859 
-1.827542324973 
-1.889867568360 
-1.967074952199 
-1.982148295673 
-1.960729160553 
-1.936167024578 
-1.907107490652 
-1.934053940990 
-1.946121281282 
-1.913339925153 
-1.901709552505 
-1.931506357847 
-1.919262045400 
-1.988635277494 
-2.064470719852 
-1.994275110505 
-1.973596482466 
-1.973390414091 
-2.012202142554 
-1.994135250458 
-1.991460888005 
-2.009764512775 
-2.069389542309 
-2.088611514756 
-2.003161026664 
-1.972317604903 
-1.943153175260 
-1.947054384418 
-1.920964763835 
-1.954398451954 
-2.160176312839 
-2.155831585077 
-2.279676488950 
-2.272566172499 
-2.219576802116 
-2.173142480824 
-2.098621749651 
-2.117547321964 
-2.092315988954 
-2.108204688545 
-2.200099768533 
-2.155793917844 
-2.146862328655 
-1.879352408170 
-1.841913009455 
-1.886482207102 
-1.751759628097 
-1.761087295782 
-1.869539587660 
-1.931432290861 
-1.829716850283 
-1.656022030403 
-1.693231113560 
-1.706573136975 
-1.707324559041 
-1.695106778196 
-1.656904790331 
-1.695229101513 
-1.594340292602 
-1.593183181582 
-1.630267043106 
-1.711768180919 
-1.668483799875 
-1.635886928261 
-1.756072707073 
-1.740297499091 
-1.730687535927 
-1.767477827121 
-1.795620849001 
-1.793532257632 
-1.743562363890 
-1.726339902030 
-1.736263801293 
-1.704526952342 
-1.714131164995 
-1.758624197022 
-1.745743205325 
-1.715131542359 
-1.795055897571 
-1.862953688098 
-1.823056877204 
-1.897511559145 
-1.917333763658 
-1.975064468586 
-1.970189712450 
-1.958614318009 
-1.978133617701 
-1.968308233867 
-2.025788102576 
-1.942355006775 
-1.922968582830 
-2.013036608030 
-1.949927917443 
-1.907718718029 
-1.814346431786 
-1.858824607746 
-2.057650525781 
-2.016904348095 
-2.029795718786 
-2.009572154467 
-2.039573851886 
-2.042455799667 
-2.060975554480 
-2.028976724158 
-2.146983843436 
-2.165576831469 
-2.105512188908 
-2.044189136330 
-2.212852190208 
-2.168811336422 
-2.127167864933 
-2.062763758571 
-1.996098723368 
-2.101715029513 
-2.131363522683 
-2.133034555107 
-2.019166243772 
-1.980492942725 
-2.030216185741 
-2.098357619102 
-1.993003768096 
-2.013350362482 
-2.090816872783 
-1.995556793457 
-1.789660580632 
-1.805033126504 
-1.810597193498 
-1.827592006008 
-1.826269776057 
-1.810306122284 
-1.783874763019 
-1.792235562741 
-1.819334999971 
-1.792723495482 
-1.795478636593 
-1.805542147128 
-1.776909071658 
-1.795292991676 
-1.808133084764 
-1.824386666836 
-1.814056448263 
-1.800078891754 
-1.711187645875 
-1.709872720195 
-1.717384279199 
-2.011580339261 
-2.036892853648 
-2.012547460570 
-1.989865894661 
-1.959863262559 
-1.976623880575 
-2.026372300551 
-1.972623331801 
-1.984568569542 
-1.968328137293 
-1.925504483044 
-1.944729838692 
-1.954337982412 
-2.008479525663 
-2.098209016812 
-1.987934407183 
-2.002491765211 
-1.997340196982 
-2.050285442689 
-2.146395638093 
-2.325648900765 
-2.243651350197 
-2.270426862097 
-2.205464606576 
-2.382567043328 
-2.383284588681 
-2.306693310202 
-2.261599172669 
-2.256391682121 
-2.190111745890 
-2.242023783544 
-2.200006186299 
-2.151415171476 
-2.151333940480 
-2.172896188220 
-2.179776086789 
-2.092947083448 
-2.067976885519 
-2.063154631680 
-2.187938226215 
-2.100079842825 
-2.105500034028 
-2.038791528568 
-2.013451539318 
-2.103870775785 
-2.051030836870 
-1.978617074412 
-2.167895293104 
-2.050859791029 
-2.020365872465 
-2.020374046123 
-2.068293717904 
-2.002073860948 
-1.964686804360 
-1.896255152348 
-1.901607459487 
-1.841052185753 
-1.908020959353 
-1.917474888067 
-1.949534925383 
-1.840728259660 
-1.857425094183 
-1.848738736953 
-1.859434288723 
-1.780452368555 
-1.753200495221 
-1.767800769037 
-1.773617525440 
-1.797715159978 
-1.743509836108 
-1.797136037674 
-1.747810282131 
-1.766222414675 
-1.652710655390 
-1.688295234043 
-1.749708594814 
-1.683443192371 
-1.704501455075 
-1.667511159430 
-1.625475796649 
-1.595302357730 
-1.634616545255 
-1.692956298365 
-1.802717504159 
-1.852042722336 
-1.979022624115 
-1.888742132712 
-1.923464499803 
-1.980974121969 
-1.970218108159 
-2.001840975788 
-2.006818441240 
-2.006525553834 
-1.987282091958 
-1.751446962633 
-1.815711306669 
-1.780493066786 
-1.814110331061 
-1.970588223582 
-2.072936566094 
-1.847267635754 
-1.871659174728 
-1.861423884376 
-2.001363342740 
-2.038976766823 
-2.037322994557 
-2.003136545073 
-2.024385176438 
-1.987706942635 
-2.032073835587 
-2.062072848584 
-1.997623525149 
-2.061322972968 
-1.997580260622 
-1.976842758894 
-1.973307478807 
-1.905777936230 
-1.825877698618 
-1.806528188310 
-1.843257371637 
-1.816152414499 
-1.912861420218 
-1.873003884295 
-1.876633680348 
-1.823163672679 
-1.725220579561 
-1.719000751680 
-1.732048843104 
-1.736084309157 
-1.743035153818 
-1.725577740472 
-1.937342136972 
-1.734229471061 
-1.637382695818 
-1.689916497118 
-1.664896433097 
-1.650492843072 
-1.652500740452 
-1.688058091438 
-1.675673339060 
-1.746740522589 
-1.817212383539 
-1.771809551917 
-1.759902912923 
-1.988615725981 
-1.951158147639 
-1.952319298462 
-1.943608207652 
-1.902122742603 
-1.902415882891 
-1.890869087618 
-1.875504123633 
-2.166292237792 
-2.114429569839 
-2.130123444258 
-2.238545037821 
-2.091328973949 
-2.194076798396 
-2.248128886106 
-2.136341123143 
-2.150436839975 
-2.150436839975 
-2.137113731925 
-2.200798513540 
-2.211636774182 
-2.157184663805 
-2.218467224651 
-2.410551485819 
-2.329675108939 
-2.274431482035 
-2.352266088671 
-2.364469108876 
-2.228383684050 
-2.302125881614 
-2.342493565802 
-2.188310044507 
-2.217322818468 
-2.502458685879 
-2.370580104376 
-2.355183925827 
-2.327523429848 
-2.463120629273 
-2.595549236919 
-2.687924491012 
-2.455776749002 
-2.488655313229 
-2.278192076917 
-2.220857504543 
-1.658089789473 
-1.644354225030 
-1.656867978461 
-1.687249128914 
-1.689364399862 
-1.660937167352 
-1.693360221161 
-1.700638774434 
-1.522744211449 
-1.617409374925 
-1.645576672047 
-1.653220085766 
-1.683766775791 
-1.727962356793 
-1.732809664447 
-1.728938702815 
-1.738611172596 
-1.715039285218 
-1.686612798094 
-1.719322791407 
-1.729853440181 
-1.735156294895 
-1.761910580996 
-1.735984219262 
-2.003187354448 
-2.028683382569 
-2.002053654566 
-2.049781813230 
-1.987404407835 
-1.897738234147 
-1.898125164102 
-1.862041849906 
-1.848289810833 
-1.845580208318 
-1.884731531997 
-1.868962137087 
-1.946760794624 
-1.986373454918 
-2.069023260976 
-2.048799963738 
-2.072117512860 
-2.011887236066 
-1.988744694109 
-2.009264723046 
-2.001134122750 
-2.033709279104 
-1.975079785766 
-1.975079785766 
-2.087251726789 
-2.047300325443 
-2.007017006525 
-2.057575593587 
-2.107736621686 
-2.149724266858 
-2.149724266858 
-2.024028145324 
-2.005722309968 
-2.001225013761 
-2.001123101335 
-2.034631731544 
-2.039522824771 
-1.877760295231 
-1.819799806758 
-1.841063771765 
-1.834031996751 
-1.832853608264 
-1.874232946449 
-1.872946347930 
-1.860136630729 
-1.850842007223 
-1.836723638663 
-1.795909408544 
-1.789714436432 
-1.790978922198 
-1.800477909864 
-1.800174875968 
-1.800174875968 
-1.800174875968 
-1.859904926661 
-1.868054881228 
-1.838362059627 
-1.863476578794 
-1.897024023565 
-1.881109742107 
-1.942371794118 
-2.032369500553 
-2.045728669822 
-2.035570823063 
-2.078695268187 
-2.083853692727 
-2.014685494162 
-1.994538693043 
-1.981843302021 
-1.981843302021 
-1.893402920386 
-1.881446299208 
-1.896947800989 
-1.892954002995 
-1.952229996227 
-1.821518134764 
-1.934436299952 
-1.963453923994 
-1.920616506134 
-2.003369312403 
-2.035289933632 
-1.996704181748 
-1.978125043624 
-1.995685140467 
-1.963778243137 
-2.002610949423 
-2.042726029498 
-2.016324180114 
-1.999947102710 
-1.980350781574 
-1.937449456434 
-1.949300801378 
-1.961332771987 
-1.988213123920 
-1.998216934315 
-1.982710458548 
-2.063979233094 
-2.036894436377 
-1.937586307482 
-1.930156963498 
-1.922454486120 
-1.849166550430 
-1.849166550430 
-1.897414748235 
-1.708603219596 
-1.889188172557 
-1.876890697874 
-1.898786572460 
-1.916786838614 
-1.909559160821 
-1.950398268008 
-1.950924344930 
-2.066296847052 
-2.034448044015 
-2.096802621016 
-2.138144014912 
-1.979736893333 
-2.001849384955 
-1.978371983309 
-1.995584843914 
-2.002282901053 
-2.006327635938 
-1.943462718573 
-1.936512004357 
-1.905261722626 
-1.905261722626 
-1.905261722626 
-1.923511565312 
-1.924640948600 
-1.870213725652 
-1.853071776797 
-1.868930862654 
-1.809729285227 
-1.911803979456 
-1.929354946960 
-1.887487967644 
-1.920600645661 
-1.890783461914 
-1.893805082088 
-1.861054429311 
-1.747167928651 
-1.684155125221 
-1.695332921296 
-1.671540609291 
-1.713514453506 
-1.726441237869 
-1.732996931042 
-1.780778829596 
-1.854812956590 
-1.835188718274 
-1.706030434863 
-1.725994336596 
-1.792671045432 
-1.754463927701 
-1.801499116505 
-1.801499116505 
-1.801499116505 
-1.803877755456 
-1.776133165326 
-1.776133165326 
-1.800794409953 
-1.805922855937 
-1.802989175064 
-1.803324739764 
-1.905574605340 
-1.912206547526 
-1.945601544814 
-1.939258808679 
-1.947072214700 
-1.936160083541 
-1.894623797676 
-1.909785068277 
-1.919073092775 
-1.964842202266 
-2.011354684691 
-2.003666319671 
-2.009553507537 
-1.983840659788 
-2.086682023650 
-2.105304654078 
-2.010712747178 
-1.997008435731 
-1.978016910732 
-2.113613045045 
-2.012007991279 
-2.019596690191 
-2.055093901991 
-2.117402524577 
-2.031584875579 
-2.136581888020 
-2.144577900160 
-2.255155670616 
-2.461684737506 
-2.389356324278 
-2.564583827537 
-2.410633396646 
-2.364385545295 
-2.424141113363 
-2.381834724208 
-2.404668892350 
-2.389743310496 
-2.375663753394 
-2.468754583720 
-2.564267226872 
-2.445615012958 
-2.268962728662 
-2.303705659751 
-2.266756638699 
-2.268107811320 
-2.214090814735 
-2.146612846679 
-2.179978945876 
-2.076016232933 
-2.096962442102 
-2.037283111557 
-2.018166976160 
-2.040454124452 
-2.046234926637 
-2.048568621550 
-2.028003547230 
-1.938277204940 
-1.949233464132 
-1.960525745022 
-1.978313745260 
-2.053478935165 
-2.053748246337 
-2.047812213709 
-2.064258477455 
-2.069054793144 
-2.039503343491 
-2.039503343491 
-2.071578916538 
-2.061260850610 
-2.020262412549 
-1.991677917626 
-2.007948517032 
-1.978000380455 
-2.031911260032 
-2.083942389153 
-2.047216512448 
-2.089411097997 
-2.089411097997 
-2.079617447035 
-2.095544302925 
-2.089307456525 
-2.111346127367 
-2.131866399268 
-2.450420952857 
-2.355643389058 
-2.392416087312 
-2.279708236091 
-2.247785042026 
-2.090177105334 
-2.097757446438 
-2.086731080315 
-2.093719928988 
-2.104021508577 
-2.088686541238 
-1.761218286272 
-1.760503213465 
-1.801824713216 
-1.788618275745 
-1.823704668983 
-1.824795445257 
-1.848824736783 
-1.836260009059 
-1.968435033681 
-2.084336871737 
-2.005057544962 
-2.072460215260 
-2.121276548350 
-2.169866494517 
-2.067736147865 
-2.135752910135 
-2.159820568696 
-2.107345420846 
-2.065925601704 
-2.183422710361 
-2.316243749556 
-2.163503110123 
-2.124068789480 
-2.093350229471 
-2.163749753240 
-2.192135086372 
-2.257917755666 
-2.268254958093 
-2.161675544786 
-2.224682553183 
-2.098872701390 
-2.074549737800 
-2.112306698149 
-2.349655348667 
-2.427099132410 
-2.309914237744 
-2.415170268263 
-2.302320357932 
-2.229302333559 
-2.273287109276 
-2.362732610621 
-2.273815670433 
-2.309093964967 
-2.276397413370 
-2.320311563457 
-2.177358497330 
-2.206220955920 
-2.316794465014 
-2.306404435586 
-2.223222623265 
-2.228608008704 
-2.199440126224 
-2.176304563512 
-2.173641939848 
-2.093688070492 
-2.251436009528 
-2.248369714216 
-2.337043744945 
-2.284946004937 
-2.108730284784 
-1.914286743428 
-1.950215826765 
-1.897623296699 
-1.881188437457 
-1.719920331689 
-1.745913121562 
-1.875923455744 
-1.983404065517 
-1.992302327165 
-1.957411129735 
-1.981383733160 
-2.016716682348 
-2.060588448504 
-2.028059324635 
-1.976936141976 
-2.034499729968 
-2.045765492727 
-1.988522049019 
-2.033163555826 
-1.970195145877 
-2.013928448098 
-1.935736508426 
-1.862846736688 
-1.862723937395 
-1.879121532660 
-1.884706801988 
-1.897145547307 
-1.963178461879 
-1.928479333367 
-1.965651811266 
-1.818460013581 
-1.827167071324 
-1.812222963305 
-1.793807766172 
-2.081813608741 
-2.028167617004 
-2.116020318834 
-2.046409876444 
-2.270393835101 
-2.226479422487 
-2.184337619829 
-2.151168367160 
-2.059213945815 
-2.040952638973 
-2.070995617414 
-1.952149527592 
-1.987379055094 
-2.003936979169 
-1.942522714030 
-2.051718988674 
-2.057296069220 
-2.038462123148 
-2.049113355958 
-2.054959518078 
-2.034830093681 
-2.029095059084 
-2.039608770319 
-2.069531529738 
-2.034466096770 
-1.991073224939 
-2.045915914161 
-1.975931120554 
-1.911443213017 
-1.925811201294 
-1.993716419294 
-1.944108993257 
-1.926076819987 
-1.823466090500 
-1.802034269234 
-1.846217611648 
-1.817079405970 
-1.875926256121 
-1.901072488934 
-1.814741747231 
-1.709017034175 
-1.727558319559 
-1.759313534208 
-1.771109578742 
-1.904645416531 
-1.950978544991 
-1.913523879778 
-1.797171385419 
-1.848141029565 
-1.837798956565 
-1.790331132180 
-1.895677295843 
-1.822181661550 
-1.790901857025 
-1.764472335581 
-1.832174529794 
-1.813361677337 
-1.899650997455 
-1.905214364196 
-1.530561234683 
-1.559282296348 
-1.581419644541 
-1.602188036518 
-1.596859391155 
-1.662706445024 
-1.672791443277 
-1.778581382761 
-1.823351723267 
-1.797096491429 
-1.718634287549 
-1.742851624726 
-1.744772684072 
-1.700632262415 
-1.685270034211 
-1.719640639592 
-1.715004414288 
-1.768045991762 
-1.825192343146 
-1.841404209418 
-1.828418502718 
-1.778622568232 
-1.783541555577 
-1.785104012341 
-1.821908956962 
-1.811678436974 
-1.765172998759 
-1.735428534192 
-1.756745935628 
-1.848615960203 
-1.818750498099 
-1.798000600696 
-1.851569882388 
-1.882477820108 
-1.860753946407 
-1.976069578030 
-2.083911779529 
-2.177439937494 
-2.052924053759 
-2.108399209561 
-2.174348115252 
-2.096538899784 
-2.181900374566 
-2.171822316418 
-2.185625245174 
-2.207668321205 
-2.310867372548 
-2.228277882486 
-2.303349330562 
-2.137629350598 
-2.222194347007 
-2.171132429927 
-2.212718680705 
-2.207494115029 
-2.127349859082 
-2.149358119712 
-2.051259218008 
-2.010409415750 
-2.033010441873 
-2.032940002384 
-2.012198134827 
-1.951436607899 
-2.083099287100 
-2.072355448337 
-2.137941517526 
-2.181168030642 
-2.150288872736 
-2.166062862422 
-2.221757864902 
-2.194927835138 
-2.143172283812 
-2.145514994415 
-2.069021347248 
-2.027889477918 
-2.027889477918 
-2.069490334063 
-2.044633019784 
-2.003957228169 
-2.030090882572 
-2.050914386565 
-2.082309022174 
-2.083323184784 
-2.083858566118 
-2.067158869352 
-2.064214715375 
-2.160567961882 
-2.056076494750 
-2.144207511137 
-2.143201268830 
-2.125346272035 
-2.136702788691 
-2.085596926088 
-2.118594062427 
-2.089643881245 
-2.193312975863 
-2.081351133570 
-1.988659444652 
-1.994762087433 
-1.990161544584 
-2.020259215448 
-2.012494894824 
-2.048843037642 
-1.994954418511 
-2.090261223303 
-2.040741575996 
-2.058103598664 
-2.041610653792 
-2.043050493538 
-1.985195621948 
-2.132106805133 
-2.106970132619 
-2.096350529864 
-2.355026136824 
-2.386871998714 
-2.202564382105 
-2.189220388343 
-2.189220388343 
-2.119592379652 
-2.343680627098 
-2.379382831149 
-2.174027048501 
-2.248879388352 
-2.192446335002 
-2.241416049369 
-2.101643243585 
-2.214751091038 
-2.257378701640 
-2.279573007492 
-2.278997218926 
-1.725624083056 
-1.698453514102 
-1.703548944106 
-1.761973841147 
-1.812888345597 
-1.750200626415 
-1.696203698216 
-1.736610820791 
-1.793816122224 
-1.830193668680 
-1.815475047488 
-1.763819597471 
-1.812978608698 
-1.812978608698 
-1.815489080507 
-1.804338211316 
-1.778606274548 
-1.779443304753 
-1.794497785164 
-1.804761772271 
-1.814335311327 
-1.888420339419 
-1.922568753789 
-1.971538042673 
-1.933435139384 
-1.933881876542 
-1.936928029387 
-1.831666406765 
-1.819777961189 
-1.790187466755 
-1.794337961939 
-1.814451771806 
-1.847043605907 
-1.862291244544 
-1.889754443859 
-1.927207689955 
-1.845008551319 
-1.834072757586 
-1.842615856290 
-1.787258401333 
-1.777759865231 
-1.811602641262 
-1.810411251154 
-1.864551021647 
-1.814144702828 
-1.825413408615 
-1.877917884648 
-1.829518221406 
-1.812308329169 
-1.840562277823 
-1.864768256890 
-1.756969083979 
-1.756969083979 
-1.788501412259 
-1.803906921569 
-1.827529669208 
-1.827529669208 
-1.836504192282 
-1.831912275162 
-1.820531011688 
-1.835413770334 
-1.812813527187 
-1.807468159936 
-1.761026481906 
-1.714085221274 
-1.724102578591 
-1.748863046230 
-1.727201638995 
-1.735708120744 
-1.707043969808 
-1.682706997459 
-1.686552758844 
-1.767718774469 
-1.777559874721 
-1.760746220109 
-1.746916183745 
-1.752333397218 
-1.770367601709 
-1.798237203835 
-1.816345024027 
-1.766321494529 
-1.773308100282 
-1.787091867947 
-1.800885674742 
-1.803825293487 
-1.843428547051 
-1.828335362803 
-1.769449804246 
-1.763823529690 
-1.842076019782 
-1.913610383046 
-1.951503631585 
-1.956935425959 
-1.976966247393 
-1.949336031247 
-1.947493713795 
-1.836392146743 
-1.860186936248 
-1.876544899873 
-1.883728015930 
-1.893874350088 
-1.899859645265 
-1.900551378626 
-1.933831182559 
-1.909089716717 
-2.014655547686 
-1.990934236303 
-1.946695823349 
-1.946962705244 
-1.988443825350 
-1.986297991765 
-1.977689791288 
-1.985505873289 
-1.943085223093 
-1.933821752604 
-1.974291341121 
-1.971554592050 
-2.051492432279 
-1.966312454206 
-1.993748281322 
-2.010412584070 
-1.932785222705 
-1.790992045465 
-1.848918226531 
-1.793952453687 
-1.760980783465 
-1.775366628061 
-1.746198217675 
-1.540018335802 
-1.602465919891 
-1.632981544335 
-1.672647841090 
-1.535185180239 
-1.665005287310 
-1.656225350740 
-1.649818385357 
-1.689274569367 
-1.651935752193 
-1.648309610986 
-1.624784413582 
-1.695001643109 
-1.744733231652 
-1.722231863563 
-1.728589353190 
-1.673596965271 
-1.766466456488 
-1.665744871023 
-1.611852740151 
-1.652072419848 
-1.553565889949 
-1.532374428382 
-1.564880136135 
-1.430793065543 
-1.564497537591 
-1.556338899823 
-1.575307386609 
-1.546995657047 
-1.635300377732 
-1.533989651076 
-1.533281128295 
-1.533802215708 
-1.607215482420 
-1.602011486022 
-1.593939222250 
-1.584923520035 
-1.657096610884 
-1.637974037620 
-1.624685766212 
-1.575353716252 
-1.576801648088 
-1.589798327734 
-1.603370336091 
-1.609199879863 
-1.662946134647 
-1.605886401085 
-1.575903909015 
-1.627223797388 
-1.528685053208 
-1.517634055746 
-1.486345201773 
-1.583360947850 
-1.589310083189 
-1.581182990533 
-1.579472353058 
-1.654503824338 
-1.602444261031 
-1.696663985443 
-1.620423770420 
-2.051849170381 
-2.006521585964 
-2.044044779701 
-2.018878337558 
-2.143825436983 
-2.082112908134 
-2.091235889652 
-2.096615353534 
-1.983272869391 
-1.979523886685 
-2.016648773219 
-2.015669078315 
-2.012684580461 
-2.070346657618 
-1.951139624103 
-1.930814623553 
-1.937178438392 
-1.966886452226 
-1.966886452226 
-1.970851456766 
-2.130987399373 
-2.074758418596 
-2.082756752198 
-2.127957917414 
-2.095365918721 
-2.199976538035 
-2.005151710180 
-1.997728874187 
-2.058129075560 
-2.065731423649 
-2.108952850935 
-2.126336624551 
-2.099931845302 
-2.109916451429 
-2.094990174334 
-2.064338490388 
-2.261609443369 
-2.235026246796 
-2.220102547211 
-2.192739470228 
-2.223509943698 
-2.252842305702 
-2.252608294954 
-2.193541272740 
-2.167824529638 
-2.136811957661 
-2.144824148780 
-2.068066928768 
-2.112064304600 
-2.120644143497 
-2.075723177105 
-2.072397710967 
-1.941122211081 
-1.941122211081 
-2.021712874257 
-2.030463369994 
-2.012428767467 
-2.008963939798 
-2.006195180380 
-2.032316707086 
-2.099771693735 
-2.095809509436 
-2.067408837089 
-2.142967467036 
-2.016530820716 
-2.047916039180 
-2.026783833546 
-2.062194500336 
-2.118704473229 
-2.051838557314 
-2.038628513707 
-1.933463033739 
-2.056885804327 
-2.096926483075 
-2.105391247064 
-2.056663128249 
-2.006253619665 
-1.993876181129 
-2.032107952099 
-2.062699638356 
-2.075812784313 
-2.062449377293 
-2.160877666809 
-2.228844774840 
-2.184740701687 
-2.153661636138 
-2.240899866724 
-2.192547152913 
-2.281142630134 
-2.194750101046 
-2.223514011565 
-2.275638669204 
-2.244340424008 
-2.276400678717 
-1.762980897781 
-1.805578967868 
-1.787671522194 
-1.818715107476 
-1.869057235652 
-1.875599624823 
-1.876595248427 
-1.981721831680 
-1.990233107402 
-2.029064200118 
-1.943585956331 
-1.830970237832 
-1.840773621633 
-1.843827328367 
-1.814967573262 
-1.964616370502 
-1.985060462068 
-2.049193835674 
-1.984141330616 
-1.925294848176 
-1.936485782257 
-1.940535132767 
-1.956250319598 
-1.960869679396 
-2.003518888735 
-2.029208727659 
-2.072652644110 
-2.229642213255 
-2.212882718296 
-2.505810577574 
-2.325971352906 
-2.426797039114 
-2.347153479404 
-2.365437689750 
-2.353831283581 
-2.295342144901 
-2.295342144901 
-2.295342144901 
-2.367688324873 
-2.324491513696 
-2.302055439802 
-2.287181470778 
-2.076105332057 
-2.076134445390 
-2.020750885915 
-2.004798394382 
-2.154565823896 
-2.072840085018 
-2.116560711126 
-2.089486020466 
-1.914961087925 
-2.014067654787 
-1.724799859216 
-1.545327409832 
-1.464918137104 
-1.611093250428 
-1.769903709505 
-1.764820121364 
-1.850960461488 
-1.923634725969 
-1.850231110604 
-1.890975330611 
-1.893225280096 
-1.828830829292 
-1.818704878166 
-1.854835221283 
-1.833254290105 
-1.896609900398 
-1.770180345827 
-1.770706710239 
-1.766811451228 
-1.777635509646 
-1.777635509646 
-1.767593213064 
-1.785361755374 
-1.792258412275 
-1.720916533639 
-1.727520097706 
-1.796791134156 
-1.790444179898 
-1.843059001053 
-1.793643428273 
-1.880189471553 
-1.780314687940 
-1.828147457721 
-1.905470253669 
-1.860464204030 
-1.861587986834 
-1.864353555009 
-1.856112292657 
-1.855353098969 
-1.845415821112 
-1.777967265129 
-1.797835762844 
-1.702865169107 
-1.697433616616 
-1.731191066473 
-1.727588149480 
-1.686297069748 
-1.686214150854 
-1.570468451061 
-1.569436581703 
-1.594719170525 
-1.583387309799 
-1.621564169369 
-1.631901822144 
-1.631410602484 
-1.627324400685 
-1.625049441221 
-1.625975151601 
-1.616361627270 
-1.591975252647 
-1.591961045641 
-1.571177600670 
-1.569832759197 
-1.752462446739 
-1.832553190877 
-1.900926708435 
-1.904266929162 
-1.817260221598 
-1.816339946581 
-1.813383784811 
-1.852626776916 
-1.839664196347 
-1.835015992249 
-1.811091321208 
-1.712241419645 
-1.714651343181 
-1.740659704779 
-1.801715580147 
-1.765576810748 
-1.787407044079 
-1.849142442322 
-1.844146536341 
-1.841548100360 
-1.938426287930 
-1.950886276905 
-1.993537589699 
-2.022832724838 
-1.901037184775 
-1.872986156216 
-1.755741703095 
-1.736514646725 
-1.668532897089 
-1.812444773857 
-1.823208232037 
-1.841068836439 
-1.826871269270 
-1.768075906347 
-1.723176230857 
-1.861135482806 
-1.855871216467 
-1.836942363492 
-1.794385150868 
-1.763999633860 
-1.803735047738 
-1.741000775365 
-1.670725297689 
-1.745793747239 
-1.767262456121 
-1.774437884053 
-1.721574485748 
-1.676544120835 
-1.736928946923 
-1.681209900499 
-1.695412645071 
-1.737572729018 
-1.721931135052 
-1.661890347191 
-1.511310497490 
-1.584561829137 
-1.647531199885 
-1.627913422028 
-1.563123677734 
-1.662292506862 
-1.546104699486 
-1.553876449141 
-1.576177310542 
-1.489965798010 
-1.600974967363 
-1.455938957009 
-1.664983248147 
-1.680571265700 
-1.687898270578 
-1.646997320101 
-1.634255144201 
-1.671334983472 
-1.645719875957 
-1.885738461501 
-1.853018670045 
-1.835813600651 
-1.904089796972 
-1.830831740830 
-1.865602181367 
-1.758559818818 
-1.706067607106 
-1.666471894925 
-1.610472499453 
-1.715503291848 
-1.644565545114 
-1.685782894068 
-1.698155327056 
-1.733426995321 
-1.798839418859 
-1.917370283041 
-1.859142208380 
-1.834265311320 
-1.854203616800 
-1.986299107676 
-2.102532211428 
-1.867610708951 
-1.893028154224 
-1.885418199695 
-1.858985467712 
-1.874435817933 
-1.859307912346 
-1.859269107648 
-1.869245558782 
-1.887264162599 
-1.898841226532 
-1.907069276333 
-1.931641591100 
-1.944609162496 
-2.040876485383 
-2.290492490861 
-2.325481895542 
-2.211905736578 
-2.333537449895 
-2.282413570839 
-2.452135379976 
-2.338242467582 
-2.467975754284 
-2.369843282652 
-2.424369529446 
-2.364300454548 
-2.342709927892 
-2.321297372538 
-2.371007085589 
-2.384855164476 
-2.350088851171 
-2.524726296091 
-2.439601043760 
-2.504244676165 
-2.475440731601 
-2.389190427263 
-2.555024076318 
-2.480427955746 
-2.509099166534 
-2.411524194425 
-2.314434297212 
-2.492874093673 
-2.649357863773 
-2.660369195486 
-2.654674138821 
-2.649247694523 
-2.486489705746 
-2.435035216937 
-2.456665195065 
-2.353576349293 
-2.266242595550 
-2.237073239282 
-2.239834846836 
-2.239834846836 
-2.266506054161 
-2.066062888369 
-2.094084648100 
-2.076211489993 
-2.076211489993 
-2.064573913885 
-2.093362421337 
-2.046624636540 
-2.028735477871 
-2.080566976974 
-2.031136376146 
-2.099836876339 
-2.094860403453 
-2.141075616353 
-2.094961657560 
-2.121247125945 
-1.998523123437 
-1.982069251973 
-1.916251530130 
-1.949640168075 
-1.996144266387 
-1.984993786119 
-2.006686446139 
-2.037201911263 
-1.893313586353 
-1.794506135624 
-1.872169458224 
-1.761077153642 
-1.709811160045 
-1.771379663143 
-1.707828204635 
-1.854253273271 
-1.867324278103 
-1.863894045123 
-1.867426085731 
-1.837901568755 
-1.876793322792 
-1.868125249376 
-1.859480783667 
-1.919927031930 
-1.918898827308 
-1.916753879661 
-2.060608635481 
-2.151864500113 
-2.076964279466 
-2.019483210190 
-1.896146122294 
-1.880873521798 
-1.883058513037 
-1.831656629753 
-1.857889830101 
-1.877133086244 
-1.887850323081 
-1.980850169460 
-1.982242813491 
-1.990378951063 
-2.195064019936 
-2.241650221830 
-2.279870561379 
-2.260066792753 
-2.007513801654 
-2.007513801654 
-2.086388857296 
-2.130583919260 
-2.161529347960 
-2.205043958455 
-2.252381288380 
-2.223735708213 
-2.397858948040 
-2.409003201500 
-2.417159329748 
-2.547892451511 
-2.510493868521 
-2.419176455857 
-2.175169285493 
-2.189324421794 
-2.045478152789 
-1.941264220673 
-1.982044823796 
-2.111056507610 
-2.040008169257 
-2.078030690946 
-2.079595630006 
-2.099890118613 
-2.070150858937 
-2.091435362151 
-2.097200017409 
-2.086787007883 
-2.064747123531 
-2.068090599200 
-2.074953098308 
-2.081409776576 
-2.052350636730 
-2.060564732661 
-2.060960503888 
-1.964381875175 
-2.031981031883 
-2.009908501892 
-1.999973722440 
-2.001006258516 
-2.033863353626 
-1.878388329497 
-1.892991591645 
-1.877429847982 
-1.941327953765 
-1.936989041930 
-1.915823307787 
-1.995461993637 
-1.996451125309 
-1.988306205540 
-2.110397787692 
-2.033977844417 
-1.985713181528 
-1.675274627723 
-1.675274627723 
-1.719519946651 
-1.781454479083 
-1.781104576661 
-1.765243624070 
-1.776036962582 
-1.710154549948 
-1.718958579774 
-1.815900986064 
-1.825415334605 
-1.813455541345 
-1.803169360149 
-1.773973525385 
-1.688520569914 
-1.794495754382 
-1.809739732030 
-1.779235991305 
-1.724515362329 
-1.823324825833 
-1.882678979523 
-1.929050751748 
-1.884102861480 
-1.907487557870 
-1.929519141217 
-1.903565516449 
-1.925687792831 
-1.977462570311 
-2.012277584093 
-1.994545457373 
-1.959679528078 
-1.969518634092 
-1.978880933378 
-1.946585998955 
-1.999308539017 
-2.103929068605 
-2.035408156624 
-2.064536873200 
-2.067686737719 
-2.073922659359 
-2.062107761477 
-2.062107761477 
-1.960316784961 
-2.014396534592 
-2.146406558897 
-2.187256348184 
-2.171489501211 
-2.040935663586 
-2.040935663586 
-2.159946390166 
-2.167788718971 
-2.077584223491 
-2.090866482641 
-2.066151576807 
-2.066762505543 
-2.082608296512 
-2.026910341060 
-2.033785732933 
-2.042706891616 
-2.236464891735 
-2.187634012611 
-2.216765507703 
-2.225816829101 
-2.190046276866 
-2.170691936192 
-2.038407581755 
-1.891286304931 
-1.919864247232 
-1.953905717265 
-1.984746457006 
-1.928227753296 
-1.903633367757 
-1.880928046596 
-1.904331739550 
-1.947582478732 
-1.943487874145 
-1.943487874145 
-1.955137368400 
-1.958115959123 
-1.960465049552 
-1.954236572705 
-2.005250151278 
-2.007775261090 
-1.996125779717 
-1.996125779717 
-1.967361923104 
-1.985689841534 
-1.972388977710 
-1.972388977710 
-1.972388977710 
-1.972388977710 
-1.951264387762 
-1.951264387762 
-1.951264387762 
-1.589622453088 
-1.596160203795 
-1.591699507350 
-1.616789448899 
-1.582178217763 
-1.725377170742 
-1.679031217923 
-1.643742117180 
-1.700584788753 
-1.736111268541 
-1.750802973294 
-1.722958999325 
-1.722958999325 
-1.737707715666 
-1.708949058115 
-1.708949058115 
-1.801344706602 
-1.836436110384 
-1.836436110384 
-1.850972791215 
-1.828233975177 
-1.828233975177 
-1.884905677676 
-1.890453252676 
-1.891022824998 
-1.913975377246 
-1.910750142694 
-1.964715536421 
-1.951586371001 
-1.956281436109 
-1.887834911412 
-1.939879363395 
-1.940351361406 
-1.986262531317 
-1.928316015607 
-1.837658275922 
-1.939147292757 
-1.939209765671 
-2.247344890778 
-2.083987063417 
-2.067524855905 
-2.019957088530 
-2.030055214886 
-2.030055214886 
-1.999536306023 
-1.977833856484 
-1.980635531342 
-2.027817192571 
-2.091258229863 
-2.192995708829 
-2.013323987946 
-2.027907528219 
-1.988992351672 
-2.021808233142 
-2.015751179646 
-2.022908418860 
-1.927362106622 
-1.918151271135 
-1.980381251484 
-1.954919205430 
-1.954983707099 
-1.951357919757 
-1.945481577122 
-1.931027411088 
-1.979067266173 
-1.974269198769 
-1.981457522296 
-1.943465598839 
-1.935740693118 
-1.930304846820 
-1.917526115904 
-1.915466012226 
-1.946254595099 
-1.910536665691 
-1.947152280745 
-1.933899997546 
-1.910041285545 
-1.915858773590 
-1.907010040569 
-1.874139601608 
-1.961789182607 
-1.968928389140 
-1.850868431695 
-1.803005040959 
-1.841062231918 
-1.844194709383 
-1.884383592879 
-1.870998767816 
-1.862031109875 
-1.938997503660 
-1.887094727462 
-1.894716978920 
-1.946334716647 
-1.930977536956 
-1.659446942831 
-1.582427773435 
-1.585963532878 
-1.556204264040 
-1.583871479906 
-1.595780486235 
-1.624449025055 
-1.619580708256 
-1.613732001205 
-1.619071031448 
-1.619096231497 
-1.597631486258 
-1.597631486258 
-1.624818869814 
-1.683538046789 
-1.701489854819 
-1.720839886194 
-1.706734898970 
-1.758257935081 
-1.773801758904 
-1.719327357330 
-1.711969018277 
-1.604359138593 
-1.582275068649 
-1.707170118412 
-1.794427749895 
-1.794427749895 
-1.756048548513 
-1.744500920172 
-1.819614266956 
-1.846032501182 
-1.821723087636 
-1.838410372201 
-2.003849564198 
-2.010656878612 
-2.026341493440 
-2.030589169061 
-2.021900484724 
-2.022571918114 
-2.025591275931 
-2.028071737004 
-1.996647562505 
-1.936998536797 
-1.972186323486 
-2.023341257246 
-2.131544107756 
-2.086154475310 
-2.087374428063 
-2.064496238970 
-1.786159858748 
-1.741522346610 
-1.687199792821 
-1.649615169470 
-1.708706718630 
-1.775864253195 
-1.813917734566 
-1.807868250019 
-1.726252480633 
-1.736332067017 
-1.712069003792 
-1.685192354055 
-1.695800064962 
-1.706343930243 
-1.669228542601 
-1.759900361219 
-1.988396137781 
-2.071054948224 
-1.939739728250 
-2.000228495887 
-2.082453969411 
-2.102919923716 
-2.146149455255 
-2.044526742302 
-2.092214738723 
-2.079874681585 
-2.087570252433 
-2.128077292543 
-2.110871086439 
-2.050616598226 
-2.159655055780 
-2.230218814931 
-2.239783770140 
-2.165978066782 
-2.084388942070 
-2.076569071579 
-1.929889196249 
-1.950548906117 
-1.927345460623 
-1.905204581145 
-1.905188042836 
-1.923475077711 
-1.951265123075 
-1.921259680521 
-1.909939606583 
-1.990551920506 
-1.936421101581 
-1.990668516829 
-2.143730134720 
-1.950851941617 
-1.925686851761 
-1.925686851761 
-1.933395093228 
-1.962503250831 
-1.961490168169 
-1.959097848897 
-1.961355484849 
-1.945951246042 
-1.957057052201 
-1.909122327936 
-1.885690208481 
-1.838069960173 
-1.789489339325 
-1.808550820324 
-1.789202954487 
-1.744973883561 
-1.668349271073 
-1.791085433705 
-1.733775790899 
-1.742349388176 
-1.745905343569 
-1.777350839069 
-1.777758008395 
-1.795462277944 
-1.812173491612 
-1.833037766219 
-1.829114290080 
-1.813663787775 
-1.809510319124 
-1.874882248543 
-1.810396470036 
-1.852820972560 
-1.928423908362 
-1.924580939170 
-1.922975010273 
-1.926441329951 
-1.909584209908 
-1.887544340000 
-1.844987627499 
-1.840026078333 
-1.869622358011 
-1.882924233408 
-1.842587021071 
-1.849915068717 
-1.942083528942 
-1.931995373925 
-1.872381646134 
-1.878124885474 
-1.876579159435 
-1.817272847760 
-1.805973329297 
-1.853332370502 
-1.658084210251 
-1.595907587538 
-1.584253970792 
-1.635341111323 
-1.663821860480 
-1.693937050903 
-1.717669242691 
-1.717325182359 
-1.683142008930 
-1.695039868194 
-1.782388974621 
-1.661537704412 
-1.617198208746 
-1.613849345274 
-1.613849345274 
-1.673618124669 
-1.671673249256 
-1.655194614616 
-1.671004153880 
-1.718300834937 
-1.725785471021 
-1.742806856039 
-1.751005420311 
-1.817889269017 
-1.620843332996 
-1.559924386593 
-1.503023995758 
-1.559919866005 
-1.619419466868 
-1.565374537940 
-1.629090712128 
-1.621087307974 
-1.665899007732 
-1.698941231812 
-1.676541747325 
-1.664047540199 
-1.667152822274 
-1.494959461955 
-1.600926612264 
-1.484206217797 
-1.494107775785 
-1.502234869234 
-1.537240134961 
-1.497541050529 
-1.615364616891 
-1.614622674173 
-1.569037220449 
-1.651098696137 
-1.714740992752 
-1.700463312267 
-1.659197684502 
-1.663041920077 
-1.662307131577 
-1.687635946598 
-1.626387577163 
-1.650745436400 
-1.707611596542 
-1.665889866139 
-1.716558380515 
-1.686386917572 
-1.705791457995 
-1.684012756784 
-1.684012756784 
-1.669830283798 
-1.687038255745 
-1.639839198859 
-1.645545832794 
-1.632226049290 
-1.632226049290 
-1.663315055576 
-1.655801153316 
-1.693257380062 
-1.716087890161 
-1.579605497752 
-1.585297107081 
-1.367852965848 
-1.619620191983 
-1.592801306553 
-1.559936202642 
-1.577716728859 
-1.455130438338 
-1.475981686799 
-1.495690917588 
-1.572663445914 
-1.496344093252 
-1.539491747060 
-1.489086313668 
-1.590959405298 
-1.534081646653 
-1.554196757072 
-1.549676948932 
-1.496775683122 
-1.577026958284 
-1.577469784248 
-1.556140558912 
-1.562123695897 
-1.678109886311 
-1.613889828622 
-1.626587177506 
-1.639973014892 
-1.642852913529 
-1.587743096894 
-1.667250236775 
-1.725697158086 
-1.732634814937 
-1.716895380940 
-1.653450959401 
-1.601662952724 
-1.601662952724 
-1.615851928169 
-1.597882318498 
-1.646185319884 
-1.646185319884 
-1.650296032750 
-1.699428712593 
-1.699428712593 
-1.690614631237 
-1.690437644370 
-1.710141307729 
-1.712630996425 
-1.780939091852 
-1.747423468851 
-1.752413266008 
-1.736596518469 
-1.686445827568 
-1.675688369478 
-1.675688369478 
-1.675688369478 
-1.710258246057 
-1.870064570611 
-1.870064570611 
-1.597846354546 
-1.638815653744 
-1.720977450065 
-1.715213586517 
-1.796543191008 
-1.725277873404 
-1.742270155151 
-1.757557739961 
-1.731540402558 
-1.769056421201 
-1.810827787640 
-1.814887409082 
-1.735851037663 
-1.766466137082 
-1.804692740443 
-1.762510882961 
-1.737476193960 
-1.708724853587 
-1.707963574202 
-1.749940800376 
-1.737944880008 
-1.742866175399 
-1.751776494694 
-2.020775771503 
-2.232627319172 
-2.120969266589 
-2.199231349227 
-2.092207818779 
-2.075963742507 
-2.109437469484 
-2.142393308458 
-2.091610492216 
-2.130201002763 
-2.022708741671 
-1.993378633708 
-1.968042216356 
-1.942619391987 
-1.932809427357 
-1.945340465122 
-1.750653132747 
-1.691054460163 
-1.709947296529 
-1.687901425242 
-1.538851284929 
-1.542851781605 
-1.561809102536 
-1.687133827933 
-1.660066685731 
-1.643165614610 
-1.749024636072 
-1.745679110375 
-1.788456969808 
-1.854154142404 
-1.889125060821 
-1.883653160240 
-1.869148071288 
-1.850226592908 
-1.782059256838 
-1.804201563270 
-1.806939449000 
-1.756990180663 
-1.734097044007 
-1.737048324742 
-1.629014000950 
-1.545412088449 
-1.763539664967 
-1.803958848001 
-1.793945862683 
-1.870882195327 
-1.930580069379 
-1.900700318860 
-1.956430822382 
-1.931955383397 
-1.873123201993 
-1.903278601337 
-1.850789821958 
-1.816515821017 
-1.788707868061 
-1.616252180659 
-1.531448543020 
-1.588089279376 
-1.610017148328 
-1.581232386660 
-1.622421722156 
-1.555622510982 
-1.452214668556 
-1.618024910873 
-1.585349634606 
-1.566793526928 
-1.617931729762 
-1.575138835448 
-1.647995473669 
-1.642385980433 
-1.577745240805 
-1.926099971606 
-2.085346069807 
-2.104399719000 
-2.197592792920 
-2.285778862225 
-2.263020898414 
-2.110096799709 
-2.138688111917 
-2.118807056507 
-2.258318675643 
-2.186439579518 
-2.248625602201 
-2.197654099817 
-2.214449159998 
-2.127004102846 
-2.239125805290 
-2.177273345279 
-2.253034710504 
-2.115933347414 
-2.237500912053 
-2.168185243474 
-2.115928626421 
-2.160169010736 
-2.166705284728 
-2.119016619505 
-1.982233640293 
-1.917704589094 
-1.903448831762 
-1.876683956891 
-1.968275328391 
-1.953300456061 
-1.948408103706 
-1.987413047615 
-1.880057374607 
-1.927832180706 
-1.919826573974 
-1.904165448082 
-1.923156064085 
-1.894139172310 
-2.058644769352 
-2.027268198856 
-1.984369227700 
-2.100085449271 
-1.990714314005 
-1.966086475479 
-2.014928874810 
-1.978679392844 
-2.007205913045 
-1.969632436518 
-2.044091689163 
-2.058846424104 
-1.935202586359 
-1.914030660294 
-1.905515748795 
-2.024616251685 
-2.039062882513 
-2.067739886471 
-2.037931527552 
-2.144936949177 
-2.124020784936 
-2.001954745066 
-1.994085833466 
-2.076882812242 
-1.948730276224 
-1.901142866214 
-1.784508256449 
-1.805219077715 
-1.815476447318 
-1.838259080432 
-1.853782581563 
-1.785158354947 
-1.818378604503 
-1.834205032696 
-1.847785512409 
-1.852813841079 
-1.894400260962 
-1.880291439317 
-1.912321251955 
-1.937230529006 
-1.923221947117 
-1.829100439670 
-1.848583608053 
-1.756632003404 
-1.800457322266 
-1.847585318677 
-1.849108671238 
-1.804163220219 
-1.840631599751 
-1.864690254694 
-1.896777681459 
-1.888692275967 
-1.777696337539 
-1.756666215155 
-1.840889688856 
-1.792232588794 
-1.795695547348 
-1.795511660825 
-1.796080011633 
-1.773259446265 
-1.779731276670 
-1.784839333818 
-1.756417364474 
-1.650771277332 
-1.614445327727 
-1.590258618548 
-1.519332754840 
-1.681220936806 
-1.637534435808 
-1.628710398285 
-1.641734166179 
-1.619498118836 
-1.639486320186 
-1.592981104929 
-1.638698101682 
-1.641252210266 
-1.595811438759 
-1.644782489778 
-1.681151793677 
-1.629139109939 
-1.655917395458 
-1.671633161199 
-1.613260202830 
-1.647564996370 
-1.647564996370 
-1.638756543299 
-1.648606297215 
-1.596084123782 
-1.596084123782 
-1.594881904799 
-1.588477775003 
-1.635060779502 
-1.604065302723 
-1.631569400312 
-1.665528333825 
-1.696832152536 
-1.684382043982 
-1.635906499035 
-1.767573383644 
-1.779948786107 
-1.849852005758 
-1.790441110665 
-1.729190674559 
-1.675183994133 
-1.675183994133 
-1.666716799243 
-1.668283161089 
-1.575245523637 
-1.543447488264 
-1.521379334981 
-1.495754904592 
-1.677117541825 
-1.659902548965 
-1.726744782809 
-1.702230937693 
-1.656930757386 
-1.657221789773 
-1.694558894809 
-1.710112377040 
-1.699234468182 
-1.717945512919 
-1.685807480011 
-1.676773546838 
-1.600982422041 
-1.635501251713 
-1.643062890075 
-1.720671647785 
-1.639499499673 
-1.659277189128 
-1.731494859444 
-1.718274930476 
-1.665891134094 
-1.775786292046 
-1.727751066852 
-1.671391853540 
-1.574690335928 
-1.639057466199 
-1.680159063931 
-1.648867313170 
-1.671175199856 
-1.624672807386 
-1.658213300480 
-1.741901494969 
-1.725747714371 
-1.711808696103 
-1.614882772635 
-1.624667867205 
-1.622660496047 
-1.630778279049 
