# time Tc_folded Tref_folded model model_err 
2453115.032645 0.000000 0.000000     0.000000     1.562991 
2453116.717287 0.000000 0.000000     0.000000     1.562991 
2453118.401929 0.000000 0.000000    -0.000000     1.562991 
2453120.086571 0.000000 0.000000    -0.000000     1.562991 
2453121.771213 0.000000 0.000000    -0.000000     1.562991 
2453123.455855 0.000000 0.000000    -0.000000     1.562991 
2453125.140497 0.000000 0.000000    -0.000000     1.562991 
2453126.825139 0.000000 0.000000    -0.000000     1.562991 
2453128.509781 0.000000 0.000000    -0.000000     1.562991 
2453130.194423 0.000000 0.000000    -0.000000     1.562991 
2453131.879065 0.000000 0.000000    -0.000000     1.562991 
2453133.563707 0.000000 0.000000    -0.000000     1.562991 
2453135.248349 0.000000 0.000000    -0.000000     1.562991 
2453136.932991 0.000000 0.000000    -0.000000     1.562991 
2453138.617632 0.000000 0.000000    -0.000000     1.562991 
2453140.302274 0.000000 0.000000    -0.000000     1.562991 
2453141.986916 0.000000 0.000000    -0.000000     1.562991 
2453143.671558 0.000000 0.000000    -0.000000     1.562991 
2453145.356200 0.000000 0.000000     0.000000     1.562991 
2453147.040842 0.000000 0.000000     0.000000     1.562991 
2453148.725484 0.000000 0.000000     0.000000     1.562991 
2453150.410126 0.000000 0.000000     0.000000     1.562991 
2453152.094768 0.000000 0.000000     0.000000     1.562991 
2453153.779410 0.000000 0.000000    -0.000000     1.562991 
2453155.464052 0.000000 0.000000    -0.000000     1.562991 
2453157.148694 0.000000 0.000000    -0.000000     1.562991 
2453158.833336 0.000000 0.000000    -0.000000     1.562991 
2453160.517978 0.000000 0.000000    -0.000000     1.562991 
2453162.202620 0.000000 0.000000    -0.000000     1.562991 
2453163.887262 0.000000 0.000000    -0.000000     1.562991 
2453165.571904 0.000000 0.000000    -0.000000     1.562991 
2453167.256546 0.000000 0.000000    -0.000000     1.562991 
2453168.941188 0.000000 0.000000    -0.000000     1.562991 
2453170.625830 0.000000 0.000000    -0.000000     1.562991 
2453172.310472 0.000000 0.000000    -0.000000     1.562991 
2453173.995114 0.000000 0.000000    -0.000000     1.562991 
2453175.679756 0.000000 0.000000    -0.000000     1.562991 
2453177.364398 0.000000 0.000000    -0.000000     1.562991 
2453179.049040 0.000000 0.000000    -0.000000     1.562991 
2453180.733682 0.000000 0.000000    -0.000000     1.562991 
2453182.418323 0.000000 0.000000    -0.000000     1.562991 
2453184.102965 0.000000 0.000000    -0.000000     1.562991 
2453185.787607 0.000000 0.000000    -0.000000     1.562991 
2453187.472249 0.000000 0.000000    -0.000000     1.562991 
2453189.156891 0.000000 0.000000    -0.000000     1.562991 
2453190.841533 0.000000 0.000000    -0.000000     1.562991 
2453192.526175 0.000000 0.000000    -0.000000     1.562991 
2453194.210817 0.000000 0.000000    -0.000000     1.562991 
2453195.895459 0.000000 0.000000    -0.000000     1.562991 
2453197.580101 0.000000 0.000000    -0.000000     1.562991 
2453199.264743 0.000000 0.000000    -0.000000     1.562991 
2453200.949385 0.000000 0.000000    -0.000000     1.562991 
2453202.634027 0.000000 0.000000    -0.000000     1.562991 
2453204.318669 0.000000 0.000000    -0.000000     1.562991 
2453206.003311 0.000000 0.000000    -0.000000     1.562991 
2453207.687953 0.000000 0.000000    -0.000000     1.562991 
2453209.372595 0.000000 0.000000     0.000000     1.562991 
2453211.057237 0.000000 0.000000     0.000000     1.562991 
2453212.741879 0.000000 0.000000     0.000000     1.562991 
2453214.426521 0.000000 0.000000     0.000000     1.562991 
2453216.111163 0.000000 0.000000     0.000000     1.562991 
2453217.795805 0.000000 0.000000    -0.000000     1.562991 
2453219.480447 0.000000 0.000000    -0.000000     1.562991 
2453221.165089 0.000000 0.000000    -0.000000     1.562991 
2453222.849731 0.000000 0.000000    -0.000000     1.562991 
2453224.534373 0.000000 0.000000    -0.000000     1.562991 
2453226.219015 0.000000 0.000000    -0.000000     1.562991 
2453227.903656 0.000000 0.000000    -0.000000     1.562991 
2453229.588298 0.000000 0.000000    -0.000000     1.562991 
2453231.272940 0.000000 0.000000    -0.000000     1.562991 
2453232.957582 0.000000 0.000000    -0.000000     1.562991 
2453234.642224 0.000000 0.000000    -0.000000     1.562991 
2453236.326866 0.000000 0.000000    -0.000000     1.562991 
2453238.011508 0.000000 0.000000    -0.000000     1.562991 
2453239.696150 0.000000 0.000000    -0.000000     1.562991 
2453241.380792 0.000000 0.000000    -0.000000     1.562991 
2453243.065434 0.000000 0.000000    -0.000000     1.562991 
2453244.750076 0.000000 0.000000    -0.000000     1.562991 
2453246.434718 0.000000 0.000000    -0.000000     1.562991 
2453248.119360 0.000000 0.000000    -0.000000     1.562991 
2453249.804002 0.000000 0.000000    -0.000000     1.562991 
2453251.488644 0.000000 0.000000    -0.000000     1.562991 
2453253.173286 0.000000 0.000000    -0.000000     1.562991 
2453254.857928 0.000000 0.000000    -0.000000     1.562991 
2453256.542570 0.000000 0.000000    -0.000000     1.562991 
2453258.227212 0.000000 0.000000    -0.000000     1.562991 
2453259.911854 0.000000 0.000000    -0.000000     1.562991 
2453261.596496 0.000000 0.000000    -0.000000     1.562991 
2453263.281138 0.000000 0.000000    -0.000000     1.562991 
2453264.965780 0.000000 0.000000    -0.000000     1.562991 
2453266.650422 0.000000 0.000000    -0.000000     1.562991 
2453268.335064 0.000000 0.000000    -0.000000     1.562991 
2453270.019706 0.000000 0.000000    -0.000000     1.562991 
2453271.704348 0.000000 0.000000    -0.000000     1.562991 
2453273.388989 0.000000 0.000000     0.000000     1.562991 
2453275.073631 0.000000 0.000000     0.000000     1.562991 
2453276.758273 0.000000 0.000000     0.000000     1.562991 
2453278.442915 0.000000 0.000000     0.000000     1.562991 
2453280.127557 0.000000 0.000000    -0.000000     1.562991 
2453281.812199 0.000000 0.000000    -0.000000     1.562991 
2453283.496841 0.000000 0.000000    -0.000000     1.562991 
2453285.181483 0.000000 0.000000    -0.000000     1.562991 
2453286.866125 0.000000 0.000000    -0.000000     1.562991 
2453288.550767 0.000000 0.000000    -0.000000     1.562991 
2453290.235409 0.000000 0.000000    -0.000000     1.562991 
2453291.920051 0.000000 0.000000    -0.000000     1.562991 
2453293.604693 0.000000 0.000000    -0.000000     1.562991 
2453295.289335 0.000000 0.000000    -0.000000     1.562991 
2453296.973977 0.000000 0.000000    -0.000000     1.562991 
2453298.658619 0.000000 0.000000    -0.000000     1.562991 
2453300.343261 0.000000 0.000000    -0.000000     1.562991 
2453302.027903 0.000000 0.000000    -0.000000     1.562991 
2453303.712545 0.000000 0.000000    -0.000000     1.562991 
2453305.397187 0.000000 0.000000    -0.000000     1.562991 
2453307.081829 0.000000 0.000000    -0.000000     1.562991 
2453308.766471 0.000000 0.000000    -0.000000     1.562991 
2453310.451113 0.000000 0.000000    -0.000000     1.562991 
2453312.135755 0.000000 0.000000    -0.000000     1.562991 
2453313.820397 0.000000 0.000000    -0.000000     1.562991 
2453315.505039 0.000000 0.000000    -0.000000     1.562991 
2453317.189680 0.000000 0.000000    -0.000000     1.562991 
2453318.874322 0.000000 0.000000    -0.000000     1.562991 
2453320.558964 0.000000 0.000000    -0.000000     1.562991 
2453322.243606 0.000000 0.000000    -0.000000     1.562991 
2453323.928248 0.000000 0.000000    -0.000000     1.562991 
2453325.612890 0.000000 0.000000    -0.000000     1.562991 
2453327.297532 0.000000 0.000000    -0.000000     1.562991 
2453328.982174 0.000000 0.000000    -0.000000     1.562991 
2453330.666816 0.000000 0.000000    -0.000000     1.562991 
2453332.351458 0.000000 0.000000    -0.000000     1.562991 
2453334.036100 0.000000 0.000000    -0.000000     1.562991 
2453335.720742 0.000000 0.000000    -0.000000     1.562991 
2453337.405384 0.000000 0.000000    -0.000000     1.562991 
2453339.090026 0.000000 0.000000    -0.000000     1.562991 
2453340.774668 0.000000 0.000000    -0.000000     1.562991 
2453342.459310 0.000000 0.000000    -0.000000     1.562991 
2453344.143952 0.000000 0.000000    -0.000000     1.562991 
2453345.828594 0.000000 0.000000    -0.000000     1.562991 
2453347.513236 0.000000 0.000000    -0.000000     1.562991 
2453349.197878 0.000000 0.000000    -0.000000     1.562991 
2453350.882520 0.000000 0.000000    -0.000000     1.562991 
2453352.567162 0.000000 0.000000    -0.000000     1.562991 
2453354.251804 0.000000 0.000000    -0.000000     1.562991 
2453355.936446 0.000000 0.000000    -0.000000     1.562991 
2453357.621088 0.000000 0.000000    -0.000000     1.562991 
2453359.305730 0.000000 0.000000    -0.000000     1.562991 
2453360.990372 0.000000 0.000000    -0.000000     1.562991 
2453362.675013 0.000000 0.000000    -0.000000     1.562991 
2453364.359655 0.000000 0.000000    -0.000000     1.562991 
2453366.044297 0.000000 0.000000    -0.000000     1.562991 
2453367.728939 0.000000 0.000000    -0.000000     1.562991 
2453369.413581 0.000000 0.000000    -0.000000     1.562991 
2453371.098223 0.000000 0.000000    -0.000000     1.562991 
2453372.782865 0.000000 0.000000    -0.000000     1.562991 
2453374.467507 0.000000 0.000000    -0.000000     1.562991 
2453376.152149 0.000000 0.000000    -0.000000     1.562991 
2453377.836791 0.000000 0.000000    -0.000000     1.562991 
2453379.521433 0.000000 0.000000    -0.000000     1.562991 
2453381.206075 0.000000 0.000000    -0.000000     1.562991 
2453382.890717 0.000000 0.000000    -0.000000     1.562991 
2453384.575359 0.000000 0.000000    -0.000000     1.562991 
2453386.260001 0.000000 0.000000    -0.000000     1.562991 
2453387.944643 0.000000 0.000000    -0.000000     1.562991 
2453389.629285 0.000000 0.000000    -0.000000     1.562991 
2453391.313927 0.000000 0.000000    -0.000000     1.562991 
2453392.998569 0.000000 0.000000    -0.000000     1.562991 
2453394.683211 0.000000 0.000000    -0.000000     1.562991 
2453396.367853 0.000000 0.000000    -0.000000     1.562991 
2453398.052495 0.000000 0.000000    -0.000000     1.562991 
2453399.737137 0.000000 0.000000    -0.000000     1.562991 
2453401.421779 0.000000 0.000000    -0.000000     1.562991 
2453403.106421 0.000000 0.000000    -0.000000     1.562991 
2453404.791063 0.000000 0.000000    -0.000000     1.562991 
2453406.475704 0.000000 0.000000    -0.000000     1.562991 
2453408.160346 0.000000 0.000000    -0.000000     1.562991 
2453409.844988 0.000000 0.000000    -0.000000     1.562991 
2453411.529630 0.000000 0.000000    -0.000000     1.562991 
2453413.214272 0.000000 0.000000    -0.000000     1.562991 
2453414.898914 0.000000 0.000000    -0.000000     1.562991 
2453416.583556 0.000000 0.000000    -0.000000     1.562991 
2453418.268198 0.000000 0.000000    -0.000000     1.562991 
2453419.952840 0.000000 0.000000    -0.000000     1.562991 
2453421.637482 0.000000 0.000000    -0.000000     1.562991 
2453423.322124 0.000000 0.000000    -0.000000     1.562991 
2453425.006766 0.000000 0.000000    -0.000000     1.562991 
2453426.691408 0.000000 0.000000    -0.000000     1.562991 
2453428.376050 0.000000 0.000000    -0.000000     1.562991 
2453430.060692 0.000000 0.000000    -0.000000     1.562991 
2453431.745334 0.000000 0.000000    -0.000000     1.562991 
2453433.429976 0.000000 0.000000    -0.000000     1.562991 
2453435.114618 0.000000 0.000000    -0.000000     1.562991 
2453436.799260 0.000000 0.000000    -0.000000     1.562991 
2453438.483902 0.000000 0.000000    -0.000000     1.562991 
2453440.168544 0.000000 0.000000    -0.000000     1.562991 
2453441.853186 0.000000 0.000000    -0.000000     1.562991 
2453443.537828 0.000000 0.000000    -0.000000     1.562991 
2453445.222470 0.000000 0.000000    -0.000000     1.562991 
2453446.907112 0.000000 0.000000    -0.000000     1.562991 
2453448.591754 0.000000 0.000000    -0.000000     1.562991 
2453450.276396 0.000000 0.000000    -0.000000     1.562991 
2453451.961037 0.000000 0.000000    -0.000000     1.562991 
2453453.645679 0.000000 0.000000    -0.000000     1.562991 
2453455.330321 0.000000 0.000000    -0.000000     1.562991 
2453457.014963 0.000000 0.000000    -0.000000     1.562991 
2453458.699605 0.000000 0.000000    -0.000000     1.562991 
2453460.384247 0.000000 0.000000    -0.000000     1.562991 
2453462.068889 0.000000 0.000000    -0.000000     1.562991 
2453463.753531 0.000000 0.000000    -0.000000     1.562991 
2453465.438173 0.000000 0.000000    -0.000000     1.562991 
2453467.122815 0.000000 0.000000     0.000000     1.562991 
2453468.807457 0.000000 0.000000     0.000000     1.562991 
2453470.492099 0.000000 0.000000     0.000000     1.562991 
2453472.176741 0.000000 0.000000     0.000000     1.562991 
2453473.861383 0.000000 0.000000    -0.000000     1.562991 
2453475.546025 0.000000 0.000000    -0.000000     1.562991 
2453477.230667 0.000000 0.000000    -0.000000     1.562991 
2453478.915309 0.000000 0.000000    -0.000000     1.562991 
2453480.599951 0.000000 0.000000    -0.000000     1.562991 
2453482.284593 0.000000 0.000000    -0.000000     1.562991 
2453483.969235 0.000000 0.000000    -0.000000     1.562991 
2453485.653877 0.000000 0.000000    -0.000000     1.562991 
2453487.338519 0.000000 0.000000    -0.000000     1.562991 
2453489.023161 0.000000 0.000000    -0.000000     1.562991 
2453490.707803 0.000000 0.000000    -0.000000     1.562991 
2453492.392445 0.000000 0.000000    -0.000000     1.562991 
2453494.077087 0.000000 0.000000    -0.000000     1.562991 
2453495.761729 0.000000 0.000000    -0.000000     1.562991 
2453497.446370 0.000000 0.000000    -0.000000     1.562991 
2453499.131012 0.000000 0.000000     0.000000     1.562991 
2453500.815654 0.000000 0.000000     0.000000     1.562991 
2453502.500296 0.000000 0.000000     0.000000     1.562991 
2453504.184938 0.000000 0.000000    -0.000000     1.562991 
2453505.869580 0.000000 0.000000    -0.000000     1.562991 
2453507.554222 0.000000 0.000000    -0.000000     1.562991 
2453509.238864 0.000000 0.000000    -0.000000     1.562991 
2453510.923506 0.000000 0.000000    -0.000000     1.562991 
2453512.608148 0.000000 0.000000    -0.000000     1.562991 
2453514.292790 0.000000 0.000000    -0.000000     1.562991 
2453515.977432 0.000000 0.000000    -0.000000     1.562991 
2453517.662074 0.000000 0.000000    -0.000000     1.562991 
2453519.346716 0.000000 0.000000    -0.000000     1.562991 
2453521.031358 0.000000 0.000000    -0.000000     1.562991 
2453522.716000 0.000000 0.000000    -0.000000     1.562991 
2453524.400642 0.000000 0.000000    -0.000000     1.562991 
2453526.085284 0.000000 0.000000    -0.000000     1.562991 
2453527.769926 0.000000 0.000000    -0.000000     1.562991 
2453529.454568 0.000000 0.000000     0.000000     1.562991 
2453531.139210 0.000000 0.000000     0.000000     1.562991 
2453532.823852 0.000000 0.000000     0.000000     1.562991 
2453534.508494 0.000000 0.000000     0.000000     1.562991 
2453536.193136 0.000000 0.000000     0.000000     1.562991 
2453537.877778 0.000000 0.000000    -0.000000     1.562991 
2453539.562420 0.000000 0.000000    -0.000000     1.562991 
2453541.247061 0.000000 0.000000    -0.000000     1.562991 
2453542.931703 0.000000 0.000000    -0.000000     1.562991 
2453544.616345 0.000000 0.000000    -0.000000     1.562991 
2453546.300987 0.000000 0.000000    -0.000000     1.562991 
2453547.985629 0.000000 0.000000    -0.000000     1.562991 
2453549.670271 0.000000 0.000000    -0.000000     1.562991 
2453551.354913 0.000000 0.000000    -0.000000     1.562991 
2453553.039555 0.000000 0.000000    -0.000000     1.562991 
2453554.724197 0.000000 0.000000    -0.000000     1.562991 
2453556.408839 0.000000 0.000000    -0.000000     1.562991 
2453558.093481 0.000000 0.000000    -0.000000     1.562991 
2453559.778123 0.000000 0.000000    -0.000000     1.562991 
2453561.462765 0.000000 0.000000    -0.000000     1.562991 
2453563.147407 0.000000 0.000000     0.000000     1.562991 
2453564.832049 0.000000 0.000000     0.000000     1.562991 
2453566.516691 0.000000 0.000000     0.000000     1.562991 
2453568.201333 0.000000 0.000000    -0.000000     1.562991 
2453569.885975 0.000000 0.000000    -0.000000     1.562991 
2453571.570617 0.000000 0.000000    -0.000000     1.562991 
2453573.255259 0.000000 0.000000    -0.000000     1.562991 
2453574.939901 0.000000 0.000000    -0.000000     1.562991 
2453576.624543 0.000000 0.000000    -0.000000     1.562991 
2453578.309185 0.000000 0.000000    -0.000000     1.562991 
2453579.993827 0.000000 0.000000    -0.000000     1.562991 
2453581.678469 0.000000 0.000000    -0.000000     1.562991 
2453583.363111 0.000000 0.000000    -0.000001     1.562991 
2453585.047753 0.000000 0.000000    -0.000001     1.562991 
2453586.732394 0.000000 0.000000    -0.000000     1.562991 
2453588.417036 0.000000 0.000000    -0.000000     1.562991 
2453590.101678 0.000000 0.000000    -0.000000     1.562991 
2453591.786320 0.000000 0.000000    -0.000000     1.562991 
2453593.470962 0.000000 0.000000     0.000000     1.562991 
2453595.155604 0.000000 0.000000     0.000000     1.562991 
2453596.840246 0.000000 0.000000     0.000000     1.562991 
2453598.524888 0.000000 0.000000     0.000000     1.562991 
2453600.209530 0.000000 0.000000     0.000000     1.562991 
2453601.894172 0.000000 0.000000     0.000000     1.562991 
2453603.578814 0.000000 0.000000    -0.000000     1.562991 
2453605.263456 0.000000 0.000000    -0.000000     1.562991 
2453606.948098 0.000000 0.000000    -0.000000     1.562991 
2453608.632740 0.000000 0.000000    -0.000001     1.562991 
2453610.317382 0.000000 0.000000    -0.000001     1.562991 
2453612.002024 0.000000 0.000000    -0.000001     1.562991 
2453613.686666 0.000000 0.000000    -0.000001     1.562991 
2453615.371308 0.000000 0.000000    -0.000001     1.562991 
2453617.055950 0.000000 0.000000    -0.000001     1.562991 
2453618.740592 0.000000 0.000000    -0.000001     1.562991 
2453620.425234 0.000000 0.000000    -0.000001     1.562991 
2453622.109876 0.000000 0.000000    -0.000000     1.562991 
2453623.794518 0.000000 0.000000    -0.000000     1.562991 
2453625.479160 0.000000 0.000000    -0.000000     1.562991 
2453627.163802 0.000000 0.000000     0.000000     1.562991 
2453628.848444 0.000000 0.000000     0.000000     1.562991 
2453630.533085 0.000000 0.000000     0.000000     1.562991 
2453632.217727 0.000000 0.000000    -0.000000     1.562991 
2453633.902369 0.000000 0.000000    -0.000000     1.562991 
2453635.587011 0.000000 0.000000    -0.000000     1.562991 
2453637.271653 0.000000 0.000000    -0.000001     1.562991 
2453638.956295 0.000000 0.000000    -0.000001     1.562991 
2453640.640937 0.000000 0.000000    -0.000001     1.562991 
2453642.325579 0.000000 0.000000    -0.000001     1.562991 
2453644.010221 0.000000 0.000000    -0.000001     1.562991 
2453645.694863 0.000000 0.000000    -0.000001     1.562991 
2453647.379505 0.000000 0.000000    -0.000001     1.562991 
2453649.064147 0.000000 0.000000    -0.000001     1.562991 
2453650.748789 0.000000 0.000000    -0.000001     1.562991 
2453652.433431 0.000000 0.000000    -0.000001     1.562991 
2453654.118073 0.000000 0.000000    -0.000001     1.562991 
2453655.802715 0.000000 0.000000    -0.000000     1.562991 
2453657.487357 0.000000 0.000000     0.000000     1.562991 
2453659.171999 0.000000 0.000000     0.000000     1.562991 
2453660.856641 0.000000 0.000000     0.000000     1.562991 
2453662.541283 0.000000 0.000000     0.000000     1.562991 
2453664.225925 0.000000 0.000000     0.000000     1.562991 
2453665.910567 0.000000 0.000000     0.000000     1.562991 
2453667.595209 0.000000 0.000000    -0.000000     1.562991 
2453669.279851 0.000000 0.000000    -0.000001     1.562991 
2453670.964493 0.000000 0.000000    -0.000001     1.562991 
2453672.649135 0.000000 0.000000    -0.000001     1.562991 
2453674.333777 0.000000 0.000000    -0.000001     1.562991 
2453676.018418 0.000000 0.000000    -0.000001     1.562991 
2453677.703060 0.000000 0.000000    -0.000002     1.562991 
2453679.387702 0.000000 0.000000    -0.000002     1.562991 
2453681.072344 0.000000 0.000000    -0.000002     1.562991 
2453682.756986 0.000000 0.000000    -0.000001     1.562991 
2453684.441628 0.000000 0.000000    -0.000001     1.562991 
2453686.126270 0.000000 0.000000    -0.000001     1.562991 
2453687.810912 0.000000 0.000000    -0.000001     1.562991 
2453689.495554 0.000000 0.000000    -0.000000     1.562991 
2453691.180196 0.000000 0.000000    -0.000000     1.562991 
2453692.864838 0.000000 0.000000     0.000000     1.562991 
2453694.549480 0.000000 0.000000    -0.000000     1.562991 
2453696.234122 0.000000 0.000000    -0.000000     1.562991 
2453697.918764 0.000000 0.000000    -0.000000     1.562991 
2453699.603406 0.000000 0.000000    -0.000001     1.562991 
2453701.288048 0.000000 0.000000    -0.000001     1.562991 
2453702.972690 0.000000 0.000000    -0.000001     1.562991 
2453704.657332 0.000000 0.000000    -0.000001     1.562991 
2453706.341974 0.000000 0.000000    -0.000002     1.562991 
2453708.026616 0.000000 0.000000    -0.000002     1.562991 
2453709.711258 0.000000 0.000000    -0.000002     1.562991 
2453711.395900 0.000000 0.000000    -0.000002     1.562991 
2453713.080542 0.000000 0.000000    -0.000002     1.562991 
2453714.765184 0.000000 0.000000    -0.000002     1.562991 
2453716.449826 0.000000 0.000000    -0.000001     1.562991 
2453718.134468 0.000000 0.000000    -0.000001     1.562991 
2453719.819110 0.000000 0.000000    -0.000001     1.562991 
2453721.503751 0.000000 0.000000    -0.000000     1.562991 
2453723.188393 0.000000 0.000000     0.000000     1.562991 
2453724.873035 0.000000 0.000000     0.000001     1.562991 
2453726.557677 0.000000 0.000000     0.000001     1.562991 
2453728.242319 0.000000 0.000000     0.000000     1.562991 
2453729.926961 0.000000 0.000000     0.000000     1.562991 
2453731.611603 0.000000 0.000000    -0.000000     1.562991 
2453733.296245 0.000000 0.000000    -0.000001     1.562991 
2453734.980887 0.000000 0.000000    -0.000001     1.562991 
2453736.665529 0.000000 0.000000    -0.000002     1.562991 
2453738.350171 0.000000 0.000000    -0.000002     1.562991 
2453740.034813 0.000000 0.000000    -0.000002     1.562991 
2453741.719455 0.000000 0.000000    -0.000003     1.562991 
2453743.404097 0.000000 0.000000    -0.000003     1.562991 
2453745.088739 0.000000 0.000000    -0.000002     1.562991 
2453746.773381 0.000000 0.000000    -0.000002     1.562991 
2453748.458023 0.000000 0.000000    -0.000002     1.562991 
2453750.142665 0.000000 0.000000    -0.000002     1.562991 
2453751.827307 0.000000 0.000000    -0.000001     1.562991 
2453753.511949 0.000000 0.000000    -0.000001     1.562991 
2453755.196591 0.000000 0.000000    -0.000000     1.562991 
2453756.881233 0.000000 0.000000    -0.000000     1.562991 
2453758.565875 0.000000 0.000000    -0.000000     1.562991 
2453760.250517 0.000000 0.000000    -0.000000     1.562991 
2453761.935159 0.000000 0.000000    -0.000001     1.562991 
2453763.619801 0.000000 0.000000    -0.000001     1.562991 
2453765.304442 0.000000 0.000000    -0.000001     1.562991 
2453766.989084 0.000000 0.000000    -0.000002     1.562991 
2453768.673726 0.000000 0.000000    -0.000002     1.562991 
2453770.358368 0.000000 0.000000    -0.000002     1.562991 
2453772.043010 0.000000 0.000000    -0.000002     1.562991 
2453773.727652 0.000000 0.000000    -0.000003     1.562991 
2453775.412294 0.000000 0.000000    -0.000003     1.562991 
2453777.096936 0.000000 0.000000    -0.000003     1.562991 
2453778.781578 0.000000 0.000000    -0.000003     1.562991 
2453780.466220 0.000000 0.000000    -0.000002     1.562991 
2453782.150862 0.000000 0.000000    -0.000002     1.562991 
2453783.835504 0.000000 0.000000    -0.000001     1.562991 
2453785.520146 0.000000 0.000000    -0.000000     1.562991 
2453787.204788 0.000000 0.000000     0.000000     1.562991 
2453788.889430 0.000000 0.000000     0.000001     1.562991 
2453790.574072 0.000000 0.000000     0.000001     1.562991 
2453792.258714 0.000000 0.000000     0.000000     1.562991 
2453793.943356 0.000000 0.000000    -0.000000     1.562991 
2453795.627998 0.000000 0.000000    -0.000001     1.562991 
2453797.312640 0.000000 0.000000    -0.000001     1.562991 
2453798.997282 0.000000 0.000000    -0.000002     1.562991 
2453800.681924 0.000000 0.000000    -0.000002     1.562991 
2453802.366566 0.000000 0.000000    -0.000003     1.562991 
2453804.051208 0.000000 0.000000    -0.000003     1.562991 
2453805.735850 0.000000 0.000000    -0.000003     1.562991 
2453807.420492 0.000000 0.000000    -0.000003     1.562991 
2453809.105134 0.000000 0.000000    -0.000003     1.562991 
2453810.789775 0.000000 0.000000    -0.000003     1.562991 
2453812.474417 0.000000 0.000000    -0.000003     1.562991 
2453814.159059 0.000000 0.000000    -0.000002     1.562991 
2453815.843701 0.000000 0.000000    -0.000002     1.562991 
2453817.528343 0.000000 0.000000    -0.000001     1.562991 
2453819.212985 0.000000 0.000000    -0.000001     1.562991 
2453820.897627 0.000000 0.000000    -0.000001     1.562991 
2453822.582269 0.000000 0.000000    -0.000001     1.562991 
2453824.266911 0.000000 0.000000    -0.000001     1.562991 
2453825.951553 0.000000 0.000000    -0.000001     1.562991 
2453827.636195 0.000000 0.000000    -0.000001     1.562991 
2453829.320837 0.000000 0.000000    -0.000001     1.562991 
2453831.005479 0.000000 0.000000    -0.000002     1.562991 
2453832.690121 0.000000 0.000000    -0.000002     1.562991 
2453834.374763 0.000000 0.000000    -0.000002     1.562991 
2453836.059405 0.000000 0.000000    -0.000002     1.562991 
2453837.744047 0.000000 0.000000    -0.000003     1.562991 
2453839.428689 0.000000 0.000000    -0.000003     1.562991 
2453841.113331 0.000000 0.000000    -0.000003     1.562991 
2453842.797973 0.000000 0.000000    -0.000003     1.562991 
2453844.482615 0.000000 0.000000    -0.000002     1.562991 
2453846.167257 0.000000 0.000000    -0.000002     1.562991 
2453847.851899 0.000000 0.000000    -0.000001     1.562991 
2453849.536541 0.000000 0.000000    -0.000001     1.562991 
2453851.221183 0.000000 0.000000     0.000000     1.562991 
2453852.905825 0.000000 0.000000     0.000000     1.562991 
2453854.590466 0.000000 0.000000     0.000000     1.562991 
2453856.275108 0.000000 0.000000     0.000000     1.562991 
2453857.959750 0.000000 0.000000    -0.000000     1.562991 
2453859.644392 0.000000 0.000000    -0.000001     1.562991 
2453861.329034 0.000000 0.000000    -0.000001     1.562991 
2453863.013676 0.000000 0.000000    -0.000002     1.562991 
2453864.698318 0.000000 0.000000    -0.000002     1.562991 
2453866.382960 0.000000 0.000000    -0.000003     1.562991 
2453868.067602 0.000000 0.000000    -0.000003     1.562991 
2453869.752244 0.000000 0.000000    -0.000003     1.562991 
2453871.436886 0.000000 0.000000    -0.000003     1.562991 
2453873.121528 0.000000 0.000000    -0.000003     1.562991 
2453874.806170 0.000000 0.000000    -0.000003     1.562991 
2453876.490812 0.000000 0.000000    -0.000003     1.562991 
2453878.175454 0.000000 0.000000    -0.000002     1.562991 
2453879.860096 0.000000 0.000000    -0.000002     1.562991 
2453881.544738 0.000000 0.000000    -0.000002     1.562991 
2453883.229380 0.000000 0.000000    -0.000002     1.562991 
2453884.914022 0.000000 0.000000    -0.000002     1.562991 
2453886.598664 0.000000 0.000000    -0.000002     1.562991 
2453888.283306 0.000000 0.000000    -0.000001     1.562991 
2453889.967948 0.000000 0.000000    -0.000001     1.562991 
2453891.652590 0.000000 0.000000    -0.000001     1.562991 
2453893.337232 0.000000 0.000000    -0.000001     1.562991 
2453895.021874 0.000000 0.000000    -0.000001     1.562991 
2453896.706516 0.000000 0.000000    -0.000001     1.562991 
2453898.391158 0.000000 0.000000    -0.000001     1.562991 
2453900.075799 0.000000 0.000000    -0.000002     1.562991 
2453901.760441 0.000000 0.000000    -0.000002     1.562991 
2453903.445083 0.000000 0.000000    -0.000002     1.562991 
2453905.129725 0.000000 0.000000    -0.000002     1.562991 
2453906.814367 0.000000 0.000000    -0.000002     1.562991 
2453908.499009 0.000000 0.000000    -0.000002     1.562991 
2453910.183651 0.000000 0.000000    -0.000002     1.562991 
2453911.868293 0.000000 0.000000    -0.000001     1.562991 
2453913.552935 0.000000 0.000000    -0.000001     1.562991 
2453915.237577 0.000000 0.000000    -0.000001     1.562991 
2453916.922219 0.000000 0.000000    -0.000000     1.562991 
2453918.606861 0.000000 0.000000    -0.000000     1.562991 
2453920.291503 0.000000 0.000000    -0.000000     1.562991 
2453921.976145 0.000000 0.000000    -0.000001     1.562991 
2453923.660787 0.000000 0.000000    -0.000001     1.562991 
2453925.345429 0.000000 0.000000    -0.000001     1.562991 
2453927.030071 0.000000 0.000000    -0.000002     1.562991 
2453928.714713 0.000000 0.000000    -0.000002     1.562991 
2453930.399355 0.000000 0.000000    -0.000003     1.562991 
2453932.083997 0.000000 0.000000    -0.000003     1.562991 
2453933.768639 0.000000 0.000000    -0.000003     1.562991 
2453935.453281 0.000000 0.000000    -0.000003     1.562991 
2453937.137923 0.000000 0.000000    -0.000003     1.562991 
2453938.822565 0.000000 0.000000    -0.000003     1.562991 
2453940.507207 0.000000 0.000000    -0.000003     1.562991 
2453942.191849 0.000000 0.000000    -0.000003     1.562991 
2453943.876491 0.000000 0.000000    -0.000003     1.562991 
2453945.561132 0.000000 0.000000    -0.000002     1.562991 
2453947.245774 0.000000 0.000000    -0.000002     1.562991 
2453948.930416 0.000000 0.000000    -0.000002     1.562991 
2453950.615058 0.000000 0.000000    -0.000002     1.562991 
2453952.299700 0.000000 0.000000    -0.000002     1.562991 
2453953.984342 0.000000 0.000000    -0.000002     1.562991 
2453955.668984 0.000000 0.000000    -0.000001     1.562991 
2453957.353626 0.000000 0.000000    -0.000001     1.562991 
2453959.038268 0.000000 0.000000    -0.000001     1.562991 
2453960.722910 0.000000 0.000000    -0.000001     1.562991 
2453962.407552 0.000000 0.000000    -0.000001     1.562991 
2453964.092194 0.000000 0.000000    -0.000002     1.562991 
2453965.776836 0.000000 0.000000    -0.000002     1.562991 
2453967.461478 0.000000 0.000000    -0.000002     1.562991 
2453969.146120 0.000000 0.000000    -0.000003     1.562991 
2453970.830762 0.000000 0.000000    -0.000003     1.562991 
2453972.515404 0.000000 0.000000    -0.000003     1.562991 
2453974.200046 0.000000 0.000000    -0.000002     1.562991 
2453975.884688 0.000000 0.000000    -0.000002     1.562991 
2453977.569330 0.000000 0.000000    -0.000002     1.562991 
2453979.253972 0.000000 0.000000    -0.000001     1.562991 
2453980.938614 0.000000 0.000000    -0.000001     1.562991 
2453982.623256 0.000000 0.000000    -0.000000     1.562991 
2453984.307898 0.000000 0.000000    -0.000000     1.562991 
2453985.992540 0.000000 0.000000    -0.000001     1.562991 
2453987.677182 0.000000 0.000000    -0.000001     1.562991 
2453989.361823 0.000000 0.000000    -0.000002     1.562991 
2453991.046465 0.000000 0.000000    -0.000002     1.562991 
2453992.731107 0.000000 0.000000    -0.000003     1.562991 
2453994.415749 0.000000 0.000000    -0.000004     1.562991 
2453996.100391 0.000000 0.000000    -0.000005     1.562991 
2453997.785033 0.000000 0.000000    -0.000006     1.562991 
2453999.469675 0.000000 0.000000    -0.000006     1.562991 
2454001.154317 0.000000 0.000000    -0.000007     1.562991 
2454002.838959 0.000000 0.000000    -0.000007     1.562991 
2454004.523601 0.000000 0.000000    -0.000006     1.562991 
2454006.208243 0.000000 0.000000    -0.000005     1.562991 
2454007.892885 0.000000 0.000000    -0.000004     1.562991 
2454009.577527 0.000000 0.000000    -0.000003     1.562991 
2454011.262169 0.000000 0.000000    -0.000002     1.562991 
2454012.946811 0.000000 0.000000    -0.000001     1.562991 
2454014.631453 0.000000 0.000000    -0.000001     1.562991 
2454016.316095 0.000000 0.000000    -0.000001     1.562991 
2454018.000737 0.000000 0.000000    -0.000002     1.562991 
2454019.685379 0.000000 0.000000    -0.000002     1.562991 
2454021.370021 0.000000 0.000000    -0.000003     1.562991 
2454023.054663 0.000000 0.000000    -0.000004     1.562991 
2454024.739305 0.000000 0.000000    -0.000005     1.562991 
2454026.423947 0.000000 0.000000    -0.000005     1.562991 
2454028.108589 0.000000 0.000000    -0.000006     1.562991 
2454029.793231 0.000000 0.000000    -0.000007     1.562991 
2454031.477873 0.000000 0.000000    -0.000008     1.562991 
2454033.162515 0.000000 0.000000    -0.000008     1.562991 
2454034.847156 0.000000 0.000000    -0.000008     1.562991 
2454036.531798 0.000000 0.000000    -0.000008     1.562991 
2454038.216440 0.000000 0.000000    -0.000006     1.562991 
2454039.901082 0.000000 0.000000    -0.000005     1.562991 
2454041.585724 0.000000 0.000000    -0.000003     1.562991 
2454043.270366 0.000000 0.000000    -0.000001     1.562991 
2454044.955008 0.000000 0.000000     0.000001     1.562991 
2454046.639650 0.000000 0.000000     0.000002     1.562991 
2454048.324292 0.000000 0.000000     0.000002     1.562991 
2454050.008934 0.000000 0.000000     0.000001     1.562991 
2454051.693576 0.000000 0.000000    -0.000001     1.562991 
2454053.378218 0.000000 0.000000    -0.000004     1.562991 
2454055.062860 0.000000 0.000000    -0.000006     1.562991 
2454056.747502 0.000000 0.000000    -0.000009     1.562991 
2454058.432144 0.000000 0.000000    -0.000012     1.562991 
2454060.116786 0.000000 0.000000    -0.000015     1.562991 
2454061.801428 0.000000 0.000000    -0.000018     1.562991 
2454063.486070 0.000000 0.000000    -0.000020     1.562991 
2454065.170712 0.000000 0.000000    -0.000021     1.562991 
2454066.855354 0.000000 0.000000    -0.000020     1.562991 
2454068.539996 0.000000 0.000000    -0.000018     1.562991 
2454070.224638 0.000000 0.000000    -0.000014     1.562991 
2454071.909280 0.000000 0.000000    -0.000010     1.562991 
2454073.593922 0.000000 0.000000    -0.000005     1.562991 
2454075.278564 0.000000 0.000000    -0.000001     1.562991 
2454076.963206 0.000000 0.000000     0.000002     1.562991 
2454078.647847 0.000000 0.000000     0.000002     1.562991 
2454080.332489 0.000000 0.000000     0.000001     1.562991 
2454082.017131 0.000000 0.000000    -0.000002     1.562991 
2454083.701773 0.000000 0.000000    -0.000006     1.562991 
2454085.386415 0.000000 0.000000    -0.000010     1.562991 
2454087.071057 0.000000 0.000000    -0.000014     1.562991 
2454088.755699 0.000000 0.000000    -0.000017     1.562991 
2454090.440341 0.000000 0.000000    -0.000020     1.562991 
2454092.124983 0.000000 0.000000    -0.000023     1.562991 
2454093.809625 0.000000 0.000000    -0.000026     1.562991 
2454095.494267 0.000000 0.000000    -0.000028     1.562991 
2454097.178909 0.000000 0.000000    -0.000029     1.562991 
2454098.863551 0.000000 0.000000    -0.000028     1.562991 
2454100.548193 0.000000 0.000000    -0.000025     1.562991 
2454102.232835 0.000000 0.000000    -0.000020     1.562991 
2454103.917477 0.000000 0.000000    -0.000013     1.562991 
2454105.602119 0.000000 0.000000    -0.000005     1.562991 
2454107.286761 0.000000 0.000000     0.000002     1.562991 
2454108.971403 0.000000 0.000000     0.000007     1.562991 
2454110.656045 0.000000 0.000000     0.000010     1.562991 
2454112.340687 0.000000 0.000000     0.000009     1.562991 
2454114.025329 0.000000 0.000000     0.000005     1.562991 
2454115.709971 0.000000 0.000000    -0.000001     1.562991 
2454117.394613 0.000000 0.000000    -0.000009     1.562991 
2454119.079255 0.000000 0.000000    -0.000018     1.562991 
2454120.763897 0.000000 0.000000    -0.000027     1.562991 
2454122.448539 0.000000 0.000000    -0.000035     1.562991 
2454124.133180 0.000000 0.000000    -0.000043     1.562991 
2454125.817822 0.000000 0.000000    -0.000050     1.562991 
2454127.502464 0.000000 0.000000    -0.000054     1.562991 
2454129.187106 0.000000 0.000000    -0.000056     1.562991 
2454130.871748 0.000000 0.000000    -0.000054     1.562991 
2454132.556390 0.000000 0.000000    -0.000048     1.562991 
2454134.241032 0.000000 0.000000    -0.000039     1.562991 
2454135.925674 0.000000 0.000000    -0.000026     1.562991 
2454137.610316 0.000000 0.000000    -0.000013     1.562991 
2454139.294958 0.000000 0.000000    -0.000002     1.562991 
2454140.979600 0.000000 0.000000     0.000005     1.562991 
2454142.664242 0.000000 0.000000     0.000007     1.562991 
2454144.348884 0.000000 0.000000     0.000004     1.562991 
2454146.033526 0.000000 0.000000    -0.000004     1.562991 
2454147.718168 0.000000 0.000000    -0.000014     1.562991 
2454149.402810 0.000000 0.000000    -0.000025     1.562991 
2454151.087452 0.000000 0.000000    -0.000036     1.562991 
2454152.772094 0.000000 0.000000    -0.000046     1.562991 
2454154.456736 0.000000 0.000000    -0.000055     1.562991 
2454156.141378 0.000000 0.000000    -0.000062     1.562991 
2454157.826020 0.000000 0.000000    -0.000069     1.562991 
2454159.510662 0.000000 0.000000    -0.000074     1.562991 
2454161.195304 0.000000 0.000000    -0.000076     1.562991 
2454162.879946 0.000000 0.000000    -0.000074     1.562991 
2454164.564588 0.000000 0.000000    -0.000066     1.562991 
2454166.249230 0.000000 0.000000    -0.000052     1.562991 
2454167.933872 0.000000 0.000000    -0.000034     1.562991 
2454169.618513 0.000000 0.000000    -0.000013     1.562991 
2454171.303155 0.000000 0.000000     0.000006     1.562991 
2454172.987797 0.000000 0.000000     0.000020     1.562991 
2454174.672439 0.000000 0.000000     0.000026     1.562991 
2454176.357081 0.000000 0.000000     0.000024     1.562991 
2454178.041723 0.000000 0.000000     0.000014     1.562991 
2454179.726365 0.000000 0.000000    -0.000002     1.562991 
2454181.411007 0.000000 0.000000    -0.000022     1.562991 
2454183.095649 0.000000 0.000000    -0.000043     1.562991 
2454184.780291 0.000000 0.000000    -0.000063     1.562991 
2454186.464933 0.000000 0.000000    -0.000082     1.562991 
2454188.149575 0.000000 0.000000    -0.000098     1.562991 
2454189.834217 0.000000 0.000000    -0.000112     1.562991 
2454191.518859 0.000000 0.000000    -0.000120     1.562991 
2454193.203501 0.000000 0.000000    -0.000123     1.562991 
2454194.888143 0.000000 0.000000    -0.000119     1.562991 
2454196.572785 0.000000 0.000000    -0.000106     1.562991 
2454198.257427 0.000000 0.000000    -0.000086     1.562991 
2454199.942069 0.000000 0.000000    -0.000061     1.562991 
2454201.626711 0.000000 0.000000    -0.000035     1.562991 
2454203.311353 0.000000 0.000000    -0.000012     1.562991 
2454204.995995 0.000000 0.000000     0.000004     1.562991 
2454206.680637 0.000000 0.000000     0.000009     1.562991 
2454208.365279 0.000000 0.000000     0.000003     1.562991 
2454210.049921 0.000000 0.000000    -0.000011     1.562991 
2454211.734563 0.000000 0.000000    -0.000031     1.562991 
2454213.419204 0.000000 0.000000    -0.000053     1.562991 
2454215.103846 0.000000 0.000000    -0.000075     1.562991 
2454216.788488 0.000000 0.000000    -0.000094     1.562991 
2454218.473130 0.000000 0.000000    -0.000112     1.562991 
2454220.157772 0.000000 0.000000    -0.000128     1.562991 
2454221.842414 0.000000 0.000000    -0.000142     1.562991 
2454223.527056 0.000000 0.000000    -0.000152     1.562991 
2454225.211698 0.000000 0.000000    -0.000157     1.562991 
2454226.896340 0.000000 0.000000    -0.000153     1.562991 
2454228.580982 0.000000 0.000000    -0.000137     1.562991 
2454230.265624 0.000000 0.000000    -0.000110     1.562991 
2454231.950266 0.000000 0.000000    -0.000073     1.562991 
2454233.634908 0.000000 0.000000    -0.000031     1.562991 
2454235.319550 0.000000 0.000000     0.000008     1.562991 
2454237.004192 0.000000 0.000000     0.000037     1.562991 
2454238.688834 0.000000 0.000000     0.000051     1.562991 
2454240.373476 0.000000 0.000000     0.000048     1.562991 
2454242.058118 0.000000 0.000000     0.000028     1.562991 
2454243.742760 0.000000 0.000000    -0.000003     1.562991 
2454245.427402 0.000000 0.000000    -0.000042     1.562991 
2454247.112044 0.000000 0.000000    -0.000082     1.562991 
2454248.796686 0.000000 0.000000    -0.000120     1.562991 
2454250.481328 0.000000 0.000000    -0.000153     1.562991 
2454252.165970 0.000000 0.000000    -0.000181     1.562991 
2454253.850612 0.000000 0.000000    -0.000202     1.562991 
2454255.535254 0.000000 0.000000    -0.000216     1.562991 
2454257.219896 0.000000 0.000000    -0.000220     1.562991 
2454258.904537 0.000000 0.000000    -0.000212     1.562991 
2454260.589179 0.000000 0.000000    -0.000191     1.562991 
2454262.273821 0.000000 0.000000    -0.000159     1.562991 
2454263.958463 0.000000 0.000000    -0.000118     1.562991 
2454265.643105 0.000000 0.000000    -0.000076     1.562991 
2454267.327747 0.000000 0.000000    -0.000038     1.562991 
2454269.012389 0.000000 0.000000    -0.000013     1.562991 
2454270.697031 0.000000 0.000000    -0.000003     1.562991 
2454272.381673 0.000000 0.000000    -0.000010     1.562991 
2454274.066315 0.000000 0.000000    -0.000030     1.562991 
2454275.750957 0.000000 0.000000    -0.000059     1.562991 
2454277.435599 0.000000 0.000000    -0.000091     1.562991 
2454279.120241 0.000000 0.000000    -0.000123     1.562991 
2454280.804883 0.000000 0.000000    -0.000152     1.562991 
2454282.489525 0.000000 0.000000    -0.000179     1.562991 
2454284.174167 0.000000 0.000000    -0.000205     1.562991 
2454285.858809 0.000000 0.000000    -0.000228     1.562991 
2454287.543451 0.000000 0.000000    -0.000247     1.562991 
2454289.228093 0.000000 0.000000    -0.000257     1.562991 
2454290.912735 0.000000 0.000000    -0.000253     1.562991 
2454292.597377 0.000000 0.000000    -0.000229     1.562991 
2454294.282019 0.000000 0.000000    -0.000186     1.562991 
2454295.966661 0.000000 0.000000    -0.000127     1.562991 
2454297.651303 0.000000 0.000000    -0.000061     1.562991 
2454299.335945 0.000000 0.000000     0.000002     1.562991 
2454301.020587 0.000000 0.000000     0.000049     1.562991 
2454302.705228 0.000000 0.000000     0.000073     1.562991 
2454304.389870 0.000000 0.000000     0.000069     1.562991 
2454306.074512 0.000000 0.000000     0.000040     1.562991 
2454307.759154 0.000000 0.000000    -0.000008     1.562991 
2454309.443796 0.000000 0.000000    -0.000067     1.562991 
2454311.128438 0.000000 0.000000    -0.000127     1.562991 
2454312.813080 0.000000 0.000000    -0.000183     1.562991 
2454314.497722 0.000000 0.000000    -0.000231     1.562991 
2454316.182364 0.000000 0.000000    -0.000270     1.562991 
2454317.867006 0.000000 0.000000    -0.000298     1.562991 
2454319.551648 0.000000 0.000000    -0.000314     1.562991 
2454321.236290 0.000000 0.000000    -0.000318     1.562991 
2454322.920932 0.000000 0.000000    -0.000307     1.562991 
2454324.605574 0.000000 0.000000    -0.000281     1.562991 
2454326.290216 0.000000 0.000000    -0.000240     1.562991 
2454327.974858 0.000000 0.000000    -0.000189     1.562991 
2454329.659500 0.000000 0.000000    -0.000136     1.562991 
2454331.344142 0.000000 0.000000    -0.000090     1.562991 
2454333.028784 0.000000 0.000000    -0.000058     1.562991 
2454334.713426 0.000000 0.000000    -0.000043     1.562991 
2454336.398068 0.000000 0.000000    -0.000048     1.562991 
2454338.082710 0.000000 0.000000    -0.000068     1.562991 
2454339.767352 0.000000 0.000000    -0.000097     1.562991 
2454341.451994 0.000000 0.000000    -0.000130     1.562991 
2454343.136636 0.000000 0.000000    -0.000162     1.562991 
2454344.821278 0.000000 0.000000    -0.000193     1.562991 
2454346.505920 0.000000 0.000000    -0.000224     1.562991 
2454348.190561 0.000000 0.000000    -0.000256     1.562991 
2454349.875203 0.000000 0.000000    -0.000287     1.562991 
2454351.559845 0.000000 0.000000    -0.000314     1.562991 
2454353.244487 0.000000 0.000000    -0.000331     1.562991 
2454354.929129 0.000000 0.000000    -0.000330     1.562991 
2454356.613771 0.000000 0.000000    -0.000305     1.562991 
2454358.298413 0.000000 0.000000    -0.000253     1.562991 
2454359.983055 0.000000 0.000000    -0.000181     1.562991 
2454361.667697 0.000000 0.000000    -0.000099     1.562991 
2454363.352339 0.000000 0.000000    -0.000020     1.562991 
2454365.036981 0.000000 0.000000     0.000040     1.562991 
2454366.721623 0.000000 0.000000     0.000071     1.562991 
2454368.406265 0.000000 0.000000     0.000069     1.562991 
2454370.090907 0.000000 0.000000     0.000035     1.562991 
2454371.775549 0.000000 0.000000    -0.000021     1.562991 
2454373.460191 0.000000 0.000000    -0.000091     1.562991 
2454375.144833 0.000000 0.000000    -0.000162     1.562991 
2454376.829475 0.000000 0.000000    -0.000227     1.562991 
2454378.514117 0.000000 0.000000    -0.000281     1.562991 
2454380.198759 0.000000 0.000000    -0.000323     1.562991 
2454381.883401 0.000000 0.000000    -0.000352     1.562991 
2454383.568043 0.000000 0.000000    -0.000368     1.562991 
2454385.252685 0.000000 0.000000    -0.000371     1.562991 
2454386.937327 0.000000 0.000000    -0.000360     1.562991 
2454388.621969 0.000000 0.000000    -0.000335     1.562991 
2454390.306611 0.000000 0.000000    -0.000297     1.562991 
2454391.991253 0.000000 0.000000    -0.000251     1.562991 
2454393.675894 0.000000 0.000000    -0.000204     1.562991 
2454395.360536 0.000000 0.000000    -0.000163     1.562991 
2454397.045178 0.000000 0.000000    -0.000133     1.562991 
2454398.729820 0.000000 0.000000    -0.000118     1.562991 
2454400.414462 0.000000 0.000000    -0.000116     1.562991 
2454402.099104 0.000000 0.000000    -0.000125     1.562991 
2454403.783746 0.000000 0.000000    -0.000138     1.562991 
2454405.468388 0.000000 0.000000    -0.000153     1.562991 
2454407.153030 0.000000 0.000000    -0.000168     1.562991 
2454408.837672 0.000000 0.000000    -0.000185     1.562991 
2454410.522314 0.000000 0.000000    -0.000205     1.562991 
2454412.206956 0.000000 0.000000    -0.000232     1.562991 
2454413.891598 0.000000 0.000000    -0.000265     1.562991 
2454415.576240 0.000000 0.000000    -0.000297     1.562991 
2454417.260882 0.000000 0.000000    -0.000322     1.562991 
2454418.945524 0.000000 0.000000    -0.000330     1.562991 
2454420.630166 0.000000 0.000000    -0.000314     1.562991 
2454422.314808 0.000000 0.000000    -0.000272     1.562991 
2454423.999450 0.000000 0.000000    -0.000209     1.562991 
2454425.684092 0.000000 0.000000    -0.000135     1.562991 
2454427.368734 0.000000 0.000000    -0.000063     1.562991 
2454429.053376 0.000000 0.000000    -0.000006     1.562991 
2454430.738018 0.000000 0.000000     0.000025     1.562991 
2454432.422660 0.000000 0.000000     0.000026     1.562991 
2454434.107302 0.000000 0.000000    -0.000001     1.562991 
2454435.791944 0.000000 0.000000    -0.000049     1.562991 
2454437.476585 0.000000 0.000000    -0.000108     1.562991 
2454439.161227 0.000000 0.000000    -0.000169     1.562991 
2454440.845869 0.000000 0.000000    -0.000225     1.562991 
2454442.530511 0.000000 0.000000    -0.000273     1.562991 
2454444.215153 0.000000 0.000000    -0.000310     1.562991 
2454445.899795 0.000000 0.000000    -0.000337     1.562991 
2454447.584437 0.000000 0.000000    -0.000354     1.562991 
2454449.269079 0.000000 0.000000    -0.000359     1.562991 
2454450.953721 0.000000 0.000000    -0.000354     1.562991 
2454452.638363 0.000000 0.000000    -0.000339     1.562991 
2454454.323005 0.000000 0.000000    -0.000316     1.562991 
2454456.007647 0.000000 0.000000    -0.000287     1.562991 
2454457.692289 0.000000 0.000000    -0.000259     1.562991 
2454459.376931 0.000000 0.000000    -0.000234     1.562991 
2454461.061573 0.000000 0.000000    -0.000215     1.562991 
2454462.746215 0.000000 0.000000    -0.000202     1.562991 
2454464.430857 0.000000 0.000000    -0.000192     1.562991 
2454466.115499 0.000000 0.000000    -0.000183     1.562991 
2454467.800141 0.000000 0.000000    -0.000171     1.562991 
2454469.484783 0.000000 0.000000    -0.000156     1.562991 
2454471.169425 0.000000 0.000000    -0.000142     1.562991 
2454472.854067 0.000000 0.000000    -0.000133     1.562991 
2454474.538709 0.000000 0.000000    -0.000134     1.562991 
2454476.223351 0.000000 0.000000    -0.000148     1.562991 
2454477.907993 0.000000 0.000000    -0.000175     1.562991 
2454479.592635 0.000000 0.000000    -0.000209     1.562991 
2454481.277277 0.000000 0.000000    -0.000241     1.562991 
2454482.961918 0.000000 0.000000    -0.000264     1.562991 
2454484.646560 0.000000 0.000000    -0.000268     1.562991 
2454486.331202 0.000000 0.000000    -0.000251     1.562991 
2454488.015844 0.000000 0.000000    -0.000215     1.562991 
2454489.700486 0.000000 0.000000    -0.000168     1.562991 
2454491.385128 0.000000 0.000000    -0.000118     1.562991 
2454493.069770 0.000000 0.000000    -0.000076     1.562991 
2454494.754412 0.000000 0.000000    -0.000050     1.562991 
2454496.439054 0.000000 0.000000    -0.000043     1.562991 
2454498.123696 0.000000 0.000000    -0.000054     1.562991 
2454499.808338 0.000000 0.000000    -0.000081     1.562991 
2454501.492980 0.000000 0.000000    -0.000118     1.562991 
2454503.177622 0.000000 0.000000    -0.000162     1.562991 
2454504.862264 0.000000 0.000000    -0.000209     1.562991 
2454506.546906 0.000000 0.000000    -0.000258     1.562991 
2454508.231548 0.000000 0.000000    -0.000306     1.562991 
2454509.916190 0.000000 0.000000    -0.000350     1.562991 
2454511.600832 0.000000 0.000000    -0.000389     1.562991 
2454513.285474 0.000000 0.000000    -0.000416     1.562991 
2454514.970116 0.000000 0.000000    -0.000428     1.562991 
2454516.654758 0.000000 0.000000    -0.000422     1.562991 
2454518.339400 0.000000 0.000000    -0.000400     1.562991 
2454520.024042 0.000000 0.000000    -0.000364     1.562991 
2454521.708684 0.000000 0.000000    -0.000322     1.562991 
2454523.393326 0.000000 0.000000    -0.000280     1.562991 
2454525.077968 0.000000 0.000000    -0.000245     1.562991 
2454526.762609 0.000000 0.000000    -0.000219     1.562991 
2454528.447251 0.000000 0.000000    -0.000203     1.562991 
2454530.131893 0.000000 0.000000    -0.000193     1.562991 
2454531.816535 0.000000 0.000000    -0.000186     1.562991 
2454533.501177 0.000000 0.000000    -0.000180     1.562991 
2454535.185819 0.000000 0.000000    -0.000175     1.562991 
2454536.870461 0.000000 0.000000    -0.000175     1.562991 
2454538.555103 0.000000 0.000000    -0.000184     1.562991 
2454540.239745 0.000000 0.000000    -0.000208     1.562991 
2454541.924387 0.000000 0.000000    -0.000246     1.562991 
2454543.609029 0.000000 0.000000    -0.000295     1.562991 
2454545.293671 0.000000 0.000000    -0.000345     1.562991 
2454546.978313 0.000000 0.000000    -0.000383     1.562991 
2454548.662955 0.000000 0.000000    -0.000398     1.562991 
2454550.347597 0.000000 0.000000    -0.000383     1.562991 
2454552.032239 0.000000 0.000000    -0.000336     1.562991 
2454553.716881 0.000000 0.000000    -0.000264     1.562991 
2454555.401523 0.000000 0.000000    -0.000181     1.562991 
2454557.086165 0.000000 0.000000    -0.000102     1.562991 
2454558.770807 0.000000 0.000000    -0.000044     1.562991 
2454560.455449 0.000000 0.000000    -0.000017     1.562991 
2454562.140091 0.000000 0.000000    -0.000025     1.562991 
2454563.824733 0.000000 0.000000    -0.000068     1.562991 
2454565.509375 0.000000 0.000000    -0.000141     1.562991 
2454567.194017 0.000000 0.000000    -0.000240     1.562991 
2454568.878659 0.000000 0.000000    -0.000358     1.562991 
2454570.563301 0.000000 0.000000    -0.000494     1.562991 
2454572.247942 0.000000 0.000000    -0.000640     1.562991 
2454573.932584 0.000000 0.000000    -0.000788     1.562991 
2454575.617226 0.000000 0.000000    -0.000921     1.562991 
2454577.301868 0.000000 0.000000    -0.001021     1.562991 
2454578.986510 0.000000 0.000000    -0.001065     1.562991 
2454580.671152 0.000000 0.000000    -0.001038     1.562991 
2454582.355794 0.000000 0.000000    -0.000934     1.562991 
2454584.040436 0.000000 0.000000    -0.000764     1.562991 
2454585.725078 0.000000 0.000000    -0.000553     1.562991 
2454587.409720 0.000000 0.000000    -0.000340     1.562991 
2454589.094362 0.000000 0.000000    -0.000163     1.562991 
2454590.779004 0.000000 0.000000    -0.000055     1.562991 
2454592.463646 0.000000 0.000000    -0.000030     1.562991 
2454594.148288 0.000000 0.000000    -0.000086     1.562991 
2454595.832930 0.000000 0.000000    -0.000204     1.562991 
2454597.517572 0.000000 0.000000    -0.000357     1.562991 
2454599.202214 0.000000 0.000000    -0.000518     1.562991 
2454600.886856 0.000000 0.000000    -0.000674     1.562991 
2454602.571498 0.000000 0.000000    -0.000818     1.562991 
2454604.256140 0.000000 0.000000    -0.000957     1.562991 
2454605.940782 0.000000 0.000000    -0.001093     1.562991 
2454607.625424 0.000000 0.000000    -0.001224     1.562991 
2454609.310066 0.000000 0.000000    -0.001332     1.562991 
2454610.994708 0.000000 0.000000    -0.001389     1.562991 
2454612.679350 0.000000 0.000000    -0.001362     1.562991 
2454614.363992 0.000000 0.000000    -0.001227     1.562991 
2454616.048634 0.000000 0.000000    -0.000982     1.562991 
2454617.733275 0.000000 0.000000    -0.000651     1.562991 
2454619.417917 0.000000 0.000000    -0.000287     1.562991 
2454621.102559 0.000000 0.000000     0.000046     1.562991 
2454622.787201 0.000000 0.000000     0.000285     1.562991 
2454624.471843 0.000000 0.000000     0.000384     1.562991 
2454626.156485 0.000000 0.000000     0.000324     1.562991 
2454627.841127 0.000000 0.000000     0.000115     1.562991 
2454629.525769 0.000000 0.000000    -0.000213     1.562991 
2454631.210411 0.000000 0.000000    -0.000622     1.562991 
2454632.895053 0.000000 0.000000    -0.001079     1.562991 
2454634.579695 0.000000 0.000000    -0.001556     1.562991 
2454636.264337 0.000000 0.000000    -0.002032     1.562991 
2454637.948979 0.000000 0.000000    -0.002484     1.562991 
2454639.633621 0.000000 0.000000    -0.002873     1.562991 
2454641.318263 0.000000 0.000000    -0.003146     1.562991 
2454643.002905 0.000000 0.000000    -0.003241     1.562991 
2454644.687547 0.000000 0.000000    -0.003107     1.562991 
2454646.372189 0.000000 0.000000    -0.002724     1.562991 
2454648.056831 0.000000 0.000000    -0.002123     1.562991 
2454649.741473 0.000000 0.000000    -0.001387     1.562991 
2454651.426115 0.000000 0.000000    -0.000643     1.562991 
2454653.110757 0.000000 0.000000    -0.000027     1.562991 
2454654.795399 0.000000 0.000000     0.000342     1.562991 
2454656.480041 0.000000 0.000000     0.000403     1.562991 
2454658.164683 0.000000 0.000000     0.000160     1.562991 
2454659.849325 0.000000 0.000000    -0.000324     1.562991 
2454661.533966 0.000000 0.000000    -0.000948     1.562991 
2454663.218608 0.000000 0.000000    -0.001611     1.562991 
2454664.903250 0.000000 0.000000    -0.002239     1.562991 
2454666.587892 0.000000 0.000000    -0.002800     1.562991 
2454668.272534 0.000000 0.000000    -0.003296     1.562991 
2454669.957176 0.000000 0.000000    -0.003739     1.562991 
2454671.641818 0.000000 0.000000    -0.004123     1.562991 
2454673.326460 0.000000 0.000000    -0.004404     1.562991 
2454675.011102 0.000000 0.000000    -0.004501     1.562991 
2454676.695744 0.000000 0.000000    -0.004322     1.562991 
2454678.380386 0.000000 0.000000    -0.003801     1.562991 
2454680.065028 0.000000 0.000000    -0.002936     1.562991 
2454681.749670 0.000000 0.000000    -0.001814     1.562991 
2454683.434312 0.000000 0.000000    -0.000600     1.562991 
2454685.118954 0.000000 0.000000     0.000495     1.562991 
2454686.803596 0.000000 0.000000     0.001266     1.562991 
2454688.488238 0.000000 0.000000     0.001569     1.562991 
2454690.172880 0.000000 0.000000     0.001353     1.562991 
2454691.857522 0.000000 0.000000     0.000662     1.562991 
2454693.542164 0.000000 0.000000    -0.000384     1.562991 
2454695.226806 0.000000 0.000000    -0.001641     1.562991 
2454696.911448 0.000000 0.000000    -0.002974     1.562991 
2454698.596090 0.000000 0.000000    -0.004287     1.562991 
2454700.280732 0.000000 0.000000    -0.005518     1.562991 
2454701.965374 0.000000 0.000000    -0.006616     1.562990 
2454703.650016 0.000000 0.000000    -0.007511     1.562990 
2454705.334658 0.000000 0.000000    -0.008102     1.562990 
2454707.019299 0.000000 0.000000    -0.008261     1.562989 
2454708.703941 0.000000 0.000000    -0.007876     1.562989 
2454710.388583 0.000000 0.000000    -0.006902     1.562989 
2454712.073225 0.000000 0.000000    -0.005405     1.562989 
2454713.757867 0.000000 0.000000    -0.003584     1.562989 
2454715.442509 0.000000 0.000000    -0.001738     1.562989 
2454717.127151 0.000000 0.000000    -0.000202     1.562989 
2454718.811793 0.000000 0.000000     0.000739     1.562989 
2454720.496435 0.000000 0.000000     0.000925     1.562989 
2454722.181077 0.000000 0.000000     0.000359     1.562989 
2454723.865719 0.000000 0.000000    -0.000805     1.562989 
2454725.550361 0.000000 0.000000    -0.002325     1.562989 
2454727.235003 0.000000 0.000000    -0.003953     1.562989 
2454728.919645 0.000000 0.000000    -0.005504     1.562989 
2454730.604287 0.000000 0.000000    -0.006895     1.562989 
2454732.288929 0.000000 0.000000    -0.008124     1.562989 
2454733.973571 0.000000 0.000000    -0.009215     1.562989 
2454735.658213 0.000000 0.000000    -0.010150     1.562989 
2454737.342855 0.000000 0.000000    -0.010822     1.562989 
2454739.027497 0.000000 0.000000    -0.011039     1.562989 
2454740.712139 0.000000 0.000000    -0.010581     1.562989 
2454742.396781 0.000000 0.000000    -0.009291     1.562989 
2454744.081423 0.000000 0.000000    -0.007173     1.562989 
2454745.766065 0.000000 0.000000    -0.004435     1.562989 
2454747.450707 0.000000 0.000000    -0.001478     1.562989 
2454749.135349 0.000000 0.000000     0.001187     1.562989 
2454750.819990 0.000000 0.000000     0.003069     1.562989 
2454752.504632 0.000000 0.000000     0.003823     1.562988 
2454754.189274 0.000000 0.000000     0.003333     1.562988 
2454755.873916 0.000000 0.000000     0.001719     1.562988 
2454757.558558 0.000000 0.000000    -0.000716     1.562988 
2454759.243200 0.000000 0.000000    -0.003595     1.562989 
2454760.927842 0.000000 0.000000    -0.006573     1.562989 
2454762.612484 0.000000 0.000000    -0.009400     1.562989 
2454764.297126 0.000000 0.000000    -0.011930     1.562989 
2454765.981768 0.000000 0.000000    -0.014076     1.562988 
2454767.666410 0.000000 0.000000    -0.015744     1.562987 
2454769.351052 0.000000 0.000000    -0.016785     1.562985 
2454771.035694 0.000000 0.000000    -0.016999     1.562984 
2454772.720336 0.000000 0.000000    -0.016200     1.562983 
2454774.404978 0.000000 0.000000    -0.014311     1.562983 
2454776.089620 0.000000 0.000000    -0.011455     1.562982 
2454777.774262 0.000000 0.000000    -0.007992     1.562982 
2454779.458904 0.000000 0.000000    -0.004472     1.562982 
2454781.143546 0.000000 0.000000    -0.001515     1.562982 
2454782.828188 0.000000 0.000000     0.000348     1.562983 
2454784.512830 0.000000 0.000000     0.000818     1.562983 
2454786.197472 0.000000 0.000000    -0.000103     1.562983 
2454787.882114 0.000000 0.000000    -0.002135     1.562983 
2454789.566756 0.000000 0.000000    -0.004836     1.562983 
2454791.251398 0.000000 0.000000    -0.007754     1.562983 
2454792.936040 0.000000 0.000000    -0.010562     1.562983 
2454794.620682 0.000000 0.000000    -0.013115     1.562983 
2454796.305323 0.000000 0.000000    -0.015418     1.562983 
2454797.989965 0.000000 0.000000    -0.017513     1.562983 
2454799.674607 0.000000 0.000000    -0.019354     1.562983 
2454801.359249 0.000000 0.000000    -0.020722     1.562983 
2454803.043891 0.000000 0.000000    -0.021234     1.562983 
2454804.728533 0.000000 0.000000    -0.020461     1.562983 
2454806.413175 0.000000 0.000000    -0.018100     1.562983 
2454808.097817 0.000000 0.000000    -0.014148     1.562983 
2454809.782459 0.000000 0.000000    -0.008999     1.562983 
2454811.467101 0.000000 0.000000    -0.003412     1.562983 
2454813.151743 0.000000 0.000000     0.001653     1.562982 
2454814.836385 0.000000 0.000000     0.005267     1.562982 
2454816.521027 0.000000 0.000000     0.006781     1.562982 
2454818.205669 0.000000 0.000000     0.005974     1.562981 
2454819.890311 0.000000 0.000000     0.003081     1.562981 
2454821.574953 0.000000 0.000000    -0.001318     1.562982 
2454823.259595 0.000000 0.000000    -0.006491     1.562983 
2454824.944237 0.000000 0.000000    -0.011762     1.562984 
2454826.628879 0.000000 0.000000    -0.016638     1.562985 
2454828.313521 0.000000 0.000000    -0.020846     1.562985 
2454829.998163 0.000000 0.000000    -0.024260     1.562983 
2454831.682805 0.000000 0.000000    -0.026788     1.562981 
2454833.367447 0.000000 0.000000    -0.028274     1.562978 
2454835.052089 0.000000 0.000000    -0.028487     1.562975 
2454836.736731 0.000000 0.000000    -0.027196     1.562973 
2454838.421373 0.000000 0.000000    -0.024311     1.562972 
2454840.106015 0.000000 0.000000    -0.020019     1.562971 
2454841.790656 0.000000 0.000000    -0.014843     1.562971 
2454843.475298 0.000000 0.000000    -0.009578     1.562971 
2454845.159940 0.000000 0.000000    -0.005117     1.562971 
2454846.844582 0.000000 0.000000    -0.002222     1.562971 
2454848.529224 0.000000 0.000000    -0.001313     1.562971 
2454850.213866 0.000000 0.000000    -0.002374     1.562972 
2454851.898508 0.000000 0.000000    -0.004998     1.562972 
2454853.583150 0.000000 0.000000    -0.008559     1.562972 
2454855.267792 0.000000 0.000000    -0.012439     1.562972 
2454856.952434 0.000000 0.000000    -0.016216     1.562972 
2454858.637076 0.000000 0.000000    -0.019734     1.562972 
2454860.321718 0.000000 0.000000    -0.023039     1.562972 
2454862.006360 0.000000 0.000000    -0.026201     1.562972 
2454863.691002 0.000000 0.000000    -0.029127     1.562972 
2454865.375644 0.000000 0.000000    -0.031441     1.562972 
2454867.060286 0.000000 0.000000    -0.032514     1.562972 
2454868.744928 0.000000 0.000000    -0.031649     1.562972 
2454870.429570 0.000000 0.000000    -0.028357     1.562972 
2454872.114212 0.000000 0.000000    -0.022617     1.562972 
2454873.798854 0.000000 0.000000    -0.015014     1.562971 
2454875.483496 0.000000 0.000000    -0.006686     1.562971 
2454877.168138 0.000000 0.000000     0.000925     1.562971 
2454878.852780 0.000000 0.000000     0.006430     1.562971 
2454880.537422 0.000000 0.000000     0.008853     1.562970 
2454882.222064 0.000000 0.000000     0.007862     1.562970 
2454883.906706 0.000000 0.000000     0.003808     1.562970 
2454885.591347 0.000000 0.000000    -0.002441     1.562971 
2454887.275989 0.000000 0.000000    -0.009785     1.562973 
2454888.960631 0.000000 0.000000    -0.017191     1.562975 
2454890.645273 0.000000 0.000000    -0.023909     1.562977 
2454892.329915 0.000000 0.000000    -0.029529     1.562978 
2454894.014557 0.000000 0.000000    -0.033900     1.562977 
2454895.699199 0.000000 0.000000    -0.036970     1.562974 
2454897.383841 0.000000 0.000000    -0.038650     1.562971 
2454899.068483 0.000000 0.000000    -0.038770     1.562967 
2454900.753125 0.000000 0.000000    -0.037143     1.562964 
2454902.437767 0.000000 0.000000    -0.033723     1.562963 
2454904.122409 0.000000 0.000000    -0.028754     1.562962 
2454905.807051 0.000000 0.000000    -0.022835     1.562962 
2454907.491693 0.000000 0.000000    -0.016846     1.562962 
2454909.176335 0.000000 0.000000    -0.011752     1.562962 
2454910.860977 0.000000 0.000000    -0.008343     1.562962 
2454912.545619 0.000000 0.000000    -0.007019     1.562963 
2454914.230261 0.000000 0.000000    -0.007704     1.562963 
2454915.914903 0.000000 0.000000    -0.009924     1.562962 
2454917.599545 0.000000 0.000000    -0.013021     1.562962 
2454919.284187 0.000000 0.000000    -0.016406     1.562962 
2454920.968829 0.000000 0.000000    -0.019754     1.562962 
2454922.653471 0.000000 0.000000    -0.023043     1.562962 
2454924.338113 0.000000 0.000000    -0.026437     1.562962 
2454926.022755 0.000000 0.000000    -0.030057     1.562962 
2454927.707397 0.000000 0.000000    -0.033748     1.562962 
2454929.392039 0.000000 0.000000    -0.036969     1.562962 
2454931.076680 0.000000 0.000000    -0.038859     1.562962 
2454932.761322 0.000000 0.000000    -0.038490     1.562962 
2454934.445964 0.000000 0.000000    -0.035209     1.562962 
2454936.130606 0.000000 0.000000    -0.028953     1.562962 
2454937.815248 0.000000 0.000000    -0.020401     1.562962 
2454939.499890 0.000000 0.000000    -0.010886     1.562962 
2454941.184532 0.000000 0.000000    -0.002096     1.562962 
2454942.869174 0.000000 0.000000     0.004359     1.562962 
2454944.553816 0.000000 0.000000     0.007352     1.562962 
2454946.238458 0.000000 0.000000     0.006507     1.562962 
2454947.923100 0.000000 0.000000     0.002223     1.562963 
2454949.607742 0.000000 0.000000    -0.004512     1.562964 
2454951.292384 0.000000 0.000000    -0.012449     1.562965 
2454952.977026 0.000000 0.000000    -0.020418     1.562968 
2454954.661668 0.000000 0.000000    -0.027562     1.562970 
2454956.346310 0.000000 0.000000    -0.033417     1.562972 
2454958.030952 0.000000 0.000000    -0.037831     1.562972 
2454959.715594 0.000000 0.000000    -0.040808     1.562971 
2454961.400236 0.000000 0.000000    -0.042357     1.562969 
2454963.084878 0.000000 0.000000    -0.042437     1.562966 
2454964.769520 0.000000 0.000000    -0.040996     1.562965 
2454966.454162 0.000000 0.000000    -0.038092     1.562964 
2454968.138804 0.000000 0.000000    -0.033998     1.562964 
2454969.823446 0.000000 0.000000    -0.029240     1.562963 
2454971.508088 0.000000 0.000000    -0.024514     1.562963 
2454973.192730 0.000000 0.000000    -0.020511     1.562964 
2454974.877371 0.000000 0.000000    -0.017720     1.562964 
2454976.562013 0.000000 0.000000    -0.016286     1.562964 
2454978.246655 0.000000 0.000000    -0.016003     1.562964 
2454979.931297 0.000000 0.000000    -0.016435     1.562964 
2454981.615939 0.000000 0.000000    -0.017132     1.562964 
2454983.300581 0.000000 0.000000    -0.017840     1.562964 
2454984.985223 0.000000 0.000000    -0.018608     1.562964 
2454986.669865 0.000000 0.000000    -0.019746     1.562964 
2454988.354507 0.000000 0.000000    -0.021635     1.562965 
2454990.039149 0.000000 0.000000    -0.024476     1.562965 
2454991.723791 0.000000 0.000000    -0.028078     1.562965 
2454993.408433 0.000000 0.000000    -0.031792     1.562965 
2454995.093075 0.000000 0.000000    -0.034634     1.562965 
2454996.777717 0.000000 0.000000    -0.035572     1.562965 
2454998.462359 0.000000 0.000000    -0.033879     1.562964 
2455000.147001 0.000000 0.000000    -0.029413     1.562964 
2455001.831643 0.000000 0.000000    -0.022739     1.562964 
2455003.516285 0.000000 0.000000    -0.015016     1.562964 
2455005.200927 0.000000 0.000000    -0.007706     1.562964 
2455006.885569 0.000000 0.000000    -0.002187     1.562963 
2455008.570211 0.000000 0.000000     0.000595     1.562963 
2455010.254853 0.000000 0.000000     0.000322     1.562963 
2455011.939495 0.000000 0.000000    -0.002699     1.562963 
2455013.624137 0.000000 0.000000    -0.007706     1.562963 
2455015.308779 0.000000 0.000000    -0.013755     1.562963 
2455016.993421 0.000000 0.000000    -0.019982     1.562964 
2455018.678063 0.000000 0.000000    -0.025760     1.562965 
2455020.362704 0.000000 0.000000    -0.030740     1.562966 
2455022.047346 0.000000 0.000000    -0.034776     1.562966 
2455023.731988 0.000000 0.000000    -0.037810     1.562966 
2455025.416630 0.000000 0.000000    -0.039781     1.562965 
2455027.101272 0.000000 0.000000    -0.040608     1.562964 
2455028.785914 0.000000 0.000000    -0.040244     1.562963 
2455030.470556 0.000000 0.000000    -0.038756     1.562962 
2455032.155198 0.000000 0.000000    -0.036388     1.562962 
2455033.839840 0.000000 0.000000    -0.033544     1.562962 
2455035.524482 0.000000 0.000000    -0.030687     1.562962 
2455037.209124 0.000000 0.000000    -0.028198     1.562962 
2455038.893766 0.000000 0.000000    -0.026244     1.562962 
2455040.578408 0.000000 0.000000    -0.024728     1.562962 
2455042.263050 0.000000 0.000000    -0.023352     1.562963 
2455043.947692 0.000000 0.000000    -0.021773     1.562964 
2455045.632334 0.000000 0.000000    -0.019800     1.562965 
2455047.316976 0.000000 0.000000    -0.017534     1.562965 
2455049.001618 0.000000 0.000000    -0.015398     1.562966 
2455050.686260 0.000000 0.000000    -0.014022     1.562966 
2455052.370902 0.000000 0.000000    -0.014010     1.562966 
2455054.055544 0.000000 0.000000    -0.015685     1.562967 
2455055.740186 0.000000 0.000000    -0.018904     1.562967 
2455057.424828 0.000000 0.000000    -0.023021     1.562967 
2455059.109470 0.000000 0.000000    -0.027028     1.562967 
2455060.794112 0.000000 0.000000    -0.029830     1.562966 
2455062.478754 0.000000 0.000000    -0.030577     1.562966 
2455064.163396 0.000000 0.000000    -0.028919     1.562965 
2455065.848037 0.000000 0.000000    -0.025114     1.562964 
2455067.532679 0.000000 0.000000    -0.019956     1.562963 
2455069.217321 0.000000 0.000000    -0.014539     1.562962 
2455070.901963 0.000000 0.000000    -0.009957     1.562962 
2455072.586605 0.000000 0.000000    -0.007038     1.562961 
2455074.271247 0.000000 0.000000    -0.006193     1.562960 
2455075.955889 0.000000 0.000000    -0.007421     1.562960 
2455077.640531 0.000000 0.000000    -0.010435     1.562960 
2455079.325173 0.000000 0.000000    -0.014844     1.562960 
2455081.009815 0.000000 0.000000    -0.020302     1.562960 
2455082.694457 0.000000 0.000000    -0.026563     1.562959 
2455084.379099 0.000000 0.000000    -0.033425     1.562957 
2455086.063741 0.000000 0.000000    -0.040604     1.562953 
2455087.748383 0.000000 0.000000    -0.047611     1.562945 
2455089.433025 0.000000 0.000000    -0.053721     1.562935 
2455091.117667 0.000000 0.000000    -0.058058     1.562925 
2455092.802309 0.000000 0.000000    -0.059810     1.562916 
2455094.486951 0.000000 0.000000    -0.058491     1.562910 
2455096.171593 0.000000 0.000000    -0.054152     1.562907 
2455097.856235 0.000000 0.000000    -0.047461     1.562906 
2455099.540877 0.000000 0.000000    -0.039586     1.562906 
2455101.225519 0.000000 0.000000    -0.031909     1.562906 
2455102.910161 0.000000 0.000000    -0.025670     1.562907 
2455104.594803 0.000000 0.000000    -0.021643     1.562907 
2455106.279445 0.000000 0.000000    -0.019985     1.562908 
2455107.964087 0.000000 0.000000    -0.020292     1.562908 
2455109.648728 0.000000 0.000000    -0.021854     1.562907 
2455111.333370 0.000000 0.000000    -0.024003     1.562906 
2455113.018012 0.000000 0.000000    -0.026408     1.562906 
2455114.702654 0.000000 0.000000    -0.029197     1.562906 
2455116.387296 0.000000 0.000000    -0.032829     1.562906 
2455118.071938 0.000000 0.000000    -0.037776     1.562907 
2455119.756580 0.000000 0.000000    -0.044129     1.562908 
2455121.441222 0.000000 0.000000    -0.051301     1.562908 
2455123.125864 0.000000 0.000000    -0.057981     1.562907 
2455124.810506 0.000000 0.000000    -0.062397     1.562906 
2455126.495148 0.000000 0.000000    -0.062831     1.562906 
2455128.179790 0.000000 0.000000    -0.058217     1.562905 
2455129.864432 0.000000 0.000000    -0.048600     1.562905 
2455131.549074 0.000000 0.000000    -0.035290     1.562904 
2455133.233716 0.000000 0.000000    -0.020620     1.562903 
2455134.918358 0.000000 0.000000    -0.007384     1.562900 
2455136.603000 0.000000 0.000000     0.001857     1.562897 
2455138.287642 0.000000 0.000000     0.005358     1.562893 
2455139.972284 0.000000 0.000000     0.002464     1.562890 
2455141.656926 0.000000 0.000000    -0.006478     1.562889 
2455143.341568 0.000000 0.000000    -0.020504     1.562889 
2455145.026210 0.000000 0.000000    -0.038494     1.562889 
2455146.710852 0.000000 0.000000    -0.059467     1.562879 
2455148.395494 0.000000 0.000000    -0.082579     1.562842 
2455150.080136 0.000000 0.000000    -0.106814     1.562760 
2455151.764778 0.000000 0.000000    -0.130538     1.562624 
2455153.449420 0.000000 0.000000    -0.151227     1.562446 
2455155.134061 0.000000 0.000000    -0.165584     1.562259 
2455156.818703 0.000000 0.000000    -0.170190     1.562100 
2455158.503345 0.000000 0.000000    -0.162533     1.561994 
2455160.187987 0.000000 0.000000    -0.142089     1.561941 
2455161.872629 0.000000 0.000000    -0.111025     1.561923 
2455163.557271 0.000000 0.000000    -0.074157     1.561920 
2455165.241913 0.000000 0.000000    -0.038048     1.561923 
2455166.926555 0.000000 0.000000    -0.009456     1.561929 
2455168.611197 0.000000 0.000000     0.006406     1.561940 
2455170.295839 0.000000 0.000000     0.007187     1.561953 
2455171.980481 0.000000 0.000000    -0.006157     1.561965 
2455173.665123 0.000000 0.000000    -0.029973     1.561977 
2455175.349765 0.000000 0.000000    -0.059330     1.561989 
2455177.034407 0.000000 0.000000    -0.089699     1.562002 
2455178.719049 0.000000 0.000000    -0.118228     1.562013 
2455180.403691 0.000000 0.000000    -0.144121     1.562022 
2455182.088333 0.000000 0.000000    -0.167970     1.562029 
2455183.772975 0.000000 0.000000    -0.190401     1.562033 
2455185.457617 0.000000 0.000000    -0.210642     1.562034 
2455187.142259 0.000000 0.000000    -0.225762     1.562032 
2455188.826901 0.000000 0.000000    -0.231027     1.562027 
2455190.511543 0.000000 0.000000    -0.221394     1.562018 
2455192.196185 0.000000 0.000000    -0.193629     1.562004 
2455193.880827 0.000000 0.000000    -0.148217     1.561980 
2455195.565469 0.000000 0.000000    -0.090254     1.561940 
2455197.250111 0.000000 0.000000    -0.028828     1.561878 
2455198.934752 0.000000 0.000000     0.025012     1.561788 
2455200.619394 0.000000 0.000000     0.061034     1.561678 
2455202.304036 0.000000 0.000000     0.072391     1.561567 
2455203.988678 0.000000 0.000000     0.057062     1.561483 
2455205.673320 0.000000 0.000000     0.017720     1.561457 
2455207.357962 0.000000 0.000000    -0.039796     1.561503 
2455209.042604 0.000000 0.000000    -0.108672     1.561593 
2455210.727246 0.000000 0.000000    -0.182972     1.561629 
2455212.411888 0.000000 0.000000    -0.258377     1.561434 
2455214.096530 0.000000 0.000000    -0.331584     1.560810 
2455215.781172 0.000000 0.000000    -0.398802     1.559656 
2455217.465814 0.000000 0.000000    -0.454323     1.558077 
2455219.150456 0.000000 0.000000    -0.490164     1.556381 
2455220.835098 0.000000 0.000000    -0.497396     1.554935 
2455222.519740 0.000000 0.000000    -0.468967     1.553970 
2455224.204382 0.000000 0.000000    -0.403071     1.553482 
2455225.889024 0.000000 0.000000    -0.305649     1.553307 
2455227.573666 0.000000 0.000000    -0.190749     1.553271 
2455229.258308 0.000000 0.000000    -0.078181     1.553290 
2455230.942950 0.000000 0.000000     0.011082     1.553355 
2455232.627592 0.000000 0.000000     0.060312     1.553470 
2455234.312234 0.000000 0.000000     0.061407     1.553617 
2455235.996876 0.000000 0.000000     0.016647     1.553772 
2455237.681518 0.000000 0.000000    -0.062840     1.553927 
2455239.366160 0.000000 0.000000    -0.161274     1.554078 
2455241.050802 0.000000 0.000000    -0.263460     1.554216 
2455242.735444 0.000000 0.000000    -0.358999     1.554331 
2455244.420085 0.000000 0.000000    -0.443835     1.554420 
2455246.104727 0.000000 0.000000    -0.518655     1.554488 
2455247.789369 0.000000 0.000000    -0.585006     1.554536 
2455249.474011 0.000000 0.000000    -0.641043     1.554556 
2455251.158653 0.000000 0.000000    -0.679072     1.554540 
2455252.843295 0.000000 0.000000    -0.686340     1.554485 
2455254.527937 0.000000 0.000000    -0.649174     1.554388 
2455256.212579 0.000000 0.000000    -0.559038     1.554241 
2455257.897221 0.000000 0.000000    -0.418088     1.554019 
2455259.581863 0.000000 0.000000    -0.241786     1.553685 
2455261.266505 0.000000 0.000000    -0.057122     1.553195 
2455262.951147 0.000000 0.000000     0.103319     1.552528 
2455264.635789 0.000000 0.000000     0.209585     1.551731 
2455266.320431 0.000000 0.000000     0.242031     1.550942 
2455268.005073 0.000000 0.000000     0.195763     1.550379 
2455269.689715 0.000000 0.000000     0.080408     1.550283 
2455271.374357 0.000000 0.000000    -0.084387     1.550808 
2455273.058999 0.000000 0.000000    -0.275711     1.551852 
2455274.743641 0.000000 0.000000    -0.473540     1.552858 
2455276.428283 0.000000 0.000000    -0.663927     1.552777 
2455278.112925 0.000000 0.000000    -0.838263     1.550397 
2455279.797567 0.000000 0.000000    -0.989592     1.545024 
2455281.482209 0.000000 0.000000    -1.108332     1.537103 
2455283.166851 0.000000 0.000000    -1.180176     1.528262 
2455284.851493 0.000000 0.000000    -1.187951     1.520554 
2455286.536135 0.000000 0.000000    -1.117361     1.515343 
2455288.220777 0.000000 0.000000    -0.964535     1.512689 
2455289.905418 0.000000 0.000000    -0.742072     1.511717 
2455291.590060 0.000000 0.000000    -0.480461     1.511487 
2455293.274702 0.000000 0.000000    -0.223331     1.511552 
2455294.959344 0.000000 0.000000    -0.017428     1.511865 
2455296.643986 0.000000 0.000000     0.099517     1.512435 
2455298.328628 0.000000 0.000000     0.108781     1.513156 
2455300.013270 0.000000 0.000000     0.014794     1.513896 
2455301.697912 0.000000 0.000000    -0.158097     1.514598 
2455303.382554 0.000000 0.000000    -0.374951     1.515256 
2455305.067196 0.000000 0.000000    -0.601932     1.515846 
2455306.751838 0.000000 0.000000    -0.815731     1.516338 
2455308.436480 0.000000 0.000000    -1.007035     1.516732 
2455310.121122 0.000000 0.000000    -1.176957     1.517055 
2455311.805764 0.000000 0.000000    -1.328387     1.517301 
2455313.490406 0.000000 0.000000    -1.456584     1.517417 
2455315.175048 0.000000 0.000000    -1.543803     1.517347 
2455316.859690 0.000000 0.000000    -1.561203     1.517078 
2455318.544332 0.000000 0.000000    -1.478152     1.516623 
2455320.228974 0.000000 0.000000    -1.275720     1.515974 
2455321.913616 0.000000 0.000000    -0.958981     1.515068 
2455323.598258 0.000000 0.000000    -0.562705     1.513774 
2455325.282900 0.000000 0.000000    -0.147300     1.511924 
2455326.967542 0.000000 0.000000     0.214468     1.509419 
2455328.652184 0.000000 0.000000     0.455848     1.506407 
2455330.336826 0.000000 0.000000     0.533278     1.503426 
2455332.021468 0.000000 0.000000     0.436479     1.501402 
2455333.706109 0.000000 0.000000     0.188213     1.501463 
2455335.390751 0.000000 0.000000    -0.165583     1.504478 
2455337.075393 0.000000 0.000000    -0.570962     1.510279 
2455338.760035 0.000000 0.000000    -0.980370     1.516838 
2455340.444677 0.000000 0.000000    -1.360964     1.520177 
2455342.129319 0.000000 0.000000    -1.694516     1.515633 
2455343.813961 0.000000 0.000000    -1.970481     1.500125 
2455345.498603 0.000000 0.000000    -2.176833     1.474288 
2455347.183245 0.000000 0.000000    -2.294261     1.443155 
2455348.867887 0.000000 0.000000    -2.297612     1.414359 
2455350.552529 0.000000 0.000000    -2.164901     1.394052 
2455352.237171 0.000000 0.000000    -1.890367     1.383462 
2455353.921813 0.000000 0.000000    -1.495511     1.379513 
2455355.606455 0.000000 0.000000    -1.032302     1.378500 
2455357.291097 0.000000 0.000000    -0.575497     1.378619 
2455358.975739 0.000000 0.000000    -0.205518     1.379669 
2455360.660381 0.000000 0.000000     0.012583     1.381600 
2455362.345023 0.000000 0.000000     0.046461     1.383886 
2455364.029665 0.000000 0.000000    -0.096412     1.385966 
2455365.714307 0.000000 0.000000    -0.374585     1.387694 
2455367.398949 0.000000 0.000000    -0.729001     1.389207 
2455369.083591 0.000000 0.000000    -1.103268     1.390579 
2455370.768233 0.000000 0.000000    -1.459633     1.391779 
2455372.452875 0.000000 0.000000    -1.784329     1.392820 
2455374.137517 0.000000 0.000000    -2.080598     1.393755 
2455375.822159 0.000000 0.000000    -2.353121     1.394515 
2455377.506801 0.000000 0.000000    -2.591581     1.394884 
2455379.191442 0.000000 0.000000    -2.761789     1.394671 
2455380.876084 0.000000 0.000000    -2.809823     1.393860 
2455382.560726 0.000000 0.000000    -2.679126     1.392558 
2455384.245368 0.000000 0.000000    -2.334662     1.390851 
2455385.930010 0.000000 0.000000    -1.784570     1.388679 
2455387.614652 0.000000 0.000000    -1.089908     1.385760 
2455389.299294 0.000000 0.000000    -0.357160     1.381607 
2455390.983936 0.000000 0.000000     0.285391     1.375796 
2455392.668578 0.000000 0.000000     0.720058     1.368512 
2455394.353220 0.000000 0.000000     0.869991     1.361151 
2455396.037862 0.000000 0.000000     0.717047     1.356589 
2455397.722504 0.000000 0.000000     0.301675     1.358748 
2455399.407146 0.000000 0.000000    -0.294036     1.370924 
2455401.091788 0.000000 0.000000    -0.972877     1.392888 
2455402.776430 0.000000 0.000000    -1.648306     1.418640 
2455404.461072 0.000000 0.000000    -2.260384     1.437324 
2455406.145714 0.000000 0.000000    -2.777607     1.437104 
2455407.830356 0.000000 0.000000    -3.186689     1.409503 
2455409.514998 0.000000 0.000000    -3.477480     1.352670 
2455411.199640 0.000000 0.000000    -3.631871     1.273590 
2455412.884282 0.000000 0.000000    -3.623135     1.188749 
2455414.568924 0.000000 0.000000    -3.426778     1.119665 
2455416.253566 0.000000 0.000000    -3.038010     1.079639 
2455417.938208 0.000000 0.000000    -2.487186     1.063889 
2455419.622850 0.000000 0.000000    -1.844670     1.059566 
2455421.307492 0.000000 0.000000    -1.210700     1.059597 
2455422.992133 0.000000 0.000000    -0.692211     1.063085 
2455424.676775 0.000000 0.000000    -0.374483     1.069282 
2455426.361417 0.000000 0.000000    -0.298259     1.075451 
2455428.046059 0.000000 0.000000    -0.451261     1.079256 
2455429.730701 0.000000 0.000000    -0.777476     1.080689 
2455431.415343 0.000000 0.000000    -1.200337     1.081219 
2455433.099985 0.000000 0.000000    -1.650208     1.081980 
2455434.784627 0.000000 0.000000    -2.084746     1.083210 
2455436.469269 0.000000 0.000000    -2.493850     1.084809 
2455438.153911 0.000000 0.000000    -2.887590     1.086638 
2455439.838553 0.000000 0.000000    -3.273152     1.088262 
2455441.523195 0.000000 0.000000    -3.632012     1.088966 
2455443.207837 0.000000 0.000000    -3.909032     1.088267 
2455444.892479 0.000000 0.000000    -4.020490     1.086289 
2455446.577121 0.000000 0.000000    -3.880114     1.083605 
2455448.261763 0.000000 0.000000    -3.434144     1.080848 
2455449.946405 0.000000 0.000000    -2.691747     1.078372 
2455451.631047 0.000000 0.000000    -1.737866     1.075816 
2455453.315689 0.000000 0.000000    -0.721606     1.071790 
2455455.000331 0.000000 0.000000     0.177640     1.064397 
2455456.684973 0.000000 0.000000     0.795691     1.052931 
2455458.369615 0.000000 0.000000     1.025510     1.040300 
2455460.054257 0.000000 0.000000     0.841696     1.035066 
2455461.738899 0.000000 0.000000     0.300188     1.050271 
2455463.423541 0.000000 0.000000    -0.485032     1.094878 
2455465.108183 0.000000 0.000000    -1.378313     1.163146 
2455466.792825 0.000000 0.000000    -2.258029     1.236186 
2455468.477466 0.000000 0.000000    -3.039491     1.292538 
2455470.162108 0.000000 0.000000    -3.679346     1.315183 
2455471.846750 0.000000 0.000000    -4.163838     1.293551 
2455473.531392 0.000000 0.000000    -4.489762     1.223790 
2455475.216034 0.000000 0.000000    -4.649052     1.108883 
2455476.900676 0.000000 0.000000    -4.625017     0.959236 
2455478.585318 0.000000 0.000000    -4.401796     0.794745 
2455480.269960 0.000000 0.000000    -3.981669     0.648783 
2455481.954602 0.000000 0.000000    -3.400543     0.559090 
2455483.639244 0.000000 0.000000    -2.732307     0.525455 
2455485.323886 0.000000 0.000000    -2.077569     0.524355 
2455487.008528 0.000000 0.000000    -1.539434     0.549538 
2455488.693170 0.000000 0.000000    -1.195232     0.585350 
2455490.377812 0.000000 0.000000    -1.075557     0.609431 
2455492.062454 0.000000 0.000000    -1.159439     0.611820 
2455493.747096 0.000000 0.000000    -1.387856     0.595695 
2455495.431738 0.000000 0.000000    -1.690024     0.571651 
2455497.116380 0.000000 0.000000    -2.011259     0.550841 
2455498.801022 0.000000 0.000000    -2.330348     0.539141 
2455500.485664 0.000000 0.000000    -2.658764     0.536453 
2455502.170306 0.000000 0.000000    -3.022010     0.539318 
2455503.854948 0.000000 0.000000    -3.431461     0.542680 
2455505.539590 0.000000 0.000000    -3.859837     0.541941 
2455507.224232 0.000000 0.000000    -4.232707     0.535421 
2455508.908874 0.000000 0.000000    -4.442198     0.525351 
2455510.593516 0.000000 0.000000    -4.379958     0.517609 
2455512.278158 0.000000 0.000000    -3.977968     0.520491 
2455513.962799 0.000000 0.000000    -3.241705     0.539336 
2455515.647441 0.000000 0.000000    -2.262121     0.569113 
2455517.332083 0.000000 0.000000    -1.200338     0.596572 
2455519.016725 0.000000 0.000000    -0.248964     0.609244 
2455520.701367 0.000000 0.000000     0.417429     0.601573 
2455522.386009 0.000000 0.000000     0.686278     0.582054 
2455524.070651 0.000000 0.000000     0.531352     0.587564 
2455525.755293 0.000000 0.000000     0.010849     0.661828 
2455527.439935 0.000000 0.000000    -0.757801     0.786291 
2455529.124577 0.000000 0.000000    -1.635587     0.918712 
2455530.809219 0.000000 0.000000    -2.498039     1.034369 
2455532.493861 0.000000 0.000000    -3.258204     1.119860 
2455534.178503 0.000000 0.000000    -3.871499     1.167549 
2455535.863145 0.000000 0.000000    -4.325256     1.174786 
2455537.547787 0.000000 0.000000    -4.621467     1.144718 
2455539.232429 0.000000 0.000000    -4.762592     1.087357 
2455540.917071 0.000000 0.000000    -4.747090     1.019694 
2455542.601713 0.000000 0.000000    -4.575427     0.961759 
2455544.286355 0.000000 0.000000    -4.261520     0.926152 
2455545.970997 0.000000 0.000000    -3.841666     0.910624 
2455547.655639 0.000000 0.000000    -3.374238     0.905841 
2455549.340281 0.000000 0.000000    -2.928093     0.906340 
2455551.024923 0.000000 0.000000    -2.563542     0.911705 
2455552.709565 0.000000 0.000000    -2.313961     0.922658 
2455554.394207 0.000000 0.000000    -2.176613     0.938683 
2455556.078849 0.000000 0.000000    -2.117649     0.957837 
2455557.763490 0.000000 0.000000    -2.090095     0.977230 
2455559.448132 0.000000 0.000000    -2.057526     0.993949 
2455561.132774 0.000000 0.000000    -2.013103     1.006451 
2455562.817416 0.000000 0.000000    -1.984963     1.015395 
2455564.502058 0.000000 0.000000    -2.024453     1.022866 
2455566.186700 0.000000 0.000000    -2.181029     1.030393 
2455567.871342 0.000000 0.000000    -2.473752     1.037482 
2455569.555984 0.000000 0.000000    -2.871544     1.042021 
2455571.240626 0.000000 0.000000    -3.291580     1.041925 
2455572.925268 0.000000 0.000000    -3.618399     1.036495 
2455574.609910 0.000000 0.000000    -3.738204     1.026654 
2455576.294552 0.000000 0.000000    -3.576578     1.014025 
2455577.979194 0.000000 0.000000    -3.126110     0.999297 
2455579.663836 0.000000 0.000000    -2.453777     0.980914 
2455581.348478 0.000000 0.000000    -1.685195     0.955328 
2455583.033120 0.000000 0.000000    -0.971070     0.918921 
2455584.717762 0.000000 0.000000    -0.447228     0.870597 
2455586.402404 0.000000 0.000000    -0.201312     0.814360 
2455588.087046 0.000000 0.000000    -0.256055     0.761989 
2455589.771688 0.000000 0.000000    -0.572585     0.733050 
2455591.456330 0.000000 0.000000    -1.070046     0.742488 
2455593.140972 0.000000 0.000000    -1.652786     0.783394 
2455594.825614 0.000000 0.000000    -2.235124     0.835769 
2455596.510256 0.000000 0.000000    -2.756373     0.884412 
2455598.194898 0.000000 0.000000    -3.183812     0.922376 
2455599.879540 0.000000 0.000000    -3.506375     0.947787 
2455601.564182 0.000000 0.000000    -3.724874     0.960712 
2455603.248823 0.000000 0.000000    -3.844477     0.961484 
2455604.933465 0.000000 0.000000    -3.872512     0.951024 
2455606.618107 0.000000 0.000000    -3.820875     0.932566 
2455608.302749 0.000000 0.000000    -3.709444     0.912508 
2455609.987391 0.000000 0.000000    -3.566278     0.897788 
2455611.672033 0.000000 0.000000    -3.422225     0.891135 
2455613.356675 0.000000 0.000000    -3.300968     0.891092 
2455615.041317 0.000000 0.000000    -3.208647     0.898674 
2455616.725959 0.000000 0.000000    -3.128480     0.920944 
2455618.410601 0.000000 0.000000    -3.024412     0.963167 
2455620.095243 0.000000 0.000000    -2.854193     1.018946 
2455621.779885 0.000000 0.000000    -2.588006     1.074036 
2455623.464527 0.000000 0.000000    -2.225670     1.117111 
2455625.149169 0.000000 0.000000    -1.805037     1.145099 
2455626.833811 0.000000 0.000000    -1.396930     1.162643 
2455628.518453 0.000000 0.000000    -1.086826     1.177868 
2455630.203095 0.000000 0.000000    -0.948638     1.196051 
2455631.887737 0.000000 0.000000    -1.019408     1.215506 
2455633.572379 0.000000 0.000000    -1.283943     1.229512 
2455635.257021 0.000000 0.000000    -1.675311     1.231724 
2455636.941663 0.000000 0.000000    -2.091748     1.219979 
2455638.626305 0.000000 0.000000    -2.424838     1.196660 
2455640.310947 0.000000 0.000000    -2.589973     1.166061 
2455641.995589 0.000000 0.000000    -2.549382     1.130359 
2455643.680231 0.000000 0.000000    -2.320670     1.087219 
2455645.364873 0.000000 0.000000    -1.968795     1.031315 
2455647.049514 0.000000 0.000000    -1.584853     0.958271 
2455648.734156 0.000000 0.000000    -1.259086     0.867871 
2455650.418798 0.000000 0.000000    -1.056789     0.765576 
2455652.103440 0.000000 0.000000    -1.004149     0.663703 
2455653.788082 0.000000 0.000000    -1.087163     0.582487 
2455655.472724 0.000000 0.000000    -1.262290     0.540623 
2455657.157366 0.000000 0.000000    -1.473915     0.530777 
2455658.842008 0.000000 0.000000    -1.672218     0.529071 
2455660.526650 0.000000 0.000000    -1.825829     0.529707 
2455662.211292 0.000000 0.000000    -1.926287     0.550722 
2455663.895934 0.000000 0.000000    -1.984531     0.602026 
2455665.580576 0.000000 0.000000    -2.022265     0.661971 
2455667.265218 0.000000 0.000000    -2.062242     0.704121 
2455668.949860 0.000000 0.000000    -2.120997     0.715278 
2455670.634502 0.000000 0.000000    -2.205815     0.696035 
2455672.319144 0.000000 0.000000    -2.315586     0.660380 
2455674.003786 0.000000 0.000000    -2.443628     0.631279 
2455675.688428 0.000000 0.000000    -2.580092     0.621757 
2455677.373070 0.000000 0.000000    -2.712405     0.625450 
2455679.057712 0.000000 0.000000    -2.823778     0.643553 
2455680.742354 0.000000 0.000000    -2.891411     0.695134 
2455682.426996 0.000000 0.000000    -2.886824     0.780338 
2455684.111638 0.000000 0.000000    -2.780238     0.871507 
2455685.796280 0.000000 0.000000    -2.549237     0.943682 
2455687.480922 0.000000 0.000000    -2.189678     0.986154 
2455689.165564 0.000000 0.000000    -1.724932     1.001891 
2455690.850206 0.000000 0.000000    -1.208964     1.006750 
2455692.534847 0.000000 0.000000    -0.720096     1.023114 
2455694.219489 0.000000 0.000000    -0.345152     1.061356 
2455695.904131 0.000000 0.000000    -0.157360     1.108630 
2455697.588773 0.000000 0.000000    -0.194390     1.142924 
2455699.273415 0.000000 0.000000    -0.443979     1.149389 
2455700.958057 0.000000 0.000000    -0.843046     1.124939 
2455702.642699 0.000000 0.000000    -1.292185     1.077114 
2455704.327341 0.000000 0.000000    -1.682257     1.020002 
2455706.011983 0.000000 0.000000    -1.925215     0.965372 
2455707.696625 0.000000 0.000000    -1.979152     0.913074 
2455709.381267 0.000000 0.000000    -1.858907     0.852614 
2455711.065909 0.000000 0.000000    -1.628156     0.775234 
2455712.750551 0.000000 0.000000    -1.375359     0.684299 
2455714.435193 0.000000 0.000000    -1.181814     0.602508 
2455716.119835 0.000000 0.000000    -1.093231     0.568605 
2455717.804477 0.000000 0.000000    -1.105165     0.590302 
2455719.489119 0.000000 0.000000    -1.167730     0.631526 
2455721.173761 0.000000 0.000000    -1.207755     0.664157 
2455722.858403 0.000000 0.000000    -1.159876     0.676031 
2455724.543045 0.000000 0.000000    -0.994530     0.665457 
2455726.227687 0.000000 0.000000    -0.731852     0.644015 
2455727.912329 0.000000 0.000000    -0.436017     0.635758 
2455729.596971 0.000000 0.000000    -0.192203     0.652928 
2455731.281613 0.000000 0.000000    -0.075336     0.677449 
2455732.966255 0.000000 0.000000    -0.123061     0.687545 
2455734.650897 0.000000 0.000000    -0.323613     0.679492 
2455736.335539 0.000000 0.000000    -0.623119     0.667100 
2455738.020180 0.000000 0.000000    -0.948764     0.667460 
2455739.704822 0.000000 0.000000    -1.237662     0.680769 
2455741.389464 0.000000 0.000000    -1.458946     0.694492 
2455743.074106 0.000000 0.000000    -1.619656     0.704418 
2455744.758748 0.000000 0.000000    -1.752263     0.719422 
2455746.443390 0.000000 0.000000    -1.889975     0.746642 
2455748.128032 0.000000 0.000000    -2.041758     0.777022 
2455749.812674 0.000000 0.000000    -2.179598     0.791922 
2455751.497316 0.000000 0.000000    -2.245359     0.777396 
2455753.181958 0.000000 0.000000    -2.175814     0.734981 
2455754.866600 0.000000 0.000000    -1.935681     0.700654 
2455756.551242 0.000000 0.000000    -1.543791     0.740235 
2455758.235884 0.000000 0.000000    -1.079156     0.842867 
2455759.920526 0.000000 0.000000    -0.661448     0.941655 
2455761.605168 0.000000 0.000000    -0.411207     0.999816 
2455763.289810 0.000000 0.000000    -0.404438     1.004710 
2455764.974452 0.000000 0.000000    -0.640014     0.956110 
2455766.659094 0.000000 0.000000    -1.034384     0.864794 
2455768.343736 0.000000 0.000000    -1.447805     0.757602 
2455770.028378 0.000000 0.000000    -1.733552     0.680606 
2455771.713020 0.000000 0.000000    -1.791650     0.659462 
2455773.397662 0.000000 0.000000    -1.605938     0.660378 
2455775.082304 0.000000 0.000000    -1.249158     0.652795 
2455776.766946 0.000000 0.000000    -0.853230     0.637960 
2455778.451588 0.000000 0.000000    -0.556009     0.626537 
2455780.136230 0.000000 0.000000    -0.445656     0.620717 
2455781.820871 0.000000 0.000000    -0.525280     0.621127 
2455783.505513 0.000000 0.000000    -0.712564     0.639666 
2455785.190155 0.000000 0.000000    -0.874974     0.686793 
2455786.874797 0.000000 0.000000    -0.886438     0.753137 
2455788.559439 0.000000 0.000000    -0.682248     0.821443 
2455790.244081 0.000000 0.000000    -0.289353     0.880203 
2455791.928723 0.000000 0.000000     0.180884     0.922375 
2455793.613365 0.000000 0.000000     0.574895     0.941562 
2455795.298007 0.000000 0.000000     0.756952     0.931764 
2455796.982649 0.000000 0.000000     0.662288     0.889788 
2455798.667291 0.000000 0.000000     0.321274     0.818291 
2455800.351933 0.000000 0.000000    -0.155337     0.728929 
2455802.036575 0.000000 0.000000    -0.623760     0.644715 
2455803.721217 0.000000 0.000000    -0.966962     0.591650 
2455805.405859 0.000000 0.000000    -1.141414     0.572564 
2455807.090501 0.000000 0.000000    -1.190808     0.570213 
2455808.775143 0.000000 0.000000    -1.220886     0.577311 
2455810.459785 0.000000 0.000000    -1.346331     0.593078 
2455812.144427 0.000000 0.000000    -1.632979     0.608091 
2455813.829069 0.000000 0.000000    -2.061057     0.609625 
2455815.513711 0.000000 0.000000    -2.526477     0.599506 
2455817.198353 0.000000 0.000000    -2.880933     0.614197 
2455818.882995 0.000000 0.000000    -2.994603     0.697053 
2455820.567637 0.000000 0.000000    -2.814801     0.822355 
2455822.252279 0.000000 0.000000    -2.394773     0.942378 
2455823.936921 0.000000 0.000000    -1.878803     1.030081 
2455825.621563 0.000000 0.000000    -1.448040     1.072120 
2455827.306204 0.000000 0.000000    -1.248391     1.062863 
2455828.990846 0.000000 0.000000    -1.330142     1.003062 
2455830.675488 0.000000 0.000000    -1.624929     0.900384 
2455832.360130 0.000000 0.000000    -1.970759     0.771858 
2455834.044772 0.000000 0.000000    -2.175992     0.649777 
2455835.729414 0.000000 0.000000    -2.096830     0.578103 
2455837.414056 0.000000 0.000000    -1.696797     0.562428 
2455839.098698 0.000000 0.000000    -1.063674     0.565593 
2455840.783340 0.000000 0.000000    -0.376627     0.570307 
2455842.467982 0.000000 0.000000     0.163324     0.577521 
2455844.152624 0.000000 0.000000     0.411196     0.594586 
2455845.837266 0.000000 0.000000     0.332558     0.640051 
2455847.521908 0.000000 0.000000     0.012613     0.726985 
2455849.206550 0.000000 0.000000    -0.383324     0.840246 
2455850.891192 0.000000 0.000000    -0.681016     0.954872 
2455852.575834 0.000000 0.000000    -0.770170     1.053732 
2455854.260476 0.000000 0.000000    -0.648569     1.127630 
2455855.945118 0.000000 0.000000    -0.419352     1.172070 
2455857.629760 0.000000 0.000000    -0.243145     1.185283 
2455859.314402 0.000000 0.000000    -0.265815     1.167502 
2455860.999044 0.000000 0.000000    -0.552752     1.120967 
2455862.683686 0.000000 0.000000    -1.057730     1.050171 
2455864.368328 0.000000 0.000000    -1.639578     0.961947 
2455866.052970 0.000000 0.000000    -2.119606     0.865246 
2455867.737612 0.000000 0.000000    -2.355428     0.770888 
2455869.422254 0.000000 0.000000    -2.299875     0.691510 
2455871.106895 0.000000 0.000000    -2.020101     0.639509 
2455872.791537 0.000000 0.000000    -1.668820     0.618662 
2455874.476179 0.000000 0.000000    -1.419967     0.618576 
2455876.160821 0.000000 0.000000    -1.396082     0.627007 
2455877.845463 0.000000 0.000000    -1.618142     0.646067 
2455879.530105 0.000000 0.000000    -1.998976     0.693019 
2455881.214747 0.000000 0.000000    -2.382767     0.777036 
2455882.899389 0.000000 0.000000    -2.613554     0.882728 
2455884.584031 0.000000 0.000000    -2.603272     0.986423 
2455886.268673 0.000000 0.000000    -2.370076     1.070007 
2455887.953315 0.000000 0.000000    -2.030329     1.122211 
2455889.637957 0.000000 0.000000    -1.747382     1.137468 
2455891.322599 0.000000 0.000000    -1.658772     1.115582 
2455893.007241 0.000000 0.000000    -1.812837     1.062166 
2455894.691883 0.000000 0.000000    -2.142099     0.989440 
2455896.376525 0.000000 0.000000    -2.485487     0.916064 
2455898.061167 0.000000 0.000000    -2.651126     0.861867 
2455899.745809 0.000000 0.000000    -2.494372     0.835507 
2455901.430451 0.000000 0.000000    -1.979313     0.829745 
2455903.115093 0.000000 0.000000    -1.198571     0.833863 
2455904.799735 0.000000 0.000000    -0.343273     0.844271 
2455906.484377 0.000000 0.000000     0.364717     0.864473 
2455908.169019 0.000000 0.000000     0.751154     0.900800 
2455909.853661 0.000000 0.000000     0.747451     0.956770 
2455911.538303 0.000000 0.000000     0.406425     1.028375 
2455913.222945 0.000000 0.000000    -0.128546     1.104796 
2455914.907587 0.000000 0.000000    -0.686290     1.173484 
2455916.592228 0.000000 0.000000    -1.135509     1.224514 
2455918.276870 0.000000 0.000000    -1.429513     1.252484 
2455919.961512 0.000000 0.000000    -1.610937     1.256729 
2455921.646154 0.000000 0.000000    -1.776894     1.240439 
2455923.330796 0.000000 0.000000    -2.021745     1.208765 
2455925.015438 0.000000 0.000000    -2.383635     1.166389 
2455926.700080 0.000000 0.000000    -2.818531     1.116037 
2455928.384722 0.000000 0.000000    -3.212993     1.059596 
2455930.069364 0.000000 0.000000    -3.429928     1.001663 
2455931.754006 0.000000 0.000000    -3.367335     0.952592 
2455933.438648 0.000000 0.000000    -3.004637     0.925562 
2455935.123290 0.000000 0.000000    -2.416689     0.925368 
2455936.807932 0.000000 0.000000    -1.749439     0.942307 
2455938.492574 0.000000 0.000000    -1.167441     0.961693 
2455940.177216 0.000000 0.000000    -0.795066     0.974819 
2455941.861858 0.000000 0.000000    -0.675509     0.981968 
2455943.546500 0.000000 0.000000    -0.763681     0.990392 
2455945.231142 0.000000 0.000000    -0.954567     1.008213 
2455946.915784 0.000000 0.000000    -1.133678     1.035976 
2455948.600426 0.000000 0.000000    -1.227348     1.064151 
2455950.285068 0.000000 0.000000    -1.231338     1.079455 
2455951.969710 0.000000 0.000000    -1.206058     1.072147 
2455953.654352 0.000000 0.000000    -1.241368     1.039454 
2455955.338994 0.000000 0.000000    -1.407027     0.986431 
2455957.023636 0.000000 0.000000    -1.710972     0.925609 
2455958.708278 0.000000 0.000000    -2.084196     0.873789 
2455960.392920 0.000000 0.000000    -2.399666     0.843079 
2455962.077561 0.000000 0.000000    -2.518339     0.832292 
2455963.762203 0.000000 0.000000    -2.343964     0.831905 
2455965.446845 0.000000 0.000000    -1.864607     0.836481 
2455967.131487 0.000000 0.000000    -1.164187     0.850411 
2455968.816129 0.000000 0.000000    -0.399329     0.884540 
2455970.500771 0.000000 0.000000     0.249557     0.945340 
2455972.185413 0.000000 0.000000     0.634339     1.026708 
2455973.870055 0.000000 0.000000     0.681744     1.114212 
2455975.554697 0.000000 0.000000     0.407998     1.193162 
2455977.239339 0.000000 0.000000    -0.097460     1.251969 
2455978.923981 0.000000 0.000000    -0.710249     1.282436 
2455980.608623 0.000000 0.000000    -1.314791     1.279792 
2455982.293265 0.000000 0.000000    -1.836554     1.243424 
2455983.977907 0.000000 0.000000    -2.252163     1.178250 
2455985.662549 0.000000 0.000000    -2.576782     1.096183 
2455987.347191 0.000000 0.000000    -2.837572     1.015519 
2455989.031833 0.000000 0.000000    -3.046949     0.953720 
2455990.716475 0.000000 0.000000    -3.188058     0.915810 
2455992.401117 0.000000 0.000000    -3.218432     0.896631 
2455994.085759 0.000000 0.000000    -3.089262     0.897793 
2455995.770401 0.000000 0.000000    -2.770869     0.929932 
2455997.455043 0.000000 0.000000    -2.272609     0.992999 
2455999.139685 0.000000 0.000000    -1.648288     1.069192 
2456000.824327 0.000000 0.000000    -0.984660     1.138045 
2456002.508969 0.000000 0.000000    -0.377773     1.186150 
2456004.193611 0.000000 0.000000     0.093348     1.207013 
2456005.878252 0.000000 0.000000     0.385667     1.199103 
2456007.562894 0.000000 0.000000     0.497405     1.165046 
2456009.247536 0.000000 0.000000     0.459275     1.111525 
2456010.932178 0.000000 0.000000     0.316979     1.048290 
2456012.616820 0.000000 0.000000     0.113151     0.984445 
2456014.301462 0.000000 0.000000    -0.123807     0.922828 
2456015.986104 0.000000 0.000000    -0.380485     0.858256 
2456017.670746 0.000000 0.000000    -0.650294     0.783324 
2456019.355388 0.000000 0.000000    -0.921795     0.697241 
2456021.040030 0.000000 0.000000    -1.170190     0.613800 
2456022.724672 0.000000 0.000000    -1.356837     0.562670 
2456024.409314 0.000000 0.000000    -1.437799     0.557147 
2456026.093956 0.000000 0.000000    -1.378309     0.569142 
2456027.778598 0.000000 0.000000    -1.167405     0.574678 
2456029.463240 0.000000 0.000000    -0.826787     0.580921 
2456031.147882 0.000000 0.000000    -0.410175     0.622060 
2456032.832524 0.000000 0.000000     0.007067     0.717492 
2456034.517166 0.000000 0.000000     0.344906     0.844000 
2456036.201808 0.000000 0.000000     0.537069     0.972834 
2456037.886450 0.000000 0.000000     0.545700     1.086283 
2456039.571092 0.000000 0.000000     0.368621     1.173393 
2456041.255734 0.000000 0.000000     0.037972     1.226493 
2456042.940376 0.000000 0.000000    -0.388555     1.240096 
2456044.625018 0.000000 0.000000    -0.841087     1.210889 
2456046.309660 0.000000 0.000000    -1.252073     1.138252 
2456047.994302 0.000000 0.000000    -1.568695     1.025139 
2456049.678944 0.000000 0.000000    -1.760723     0.879694 
2456051.363585 0.000000 0.000000    -1.822504     0.719376 
2456053.048227 0.000000 0.000000    -1.769002     0.581908 
2456054.732869 0.000000 0.000000    -1.627170     0.524199 
2456056.417511 0.000000 0.000000    -1.425227     0.553254 
2456058.102153 0.000000 0.000000    -1.183166     0.643226 
2456059.786795 0.000000 0.000000    -0.907835     0.773498 
2456061.471437 0.000000 0.000000    -0.594699     0.913067 
2456063.156079 0.000000 0.000000    -0.236117     1.038005 
2456064.840721 0.000000 0.000000     0.166687     1.135138 
2456066.525363 0.000000 0.000000     0.592851     1.197763 
2456068.210005 0.000000 0.000000     0.997640     1.222616 
2456069.894647 0.000000 0.000000     1.318265     1.208510 
2456071.579289 0.000000 0.000000     1.489667     1.156093 
2456073.263931 0.000000 0.000000     1.465932     1.068421 
2456074.948573 0.000000 0.000000     1.239820     0.952289 
2456076.633215 0.000000 0.000000     0.852442     0.820755 
2456078.317857 0.000000 0.000000     0.387819     0.697378 
2456080.002499 0.000000 0.000000    -0.047664     0.614216 
2456081.687141 0.000000 0.000000    -0.355080     0.581192 
2456083.371783 0.000000 0.000000    -0.472094     0.572235 
2456085.056425 0.000000 0.000000    -0.391031     0.569004 
2456086.741067 0.000000 0.000000    -0.159097     0.571595 
2456088.425709 0.000000 0.000000     0.139534     0.581459 
2456090.110351 0.000000 0.000000     0.413149     0.597689 
2456091.794993 0.000000 0.000000     0.592462     0.623748 
2456093.479635 0.000000 0.000000     0.650005     0.664797 
2456095.164276 0.000000 0.000000     0.602278     0.718492 
2456096.848918 0.000000 0.000000     0.495108     0.776651 
2456098.533560 0.000000 0.000000     0.379528     0.833599 
2456100.218202 0.000000 0.000000     0.289114     0.888152 
2456101.902844 0.000000 0.000000     0.228624     0.939447 
2456103.587486 0.000000 0.000000     0.178289     0.982975 
2456105.272128 0.000000 0.000000     0.110773     1.010889 
2456106.956770 0.000000 0.000000     0.011863     1.015261 
2456108.641412 0.000000 0.000000    -0.105834     0.991052 
2456110.326054 0.000000 0.000000    -0.203660     0.937708 
2456112.010696 0.000000 0.000000    -0.232658     0.860128 
2456113.695338 0.000000 0.000000    -0.157332     0.770180 
2456115.379980 0.000000 0.000000     0.024012     0.688183 
2456117.064622 0.000000 0.000000     0.273028     0.636351 
2456118.749264 0.000000 0.000000     0.523834     0.618908 
2456120.433906 0.000000 0.000000     0.710237     0.624680 
2456122.118548 0.000000 0.000000     0.796125     0.654652 
2456123.803190 0.000000 0.000000     0.794850     0.716615 
2456125.487832 0.000000 0.000000     0.767195     0.800690 
2456127.172474 0.000000 0.000000     0.796488     0.885512 
2456128.857116 0.000000 0.000000     0.949927     0.954567 
2456130.541758 0.000000 0.000000     1.242406     0.999385 
2456132.226400 0.000000 0.000000     1.619705     1.017213 
2456133.911042 0.000000 0.000000     1.970870     1.008701 
2456135.595684 0.000000 0.000000     2.167648     0.976506 
2456137.280326 0.000000 0.000000     2.116751     0.925109 
2456138.964968 0.000000 0.000000     1.803863     0.861854 
2456140.649609 0.000000 0.000000     1.309974     0.797926 
2456142.334251 0.000000 0.000000     0.790741     0.745664 
2456144.018893 0.000000 0.000000     0.424206     0.710300 
2456145.703535 0.000000 0.000000     0.345614     0.685948 
2456147.388177 0.000000 0.000000     0.594334     0.664340 
2456149.072819 0.000000 0.000000     1.094287     0.643012 
2456150.757461 0.000000 0.000000     1.676746     0.623397 
2456152.442103 0.000000 0.000000     2.137922     0.607682 
2456154.126745 0.000000 0.000000     2.309944     0.604086 
2456155.811387 0.000000 0.000000     2.118429     0.628282 
2456157.496029 0.000000 0.000000     1.605126     0.681067 
2456159.180671 0.000000 0.000000     0.908006     0.739410 
2456160.865313 0.000000 0.000000     0.207948     0.779269 
2456162.549955 0.000000 0.000000    -0.336017     0.787703 
2456164.234597 0.000000 0.000000    -0.637363     0.762427 
2456165.919239 0.000000 0.000000    -0.700020     0.710916 
2456167.603881 0.000000 0.000000    -0.599373     0.652157 
2456169.288523 0.000000 0.000000    -0.437574     0.616618 
2456170.973165 0.000000 0.000000    -0.294522     0.625268 
2456172.657807 0.000000 0.000000    -0.196304     0.664388 
2456174.342449 0.000000 0.000000    -0.113774     0.708375 
2456176.027091 0.000000 0.000000     0.010470     0.741641 
2456177.711733 0.000000 0.000000     0.221634     0.757690 
2456179.396375 0.000000 0.000000     0.519687     0.756317 
2456181.081017 0.000000 0.000000     0.850784     0.742000 
2456182.765659 0.000000 0.000000     1.128277     0.720747 
2456184.450301 0.000000 0.000000     1.273925     0.696051 
2456186.134942 0.000000 0.000000     1.259611     0.668618 
2456187.819584 0.000000 0.000000     1.128573     0.641303 
2456189.504226 0.000000 0.000000     0.983852     0.621964 
2456191.188868 0.000000 0.000000     0.946647     0.616091 
2456192.873510 0.000000 0.000000     1.101725     0.618338 
2456194.558152 0.000000 0.000000     1.454485     0.620069 
2456196.242794 0.000000 0.000000     1.920645     0.621504 
2456197.927436 0.000000 0.000000     2.356180     0.630125 
2456199.612078 0.000000 0.000000     2.617360     0.647137 
2456201.296720 0.000000 0.000000     2.626430     0.662114 
2456202.981362 0.000000 0.000000     2.414105     0.663431 
2456204.666004 0.000000 0.000000     2.118145     0.647633 
2456206.350646 0.000000 0.000000     1.934853     0.621459 
2456208.035288 0.000000 0.000000     2.040349     0.599003 
2456209.719930 0.000000 0.000000     2.512344     0.592156 
2456211.404572 0.000000 0.000000     3.284768     0.599210 
2456213.089214 0.000000 0.000000     4.155812     0.607215 
2456214.773856 0.000000 0.000000     4.849198     0.602961 
2456216.458498 0.000000 0.000000     5.107234     0.580223 
2456218.143140 0.000000 0.000000     4.781041     0.549820 
2456219.827782 0.000000 0.000000     3.883915     0.554934 
2456221.512424 0.000000 0.000000     2.587899     0.627042 
2456223.197066 0.000000 0.000000     1.165590     0.729377 
2456224.881708 0.000000 0.000000    -0.099869     0.825273 
2456226.566350 0.000000 0.000000    -1.002262     0.901999 
2456228.250992 0.000000 0.000000    -1.465372     0.958029 
2456229.935633 0.000000 0.000000    -1.544831     0.995797 
2456231.620275 0.000000 0.000000    -1.382949     1.018738 
2456233.304917 0.000000 0.000000    -1.138975     1.030522 
2456234.989559 0.000000 0.000000    -0.925197     1.035299 
2456236.674201 0.000000 0.000000    -0.774245     1.037311 
2456238.358843 0.000000 0.000000    -0.647490     1.039156 
2456240.043485 0.000000 0.000000    -0.475796     1.040383 
2456241.728127 0.000000 0.000000    -0.210154     1.038571 
2456243.412769 0.000000 0.000000     0.143206     1.032041 
2456245.097411 0.000000 0.000000     0.519898     1.021437 
2456246.782053 0.000000 0.000000     0.827267     1.009076 
2456248.466695 0.000000 0.000000     0.991724     0.997547 
2456250.151337 0.000000 0.000000     0.999685     0.989389 
2456251.835979 0.000000 0.000000     0.911062     0.987304 
2456253.520621 0.000000 0.000000     0.837117     0.992728 
2456255.205263 0.000000 0.000000     0.891459     1.003481 
2456256.889905 0.000000 0.000000     1.136301     1.014242 
2456258.574547 0.000000 0.000000     1.549514     1.020377 
2456260.259189 0.000000 0.000000     2.029635     1.021149 
2456261.943831 0.000000 0.000000     2.439264     1.019273 
2456263.628473 0.000000 0.000000     2.669507     1.017363 
2456265.313115 0.000000 0.000000     2.697270     1.014861 
2456266.997757 0.000000 0.000000     2.608437     1.008810 
2456268.682399 0.000000 0.000000     2.573255     0.997308 
2456270.367041 0.000000 0.000000     2.780283     0.981669 
2456272.051683 0.000000 0.000000     3.353643     0.965206 
2456273.736325 0.000000 0.000000     4.287032     0.949878 
2456275.420966 0.000000 0.000000     5.423071     0.934216 
2456277.105608 0.000000 0.000000     6.489548     0.914851 
2456278.790250 0.000000 0.000000     7.181865     0.890171 
2456280.474892 0.000000 0.000000     7.262422     0.863291 
2456282.159534 0.000000 0.000000     6.640481     0.842789 
2456283.844176 0.000000 0.000000     5.403163     0.839844 
2456285.528818 0.000000 0.000000     3.786842     0.861895 
2456287.213460 0.000000 0.000000     2.100679     0.908424 
2456288.898102 0.000000 0.000000     0.631537     0.972973 
2456290.582744 0.000000 0.000000    -0.434978     1.046496 
2456292.267386 0.000000 0.000000    -1.050717     1.118816 
2456293.952028 0.000000 0.000000    -1.289879     1.179971 
2456295.636670 0.000000 0.000000    -1.294315     1.222198 
2456297.321312 0.000000 0.000000    -1.205150     1.241746 
2456299.005954 0.000000 0.000000    -1.109370     1.239880 
2456300.690596 0.000000 0.000000    -1.020764     1.222620 
2456302.375238 0.000000 0.000000    -0.898139     1.198716 
2456304.059880 0.000000 0.000000    -0.687304     1.176022 
2456305.744522 0.000000 0.000000    -0.364086     1.158343 
2456307.429164 0.000000 0.000000     0.042829     1.145528 
2456309.113806 0.000000 0.000000     0.459447     1.136432 
2456310.798448 0.000000 0.000000     0.799491     1.131442 
2456312.483090 0.000000 0.000000     1.005764     1.132681 
2456314.167732 0.000000 0.000000     1.078914     1.142299 
2456315.852374 0.000000 0.000000     1.078833     1.160035 
2456317.537016 0.000000 0.000000     1.097099     1.181661 
2456319.221657 0.000000 0.000000     1.212902     1.200029 
2456320.906299 0.000000 0.000000     1.453280     1.208514 
2456322.590941 0.000000 0.000000     1.777258     1.204783 
2456324.275583 0.000000 0.000000     2.093043     1.192824 
2456325.960225 0.000000 0.000000     2.302297     1.181468 
2456327.644867 0.000000 0.000000     2.352512     1.178519 
2456329.329509 0.000000 0.000000     2.273486     1.184256 
2456331.014151 0.000000 0.000000     2.179481     1.191573 
2456332.698793 0.000000 0.000000     2.232601     1.192251 
2456334.383435 0.000000 0.000000     2.579596     1.181856 
2456336.068077 0.000000 0.000000     3.286429     1.159998 
2456337.752719 0.000000 0.000000     4.297343     1.127947 
2456339.437361 0.000000 0.000000     5.436512     1.086598 
2456341.122003 0.000000 0.000000     6.454080     1.036822 
2456342.806645 0.000000 0.000000     7.101041     0.982149 
2456344.491287 0.000000 0.000000     7.206100     0.931210 
2456346.175929 0.000000 0.000000     6.726904     0.895181 
2456347.860571 0.000000 0.000000     5.758035     0.878572 
2456349.545213 0.000000 0.000000     4.494774     0.875488 
2456351.229855 0.000000 0.000000     3.168057     0.881630 
2456352.914497 0.000000 0.000000     1.975738     0.906043 
2456354.599139 0.000000 0.000000     1.034732     0.961282 
2456356.283781 0.000000 0.000000     0.368548     1.040672 
2456357.968423 0.000000 0.000000    -0.070304     1.120035 
2456359.653065 0.000000 0.000000    -0.357093     1.176581 
2456361.337707 0.000000 0.000000    -0.551524     1.197483 
2456363.022349 0.000000 0.000000    -0.672534     1.180244 
2456364.706990 0.000000 0.000000    -0.699498     1.131992 
2456366.391632 0.000000 0.000000    -0.595566     1.068713 
2456368.076274 0.000000 0.000000    -0.339212     1.011287 
2456369.760916 0.000000 0.000000     0.052614     0.974568 
2456371.445558 0.000000 0.000000     0.521196     0.957746 
2456373.130200 0.000000 0.000000     0.984050     0.951567 
2456374.814842 0.000000 0.000000     1.365317     0.952772 
2456376.499484 0.000000 0.000000     1.623891     0.967167 
2456378.184126 0.000000 0.000000     1.765937     1.000452 
2456379.868768 0.000000 0.000000     1.835954     1.047815 
2456381.553410 0.000000 0.000000     1.890809     1.094554 
2456383.238052 0.000000 0.000000     1.969239     1.124667 
2456384.922694 0.000000 0.000000     2.071579     1.127620 
2456386.607336 0.000000 0.000000     2.159852     1.102167 
2456388.291978 0.000000 0.000000     2.178847     1.059840 
2456389.976620 0.000000 0.000000     2.088907     1.025945 
2456391.661262 0.000000 0.000000     1.895151     1.025343 
2456393.345904 0.000000 0.000000     1.658758     1.055638 
2456395.030546 0.000000 0.000000     1.483305     1.091036 
2456396.715188 0.000000 0.000000     1.479934     1.109384 
2456398.399830 0.000000 0.000000     1.724574     1.101730 
2456400.084472 0.000000 0.000000     2.224467     1.068809 
2456401.769114 0.000000 0.000000     2.907998     1.016266 
2456403.453756 0.000000 0.000000     3.642693     0.951015 
2456405.138398 0.000000 0.000000     4.275002     0.879023 
2456406.823040 0.000000 0.000000     4.676933     0.805828 
2456408.507682 0.000000 0.000000     4.782191     0.740442 
2456410.192323 0.000000 0.000000     4.599146     0.696613 
2456411.876965 0.000000 0.000000     4.197561     0.678887 
2456413.561607 0.000000 0.000000     3.676414     0.669656 
2456415.246249 0.000000 0.000000     3.127043     0.651248 
2456416.930891 0.000000 0.000000     2.606485     0.643821 
2456418.615533 0.000000 0.000000     2.130333     0.705179 
2456420.300175 0.000000 0.000000     1.685398     0.826716 
2456421.984817 0.000000 0.000000     1.253932     0.947023 
2456423.669459 0.000000 0.000000     0.836780     1.029779 
2456425.354101 0.000000 0.000000     0.464312     1.060122 
2456427.038743 0.000000 0.000000     0.190256     1.033975 
2456428.723385 0.000000 0.000000     0.071678     0.954638 
2456430.408027 0.000000 0.000000     0.144652     0.832590 
2456432.092669 0.000000 0.000000     0.406787     0.689571 
2456433.777311 0.000000 0.000000     0.814394     0.572446 
2456435.461953 0.000000 0.000000     1.295268     0.537345 
2456437.146595 0.000000 0.000000     1.771154     0.554132 
2456438.831237 0.000000 0.000000     2.180036     0.582279 
2456440.515879 0.000000 0.000000     2.489089     0.638904 
2456442.200521 0.000000 0.000000     2.694019     0.733568 
2456443.885163 0.000000 0.000000     2.807036     0.839550 
2456445.569805 0.000000 0.000000     2.840903     0.927206 
2456447.254447 0.000000 0.000000     2.797833     0.977772 
2456448.939089 0.000000 0.000000     2.669082     0.981190 
2456450.623731 0.000000 0.000000     2.445235     0.934935 
2456452.308373 0.000000 0.000000     2.131414     0.846884 
2456453.993014 0.000000 0.000000     1.758640     0.747340 
2456455.677656 0.000000 0.000000     1.383971     0.703436 
2456457.362298 0.000000 0.000000     1.077173     0.742964 
2456459.046940 0.000000 0.000000     0.898246     0.800344 
2456460.731582 0.000000 0.000000     0.875047     0.829925 
2456462.416224 0.000000 0.000000     0.991102     0.822146 
2456464.100866 0.000000 0.000000     1.189908     0.782152 
2456465.785508 0.000000 0.000000     1.395143     0.723403 
2456467.470150 0.000000 0.000000     1.539214     0.666883 
2456469.154792 0.000000 0.000000     1.588616     0.632736 
2456470.839434 0.000000 0.000000     1.555491     0.622427 
2456472.524076 0.000000 0.000000     1.490329     0.623470 
2456474.208718 0.000000 0.000000     1.458614     0.630342 
2456475.893360 0.000000 0.000000     1.511016     0.641340 
2456477.578002 0.000000 0.000000     1.659544     0.645174 
2456479.262644 0.000000 0.000000     1.869695     0.628627 
2456480.947286 0.000000 0.000000     2.072002     0.608079 
2456482.631928 0.000000 0.000000     2.188374     0.656330 
2456484.316570 0.000000 0.000000     2.162618     0.787908 
2456486.001212 0.000000 0.000000     1.982960     0.931267 
2456487.685854 0.000000 0.000000     1.687940     1.044844 
2456489.370496 0.000000 0.000000     1.353934     1.114808 
2456491.055138 0.000000 0.000000     1.069921     1.139088 
2456492.739780 0.000000 0.000000     0.909764     1.122089 
2456494.424422 0.000000 0.000000     0.912399     1.072229 
2456496.109064 0.000000 0.000000     1.076171     1.000008 
2456497.793706 0.000000 0.000000     1.367141     0.916634 
2456499.478347 0.000000 0.000000     1.735502     0.833677 
2456501.162989 0.000000 0.000000     2.131689     0.763990 
2456502.847631 0.000000 0.000000     2.515382     0.724676 
2456504.532273 0.000000 0.000000     2.855237     0.736627 
2456506.216915 0.000000 0.000000     3.122502     0.803250 
2456507.901557 0.000000 0.000000     3.285011     0.897361 
2456509.586199 0.000000 0.000000     3.307689     0.985873 
2456511.270841 0.000000 0.000000     3.161927     1.045894 
2456512.955483 0.000000 0.000000     2.840716     1.064711 
2456514.640125 0.000000 0.000000     2.372173     1.037843 
2456516.324767 0.000000 0.000000     1.823197     0.968286 
2456518.009409 0.000000 0.000000     1.288304     0.866794 
2456519.694051 0.000000 0.000000     0.864927     0.753252 
2456521.378693 0.000000 0.000000     0.622982     0.656427 
2456523.063335 0.000000 0.000000     0.580173     0.599773 
2456524.747977 0.000000 0.000000     0.693607     0.581451 
2456526.432619 0.000000 0.000000     0.872616     0.595908 
2456528.117261 0.000000 0.000000     1.009583     0.648640 
2456529.801903 0.000000 0.000000     1.018159     0.729295 
2456531.486545 0.000000 0.000000     0.864850     0.814379 
2456533.171187 0.000000 0.000000     0.581965     0.886919 
2456534.855829 0.000000 0.000000     0.256785     0.939995 
2456536.540471 0.000000 0.000000     0.000806     0.974077 
2456538.225113 0.000000 0.000000    -0.089557     0.993749 
2456539.909755 0.000000 0.000000     0.033645     1.003630 
2456541.594397 0.000000 0.000000     0.354305     1.005578 
2456543.279038 0.000000 0.000000     0.799314     1.001167 
2456544.963680 0.000000 0.000000     1.264446     0.998977 
2456546.648322 0.000000 0.000000     1.648578     1.017504 
2456548.332964 0.000000 0.000000     1.883463     1.070630 
2456550.017606 0.000000 0.000000     1.949157     1.149244 
2456551.702248 0.000000 0.000000     1.871627     1.230017 
2456553.386890 0.000000 0.000000     1.706246     1.293764 
2456555.071532 0.000000 0.000000     1.515749     1.330619 
2456556.756174 0.000000 0.000000     1.351961     1.337601 
2456558.440816 0.000000 0.000000     1.247319     1.315560 
2456560.125458 0.000000 0.000000     1.216732     1.267287 
2456561.810100 0.000000 0.000000     1.265276     1.196746 
2456563.494742 0.000000 0.000000     1.395057     1.108845 
2456565.179384 0.000000 0.000000     1.606029     1.009659 
2456566.864026 0.000000 0.000000     1.889802     0.909881 
2456568.548668 0.000000 0.000000     2.220248     0.837599 
2456570.233310 0.000000 0.000000     2.547596     0.841025 
2456571.917952 0.000000 0.000000     2.802052     0.921629 
2456573.602594 0.000000 0.000000     2.908991     1.021409 
2456575.287236 0.000000 0.000000     2.812121     1.095683 
2456576.971878 0.000000 0.000000     2.496341     1.123673 
2456578.656520 0.000000 0.000000     2.000631     1.097363 
2456580.341162 0.000000 0.000000     1.414111     1.016676 
2456582.025804 0.000000 0.000000     0.854454     0.888796 
2456583.710446 0.000000 0.000000     0.434783     0.731719 
2456585.395088 0.000000 0.000000     0.230085     0.589542 
2456587.079730 0.000000 0.000000     0.254960     0.535104 
2456588.764371 0.000000 0.000000     0.460705     0.555387 
2456590.449013 0.000000 0.000000     0.752778     0.606717 
2456592.133655 0.000000 0.000000     1.022333     0.703431 
2456593.818297 0.000000 0.000000     1.180612     0.833093 
2456595.502939 0.000000 0.000000     1.184411     0.962753 
2456597.187581 0.000000 0.000000     1.044695     1.072737 
2456598.872223 0.000000 0.000000     0.816960     1.156649 
2456600.556865 0.000000 0.000000     0.578551     1.215627 
2456602.241507 0.000000 0.000000     0.402230     1.254299 
2456603.926149 0.000000 0.000000     0.335436     1.277658 
2456605.610791 0.000000 0.000000     0.391282     1.289303 
2456607.295433 0.000000 0.000000     0.552009     1.292083 
2456608.980075 0.000000 0.000000     0.780848     1.290478 
2456610.664717 0.000000 0.000000     1.035819     1.291990 
2456612.349359 0.000000 0.000000     1.279787     1.304633 
2456614.034001 0.000000 0.000000     1.484181     1.331336 
2456615.718643 0.000000 0.000000     1.627631     1.367244 
2456617.403285 0.000000 0.000000     1.693251     1.403145 
2456619.087927 0.000000 0.000000     1.668504     1.430515 
2456620.772569 0.000000 0.000000     1.549346     1.443765 
2456622.457211 0.000000 0.000000     1.347103     1.439959 
2456624.141853 0.000000 0.000000     1.093924     1.417862 
2456625.826495 0.000000 0.000000     0.842176     1.377246 
2456627.511137 0.000000 0.000000     0.655206     1.318601 
2456629.195779 0.000000 0.000000     0.590653     1.243479 
2456630.880421 0.000000 0.000000     0.681325     1.156562 
2456632.565063 0.000000 0.000000     0.920685     1.071185 
2456634.249704 0.000000 0.000000     1.259180     1.015275 
2456635.934346 0.000000 0.000000     1.614172     1.016277 
2456637.618988 0.000000 0.000000     1.891305     1.062985 
2456639.303630 0.000000 0.000000     2.010877     1.115499 
2456640.988272 0.000000 0.000000     1.930768     1.143755 
2456642.672914 0.000000 0.000000     1.658594     1.136245 
2456644.357556 0.000000 0.000000     1.249501     1.096221 
2456646.042198 0.000000 0.000000     0.790898     1.039712 
2456647.726840 0.000000 0.000000     0.379504     0.991402 
2456649.411482 0.000000 0.000000     0.097987     0.968616 
2456651.096124 0.000000 0.000000    -0.002360     0.964721 
2456652.780766 0.000000 0.000000     0.090680     0.961535 
2456654.465408 0.000000 0.000000     0.352191     0.953492 
2456656.150050 0.000000 0.000000     0.729026     0.955025 
2456657.834692 0.000000 0.000000     1.151922     0.986840 
2456659.519334 0.000000 0.000000     1.547760     1.050616 
2456661.203976 0.000000 0.000000     1.850440     1.128169 
2456662.888618 0.000000 0.000000     2.010243     1.202142 
2456664.573260 0.000000 0.000000     2.001842     1.264718 
2456666.257902 0.000000 0.000000     1.830416     1.314469 
2456667.942544 0.000000 0.000000     1.534045     1.351481 
2456669.627186 0.000000 0.000000     1.179974     1.374852 
2456671.311828 0.000000 0.000000     0.853045     1.383269 
2456672.996470 0.000000 0.000000     0.636952     1.377336 
2456674.681112 0.000000 0.000000     0.592058     1.361615 
2456676.365754 0.000000 0.000000     0.736034     1.344752 
2456678.050395 0.000000 0.000000     1.034140     1.336768 
2456679.735037 0.000000 0.000000     1.403944     1.344247 
2456681.419679 0.000000 0.000000     1.734930     1.366900 
2456683.104321 0.000000 0.000000     1.918367     1.398546 
2456684.788963 0.000000 0.000000     1.878802     1.430746 
2456686.473605 0.000000 0.000000     1.597371     1.455553 
2456688.158247 0.000000 0.000000     1.119294     1.466393 
2456689.842889 0.000000 0.000000     0.542932     1.457962 
2456691.527531 0.000000 0.000000    -0.006290     1.426033 
2456693.212173 0.000000 0.000000    -0.409009     1.367784 
2456694.896815 0.000000 0.000000    -0.582134     1.283118 
2456696.581457 0.000000 0.000000    -0.497698     1.177526 
2456698.266099 0.000000 0.000000    -0.186118     1.067263 
2456699.950741 0.000000 0.000000     0.275229     0.984087 
2456701.635383 0.000000 0.000000     0.783086     0.960257 
2456703.320025 0.000000 0.000000     1.232224     0.990630 
2456705.004667 0.000000 0.000000     1.536162     1.043194 
2456706.689309 0.000000 0.000000     1.641232     1.097766 
2456708.373951 0.000000 0.000000     1.533330     1.149160 
2456710.058593 0.000000 0.000000     1.238568     1.196209 
2456711.743235 0.000000 0.000000     0.819204     1.235593 
2456713.427877 0.000000 0.000000     0.365390     1.261323 
2456715.112519 0.000000 0.000000    -0.017802     1.266641 
2456716.797161 0.000000 0.000000    -0.228455     1.246124 
2456718.481803 0.000000 0.000000    -0.189771     1.197864 
2456720.166445 0.000000 0.000000     0.128055     1.126572 
2456721.851087 0.000000 0.000000     0.692432     1.048351 
2456723.535728 0.000000 0.000000     1.406293     0.993728 
2456725.220370 0.000000 0.000000     2.123766     0.992256 
2456726.905012 0.000000 0.000000     2.682848     1.040913 
2456728.589654 0.000000 0.000000     2.948041     1.112420 
2456730.274296 0.000000 0.000000     2.850922     1.184863 
2456731.958938 0.000000 0.000000     2.415265     1.245777 
2456733.643580 0.000000 0.000000     1.756715     1.286603 
2456735.328222 0.000000 0.000000     1.054513     1.301073 
2456737.012864 0.000000 0.000000     0.502005     1.286664 
2456738.697506 0.000000 0.000000     0.250327     1.246683 
2456740.382148 0.000000 0.000000     0.362800     1.192447 
2456742.066790 0.000000 0.000000     0.794796     1.145146 
2456743.751432 0.000000 0.000000     1.405893     1.131800 
2456745.436074 0.000000 0.000000     2.000701     1.166916 
2456747.120716 0.000000 0.000000     2.385514     1.238176 
2456748.805358 0.000000 0.000000     2.423166     1.320520 
2456750.490000 0.000000 0.000000     2.069689     1.393560 
2456752.174642 0.000000 0.000000     1.382965     1.444566 
2456753.859284 0.000000 0.000000     0.502957     1.465649 
2456755.543926 0.000000 0.000000    -0.388179     1.451370 
2456757.228568 0.000000 0.000000    -1.112711     1.397862 
2456758.913210 0.000000 0.000000    -1.537183     1.303227 
2456760.597852 0.000000 0.000000    -1.596308     1.168837 
2456762.282494 0.000000 0.000000    -1.298174     1.001874 
2456763.967136 0.000000 0.000000    -0.713913     0.824164 
2456765.651778 0.000000 0.000000     0.041766     0.705492 
2456767.336419 0.000000 0.000000     0.832837     0.740119 
2456769.021061 0.000000 0.000000     1.523082     0.862685 
2456770.705703 0.000000 0.000000     1.995036     0.997554 
2456772.390345 0.000000 0.000000     2.167236     1.125159 
2456774.074987 0.000000 0.000000     2.009556     1.236059 
2456775.759629 0.000000 0.000000     1.554178     1.321757 
2456777.444271 0.000000 0.000000     0.897528     1.375541 
2456779.128913 0.000000 0.000000     0.188315     1.392686 
2456780.813555 0.000000 0.000000    -0.400362     1.369953 
2456782.498197 0.000000 0.000000    -0.711430     1.305558 
2456784.182839 0.000000 0.000000    -0.647345     1.200036 
2456785.867481 0.000000 0.000000    -0.203388     1.058051 
2456787.552123 0.000000 0.000000     0.522008     0.893281 
2456789.236765 0.000000 0.000000     1.346927     0.747958 
2456790.921407 0.000000 0.000000     2.053259     0.716655 
2456792.606049 0.000000 0.000000     2.449302     0.803963 
2456794.290691 0.000000 0.000000     2.428679     0.913364 
2456795.975333 0.000000 0.000000     2.006098     1.003200 
2456797.659975 0.000000 0.000000     1.316897     1.060391 
2456799.344617 0.000000 0.000000     0.578726     1.078019 
2456801.029259 0.000000 0.000000     0.026367     1.053385 
2456802.713901 0.000000 0.000000    -0.160079     0.989929 
2456804.398543 0.000000 0.000000     0.089152     0.902513 
2456806.083185 0.000000 0.000000     0.711606     0.833432 
2456807.767827 0.000000 0.000000     1.531012     0.853707 
2456809.452469 0.000000 0.000000     2.309432     0.967456 
2456811.137111 0.000000 0.000000     2.816101     1.110765 
2456812.821752 0.000000 0.000000     2.891545     1.244038 
2456814.506394 0.000000 0.000000     2.488352     1.351513 
2456816.191036 0.000000 0.000000     1.678670     1.425987 
2456817.875678 0.000000 0.000000     0.629488     1.463333 
2456819.560320 0.000000 0.000000    -0.443833     1.460736 
2456821.244962 0.000000 0.000000    -1.330445     1.416292 
2456822.929604 0.000000 0.000000    -1.868786     1.329664 
2456824.614246 0.000000 0.000000    -1.973839     1.203649 
2456826.298888 0.000000 0.000000    -1.644428     1.046740 
2456827.983530 0.000000 0.000000    -0.954005     0.878556 
2456829.668172 0.000000 0.000000    -0.031212     0.744137 
2456831.352814 0.000000 0.000000     0.963771     0.714954 
2456833.037456 0.000000 0.000000     1.863508     0.794172 
2456834.722098 0.000000 0.000000     2.516995     0.922429 
2456836.406740 0.000000 0.000000     2.812428     1.064248 
2456838.091382 0.000000 0.000000     2.697535     1.198634 
2456839.776024 0.000000 0.000000     2.193678     1.310281 
2456841.460666 0.000000 0.000000     1.398328     1.389175 
2456843.145308 0.000000 0.000000     0.471187     1.429918 
2456844.829950 0.000000 0.000000    -0.396996     1.430831 
2456846.514592 0.000000 0.000000    -1.028074     1.393471 
2456848.199234 0.000000 0.000000    -1.302040     1.322447 
2456849.883876 0.000000 0.000000    -1.190807     1.224846 
2456851.568518 0.000000 0.000000    -0.768171     1.108640 
2456853.253160 0.000000 0.000000    -0.190237     0.980877 
2456854.937802 0.000000 0.000000     0.350079     0.850326 
2456856.622444 0.000000 0.000000     0.681734     0.743728 
2456858.307085 0.000000 0.000000     0.709233     0.716488 
2456859.991727 0.000000 0.000000     0.443644     0.766412 
2456861.676369 0.000000 0.000000     0.000030     0.822022 
2456863.361011 0.000000 0.000000    -0.438788     0.844570 
2456865.045653 0.000000 0.000000    -0.681024     0.833061 
2456866.730295 0.000000 0.000000    -0.588541     0.814998 
2456868.414937 0.000000 0.000000    -0.123160     0.836612 
2456870.099579 0.000000 0.000000     0.638045     0.915021 
2456871.784221 0.000000 0.000000     1.522960     1.022979 
2456873.468863 0.000000 0.000000     2.313242     1.134917 
2456875.153505 0.000000 0.000000     2.806024     1.239908 
2456876.838147 0.000000 0.000000     2.869627     1.332639 
2456878.522789 0.000000 0.000000     2.477366     1.408262 
2456880.207431 0.000000 0.000000     1.711349     1.461956 
2456881.892073 0.000000 0.000000     0.737756     1.489711 
2456883.576715 0.000000 0.000000    -0.236876     1.488625 
2456885.261357 0.000000 0.000000    -1.014726     1.456847 
2456886.945999 0.000000 0.000000    -1.448142     1.393847 
2456888.630641 0.000000 0.000000    -1.464860     1.301203 
2456890.315283 0.000000 0.000000    -1.074336     1.183422 
2456891.999925 0.000000 0.000000    -0.357811     1.048032 
2456893.684567 0.000000 0.000000     0.552298     0.905589 
2456895.369209 0.000000 0.000000     1.497766     0.777929 
2456897.053851 0.000000 0.000000     2.320181     0.731311 
2456898.738493 0.000000 0.000000     2.884276     0.825203 
2456900.423135 0.000000 0.000000     3.097532     0.985850 
2456902.107776 0.000000 0.000000     2.924586     1.145456 
2456903.792418 0.000000 0.000000     2.394222     1.279916 
2456905.477060 0.000000 0.000000     1.596249     1.380345 
2456907.161702 0.000000 0.000000     0.666485     1.443953 
2456908.846344 0.000000 0.000000    -0.239390     1.471872 
2456910.530986 0.000000 0.000000    -0.978750     1.468093 
2456912.215628 0.000000 0.000000    -1.454057     1.438180 
2456913.900270 0.000000 0.000000    -1.635005     1.387715 
2456915.584912 0.000000 0.000000    -1.563416     1.321332 
2456917.269554 0.000000 0.000000    -1.338055     1.243874 
2456918.954196 0.000000 0.000000    -1.082724     1.164373 
2456920.638838 0.000000 0.000000    -0.906741     1.099839 
2456922.323480 0.000000 0.000000    -0.870001     1.068877 
2456924.008122 0.000000 0.000000    -0.963991     1.072187 
2456925.692764 0.000000 0.000000    -1.115330     1.089573 
2456927.377406 0.000000 0.000000    -1.211173     1.102560 
2456929.062048 0.000000 0.000000    -1.138604     1.109433 
2456930.746690 0.000000 0.000000    -0.825342     1.123179 
2456932.431332 0.000000 0.000000    -0.268513     1.157859 
2456934.115974 0.000000 0.000000     0.457983     1.214035 
2456935.800616 0.000000 0.000000     1.220098     1.280240 
2456937.485258 0.000000 0.000000     1.859232     1.344894 
2456939.169900 0.000000 0.000000     2.235905     1.401909 
2456940.854542 0.000000 0.000000     2.268445     1.449125 
2456942.539184 0.000000 0.000000     1.955533     1.485376 
2456944.223826 0.000000 0.000000     1.376786     1.509091 
2456945.908468 0.000000 0.000000     0.672209     1.518382 
2456947.593109 0.000000 0.000000     0.007274     1.511543 
2456949.277751 0.000000 0.000000    -0.466231     1.487340 
2456950.962393 0.000000 0.000000    -0.643334     1.445222 
2456952.647035 0.000000 0.000000    -0.485544     1.385789 
2456954.331677 0.000000 0.000000    -0.024033     1.311585 
2456956.016319 0.000000 0.000000     0.652160     1.228121 
2456957.700961 0.000000 0.000000     1.418102     1.145483 
2456959.385603 0.000000 0.000000     2.138969     1.080805 
2456961.070245 0.000000 0.000000     2.694375     1.057455 
2456962.754887 0.000000 0.000000     2.997002     1.090072 
2456964.439529 0.000000 0.000000     3.003503     1.167227 
2456966.124171 0.000000 0.000000     2.717382     1.262456 
2456967.808813 0.000000 0.000000     2.184598     1.353661 
2456969.493455 0.000000 0.000000     1.483252     1.427934 
2456971.178097 0.000000 0.000000     0.709006     1.479478 
2456972.862739 0.000000 0.000000    -0.041677     1.507255 
2456974.547381 0.000000 0.000000    -0.687920     1.513160 
2456976.232023 0.000000 0.000000    -1.177521     1.500457 
2456977.916665 0.000000 0.000000    -1.493916     1.472746 
2456979.601307 0.000000 0.000000    -1.655133     1.433961 
2456981.285949 0.000000 0.000000    -1.704554     1.389520 
2456982.970591 0.000000 0.000000    -1.695486     1.347439 
2456984.655233 0.000000 0.000000    -1.673541     1.317013 
2456986.339875 0.000000 0.000000    -1.661844     1.303865 
2456988.024517 0.000000 0.000000    -1.653711     1.305626 
2456989.709159 0.000000 0.000000    -1.615456     1.314415 
2456991.393800 0.000000 0.000000    -1.498999     1.323914 
2456993.078442 0.000000 0.000000    -1.260757     1.333737 
2456994.763084 0.000000 0.000000    -0.881011     1.348201 
2456996.447726 0.000000 0.000000    -0.377329     1.371346 
2456998.132368 0.000000 0.000000     0.192913     1.402679 
2456999.817010 0.000000 0.000000     0.742726     1.437452 
2457001.501652 0.000000 0.000000     1.176337     1.470148 
2457003.186294 0.000000 0.000000     1.415053     1.497108 
2457004.870936 0.000000 0.000000     1.420687     1.516628 
2457006.555578 0.000000 0.000000     1.209374     1.527661 
2457008.240220 0.000000 0.000000     0.851175     1.528790 
2457009.924862 0.000000 0.000000     0.454897     1.518351 
2457011.609504 0.000000 0.000000     0.141878     1.495414 
2457013.294146 0.000000 0.000000     0.015753     1.460770 
2457014.978788 0.000000 0.000000     0.136424     1.417283 
2457016.663430 0.000000 0.000000     0.505261     1.369504 
2457018.348072 0.000000 0.000000     1.065298     1.323038 
2457020.032714 0.000000 0.000000     1.715903     1.284227 
2457021.717356 0.000000 0.000000     2.337421     1.259971 
2457023.401998 0.000000 0.000000     2.818762     1.256376 
2457025.086640 0.000000 0.000000     3.080579     1.275612 
2457026.771282 0.000000 0.000000     3.088517     1.313743 
2457028.455924 0.000000 0.000000     2.854273     1.362466 
2457030.140566 0.000000 0.000000     2.425887     1.412991 
2457031.825208 0.000000 0.000000     1.871438     1.458527 
2457033.509850 0.000000 0.000000     1.261596     1.494663 
2457035.194492 0.000000 0.000000     0.655828     1.518692 
2457036.879133 0.000000 0.000000     0.095074     1.528890 
2457038.563775 0.000000 0.000000    -0.398804     1.524179 
2457040.248417 0.000000 0.000000    -0.818643     1.504368 
2457041.933059 0.000000 0.000000    -1.165564     1.470909 
2457043.617701 0.000000 0.000000    -1.443217     1.427833 
2457045.302343 0.000000 0.000000    -1.654238     1.382101 
2457046.986985 0.000000 0.000000    -1.799095     1.342256 
2457048.671627 0.000000 0.000000    -1.876443     1.315001 
2457050.356269 0.000000 0.000000    -1.883885     1.302005 
2457052.040911 0.000000 0.000000    -1.818544     1.300598 
2457053.725553 0.000000 0.000000    -1.677639     1.307821 
2457055.410195 0.000000 0.000000    -1.459850     1.323241 
2457057.094837 0.000000 0.000000    -1.168121     1.347959 
2457058.779479 0.000000 0.000000    -0.813701     1.381561 
2457060.464121 0.000000 0.000000    -0.419999     1.420468 
2457062.148763 0.000000 0.000000    -0.023983     1.459121 
2457063.833405 0.000000 0.000000     0.327101     1.492432 
2457065.518047 0.000000 0.000000     0.584613     1.517438 
2457067.202689 0.000000 0.000000     0.711711     1.533360 
2457068.887331 0.000000 0.000000     0.697254     1.540277 
2457070.571973 0.000000 0.000000     0.565430     1.537262 
2457072.256615 0.000000 0.000000     0.376481     1.521326 
2457073.941257 0.000000 0.000000     0.216180     1.488161 
2457075.625899 0.000000 0.000000     0.175390     1.434478 
2457077.310541 0.000000 0.000000     0.324764     1.360872 
2457078.995183 0.000000 0.000000     0.692117     1.274465 
2457080.679825 0.000000 0.000000     1.249974     1.190818 
2457082.364466 0.000000 0.000000     1.918156     1.132635 
2457084.049108 0.000000 0.000000     2.581645     1.119475 
2457085.733750 0.000000 0.000000     3.118966     1.152668 
2457087.418392 0.000000 0.000000     3.432677     1.216423 
2457089.103034 0.000000 0.000000     3.472747     1.292115 
2457090.787676 0.000000 0.000000     3.245830     1.365768 
2457092.472318 0.000000 0.000000     2.808174     1.428671 
2457094.156960 0.000000 0.000000     2.245291     1.476766 
2457095.841602 0.000000 0.000000     1.645754     1.509757 
2457097.526244 0.000000 0.000000     1.077967     1.529354 
2457099.210886 0.000000 0.000000     0.577121     1.536871 
2457100.895528 0.000000 0.000000     0.145399     1.531324 
2457102.580170 0.000000 0.000000    -0.236452     1.509323 
2457104.264812 0.000000 0.000000    -0.591967     1.466925 
2457105.949454 0.000000 0.000000    -0.933453     1.402487 
2457107.634096 0.000000 0.000000    -1.253958     1.319437 
2457109.318738 0.000000 0.000000    -1.528989     1.228187 
2457111.003380 0.000000 0.000000    -1.726182     1.145222 
2457112.688022 0.000000 0.000000    -1.818115     1.085892 
2457114.372664 0.000000 0.000000    -1.792707     1.054227 
2457116.057306 0.000000 0.000000    -1.657246     1.045158 
2457117.741948 0.000000 0.000000    -1.435247     1.058415 
2457119.426590 0.000000 0.000000    -1.158474     1.100994 
2457121.111232 0.000000 0.000000    -0.858279     1.173336 
2457122.795874 0.000000 0.000000    -0.560096     1.262311 
2457124.480516 0.000000 0.000000    -0.282802     1.350538 
2457126.165157 0.000000 0.000000    -0.041808     1.425501 
2457127.849799 0.000000 0.000000     0.147432     1.481429 
2457129.534441 0.000000 0.000000     0.269099     1.517850 
2457131.219083 0.000000 0.000000     0.311781     1.537385 
2457132.903725 0.000000 0.000000     0.277191     1.543070 
2457134.588367 0.000000 0.000000     0.188808     1.535571 
2457136.273009 0.000000 0.000000     0.095186     1.511645 
2457137.957651 0.000000 0.000000     0.063895     1.465010 
2457139.642293 0.000000 0.000000     0.165503     1.389073 
2457141.326935 0.000000 0.000000     0.451427     1.279945 
2457143.011577 0.000000 0.000000     0.932874     1.139420 
2457144.696219 0.000000 0.000000     1.569021     0.981924 
2457146.380861 0.000000 0.000000     2.270208     0.858940 
2457148.065503 0.000000 0.000000     2.916990     0.865036 
2457149.750145 0.000000 0.000000     3.390140     0.984055 
2457151.434787 0.000000 0.000000     3.602348     1.125706 
2457153.119429 0.000000 0.000000     3.521236     1.253484 
2457154.804071 0.000000 0.000000     3.175974     1.358085 
2457156.488713 0.000000 0.000000     2.645391     1.437075 
2457158.173355 0.000000 0.000000     2.031943     1.491199 
2457159.857997 0.000000 0.000000     1.430803     1.523831 
2457161.542639 0.000000 0.000000     0.904773     1.539568 
2457163.227281 0.000000 0.000000     0.473213     1.541582 
2457164.911923 0.000000 0.000000     0.117657     1.529222 
2457166.596565 0.000000 0.000000    -0.199493     1.497764 
2457168.281207 0.000000 0.000000    -0.511498     1.440654 
2457169.965849 0.000000 0.000000    -0.828616     1.352752 
2457171.650490 0.000000 0.000000    -1.131317     1.233190 
2457173.335132 0.000000 0.000000    -1.377345     1.087798 
2457175.019774 0.000000 0.000000    -1.518933     0.931995 
2457176.704416 0.000000 0.000000    -1.522635     0.793183 
2457178.389058 0.000000 0.000000    -1.383599     0.701830 
2457180.073700 0.000000 0.000000    -1.128830     0.670919 
2457181.758342 0.000000 0.000000    -0.808760     0.713656 
2457183.442984 0.000000 0.000000    -0.481205     0.834746 
2457185.127626 0.000000 0.000000    -0.194559     0.993813 
2457186.812268 0.000000 0.000000     0.023238     1.150926 
2457188.496910 0.000000 0.000000     0.166473     1.285958 
2457190.181552 0.000000 0.000000     0.245042     1.391037 
2457191.866194 0.000000 0.000000     0.273986     1.465163 
2457193.550836 0.000000 0.000000     0.265037     1.511684 
2457195.235478 0.000000 0.000000     0.224552     1.536364 
2457196.920120 0.000000 0.000000     0.158538     1.544984 
2457198.604762 0.000000 0.000000     0.081500     1.540765 
2457200.289404 0.000000 0.000000     0.023376     1.523028 
2457201.974046 0.000000 0.000000     0.029127     1.488345 
2457203.658688 0.000000 0.000000     0.148668     1.433720 
2457205.343330 0.000000 0.000000     0.419419     1.360266 
2457207.027972 0.000000 0.000000     0.847792     1.276418 
2457208.712614 0.000000 0.000000     1.397557     1.199946 
2457210.397256 0.000000 0.000000     1.991265     1.154967 
2457212.081898 0.000000 0.000000     2.526275     1.157959 
2457213.766540 0.000000 0.000000     2.901254     1.203864 
2457215.451181 0.000000 0.000000     3.044518     1.273606 
2457217.135823 0.000000 0.000000     2.934310     1.349121 
2457218.820465 0.000000 0.000000     2.603633     1.418121 
2457220.505107 0.000000 0.000000     2.127808     1.473470 
2457222.189749 0.000000 0.000000     1.599284     1.512451 
2457223.874391 0.000000 0.000000     1.098952     1.535978 
2457225.559033 0.000000 0.000000     0.674376     1.546900 
2457227.243675 0.000000 0.000000     0.332484     1.547423 
2457228.928317 0.000000 0.000000     0.048475     1.536815 
2457230.612959 0.000000 0.000000    -0.213642     1.510889 
2457232.297601 0.000000 0.000000    -0.477904     1.463610 
2457233.982243 0.000000 0.000000    -0.740394     1.389742 
2457235.666885 0.000000 0.000000    -0.966935     1.287452 
2457237.351527 0.000000 0.000000    -1.105261     1.160707 
2457239.036169 0.000000 0.000000    -1.106510     1.022113 
2457240.720811 0.000000 0.000000    -0.947077     0.895762 
2457242.405453 0.000000 0.000000    -0.641878     0.812742 
2457244.090095 0.000000 0.000000    -0.243603     0.791063 
2457245.774737 0.000000 0.000000     0.171765     0.830741 
2457247.459379 0.000000 0.000000     0.527464     0.926124 
2457249.144021 0.000000 0.000000     0.767891     1.056568 
2457250.828663 0.000000 0.000000     0.871927     1.193198 
2457252.513305 0.000000 0.000000     0.853487     1.314702 
2457254.197947 0.000000 0.000000     0.750419     1.410354 
2457255.882589 0.000000 0.000000     0.607430     1.477586 
2457257.567231 0.000000 0.000000     0.460612     1.519351 
2457259.251873 0.000000 0.000000     0.329726     1.541594 
2457260.936514 0.000000 0.000000     0.220376     1.550604 
2457262.621156 0.000000 0.000000     0.133490     1.550722 
2457264.305798 0.000000 0.000000     0.076167     1.543441 
2457265.990440 0.000000 0.000000     0.067470     1.528385 
2457267.675082 0.000000 0.000000     0.135295     1.505491 
2457269.359724 0.000000 0.000000     0.304883     1.476952 
2457271.044366 0.000000 0.000000     0.583844     1.447756 
2457272.729008 0.000000 0.000000     0.950751     1.424323 
2457274.413650 0.000000 0.000000     1.353440     1.411881 
2457276.098292 0.000000 0.000000     1.719306     1.412458 
2457277.782934 0.000000 0.000000     1.974881     1.424924 
2457279.467576 0.000000 0.000000     2.067768     1.446253 
2457281.152218 0.000000 0.000000     1.982643     1.472448 
2457282.836860 0.000000 0.000000     1.744992     1.499085 
2457284.521502 0.000000 0.000000     1.411018     1.522189 
2457286.206144 0.000000 0.000000     1.047562     1.539283 
2457287.890786 0.000000 0.000000     0.709907     1.549812 
2457289.575428 0.000000 0.000000     0.426118     1.554507 
2457291.260070 0.000000 0.000000     0.193837     1.553925 
2457292.944712 0.000000 0.000000    -0.009718     1.546900 
2457294.629354 0.000000 0.000000    -0.209302     1.529664 
2457296.313996 0.000000 0.000000    -0.412994     1.496119 
2457297.998638 0.000000 0.000000    -0.601702     1.439214 
2457299.683280 0.000000 0.000000    -0.731777     1.352949 
2457301.367922 0.000000 0.000000    -0.750190     1.234397 
2457303.052564 0.000000 0.000000    -0.616417     1.085646 
2457304.737206 0.000000 0.000000    -0.322206     0.917438 
2457306.421847 0.000000 0.000000     0.098985     0.764411 
2457308.106489 0.000000 0.000000     0.577141     0.717142 
2457309.791131 0.000000 0.000000     1.024021     0.812346 
2457311.475773 0.000000 0.000000     1.358163     0.959381 
2457313.160415 0.000000 0.000000     1.527580     1.108802 
2457314.845057 0.000000 0.000000     1.522196     1.244055 
2457316.529699 0.000000 0.000000     1.372225     1.355997 
2457318.214341 0.000000 0.000000     1.134080     1.440096 
2457319.898983 0.000000 0.000000     0.869974     1.496742 
2457321.583625 0.000000 0.000000     0.629232     1.530441 
2457323.268267 0.000000 0.000000     0.437914     1.547841 
2457324.952909 0.000000 0.000000     0.299413     1.555345 
2457326.637551 0.000000 0.000000     0.203927     1.557385 
2457328.322193 0.000000 0.000000     0.141223     1.556096 
2457330.006835 0.000000 0.000000     0.110218     1.552147 
2457331.691477 0.000000 0.000000     0.120943     1.545909 
2457333.376119 0.000000 0.000000     0.188294     1.538232 
2457335.060761 0.000000 0.000000     0.320988     1.530591 
2457336.745403 0.000000 0.000000     0.511429     1.524640 
2457338.430045 0.000000 0.000000     0.731840     1.521545 
2457340.114687 0.000000 0.000000     0.939228     1.521658 
2457341.799329 0.000000 0.000000     1.087722     1.524704 
2457343.483971 0.000000 0.000000     1.143430     1.530094 
2457345.168613 0.000000 0.000000     1.095666     1.536990 
2457346.853255 0.000000 0.000000     0.959768     1.544264 
2457348.537897 0.000000 0.000000     0.770279     1.550721 
2457350.222538 0.000000 0.000000     0.567311     1.555515 
2457351.907180 0.000000 0.000000     0.381856     1.558365 
2457353.591822 0.000000 0.000000     0.226254     1.559338 
2457355.276464 0.000000 0.000000     0.093808     1.558283 
2457356.961106 0.000000 0.000000    -0.032457     1.554068 
2457358.645748 0.000000 0.000000    -0.165889     1.543815 
2457360.330390 0.000000 0.000000    -0.303569     1.522664 
2457362.015032 0.000000 0.000000    -0.420957     1.484741 
2457363.699674 0.000000 0.000000    -0.476926     1.425416 
2457365.384316 0.000000 0.000000    -0.427904     1.344313 
2457367.068958 0.000000 0.000000    -0.245887     1.248494 
2457368.753600 0.000000 0.000000     0.066819     1.155118 
2457370.438242 0.000000 0.000000     0.472318     1.090082 
2457372.122884 0.000000 0.000000     0.904012     1.075027 
2457373.807526 0.000000 0.000000     1.283752     1.110272 
2457375.492168 0.000000 0.000000     1.543434     1.179328 
2457377.176810 0.000000 0.000000     1.643560     1.264033 
2457378.861452 0.000000 0.000000     1.582473     1.349397 
2457380.546094 0.000000 0.000000     1.393531     1.424066 
2457382.230736 0.000000 0.000000     1.131944     1.481392 
2457383.915378 0.000000 0.000000     0.856574     1.519918 
2457385.600020 0.000000 0.000000     0.613412     1.542401 
2457387.284662 0.000000 0.000000     0.426205     1.553729 
2457388.969304 0.000000 0.000000     0.296457     1.558675 
2457390.653946 0.000000 0.000000     0.211254     1.560515 
2457392.338588 0.000000 0.000000     0.154482     1.560906 
2457394.023230 0.000000 0.000000     0.116234     1.560494 
2457395.707871 0.000000 0.000000     0.096609     1.559533 
2457397.392513 0.000000 0.000000     0.102984     1.558232 
2457399.077155 0.000000 0.000000     0.142888     1.556875 
2457400.761797 0.000000 0.000000     0.216429     1.555796 
2457402.446439 0.000000 0.000000     0.312238     1.555240 
2457404.131081 0.000000 0.000000     0.409031     1.555272 
2457405.815723 0.000000 0.000000     0.482215     1.555833 
2457407.500365 0.000000 0.000000     0.512585     1.556823 
2457409.185007 0.000000 0.000000     0.493186     1.558101 
2457410.869649 0.000000 0.000000     0.431254     1.559444 
2457412.554291 0.000000 0.000000     0.344388     1.560594 
2457414.238933 0.000000 0.000000     0.252687     1.561377 
2457415.923575 0.000000 0.000000     0.170449     1.561744 
2457417.608217 0.000000 0.000000     0.101209     1.561670 
2457419.292859 0.000000 0.000000     0.038434     1.560976 
2457420.977501 0.000000 0.000000    -0.028395     1.559041 
2457422.662143 0.000000 0.000000    -0.105057     1.554422 
2457424.346785 0.000000 0.000000    -0.185335     1.544700 
2457426.031427 0.000000 0.000000    -0.248895     1.527114 
2457427.716069 0.000000 0.000000    -0.265928     1.500137 
2457429.400711 0.000000 0.000000    -0.207322     1.465290 
2457431.085353 0.000000 0.000000    -0.056665     1.427952 
2457432.769995 0.000000 0.000000     0.180625     1.396011 
2457434.454637 0.000000 0.000000     0.474906     1.376420 
2457436.139279 0.000000 0.000000     0.778083     1.372141 
2457437.823921 0.000000 0.000000     1.035915     1.382229 
2457439.508562 0.000000 0.000000     1.202787     1.403969 
2457441.193204 0.000000 0.000000     1.253922     1.433875 
2457442.877846 0.000000 0.000000     1.191016     1.467368 
2457444.562488 0.000000 0.000000     1.039676     1.499191 
2457446.247130 0.000000 0.000000     0.840008     1.525024 
2457447.931772 0.000000 0.000000     0.634002     1.542923 
2457449.616414 0.000000 0.000000     0.454186     1.553472 
2457451.301056 0.000000 0.000000     0.317163     1.558771 
2457452.985698 0.000000 0.000000     0.223479     1.561088 
2457454.670340 0.000000 0.000000     0.162839     1.562017 
2457456.354982 0.000000 0.000000     0.121784     1.562376 
2457458.039624 0.000000 0.000000     0.090455     1.562493 
2457459.724266 0.000000 0.000000     0.065901     1.562487 
2457461.408908 0.000000 0.000000     0.051179     1.562401 
2457463.093550 0.000000 0.000000     0.051389     1.562272 
2457464.778192 0.000000 0.000000     0.068984     1.562152 
2457466.462834 0.000000 0.000000     0.100755     1.562089 
2457468.147476 0.000000 0.000000     0.137902     1.562096 
2457469.832118 0.000000 0.000000     0.169027     1.562162 
2457471.516760 0.000000 0.000000     0.184525     1.562276 
2457473.201402 0.000000 0.000000     0.180238     1.562424 
2457474.886044 0.000000 0.000000     0.158659     1.562574 
2457476.570686 0.000000 0.000000     0.127166     1.562682 
2457478.255328 0.000000 0.000000     0.094191     1.562727 
2457479.939970 0.000000 0.000000     0.065199     1.562704 
2457481.624612 0.000000 0.000000     0.040439     1.562602 
2457483.309254 0.000000 0.000000     0.015624     1.562349 
2457484.993895 0.000000 0.000000    -0.014683     1.561736 
2457486.678537 0.000000 0.000000    -0.052513     1.560296 
2457488.363179 0.000000 0.000000    -0.092944     1.557253 
2457490.047821 0.000000 0.000000    -0.123469     1.551759 
2457491.732463 0.000000 0.000000    -0.126966     1.543466 
2457493.417105 0.000000 0.000000    -0.087503     1.533087 
2457495.101747 0.000000 0.000000     0.003143     1.522428 
2457496.786389 0.000000 0.000000     0.140773     1.513693 
2457498.471031 0.000000 0.000000     0.307871     1.508495 
2457500.155673 0.000000 0.000000     0.477152     1.507361 
2457501.840315 0.000000 0.000000     0.618541     1.510006 
2457503.524957 0.000000 0.000000     0.707290     1.515846 
2457505.209599 0.000000 0.000000     0.730520     1.524131 
2457506.894241 0.000000 0.000000     0.690064     1.533741 
2457508.578883 0.000000 0.000000     0.600829     1.543194 
2457510.263525 0.000000 0.000000     0.485491     1.551091 
2457511.948167 0.000000 0.000000     0.367531     1.556672 
2457513.632809 0.000000 0.000000     0.265022     1.559995 
2457515.317451 0.000000 0.000000     0.187106     1.561668 
2457517.002093 0.000000 0.000000     0.133914     1.562399 
2457518.686735 0.000000 0.000000     0.099390     1.562696 
2457520.371377 0.000000 0.000000     0.075501     1.562822 
2457522.056019 0.000000 0.000000     0.056034     1.562882 
2457523.740661 0.000000 0.000000     0.038604     1.562913 
2457525.425303 0.000000 0.000000     0.024434     1.562926 
2457527.109945 0.000000 0.000000     0.016437     1.562925 
2457528.794587 0.000000 0.000000     0.016764     1.562916 
2457530.479228 0.000000 0.000000     0.025042     1.562910 
2457532.163870 0.000000 0.000000     0.038085     1.562910 
2457533.848512 0.000000 0.000000     0.051064     1.562913 
2457535.533154 0.000000 0.000000     0.059470     1.562920 
2457537.217796 0.000000 0.000000     0.060883     1.562931 
2457538.902438 0.000000 0.000000     0.055687     1.562941 
2457540.587080 0.000000 0.000000     0.046461     1.562945 
2457542.271722 0.000000 0.000000     0.036396     1.562938 
2457543.956364 0.000000 0.000000     0.027545     1.562921 
2457545.641006 0.000000 0.000000     0.019814     1.562885 
2457547.325648 0.000000 0.000000     0.011215     1.562808 
2457549.010290 0.000000 0.000000    -0.000697     1.562634 
2457550.694932 0.000000 0.000000    -0.016843     1.562257 
2457552.379574 0.000000 0.000000    -0.035070     1.561519 
2457554.064216 0.000000 0.000000    -0.049852     1.560262 
2457555.748858 0.000000 0.000000    -0.053568     1.558453 
2457557.433500 0.000000 0.000000    -0.039025     1.556284 
2457559.118142 0.000000 0.000000    -0.002308     1.554147 
2457560.802784 0.000000 0.000000     0.055134     1.552474 
2457562.487426 0.000000 0.000000     0.126042     1.551553 
2457564.172068 0.000000 0.000000     0.198840     1.551456 
2457565.856710 0.000000 0.000000     0.260608     1.552110 
2457567.541352 0.000000 0.000000     0.300589     1.553385 
2457569.225994 0.000000 0.000000     0.313037     1.555122 
2457570.910636 0.000000 0.000000     0.298483     1.557092 
2457572.595278 0.000000 0.000000     0.263090     1.559006 
2457574.279919 0.000000 0.000000     0.216398     1.560592 
2457575.964561 0.000000 0.000000     0.168340     1.561705 
2457577.649203 0.000000 0.000000     0.126551     1.562361 
2457579.333845 0.000000 0.000000     0.094818     1.562685 
2457581.018487 0.000000 0.000000     0.073029     1.562820 
2457582.703129 0.000000 0.000000     0.058395     1.562872 
2457584.387771 0.000000 0.000000     0.047323     1.562893 
2457586.072413 0.000000 0.000000     0.037128     1.562906 
2457587.757055 0.000000 0.000000     0.026978     1.562917 
2457589.441697 0.000000 0.000000     0.017826     1.562928 
2457591.126339 0.000000 0.000000     0.011520     1.562938 
2457592.810981 0.000000 0.000000     0.009608     1.562947 
2457594.495623 0.000000 0.000000     0.012386     1.562954 
2457596.180265 0.000000 0.000000     0.018609     1.562960 
2457597.864907 0.000000 0.000000     0.025920     1.562964 
2457599.549549 0.000000 0.000000     0.031776     1.562966 
2457601.234191 0.000000 0.000000     0.034419     1.562966 
2457602.918833 0.000000 0.000000     0.033457     1.562964 
2457604.603475 0.000000 0.000000     0.029838     1.562958 
2457606.288117 0.000000 0.000000     0.025242     1.562943 
2457607.972759 0.000000 0.000000     0.021191     1.562904 
2457609.657401 0.000000 0.000000     0.018300     1.562805 
2457611.342043 0.000000 0.000000     0.015989     1.562574 
2457613.026685 0.000000 0.000000     0.012797     1.562098 
2457614.711327 0.000000 0.000000     0.007166     1.561266 
2457616.395969 0.000000 0.000000    -0.001661     1.560034 
2457618.080611 0.000000 0.000000    -0.013005     1.558491 
2457619.765252 0.000000 0.000000    -0.024683     1.556874 
2457621.449894 0.000000 0.000000    -0.033576     1.555492 
2457623.134536 0.000000 0.000000    -0.036627     1.554616 
2457624.819178 0.000000 0.000000    -0.031905     1.554390 
2457626.503820 0.000000 0.000000    -0.019340     1.554816 
2457628.188462 0.000000 0.000000    -0.000825     1.555784 
2457629.873104 0.000000 0.000000     0.020336     1.557113 
2457631.557746 0.000000 0.000000     0.040445     1.558584 
2457633.242388 0.000000 0.000000     0.056518     1.559970 
2457634.927030 0.000000 0.000000     0.067078     1.561095 
2457636.611672 0.000000 0.000000     0.072372     1.561873 
2457638.296314 0.000000 0.000000     0.073962     1.562313 
2457639.980956 0.000000 0.000000     0.073883     1.562487 
2457641.665598 0.000000 0.000000     0.073724     1.562484 
2457643.350240 0.000000 0.000000     0.073998     1.562386 
2457645.034882 0.000000 0.000000     0.074036     1.562261 
2457646.719524 0.000000 0.000000     0.072435     1.562161 
2457648.404166 0.000000 0.000000     0.067843     1.562114 
2457650.088808 0.000000 0.000000     0.059753     1.562129 
2457651.773450 0.000000 0.000000     0.048941     1.562200 
2457653.458092 0.000000 0.000000     0.037367     1.562317 
2457655.142734 0.000000 0.000000     0.027544     1.562462 
2457656.827376 0.000000 0.000000     0.021627     1.562611 
2457658.512018 0.000000 0.000000     0.020584     1.562742 
2457660.196660 0.000000 0.000000     0.023796     1.562840 
2457661.881302 0.000000 0.000000     0.029269     1.562902 
2457663.565943 0.000000 0.000000     0.034393     1.562931 
2457665.250585 0.000000 0.000000     0.036954     1.562934 
2457666.935227 0.000000 0.000000     0.035999     1.562916 
2457668.619869 0.000000 0.000000     0.032186     1.562877 
2457670.304511 0.000000 0.000000     0.027454     1.562792 
2457671.989153 0.000000 0.000000     0.024107     1.562588 
2457673.673795 0.000000 0.000000     0.023681     1.562080 
2457675.358437 0.000000 0.000000     0.026020     1.560893 
2457677.043079 0.000000 0.000000     0.029005     1.558469 
2457678.727721 0.000000 0.000000     0.029058     1.554252 
2457680.412363 0.000000 0.000000     0.022328     1.548065 
2457682.097005 0.000000 0.000000     0.006136     1.540444 
2457683.781647 0.000000 0.000000    -0.019835     1.532661 
2457685.466289 0.000000 0.000000    -0.053050     1.526317 
2457687.150931 0.000000 0.000000    -0.088538     1.522722 
2457688.835573 0.000000 0.000000    -0.120085     1.522467 
2457690.520215 0.000000 0.000000    -0.141817     1.525392 
2457692.204857 0.000000 0.000000    -0.149628     1.530813 
2457693.889499 0.000000 0.000000    -0.142013     1.537728 
2457695.574141 0.000000 0.000000    -0.120103     1.544967 
2457697.258783 0.000000 0.000000    -0.086972     1.551399 
2457698.943425 0.000000 0.000000    -0.046594     1.556221 
2457700.628067 0.000000 0.000000    -0.002867     1.559146 
2457702.312709 0.000000 0.000000     0.040949     1.560355 
2457703.997351 0.000000 0.000000     0.082257     1.560276 
2457705.681993 0.000000 0.000000     0.118792     1.559376 
2457707.366635 0.000000 0.000000     0.148247     1.558084 
2457709.051276 0.000000 0.000000     0.168198     1.556791 
2457710.735918 0.000000 0.000000     0.176500     1.555823 
2457712.420560 0.000000 0.000000     0.172045     1.555381 
2457714.105202 0.000000 0.000000     0.155554     1.555516 
2457715.789844 0.000000 0.000000     0.129970     1.556174 
2457717.474486 0.000000 0.000000     0.100133     1.557238 
2457719.159128 0.000000 0.000000     0.071703     1.558540 
2457720.843770 0.000000 0.000000     0.049636     1.559870 
2457722.528412 0.000000 0.000000     0.036741     1.561027 
2457724.213054 0.000000 0.000000     0.032900     1.561886 
2457725.897696 0.000000 0.000000     0.035306     1.562422 
2457727.582338 0.000000 0.000000     0.039682     1.562688 
2457729.266980 0.000000 0.000000     0.042048     1.562768 
2457730.951622 0.000000 0.000000     0.040337     1.562730 
2457732.636264 0.000000 0.000000     0.035189     1.562599 
2457734.320906 0.000000 0.000000     0.029545     1.562311 
2457736.005548 0.000000 0.000000     0.027152     1.561633 
2457737.690190 0.000000 0.000000     0.030545     1.559958 
2457739.374832 0.000000 0.000000     0.039336     1.556043 
2457741.059474 0.000000 0.000000     0.049568     1.547969 
2457742.744116 0.000000 0.000000     0.054510     1.533689 
2457744.428758 0.000000 0.000000     0.046729     1.512188 
2457746.113400 0.000000 0.000000     0.020732     1.484748 
2457747.798042 0.000000 0.000000    -0.024742     1.455524 
2457749.482684 0.000000 0.000000    -0.085649     1.430701 
2457751.167326 0.000000 0.000000    -0.153196     1.416205 
2457752.851968 0.000000 0.000000    -0.215863     1.415189 
2457754.536609 0.000000 0.000000    -0.262208     1.427073 
2457756.221251 0.000000 0.000000    -0.283519     1.448488 
2457757.905893 0.000000 0.000000    -0.275499     1.474780 
2457759.590535 0.000000 0.000000    -0.238575     1.501192 
2457761.275177 0.000000 0.000000    -0.176977     1.523766 
2457762.959819 0.000000 0.000000    -0.097147     1.540058 
2457764.644461 0.000000 0.000000    -0.006214     1.549355 
2457766.329103 0.000000 0.000000     0.088919     1.552298 
2457768.013745 0.000000 0.000000     0.181726     1.550211 
2457769.698387 0.000000 0.000000     0.265730     1.544654 
2457771.383029 0.000000 0.000000     0.334266     1.537338 
2457773.067671 0.000000 0.000000     0.380826     1.530117 
2457774.752313 0.000000 0.000000     0.400179     1.524702 
2457776.436955 0.000000 0.000000     0.389966     1.522215 
2457778.121597 0.000000 0.000000     0.352116     1.522974 
2457779.806239 0.000000 0.000000     0.293322     1.526651 
2457781.490881 0.000000 0.000000     0.224087     1.532527 
2457783.175523 0.000000 0.000000     0.156415     1.539612 
2457784.860165 0.000000 0.000000     0.100772     1.546748 
2457786.544807 0.000000 0.000000     0.063372     1.552883 
2457788.229449 0.000000 0.000000     0.044784     1.557387 
2457789.914091 0.000000 0.000000     0.040435     1.560186 
2457791.598733 0.000000 0.000000     0.042862     1.561623 
2457793.283375 0.000000 0.000000     0.044866     1.562180 
2457794.968017 0.000000 0.000000     0.042345     1.562252 
2457796.652659 0.000000 0.000000     0.035657     1.562026 
2457798.337300 0.000000 0.000000     0.028960     1.561433 
2457800.021942 0.000000 0.000000     0.027763     1.560003 
2457801.706584 0.000000 0.000000     0.035712     1.556461 
2457803.391226 0.000000 0.000000     0.051941     1.548122 
2457805.075868 0.000000 0.000000     0.070189     1.530663 
2457806.760510 0.000000 0.000000     0.080171     1.498908 
2457808.445152 0.000000 0.000000     0.070831     1.448750 
2457810.129794 0.000000 0.000000     0.034320     1.379749 
2457811.814436 0.000000 0.000000    -0.030742     1.298028 
2457813.499078 0.000000 0.000000    -0.117945     1.219073 
2457815.183720 0.000000 0.000000    -0.214185     1.167229 
2457816.868362 0.000000 0.000000    -0.302775     1.163548 
2457818.553004 0.000000 0.000000    -0.367462     1.206953 
2457820.237646 0.000000 0.000000    -0.395982     1.277142 
2457821.922288 0.000000 0.000000    -0.382101     1.353282 
2457823.606930 0.000000 0.000000    -0.325759     1.421867 
2457825.291572 0.000000 0.000000    -0.231715     1.475700 
2457826.976214 0.000000 0.000000    -0.107609     1.511928 
2457828.660856 0.000000 0.000000     0.037592     1.530615 
2457830.345498 0.000000 0.000000     0.194180     1.533447 
2457832.030140 0.000000 0.000000     0.351432     1.522791 
2457833.714782 0.000000 0.000000     0.497112     1.501597 
2457835.399424 0.000000 0.000000     0.617663     1.474060 
2457837.084066 0.000000 0.000000     0.699658     1.446073 
2457838.768708 0.000000 0.000000     0.732502     1.424320 
2457840.453350 0.000000 0.000000     0.711574     1.414034 
2457842.137992 0.000000 0.000000     0.640589     1.417086 
2457843.822633 0.000000 0.000000     0.531966     1.431949 
2457845.507275 0.000000 0.000000     0.404665     1.454992 
2457847.191917 0.000000 0.000000     0.279834     1.481689 
2457848.876559 0.000000 0.000000     0.175583     1.507535 
2457850.561201 0.000000 0.000000     0.102590     1.529014 
2457852.245843 0.000000 0.000000     0.062104     1.544383 
2457853.930485 0.000000 0.000000     0.047031     1.553794 
2457855.615127 0.000000 0.000000     0.045660     1.558667 
2457857.299769 0.000000 0.000000     0.046595     1.560749 
2457858.984411 0.000000 0.000000     0.042992     1.561398 
2457860.669053 0.000000 0.000000     0.034481     1.561329 
2457862.353695 0.000000 0.000000     0.026127     1.560652 
2457864.038337 0.000000 0.000000     0.024954     1.558827 
2457865.722979 0.000000 0.000000     0.035559     1.554201 
2457867.407621 0.000000 0.000000     0.056711     1.543215 
2457869.092263 0.000000 0.000000     0.080422     1.519994 
2457870.776905 0.000000 0.000000     0.093974     1.477044 
2457872.461547 0.000000 0.000000     0.084174     1.407026 
2457874.146189 0.000000 0.000000     0.042243     1.304939 
2457875.830831 0.000000 0.000000    -0.032534     1.170643 
2457877.515473 0.000000 0.000000    -0.131731     1.015107 
2457879.200115 0.000000 0.000000    -0.239599     0.883623 
2457880.884757 0.000000 0.000000    -0.337016     0.875034 
2457882.569399 0.000000 0.000000    -0.406045     0.992029 
2457884.254041 0.000000 0.000000    -0.433520     1.137271 
2457885.938683 0.000000 0.000000    -0.412658     1.266833 
2457887.623324 0.000000 0.000000    -0.342633     1.370228 
2457889.307966 0.000000 0.000000    -0.226918     1.445361 
2457890.992608 0.000000 0.000000    -0.071603     1.492585 
2457892.677250 0.000000 0.000000     0.115302     1.513161 
2457894.361892 0.000000 0.000000     0.323328     1.508273 
2457896.046534 0.000000 0.000000     0.538370     1.478627 
2457897.731176 0.000000 0.000000     0.742047     1.425367 
2457899.415818 0.000000 0.000000     0.912740     1.352467 
2457901.100460 0.000000 0.000000     1.028811     1.270067 
2457902.785102 0.000000 0.000000     1.073429     1.197277 
2457904.469744 0.000000 0.000000     1.039536     1.159100 
2457906.154386 0.000000 0.000000     0.933033     1.170710 
2457907.839028 0.000000 0.000000     0.772699     1.223758 
2457909.523670 0.000000 0.000000     0.586365     1.296978 
2457911.208312 0.000000 0.000000     0.404295     1.372095 
2457912.892954 0.000000 0.000000     0.251772     1.437793 
2457914.577596 0.000000 0.000000     0.143316     1.488464 
2457916.262238 0.000000 0.000000     0.080439     1.522964 
2457917.946880 0.000000 0.000000     0.053546     1.543488 
2457919.631522 0.000000 0.000000     0.047127     1.554034 
2457921.316164 0.000000 0.000000     0.046168     1.558698 
2457923.000806 0.000000 0.000000     0.041381     1.560475 
2457924.685448 0.000000 0.000000     0.031396     1.560967 
2457926.370090 0.000000 0.000000     0.021335     1.560710 
2457928.054732 0.000000 0.000000     0.018678     1.559453 
2457929.739374 0.000000 0.000000     0.028316     1.555976 
2457931.424016 0.000000 0.000000     0.048985     1.547571 
2457933.108657 0.000000 0.000000     0.072555     1.529871 
2457934.793299 0.000000 0.000000     0.086473     1.497678 
2457936.477941 0.000000 0.000000     0.078289     1.446926 
2457938.162583 0.000000 0.000000     0.040436     1.377326 
2457939.847225 0.000000 0.000000    -0.026627     1.295311 
2457941.531867 0.000000 0.000000    -0.114048     1.216787 
2457943.216509 0.000000 0.000000    -0.206939     1.166284 
2457944.901151 0.000000 0.000000    -0.288370     1.164263 
2457946.585793 0.000000 0.000000    -0.343340     1.208715 
2457948.270435 0.000000 0.000000    -0.361318     1.279065 
2457949.955077 0.000000 0.000000    -0.336755     1.354638 
2457951.639719 0.000000 0.000000    -0.267967     1.421978 
2457953.324361 0.000000 0.000000    -0.155571     1.473533 
2457955.009003 0.000000 0.000000    -0.001707     1.505231 
2457956.693645 0.000000 0.000000     0.189237     1.514420 
2457958.378287 0.000000 0.000000     0.408652     1.498263 
2457960.062929 0.000000 0.000000     0.641667     1.453147 
2457961.747571 0.000000 0.000000     0.866551     1.375450 
2457963.432213 0.000000 0.000000     1.056716     1.263406 
2457965.116855 0.000000 0.000000     1.185470     1.120370 
2457966.801497 0.000000 0.000000     1.232407     0.964513 
2457968.486139 0.000000 0.000000     1.189387     0.859414 
2457970.170781 0.000000 0.000000     1.063899     0.897009 
2457971.855423 0.000000 0.000000     0.878285     1.030484 
2457973.540065 0.000000 0.000000     0.664719     1.173423 
2457975.224707 0.000000 0.000000     0.457322     1.296790 
2457976.909349 0.000000 0.000000     0.283892     1.393999 
2457978.593990 0.000000 0.000000     0.159879     1.464500 
2457980.278632 0.000000 0.000000     0.086452     1.510818 
2457981.963274 0.000000 0.000000     0.053018     1.537840 
2457983.647916 0.000000 0.000000     0.042974     1.551624 
2457985.332558 0.000000 0.000000     0.040419     1.557780 
2457987.017200 0.000000 0.000000     0.035345     1.560268 
2457988.701842 0.000000 0.000000     0.025627     1.561209 
2457990.386484 0.000000 0.000000     0.015477     1.561437 
2457992.071126 0.000000 0.000000     0.011430     1.561050 
2457993.755768 0.000000 0.000000     0.017804     1.559543 
2457995.440410 0.000000 0.000000     0.033632     1.555677 
2457997.125052 0.000000 0.000000     0.052278     1.547526 
2457998.809694 0.000000 0.000000     0.063747     1.533060 
2458000.494336 0.000000 0.000000     0.058572     1.511314 
2458002.178978 0.000000 0.000000     0.031581     1.483672 
2458003.863620 0.000000 0.000000    -0.015995     1.454439 
2458005.548262 0.000000 0.000000    -0.076778     1.429902 
2458007.232904 0.000000 0.000000    -0.139562     1.415916 
2458008.917546 0.000000 0.000000    -0.192528     1.415405 
2458010.602188 0.000000 0.000000    -0.225959     1.427591 
2458012.286830 0.000000 0.000000    -0.233469     1.449006 
2458013.971472 0.000000 0.000000    -0.211578     1.474917 
2458015.656114 0.000000 0.000000    -0.158332     1.500388 
2458017.340756 0.000000 0.000000    -0.072138     1.520970 
2458019.025398 0.000000 0.000000     0.048170     1.532906 
2458020.710040 0.000000 0.000000     0.201704     1.532726 
2458022.394681 0.000000 0.000000     0.382951     1.516791 
2458024.079323 0.000000 0.000000     0.579560     1.481638 
2458025.763965 0.000000 0.000000     0.771942     1.425561 
2458027.448607 0.000000 0.000000     0.935570     1.351111 
2458029.133249 0.000000 0.000000     1.045845     1.268061 
2458030.817891 0.000000 0.000000     1.084213     1.195619 
2458032.502533 0.000000 0.000000     1.043581     1.158726 
2458034.187175 0.000000 0.000000     0.931044     1.171882 
2458035.871817 0.000000 0.000000     0.766770     1.225966 
2458037.556459 0.000000 0.000000     0.579187     1.299508 
2458039.241101 0.000000 0.000000     0.397900     1.374409 
2458040.925743 0.000000 0.000000     0.246587     1.439613 
2458042.610385 0.000000 0.000000     0.138081     1.489738 
2458044.295027 0.000000 0.000000     0.073061     1.523792 
2458045.979669 0.000000 0.000000     0.042447     1.544037 
2458047.664311 0.000000 0.000000     0.032325     1.554478 
2458049.348953 0.000000 0.000000     0.029458     1.559184 
2458051.033595 0.000000 0.000000     0.025393     1.561121 
2458052.718237 0.000000 0.000000     0.017932     1.561909 
2458054.402879 0.000000 0.000000     0.009850     1.562222 
2458056.087521 0.000000 0.000000     0.005787     1.562246 
2458057.772163 0.000000 0.000000     0.008878     1.561877 
2458059.456805 0.000000 0.000000     0.018585     1.560757 
2458061.141447 0.000000 0.000000     0.030530     1.558333 
2458062.826089 0.000000 0.000000     0.038220     1.554074 
2458064.510731 0.000000 0.000000     0.035745     1.547828 
2458066.195373 0.000000 0.000000     0.020214     1.540164 
2458067.880014 0.000000 0.000000    -0.007094     1.532394 
2458069.564656 0.000000 0.000000    -0.041223     1.526141 
2458071.249298 0.000000 0.000000    -0.075297     1.522689 
2458072.933940 0.000000 0.000000    -0.102633     1.522557 
2458074.618582 0.000000 0.000000    -0.118255     1.525526 
2458076.303224 0.000000 0.000000    -0.119233     1.530886 
2458077.987866 0.000000 0.000000    -0.103937     1.537596 
2458079.672508 0.000000 0.000000    -0.070850     1.544383 
2458081.357150 0.000000 0.000000    -0.017846     1.549845 
2458083.041792 0.000000 0.000000     0.057405     1.552488 
2458084.726434 0.000000 0.000000     0.155828     1.550629 
2458086.411076 0.000000 0.000000     0.274728     1.542420 
2458088.095718 0.000000 0.000000     0.406033     1.526425 
2458089.780360 0.000000 0.000000     0.536059     1.502737 
2458091.465002 0.000000 0.000000     0.647346     1.474022 
2458093.149644 0.000000 0.000000     0.722335     1.445586 
2458094.834286 0.000000 0.000000     0.747858     1.423884 
2458096.518928 0.000000 0.000000     0.718956     1.413949 
2458098.203570 0.000000 0.000000     0.640675     1.417461 
2458099.888212 0.000000 0.000000     0.527111     1.432739 
2458101.572854 0.000000 0.000000     0.397911     1.456026 
2458103.257496 0.000000 0.000000     0.273322     1.482738 
2458104.942138 0.000000 0.000000     0.169359     1.508419 
2458106.626780 0.000000 0.000000     0.094584     1.529664 
2458108.311422 0.000000 0.000000     0.049362     1.544831 
2458109.996064 0.000000 0.000000     0.027581     1.554133 
2458111.680705 0.000000 0.000000     0.019977     1.559018 
2458113.365347 0.000000 0.000000     0.017750     1.561242 
2458115.049989 0.000000 0.000000     0.015198     1.562164 
2458116.734631 0.000000 0.000000     0.010620     1.562546 
2458118.419273 0.000000 0.000000     0.005478     1.562716 
2458120.103915 0.000000 0.000000     0.002466     1.562782 
2458121.788557 0.000000 0.000000     0.003461     1.562749 
2458123.473199 0.000000 0.000000     0.008250     1.562551 
2458125.157841 0.000000 0.000000     0.014479     1.562090 
2458126.842483 0.000000 0.000000     0.018679     1.561275 
2458128.527125 0.000000 0.000000     0.017810     1.560092 
2458130.211767 0.000000 0.000000     0.010555     1.558658 
2458131.896409 0.000000 0.000000    -0.002168     1.557224 
2458133.581051 0.000000 0.000000    -0.017634     1.556087 
2458135.265693 0.000000 0.000000    -0.032374     1.555468 
2458136.950335 0.000000 0.000000    -0.043328     1.555447 
2458138.634977 0.000000 0.000000    -0.048525     1.555978 
2458140.319619 0.000000 0.000000    -0.047047     1.556937 
2458142.004261 0.000000 0.000000    -0.038390     1.558141 
2458143.688903 0.000000 0.000000    -0.021684     1.559349 
2458145.373545 0.000000 0.000000     0.004684     1.560263 
2458147.058187 0.000000 0.000000     0.042696     1.560513 
2458148.742829 0.000000 0.000000     0.093585     1.559610 
2458150.427471 0.000000 0.000000     0.156402     1.556986 
2458152.112113 0.000000 0.000000     0.226926     1.552228 
2458153.796755 0.000000 0.000000     0.297541     1.545458 
2458155.481397 0.000000 0.000000     0.358355     1.537583 
2458157.166038 0.000000 0.000000     0.399388     1.530123 
2458158.850680 0.000000 0.000000     0.413168     1.524652 
2458160.535322 0.000000 0.000000     0.396899     1.522212 
2458162.219964 0.000000 0.000000     0.353419     1.523069 
2458163.904606 0.000000 0.000000     0.290588     1.526858 
2458165.589248 0.000000 0.000000     0.219285     1.532813 
2458167.273890 0.000000 0.000000     0.150628     1.539912 
2458168.958532 0.000000 0.000000     0.093344     1.547009 
2458170.643174 0.000000 0.000000     0.052046     1.553083 
2458172.327816 0.000000 0.000000     0.026898     1.557536 
2458174.012458 0.000000 0.000000     0.014590     1.560317 
2458175.697100 0.000000 0.000000     0.010144     1.561794 
2458177.381742 0.000000 0.000000     0.008835     1.562471 
2458179.066384 0.000000 0.000000     0.007561     1.562752 
2458180.751026 0.000000 0.000000     0.005298     1.562869 
2458182.435668 0.000000 0.000000     0.002664     1.562922 
2458184.120310 0.000000 0.000000     0.000935     1.562948 
2458185.804952 0.000000 0.000000     0.001033     1.562955 
2458187.489594 0.000000 0.000000     0.002907     1.562938 
2458189.174236 0.000000 0.000000     0.005527     1.562885 
2458190.858878 0.000000 0.000000     0.007381     1.562790 
2458192.543520 0.000000 0.000000     0.007188     1.562653 
2458194.228162 0.000000 0.000000     0.004470     1.562489 
2458195.912804 0.000000 0.000000    -0.000275     1.562325 
2458197.597446 0.000000 0.000000    -0.005825     1.562197 
2458199.282088 0.000000 0.000000    -0.010761     1.562128 
2458200.966730 0.000000 0.000000    -0.013970     1.562126 
2458202.651371 0.000000 0.000000    -0.014890     1.562185 
2458204.336013 0.000000 0.000000    -0.013406     1.562291 
2458206.020655 0.000000 0.000000    -0.009466     1.562421 
2458207.705297 0.000000 0.000000    -0.002688     1.562547 
2458209.389939 0.000000 0.000000     0.007808     1.562628 
2458211.074581 0.000000 0.000000     0.023166     1.562603 
2458212.759223 0.000000 0.000000     0.044214     1.562383 
2458214.443865 0.000000 0.000000     0.070742     1.561855 
2458216.128507 0.000000 0.000000     0.100980     1.560937 
2458217.813149 0.000000 0.000000     0.131544     1.559655 
2458219.497791 0.000000 0.000000     0.157982     1.558185 
2458221.182433 0.000000 0.000000     0.175793     1.556813 
2458222.867075 0.000000 0.000000     0.181629     1.555821 
2458224.551717 0.000000 0.000000     0.174254     1.555385 
2458226.236359 0.000000 0.000000     0.154958     1.555545 
2458227.921001 0.000000 0.000000     0.127244     1.556236 
2458229.605643 0.000000 0.000000     0.095910     1.557327 
2458231.290285 0.000000 0.000000     0.065821     1.558639 
2458232.974927 0.000000 0.000000     0.040753     1.559963 
2458234.659569 0.000000 0.000000     0.022676     1.561106 
2458236.344211 0.000000 0.000000     0.011633     1.561951 
2458238.028853 0.000000 0.000000     0.006184     1.562481 
2458239.713495 0.000000 0.000000     0.004188     1.562764 
2458241.398137 0.000000 0.000000     0.003617     1.562894 
2458243.082779 0.000000 0.000000     0.003128     1.562948 
2458244.767421 0.000000 0.000000     0.002243     1.562970 
2458246.452062 0.000000 0.000000     0.001170     1.562980 
2458248.136704 0.000000 0.000000     0.000398     1.562985 
2458249.821346 0.000000 0.000000     0.000296     1.562987 
2458251.505988 0.000000 0.000000     0.000872     1.562987 
2458253.190630 0.000000 0.000000     0.001764     1.562983 
2458254.875272 0.000000 0.000000     0.002437     1.562976 
2458256.559914 0.000000 0.000000     0.002444     1.562965 
2458258.244556 0.000000 0.000000     0.001631     1.562952 
2458259.929198 0.000000 0.000000     0.000188     1.562939 
2458261.613840 0.000000 0.000000    -0.001458     1.562929 
2458263.298482 0.000000 0.000000    -0.002840     1.562923 
2458264.983124 0.000000 0.000000    -0.003626     1.562922 
2458266.667766 0.000000 0.000000    -0.003691     1.562926 
2458268.352408 0.000000 0.000000    -0.003057     1.562934 
2458270.037050 0.000000 0.000000    -0.001738     1.562943 
2458271.721692 0.000000 0.000000     0.000407     1.562952 
2458273.406334 0.000000 0.000000     0.003724     1.562956 
2458275.090976 0.000000 0.000000     0.008670     1.562950 
2458276.775618 0.000000 0.000000     0.015583     1.562922 
2458278.460260 0.000000 0.000000     0.024427     1.562859 
2458280.144902 0.000000 0.000000     0.034598     1.562753 
2458281.829544 0.000000 0.000000     0.044919     1.562605 
2458283.514186 0.000000 0.000000     0.053845     1.562436 
2458285.198828 0.000000 0.000000     0.059822     1.562280 
2458286.883470 0.000000 0.000000     0.061709     1.562168 
2458288.568112 0.000000 0.000000     0.059105     1.562119 
2458290.252754 0.000000 0.000000     0.052471     1.562139 
2458291.937395 0.000000 0.000000     0.043017     1.562218 
2458293.622037 0.000000 0.000000     0.032376     1.562344 
2458295.306679 0.000000 0.000000     0.022190     1.562494 
2458296.991321 0.000000 0.000000     0.013723     1.562645 
2458298.675963 0.000000 0.000000     0.007626     1.562776 
2458300.360605 0.000000 0.000000     0.003908     1.562873 
2458302.045247 0.000000 0.000000     0.002083     1.562933 
2458303.729889 0.000000 0.000000     0.001432     1.562966 
2458305.414531 0.000000 0.000000     0.001274     1.562980 
2458307.099173 0.000000 0.000000     0.001149     1.562987 
2458308.783815 0.000000 0.000000     0.000884     1.562989 
2458310.468457 0.000000 0.000000     0.000536     1.562990 
2458312.153099 0.000000 0.000000     0.000266     1.562991 
2458313.837741 0.000000 0.000000     0.000208     1.562991 
2458315.522383 0.000000 0.000000     0.000381     1.562991 
2458317.207025 0.000000 0.000000     0.000685     1.562990 
2458318.891667 0.000000 0.000000     0.000947     1.562989 
2458320.576309 0.000000 0.000000     0.001002     1.562986 
2458322.260951 0.000000 0.000000     0.000763     1.562983 
2458323.945593 0.000000 0.000000     0.000246     1.562980 
2458325.630235 0.000000 0.000000    -0.000443     1.562977 
2458327.314877 0.000000 0.000000    -0.001159     1.562974 
2458328.999519 0.000000 0.000000    -0.001766     1.562973 
2458330.684161 0.000000 0.000000    -0.002165     1.562974 
2458332.368803 0.000000 0.000000    -0.002297     1.562975 
2458334.053445 0.000000 0.000000    -0.002113     1.562978 
2458335.738086 0.000000 0.000000    -0.001551     1.562981 
2458337.422728 0.000000 0.000000    -0.000522     1.562983 
2458339.107370 0.000000 0.000000     0.001061     1.562985 
2458340.792012 0.000000 0.000000     0.003242     1.562984 
2458342.476654 0.000000 0.000000     0.005964     1.562981 
2458344.161296 0.000000 0.000000     0.009026     1.562973 
2458345.845938 0.000000 0.000000     0.012095     1.562962 
2458347.530580 0.000000 0.000000     0.014749     1.562948 
2458349.215222 0.000000 0.000000     0.016572     1.562936 
2458350.899864 0.000000 0.000000     0.017258     1.562927 
2458352.584506 0.000000 0.000000     0.016690     1.562922 
2458354.269148 0.000000 0.000000     0.014978     1.562923 
2458355.953790 0.000000 0.000000     0.012432     1.562929 
2458357.638432 0.000000 0.000000     0.009492     1.562939 
2458359.323074 0.000000 0.000000     0.006614     1.562950 
2458361.007716 0.000000 0.000000     0.004169     1.562962 
2458362.692358 0.000000 0.000000     0.002373     1.562973 
2458364.377000 0.000000 0.000000     0.001262     1.562981 
2458366.061642 0.000000 0.000000     0.000721     1.562986 
2458367.746284 0.000000 0.000000     0.000548     1.562989 
2458369.430926 0.000000 0.000000     0.000534     1.562990 
2458371.115568 0.000000 0.000000     0.000524     1.562991 
2458372.800210 0.000000 0.000000     0.000452     1.562991 
2458374.484852 0.000000 0.000000     0.000335     1.562991 
2458376.169494 0.000000 0.000000     0.000240     1.562991 
2458377.854136 0.000000 0.000000     0.000234     1.562991 
2458379.538778 0.000000 0.000000     0.000346     1.562991 
2458381.223419 0.000000 0.000000     0.000544     1.562990 
2458382.908061 0.000000 0.000000     0.000740     1.562988 
2458384.592703 0.000000 0.000000     0.000819     1.562985 
2458386.277345 0.000000 0.000000     0.000679     1.562982 
2458387.961987 0.000000 0.000000     0.000265     1.562977 
2458389.646629 0.000000 0.000000    -0.000403     1.562973 
2458391.331271 0.000000 0.000000    -0.001240     1.562969 
2458393.015913 0.000000 0.000000    -0.002111     1.562967 
2458394.700555 0.000000 0.000000    -0.002865     1.562968 
2458396.385197 0.000000 0.000000    -0.003365     1.562970 
2458398.069839 0.000000 0.000000    -0.003513     1.562973 
2458399.754481 0.000000 0.000000    -0.003257     1.562977 
2458401.439123 0.000000 0.000000    -0.002590     1.562981 
2458403.123765 0.000000 0.000000    -0.001541     1.562985 
2458404.808407 0.000000 0.000000    -0.000165     1.562987 
2458406.493049 0.000000 0.000000     0.001457     1.562988 
2458408.177691 0.000000 0.000000     0.003214     1.562987 
2458409.862333 0.000000 0.000000     0.004966     1.562985 
2458411.546975 0.000000 0.000000     0.006545     1.562982 
2458413.231617 0.000000 0.000000     0.007776     1.562979 
2458414.916259 0.000000 0.000000     0.008501     1.562976 
2458416.600901 0.000000 0.000000     0.008620     1.562974 
2458418.285543 0.000000 0.000000     0.008120     1.562973 
2458419.970185 0.000000 0.000000     0.007090     1.562974 
2458421.654827 0.000000 0.000000     0.005708     1.562976 
2458423.339469 0.000000 0.000000     0.004205     1.562979 
2458425.024111 0.000000 0.000000     0.002811     1.562982 
2458426.708752 0.000000 0.000000     0.001701     1.562985 
2458428.393394 0.000000 0.000000     0.000958     1.562988 
2458430.078036 0.000000 0.000000     0.000565     1.562989 
2458431.762678 0.000000 0.000000     0.000427     1.562990 
2458433.447320 0.000000 0.000000     0.000415     1.562991 
2458435.131962 0.000000 0.000000     0.000415     1.562991 
2458436.816604 0.000000 0.000000     0.000370     1.562991 
2458438.501246 0.000000 0.000000     0.000283     1.562991 
2458440.185888 0.000000 0.000000     0.000210     1.562991 
2458441.870530 0.000000 0.000000     0.000213     1.562991 
2458443.555172 0.000000 0.000000     0.000327     1.562991 
2458445.239814 0.000000 0.000000     0.000529     1.562990 
2458446.924456 0.000000 0.000000     0.000736     1.562988 
2458448.609098 0.000000 0.000000     0.000830     1.562985 
2458450.293740 0.000000 0.000000     0.000699     1.562980 
2458451.978382 0.000000 0.000000     0.000280     1.562975 
2458453.663024 0.000000 0.000000    -0.000417     1.562970 
2458455.347666 0.000000 0.000000    -0.001302     1.562967 
2458457.032308 0.000000 0.000000    -0.002226     1.562965 
2458458.716950 0.000000 0.000000    -0.003024     1.562965 
2458460.401592 0.000000 0.000000    -0.003549     1.562967 
2458462.086234 0.000000 0.000000    -0.003699     1.562971 
2458463.770876 0.000000 0.000000    -0.003424     1.562975 
2458465.455518 0.000000 0.000000    -0.002723     1.562980 
2458467.140160 0.000000 0.000000    -0.001622     1.562984 
2458468.824802 0.000000 0.000000    -0.000169     1.562987 
2458470.509443 0.000000 0.000000     0.001569     1.562988 
2458472.194085 0.000000 0.000000     0.003498     1.562987 
2458473.878727 0.000000 0.000000     0.005480     1.562984 
2458475.563369 0.000000 0.000000     0.007332     1.562980 
2458477.248011 0.000000 0.000000     0.008844     1.562975 
2458478.932653 0.000000 0.000000     0.009812     1.562971 
2458480.617295 0.000000 0.000000     0.010089     1.562968 
2458482.301937 0.000000 0.000000     0.009629     1.562967 
2458483.986579 0.000000 0.000000     0.008513     1.562968 
2458485.671221 0.000000 0.000000     0.006938     1.562970 
2458487.355863 0.000000 0.000000     0.005175     1.562974 
2458489.040505 0.000000 0.000000     0.003501     1.562978 
2458490.725147 0.000000 0.000000     0.002138     1.562982 
2458492.409789 0.000000 0.000000     0.001197     1.562986 
2458494.094431 0.000000 0.000000     0.000670     1.562988 
2458495.779073 0.000000 0.000000     0.000455     1.562990 
2458497.463715 0.000000 0.000000     0.000406     1.562991 
2458499.148357 0.000000 0.000000     0.000392     1.562991 
2458500.832999 0.000000 0.000000     0.000340     1.562991 
2458502.517641 0.000000 0.000000     0.000246     1.562991 
2458504.202283 0.000000 0.000000     0.000162     1.562991 
2458505.886925 0.000000 0.000000     0.000151     1.562991 
2458507.571567 0.000000 0.000000     0.000247     1.562991 
2458509.256209 0.000000 0.000000     0.000429     1.562990 
2458510.940851 0.000000 0.000000     0.000620     1.562989 
2458512.625493 0.000000 0.000000     0.000712     1.562987 
2458514.310135 0.000000 0.000000     0.000607     1.562984 
2458515.994776 0.000000 0.000000     0.000256     1.562981 
2458517.679418 0.000000 0.000000    -0.000323     1.562977 
2458519.364060 0.000000 0.000000    -0.001044     1.562975 
2458521.048702 0.000000 0.000000    -0.001779     1.562974 
2458522.733344 0.000000 0.000000    -0.002393     1.562974 
2458524.417986 0.000000 0.000000    -0.002773     1.562975 
2458526.102628 0.000000 0.000000    -0.002843     1.562978 
2458527.787270 0.000000 0.000000    -0.002566     1.562981 
2458529.471912 0.000000 0.000000    -0.001930     1.562984 
2458531.156554 0.000000 0.000000    -0.000933     1.562986 
2458532.841196 0.000000 0.000000     0.000412     1.562988 
2458534.525838 0.000000 0.000000     0.002074     1.562988 
2458536.210480 0.000000 0.000000     0.003973     1.562986 
2458537.895122 0.000000 0.000000     0.005973     1.562983 
2458539.579764 0.000000 0.000000     0.007873     1.562979 
2458541.264406 0.000000 0.000000     0.009434     1.562974 
2458542.949048 0.000000 0.000000     0.010427     1.562969 
2458544.633690 0.000000 0.000000     0.010688     1.562966 
2458546.318332 0.000000 0.000000     0.010169     1.562965 
2458548.002974 0.000000 0.000000     0.008963     1.562965 
2458549.687616 0.000000 0.000000     0.007284     1.562968 
2458551.372258 0.000000 0.000000     0.005419     1.562972 
2458553.056900 0.000000 0.000000     0.003659     1.562977 
2458554.741542 0.000000 0.000000     0.002226     1.562981 
2458556.426184 0.000000 0.000000     0.001230     1.562985 
2458558.110826 0.000000 0.000000     0.000661     1.562988 
2458559.795467 0.000000 0.000000     0.000415     1.562990 
2458561.480109 0.000000 0.000000     0.000345     1.562991 
2458563.164751 0.000000 0.000000     0.000324     1.562991 
2458564.849393 0.000000 0.000000     0.000276     1.562991 
2458566.534035 0.000000 0.000000     0.000193     1.562991 
2458568.218677 0.000000 0.000000     0.000113     1.562991 
2458569.903319 0.000000 0.000000     0.000089     1.562991 
2458571.587961 0.000000 0.000000     0.000150     1.562991 
2458573.272603 0.000000 0.000000     0.000280     1.562991 
2458574.957245 0.000000 0.000000     0.000421     1.562990 
2458576.641887 0.000000 0.000000     0.000493     1.562989 
2458578.326529 0.000000 0.000000     0.000427     1.562988 
2458580.011171 0.000000 0.000000     0.000193     1.562987 
2458581.695813 0.000000 0.000000    -0.000190     1.562986 
2458583.380455 0.000000 0.000000    -0.000656     1.562985 
2458585.065097 0.000000 0.000000    -0.001117     1.562984 
2458586.749739 0.000000 0.000000    -0.001485     1.562984 
2458588.434381 0.000000 0.000000    -0.001694     1.562985 
2458590.119023 0.000000 0.000000    -0.001701     1.562986 
2458591.803665 0.000000 0.000000    -0.001485     1.562987 
2458593.488307 0.000000 0.000000    -0.001027     1.562988 
2458595.172949 0.000000 0.000000    -0.000313     1.562989 
2458596.857591 0.000000 0.000000     0.000674     1.562990 
2458598.542233 0.000000 0.000000     0.001925     1.562989 
2458600.226875 0.000000 0.000000     0.003393     1.562988 
2458601.911517 0.000000 0.000000     0.004967     1.562986 
2458603.596159 0.000000 0.000000     0.006481     1.562983 
2458605.280800 0.000000 0.000000     0.007732     1.562980 
2458606.965442 0.000000 0.000000     0.008523     1.562977 
2458608.650084 0.000000 0.000000     0.008717     1.562974 
2458610.334726 0.000000 0.000000     0.008278     1.562974 
2458612.019368 0.000000 0.000000     0.007281     1.562974 
2458613.704010 0.000000 0.000000     0.005905     1.562976 
2458615.388652 0.000000 0.000000     0.004384     1.562979 
2458617.073294 0.000000 0.000000     0.002954     1.562982 
2458618.757936 0.000000 0.000000     0.001789     1.562985 
2458620.442578 0.000000 0.000000     0.000977     1.562987 
2458622.127220 0.000000 0.000000     0.000507     1.562989 
2458623.811862 0.000000 0.000000     0.000298     1.562990 
2458625.496504 0.000000 0.000000     0.000237     1.562991 
2458627.181146 0.000000 0.000000     0.000222     1.562991 
2458628.865788 0.000000 0.000000     0.000192     1.562991 
2458630.550430 0.000000 0.000000     0.000136     1.562991 
2458632.235072 0.000000 0.000000     0.000078     1.562991 
2458633.919714 0.000000 0.000000     0.000052     1.562991 
2458635.604356 0.000000 0.000000     0.000079     1.562991 
2458637.288998 0.000000 0.000000     0.000150     1.562991 
2458638.973640 0.000000 0.000000     0.000231     1.562991 
2458640.658282 0.000000 0.000000     0.000274     1.562991 
2458642.342924 0.000000 0.000000     0.000241     1.562991 
2458644.027566 0.000000 0.000000     0.000116     1.562990 
2458645.712208 0.000000 0.000000    -0.000085     1.562990 
2458647.396850 0.000000 0.000000    -0.000324     1.562990 
2458649.081492 0.000000 0.000000    -0.000551     1.562989 
2458650.766133 0.000000 0.000000    -0.000722     1.562989 
2458652.450775 0.000000 0.000000    -0.000806     1.562990 
2458654.135417 0.000000 0.000000    -0.000787     1.562990 
2458655.820059 0.000000 0.000000    -0.000653     1.562990 
2458657.504701 0.000000 0.000000    -0.000392     1.562990 
2458659.189343 0.000000 0.000000     0.000017     1.562991 
2458660.873985 0.000000 0.000000     0.000595     1.562991 
2458662.558627 0.000000 0.000000     0.001347     1.562991 
2458664.243269 0.000000 0.000000     0.002251     1.562990 
2458665.927911 0.000000 0.000000     0.003239     1.562989 
2458667.612553 0.000000 0.000000     0.004202     1.562988 
2458669.297195 0.000000 0.000000     0.005003     1.562986 
2458670.981837 0.000000 0.000000     0.005511     1.562985 
2458672.666479 0.000000 0.000000     0.005635     1.562984 
2458674.351121 0.000000 0.000000     0.005349     1.562984 
2458676.035763 0.000000 0.000000     0.004701     1.562984 
2458677.720405 0.000000 0.000000     0.003807     1.562985 
2458679.405047 0.000000 0.000000     0.002819     1.562986 
2458681.089689 0.000000 0.000000     0.001889     1.562987 
2458682.774331 0.000000 0.000000     0.001130     1.562989 
2458684.458973 0.000000 0.000000     0.000598     1.562990 
2458686.143615 0.000000 0.000000     0.000290     1.562990 
2458687.828257 0.000000 0.000000     0.000155     1.562991 
2458689.512899 0.000000 0.000000     0.000122     1.562991 
2458691.197541 0.000000 0.000000     0.000124     1.562991 
2458692.882183 0.000000 0.000000     0.000122     1.562991 
2458694.566824 0.000000 0.000000     0.000100     1.562991 
2458696.251466 0.000000 0.000000     0.000070     1.562991 
2458697.936108 0.000000 0.000000     0.000048     1.562991 
2458699.620750 0.000000 0.000000     0.000049     1.562991 
2458701.305392 0.000000 0.000000     0.000070     1.562991 
2458702.990034 0.000000 0.000000     0.000098     1.562991 
2458704.674676 0.000000 0.000000     0.000113     1.562991 
2458706.359318 0.000000 0.000000     0.000099     1.562991 
2458708.043960 0.000000 0.000000     0.000050     1.562991 
2458709.728602 0.000000 0.000000    -0.000026     1.562991 
2458711.413244 0.000000 0.000000    -0.000112     1.562991 
2458713.097886 0.000000 0.000000    -0.000189     1.562991 
2458714.782528 0.000000 0.000000    -0.000240     1.562991 
2458716.467170 0.000000 0.000000    -0.000258     1.562991 
2458718.151812 0.000000 0.000000    -0.000238     1.562991 
2458719.836454 0.000000 0.000000    -0.000176     1.562991 
2458721.521096 0.000000 0.000000    -0.000064     1.562991 
2458723.205738 0.000000 0.000000     0.000115     1.562991 
2458724.890380 0.000000 0.000000     0.000378     1.562991 
2458726.575022 0.000000 0.000000     0.000737     1.562991 
2458728.259664 0.000000 0.000000     0.001183     1.562991 
2458729.944306 0.000000 0.000000     0.001683     1.562991 
2458731.628948 0.000000 0.000000     0.002181     1.562990 
2458733.313590 0.000000 0.000000     0.002602     1.562990 
2458734.998232 0.000000 0.000000     0.002874     1.562990 
2458736.682874 0.000000 0.000000     0.002946     1.562989 
2458738.367516 0.000000 0.000000     0.002800     1.562989 
2458740.052157 0.000000 0.000000     0.002461     1.562989 
2458741.736799 0.000000 0.000000     0.001986     1.562990 
2458743.421441 0.000000 0.000000     0.001457     1.562990 
2458745.106083 0.000000 0.000000     0.000954     1.562990 
2458746.790725 0.000000 0.000000     0.000540     1.562991 
2458748.475367 0.000000 0.000000     0.000251     1.562991 
2458750.160009 0.000000 0.000000     0.000087     1.562991 
2458751.844651 0.000000 0.000000     0.000025     1.562991 
2458753.529293 0.000000 0.000000     0.000028     1.562991 
2458755.213935 0.000000 0.000000     0.000057     1.562991 
2458756.898577 0.000000 0.000000     0.000084     1.562991 
2458758.583219 0.000000 0.000000     0.000096     1.562991 
2458760.267861 0.000000 0.000000     0.000090     1.562991 
2458761.952503 0.000000 0.000000     0.000073     1.562991 
2458763.637145 0.000000 0.000000     0.000054     1.562991 
2458765.321787 0.000000 0.000000     0.000037     1.562991 
2458767.006429 0.000000 0.000000     0.000025     1.562991 
2458768.691071 0.000000 0.000000     0.000016     1.562991 
2458770.375713 0.000000 0.000000     0.000009     1.562991 
2458772.060355 0.000000 0.000000     0.000003     1.562991 
2458773.744997 0.000000 0.000000    -0.000002     1.562991 
2458775.429639 0.000000 0.000000    -0.000002     1.562991 
2458777.114281 0.000000 0.000000     0.000002     1.562991 
2458778.798923 0.000000 0.000000     0.000010     1.562991 
2458780.483565 0.000000 0.000000     0.000019     1.562991 
2458782.168207 0.000000 0.000000     0.000028     1.562991 
2458783.852848 0.000000 0.000000     0.000039     1.562991 
2458785.537490 0.000000 0.000000     0.000058     1.562991 
2458787.222132 0.000000 0.000000     0.000099     1.562991 
2458788.906774 0.000000 0.000000     0.000176     1.562991 
2458790.591416 0.000000 0.000000     0.000298     1.562991 
2458792.276058 0.000000 0.000000     0.000469     1.562991 
2458793.960700 0.000000 0.000000     0.000674     1.562991 
2458795.645342 0.000000 0.000000     0.000891     1.562991 
2458797.329984 0.000000 0.000000     0.001084     1.562991 
2458799.014626 0.000000 0.000000     0.001219     1.562991 
2458800.699268 0.000000 0.000000     0.001267     1.562991 
2458802.383910 0.000000 0.000000     0.001215     1.562991 
2458804.068552 0.000000 0.000000     0.001069     1.562991 
2458805.753194 0.000000 0.000000     0.000852     1.562991 
2458807.437836 0.000000 0.000000     0.000601     1.562991 
2458809.122478 0.000000 0.000000     0.000355     1.562991 
2458810.807120 0.000000 0.000000     0.000149     1.562991 
2458812.491762 0.000000 0.000000     0.000007     1.562991 
2458814.176404 0.000000 0.000000    -0.000065     1.562991 
2458815.861046 0.000000 0.000000    -0.000073     1.562991 
2458817.545688 0.000000 0.000000    -0.000036     1.562991 
2458819.230330 0.000000 0.000000     0.000022     1.562991 
2458820.914972 0.000000 0.000000     0.000079     1.562991 
2458822.599614 0.000000 0.000000     0.000118     1.562991 
2458824.284256 0.000000 0.000000     0.000129     1.562991 
2458825.968898 0.000000 0.000000     0.000114     1.562991 
2458827.653540 0.000000 0.000000     0.000078     1.562991 
2458829.338181 0.000000 0.000000     0.000034     1.562991 
2458831.022823 0.000000 0.000000    -0.000008     1.562991 
2458832.707465 0.000000 0.000000    -0.000035     1.562991 
2458834.392107 0.000000 0.000000    -0.000043     1.562991 
2458836.076749 0.000000 0.000000    -0.000030     1.562991 
2458837.761391 0.000000 0.000000     0.000002     1.562991 
2458839.446033 0.000000 0.000000     0.000044     1.562991 
2458841.130675 0.000000 0.000000     0.000087     1.562991 
2458842.815317 0.000000 0.000000     0.000121     1.562991 
2458844.499959 0.000000 0.000000     0.000138     1.562991 
2458846.184601 0.000000 0.000000     0.000135     1.562991 
2458847.869243 0.000000 0.000000     0.000113     1.562991 
2458849.553885 0.000000 0.000000     0.000082     1.562991 
2458851.238527 0.000000 0.000000     0.000052     1.562991 
2458852.923169 0.000000 0.000000     0.000037     1.562991 
2458854.607811 0.000000 0.000000     0.000050     1.562991 
2458856.292453 0.000000 0.000000     0.000095     1.562991 
2458857.977095 0.000000 0.000000     0.000171     1.562991 
2458859.661737 0.000000 0.000000     0.000268     1.562991 
2458861.346379 0.000000 0.000000     0.000369     1.562991 
2458863.031021 0.000000 0.000000     0.000453     1.562991 
2458864.715663 0.000000 0.000000     0.000501     1.562991 
2458866.400305 0.000000 0.000000     0.000499     1.562991 
2458868.084947 0.000000 0.000000     0.000443     1.562991 
2458869.769589 0.000000 0.000000     0.000340     1.562991 
2458871.454231 0.000000 0.000000     0.000208     1.562991 
2458873.138873 0.000000 0.000000     0.000070     1.562991 
2458874.823514 0.000000 0.000000    -0.000048     1.562991 
2458876.508156 0.000000 0.000000    -0.000126     1.562991 
2458878.192798 0.000000 0.000000    -0.000153     1.562991 
2458879.877440 0.000000 0.000000    -0.000130     1.562991 
2458881.562082 0.000000 0.000000    -0.000068     1.562991 
2458883.246724 0.000000 0.000000     0.000013     1.562991 
2458884.931366 0.000000 0.000000     0.000090     1.562991 
2458886.616008 0.000000 0.000000     0.000145     1.562991 
2458888.300650 0.000000 0.000000     0.000164     1.562991 
2458889.985292 0.000000 0.000000     0.000147     1.562991 
2458891.669934 0.000000 0.000000     0.000100     1.562991 
2458893.354576 0.000000 0.000000     0.000039     1.562991 
2458895.039218 0.000000 0.000000    -0.000019     1.562991 
2458896.723860 0.000000 0.000000    -0.000059     1.562991 
2458898.408502 0.000000 0.000000    -0.000070     1.562991 
2458900.093144 0.000000 0.000000    -0.000051     1.562991 
2458901.777786 0.000000 0.000000    -0.000006     1.562991 
2458903.462428 0.000000 0.000000     0.000051     1.562991 
2458905.147070 0.000000 0.000000     0.000107     1.562991 
2458906.831712 0.000000 0.000000     0.000149     1.562991 
2458908.516354 0.000000 0.000000     0.000165     1.562991 
2458910.200996 0.000000 0.000000     0.000153     1.562991 
2458911.885638 0.000000 0.000000     0.000115     1.562991 
2458913.570280 0.000000 0.000000     0.000060     1.562991 
2458915.254922 0.000000 0.000000     0.000001     1.562991 
2458916.939564 0.000000 0.000000    -0.000048     1.562991 
2458918.624205 0.000000 0.000000    -0.000072     1.562991 
2458920.308847 0.000000 0.000000    -0.000064     1.562991 
2458921.993489 0.000000 0.000000    -0.000021     1.562991 
2458923.678131 0.000000 0.000000     0.000049     1.562991 
2458925.362773 0.000000 0.000000     0.000133     1.562991 
2458927.047415 0.000000 0.000000     0.000213     1.562991 
2458928.732057 0.000000 0.000000     0.000269     1.562991 
2458930.416699 0.000000 0.000000     0.000286     1.562991 
2458932.101341 0.000000 0.000000     0.000257     1.562991 
2458933.785983 0.000000 0.000000     0.000186     1.562991 
2458935.470625 0.000000 0.000000     0.000087     1.562991 
2458937.155267 0.000000 0.000000    -0.000019     1.562991 
2458938.839909 0.000000 0.000000    -0.000110     1.562991 
2458940.524551 0.000000 0.000000    -0.000165     1.562991 
2458942.209193 0.000000 0.000000    -0.000174     1.562991 
2458943.893835 0.000000 0.000000    -0.000138     1.562991 
2458945.578477 0.000000 0.000000    -0.000068     1.562991 
2458947.263119 0.000000 0.000000     0.000016     1.562991 
2458948.947761 0.000000 0.000000     0.000094     1.562991 
2458950.632403 0.000000 0.000000     0.000147     1.562991 
2458952.317045 0.000000 0.000000     0.000164     1.562991 
2458954.001687 0.000000 0.000000     0.000145     1.562991 
2458955.686329 0.000000 0.000000     0.000097     1.562991 
2458957.370971 0.000000 0.000000     0.000036     1.562991 
2458959.055613 0.000000 0.000000    -0.000021     1.562991 
2458960.740255 0.000000 0.000000    -0.000061     1.562991 
2458962.424897 0.000000 0.000000    -0.000075     1.562991 
2458964.109538 0.000000 0.000000    -0.000060     1.562991 
2458965.794180 0.000000 0.000000    -0.000023     1.562991 
2458967.478822 0.000000 0.000000     0.000026     1.562991 
2458969.163464 0.000000 0.000000     0.000073     1.562991 
2458970.848106 0.000000 0.000000     0.000106     1.562991 
2458972.532748 0.000000 0.000000     0.000117     1.562991 
2458974.217390 0.000000 0.000000     0.000100     1.562991 
2458975.902032 0.000000 0.000000     0.000059     1.562991 
2458977.586674 0.000000 0.000000     0.000003     1.562991 
2458979.271316 0.000000 0.000000    -0.000056     1.562991 
2458980.955958 0.000000 0.000000    -0.000104     1.562991 
2458982.640600 0.000000 0.000000    -0.000127     1.562991 
2458984.325242 0.000000 0.000000    -0.000117     1.562991 
2458986.009884 0.000000 0.000000    -0.000072     1.562991 
2458987.694526 0.000000 0.000000     0.000000     1.562991 
2458989.379168 0.000000 0.000000     0.000085     1.562991 
2458991.063810 0.000000 0.000000     0.000165     1.562991 
2458992.748452 0.000000 0.000000     0.000220     1.562991 
2458994.433094 0.000000 0.000000     0.000236     1.562991 
2458996.117736 0.000000 0.000000     0.000210     1.562991 
2458997.802378 0.000000 0.000000     0.000146     1.562991 
2458999.487020 0.000000 0.000000     0.000057     1.562991 
2459001.171662 0.000000 0.000000    -0.000036     1.562991 
2459002.856304 0.000000 0.000000    -0.000112     1.562991 
2459004.540946 0.000000 0.000000    -0.000155     1.562991 
2459006.225588 0.000000 0.000000    -0.000159     1.562991 
2459007.910229 0.000000 0.000000    -0.000125     1.562991 
2459009.594871 0.000000 0.000000    -0.000063     1.562991 
2459011.279513 0.000000 0.000000     0.000008     1.562991 
2459012.964155 0.000000 0.000000     0.000073     1.562991 
2459014.648797 0.000000 0.000000     0.000117     1.562991 
2459016.333439 0.000000 0.000000     0.000131     1.562991 
2459018.018081 0.000000 0.000000     0.000117     1.562991 
2459019.702723 0.000000 0.000000     0.000080     1.562991 
2459021.387365 0.000000 0.000000     0.000032     1.562991 
2459023.072007 0.000000 0.000000    -0.000015     1.562991 
2459024.756649 0.000000 0.000000    -0.000050     1.562991 
2459026.441291 0.000000 0.000000    -0.000067     1.562991 
2459028.125933 0.000000 0.000000    -0.000064     1.562991 
2459029.810575 0.000000 0.000000    -0.000045     1.562991 
2459031.495217 0.000000 0.000000    -0.000016     1.562991 
2459033.179859 0.000000 0.000000     0.000012     1.562991 
2459034.864501 0.000000 0.000000     0.000030     1.562991 
2459036.549143 0.000000 0.000000     0.000033     1.562991 
2459038.233785 0.000000 0.000000     0.000016     1.562991 
2459039.918427 0.000000 0.000000    -0.000017     1.562991 
2459041.603069 0.000000 0.000000    -0.000059     1.562991 
2459043.287711 0.000000 0.000000    -0.000101     1.562991 
2459044.972353 0.000000 0.000000    -0.000131     1.562991 
2459046.656995 0.000000 0.000000    -0.000139     1.562991 
2459048.341637 0.000000 0.000000    -0.000120     1.562991 
2459050.026279 0.000000 0.000000    -0.000075     1.562991 
2459051.710921 0.000000 0.000000    -0.000011     1.562991 
2459053.395562 0.000000 0.000000     0.000061     1.562991 
2459055.080204 0.000000 0.000000     0.000127     1.562991 
2459056.764846 0.000000 0.000000     0.000172     1.562991 
2459058.449488 0.000000 0.000000     0.000185     1.562991 
2459060.134130 0.000000 0.000000     0.000162     1.562991 
2459061.818772 0.000000 0.000000     0.000104     1.562991 
2459063.503414 0.000000 0.000000     0.000021     1.562991 
2459065.188056 0.000000 0.000000    -0.000073     1.562991 
2459066.872698 0.000000 0.000000    -0.000159     1.562991 
2459068.557340 0.000000 0.000000    -0.000221     1.562991 
2459070.241982 0.000000 0.000000    -0.000245     1.562991 
2459071.926624 0.000000 0.000000    -0.000225     1.562991 
2459073.611266 0.000000 0.000000    -0.000164     1.562991 
2459075.295908 0.000000 0.000000    -0.000074     1.562991 
2459076.980550 0.000000 0.000000     0.000025     1.562991 
2459078.665192 0.000000 0.000000     0.000113     1.562991 
2459080.349834 0.000000 0.000000     0.000169     1.562991 
2459082.034476 0.000000 0.000000     0.000182     1.562991 
2459083.719118 0.000000 0.000000     0.000152     1.562991 
2459085.403760 0.000000 0.000000     0.000088     1.562991 
2459087.088402 0.000000 0.000000     0.000009     1.562991 
2459088.773044 0.000000 0.000000    -0.000062     1.562991 
2459090.457686 0.000000 0.000000    -0.000106     1.562991 
2459092.142328 0.000000 0.000000    -0.000113     1.562991 
2459093.826970 0.000000 0.000000    -0.000083     1.562991 
2459095.511612 0.000000 0.000000    -0.000027     1.562991 
2459097.196254 0.000000 0.000000     0.000036     1.562991 
2459098.880895 0.000000 0.000000     0.000087     1.562991 
2459100.565537 0.000000 0.000000     0.000113     1.562991 
2459102.250179 0.000000 0.000000     0.000108     1.562991 
2459103.934821 0.000000 0.000000     0.000076     1.562991 
2459105.619463 0.000000 0.000000     0.000025     1.562991 
2459107.304105 0.000000 0.000000    -0.000029     1.562991 
2459108.988747 0.000000 0.000000    -0.000076     1.562991 
2459110.673389 0.000000 0.000000    -0.000105     1.562991 
2459112.358031 0.000000 0.000000    -0.000110     1.562991 
2459114.042673 0.000000 0.000000    -0.000091     1.562991 
2459115.727315 0.000000 0.000000    -0.000047     1.562991 
2459117.411957 0.000000 0.000000     0.000017     1.562991 
2459119.096599 0.000000 0.000000     0.000093     1.562991 
2459120.781241 0.000000 0.000000     0.000167     1.562991 
2459122.465883 0.000000 0.000000     0.000217     1.562991 
2459124.150525 0.000000 0.000000     0.000221     1.562991 
2459125.835167 0.000000 0.000000     0.000157     1.562991 
2459127.519809 0.000000 0.000000     0.000017     1.562991 
2459129.204451 0.000000 0.000000    -0.000188     1.562991 
2459130.889093 0.000000 0.000000    -0.000424     1.562991 
2459132.573735 0.000000 0.000000    -0.000640     1.562991 
2459134.258377 0.000000 0.000000    -0.000776     1.562991 
2459135.943019 0.000000 0.000000    -0.000783     1.562991 
2459137.627661 0.000000 0.000000    -0.000641     1.562991 
2459139.312303 0.000000 0.000000    -0.000367     1.562991 
2459140.996945 0.000000 0.000000    -0.000018     1.562991 
2459142.681586 0.000000 0.000000     0.000324     1.562991 
2459144.366228 0.000000 0.000000     0.000574     1.562991 
2459146.050870 0.000000 0.000000     0.000670     1.562991 
2459147.735512 0.000000 0.000000     0.000594     1.562991 
2459149.420154 0.000000 0.000000     0.000375     1.562991 
2459151.104796 0.000000 0.000000     0.000087     1.562991 
2459152.789438 0.000000 0.000000    -0.000179     1.562991 
2459154.474080 0.000000 0.000000    -0.000339     1.562991 
2459156.158722 0.000000 0.000000    -0.000343     1.562991 
2459157.843364 0.000000 0.000000    -0.000189     1.562991 
2459159.528006 0.000000 0.000000     0.000080     1.562991 
2459161.212648 0.000000 0.000000     0.000391     1.562991 
2459162.897290 0.000000 0.000000     0.000666     1.562991 
2459164.581932 0.000000 0.000000     0.000843     1.562991 
2459166.266574 0.000000 0.000000     0.000889     1.562991 
2459167.951216 0.000000 0.000000     0.000808     1.562991 
2459169.635858 0.000000 0.000000     0.000631     1.562991 
2459171.320500 0.000000 0.000000     0.000401     1.562991 
2459173.005142 0.000000 0.000000     0.000165     1.562991 
2459174.689784 0.000000 0.000000    -0.000039     1.562991 
2459176.374426 0.000000 0.000000    -0.000179     1.562991 
2459178.059068 0.000000 0.000000    -0.000231     1.562991 
2459179.743710 0.000000 0.000000    -0.000180     1.562991 
2459181.428352 0.000000 0.000000    -0.000024     1.562991 
2459183.112994 0.000000 0.000000     0.000217     1.562991 
2459184.797636 0.000000 0.000000     0.000493     1.562991 
2459186.482278 0.000000 0.000000     0.000724     1.562991 
2459188.166919 0.000000 0.000000     0.000814     1.562991 
2459189.851561 0.000000 0.000000     0.000678     1.562991 
2459191.536203 0.000000 0.000000     0.000273     1.562991 
2459193.220845 0.000000 0.000000    -0.000372     1.562991 
2459194.905487 0.000000 0.000000    -0.001144     1.562991 
2459196.590129 0.000000 0.000000    -0.001865     1.562991 
2459198.274771 0.000000 0.000000    -0.002334     1.562991 
2459199.959413 0.000000 0.000000    -0.002385     1.562991 
2459201.644055 0.000000 0.000000    -0.001951     1.562991 
2459203.328697 0.000000 0.000000    -0.001092     1.562991 
2459205.013339 0.000000 0.000000     0.000007     1.562991 
2459206.697981 0.000000 0.000000     0.001082     1.562991 
2459208.382623 0.000000 0.000000     0.001860     1.562991 
2459210.067265 0.000000 0.000000     0.002150     1.562991 
2459211.751907 0.000000 0.000000     0.001897     1.562991 
2459213.436549 0.000000 0.000000     0.001202     1.562991 
2459215.121191 0.000000 0.000000     0.000296     1.562991 
2459216.805833 0.000000 0.000000    -0.000530     1.562991 
2459218.490475 0.000000 0.000000    -0.001017     1.562991 
2459220.175117 0.000000 0.000000    -0.001010     1.562991 
2459221.859759 0.000000 0.000000    -0.000498     1.562991 
2459223.544401 0.000000 0.000000     0.000386     1.562991 
2459225.229043 0.000000 0.000000     0.001417     1.562991 
2459226.913685 0.000000 0.000000     0.002345     1.562991 
2459228.598327 0.000000 0.000000     0.002965     1.562991 
2459230.282969 0.000000 0.000000     0.003162     1.562991 
2459231.967610 0.000000 0.000000     0.002927     1.562991 
2459233.652252 0.000000 0.000000     0.002344     1.562991 
2459235.336894 0.000000 0.000000     0.001549     1.562991 
2459237.021536 0.000000 0.000000     0.000705     1.562991 
2459238.706178 0.000000 0.000000    -0.000039     1.562991 
2459240.390820 0.000000 0.000000    -0.000553     1.562991 
2459242.075462 0.000000 0.000000    -0.000745     1.562991 
2459243.760104 0.000000 0.000000    -0.000567     1.562991 
2459245.444746 0.000000 0.000000    -0.000033     1.562991 
2459247.129388 0.000000 0.000000     0.000765     1.562991 
2459248.814030 0.000000 0.000000     0.001651     1.562991 
2459250.498672 0.000000 0.000000     0.002375     1.562991 
2459252.183314 0.000000 0.000000     0.002667     1.562991 
2459253.867956 0.000000 0.000000     0.002309     1.562991 
2459255.552598 0.000000 0.000000     0.001216     1.562991 
2459257.237240 0.000000 0.000000    -0.000499     1.562991 
2459258.921882 0.000000 0.000000    -0.002518     1.562991 
2459260.606524 0.000000 0.000000    -0.004369     1.562991 
2459262.291166 0.000000 0.000000    -0.005547     1.562990 
2459263.975808 0.000000 0.000000    -0.005664     1.562990 
2459265.660450 0.000000 0.000000    -0.004578     1.562990 
2459267.345092 0.000000 0.000000    -0.002467     1.562990 
2459269.029734 0.000000 0.000000     0.000196     1.562989 
2459270.714376 0.000000 0.000000     0.002763     1.562989 
2459272.399018 0.000000 0.000000     0.004594     1.562989 
2459274.083660 0.000000 0.000000     0.005244     1.562989 
2459275.768302 0.000000 0.000000     0.004600     1.562989 
2459277.452943 0.000000 0.000000     0.002919     1.562989 
2459279.137585 0.000000 0.000000     0.000751     1.562989 
2459280.822227 0.000000 0.000000    -0.001225     1.562989 
2459282.506869 0.000000 0.000000    -0.002400     1.562989 
2459284.191511 0.000000 0.000000    -0.002409     1.562989 
2459285.876153 0.000000 0.000000    -0.001223     1.562989 
2459287.560795 0.000000 0.000000     0.000861     1.562989 
2459289.245437 0.000000 0.000000     0.003322     1.562989 
2459290.930079 0.000000 0.000000     0.005571     1.562989 
2459292.614721 0.000000 0.000000     0.007108     1.562989 
2459294.299363 0.000000 0.000000     0.007633     1.562989 
2459295.984005 0.000000 0.000000     0.007092     1.562989 
2459297.668647 0.000000 0.000000     0.005659     1.562989 
2459299.353289 0.000000 0.000000     0.003665     1.562989 
2459301.037931 0.000000 0.000000     0.001521     1.562988 
2459302.722573 0.000000 0.000000    -0.000362     1.562988 
2459304.407215 0.000000 0.000000    -0.001631     1.562988 
2459306.091857 0.000000 0.000000    -0.002040     1.562988 
2459307.776499 0.000000 0.000000    -0.001489     1.562988 
2459309.461141 0.000000 0.000000    -0.000059     1.562988 
2459311.145783 0.000000 0.000000     0.001970     1.562988 
2459312.830425 0.000000 0.000000     0.004131     1.562988 
2459314.515067 0.000000 0.000000     0.005836     1.562988 
2459316.199709 0.000000 0.000000     0.006498     1.562988 
2459317.884351 0.000000 0.000000     0.005693     1.562989 
2459319.568993 0.000000 0.000000     0.003317     1.562989 
2459321.253635 0.000000 0.000000    -0.000318     1.562989 
2459322.938276 0.000000 0.000000    -0.004498     1.562989 
2459324.622918 0.000000 0.000000    -0.008245     1.562988 
2459326.307560 0.000000 0.000000    -0.010570     1.562988 
2459327.992202 0.000000 0.000000    -0.010752     1.562987 
2459329.676844 0.000000 0.000000    -0.008582     1.562986 
2459331.361486 0.000000 0.000000    -0.004466     1.562985 
2459333.046128 0.000000 0.000000     0.000647     1.562984 
2459334.730770 0.000000 0.000000     0.005510     1.562983 
2459336.415412 0.000000 0.000000     0.008924     1.562983 
2459338.100054 0.000000 0.000000     0.010083     1.562983 
2459339.784696 0.000000 0.000000     0.008810     1.562983 
2459341.469338 0.000000 0.000000     0.005607     1.562983 
2459343.153980 0.000000 0.000000     0.001504     1.562983 
2459344.838622 0.000000 0.000000    -0.002244     1.562983 
2459346.523264 0.000000 0.000000    -0.004519     1.562983 
2459348.207906 0.000000 0.000000    -0.004642     1.562983 
2459349.892548 0.000000 0.000000    -0.002546     1.562984 
2459351.577190 0.000000 0.000000     0.001247     1.562984 
2459353.261832 0.000000 0.000000     0.005797     1.562984 
2459354.946474 0.000000 0.000000     0.010017     1.562984 
2459356.631116 0.000000 0.000000     0.012955     1.562983 
2459358.315758 0.000000 0.000000     0.014007     1.562983 
2459360.000400 0.000000 0.000000     0.013019     1.562982 
2459361.685042 0.000000 0.000000     0.010276     1.562982 
2459363.369684 0.000000 0.000000     0.006398     1.562982 
2459365.054326 0.000000 0.000000     0.002201     1.562982 
2459366.738967 0.000000 0.000000    -0.001471     1.562981 
2459368.423609 0.000000 0.000000    -0.003881     1.562981 
2459370.108251 0.000000 0.000000    -0.004531     1.562981 
2459371.792893 0.000000 0.000000    -0.003255     1.562981 
2459373.477535 0.000000 0.000000    -0.000281     1.562981 
2459375.162177 0.000000 0.000000     0.003764     1.562981 
2459376.846819 0.000000 0.000000     0.007930     1.562981 
2459378.531461 0.000000 0.000000     0.011106     1.562981 
2459380.216103 0.000000 0.000000     0.012274     1.562982 
2459381.900745 0.000000 0.000000     0.010787     1.562982 
2459383.585387 0.000000 0.000000     0.006598     1.562982 
2459385.270029 0.000000 0.000000     0.000371     1.562982 
2459386.954671 0.000000 0.000000    -0.006608     1.562983 
2459388.639313 0.000000 0.000000    -0.012705     1.562982 
2459390.323955 0.000000 0.000000    -0.016355     1.562981 
2459392.008597 0.000000 0.000000    -0.016510     1.562979 
2459393.693239 0.000000 0.000000    -0.012964     1.562977 
2459395.377881 0.000000 0.000000    -0.006467     1.562975 
2459397.062523 0.000000 0.000000     0.001439     1.562973 
2459398.747165 0.000000 0.000000     0.008826     1.562972 
2459400.431807 0.000000 0.000000     0.013905     1.562972 
2459402.116449 0.000000 0.000000     0.015524     1.562972 
2459403.801091 0.000000 0.000000     0.013484     1.562972 
2459405.485733 0.000000 0.000000     0.008581     1.562972 
2459407.170375 0.000000 0.000000     0.002358     1.562972 
2459408.855017 0.000000 0.000000    -0.003337     1.562972 
2459410.539659 0.000000 0.000000    -0.006870     1.562972 
2459412.224300 0.000000 0.000000    -0.007253     1.562972 
2459413.908942 0.000000 0.000000    -0.004364     1.562973 
2459415.593584 0.000000 0.000000     0.001060     1.562973 
2459417.278226 0.000000 0.000000     0.007674     1.562973 
2459418.962868 0.000000 0.000000     0.013891     1.562973 
2459420.647510 0.000000 0.000000     0.018281     1.562973 
2459422.332152 0.000000 0.000000     0.019889     1.562972 
2459424.016794 0.000000 0.000000     0.018411     1.562971 
2459425.701436 0.000000 0.000000     0.014215     1.562970 
2459427.386078 0.000000 0.000000     0.008227     1.562970 
2459429.070720 0.000000 0.000000     0.001722     1.562970 
2459430.755362 0.000000 0.000000    -0.003929     1.562970 
2459432.440004 0.000000 0.000000    -0.007521     1.562970 
2459434.124646 0.000000 0.000000    -0.008258     1.562970 
2459435.809288 0.000000 0.000000    -0.005925     1.562970 
2459437.493930 0.000000 0.000000    -0.000980     1.562970 
2459439.178572 0.000000 0.000000     0.005480     1.562970 
2459440.863214 0.000000 0.000000     0.011911     1.562970 
2459442.547856 0.000000 0.000000     0.016632     1.562970 
2459444.232498 0.000000 0.000000     0.018225     1.562970 
2459445.917140 0.000000 0.000000     0.015928     1.562970 
2459447.601782 0.000000 0.000000     0.009896     1.562971 
2459449.286424 0.000000 0.000000     0.001256     1.562972 
2459450.971066 0.000000 0.000000    -0.008104     1.562972 
2459452.655708 0.000000 0.000000    -0.015983     1.562972 
2459454.340350 0.000000 0.000000    -0.020429     1.562972 
2459456.024991 0.000000 0.000000    -0.020280     1.562970 
2459457.709633 0.000000 0.000000    -0.015503     1.562968 
2459459.394275 0.000000 0.000000    -0.007235     1.562965 
2459461.078917 0.000000 0.000000     0.002502     1.562964 
2459462.763559 0.000000 0.000000     0.011341     1.562963 
2459464.448201 0.000000 0.000000     0.017203     1.562962 
2459466.132843 0.000000 0.000000     0.018845     1.562962 
2459467.817485 0.000000 0.000000     0.016167     1.562962 
2459469.502127 0.000000 0.000000     0.010193     1.562962 
2459471.186769 0.000000 0.000000     0.002753     1.562962 
2459472.871411 0.000000 0.000000    -0.004038     1.562962 
2459474.556053 0.000000 0.000000    -0.008347     1.562962 
2459476.240695 0.000000 0.000000    -0.009072     1.562963 
2459477.925337 0.000000 0.000000    -0.006080     1.562963 
2459479.609979 0.000000 0.000000    -0.000177     1.562964 
2459481.294621 0.000000 0.000000     0.007145     1.562965 
2459482.979263 0.000000 0.000000     0.014098     1.562965 
2459484.663905 0.000000 0.000000     0.019029     1.562964 
2459486.348547 0.000000 0.000000     0.020779     1.562963 
2459488.033189 0.000000 0.000000     0.018919     1.562963 
2459489.717831 0.000000 0.000000     0.013822     1.562962 
2459491.402473 0.000000 0.000000     0.006568     1.562962 
2459493.087115 0.000000 0.000000    -0.001273     1.562962 
2459494.771757 0.000000 0.000000    -0.007973     1.562962 
2459496.456399 0.000000 0.000000    -0.012003     1.562962 
2459498.141041 0.000000 0.000000    -0.012383     1.562962 
2459499.825683 0.000000 0.000000    -0.008934     1.562962 
2459501.510324 0.000000 0.000000    -0.002368     1.562962 
2459503.194966 0.000000 0.000000     0.005810     1.562962 
2459504.879608 0.000000 0.000000     0.013619     1.562962 
2459506.564250 0.000000 0.000000     0.019051     1.562962 
2459508.248892 0.000000 0.000000     0.020584     1.562962 
2459509.933534 0.000000 0.000000     0.017596     1.562962 
2459511.618176 0.000000 0.000000     0.010573     1.562963 
2459513.302818 0.000000 0.000000     0.001040     1.562964 
2459514.987460 0.000000 0.000000    -0.008801     1.562965 
2459516.672102 0.000000 0.000000    -0.016625     1.562966 
2459518.356744 0.000000 0.000000    -0.020584     1.562967 
2459520.041386 0.000000 0.000000    -0.019791     1.562967 
2459521.726028 0.000000 0.000000    -0.014539     1.562967 
2459523.410670 0.000000 0.000000    -0.006209     1.562967 
2459525.095312 0.000000 0.000000     0.003118     1.562966 
2459526.779954 0.000000 0.000000     0.011219     1.562965 
2459528.464596 0.000000 0.000000     0.016298     1.562965 
2459530.149238 0.000000 0.000000     0.017416     1.562965 
2459531.833880 0.000000 0.000000     0.014666     1.562965 
2459533.518522 0.000000 0.000000     0.009079     1.562965 
2459535.203164 0.000000 0.000000     0.002294     1.562965 
2459536.887806 0.000000 0.000000    -0.003890     1.562965 
2459538.572448 0.000000 0.000000    -0.007961     1.562965 
2459540.257090 0.000000 0.000000    -0.009033     1.562966 
2459541.941732 0.000000 0.000000    -0.007003     1.562966 
2459543.626374 0.000000 0.000000    -0.002527     1.562967 
2459545.311016 0.000000 0.000000     0.003178     1.562967 
2459546.995657 0.000000 0.000000     0.008628     1.562967 
2459548.680299 0.000000 0.000000     0.012413     1.562966 
2459550.364941 0.000000 0.000000     0.013509     1.562965 
2459552.049583 0.000000 0.000000     0.011505     1.562964 
2459553.734225 0.000000 0.000000     0.006707     1.562963 
2459555.418867 0.000000 0.000000     0.000097     1.562963 
2459557.103509 0.000000 0.000000    -0.006870     1.562962 
2459558.788151 0.000000 0.000000    -0.012573     1.562962 
2459560.472793 0.000000 0.000000    -0.015605     1.562962 
2459562.157435 0.000000 0.000000    -0.015129     1.562962 
2459563.842077 0.000000 0.000000    -0.011120     1.562962 
2459565.526719 0.000000 0.000000    -0.004415     1.562962 
2459567.211361 0.000000 0.000000     0.003443     1.562962 
2459568.896003 0.000000 0.000000     0.010562     1.562962 
2459570.580645 0.000000 0.000000     0.015165     1.562962 
2459572.265287 0.000000 0.000000     0.016044     1.562963 
2459573.949929 0.000000 0.000000     0.012878     1.562963 
2459575.634571 0.000000 0.000000     0.006327     1.562963 
2459577.319213 0.000000 0.000000    -0.002123     1.562964 
2459579.003855 0.000000 0.000000    -0.010533     1.562966 
2459580.688497 0.000000 0.000000    -0.016986     1.562968 
2459582.373139 0.000000 0.000000    -0.020059     1.562970 
2459584.057781 0.000000 0.000000    -0.019144     1.562972 
2459585.742423 0.000000 0.000000    -0.014562     1.562973 
2459587.427065 0.000000 0.000000    -0.007449     1.562973 
2459589.111707 0.000000 0.000000     0.000551     1.562973 
2459590.796348 0.000000 0.000000     0.007688     1.562972 
2459592.480990 0.000000 0.000000     0.012513     1.562972 
2459594.165632 0.000000 0.000000     0.014184     1.562972 
2459595.850274 0.000000 0.000000     0.012618     1.562972 
2459597.534916 0.000000 0.000000     0.008460     1.562972 
2459599.219558 0.000000 0.000000     0.002898     1.562972 
2459600.904200 0.000000 0.000000    -0.002650     1.562972 
2459602.588842 0.000000 0.000000    -0.006868     1.562972 
2459604.273484 0.000000 0.000000    -0.008855     1.562972 
2459605.958126 0.000000 0.000000    -0.008323     1.562972 
2459607.642768 0.000000 0.000000    -0.005647     1.562972 
2459609.327410 0.000000 0.000000    -0.001750     1.562972 
2459611.012052 0.000000 0.000000     0.002146     1.562971 
2459612.696694 0.000000 0.000000     0.004843     1.562968 
2459614.381336 0.000000 0.000000     0.005476     1.562966 
2459616.065978 0.000000 0.000000     0.003739     1.562963 
2459617.750620 0.000000 0.000000    -0.000052     1.562961 
2459619.435262 0.000000 0.000000    -0.005045     1.562960 
2459621.119904 0.000000 0.000000    -0.010082     1.562960 
2459622.804546 0.000000 0.000000    -0.013988     1.562960 
2459624.489188 0.000000 0.000000    -0.015851     1.562960 
2459626.173830 0.000000 0.000000    -0.015212     1.562960 
2459627.858472 0.000000 0.000000    -0.012150     1.562960 
2459629.543114 0.000000 0.000000    -0.007244     1.562960 
2459631.227756 0.000000 0.000000    -0.001463     1.562960 
2459632.912398 0.000000 0.000000     0.003999     1.562960 
2459634.597040 0.000000 0.000000     0.007900     1.562960 
2459636.281681 0.000000 0.000000     0.009146     1.562960 
2459637.966323 0.000000 0.000000     0.006990     1.562961 
2459639.650965 0.000000 0.000000     0.001236     1.562962 
2459641.335607 0.000000 0.000000    -0.007592     1.562964 
2459643.020249 0.000000 0.000000    -0.018180     1.562965 
2459644.704891 0.000000 0.000000    -0.028532     1.562966 
2459646.389533 0.000000 0.000000    -0.036295     1.562964 
2459648.074175 0.000000 0.000000    -0.039286     1.562957 
2459649.758817 0.000000 0.000000    -0.036108     1.562947 
2459651.443459 0.000000 0.000000    -0.026685     1.562936 
2459653.128101 0.000000 0.000000    -0.012502     1.562926 
2459654.812743 0.000000 0.000000     0.003585     1.562919 
2459656.497385 0.000000 0.000000     0.017989     1.562916 
2459658.182027 0.000000 0.000000     0.027345     1.562915 
2459659.866669 0.000000 0.000000     0.029495     1.562915 
2459661.551311 0.000000 0.000000     0.024191     1.562915 
2459663.235953 0.000000 0.000000     0.013245     1.562915 
2459664.920595 0.000000 0.000000     0.000051     1.562915 
2459666.605237 0.000000 0.000000    -0.011413     1.562916 
2459668.289879 0.000000 0.000000    -0.017779     1.562916 
2459669.974521 0.000000 0.000000    -0.017285     1.562917 
2459671.659163 0.000000 0.000000    -0.010254     1.562918 
2459673.343805 0.000000 0.000000     0.001107     1.562920 
2459675.028447 0.000000 0.000000     0.013490     1.562921 
2459676.713089 0.000000 0.000000     0.023550     1.562922 
2459678.397731 0.000000 0.000000     0.028884     1.562921 
2459680.082372 0.000000 0.000000     0.028592     1.562919 
2459681.767014 0.000000 0.000000     0.023286     1.562917 
2459683.451656 0.000000 0.000000     0.014637     1.562915 
2459685.136298 0.000000 0.000000     0.004721     1.562915 
2459686.820940 0.000000 0.000000    -0.004566     1.562914 
2459688.505582 0.000000 0.000000    -0.011797     1.562914 
2459690.190224 0.000000 0.000000    -0.016011     1.562914 
2459691.874866 0.000000 0.000000    -0.016565     1.562914 
2459693.559508 0.000000 0.000000    -0.013078     1.562914 
2459695.244150 0.000000 0.000000    -0.005621     1.562914 
2459696.928792 0.000000 0.000000     0.004861     1.562913 
2459698.613434 0.000000 0.000000     0.016143     1.562913 
2459700.298076 0.000000 0.000000     0.024660     1.562913 
2459701.982718 0.000000 0.000000     0.026099     1.562914 
2459703.667360 0.000000 0.000000     0.016649     1.562914 
2459705.352002 0.000000 0.000000    -0.005368     1.562912 
2459707.036644 0.000000 0.000000    -0.038101     1.562900 
2459708.721286 0.000000 0.000000    -0.075680     1.562864 
2459710.405928 0.000000 0.000000    -0.109079     1.562786 
2459712.090570 0.000000 0.000000    -0.128370     1.562658 
2459713.775212 0.000000 0.000000    -0.125772     1.562492 
2459715.459854 0.000000 0.000000    -0.098547     1.562320 
2459717.144496 0.000000 0.000000    -0.050637     1.562179 
2459718.829138 0.000000 0.000000     0.007720     1.562089 
2459720.513780 0.000000 0.000000     0.062517     1.562047 
2459722.198422 0.000000 0.000000     0.099996     1.562035 
2459723.883064 0.000000 0.000000     0.110887     1.562033 
2459725.567705 0.000000 0.000000     0.093454     1.562034 
2459727.252347 0.000000 0.000000     0.054242     1.562034 
2459728.936989 0.000000 0.000000     0.006186     1.562036 
2459730.621631 0.000000 0.000000    -0.035327     1.562039 
2459732.306273 0.000000 0.000000    -0.057163     1.562044 
2459733.990915 0.000000 0.000000    -0.052324     1.562054 
2459735.675557 0.000000 0.000000    -0.021784     1.562069 
2459737.360199 0.000000 0.000000     0.026247     1.562084 
2459739.044841 0.000000 0.000000     0.079220     1.562085 
2459740.729483 0.000000 0.000000     0.124175     1.562059 
2459742.414125 0.000000 0.000000     0.151327     1.562001 
2459744.098767 0.000000 0.000000     0.156208     1.561920 
2459745.783409 0.000000 0.000000     0.139913     1.561840 
2459747.468051 0.000000 0.000000     0.107767     1.561782 
2459749.152693 0.000000 0.000000     0.067240     1.561750 
2459750.837335 0.000000 0.000000     0.026035     1.561736 
2459752.521977 0.000000 0.000000    -0.009073     1.561728 
2459754.206619 0.000000 0.000000    -0.032621     1.561721 
2459755.891261 0.000000 0.000000    -0.040521     1.561718 
2459757.575903 0.000000 0.000000    -0.030424     1.561717 
2459759.260545 0.000000 0.000000    -0.002678     1.561717 
2459760.945187 0.000000 0.000000     0.038347     1.561715 
2459762.629829 0.000000 0.000000     0.083374     1.561717 
2459764.314471 0.000000 0.000000     0.118768     1.561723 
2459765.999113 0.000000 0.000000     0.129163     1.561737 
2459767.683755 0.000000 0.000000     0.101963     1.561759 
2459769.368397 0.000000 0.000000     0.032510     1.561777 
2459771.053038 0.000000 0.000000    -0.071988     1.561732 
2459772.737680 0.000000 0.000000    -0.191708     1.561493 
2459774.422322 0.000000 0.000000    -0.297738     1.560902 
2459776.106964 0.000000 0.000000    -0.359507     1.559874 
2459777.791606 0.000000 0.000000    -0.354152     1.558509 
2459779.476248 0.000000 0.000000    -0.274794     1.557077 
2459781.160890 0.000000 0.000000    -0.134661     1.555887 
2459782.845532 0.000000 0.000000     0.034896     1.555119 
2459784.530174 0.000000 0.000000     0.192440     1.554755 
2459786.214816 0.000000 0.000000     0.298341     1.554644 
2459787.899458 0.000000 0.000000     0.326795     1.554631 
2459789.584100 0.000000 0.000000     0.274014     1.554634 
2459791.268742 0.000000 0.000000     0.159716     1.554637 
2459792.953384 0.000000 0.000000     0.021323     1.554650 
2459794.638026 0.000000 0.000000    -0.097331     1.554676 
2459796.322668 0.000000 0.000000    -0.159081     1.554725 
2459798.007310 0.000000 0.000000    -0.144090     1.554812 
2459799.691952 0.000000 0.000000    -0.054819     1.554935 
2459801.376594 0.000000 0.000000     0.085933     1.555031 
2459803.061236 0.000000 0.000000     0.242781     1.554972 
2459804.745878 0.000000 0.000000     0.378363     1.554635 
2459806.430520 0.000000 0.000000     0.463257     1.553992 
2459808.115162 0.000000 0.000000     0.482344     1.553175 
2459809.799804 0.000000 0.000000     0.436376     1.552405 
2459811.484446 0.000000 0.000000     0.339322     1.551859 
2459813.169088 0.000000 0.000000     0.213306     1.551566 
2459814.853729 0.000000 0.000000     0.083262     1.551435 
2459816.538371 0.000000 0.000000    -0.027252     1.551363 
2459818.223013 0.000000 0.000000    -0.098786     1.551310 
2459819.907655 0.000000 0.000000    -0.117900     1.551280 
2459821.592297 0.000000 0.000000    -0.079152     1.551274 
2459823.276939 0.000000 0.000000     0.012530     1.551275 
2459824.961581 0.000000 0.000000     0.139817     1.551280 
2459826.646223 0.000000 0.000000     0.272954     1.551309 
2459828.330865 0.000000 0.000000     0.373453     1.551386 
2459830.015507 0.000000 0.000000     0.402203     1.551542 
2459831.700149 0.000000 0.000000     0.330812     1.551815 
2459833.384791 0.000000 0.000000     0.153046     1.552182 
2459835.069433 0.000000 0.000000    -0.107918     1.552360 
2459836.754075 0.000000 0.000000    -0.400224     1.551673 
2459838.438717 0.000000 0.000000    -0.653651     1.549254 
2459840.123359 0.000000 0.000000    -0.797813     1.544587 
2459841.808001 0.000000 0.000000    -0.783318     1.538042 
2459843.492643 0.000000 0.000000    -0.599105     1.530912 
2459845.177285 0.000000 0.000000    -0.279626     1.524797 
2459846.861927 0.000000 0.000000     0.101585     1.520735 
2459848.546569 0.000000 0.000000     0.451057     1.518751 
2459850.231211 0.000000 0.000000     0.681874     1.518121 
2459851.915853 0.000000 0.000000     0.739354     1.518036 
2459853.600495 0.000000 0.000000     0.617631     1.518045 
2459855.285137 0.000000 0.000000     0.361649     1.518063 
2459856.969779 0.000000 0.000000     0.053797     1.518132 
2459858.654421 0.000000 0.000000    -0.210557     1.518282 
2459860.339062 0.000000 0.000000    -0.350805     1.518564 
2459862.023704 0.000000 0.000000    -0.323472     1.519077 
2459863.708346 0.000000 0.000000    -0.132677     1.519820 
2459865.392988 0.000000 0.000000     0.173693     1.520466 
2459867.077630 0.000000 0.000000     0.519775     1.520347 
2459868.762272 0.000000 0.000000     0.823676     1.518812 
2459870.446914 0.000000 0.000000     1.018558     1.515756 
2459872.131556 0.000000 0.000000     1.067113     1.511854 
2459873.816198 0.000000 0.000000     0.966666     1.508208 
2459875.500840 0.000000 0.000000     0.745498     1.505651 
2459877.185482 0.000000 0.000000     0.453359     1.504293 
2459878.870124 0.000000 0.000000     0.149898     1.503680 
2459880.554766 0.000000 0.000000    -0.106154     1.503330 
2459882.239408 0.000000 0.000000    -0.265855     1.503061 
2459883.924050 0.000000 0.000000    -0.297175     1.502906 
2459885.608692 0.000000 0.000000    -0.190909     1.502873 
2459887.293334 0.000000 0.000000     0.034894     1.502898 
2459888.977976 0.000000 0.000000     0.333591     1.502957 
2459890.662618 0.000000 0.000000     0.634139     1.503126 
2459892.347260 0.000000 0.000000     0.852716     1.503530 
2459894.031902 0.000000 0.000000     0.911451     1.504345 
2459895.716544 0.000000 0.000000     0.760753     1.505808 
2459897.401186 0.000000 0.000000     0.398911     1.507939 
2459899.085828 0.000000 0.000000    -0.118400     1.509859 
2459900.770470 0.000000 0.000000    -0.684283     1.509347 
2459902.455112 0.000000 0.000000    -1.163574     1.503407 
2459904.139753 0.000000 0.000000    -1.427985     1.489908 
2459905.824395 0.000000 0.000000    -1.393760     1.469304 
2459907.509037 0.000000 0.000000    -1.049957     1.445231 
2459909.193679 0.000000 0.000000    -0.467276     1.423195 
2459910.878321 0.000000 0.000000     0.217104     1.407678 
2459912.562963 0.000000 0.000000     0.835580     1.399702 
2459914.247605 0.000000 0.000000     1.236863     1.397041 
2459915.932247 0.000000 0.000000     1.329251     1.396639 
2459917.616889 0.000000 0.000000     1.106949     1.396661 
2459919.301531 0.000000 0.000000     0.651160     1.396730 
2459920.986173 0.000000 0.000000     0.105740     1.397029 
2459922.670815 0.000000 0.000000    -0.364820     1.397688 
2459924.355457 0.000000 0.000000    -0.621931     1.398923 
2459926.040099 0.000000 0.000000    -0.590015     1.401202 
2459927.724741 0.000000 0.000000    -0.273883     1.404662 
2459929.409383 0.000000 0.000000     0.247145     1.408146 
2459931.094025 0.000000 0.000000     0.844671     1.409158 
2459932.778667 0.000000 0.000000     1.377105     1.405282 
2459934.463309 0.000000 0.000000     1.725111     1.396066 
2459936.147951 0.000000 0.000000     1.817501     1.383771 
2459937.832593 0.000000 0.000000     1.642720     1.372168 
2459939.517235 0.000000 0.000000     1.245894     1.364100 
2459941.201877 0.000000 0.000000     0.714991     1.359881 
2459942.886519 0.000000 0.000000     0.161070     1.357943 
2459944.571161 0.000000 0.000000    -0.302970     1.356724 
2459946.255803 0.000000 0.000000    -0.582283     1.355722 
2459947.940445 0.000000 0.000000    -0.617088     1.355114 
2459949.625086 0.000000 0.000000    -0.395495     1.354974 
2459951.309728 0.000000 0.000000     0.039819     1.355106 
2459952.994370 0.000000 0.000000     0.593903     1.355396 
2459954.679012 0.000000 0.000000     1.133320     1.356039 
2459956.363654 0.000000 0.000000     1.511872     1.357483 
2459958.048296 0.000000 0.000000     1.604933     1.360422 
2459959.732938 0.000000 0.000000     1.344851     1.365725 
2459961.417580 0.000000 0.000000     0.747147     1.373614 
2459963.102222 0.000000 0.000000    -0.082373     1.382084 
2459964.786864 0.000000 0.000000    -0.965290     1.386009 
2459966.471506 0.000000 0.000000    -1.691496     1.378346 
2459968.156148 0.000000 0.000000    -2.073950     1.353017 
2459969.840790 0.000000 0.000000    -2.002012     1.308008 
2459971.525432 0.000000 0.000000    -1.476857     1.247702 
2459973.210074 0.000000 0.000000    -0.616764     1.183601 
2459974.894716 0.000000 0.000000     0.371205     1.131110 
2459976.579358 0.000000 0.000000     1.246118     1.100480 
2459978.264000 0.000000 0.000000     1.798990     1.089279 
2459979.948642 0.000000 0.000000     1.910032     1.087392 
2459981.633284 0.000000 0.000000     1.580313     1.087414 
2459983.317926 0.000000 0.000000     0.928745     1.087707 
2459985.002568 0.000000 0.000000     0.156051     1.089110 
2459986.687210 0.000000 0.000000    -0.512704     1.092183 
2459988.371852 0.000000 0.000000    -0.889628     1.097846 
2459990.056494 0.000000 0.000000    -0.871960     1.108285 
2459991.741136 0.000000 0.000000    -0.464212     1.124353 
2459993.425778 0.000000 0.000000     0.229355     1.141772 
2459995.110419 0.000000 0.000000     1.037030     1.151873 
2459996.795061 0.000000 0.000000     1.765722     1.146937 
2459998.479703 0.000000 0.000000     2.247735     1.125255 
2460000.164345 0.000000 0.000000     2.377116     1.092877 
2460001.848987 0.000000 0.000000     2.128966     1.061008 
2460003.533629 0.000000 0.000000     1.560221     1.039018 
2460005.218271 0.000000 0.000000     0.794419     1.028077 
2460006.902913 0.000000 0.000000    -0.004870     1.022938 
2460008.587555 0.000000 0.000000    -0.666726     1.018900 
2460010.272197 0.000000 0.000000    -1.046695     1.015083 
2460011.956839 0.000000 0.000000    -1.056935     1.012616 
2460013.641481 0.000000 0.000000    -0.687718     1.011998 
2460015.326123 0.000000 0.000000    -0.015300     1.012625 
2460017.010765 0.000000 0.000000     0.807781     1.013927 
2460018.695407 0.000000 0.000000     1.581139     1.016290 
2460020.380049 0.000000 0.000000     2.100267     1.021321 
2460022.064691 0.000000 0.000000     2.207000     1.031662 
2460023.749333 0.000000 0.000000     1.834148     1.049919 
2460025.433975 0.000000 0.000000     1.031032     1.076304 
2460027.118617 0.000000 0.000000    -0.039866     1.106513 
2460028.803259 0.000000 0.000000    -1.137489     1.131942 
2460030.487901 0.000000 0.000000    -2.001082     1.142027 
2460032.172543 0.000000 0.000000    -2.418266     1.126791 
2460033.857185 0.000000 0.000000    -2.283107     1.078650 
2460035.541827 0.000000 0.000000    -1.626849     0.993592 
2460037.226469 0.000000 0.000000    -0.611416     0.872106 
2460038.911110 0.000000 0.000000     0.513223     0.720421 
2460040.595752 0.000000 0.000000     1.475862     0.554488 
2460042.280394 0.000000 0.000000     2.055831     0.416481 
2460043.965036 0.000000 0.000000     2.139294     0.368837 
2460045.649678 0.000000 0.000000     1.744713     0.366880 
2460047.334320 0.000000 0.000000     1.011702     0.375909 
2460049.018962 0.000000 0.000000     0.158302     0.416238 
2460050.703604 0.000000 0.000000    -0.579687     0.477488 
2460052.388246 0.000000 0.000000    -1.009785     0.551623 
2460054.072888 0.000000 0.000000    -1.028331     0.641712 
2460055.757530 0.000000 0.000000    -0.640315     0.736680 
2460057.442172 0.000000 0.000000     0.048746     0.815340 
2460059.126814 0.000000 0.000000     0.863853     0.860077 
2460060.811456 0.000000 0.000000     1.604843     0.861393 
2460062.496098 0.000000 0.000000     2.092807     0.818179 
2460064.180740 0.000000 0.000000     2.208853     0.738091 
2460065.865382 0.000000 0.000000     1.918417     0.639755 
2460067.550024 0.000000 0.000000     1.277731     0.554839 
2460069.234666 0.000000 0.000000     0.422110     0.509108 
2460070.919308 0.000000 0.000000    -0.461688     0.486430 
2460072.603950 0.000000 0.000000    -1.174521     0.457956 
2460074.288592 0.000000 0.000000    -1.548606     0.418956 
2460075.973234 0.000000 0.000000    -1.487459     0.384932 
2460077.657876 0.000000 0.000000    -0.992813     0.374808 
2460079.342518 0.000000 0.000000    -0.170666     0.387092 
2460081.027160 0.000000 0.000000     0.787627     0.407421 
2460082.711802 0.000000 0.000000     1.647317     0.433462 
2460084.396443 0.000000 0.000000     2.186756     0.477029 
2460086.081085 0.000000 0.000000     2.254606     0.545749 
2460087.765727 0.000000 0.000000     1.812147     0.632054 
2460089.450369 0.000000 0.000000     0.947840     0.725432 
2460091.135011 0.000000 0.000000    -0.141596     0.820231 
2460092.819653 0.000000 0.000000    -1.199840     0.912531 
2460094.504295 0.000000 0.000000    -1.976680     0.996175 
2460096.188937 0.000000 0.000000    -2.292669     1.062947 
2460097.873579 0.000000 0.000000    -2.084572     1.105930 
2460099.558221 0.000000 0.000000    -1.419074     1.123131 
2460101.242863 0.000000 0.000000    -0.471534     1.119499 
2460102.927505 0.000000 0.000000     0.523206     1.105886 
2460104.612147 0.000000 0.000000     1.333195     1.093725 
2460106.296789 0.000000 0.000000     1.787255     1.088157 
2460107.981431 0.000000 0.000000     1.813101     1.087081 
2460109.666073 0.000000 0.000000     1.447196     1.086989 
2460111.350715 0.000000 0.000000     0.816396     1.087181 
2460113.035357 0.000000 0.000000     0.098999     1.088620 
2460114.719999 0.000000 0.000000    -0.522716     1.091859 
2460116.404641 0.000000 0.000000    -0.905868     1.097818 
2460118.089283 0.000000 0.000000    -0.976636     1.108552 
2460119.773925 0.000000 0.000000    -0.741344     1.123903 
2460121.458567 0.000000 0.000000    -0.279110     1.137224 
2460123.143209 0.000000 0.000000     0.280113     1.136795 
2460124.827851 0.000000 0.000000     0.786291     1.111914 
2460126.512493 0.000000 0.000000     1.102567     1.058035 
2460128.197134 0.000000 0.000000     1.135173     0.979143 
2460129.881776 0.000000 0.000000     0.854917     0.888551 
2460131.566418 0.000000 0.000000     0.306136     0.807240 
2460133.251060 0.000000 0.000000    -0.399520     0.753941 
2460134.935702 0.000000 0.000000    -1.104822     0.729587 
2460136.620344 0.000000 0.000000    -1.641289     0.720641 
2460138.304986 0.000000 0.000000    -1.869629     0.716662 
2460139.989628 0.000000 0.000000    -1.716877     0.714746 
2460141.674270 0.000000 0.000000    -1.200048     0.714611 
2460143.358912 0.000000 0.000000    -0.428270     0.715785 
2460145.043554 0.000000 0.000000     0.419539     0.718153 
2460146.728196 0.000000 0.000000     1.137476     0.722939 
2460148.412838 0.000000 0.000000     1.545461     0.733166 
2460150.097480 0.000000 0.000000     1.537594     0.754636 
2460151.782122 0.000000 0.000000     1.111967     0.796276 
2460153.466764 0.000000 0.000000     0.372655     0.865268 
2460155.151406 0.000000 0.000000    -0.497370     0.958938 
2460156.836048 0.000000 0.000000    -1.284904     1.064644 
2460158.520690 0.000000 0.000000    -1.802753     1.167202 
2460160.205332 0.000000 0.000000    -1.937386     1.254570 
2460161.889974 0.000000 0.000000    -1.674751     1.319897 
2460163.574616 0.000000 0.000000    -1.097999     1.361840 
2460165.259258 0.000000 0.000000    -0.359452     1.383920 
2460166.943900 0.000000 0.000000     0.363417     1.392723 
2460168.628542 0.000000 0.000000     0.914386     1.395082 
2460170.313184 0.000000 0.000000     1.194299     1.395534 
2460171.997826 0.000000 0.000000     1.177887     1.395734 
2460173.682467 0.000000 0.000000     0.909695     1.395811 
2460175.367109 0.000000 0.000000     0.483397     1.395798 
2460177.051751 0.000000 0.000000     0.012654     1.395924 
2460178.736393 0.000000 0.000000    -0.397645     1.396394 
2460180.421035 0.000000 0.000000    -0.672963     1.397437 
2460182.105677 0.000000 0.000000    -0.780247     1.399030 
2460183.790319 0.000000 0.000000    -0.728776     1.399370 
2460185.474961 0.000000 0.000000    -0.563077     1.393038 
2460187.159603 0.000000 0.000000    -0.350853     1.371145 
2460188.844245 0.000000 0.000000    -0.168368     1.323985 
2460190.528887 0.000000 0.000000    -0.084961     1.244369 
2460192.213529 0.000000 0.000000    -0.148185     1.129906 
2460193.898171 0.000000 0.000000    -0.371522     0.983951 
2460195.582813 0.000000 0.000000    -0.727451     0.815859 
2460197.267455 0.000000 0.000000    -1.148847     0.641838 
2460198.952097 0.000000 0.000000    -1.540608     0.488748 
2460200.636739 0.000000 0.000000    -1.800840     0.394638 
2460202.321381 0.000000 0.000000    -1.847555     0.365249 
2460204.006023 0.000000 0.000000    -1.643915     0.363428 
2460205.690665 0.000000 0.000000    -1.214016     0.369496 
2460207.375307 0.000000 0.000000    -0.642871     0.380142 
2460209.059949 0.000000 0.000000    -0.058535     0.406543 
2460210.744591 0.000000 0.000000     0.400023     0.458250 
2460212.429233 0.000000 0.000000     0.620637     0.530325 
2460214.113875 0.000000 0.000000     0.550016     0.624126 
2460215.798517 0.000000 0.000000     0.210030     0.746785 
2460217.483159 0.000000 0.000000    -0.307321     0.892460 
2460219.167800 0.000000 0.000000    -0.865135     1.043766 
2460220.852442 0.000000 0.000000    -1.319470     1.183577 
2460222.537084 0.000000 0.000000    -1.558286     1.300346 
2460224.221726 0.000000 0.000000    -1.529809     1.388737 
2460225.906368 0.000000 0.000000    -1.252359     1.448901 
2460227.591010 0.000000 0.000000    -0.803866     1.485137 
2460229.275652 0.000000 0.000000    -0.295786     1.504023 
2460230.960294 0.000000 0.000000     0.159429     1.512335 
2460232.644936 0.000000 0.000000     0.477022     1.515401 
2460234.329578 0.000000 0.000000     0.616853     1.516435 
2460236.014220 0.000000 0.000000     0.585363     1.516856 
2460237.698862 0.000000 0.000000     0.424530     1.517056 
2460239.383504 0.000000 0.000000     0.193556     1.517076 
2460241.068146 0.000000 0.000000    -0.049785     1.516958 
2460242.752788 0.000000 0.000000    -0.262565     1.516830 
2460244.437430 0.000000 0.000000    -0.422375     1.516796 
2460246.122072 0.000000 0.000000    -0.525999     1.516466 
2460247.806714 0.000000 0.000000    -0.583971     1.513989 
2460249.491356 0.000000 0.000000    -0.614320     1.505074 
2460251.175998 0.000000 0.000000    -0.637668     1.483195 
2460252.860640 0.000000 0.000000    -0.674050     1.441621 
2460254.545282 0.000000 0.000000    -0.740437     1.376616 
2460256.229924 0.000000 0.000000    -0.847658     1.290711 
2460257.914566 0.000000 0.000000    -0.996389     1.195092 
2460259.599208 0.000000 0.000000    -1.173344     1.108861 
2460261.283850 0.000000 0.000000    -1.349976     1.050260 
2460262.968491 0.000000 0.000000    -1.485958     1.022468 
2460264.653133 0.000000 0.000000    -1.538224     1.013617 
2460266.337775 0.000000 0.000000    -1.473996     1.011683 
2460268.022417 0.000000 0.000000    -1.283880     1.011489 
2460269.707059 0.000000 0.000000    -0.990106     1.011774 
2460271.391701 0.000000 0.000000    -0.645819     1.012430 
2460273.076343 0.000000 0.000000    -0.324081     1.014360 
2460274.760985 0.000000 0.000000    -0.098884     1.019151 
2460276.445627 0.000000 0.000000    -0.023703     1.028687 
2460278.130269 0.000000 0.000000    -0.114563     1.047380 
2460279.814911 0.000000 0.000000    -0.343533     1.084295 
2460281.499553 0.000000 0.000000    -0.645350     1.147247 
2460283.184195 0.000000 0.000000    -0.935453     1.232155 
2460284.868837 0.000000 0.000000    -1.133854     1.323658 
2460286.553479 0.000000 0.000000    -1.187268     1.405727 
2460288.238121 0.000000 0.000000    -1.082588     1.468786 
2460289.922763 0.000000 0.000000    -0.847846     1.510658 
2460291.607405 0.000000 0.000000    -0.541069     1.534558 
2460293.292047 0.000000 0.000000    -0.231403     1.546175 
2460294.976689 0.000000 0.000000     0.020898     1.550990 
2460296.661331 0.000000 0.000000     0.179222     1.552760 
2460298.345973 0.000000 0.000000     0.236104     1.553424 
2460300.030615 0.000000 0.000000     0.209033     1.553749 
2460301.715257 0.000000 0.000000     0.129466     1.553943 
2460303.399899 0.000000 0.000000     0.029864     1.554003 
2460305.084541 0.000000 0.000000    -0.066530     1.553922 
2460306.769183 0.000000 0.000000    -0.150179     1.553772 
2460308.453824 0.000000 0.000000    -0.223687     1.553618 
2460310.138466 0.000000 0.000000    -0.296162     1.553220 
2460311.823108 0.000000 0.000000    -0.376662     1.551554 
2460313.507750 0.000000 0.000000    -0.469578     1.546399 
2460315.192392 0.000000 0.000000    -0.573350     1.534589 
2460316.877034 0.000000 0.000000    -0.682138     1.513345 
2460318.561676 0.000000 0.000000    -0.788756     1.482327 
2460320.246318 0.000000 0.000000    -0.886901     1.445188 
2460321.930960 0.000000 0.000000    -0.971521     1.409068 
2460323.615602 0.000000 0.000000    -1.037445     1.381259 
2460325.300244 0.000000 0.000000    -1.077627     1.364879 
2460326.984886 0.000000 0.000000    -1.082736     1.357750 
2460328.669528 0.000000 0.000000    -1.043204     1.355501 
2460330.354170 0.000000 0.000000    -0.953540     1.354965 
2460332.038812 0.000000 0.000000    -0.817279     1.354882 
2460333.723454 0.000000 0.000000    -0.650163     1.354940 
2460335.408096 0.000000 0.000000    -0.479432     1.355114 
2460337.092738 0.000000 0.000000    -0.338449     1.355618 
2460338.777380 0.000000 0.000000    -0.257799     1.356842 
2460340.462022 0.000000 0.000000    -0.255633     1.359295 
2460342.146664 0.000000 0.000000    -0.330711     1.364246 
2460343.831306 0.000000 0.000000    -0.460964     1.374523 
2460345.515948 0.000000 0.000000    -0.608568     1.393637 
2460347.200590 0.000000 0.000000    -0.730217     1.422728 
2460348.885232 0.000000 0.000000    -0.789408     1.458277 
2460350.569874 0.000000 0.000000    -0.766703     1.493562 
2460352.254515 0.000000 0.000000    -0.664654     1.522468 
2460353.939157 0.000000 0.000000    -0.505901     1.542165 
2460355.623799 0.000000 0.000000    -0.325336     1.553301 
2460357.308441 0.000000 0.000000    -0.159196     1.558492 
2460358.993083 0.000000 0.000000    -0.034844     1.560505 
2460360.677725 0.000000 0.000000     0.035506     1.561203 
2460362.362367 0.000000 0.000000     0.055472     1.561474 
2460364.047009 0.000000 0.000000     0.040041     1.561626 
2460365.731651 0.000000 0.000000     0.008129     1.561731 
2460367.416293 0.000000 0.000000    -0.024819     1.561777 
2460369.100935 0.000000 0.000000    -0.051607     1.561755 
2460370.785577 0.000000 0.000000    -0.074086     1.561693 
2460372.470219 0.000000 0.000000    -0.100303     1.561623 
2460374.154861 0.000000 0.000000    -0.139626     1.561467 
2460375.839503 0.000000 0.000000    -0.198015     1.560878 
2460377.524145 0.000000 0.000000    -0.275240     1.559115 
2460379.208787 0.000000 0.000000    -0.364827     1.555164 
2460380.893429 0.000000 0.000000    -0.456316     1.548240 
2460382.578071 0.000000 0.000000    -0.538576     1.538500 
2460384.262713 0.000000 0.000000    -0.602703     1.527396 
2460385.947355 0.000000 0.000000    -0.643506     1.517178 
2460387.631997 0.000000 0.000000    -0.659350     1.509699 
2460389.316639 0.000000 0.000000    -0.650972     1.505444 
2460391.001281 0.000000 0.000000    -0.620232     1.503616 
2460392.685923 0.000000 0.000000    -0.569615     1.503032 
2460394.370565 0.000000 0.000000    -0.502753     1.502884 
2460396.055207 0.000000 0.000000    -0.425499     1.502857 
2460397.739848 0.000000 0.000000    -0.346678     1.502870 
2460399.424490 0.000000 0.000000    -0.277628     1.502917 
2460401.109132 0.000000 0.000000    -0.230172     1.503050 
2460402.793774 0.000000 0.000000    -0.213425     1.503369 
2460404.478416 0.000000 0.000000    -0.230498     1.504007 
2460406.163058 0.000000 0.000000    -0.276454     1.505300 
2460407.847700 0.000000 0.000000    -0.338546     1.508002 
2460409.532342 0.000000 0.000000    -0.398990     1.513096 
2460411.216984 0.000000 0.000000    -0.439604     1.521067 
2460412.901626 0.000000 0.000000    -0.446861     1.531200 
2460414.586268 0.000000 0.000000    -0.415689     1.541692 
2460416.270910 0.000000 0.000000    -0.350747     1.550590 
2460417.955552 0.000000 0.000000    -0.264750     1.556775 
2460419.640194 0.000000 0.000000    -0.174456     1.560279 
2460421.324836 0.000000 0.000000    -0.095707     1.561884 
2460423.009478 0.000000 0.000000    -0.039183     1.562481 
2460424.694120 0.000000 0.000000    -0.008201     1.562676 
2460426.378762 0.000000 0.000000     0.000900     1.562751 
2460428.063404 0.000000 0.000000    -0.003804     1.562797 
2460429.748046 0.000000 0.000000    -0.013459     1.562831 
2460431.432688 0.000000 0.000000    -0.021748     1.562849 
2460433.117330 0.000000 0.000000    -0.026751     1.562848 
2460434.801972 0.000000 0.000000    -0.030887     1.562834 
2460436.486614 0.000000 0.000000    -0.039168     1.562818 
2460438.171256 0.000000 0.000000    -0.056652     1.562785 
2460439.855898 0.000000 0.000000    -0.086098     1.562663 
2460441.540540 0.000000 0.000000    -0.126698     1.562299 
2460443.225181 0.000000 0.000000    -0.174186     1.561485 
2460444.909823 0.000000 0.000000    -0.222147     1.560072 
2460446.594465 0.000000 0.000000    -0.263871     1.558115 
2460448.279107 0.000000 0.000000    -0.294056     1.555927 
2460449.963749 0.000000 0.000000    -0.309813     1.553957 
2460451.648391 0.000000 0.000000    -0.310789     1.552543 
2460453.333033 0.000000 0.000000    -0.298617     1.551751 
2460455.017675 0.000000 0.000000    -0.276090     1.551414 
2460456.702317 0.000000 0.000000    -0.246476     1.551305 
2460458.386959 0.000000 0.000000    -0.213176     1.551277 
2460460.071601 0.000000 0.000000    -0.179700     1.551272 
2460461.756243 0.000000 0.000000    -0.149717     1.551275 
2460463.440885 0.000000 0.000000    -0.126892     1.551284 
2460465.125527 0.000000 0.000000    -0.114366     1.551310 
2460466.810169 0.000000 0.000000    -0.113943     1.551372 
2460468.494811 0.000000 0.000000    -0.125298     1.551494 
2460470.179453 0.000000 0.000000    -0.145554     1.551744 
2460471.864095 0.000000 0.000000    -0.169555     1.552265 
2460473.548737 0.000000 0.000000    -0.190872     1.553247 
2460475.233379 0.000000 0.000000    -0.203332     1.554784 
2460476.918021 0.000000 0.000000    -0.202600     1.556749 
2460478.602663 0.000000 0.000000    -0.187329     1.558798 
2460480.287305 0.000000 0.000000    -0.159470     1.560549 
2460481.971947 0.000000 0.000000    -0.123659     1.561771 
2460483.656589 0.000000 0.000000    -0.085872     1.562464 
2460485.341231 0.000000 0.000000    -0.051805     1.562778 
2460487.025872 0.000000 0.000000    -0.025491     1.562893 
2460488.710514 0.000000 0.000000    -0.008558     1.562929 
2460490.395156 0.000000 0.000000    -0.000299     1.562943 
2460492.079798 0.000000 0.000000     0.001580     1.562951 
2460493.764440 0.000000 0.000000    -0.000140     1.562958 
2460495.449082 0.000000 0.000000    -0.003212     1.562962 
2460497.133724 0.000000 0.000000    -0.006548     1.562962 
2460498.818366 0.000000 0.000000    -0.010273     1.562961 
2460500.503008 0.000000 0.000000    -0.015306     1.562959 
2460502.187650 0.000000 0.000000    -0.022679     1.562955 
2460503.872292 0.000000 0.000000    -0.032907     1.562942 
2460505.556934 0.000000 0.000000    -0.045632     1.562901 
2460507.241576 0.000000 0.000000    -0.059650     1.562809 
2460508.926218 0.000000 0.000000    -0.073253     1.562651 
2460510.610860 0.000000 0.000000    -0.084724     1.562435 
2460512.295502 0.000000 0.000000    -0.092778     1.562198 
2460513.980144 0.000000 0.000000    -0.096817     1.561989 
2460515.664786 0.000000 0.000000    -0.096918     1.561842 
2460517.349428 0.000000 0.000000    -0.093649     1.561763 
2460519.034070 0.000000 0.000000    -0.087794     1.561730 
2460520.718712 0.000000 0.000000    -0.080149     1.561720 
2460522.403354 0.000000 0.000000    -0.071424     1.561717 
2460524.087996 0.000000 0.000000    -0.062292     1.561717 
2460525.772638 0.000000 0.000000    -0.053483     1.561718 
2460527.457280 0.000000 0.000000    -0.045854     1.561719 
2460529.141922 0.000000 0.000000    -0.040348     1.561722 
2460530.826564 0.000000 0.000000    -0.037818     1.561729 
2460532.511205 0.000000 0.000000    -0.038776     1.561742 
2460534.195847 0.000000 0.000000    -0.043138     1.561770 
2460535.880489 0.000000 0.000000    -0.050093     1.561828 
2460537.565131 0.000000 0.000000    -0.058154     1.561937 
2460539.249773 0.000000 0.000000    -0.065405     1.562106 
2460540.934415 0.000000 0.000000    -0.069904     1.562319 
2460542.619057 0.000000 0.000000    -0.070121     1.562539 
2460544.303699 0.000000 0.000000    -0.065304     1.562724 
2460545.988341 0.000000 0.000000    -0.055669     1.562850 
2460547.672983 0.000000 0.000000    -0.042361     1.562920 
2460549.357625 0.000000 0.000000    -0.027215     1.562950 
2460551.042267 0.000000 0.000000    -0.012358     1.562960 
2460552.726909 0.000000 0.000000     0.000221     1.562962 
2460554.411551 0.000000 0.000000     0.009050     1.562963 
2460556.096193 0.000000 0.000000     0.013412     1.562963 
2460557.780835 0.000000 0.000000     0.013415     1.562964 
2460559.465477 0.000000 0.000000     0.009884     1.562964 
2460561.150119 0.000000 0.000000     0.004129     1.562964 
2460562.834761 0.000000 0.000000    -0.002352     1.562964 
2460564.519403 0.000000 0.000000    -0.008172     1.562964 
2460566.204045 0.000000 0.000000    -0.012298     1.562964 
2460567.888687 0.000000 0.000000    -0.014201     1.562964 
2460569.573329 0.000000 0.000000    -0.013898     1.562963 
2460571.257971 0.000000 0.000000    -0.011893     1.562959 
2460572.942613 0.000000 0.000000    -0.009039     1.562952 
2460574.627255 0.000000 0.000000    -0.006333     1.562943 
2460576.311896 0.000000 0.000000    -0.004704     1.562933 
2460577.996538 0.000000 0.000000    -0.004798     1.562924 
2460579.681180 0.000000 0.000000    -0.006826     1.562918 
2460581.365822 0.000000 0.000000    -0.010490     1.562915 
2460583.050464 0.000000 0.000000    -0.015015     1.562914 
2460584.735106 0.000000 0.000000    -0.019301     1.562914 
2460586.419748 0.000000 0.000000    -0.022170     1.562914 
2460588.104390 0.000000 0.000000    -0.022659     1.562914 
2460589.789032 0.000000 0.000000    -0.020305     1.562914 
2460591.473674 0.000000 0.000000    -0.015324     1.562914 
2460593.158316 0.000000 0.000000    -0.008647     1.562914 
2460594.842958 0.000000 0.000000    -0.001750     1.562914 
2460596.527600 0.000000 0.000000     0.003669     1.562915 
2460598.212242 0.000000 0.000000     0.006126     1.562916 
2460599.896884 0.000000 0.000000     0.004760     1.562919 
2460601.581526 0.000000 0.000000    -0.000374     1.562924 
2460603.266168 0.000000 0.000000    -0.008248     1.562932 
2460604.950810 0.000000 0.000000    -0.017058     1.562941 
2460606.635452 0.000000 0.000000    -0.024647     1.562951 
2460608.320094 0.000000 0.000000    -0.029044     1.562959 
2460610.004736 0.000000 0.000000    -0.028980     1.562964 
2460611.689378 0.000000 0.000000    -0.024226     1.562965 
2460613.374020 0.000000 0.000000    -0.015668     1.562965 
2460615.058662 0.000000 0.000000    -0.005091     1.562964 
2460616.743304 0.000000 0.000000     0.005273     1.562963 
2460618.427946 0.000000 0.000000     0.013302     1.562962 
2460620.112588 0.000000 0.000000     0.017503     1.562962 
2460621.797229 0.000000 0.000000     0.017343     1.562962 
2460623.481871 0.000000 0.000000     0.013331     1.562962 
2460625.166513 0.000000 0.000000     0.006834     1.562962 
2460626.851155 0.000000 0.000000    -0.000305     1.562962 
2460628.535797 0.000000 0.000000    -0.006238     1.562962 
2460630.220439 0.000000 0.000000    -0.009545     1.562962 
2460631.905081 0.000000 0.000000    -0.009540     1.562963 
2460633.589723 0.000000 0.000000    -0.006377     1.562963 
2460635.274365 0.000000 0.000000    -0.000963     1.562964 
2460636.959007 0.000000 0.000000     0.005281     1.562964 
2460638.643649 0.000000 0.000000     0.010767     1.562964 
2460640.328291 0.000000 0.000000     0.014095     1.562963 
2460642.012933 0.000000 0.000000     0.014365     1.562962 
2460643.697575 0.000000 0.000000     0.011373     1.562961 
2460645.382217 0.000000 0.000000     0.005675     1.562960 
2460647.066859 0.000000 0.000000    -0.001519     1.562960 
2460648.751501 0.000000 0.000000    -0.008589     1.562960 
2460650.436143 0.000000 0.000000    -0.013864     1.562960 
2460652.120785 0.000000 0.000000    -0.016011     1.562960 
2460653.805427 0.000000 0.000000    -0.014383     1.562960 
2460655.490069 0.000000 0.000000    -0.009219     1.562960 
2460657.174711 0.000000 0.000000    -0.001644     1.562960 
2460658.859353 0.000000 0.000000     0.006559     1.562960 
2460660.543995 0.000000 0.000000     0.013368     1.562960 
2460662.228637 0.000000 0.000000     0.017026     1.562960 
2460663.913279 0.000000 0.000000     0.016509     1.562960 
2460665.597921 0.000000 0.000000     0.011816     1.562961 
2460667.282562 0.000000 0.000000     0.003999     1.562962 
2460668.967204 0.000000 0.000000    -0.005093     1.562963 
2460670.651846 0.000000 0.000000    -0.013282     1.562965 
2460672.336488 0.000000 0.000000    -0.018626     1.562967 
2460674.021130 0.000000 0.000000    -0.019915     1.562969 
2460675.705772 0.000000 0.000000    -0.016959     1.562971 
2460677.390414 0.000000 0.000000    -0.010602     1.562972 
2460679.075056 0.000000 0.000000    -0.002464     1.562972 
2460680.759698 0.000000 0.000000     0.005511     1.562972 
2460682.444340 0.000000 0.000000     0.011556     1.562972 
2460684.128982 0.000000 0.000000     0.014503     1.562972 
2460685.813624 0.000000 0.000000     0.014011     1.562972 
2460687.498266 0.000000 0.000000     0.010577     1.562972 
2460689.182908 0.000000 0.000000     0.005324     1.562972 
2460690.867550 0.000000 0.000000    -0.000324     1.562972 
2460692.552192 0.000000 0.000000    -0.005006     1.562972 
2460694.236834 0.000000 0.000000    -0.007730     1.562972 
2460695.921476 0.000000 0.000000    -0.008057     1.562972 
2460697.606118 0.000000 0.000000    -0.006148     1.562973 
2460699.290760 0.000000 0.000000    -0.002685     1.562973 
2460700.975402 0.000000 0.000000     0.001312     1.562972 
2460702.660044 0.000000 0.000000     0.004716     1.562971 
2460704.344686 0.000000 0.000000     0.006537     1.562969 
2460706.029328 0.000000 0.000000     0.006141     1.562967 
2460707.713970 0.000000 0.000000     0.003405     1.562965 
2460709.398612 0.000000 0.000000    -0.001226     1.562963 
2460711.083253 0.000000 0.000000    -0.006801     1.562963 
2460712.767895 0.000000 0.000000    -0.012051     1.562962 
2460714.452537 0.000000 0.000000    -0.015676     1.562962 
2460716.137179 0.000000 0.000000    -0.016668     1.562962 
2460717.821821 0.000000 0.000000    -0.014599     1.562962 
2460719.506463 0.000000 0.000000    -0.009782     1.562962 
2460721.191105 0.000000 0.000000    -0.003245     1.562962 
2460722.875747 0.000000 0.000000     0.003492     1.562962 
2460724.560389 0.000000 0.000000     0.008790     1.562962 
2460726.245031 0.000000 0.000000     0.011326     1.562962 
2460727.929673 0.000000 0.000000     0.010453     1.562963 
2460729.614315 0.000000 0.000000     0.006388     1.562963 
2460731.298957 0.000000 0.000000     0.000164     1.562964 
2460732.983599 0.000000 0.000000    -0.006651     1.562966 
2460734.668241 0.000000 0.000000    -0.012370     1.562969 
2460736.352883 0.000000 0.000000    -0.015638     1.562973 
2460738.037525 0.000000 0.000000    -0.015769     1.562976 
2460739.722167 0.000000 0.000000    -0.012889     1.562979 
2460741.406809 0.000000 0.000000    -0.007841     1.562981 
2460743.091451 0.000000 0.000000    -0.001919     1.562983 
2460744.776093 0.000000 0.000000     0.003508     1.562983 
2460746.460735 0.000000 0.000000     0.007339     1.562983 
2460748.145377 0.000000 0.000000     0.008976     1.562983 
2460749.830019 0.000000 0.000000     0.008400     1.562983 
2460751.514661 0.000000 0.000000     0.006079     1.562983 
2460753.199303 0.000000 0.000000     0.002776     1.562983 
2460754.883945 0.000000 0.000000    -0.000677     1.562983 
2460756.568586 0.000000 0.000000    -0.003580     1.562983 
2460758.253228 0.000000 0.000000    -0.005489     1.562983 
2460759.937870 0.000000 0.000000    -0.006259     1.562983 
2460761.622512 0.000000 0.000000    -0.006024     1.562983 
2460763.307154 0.000000 0.000000    -0.005125     1.562983 
2460764.991796 0.000000 0.000000    -0.004025     1.562981 
2460766.676438 0.000000 0.000000    -0.003219     1.562978 
2460768.361080 0.000000 0.000000    -0.003137     1.562974 
2460770.045722 0.000000 0.000000    -0.004049     1.562970 
2460771.730364 0.000000 0.000000    -0.005988     1.562966 
2460773.415006 0.000000 0.000000    -0.008703     1.562964 
2460775.099648 0.000000 0.000000    -0.011677     1.562962 
2460776.784290 0.000000 0.000000    -0.014214     1.562962 
2460778.468932 0.000000 0.000000    -0.015604     1.562962 
2460780.153574 0.000000 0.000000    -0.015320     1.562962 
2460781.838216 0.000000 0.000000    -0.013196     1.562962 
2460783.522858 0.000000 0.000000    -0.009530     1.562962 
2460785.207500 0.000000 0.000000    -0.005053     1.562962 
2460786.892142 0.000000 0.000000    -0.000769     1.562962 
2460788.576784 0.000000 0.000000     0.002303     1.562962 
2460790.261426 0.000000 0.000000     0.003417     1.562962 
2460791.946068 0.000000 0.000000     0.002319     1.562963 
2460793.630710 0.000000 0.000000    -0.000667     1.562964 
2460795.315352 0.000000 0.000000    -0.004722     1.562966 
2460796.999994 0.000000 0.000000    -0.008757     1.562969 
2460798.684636 0.000000 0.000000    -0.011718     1.562973 
2460800.369277 0.000000 0.000000    -0.012871     1.562978 
2460802.053919 0.000000 0.000000    -0.011981     1.562982 
2460803.738561 0.000000 0.000000    -0.009341     1.562985 
2460805.423203 0.000000 0.000000    -0.005649     1.562987 
2460807.107845 0.000000 0.000000    -0.001782     1.562988 
2460808.792487 0.000000 0.000000     0.001455     1.562989 
2460810.477129 0.000000 0.000000     0.003526     1.562989 
2460812.161771 0.000000 0.000000     0.004251     1.562989 
2460813.846413 0.000000 0.000000     0.003786     1.562989 
2460815.531055 0.000000 0.000000     0.002506     1.562989 
2460817.215697 0.000000 0.000000     0.000851     1.562989 
2460818.900339 0.000000 0.000000    -0.000799     1.562989 
2460820.584981 0.000000 0.000000    -0.002207     1.562989 
2460822.269623 0.000000 0.000000    -0.003293     1.562989 
2460823.954265 0.000000 0.000000    -0.004090     1.562989 
2460825.638907 0.000000 0.000000    -0.004698     1.562989 
2460827.323549 0.000000 0.000000    -0.005227     1.562988 
2460829.008191 0.000000 0.000000    -0.005776     1.562987 
2460830.692833 0.000000 0.000000    -0.006425     1.562984 
2460832.377475 0.000000 0.000000    -0.007230     1.562981 
2460834.062117 0.000000 0.000000    -0.008218     1.562977 
2460835.746759 0.000000 0.000000    -0.009362     1.562974 
2460837.431401 0.000000 0.000000    -0.010557     1.562972 
2460839.116043 0.000000 0.000000    -0.011610     1.562970 
2460840.800685 0.000000 0.000000    -0.012260     1.562970 
2460842.485327 0.000000 0.000000    -0.012247     1.562970 
2460844.169969 0.000000 0.000000    -0.011397     1.562970 
2460845.854610 0.000000 0.000000    -0.009709     1.562970 
2460847.539252 0.000000 0.000000    -0.007403     1.562970 
2460849.223894 0.000000 0.000000    -0.004901     1.562970 
2460850.908536 0.000000 0.000000    -0.002733     1.562970 
2460852.593178 0.000000 0.000000    -0.001396     1.562970 
2460854.277820 0.000000 0.000000    -0.001203     1.562970 
2460855.962462 0.000000 0.000000    -0.002176     1.562971 
2460857.647104 0.000000 0.000000    -0.004028     1.562972 
2460859.331746 0.000000 0.000000    -0.006226     1.562973 
2460861.016388 0.000000 0.000000    -0.008146     1.562976 
2460862.701030 0.000000 0.000000    -0.009248     1.562980 
2460864.385672 0.000000 0.000000    -0.009223     1.562983 
2460866.070314 0.000000 0.000000    -0.008071     1.562986 
2460867.754956 0.000000 0.000000    -0.006077     1.562989 
2460869.439598 0.000000 0.000000    -0.003711     1.562990 
2460871.124240 0.000000 0.000000    -0.001479     1.562991 
2460872.808882 0.000000 0.000000     0.000222     1.562991 
2460874.493524 0.000000 0.000000     0.001190     1.562991 
2460876.178166 0.000000 0.000000     0.001442     1.562991 
2460877.862808 0.000000 0.000000     0.001154     1.562991 
2460879.547450 0.000000 0.000000     0.000575     1.562991 
2460881.232092 0.000000 0.000000    -0.000073     1.562991 
2460882.916734 0.000000 0.000000    -0.000662     1.562991 
2460884.601376 0.000000 0.000000    -0.001172     1.562991 
2460886.286018 0.000000 0.000000    -0.001663     1.562991 
2460887.970660 0.000000 0.000000    -0.002225     1.562991 
2460889.655302 0.000000 0.000000    -0.002923     1.562991 
2460891.339943 0.000000 0.000000    -0.003766     1.562990 
2460893.024585 0.000000 0.000000    -0.004708     1.562990 
2460894.709227 0.000000 0.000000    -0.005668     1.562988 
2460896.393869 0.000000 0.000000    -0.006559     1.562987 
2460898.078511 0.000000 0.000000    -0.007315     1.562985 
2460899.763153 0.000000 0.000000    -0.007890     1.562983 
2460901.447795 0.000000 0.000000    -0.008252     1.562982 
2460903.132437 0.000000 0.000000    -0.008369     1.562982 
2460904.817079 0.000000 0.000000    -0.008202     1.562981 
2460906.501721 0.000000 0.000000    -0.007715     1.562981 
2460908.186363 0.000000 0.000000    -0.006906     1.562981 
2460909.871005 0.000000 0.000000    -0.005831     1.562981 
2460911.555647 0.000000 0.000000    -0.004623     1.562981 
2460913.240289 0.000000 0.000000    -0.003480     1.562981 
2460914.924931 0.000000 0.000000    -0.002623     1.562981 
2460916.609573 0.000000 0.000000    -0.002236     1.562981 
2460918.294215 0.000000 0.000000    -0.002402     1.562982 
2460919.978857 0.000000 0.000000    -0.003066     1.562982 
2460921.663499 0.000000 0.000000    -0.004037     1.562982 
2460923.348141 0.000000 0.000000    -0.005031     1.562983 
2460925.032783 0.000000 0.000000    -0.005753     1.562984 
2460926.717425 0.000000 0.000000    -0.005976     1.562986 
2460928.402067 0.000000 0.000000    -0.005609     1.562988 
2460930.086709 0.000000 0.000000    -0.004713     1.562989 
2460931.771351 0.000000 0.000000    -0.003482     1.562990 
2460933.455993 0.000000 0.000000    -0.002175     1.562991 
2460935.140634 0.000000 0.000000    -0.001037     1.562991 
2460936.825276 0.000000 0.000000    -0.000236     1.562991 
2460938.509918 0.000000 0.000000     0.000178     1.562991 
2460940.194560 0.000000 0.000000     0.000257     1.562991 
2460941.879202 0.000000 0.000000     0.000125     1.562991 
2460943.563844 0.000000 0.000000    -0.000083     1.562991 
2460945.248486 0.000000 0.000000    -0.000272     1.562991 
2460946.933128 0.000000 0.000000    -0.000412     1.562991 
2460948.617770 0.000000 0.000000    -0.000535     1.562991 
2460950.302412 0.000000 0.000000    -0.000712     1.562991 
2460951.987054 0.000000 0.000000    -0.001014     1.562991 
2460953.671696 0.000000 0.000000    -0.001476     1.562991 
2460955.356338 0.000000 0.000000    -0.002083     1.562991 
2460957.040980 0.000000 0.000000    -0.002774     1.562991 
2460958.725622 0.000000 0.000000    -0.003460     1.562991 
2460960.410264 0.000000 0.000000    -0.004055     1.562990 
2460962.094906 0.000000 0.000000    -0.004491     1.562989 
2460963.779548 0.000000 0.000000    -0.004733     1.562989 
2460965.464190 0.000000 0.000000    -0.004777     1.562989 
2460967.148832 0.000000 0.000000    -0.004638     1.562989 
2460968.833474 0.000000 0.000000    -0.004341     1.562988 
2460970.518116 0.000000 0.000000    -0.003919     1.562988 
2460972.202758 0.000000 0.000000    -0.003408     1.562988 
2460973.887400 0.000000 0.000000    -0.002860     1.562988 
2460975.572042 0.000000 0.000000    -0.002338     1.562988 
2460977.256684 0.000000 0.000000    -0.001916     1.562988 
2460978.941326 0.000000 0.000000    -0.001665     1.562988 
2460980.625967 0.000000 0.000000    -0.001631     1.562988 
2460982.310609 0.000000 0.000000    -0.001815     1.562988 
2460983.995251 0.000000 0.000000    -0.002168     1.562989 
2460985.679893 0.000000 0.000000    -0.002593     1.562989 
2460987.364535 0.000000 0.000000    -0.002970     1.562989 
2460989.049177 0.000000 0.000000    -0.003182     1.562989 
2460990.733819 0.000000 0.000000    -0.003154     1.562990 
2460992.418461 0.000000 0.000000    -0.002870     1.562990 
2460994.103103 0.000000 0.000000    -0.002374     1.562991 
2460995.787745 0.000000 0.000000    -0.001761     1.562991 
2460997.472387 0.000000 0.000000    -0.001144     1.562991 
2460999.157029 0.000000 0.000000    -0.000625     1.562991 
2461000.841671 0.000000 0.000000    -0.000263     1.562991 
2461002.526313 0.000000 0.000000    -0.000072     1.562991 
2461004.210955 0.000000 0.000000    -0.000020     1.562991 
2461005.895597 0.000000 0.000000    -0.000050     1.562991 
2461007.580239 0.000000 0.000000    -0.000106     1.562991 
2461009.264881 0.000000 0.000000    -0.000151     1.562991 
2461010.949523 0.000000 0.000000    -0.000179     1.562991 
2461012.634165 0.000000 0.000000    -0.000208     1.562991 
2461014.318807 0.000000 0.000000    -0.000273     1.562991 
2461016.003449 0.000000 0.000000    -0.000404     1.562991 
2461017.688091 0.000000 0.000000    -0.000615     1.562991 
2461019.372733 0.000000 0.000000    -0.000896     1.562991 
2461021.057375 0.000000 0.000000    -0.001214     1.562991 
2461022.742017 0.000000 0.000000    -0.001526     1.562991 
2461024.426658 0.000000 0.000000    -0.001787     1.562991 
2461026.111300 0.000000 0.000000    -0.001966     1.562991 
2461027.795942 0.000000 0.000000    -0.002046     1.562991 
2461029.480584 0.000000 0.000000    -0.002029     1.562991 
2461031.165226 0.000000 0.000000    -0.001929     1.562991 
2461032.849868 0.000000 0.000000    -0.001766     1.562991 
2461034.534510 0.000000 0.000000    -0.001565     1.562991 
2461036.219152 0.000000 0.000000    -0.001347     1.562991 
2461037.903794 0.000000 0.000000    -0.001137     1.562991 
2461039.588436 0.000000 0.000000    -0.000955     1.562991 
2461041.273078 0.000000 0.000000    -0.000824     1.562991 
2461042.957720 0.000000 0.000000    -0.000761     1.562991 
2461044.642362 0.000000 0.000000    -0.000774     1.562991 
2461046.327004 0.000000 0.000000    -0.000857     1.562991 
2461048.011646 0.000000 0.000000    -0.000990     1.562991 
2461049.696288 0.000000 0.000000    -0.001142     1.562991 
2461051.380930 0.000000 0.000000    -0.001272     1.562991 
2461053.065572 0.000000 0.000000    -0.001343     1.562991 
2461054.750214 0.000000 0.000000    -0.001330     1.562991 
2461056.434856 0.000000 0.000000    -0.001226     1.562991 
2461058.119498 0.000000 0.000000    -0.001044     1.562991 
2461059.804140 0.000000 0.000000    -0.000811     1.562991 
2461061.488782 0.000000 0.000000    -0.000564     1.562991 
2461063.173424 0.000000 0.000000    -0.000338     1.562991 
2461064.858066 0.000000 0.000000    -0.000157     1.562991 
2461066.542708 0.000000 0.000000    -0.000035     1.562991 
2461068.227350 0.000000 0.000000     0.000030     1.562991 
2461069.911991 0.000000 0.000000     0.000049     1.562991 
2461071.596633 0.000000 0.000000     0.000037     1.562991 
2461073.281275 0.000000 0.000000     0.000009     1.562991 
2461074.965917 0.000000 0.000000    -0.000028     1.562991 
2461076.650559 0.000000 0.000000    -0.000069     1.562991 
2461078.335201 0.000000 0.000000    -0.000115     1.562991 
2461080.019843 0.000000 0.000000    -0.000169     1.562991 
2461081.704485 0.000000 0.000000    -0.000229     1.562991 
2461083.389127 0.000000 0.000000    -0.000295     1.562991 
2461085.073769 0.000000 0.000000    -0.000361     1.562991 
2461086.758411 0.000000 0.000000    -0.000420     1.562991 
2461088.443053 0.000000 0.000000    -0.000468     1.562991 
2461090.127695 0.000000 0.000000    -0.000500     1.562991 
2461091.812337 0.000000 0.000000    -0.000518     1.562991 
2461093.496979 0.000000 0.000000    -0.000521     1.562991 
2461095.181621 0.000000 0.000000    -0.000513     1.562991 
2461096.866263 0.000000 0.000000    -0.000495     1.562991 
2461098.550905 0.000000 0.000000    -0.000467     1.562991 
2461100.235547 0.000000 0.000000    -0.000430     1.562991 
2461101.920189 0.000000 0.000000    -0.000384     1.562991 
2461103.604831 0.000000 0.000000    -0.000332     1.562991 
2461105.289473 0.000000 0.000000    -0.000278     1.562991 
2461106.974115 0.000000 0.000000    -0.000231     1.562991 
2461108.658757 0.000000 0.000000    -0.000200     1.562991 
2461110.343399 0.000000 0.000000    -0.000191     1.562991 
2461112.028041 0.000000 0.000000    -0.000209     1.562991 
2461113.712683 0.000000 0.000000    -0.000253     1.562991 
2461115.397324 0.000000 0.000000    -0.000313     1.562991 
2461117.081966 0.000000 0.000000    -0.000376     1.562991 
2461118.766608 0.000000 0.000000    -0.000427     1.562991 
2461120.451250 0.000000 0.000000    -0.000450     1.562991 
2461122.135892 0.000000 0.000000    -0.000435     1.562991 
2461123.820534 0.000000 0.000000    -0.000380     1.562991 
2461125.505176 0.000000 0.000000    -0.000290     1.562991 
2461127.189818 0.000000 0.000000    -0.000179     1.562991 
2461128.874460 0.000000 0.000000    -0.000064     1.562991 
2461130.559102 0.000000 0.000000     0.000036     1.562991 
2461132.243744 0.000000 0.000000     0.000107     1.562991 
2461133.928386 0.000000 0.000000     0.000139     1.562991 
2461135.613028 0.000000 0.000000     0.000133     1.562991 
2461137.297670 0.000000 0.000000     0.000095     1.562991 
2461138.982312 0.000000 0.000000     0.000038     1.562991 
2461140.666954 0.000000 0.000000    -0.000022     1.562991 
2461142.351596 0.000000 0.000000    -0.000072     1.562991 
2461144.036238 0.000000 0.000000    -0.000101     1.562991 
2461145.720880 0.000000 0.000000    -0.000104     1.562991 
2461147.405522 0.000000 0.000000    -0.000084     1.562991 
2461149.090164 0.000000 0.000000    -0.000047     1.562991 
2461150.774806 0.000000 0.000000    -0.000004     1.562991 
2461152.459448 0.000000 0.000000     0.000033     1.562991 
2461154.144090 0.000000 0.000000     0.000054     1.562991 
2461155.828732 0.000000 0.000000     0.000051     1.562991 
2461157.513374 0.000000 0.000000     0.000026     1.562991 
2461159.198015 0.000000 0.000000    -0.000018     1.562991 
2461160.882657 0.000000 0.000000    -0.000072     1.562991 
2461162.567299 0.000000 0.000000    -0.000122     1.562991 
2461164.251941 0.000000 0.000000    -0.000156     1.562991 
2461165.936583 0.000000 0.000000    -0.000164     1.562991 
2461167.621225 0.000000 0.000000    -0.000143     1.562991 
2461169.305867 0.000000 0.000000    -0.000095     1.562991 
2461170.990509 0.000000 0.000000    -0.000031     1.562991 
2461172.675151 0.000000 0.000000     0.000036     1.562991 
2461174.359793 0.000000 0.000000     0.000087     1.562991 
2461176.044435 0.000000 0.000000     0.000109     1.562991 
2461177.729077 0.000000 0.000000     0.000096     1.562991 
2461179.413719 0.000000 0.000000     0.000047     1.562991 
2461181.098361 0.000000 0.000000    -0.000027     1.562991 
2461182.783003 0.000000 0.000000    -0.000109     1.562991 
2461184.467645 0.000000 0.000000    -0.000178     1.562991 
2461186.152287 0.000000 0.000000    -0.000218     1.562991 
2461187.836929 0.000000 0.000000    -0.000218     1.562991 
2461189.521571 0.000000 0.000000    -0.000178     1.562991 
2461191.206213 0.000000 0.000000    -0.000106     1.562991 
2461192.890855 0.000000 0.000000    -0.000019     1.562991 
2461194.575497 0.000000 0.000000     0.000064     1.562991 
2461196.260139 0.000000 0.000000     0.000125     1.562991 
2461197.944781 0.000000 0.000000     0.000153     1.562991 
2461199.629423 0.000000 0.000000     0.000144     1.562991 
2461201.314065 0.000000 0.000000     0.000105     1.562991 
2461202.998707 0.000000 0.000000     0.000048     1.562991 
2461204.683348 0.000000 0.000000    -0.000012     1.562991 
2461206.367990 0.000000 0.000000    -0.000058     1.562991 
2461208.052632 0.000000 0.000000    -0.000081     1.562991 
2461209.737274 0.000000 0.000000    -0.000076     1.562991 
2461211.421916 0.000000 0.000000    -0.000046     1.562991 
2461213.106558 0.000000 0.000000     0.000001     1.562991 
2461214.791200 0.000000 0.000000     0.000052     1.562991 
2461216.475842 0.000000 0.000000     0.000095     1.562991 
2461218.160484 0.000000 0.000000     0.000117     1.562991 
2461219.845126 0.000000 0.000000     0.000113     1.562991 
2461221.529768 0.000000 0.000000     0.000082     1.562991 
2461223.214410 0.000000 0.000000     0.000030     1.562991 
2461224.899052 0.000000 0.000000    -0.000032     1.562991 
2461226.583694 0.000000 0.000000    -0.000090     1.562991 
2461228.268336 0.000000 0.000000    -0.000130     1.562991 
2461229.952978 0.000000 0.000000    -0.000141     1.562991 
2461231.637620 0.000000 0.000000    -0.000120     1.562991 
2461233.322262 0.000000 0.000000    -0.000070     1.562991 
2461235.006904 0.000000 0.000000    -0.000003     1.562991 
2461236.691546 0.000000 0.000000     0.000066     1.562991 
2461238.376188 0.000000 0.000000     0.000120     1.562991 
2461240.060830 0.000000 0.000000     0.000144     1.562991 
2461241.745472 0.000000 0.000000     0.000133     1.562991 
2461243.430114 0.000000 0.000000     0.000087     1.562991 
2461245.114756 0.000000 0.000000     0.000019     1.562991 
2461246.799398 0.000000 0.000000    -0.000057     1.562991 
2461248.484039 0.000000 0.000000    -0.000120     1.562991 
2461250.168681 0.000000 0.000000    -0.000157     1.562991 
2461251.853323 0.000000 0.000000    -0.000160     1.562991 
2461253.537965 0.000000 0.000000    -0.000129     1.562991 
2461255.222607 0.000000 0.000000    -0.000074     1.562991 
2461256.907249 0.000000 0.000000    -0.000007     1.562991 
2461258.591891 0.000000 0.000000     0.000054     1.562991 
2461260.276533 0.000000 0.000000     0.000097     1.562991 
2461261.961175 0.000000 0.000000     0.000115     1.562991 
2461263.645817 0.000000 0.000000     0.000105     1.562991 
2461265.330459 0.000000 0.000000     0.000075     1.562991 
2461267.015101 0.000000 0.000000     0.000032     1.562991 
2461268.699743 0.000000 0.000000    -0.000011     1.562991 
2461270.384385 0.000000 0.000000    -0.000045     1.562991 
2461272.069027 0.000000 0.000000    -0.000064     1.562991 
2461273.753669 0.000000 0.000000    -0.000066     1.562991 
2461275.438311 0.000000 0.000000    -0.000051     1.562991 
2461277.122953 0.000000 0.000000    -0.000027     1.562991 
2461278.807595 0.000000 0.000000    -0.000000     1.562991 
2461280.492237 0.000000 0.000000     0.000021     1.562991 
2461282.176879 0.000000 0.000000     0.000029     1.562991 
2461283.861521 0.000000 0.000000     0.000021     1.562991 
2461285.546163 0.000000 0.000000    -0.000004     1.562991 
2461287.230805 0.000000 0.000000    -0.000041     1.562991 
2461288.915447 0.000000 0.000000    -0.000084     1.562991 
2461290.600089 0.000000 0.000000    -0.000121     1.562991 
2461292.284731 0.000000 0.000000    -0.000143     1.562991 
2461293.969372 0.000000 0.000000    -0.000144     1.562991 
2461295.654014 0.000000 0.000000    -0.000121     1.562991 
2461297.338656 0.000000 0.000000    -0.000078     1.562991 
2461299.023298 0.000000 0.000000    -0.000025     1.562991 
2461300.707940 0.000000 0.000000     0.000027     1.562991 
2461302.392582 0.000000 0.000000     0.000064     1.562991 
2461304.077224 0.000000 0.000000     0.000078     1.562991 
2461305.761866 0.000000 0.000000     0.000065     1.562991 
2461307.446508 0.000000 0.000000     0.000028     1.562991 
2461309.131150 0.000000 0.000000    -0.000023     1.562991 
2461310.815792 0.000000 0.000000    -0.000074     1.562991 
2461312.500434 0.000000 0.000000    -0.000114     1.562991 
2461314.185076 0.000000 0.000000    -0.000132     1.562991 
2461315.869718 0.000000 0.000000    -0.000126     1.562991 
2461317.554360 0.000000 0.000000    -0.000097     1.562991 
2461319.239002 0.000000 0.000000    -0.000055     1.562991 
2461320.923644 0.000000 0.000000    -0.000009     1.562991 
2461322.608286 0.000000 0.000000     0.000031     1.562991 
2461324.292928 0.000000 0.000000     0.000057     1.562991 
2461325.977570 0.000000 0.000000     0.000065     1.562991 
2461327.662212 0.000000 0.000000     0.000058     1.562991 
2461329.346854 0.000000 0.000000     0.000039     1.562991 
2461331.031496 0.000000 0.000000     0.000014     1.562991 
2461332.716138 0.000000 0.000000    -0.000011     1.562991 
2461334.400780 0.000000 0.000000    -0.000031     1.562991 
2461336.085422 0.000000 0.000000    -0.000044     1.562991 
2461337.770064 0.000000 0.000000    -0.000050     1.562991 
2461339.454705 0.000000 0.000000    -0.000050     1.562991 
2461341.139347 0.000000 0.000000    -0.000047     1.562991 
2461342.823989 0.000000 0.000000    -0.000043     1.562991 
2461344.508631 0.000000 0.000000    -0.000041     1.562991 
2461346.193273 0.000000 0.000000    -0.000045     1.562991 
2461347.877915 0.000000 0.000000    -0.000055     1.562991 
2461349.562557 0.000000 0.000000    -0.000070     1.562991 
2461351.247199 0.000000 0.000000    -0.000090     1.562991 
2461352.931841 0.000000 0.000000    -0.000110     1.562991 
2461354.616483 0.000000 0.000000    -0.000125     1.562991 
2461356.301125 0.000000 0.000000    -0.000131     1.562991 
2461357.985767 0.000000 0.000000    -0.000124     1.562991 
2461359.670409 0.000000 0.000000    -0.000104     1.562991 
2461361.355051 0.000000 0.000000    -0.000074     1.562991 
2461363.039693 0.000000 0.000000    -0.000040     1.562991 
2461364.724335 0.000000 0.000000    -0.000010     1.562991 
2461366.408977 0.000000 0.000000     0.000010     1.562991 
2461368.093619 0.000000 0.000000     0.000014     1.562991 
2461369.778261 0.000000 0.000000     0.000001     1.562991 
2461371.462903 0.000000 0.000000    -0.000023     1.562991 
2461373.147545 0.000000 0.000000    -0.000054     1.562991 
2461374.832187 0.000000 0.000000    -0.000082     1.562991 
2461376.516829 0.000000 0.000000    -0.000100     1.562991 
2461378.201471 0.000000 0.000000    -0.000103     1.562991 
2461379.886113 0.000000 0.000000    -0.000092     1.562991 
2461381.570755 0.000000 0.000000    -0.000068     1.562991 
2461383.255396 0.000000 0.000000    -0.000039     1.562991 
2461384.940038 0.000000 0.000000    -0.000010     1.562991 
2461386.624680 0.000000 0.000000     0.000012     1.562991 
2461388.309322 0.000000 0.000000     0.000025     1.562991 
2461389.993964 0.000000 0.000000     0.000028     1.562991 
2461391.678606 0.000000 0.000000     0.000023     1.562991 
2461393.363248 0.000000 0.000000     0.000014     1.562991 
2461395.047890 0.000000 0.000000     0.000002     1.562991 
2461396.732532 0.000000 0.000000    -0.000009     1.562991 
2461398.417174 0.000000 0.000000    -0.000018     1.562991 
2461400.101816 0.000000 0.000000    -0.000025     1.562991 
2461401.786458 0.000000 0.000000    -0.000032     1.562991 
2461403.471100 0.000000 0.000000    -0.000038     1.562991 
2461405.155742 0.000000 0.000000    -0.000044     1.562991 
2461406.840384 0.000000 0.000000    -0.000051     1.562991 
2461408.525026 0.000000 0.000000    -0.000058     1.562991 
2461410.209668 0.000000 0.000000    -0.000066     1.562991 
2461411.894310 0.000000 0.000000    -0.000075     1.562991 
2461413.578952 0.000000 0.000000    -0.000083     1.562991 
2461415.263594 0.000000 0.000000    -0.000090     1.562991 
2461416.948236 0.000000 0.000000    -0.000096     1.562991 
2461418.632878 0.000000 0.000000    -0.000098     1.562991 
2461420.317520 0.000000 0.000000    -0.000095     1.562991 
2461422.002162 0.000000 0.000000    -0.000086     1.562991 
2461423.686804 0.000000 0.000000    -0.000072     1.562991 
2461425.371446 0.000000 0.000000    -0.000055     1.562991 
2461427.056088 0.000000 0.000000    -0.000037     1.562991 
2461428.740729 0.000000 0.000000    -0.000023     1.562991 
2461430.425371 0.000000 0.000000    -0.000016     1.562991 
2461432.110013 0.000000 0.000000    -0.000017     1.562991 
2461433.794655 0.000000 0.000000    -0.000026     1.562991 
2461435.479297 0.000000 0.000000    -0.000040     1.562991 
2461437.163939 0.000000 0.000000    -0.000056     1.562991 
2461438.848581 0.000000 0.000000    -0.000068     1.562991 
2461440.533223 0.000000 0.000000    -0.000073     1.562991 
2461442.217865 0.000000 0.000000    -0.000070     1.562991 
2461443.902507 0.000000 0.000000    -0.000059     1.562991 
2461445.587149 0.000000 0.000000    -0.000043     1.562991 
2461447.271791 0.000000 0.000000    -0.000025     1.562991 
2461448.956433 0.000000 0.000000    -0.000009     1.562991 
2461450.641075 0.000000 0.000000     0.000002     1.562991 
2461452.325717 0.000000 0.000000     0.000007     1.562991 
2461454.010359 0.000000 0.000000     0.000008     1.562991 
2461455.695001 0.000000 0.000000     0.000006     1.562991 
2461457.379643 0.000000 0.000000     0.000002     1.562991 
2461459.064285 0.000000 0.000000    -0.000002     1.562991 
2461460.748927 0.000000 0.000000    -0.000006     1.562991 
2461462.433569 0.000000 0.000000    -0.000009     1.562991 
2461464.118211 0.000000 0.000000    -0.000012     1.562991 
2461465.802853 0.000000 0.000000    -0.000017     1.562991 
2461467.487495 0.000000 0.000000    -0.000023     1.562991 
2461469.172137 0.000000 0.000000    -0.000030     1.562991 
2461470.856779 0.000000 0.000000    -0.000038     1.562991 
2461472.541420 0.000000 0.000000    -0.000046     1.562991 
2461474.226062 0.000000 0.000000    -0.000053     1.562991 
2461475.910704 0.000000 0.000000    -0.000058     1.562991 
2461477.595346 0.000000 0.000000    -0.000062     1.562991 
2461479.279988 0.000000 0.000000    -0.000064     1.562991 
2461480.964630 0.000000 0.000000    -0.000063     1.562991 
2461482.649272 0.000000 0.000000    -0.000060     1.562991 
2461484.333914 0.000000 0.000000    -0.000056     1.562991 
2461486.018556 0.000000 0.000000    -0.000049     1.562991 
2461487.703198 0.000000 0.000000    -0.000041     1.562991 
2461489.387840 0.000000 0.000000    -0.000032     1.562991 
2461491.072482 0.000000 0.000000    -0.000025     1.562991 
2461492.757124 0.000000 0.000000    -0.000020     1.562991 
2461494.441766 0.000000 0.000000    -0.000019     1.562991 
2461496.126408 0.000000 0.000000    -0.000021     1.562991 
2461497.811050 0.000000 0.000000    -0.000027     1.562991 
2461499.495692 0.000000 0.000000    -0.000034     1.562991 
2461501.180334 0.000000 0.000000    -0.000040     1.562991 
2461502.864976 0.000000 0.000000    -0.000044     1.562991 
2461504.549618 0.000000 0.000000    -0.000044     1.562991 
2461506.234260 0.000000 0.000000    -0.000040     1.562991 
2461507.918902 0.000000 0.000000    -0.000033     1.562991 
2461509.603544 0.000000 0.000000    -0.000024     1.562991 
2461511.288186 0.000000 0.000000    -0.000014     1.562991 
2461512.972828 0.000000 0.000000    -0.000007     1.562991 
2461514.657470 0.000000 0.000000    -0.000002     1.562991 
2461516.342112 0.000000 0.000000     0.000001     1.562991 
2461518.026753 0.000000 0.000000     0.000001     1.562991 
2461519.711395 0.000000 0.000000    -0.000000     1.562991 
2461521.396037 0.000000 0.000000    -0.000001     1.562991 
2461523.080679 0.000000 0.000000    -0.000002     1.562991 
2461524.765321 0.000000 0.000000    -0.000003     1.562991 
2461526.449963 0.000000 0.000000    -0.000004     1.562991 
2461528.134605 0.000000 0.000000    -0.000005     1.562991 
2461529.819247 0.000000 0.000000    -0.000007     1.562991 
2461531.503889 0.000000 0.000000    -0.000011     1.562991 
2461533.188531 0.000000 0.000000    -0.000015     1.562991 
2461534.873173 0.000000 0.000000    -0.000021     1.562991 
2461536.557815 0.000000 0.000000    -0.000026     1.562991 
2461538.242457 0.000000 0.000000    -0.000030     1.562991 
2461539.927099 0.000000 0.000000    -0.000032     1.562991 
2461541.611741 0.000000 0.000000    -0.000034     1.562991 
2461543.296383 0.000000 0.000000    -0.000034     1.562991 
2461544.981025 0.000000 0.000000    -0.000032     1.562991 
2461546.665667 0.000000 0.000000    -0.000030     1.562991 
2461548.350309 0.000000 0.000000    -0.000026     1.562991 
2461550.034951 0.000000 0.000000    -0.000023     1.562991 
2461551.719593 0.000000 0.000000    -0.000019     1.562991 
2461553.404235 0.000000 0.000000    -0.000016     1.562991 
2461555.088877 0.000000 0.000000    -0.000013     1.562991 
2461556.773519 0.000000 0.000000    -0.000012     1.562991 
2461558.458161 0.000000 0.000000    -0.000012     1.562991 
2461560.142803 0.000000 0.000000    -0.000014     1.562991 
2461561.827445 0.000000 0.000000    -0.000016     1.562991 
2461563.512086 0.000000 0.000000    -0.000019     1.562991 
2461565.196728 0.000000 0.000000    -0.000021     1.562991 
2461566.881370 0.000000 0.000000    -0.000022     1.562991 
2461568.566012 0.000000 0.000000    -0.000022     1.562991 
2461570.250654 0.000000 0.000000    -0.000019     1.562991 
2461571.935296 0.000000 0.000000    -0.000016     1.562991 
2461573.619938 0.000000 0.000000    -0.000012     1.562991 
2461575.304580 0.000000 0.000000    -0.000007     1.562991 
2461576.989222 0.000000 0.000000    -0.000004     1.562991 
2461578.673864 0.000000 0.000000    -0.000002     1.562991 
2461580.358506 0.000000 0.000000    -0.000001     1.562991 
2461582.043148 0.000000 0.000000    -0.000000     1.562991 
2461583.727790 0.000000 0.000000    -0.000000     1.562991 
2461585.412432 0.000000 0.000000    -0.000001     1.562991 
2461587.097074 0.000000 0.000000    -0.000001     1.562991 
2461588.781716 0.000000 0.000000    -0.000001     1.562991 
2461590.466358 0.000000 0.000000    -0.000001     1.562991 
2461592.151000 0.000000 0.000000    -0.000002     1.562991 
2461593.835642 0.000000 0.000000    -0.000003     1.562991 
2461595.520284 0.000000 0.000000    -0.000004     1.562991 
2461597.204926 0.000000 0.000000    -0.000006     1.562991 
2461598.889568 0.000000 0.000000    -0.000008     1.562991 
2461600.574210 0.000000 0.000000    -0.000010     1.562991 
2461602.258852 0.000000 0.000000    -0.000012     1.562991 
2461603.943494 0.000000 0.000000    -0.000013     1.562991 
2461605.628136 0.000000 0.000000    -0.000013     1.562991 
2461607.312777 0.000000 0.000000    -0.000013     1.562991 
2461608.997419 0.000000 0.000000    -0.000012     1.562991 
2461610.682061 0.000000 0.000000    -0.000011     1.562991 
2461612.366703 0.000000 0.000000    -0.000010     1.562991 
2461614.051345 0.000000 0.000000    -0.000008     1.562991 
2461615.735987 0.000000 0.000000    -0.000007     1.562991 
2461617.420629 0.000000 0.000000    -0.000006     1.562991 
2461619.105271 0.000000 0.000000    -0.000005     1.562991 
2461620.789913 0.000000 0.000000    -0.000005     1.562991 
2461622.474555 0.000000 0.000000    -0.000005     1.562991 
2461624.159197 0.000000 0.000000    -0.000006     1.562991 
2461625.843839 0.000000 0.000000    -0.000006     1.562991 
2461627.528481 0.000000 0.000000    -0.000007     1.562991 
2461629.213123 0.000000 0.000000    -0.000008     1.562991 
2461630.897765 0.000000 0.000000    -0.000009     1.562991 
2461632.582407 0.000000 0.000000    -0.000009     1.562991 
2461634.267049 0.000000 0.000000    -0.000008     1.562991 
2461635.951691 0.000000 0.000000    -0.000007     1.562991 
2461637.636333 0.000000 0.000000    -0.000005     1.562991 
2461639.320975 0.000000 0.000000    -0.000004     1.562991 
2461641.005617 0.000000 0.000000    -0.000002     1.562991 
2461642.690259 0.000000 0.000000    -0.000001     1.562991 
2461644.374901 0.000000 0.000000     0.000000     1.562991 
2461646.059543 0.000000 0.000000     0.000001     1.562991 
2461647.744185 0.000000 0.000000     0.000001     1.562991 
2461649.428827 0.000000 0.000000     0.000001     1.562991 
2461651.113469 0.000000 0.000000     0.000000     1.562991 
2461652.798110 0.000000 0.000000    -0.000000     1.562991 
2461654.482752 0.000000 0.000000    -0.000001     1.562991 
2461656.167394 0.000000 0.000000    -0.000001     1.562991 
2461657.852036 0.000000 0.000000    -0.000001     1.562991 
2461659.536678 0.000000 0.000000    -0.000002     1.562991 
2461661.221320 0.000000 0.000000    -0.000002     1.562991 
2461662.905962 0.000000 0.000000    -0.000002     1.562991 
2461664.590604 0.000000 0.000000    -0.000002     1.562991 
2461666.275246 0.000000 0.000000    -0.000002     1.562991 
2461667.959888 0.000000 0.000000    -0.000002     1.562991 
2461669.644530 0.000000 0.000000    -0.000002     1.562991 
2461671.329172 0.000000 0.000000    -0.000002     1.562991 
2461673.013814 0.000000 0.000000    -0.000003     1.562991 
2461674.698456 0.000000 0.000000    -0.000003     1.562991 
2461676.383098 0.000000 0.000000    -0.000003     1.562991 
2461678.067740 0.000000 0.000000    -0.000003     1.562991 
2461679.752382 0.000000 0.000000    -0.000002     1.562991 
2461681.437024 0.000000 0.000000    -0.000002     1.562991 
2461683.121666 0.000000 0.000000    -0.000002     1.562991 
2461684.806308 0.000000 0.000000    -0.000001     1.562991 
2461686.490950 0.000000 0.000000    -0.000001     1.562991 
2461688.175592 0.000000 0.000000    -0.000001     1.562991 
2461689.860234 0.000000 0.000000    -0.000001     1.562991 
2461691.544876 0.000000 0.000000    -0.000001     1.562991 
2461693.229518 0.000000 0.000000    -0.000001     1.562991 
2461694.914160 0.000000 0.000000    -0.000002     1.562991 
2461696.598801 0.000000 0.000000    -0.000003     1.562991 
2461698.283443 0.000000 0.000000    -0.000003     1.562991 
2461699.968085 0.000000 0.000000    -0.000003     1.562991 
2461701.652727 0.000000 0.000000    -0.000003     1.562991 
2461703.337369 0.000000 0.000000    -0.000002     1.562991 
2461705.022011 0.000000 0.000000    -0.000001     1.562991 
2461706.706653 0.000000 0.000000    -0.000000     1.562991 
2461708.391295 0.000000 0.000000     0.000001     1.562991 
2461710.075937 0.000000 0.000000     0.000001     1.562991 
2461711.760579 0.000000 0.000000     0.000001     1.562991 
2461713.445221 0.000000 0.000000     0.000001     1.562991 
2461715.129863 0.000000 0.000000     0.000001     1.562991 
2461716.814505 0.000000 0.000000     0.000000     1.562991 
2461718.499147 0.000000 0.000000    -0.000000     1.562991 
2461720.183789 0.000000 0.000000    -0.000001     1.562991 
2461721.868431 0.000000 0.000000    -0.000001     1.562991 
2461723.553073 0.000000 0.000000    -0.000001     1.562991 
2461725.237715 0.000000 0.000000    -0.000000     1.562991 
2461726.922357 0.000000 0.000000    -0.000000     1.562991 
2461728.606999 0.000000 0.000000     0.000000     1.562991 
2461730.291641 0.000000 0.000000     0.000001     1.562991 
2461731.976283 0.000000 0.000000     0.000001     1.562991 
2461733.660925 0.000000 0.000000     0.000001     1.562991 
2461735.345567 0.000000 0.000000     0.000001     1.562991 
2461737.030209 0.000000 0.000000     0.000000     1.562991 
2461738.714851 0.000000 0.000000    -0.000000     1.562991 
2461740.399493 0.000000 0.000000    -0.000001     1.562991 
2461742.084134 0.000000 0.000000    -0.000001     1.562991 
2461743.768776 0.000000 0.000000    -0.000001     1.562991 
2461745.453418 0.000000 0.000000    -0.000001     1.562991 
2461747.138060 0.000000 0.000000    -0.000001     1.562991 
2461748.822702 0.000000 0.000000     0.000000     1.562991 
2461750.507344 0.000000 0.000000     0.000001     1.562991 
2461752.191986 0.000000 0.000000     0.000001     1.562991 
2461753.876628 0.000000 0.000000     0.000001     1.562991 
2461755.561270 0.000000 0.000000     0.000001     1.562991 
2461757.245912 0.000000 0.000000     0.000001     1.562991 
2461758.930554 0.000000 0.000000    -0.000000     1.562991 
2461760.615196 0.000000 0.000000    -0.000001     1.562991 
2461762.299838 0.000000 0.000000    -0.000001     1.562991 
2461763.984480 0.000000 0.000000    -0.000002     1.562991 
2461765.669122 0.000000 0.000000    -0.000002     1.562991 
2461767.353764 0.000000 0.000000    -0.000001     1.562991 
2461769.038406 0.000000 0.000000    -0.000001     1.562991 
2461770.723048 0.000000 0.000000     0.000000     1.562991 
2461772.407690 0.000000 0.000000     0.000001     1.562991 
2461774.092332 0.000000 0.000000     0.000001     1.562991 
2461775.776974 0.000000 0.000000     0.000001     1.562991 
2461777.461616 0.000000 0.000000     0.000001     1.562991 
2461779.146258 0.000000 0.000000     0.000001     1.562991 
2461780.830900 0.000000 0.000000     0.000000     1.562991 
2461782.515542 0.000000 0.000000    -0.000000     1.562991 
2461784.200184 0.000000 0.000000    -0.000001     1.562991 
2461785.884826 0.000000 0.000000    -0.000001     1.562991 
2461787.569467 0.000000 0.000000    -0.000001     1.562991 
2461789.254109 0.000000 0.000000    -0.000000     1.562991 
2461790.938751 0.000000 0.000000     0.000000     1.562991 
2461792.623393 0.000000 0.000000     0.000000     1.562991 
2461794.308035 0.000000 0.000000     0.000001     1.562991 
2461795.992677 0.000000 0.000000     0.000001     1.562991 
2461797.677319 0.000000 0.000000     0.000001     1.562991 
2461799.361961 0.000000 0.000000     0.000000     1.562991 
2461801.046603 0.000000 0.000000     0.000000     1.562991 
2461802.731245 0.000000 0.000000    -0.000000     1.562991 
2461804.415887 0.000000 0.000000    -0.000001     1.562991 
2461806.100529 0.000000 0.000000    -0.000001     1.562991 
2461807.785171 0.000000 0.000000    -0.000001     1.562991 
2461809.469813 0.000000 0.000000    -0.000001     1.562991 
2461811.154455 0.000000 0.000000    -0.000001     1.562991 
2461812.839097 0.000000 0.000000     0.000000     1.562991 
2461814.523739 0.000000 0.000000     0.000001     1.562991 
2461816.208381 0.000000 0.000000     0.000001     1.562991 
2461817.893023 0.000000 0.000000     0.000001     1.562991 
2461819.577665 0.000000 0.000000     0.000001     1.562991 
2461821.262307 0.000000 0.000000     0.000001     1.562991 
2461822.946949 0.000000 0.000000    -0.000000     1.562991 
2461824.631591 0.000000 0.000000    -0.000001     1.562991 
2461826.316233 0.000000 0.000000    -0.000001     1.562991 
2461828.000875 0.000000 0.000000    -0.000001     1.562991 
2461829.685517 0.000000 0.000000    -0.000001     1.562991 
2461831.370158 0.000000 0.000000    -0.000001     1.562991 
2461833.054800 0.000000 0.000000    -0.000000     1.562991 
2461834.739442 0.000000 0.000000     0.000000     1.562991 
2461836.424084 0.000000 0.000000     0.000000     1.562991 
2461838.108726 0.000000 0.000000     0.000001     1.562991 
2461839.793368 0.000000 0.000000     0.000001     1.562991 
2461841.478010 0.000000 0.000000     0.000001     1.562991 
2461843.162652 0.000000 0.000000     0.000001     1.562991 
2461844.847294 0.000000 0.000000     0.000000     1.562991 
2461846.531936 0.000000 0.000000    -0.000000     1.562991 
2461848.216578 0.000000 0.000000    -0.000000     1.562991 
2461849.901220 0.000000 0.000000    -0.000001     1.562991 
2461851.585862 0.000000 0.000000    -0.000001     1.562991 
2461853.270504 0.000000 0.000000    -0.000000     1.562991 
2461854.955146 0.000000 0.000000    -0.000000     1.562991 
2461856.639788 0.000000 0.000000    -0.000000     1.562991 
2461858.324430 0.000000 0.000000    -0.000000     1.562991 
2461860.009072 0.000000 0.000000     0.000000     1.562991 
2461861.693714 0.000000 0.000000    -0.000000     1.562991 
2461863.378356 0.000000 0.000000    -0.000000     1.562991 
2461865.062998 0.000000 0.000000    -0.000001     1.562991 
2461866.747640 0.000000 0.000000    -0.000001     1.562991 
2461868.432282 0.000000 0.000000    -0.000001     1.562991 
2461870.116924 0.000000 0.000000    -0.000001     1.562991 
2461871.801566 0.000000 0.000000    -0.000001     1.562991 
2461873.486208 0.000000 0.000000    -0.000001     1.562991 
2461875.170850 0.000000 0.000000    -0.000001     1.562991 
2461876.855491 0.000000 0.000000    -0.000000     1.562991 
2461878.540133 0.000000 0.000000     0.000000     1.562991 
2461880.224775 0.000000 0.000000     0.000000     1.562991 
2461881.909417 0.000000 0.000000     0.000000     1.562991 
2461883.594059 0.000000 0.000000     0.000000     1.562991 
2461885.278701 0.000000 0.000000     0.000000     1.562991 
2461886.963343 0.000000 0.000000    -0.000000     1.562991 
2461888.647985 0.000000 0.000000    -0.000001     1.562991 
2461890.332627 0.000000 0.000000    -0.000001     1.562991 
2461892.017269 0.000000 0.000000    -0.000001     1.562991 
2461893.701911 0.000000 0.000000    -0.000001     1.562991 
2461895.386553 0.000000 0.000000    -0.000001     1.562991 
2461897.071195 0.000000 0.000000    -0.000000     1.562991 
2461898.755837 0.000000 0.000000    -0.000000     1.562991 
2461900.440479 0.000000 0.000000     0.000000     1.562991 
2461902.125121 0.000000 0.000000     0.000000     1.562991 
2461903.809763 0.000000 0.000000     0.000000     1.562991 
2461905.494405 0.000000 0.000000     0.000000     1.562991 
2461907.179047 0.000000 0.000000     0.000000     1.562991 
2461908.863689 0.000000 0.000000     0.000000     1.562991 
2461910.548331 0.000000 0.000000    -0.000000     1.562991 
2461912.232973 0.000000 0.000000    -0.000000     1.562991 
2461913.917615 0.000000 0.000000    -0.000000     1.562991 
2461915.602257 0.000000 0.000000    -0.000000     1.562991 
2461917.286899 0.000000 0.000000    -0.000000     1.562991 
2461918.971541 0.000000 0.000000    -0.000000     1.562991 
2461920.656182 0.000000 0.000000    -0.000000     1.562991 
2461922.340824 0.000000 0.000000    -0.000000     1.562991 
2461924.025466 0.000000 0.000000    -0.000001     1.562991 
2461925.710108 0.000000 0.000000    -0.000001     1.562991 
2461927.394750 0.000000 0.000000    -0.000001     1.562991 
2461929.079392 0.000000 0.000000    -0.000001     1.562991 
2461930.764034 0.000000 0.000000    -0.000001     1.562991 
2461932.448676 0.000000 0.000000    -0.000001     1.562991 
2461934.133318 0.000000 0.000000    -0.000001     1.562991 
2461935.817960 0.000000 0.000000    -0.000001     1.562991 
2461937.502602 0.000000 0.000000    -0.000001     1.562991 
2461939.187244 0.000000 0.000000    -0.000001     1.562991 
2461940.871886 0.000000 0.000000    -0.000000     1.562991 
2461942.556528 0.000000 0.000000    -0.000000     1.562991 
2461944.241170 0.000000 0.000000     0.000000     1.562991 
2461945.925812 0.000000 0.000000    -0.000000     1.562991 
2461947.610454 0.000000 0.000000    -0.000000     1.562991 
2461949.295096 0.000000 0.000000    -0.000000     1.562991 
2461950.979738 0.000000 0.000000    -0.000001     1.562991 
2461952.664380 0.000000 0.000000    -0.000001     1.562991 
2461954.349022 0.000000 0.000000    -0.000001     1.562991 
2461956.033664 0.000000 0.000000    -0.000001     1.562991 
2461957.718306 0.000000 0.000000    -0.000001     1.562991 
2461959.402948 0.000000 0.000000    -0.000000     1.562991 
2461961.087590 0.000000 0.000000    -0.000000     1.562991 
2461962.772232 0.000000 0.000000    -0.000000     1.562991 
2461964.456874 0.000000 0.000000     0.000000     1.562991 
2461966.141515 0.000000 0.000000     0.000000     1.562991 
2461967.826157 0.000000 0.000000     0.000000     1.562991 
2461969.510799 0.000000 0.000000     0.000000     1.562991 
2461971.195441 0.000000 0.000000     0.000000     1.562991 
2461972.880083 0.000000 0.000000    -0.000000     1.562991 
2461974.564725 0.000000 0.000000    -0.000000     1.562991 
2461976.249367 0.000000 0.000000    -0.000000     1.562991 
2461977.934009 0.000000 0.000000    -0.000000     1.562991 
2461979.618651 0.000000 0.000000    -0.000000     1.562991 
2461981.303293 0.000000 0.000000    -0.000000     1.562991 
2461982.987935 0.000000 0.000000    -0.000000     1.562991 
2461984.672577 0.000000 0.000000    -0.000000     1.562991 
2461986.357219 0.000000 0.000000    -0.000001     1.562991 
2461988.041861 0.000000 0.000000    -0.000001     1.562991 
2461989.726503 0.000000 0.000000    -0.000001     1.562991 
2461991.411145 0.000000 0.000000    -0.000001     1.562991 
2461993.095787 0.000000 0.000000    -0.000001     1.562991 
2461994.780429 0.000000 0.000000    -0.000001     1.562991 
2461996.465071 0.000000 0.000000    -0.000001     1.562991 
2461998.149713 0.000000 0.000000    -0.000001     1.562991 
2461999.834355 0.000000 0.000000    -0.000001     1.562991 
2462001.518997 0.000000 0.000000    -0.000001     1.562991 
2462003.203639 0.000000 0.000000    -0.000000     1.562991 
2462004.888281 0.000000 0.000000    -0.000000     1.562991 
2462006.572923 0.000000 0.000000    -0.000000     1.562991 
2462008.257565 0.000000 0.000000    -0.000000     1.562991 
2462009.942207 0.000000 0.000000    -0.000000     1.562991 
2462011.626848 0.000000 0.000000    -0.000000     1.562991 
2462013.311490 0.000000 0.000000    -0.000000     1.562991 
2462014.996132 0.000000 0.000000    -0.000000     1.562991 
2462016.680774 0.000000 0.000000    -0.000001     1.562991 
2462018.365416 0.000000 0.000000    -0.000001     1.562991 
2462020.050058 0.000000 0.000000    -0.000001     1.562991 
2462021.734700 0.000000 0.000000    -0.000000     1.562991 
2462023.419342 0.000000 0.000000    -0.000000     1.562991 
2462025.103984 0.000000 0.000000    -0.000000     1.562991 
2462026.788626 0.000000 0.000000    -0.000000     1.562991 
2462028.473268 0.000000 0.000000     0.000000     1.562991 
2462030.157910 0.000000 0.000000     0.000000     1.562991 
2462031.842552 0.000000 0.000000     0.000000     1.562991 
2462033.527194 0.000000 0.000000     0.000000     1.562991 
2462035.211836 0.000000 0.000000    -0.000000     1.562991 
2462036.896478 0.000000 0.000000    -0.000000     1.562991 
2462038.581120 0.000000 0.000000    -0.000000     1.562991 
2462040.265762 0.000000 0.000000    -0.000000     1.562991 
2462041.950404 0.000000 0.000000    -0.000000     1.562991 
2462043.635046 0.000000 0.000000    -0.000000     1.562991 
2462045.319688 0.000000 0.000000    -0.000000     1.562991 
2462047.004330 0.000000 0.000000    -0.000000     1.562991 
2462048.688972 0.000000 0.000000    -0.000000     1.562991 
2462050.373614 0.000000 0.000000    -0.000000     1.562991 
2462052.058256 0.000000 0.000000    -0.000000     1.562991 
2462053.742898 0.000000 0.000000    -0.000000     1.562991 
2462055.427539 0.000000 0.000000    -0.000000     1.562991 
2462057.112181 0.000000 0.000000    -0.000000     1.562991 
2462058.796823 0.000000 0.000000    -0.000000     1.562991 
2462060.481465 0.000000 0.000000    -0.000000     1.562991 
2462062.166107 0.000000 0.000000    -0.000000     1.562991 
2462063.850749 0.000000 0.000000    -0.000000     1.562991 
2462065.535391 0.000000 0.000000    -0.000000     1.562991 
2462067.220033 0.000000 0.000000    -0.000000     1.562991 
2462068.904675 0.000000 0.000000    -0.000000     1.562991 
2462070.589317 0.000000 0.000000    -0.000000     1.562991 
2462072.273959 0.000000 0.000000    -0.000000     1.562991 
2462073.958601 0.000000 0.000000    -0.000000     1.562991 
2462075.643243 0.000000 0.000000    -0.000000     1.562991 
2462077.327885 0.000000 0.000000    -0.000000     1.562991 
2462079.012527 0.000000 0.000000    -0.000000     1.562991 
2462080.697169 0.000000 0.000000    -0.000000     1.562991 
2462082.381811 0.000000 0.000000    -0.000000     1.562991 
2462084.066453 0.000000 0.000000    -0.000000     1.562991 
2462085.751095 0.000000 0.000000    -0.000000     1.562991 
2462087.435737 0.000000 0.000000    -0.000000     1.562991 
2462089.120379 0.000000 0.000000    -0.000000     1.562991 
2462090.805021 0.000000 0.000000    -0.000000     1.562991 
2462092.489663 0.000000 0.000000    -0.000000     1.562991 
2462094.174305 0.000000 0.000000     0.000000     1.562991 
2462095.858947 0.000000 0.000000     0.000000     1.562991 
2462097.543589 0.000000 0.000000    -0.000000     1.562991 
2462099.228231 0.000000 0.000000    -0.000000     1.562991 
2462100.912872 0.000000 0.000000    -0.000000     1.562991 
2462102.597514 0.000000 0.000000    -0.000000     1.562991 
2462104.282156 0.000000 0.000000    -0.000000     1.562991 
2462105.966798 0.000000 0.000000    -0.000000     1.562991 
2462107.651440 0.000000 0.000000    -0.000000     1.562991 
2462109.336082 0.000000 0.000000    -0.000000     1.562991 
2462111.020724 0.000000 0.000000    -0.000000     1.562991 
2462112.705366 0.000000 0.000000    -0.000000     1.562991 
2462114.390008 0.000000 0.000000    -0.000000     1.562991 
2462116.074650 0.000000 0.000000    -0.000000     1.562991 
2462117.759292 0.000000 0.000000    -0.000000     1.562991 
2462119.443934 0.000000 0.000000    -0.000000     1.562991 
2462121.128576 0.000000 0.000000    -0.000000     1.562991 
2462122.813218 0.000000 0.000000    -0.000000     1.562991 
2462124.497860 0.000000 0.000000    -0.000000     1.562991 
2462126.182502 0.000000 0.000000    -0.000000     1.562991 
2462127.867144 0.000000 0.000000    -0.000000     1.562991 
2462129.551786 0.000000 0.000000    -0.000000     1.562991 
2462131.236428 0.000000 0.000000    -0.000000     1.562991 
2462132.921070 0.000000 0.000000    -0.000000     1.562991 
2462134.605712 0.000000 0.000000    -0.000000     1.562991 
2462136.290354 0.000000 0.000000    -0.000000     1.562991 
2462137.974996 0.000000 0.000000    -0.000000     1.562991 
2462139.659638 0.000000 0.000000    -0.000000     1.562991 
2462141.344280 0.000000 0.000000    -0.000000     1.562991 
2462143.028922 0.000000 0.000000    -0.000000     1.562991 
2462144.713563 0.000000 0.000000    -0.000000     1.562991 
2462146.398205 0.000000 0.000000    -0.000000     1.562991 
2462148.082847 0.000000 0.000000    -0.000000     1.562991 
2462149.767489 0.000000 0.000000    -0.000000     1.562991 
2462151.452131 0.000000 0.000000    -0.000000     1.562991 
2462153.136773 0.000000 0.000000    -0.000000     1.562991 
2462154.821415 0.000000 0.000000    -0.000000     1.562991 
2462156.506057 0.000000 0.000000    -0.000000     1.562991 
2462158.190699 0.000000 0.000000    -0.000000     1.562991 
2462159.875341 0.000000 0.000000     0.000000     1.562991 
2462161.559983 0.000000 0.000000    -0.000000     1.562991 
2462163.244625 0.000000 0.000000    -0.000000     1.562991 
2462164.929267 0.000000 0.000000    -0.000000     1.562991 
2462166.613909 0.000000 0.000000    -0.000000     1.562991 
2462168.298551 0.000000 0.000000    -0.000000     1.562991 
2462169.983193 0.000000 0.000000    -0.000000     1.562991 
2462171.667835 0.000000 0.000000    -0.000000     1.562991 
2462173.352477 0.000000 0.000000    -0.000000     1.562991 
2462175.037119 0.000000 0.000000    -0.000000     1.562991 
2462176.721761 0.000000 0.000000    -0.000000     1.562991 
2462178.406403 0.000000 0.000000    -0.000000     1.562991 
2462180.091045 0.000000 0.000000    -0.000000     1.562991 
2462181.775687 0.000000 0.000000    -0.000000     1.562991 
2462183.460329 0.000000 0.000000    -0.000000     1.562991 
2462185.144971 0.000000 0.000000    -0.000000     1.562991 
2462186.829613 0.000000 0.000000    -0.000000     1.562991 
2462188.514255 0.000000 0.000000    -0.000000     1.562991 
2462190.198896 0.000000 0.000000    -0.000000     1.562991 
2462191.883538 0.000000 0.000000    -0.000000     1.562991 
2462193.568180 0.000000 0.000000    -0.000000     1.562991 
2462195.252822 0.000000 0.000000    -0.000000     1.562991 
2462196.937464 0.000000 0.000000    -0.000000     1.562991 
2462198.622106 0.000000 0.000000    -0.000000     1.562991 
2462200.306748 0.000000 0.000000    -0.000000     1.562991 
2462201.991390 0.000000 0.000000    -0.000000     1.562991 
2462203.676032 0.000000 0.000000    -0.000000     1.562991 
2462205.360674 0.000000 0.000000    -0.000000     1.562991 
2462207.045316 0.000000 0.000000    -0.000000     1.562991 
2462208.729958 0.000000 0.000000    -0.000000     1.562991 
2462210.414600 0.000000 0.000000    -0.000000     1.562991 
2462212.099242 0.000000 0.000000    -0.000000     1.562991 
2462213.783884 0.000000 0.000000    -0.000000     1.562991 
2462215.468526 0.000000 0.000000    -0.000000     1.562991 
2462217.153168 0.000000 0.000000    -0.000000     1.562991 
2462218.837810 0.000000 0.000000    -0.000000     1.562991 
2462220.522452 0.000000 0.000000    -0.000000     1.562991 
2462222.207094 0.000000 0.000000     0.000000     1.562991 
2462223.891736 0.000000 0.000000     0.000000     1.562991 
2462225.576378 0.000000 0.000000     0.000000     1.562991 
2462227.261020 0.000000 0.000000     0.000000     1.562991 
2462228.945662 0.000000 0.000000     0.000000     1.562991 
2462230.630304 0.000000 0.000000     0.000000     1.562991 
2462232.314946 0.000000 0.000000    -0.000000     1.562991 
2462233.999588 0.000000 0.000000    -0.000000     1.562991 
2462235.684229 0.000000 0.000000    -0.000000     1.562991 
2462237.368871 0.000000 0.000000    -0.000000     1.562991 
2462239.053513 0.000000 0.000000    -0.000000     1.562991 
2462240.738155 0.000000 0.000000    -0.000000     1.562991 
2462242.422797 0.000000 0.000000    -0.000000     1.562991 
2462244.107439 0.000000 0.000000    -0.000000     1.562991 
2462245.792081 0.000000 0.000000    -0.000000     1.562991 
2462247.476723 0.000000 0.000000    -0.000000     1.562991 
2462249.161365 0.000000 0.000000    -0.000000     1.562991 
2462250.846007 0.000000 0.000000    -0.000000     1.562991 
2462252.530649 0.000000 0.000000    -0.000000     1.562991 
2462254.215291 0.000000 0.000000    -0.000000     1.562991 
2462255.899933 0.000000 0.000000    -0.000000     1.562991 
2462257.584575 0.000000 0.000000    -0.000000     1.562991 
2462259.269217 0.000000 0.000000    -0.000000     1.562991 
2462260.953859 0.000000 0.000000    -0.000000     1.562991 
2462262.638501 0.000000 0.000000    -0.000000     1.562991 
2462264.323143 0.000000 0.000000    -0.000000     1.562991 
2462266.007785 0.000000 0.000000     0.000000     1.562991 
2462267.692427 0.000000 0.000000     0.000000     1.562991 
2462269.377069 0.000000 0.000000    -0.000000     1.562991 
2462271.061711 0.000000 0.000000    -0.000000     1.562991 
2462272.746353 0.000000 0.000000    -0.000000     1.562991 
2462274.430995 0.000000 0.000000    -0.000000     1.562991 
2462276.115637 0.000000 0.000000    -0.000000     1.562991 
2462277.800279 0.000000 0.000000    -0.000000     1.562991 
2462279.484920 0.000000 0.000000    -0.000000     1.562991 
2462281.169562 0.000000 0.000000    -0.000000     1.562991 
2462282.854204 0.000000 0.000000    -0.000000     1.562991 
2462284.538846 0.000000 0.000000     0.000000     1.562991 
2462286.223488 0.000000 0.000000     0.000000     1.562991 
2462287.908130 0.000000 0.000000     0.000000     1.562991 
2462289.592772 0.000000 0.000000     0.000000     1.562991 
2462291.277414 0.000000 0.000000     0.000000     1.562991 
2462292.962056 0.000000 0.000000     0.000000     1.562991 
2462294.646698 0.000000 0.000000     0.000000     1.562991 
2462296.331340 0.000000 0.000000    -0.000000     1.562991 
2462298.015982 0.000000 0.000000    -0.000000     1.562991 
2462299.700624 0.000000 0.000000    -0.000000     1.562991 
2462301.385266 0.000000 0.000000    -0.000000     1.562991 
2462303.069908 0.000000 0.000000    -0.000000     1.562991 
2462304.754550 0.000000 0.000000     0.000000     1.562991 
2462306.439192 0.000000 0.000000     0.000000     1.562991 
2462308.123834 0.000000 0.000000     0.000000     1.562991 
2462309.808476 0.000000 0.000000     0.000000     1.562991 
2462311.493118 0.000000 0.000000     0.000000     1.562991 
2462313.177760 0.000000 0.000000     0.000000     1.562991 
2462314.862402 0.000000 0.000000     0.000000     1.562991 
2462316.547044 0.000000 0.000000    -0.000000     1.562991 
2462318.231686 0.000000 0.000000    -0.000000     1.562991 
2462319.916328 0.000000 0.000000    -0.000000     1.562991 
2462321.600970 0.000000 0.000000    -0.000000     1.562991 
2462323.285612 0.000000 0.000000    -0.000000     1.562991 
2462324.970253 0.000000 0.000000    -0.000000     1.562991 
2462326.654895 0.000000 0.000000     0.000000     1.562991 
2462328.339537 0.000000 0.000000     0.000000     1.562991 
2462330.024179 0.000000 0.000000     0.000000     1.562991 
2462331.708821 0.000000 0.000000     0.000000     1.562991 
2462333.393463 0.000000 0.000000     0.000000     1.562991 
2462335.078105 0.000000 0.000000     0.000000     1.562991 
2462336.762747 0.000000 0.000000    -0.000000     1.562991 
2462338.447389 0.000000 0.000000    -0.000000     1.562991 
2462340.132031 0.000000 0.000000    -0.000000     1.562991 
2462341.816673 0.000000 0.000000    -0.000000     1.562991 
2462343.501315 0.000000 0.000000    -0.000000     1.562991 
2462345.185957 0.000000 0.000000    -0.000000     1.562991 
2462346.870599 0.000000 0.000000    -0.000000     1.562991 
2462348.555241 0.000000 0.000000     0.000000     1.562991 
2462350.239883 0.000000 0.000000     0.000000     1.562991 
2462351.924525 0.000000 0.000000     0.000000     1.562991 
2462353.609167 0.000000 0.000000     0.000000     1.562991 
2462355.293809 0.000000 0.000000     0.000000     1.562991 
2462356.978451 0.000000 0.000000     0.000000     1.562991 
2462358.663093 0.000000 0.000000     0.000000     1.562991 
2462360.347735 0.000000 0.000000    -0.000000     1.562991 
2462362.032377 0.000000 0.000000    -0.000000     1.562991 
2462363.717019 0.000000 0.000000    -0.000000     1.562991 
2462365.401661 0.000000 0.000000    -0.000000     1.562991 
2462367.086303 0.000000 0.000000    -0.000000     1.562991 
2462368.770944 0.000000 0.000000    -0.000000     1.562991 
2462370.455586 0.000000 0.000000     0.000000     1.562991 
2462372.140228 0.000000 0.000000     0.000000     1.562991 
2462373.824870 0.000000 0.000000     0.000000     1.562991 
2462375.509512 0.000000 0.000000     0.000000     1.562991 
2462377.194154 0.000000 0.000000     0.000000     1.562991 
2462378.878796 0.000000 0.000000    -0.000000     1.562991 
2462380.563438 0.000000 0.000000    -0.000000     1.562991 
2462382.248080 0.000000 0.000000    -0.000000     1.562991 
2462383.932722 0.000000 0.000000    -0.000000     1.562991 
2462385.617364 0.000000 0.000000    -0.000000     1.562991 
2462387.302006 0.000000 0.000000    -0.000000     1.562991 
2462388.986648 0.000000 0.000000    -0.000000     1.562991 
2462390.671290 0.000000 0.000000     0.000000     1.562991 
2462392.355932 0.000000 0.000000     0.000000     1.562991 
2462394.040574 0.000000 0.000000     0.000000     1.562991 
2462395.725216 0.000000 0.000000     0.000000     1.562991 
2462397.409858 0.000000 0.000000     0.000000     1.562991 
2462399.094500 0.000000 0.000000     0.000000     1.562991 
2462400.779142 0.000000 0.000000    -0.000000     1.562991 
2462402.463784 0.000000 0.000000    -0.000000     1.562991 
2462404.148426 0.000000 0.000000    -0.000000     1.562991 
2462405.833068 0.000000 0.000000    -0.000000     1.562991 
2462407.517710 0.000000 0.000000    -0.000000     1.562991 
2462409.202352 0.000000 0.000000    -0.000000     1.562991 
2462410.886994 0.000000 0.000000    -0.000000     1.562991 
2462412.571636 0.000000 0.000000     0.000000     1.562991 
2462414.256277 0.000000 0.000000     0.000000     1.562991 
2462415.940919 0.000000 0.000000     0.000000     1.562991 
2462417.625561 0.000000 0.000000     0.000000     1.562991 
2462419.310203 0.000000 0.000000     0.000000     1.562991 
2462420.994845 0.000000 0.000000     0.000000     1.562991 
2462422.679487 0.000000 0.000000     0.000000     1.562991 
2462424.364129 0.000000 0.000000    -0.000000     1.562991 
2462426.048771 0.000000 0.000000    -0.000000     1.562991 
2462427.733413 0.000000 0.000000    -0.000000     1.562991 
2462429.418055 0.000000 0.000000    -0.000000     1.562991 
2462431.102697 0.000000 0.000000    -0.000000     1.562991 
2462432.787339 0.000000 0.000000    -0.000000     1.562991 
2462434.471981 0.000000 0.000000    -0.000000     1.562991 
2462436.156623 0.000000 0.000000    -0.000000     1.562991 
2462437.841265 0.000000 0.000000    -0.000000     1.562991 
2462439.525907 0.000000 0.000000    -0.000000     1.562991 
2462441.210549 0.000000 0.000000    -0.000000     1.562991 
2462442.895191 0.000000 0.000000    -0.000000     1.562991 
2462444.579833 0.000000 0.000000    -0.000000     1.562991 
2462446.264475 0.000000 0.000000    -0.000000     1.562991 
2462447.949117 0.000000 0.000000    -0.000000     1.562991 
2462449.633759 0.000000 0.000000    -0.000000     1.562991 
2462451.318401 0.000000 0.000000    -0.000000     1.562991 
2462453.003043 0.000000 0.000000    -0.000000     1.562991 
2462454.687685 0.000000 0.000000    -0.000000     1.562991 
2462456.372327 0.000000 0.000000     0.000000     1.562991 
2462458.056968 0.000000 0.000000     0.000000     1.562991 
2462459.741610 0.000000 0.000000     0.000000     1.562991 
2462461.426252 0.000000 0.000000     0.000000     1.562991 
2462463.110894 0.000000 0.000000    -0.000000     1.562991 
2462464.795536 0.000000 0.000000    -0.000000     1.562991 
2462466.480178 0.000000 0.000000    -0.000000     1.562991 
2462468.164820 0.000000 0.000000    -0.000000     1.562991 
2462469.849462 0.000000 0.000000    -0.000000     1.562991 
2462471.534104 0.000000 0.000000    -0.000000     1.562991 
2462473.218746 0.000000 0.000000    -0.000000     1.562991 
2462474.903388 0.000000 0.000000    -0.000000     1.562991 
2462476.588030 0.000000 0.000000     0.000000     1.562991 
2462478.272672 0.000000 0.000000     0.000000     1.562991 
2462479.957314 0.000000 0.000000     0.000000     1.562991 
2462481.641956 0.000000 0.000000     0.000000     1.562991 
2462483.326598 0.000000 0.000000     0.000000     1.562991 
2462485.011240 0.000000 0.000000     0.000000     1.562991 
2462486.695882 0.000000 0.000000     0.000000     1.562991 
2462488.380524 0.000000 0.000000    -0.000000     1.562991 
2462490.065166 0.000000 0.000000    -0.000000     1.562991 
2462491.749808 0.000000 0.000000    -0.000000     1.562991 
2462493.434450 0.000000 0.000000    -0.000000     1.562991 
2462495.119092 0.000000 0.000000    -0.000000     1.562991 
2462496.803734 0.000000 0.000000    -0.000000     1.562991 
2462498.488376 0.000000 0.000000    -0.000000     1.562991 
2462500.173018 0.000000 0.000000    -0.000000     1.562991 
2462501.857660 0.000000 0.000000    -0.000000     1.562991 
2462503.542301 0.000000 0.000000    -0.000000     1.562991 
2462505.226943 0.000000 0.000000    -0.000000     1.562991 
2462506.911585 0.000000 0.000000    -0.000000     1.562991 
2462508.596227 0.000000 0.000000    -0.000000     1.562991 
2462510.280869 0.000000 0.000000    -0.000000     1.562991 
2462511.965511 0.000000 0.000000    -0.000000     1.562991 
2462513.650153 0.000000 0.000000    -0.000000     1.562991 
2462515.334795 0.000000 0.000000    -0.000000     1.562991 
2462517.019437 0.000000 0.000000    -0.000000     1.562991 
2462518.704079 0.000000 0.000000    -0.000000     1.562991 
2462520.388721 0.000000 0.000000    -0.000000     1.562991 
2462522.073363 0.000000 0.000000    -0.000000     1.562991 
2462523.758005 0.000000 0.000000    -0.000000     1.562991 
2462525.442647 0.000000 0.000000    -0.000000     1.562991 
2462527.127289 0.000000 0.000000    -0.000000     1.562991 
2462528.811931 0.000000 0.000000    -0.000000     1.562991 
2462530.496573 0.000000 0.000000    -0.000000     1.562991 
2462532.181215 0.000000 0.000000    -0.000000     1.562991 
2462533.865857 0.000000 0.000000    -0.000000     1.562991 
2462535.550499 0.000000 0.000000    -0.000000     1.562991 
2462537.235141 0.000000 0.000000    -0.000000     1.562991 
2462538.919783 0.000000 0.000000    -0.000000     1.562991 
2462540.604425 0.000000 0.000000    -0.000000     1.562991 
2462542.289067 0.000000 0.000000     0.000000     1.562991 
2462543.973709 0.000000 0.000000     0.000000     1.562991 
2462545.658351 0.000000 0.000000     0.000000     1.562991 
2462547.342993 0.000000 0.000000     0.000000     1.562991 
2462549.027634 0.000000 0.000000     0.000000     1.562991 
2462550.712276 0.000000 0.000000    -0.000000     1.562991 
2462552.396918 0.000000 0.000000    -0.000000     1.562991 
2462554.081560 0.000000 0.000000    -0.000000     1.562991 
2462555.766202 0.000000 0.000000    -0.000000     1.562991 
2462557.450844 0.000000 0.000000    -0.000000     1.562991 
2462559.135486 0.000000 0.000000    -0.000000     1.562991 
2462560.820128 0.000000 0.000000    -0.000000     1.562991 
2462562.504770 0.000000 0.000000    -0.000000     1.562991 
2462564.189412 0.000000 0.000000    -0.000000     1.562991 
2462565.874054 0.000000 0.000000    -0.000000     1.562991 
2462567.558696 0.000000 0.000000    -0.000000     1.562991 
2462569.243338 0.000000 0.000000    -0.000000     1.562991 
2462570.927980 0.000000 0.000000    -0.000000     1.562991 
2462572.612622 0.000000 0.000000    -0.000000     1.562991 
2462574.297264 0.000000 0.000000    -0.000000     1.562991 
2462575.981906 0.000000 0.000000    -0.000000     1.562991 
