# time Tc_folded Tref_folded model model_err 
2455007.429878 0.000000 0.000000    -0.022757     1.065636 
2455009.144006 0.000000 0.000000    -0.022133     1.065636 
2455010.858134 0.000000 0.000000    -0.018684     1.065636 
2455012.572262 0.000000 0.000000    -0.012514     1.065636 
2455014.286390 0.000000 0.000000    -0.004602     1.065637 
2455016.000517 0.000000 0.000000     0.003337     1.065637 
2455017.714645 0.000000 0.000000     0.009314     1.065637 
2455019.428773 0.000000 0.000000     0.011708     1.065637 
2455021.142901 0.000000 0.000000     0.009838     1.065637 
2455022.857029 0.000000 0.000000     0.004244     1.065637 
2455024.571157 0.000000 0.000000    -0.003479     1.065638 
2455026.285285 0.000000 0.000000    -0.011211     1.065640 
2455027.999413 0.000000 0.000000    -0.017020     1.065641 
2455029.713541 0.000000 0.000000    -0.019749     1.065640 
2455031.427669 0.000000 0.000000    -0.019290     1.065639 
2455033.141797 0.000000 0.000000    -0.016454     1.065638 
2455034.855925 0.000000 0.000000    -0.012552     1.065638 
2455036.570053 0.000000 0.000000    -0.008874     1.065638 
2455038.284181 0.000000 0.000000    -0.006297     1.065637 
2455039.998308 0.000000 0.000000    -0.005119     1.065638 
2455041.712436 0.000000 0.000000    -0.005137     1.065638 
2455043.426564 0.000000 0.000000    -0.005874     1.065638 
2455045.140692 0.000000 0.000000    -0.006812     1.065638 
2455046.854820 0.000000 0.000000    -0.007574     1.065637 
2455048.568948 0.000000 0.000000    -0.007998     1.065638 
2455050.283076 0.000000 0.000000    -0.008149     1.065638 
2455051.997204 0.000000 0.000000    -0.008288     1.065638 
2455053.711332 0.000000 0.000000    -0.008808     1.065638 
2455055.425460 0.000000 0.000000    -0.010126     1.065638 
2455057.139588 0.000000 0.000000    -0.012517     1.065638 
2455058.853716 0.000000 0.000000    -0.015929     1.065638 
2455060.567844 0.000000 0.000000    -0.019848     1.065638 
2455062.281972 0.000000 0.000000    -0.023315     1.065638 
2455063.996099 0.000000 0.000000    -0.025140     1.065638 
2455065.710227 0.000000 0.000000    -0.024294     1.065638 
2455067.424355 0.000000 0.000000    -0.020330     1.065638 
2455069.138483 0.000000 0.000000    -0.013672     1.065638 
2455070.852611 0.000000 0.000000    -0.005610     1.065639 
2455072.566739 0.000000 0.000000     0.002022     1.065640 
2455074.280867 0.000000 0.000000     0.007410     1.065640 
2455075.994995 0.000000 0.000000     0.009332     1.065640 
2455077.709123 0.000000 0.000000     0.007541     1.065639 
2455079.423251 0.000000 0.000000     0.002809     1.065640 
2455081.137379 0.000000 0.000000    -0.003371     1.065641 
2455082.851507 0.000000 0.000000    -0.009297     1.065642 
2455084.565635 0.000000 0.000000    -0.013581     1.065642 
2455086.279763 0.000000 0.000000    -0.015510     1.065641 
2455087.993890 0.000000 0.000000    -0.015133     1.065639 
2455089.708018 0.000000 0.000000    -0.013115     1.065637 
2455091.422146 0.000000 0.000000    -0.010425     1.065636 
2455093.136274 0.000000 0.000000    -0.008002     1.065635 
2455094.850402 0.000000 0.000000    -0.006494     1.065635 
2455096.564530 0.000000 0.000000    -0.006131     1.065635 
2455098.278658 0.000000 0.000000    -0.006727     1.065635 
2455099.992786 0.000000 0.000000    -0.007808     1.065635 
2455101.706914 0.000000 0.000000    -0.008800     1.065635 
2455103.421042 0.000000 0.000000    -0.009243     1.065635 
2455105.135170 0.000000 0.000000    -0.008977     1.065635 
2455106.849298 0.000000 0.000000    -0.008215     1.065636 
2455108.563426 0.000000 0.000000    -0.007502     1.065636 
2455110.277554 0.000000 0.000000    -0.007527     1.065636 
2455111.991681 0.000000 0.000000    -0.008861     1.065635 
2455113.705809 0.000000 0.000000    -0.011704     1.065635 
2455115.419937 0.000000 0.000000    -0.015740     1.065635 
2455117.134065 0.000000 0.000000    -0.020164     1.065636 
2455118.848193 0.000000 0.000000    -0.023866     1.065636 
2455120.562321 0.000000 0.000000    -0.025725     1.065636 
2455122.276449 0.000000 0.000000    -0.024907     1.065636 
2455123.990577 0.000000 0.000000    -0.021091     1.065637 
2455125.704705 0.000000 0.000000    -0.014586     1.065638 
2455127.418833 0.000000 0.000000    -0.006334     1.065639 
2455129.132961 0.000000 0.000000     0.002193     1.065640 
2455130.847089 0.000000 0.000000     0.009209     1.065640 
2455132.561217 0.000000 0.000000     0.012933     1.065639 
2455134.275345 0.000000 0.000000     0.012015     1.065639 
2455135.989472 0.000000 0.000000     0.005981     1.065638 
2455137.703600 0.000000 0.000000    -0.004457     1.065635 
2455139.417728 0.000000 0.000000    -0.017377     1.065627 
2455141.131856 0.000000 0.000000    -0.030040     1.065613 
2455142.845984 0.000000 0.000000    -0.039628     1.065599 
2455144.560112 0.000000 0.000000    -0.044124     1.065588 
2455146.274240 0.000000 0.000000    -0.042978     1.065585 
2455147.988368 0.000000 0.000000    -0.037273     1.065585 
2455149.702496 0.000000 0.000000    -0.029268     1.065585 
2455151.416624 0.000000 0.000000    -0.021504     1.065584 
2455153.130752 0.000000 0.000000    -0.015837     1.065584 
2455154.844880 0.000000 0.000000    -0.012841     1.065584 
2455156.559008 0.000000 0.000000    -0.011843     1.065584 
2455158.273136 0.000000 0.000000    -0.011524     1.065584 
2455159.987263 0.000000 0.000000    -0.010776     1.065584 
2455161.701391 0.000000 0.000000    -0.009334     1.065584 
2455163.415519 0.000000 0.000000    -0.007889     1.065584 
2455165.129647 0.000000 0.000000    -0.007650     1.065584 
2455166.843775 0.000000 0.000000    -0.009629     1.065583 
2455168.557903 0.000000 0.000000    -0.014072     1.065583 
2455170.272031 0.000000 0.000000    -0.020327     1.065583 
2455171.986159 0.000000 0.000000    -0.027161     1.065584 
2455173.700287 0.000000 0.000000    -0.033262     1.065584 
2455175.414415 0.000000 0.000000    -0.037567     1.065583 
2455177.128543 0.000000 0.000000    -0.039239     1.065583 
2455178.842671 0.000000 0.000000    -0.037398     1.065584 
2455180.556799 0.000000 0.000000    -0.030984     1.065585 
2455182.270927 0.000000 0.000000    -0.019119     1.065586 
2455183.985054 0.000000 0.000000    -0.002003     1.065586 
2455185.699182 0.000000 0.000000     0.018048     1.065583 
2455187.413310 0.000000 0.000000     0.036150     1.065575 
2455189.127438 0.000000 0.000000     0.045604     1.065569 
2455190.841566 0.000000 0.000000     0.039958     1.065567 
2455192.555694 0.000000 0.000000     0.015742     1.065556 
2455194.269822 0.000000 0.000000    -0.025315     1.065498 
2455195.983950 0.000000 0.000000    -0.075799     1.065360 
2455197.698078 0.000000 0.000000    -0.124398     1.065163 
2455199.412206 0.000000 0.000000    -0.159505     1.064975 
2455201.126334 0.000000 0.000000    -0.173237     1.064861 
2455202.840462 0.000000 0.000000    -0.164146     1.064823 
2455204.554590 0.000000 0.000000    -0.137418     1.064813 
2455206.268718 0.000000 0.000000    -0.102488     1.064793 
2455207.982845 0.000000 0.000000    -0.069181     1.064771 
2455209.696973 0.000000 0.000000    -0.044168     1.064764 
2455211.411101 0.000000 0.000000    -0.029271     1.064769 
2455213.125229 0.000000 0.000000    -0.022190     1.064768 
2455214.839357 0.000000 0.000000    -0.018961     1.064759 
2455216.553485 0.000000 0.000000    -0.016672     1.064755 
2455218.267613 0.000000 0.000000    -0.014979     1.064762 
2455219.981741 0.000000 0.000000    -0.015774     1.064771 
2455221.695869 0.000000 0.000000    -0.021466     1.064774 
2455223.409997 0.000000 0.000000    -0.033089     1.064771 
2455225.124125 0.000000 0.000000    -0.049414     1.064766 
2455226.838253 0.000000 0.000000    -0.067483     1.064761 
2455228.552381 0.000000 0.000000    -0.084028     1.064759 
2455230.266509 0.000000 0.000000    -0.096649     1.064759 
2455231.980636 0.000000 0.000000    -0.103871     1.064762 
2455233.694764 0.000000 0.000000    -0.104111     1.064766 
2455235.408892 0.000000 0.000000    -0.094559     1.064771 
2455237.123020 0.000000 0.000000    -0.071334     1.064786 
2455238.837148 0.000000 0.000000    -0.031647     1.064813 
2455240.551276 0.000000 0.000000     0.022655     1.064835 
2455242.265404 0.000000 0.000000     0.082123     1.064823 
2455243.979532 0.000000 0.000000     0.129613     1.064773 
2455245.693660 0.000000 0.000000     0.144368     1.064733 
2455247.407788 0.000000 0.000000     0.109498     1.064726 
2455249.121916 0.000000 0.000000     0.019989     1.064604 
2455250.836044 0.000000 0.000000    -0.112553     1.064055 
2455252.550172 0.000000 0.000000    -0.261257     1.062881 
2455254.264300 0.000000 0.000000    -0.391720     1.061307 
2455255.978427 0.000000 0.000000    -0.473405     1.059900 
2455257.692555 0.000000 0.000000    -0.490060     1.059081 
2455259.406683 0.000000 0.000000    -0.444721     1.058775 
2455261.120811 0.000000 0.000000    -0.357239     1.058616 
2455262.834939 0.000000 0.000000    -0.255621     1.058420 
2455264.549067 0.000000 0.000000    -0.165275     1.058284 
2455266.263195 0.000000 0.000000    -0.100906     1.058302 
2455267.977323 0.000000 0.000000    -0.064262     1.058367 
2455269.691451 0.000000 0.000000    -0.047832     1.058341 
2455271.405579 0.000000 0.000000    -0.041742     1.058251 
2455273.119707 0.000000 0.000000    -0.039887     1.058224 
2455274.833835 0.000000 0.000000    -0.042289     1.058292 
2455276.547963 0.000000 0.000000    -0.053167     1.058373 
2455278.262091 0.000000 0.000000    -0.076634     1.058398 
2455279.976218 0.000000 0.000000    -0.113029     1.058368 
2455281.690346 0.000000 0.000000    -0.158025     1.058317 
2455283.404474 0.000000 0.000000    -0.204566     1.058274 
2455285.118602 0.000000 0.000000    -0.245748     1.058263 
2455286.832730 0.000000 0.000000    -0.276292     1.058287 
2455288.546858 0.000000 0.000000    -0.291519     1.058318 
2455290.260986 0.000000 0.000000    -0.284985     1.058341 
2455291.975114 0.000000 0.000000    -0.247534     1.058404 
2455293.689242 0.000000 0.000000    -0.170193     1.058576 
2455295.403370 0.000000 0.000000    -0.051033     1.058862 
2455297.117498 0.000000 0.000000     0.097016     1.059123 
2455298.831626 0.000000 0.000000     0.242396     1.059157 
2455300.545754 0.000000 0.000000     0.339432     1.058942 
2455302.259881 0.000000 0.000000     0.341786     1.058750 
2455303.974009 0.000000 0.000000     0.220686     1.058697 
2455305.688137 0.000000 0.000000    -0.019752     1.058014 
2455307.402265 0.000000 0.000000    -0.337837     1.055170 
2455309.116393 0.000000 0.000000    -0.663993     1.049349 
2455310.830521 0.000000 0.000000    -0.922303     1.041865 
2455312.544649 0.000000 0.000000    -1.055653     1.035524 
2455314.258777 0.000000 0.000000    -1.044219     1.032104 
2455315.972905 0.000000 0.000000    -0.909671     1.030872 
2455317.687033 0.000000 0.000000    -0.703847     1.030083 
2455319.401161 0.000000 0.000000    -0.487478     1.029202 
2455321.115289 0.000000 0.000000    -0.308610     1.028868 
2455322.829417 0.000000 0.000000    -0.189725     1.029267 
2455324.543545 0.000000 0.000000    -0.127666     1.029628 
2455326.257672 0.000000 0.000000    -0.104121     1.029381 
2455327.971800 0.000000 0.000000    -0.099775     1.028904 
2455329.685928 0.000000 0.000000    -0.104600     1.028810 
2455331.400056 0.000000 0.000000    -0.120031     1.029098 
2455333.114184 0.000000 0.000000    -0.153813     1.029364 
2455334.828312 0.000000 0.000000    -0.212096     1.029404 
2455336.542440 0.000000 0.000000    -0.294000     1.029281 
2455338.256568 0.000000 0.000000    -0.391215     1.029087 
2455339.970696 0.000000 0.000000    -0.491416     1.028925 
2455341.684824 0.000000 0.000000    -0.581792     1.028920 
2455343.398952 0.000000 0.000000    -0.649553     1.029052 
2455345.113080 0.000000 0.000000    -0.679434     1.029161 
2455346.827208 0.000000 0.000000    -0.651621     1.029245 
2455348.541336 0.000000 0.000000    -0.544723     1.029603 
2455350.255463 0.000000 0.000000    -0.345900     1.030551 
2455351.969591 0.000000 0.000000    -0.065187     1.032004 
2455353.683719 0.000000 0.000000     0.253562     1.033303 
2455355.397847 0.000000 0.000000     0.533728     1.033600 
2455357.111975 0.000000 0.000000     0.683405     1.032822 
2455358.826103 0.000000 0.000000     0.625842     1.032091 
2455360.540231 0.000000 0.000000     0.331678     1.032017 
2455362.254359 0.000000 0.000000    -0.161481     1.030008 
2455363.968487 0.000000 0.000000    -0.752877     1.020878 
2455365.682615 0.000000 0.000000    -1.307015     1.001897 
2455367.396743 0.000000 0.000000    -1.696898     0.977488 
2455369.110871 0.000000 0.000000    -1.845075     0.957435 
2455370.824999 0.000000 0.000000    -1.746019     0.947656 
2455372.539127 0.000000 0.000000    -1.461384     0.944575 
2455374.253254 0.000000 0.000000    -1.091612     0.942084 
2455375.967382 0.000000 0.000000    -0.737259     0.939547 
2455377.681510 0.000000 0.000000    -0.466742     0.939652 
2455379.395638 0.000000 0.000000    -0.302605     0.942004 
2455381.109766 0.000000 0.000000    -0.228698     0.943172 
2455382.823894 0.000000 0.000000    -0.210911     0.941833 
2455384.538022 0.000000 0.000000    -0.219247     0.940073 
2455386.252150 0.000000 0.000000    -0.240762     0.939767 
2455387.966278 0.000000 0.000000    -0.279611     0.940352 
2455389.680406 0.000000 0.000000    -0.347817     0.940657 
2455391.394534 0.000000 0.000000    -0.454284     0.940601 
2455393.108662 0.000000 0.000000    -0.598422     0.940436 
2455394.822790 0.000000 0.000000    -0.769971     0.940063 
2455396.536918 0.000000 0.000000    -0.951900     0.939659 
2455398.251045 0.000000 0.000000    -1.121857     0.939708 
2455399.965173 0.000000 0.000000    -1.250389     0.940097 
2455401.679301 0.000000 0.000000    -1.298878     0.940271 
2455403.393429 0.000000 0.000000    -1.223134     0.940462 
2455405.107557 0.000000 0.000000    -0.986975     0.941843 
2455406.821685 0.000000 0.000000    -0.583937     0.945268 
2455408.535813 0.000000 0.000000    -0.057956     0.950177 
2455410.249941 0.000000 0.000000     0.489878     0.954400 
2455411.964069 0.000000 0.000000     0.918103     0.955305 
2455413.678197 0.000000 0.000000     1.084850     0.952704 
2455415.392325 0.000000 0.000000     0.898531     0.950494 
2455417.106453 0.000000 0.000000     0.358801     0.951691 
2455418.820581 0.000000 0.000000    -0.431514     0.950143 
2455420.534709 0.000000 0.000000    -1.291995     0.932111 
2455422.248836 0.000000 0.000000    -2.020313     0.888639 
2455423.962964 0.000000 0.000000    -2.456994     0.827334 
2455425.677092 0.000000 0.000000    -2.533834     0.774481 
2455427.391220 0.000000 0.000000    -2.287523     0.751515 
2455429.105348 0.000000 0.000000    -1.835205     0.746300 
2455430.819476 0.000000 0.000000    -1.324857     0.739416 
2455432.533604 0.000000 0.000000    -0.882715     0.733671 
2455434.247732 0.000000 0.000000    -0.578715     0.739105 
2455435.961860 0.000000 0.000000    -0.420371     0.749576 
2455437.675988 0.000000 0.000000    -0.371631     0.752198 
2455439.390116 0.000000 0.000000    -0.383080     0.746113 
2455441.104244 0.000000 0.000000    -0.417764     0.740129 
2455442.818372 0.000000 0.000000    -0.462722     0.738520 
2455444.532500 0.000000 0.000000    -0.525652     0.737868 
2455446.246627 0.000000 0.000000    -0.623389     0.736448 
2455447.960755 0.000000 0.000000    -0.770525     0.736361 
2455449.674883 0.000000 0.000000    -0.972803     0.737499 
2455451.389011 0.000000 0.000000    -1.224461     0.737415 
2455453.103139 0.000000 0.000000    -1.505822     0.736358 
2455454.817267 0.000000 0.000000    -1.779105     0.736448 
2455456.531395 0.000000 0.000000    -1.985283     0.737196 
2455458.245523 0.000000 0.000000    -2.048650     0.736909 
2455459.959651 0.000000 0.000000    -1.894778     0.737131 
2455461.673779 0.000000 0.000000    -1.480788     0.741692 
2455463.387907 0.000000 0.000000    -0.827646     0.752309 
2455465.102035 0.000000 0.000000    -0.038039     0.766685 
2455466.816163 0.000000 0.000000     0.714612     0.778524 
2455468.530291 0.000000 0.000000     1.229654     0.780136 
2455470.244418 0.000000 0.000000     1.343532     0.770916 
2455471.958546 0.000000 0.000000     0.991003     0.764997 
2455473.672674 0.000000 0.000000     0.237057     0.777806 
2455475.386802 0.000000 0.000000    -0.736499     0.796905 
2455477.100930 0.000000 0.000000    -1.687306     0.790667 
2455478.815058 0.000000 0.000000    -2.390662     0.738236 
2455480.529186 0.000000 0.000000    -2.709222     0.642576 
2455482.243314 0.000000 0.000000    -2.627809     0.542259 
2455483.957442 0.000000 0.000000    -2.242497     0.499892 
2455485.671570 0.000000 0.000000    -1.712677     0.491887 
2455487.385698 0.000000 0.000000    -1.199022     0.467172 
2455489.099826 0.000000 0.000000    -0.813149     0.457430 
2455490.813954 0.000000 0.000000    -0.595915     0.494894 
2455492.528082 0.000000 0.000000    -0.526421     0.529213 
2455494.242209 0.000000 0.000000    -0.550590     0.529273 
2455495.956337 0.000000 0.000000    -0.612727     0.506721 
2455497.670465 0.000000 0.000000    -0.676855     0.488879 
2455499.384593 0.000000 0.000000    -0.733280     0.481101 
2455501.098721 0.000000 0.000000    -0.793923     0.470010 
2455502.812849 0.000000 0.000000    -0.883169     0.460048 
2455504.526977 0.000000 0.000000    -1.028821     0.464064 
2455506.241105 0.000000 0.000000    -1.253350     0.472741 
2455507.955233 0.000000 0.000000    -1.563256     0.472897 
2455509.669361 0.000000 0.000000    -1.936328     0.469610 
2455511.383489 0.000000 0.000000    -2.311658     0.471367 
2455513.097617 0.000000 0.000000    -2.591056     0.472739 
2455514.811745 0.000000 0.000000    -2.659144     0.468775 
2455516.525873 0.000000 0.000000    -2.421468     0.469581 
2455518.240000 0.000000 0.000000    -1.849054     0.487803 
2455519.954128 0.000000 0.000000    -1.009977     0.522328 
2455521.668256 0.000000 0.000000    -0.069404     0.562459 
2455523.382384 0.000000 0.000000     0.749305     0.591880 
2455525.096512 0.000000 0.000000     1.232836     0.593286 
2455526.810640 0.000000 0.000000     1.250928     0.565152 
2455528.524768 0.000000 0.000000     0.804665     0.553121 
2455530.238896 0.000000 0.000000     0.029059     0.615698 
2455531.953024 0.000000 0.000000    -0.852534     0.704447 
2455533.667152 0.000000 0.000000    -1.604382     0.761966 
2455535.381280 0.000000 0.000000    -2.054546     0.774715 
2455537.095408 0.000000 0.000000    -2.142271     0.753541 
2455538.809536 0.000000 0.000000    -1.921263     0.719921 
2455540.523664 0.000000 0.000000    -1.522884     0.689140 
2455542.237791 0.000000 0.000000    -1.098945     0.662083 
2455543.951919 0.000000 0.000000    -0.769063     0.640710 
2455545.666047 0.000000 0.000000    -0.591244     0.635464 
2455547.380175 0.000000 0.000000    -0.561156     0.644678 
2455549.094303 0.000000 0.000000    -0.632656     0.651362 
2455550.808431 0.000000 0.000000    -0.745720     0.646777 
2455552.522559 0.000000 0.000000    -0.849513     0.638316 
2455554.236687 0.000000 0.000000    -0.915090     0.637351 
2455555.950815 0.000000 0.000000    -0.938969     0.645172 
2455557.664943 0.000000 0.000000    -0.941526     0.654694 
2455559.379071 0.000000 0.000000    -0.962387     0.659261 
2455561.093199 0.000000 0.000000    -1.051504     0.655962 
2455562.807327 0.000000 0.000000    -1.253457     0.647559 
2455564.521455 0.000000 0.000000    -1.585734     0.642449 
2455566.235582 0.000000 0.000000    -2.017785     0.646052 
2455567.949710 0.000000 0.000000    -2.462254     0.653061 
2455569.663838 0.000000 0.000000    -2.788559     0.655911 
2455571.377966 0.000000 0.000000    -2.860637     0.656430 
2455573.092094 0.000000 0.000000    -2.588357     0.664289 
2455574.806222 0.000000 0.000000    -1.972323     0.685491 
2455576.520350 0.000000 0.000000    -1.120516     0.716471 
2455578.234478 0.000000 0.000000    -0.224827     0.748380 
2455579.948606 0.000000 0.000000     0.497605     0.771136 
2455581.662734 0.000000 0.000000     0.877009     0.776842 
2455583.376862 0.000000 0.000000     0.848614     0.766513 
2455585.090990 0.000000 0.000000     0.471736     0.757065 
2455586.805118 0.000000 0.000000    -0.097032     0.773243 
2455588.519246 0.000000 0.000000    -0.664376     0.816190 
2455590.233373 0.000000 0.000000    -1.068758     0.859487 
2455591.947501 0.000000 0.000000    -1.229546     0.878584 
2455593.661629 0.000000 0.000000    -1.160007     0.862745 
2455595.375757 0.000000 0.000000    -0.944399     0.813353 
2455597.089885 0.000000 0.000000    -0.694131     0.742748 
2455598.804013 0.000000 0.000000    -0.504036     0.674491 
2455600.518141 0.000000 0.000000    -0.425410     0.634825 
2455602.232269 0.000000 0.000000    -0.461528     0.628159 
2455603.946397 0.000000 0.000000    -0.580375     0.635076 
2455605.660525 0.000000 0.000000    -0.733805     0.637871 
2455607.374653 0.000000 0.000000    -0.873961     0.630757 
2455609.088781 0.000000 0.000000    -0.963628     0.622402 
2455610.802909 0.000000 0.000000    -0.982553     0.632596 
2455612.517037 0.000000 0.000000    -0.932911     0.665169 
2455614.231164 0.000000 0.000000    -0.843862     0.696183 
2455615.945292 0.000000 0.000000    -0.770790     0.703038 
2455617.659420 0.000000 0.000000    -0.783570     0.683534 
2455619.373548 0.000000 0.000000    -0.942361     0.658309 
2455621.087676 0.000000 0.000000    -1.267405     0.655226 
2455622.801804 0.000000 0.000000    -1.716215     0.673171 
2455624.515932 0.000000 0.000000    -2.182333     0.688253 
2455626.230060 0.000000 0.000000    -2.522323     0.690846 
2455627.944188 0.000000 0.000000    -2.604603     0.694248 
2455629.658316 0.000000 0.000000    -2.361556     0.719470 
2455631.372444 0.000000 0.000000    -1.821996     0.769003 
2455633.086572 0.000000 0.000000    -1.107753     0.825515 
2455634.800700 0.000000 0.000000    -0.393507     0.872301 
2455636.514828 0.000000 0.000000     0.154316     0.901211 
2455638.228955 0.000000 0.000000     0.434036     0.910156 
2455639.943083 0.000000 0.000000     0.437270     0.900402 
2455641.657211 0.000000 0.000000     0.239430     0.877675 
2455643.371339 0.000000 0.000000    -0.040548     0.855793 
2455645.085467 0.000000 0.000000    -0.290918     0.851514 
2455646.799595 0.000000 0.000000    -0.445559     0.863700 
2455648.513723 0.000000 0.000000    -0.495930     0.868252 
2455650.227851 0.000000 0.000000    -0.476716     0.840432 
2455651.941979 0.000000 0.000000    -0.437552     0.769874 
2455653.656107 0.000000 0.000000    -0.417339     0.663085 
2455655.370235 0.000000 0.000000    -0.432528     0.547437 
2455657.084363 0.000000 0.000000    -0.480522     0.477909 
2455658.798491 0.000000 0.000000    -0.550507     0.479042 
2455660.512619 0.000000 0.000000    -0.631676     0.499710 
2455662.226746 0.000000 0.000000    -0.713492     0.504789 
2455663.940874 0.000000 0.000000    -0.780579     0.488765 
2455665.655002 0.000000 0.000000    -0.810102     0.480876 
2455667.369130 0.000000 0.000000    -0.778440     0.525542 
2455669.083258 0.000000 0.000000    -0.676873     0.591176 
2455670.797386 0.000000 0.000000    -0.527732     0.625053 
2455672.511514 0.000000 0.000000    -0.388784     0.608254 
2455674.225642 0.000000 0.000000    -0.337914     0.554354 
2455675.939770 0.000000 0.000000    -0.440815     0.523149 
2455677.653898 0.000000 0.000000    -0.715500     0.559514 
2455679.368026 0.000000 0.000000    -1.112222     0.605123 
2455681.082154 0.000000 0.000000    -1.522001     0.618814 
2455682.796282 0.000000 0.000000    -1.813581     0.609570 
2455684.510410 0.000000 0.000000    -1.883874     0.618525 
2455686.224537 0.000000 0.000000    -1.699104     0.673487 
2455687.938665 0.000000 0.000000    -1.307410     0.750258 
2455689.652793 0.000000 0.000000    -0.817283     0.818793 
2455691.366921 0.000000 0.000000    -0.352808     0.867309 
2455693.081049 0.000000 0.000000    -0.007452     0.893891 
2455694.795177 0.000000 0.000000     0.182461     0.898113 
2455696.509305 0.000000 0.000000     0.234935     0.878077 
2455698.223433 0.000000 0.000000     0.196247     0.834156 
2455699.937561 0.000000 0.000000     0.109079     0.778283 
2455701.651689 0.000000 0.000000    -0.006863     0.739223 
2455703.365817 0.000000 0.000000    -0.152863     0.736849 
2455705.079945 0.000000 0.000000    -0.332825     0.749466 
2455706.794073 0.000000 0.000000    -0.533385     0.745693 
2455708.508201 0.000000 0.000000    -0.717594     0.715826 
2455710.222328 0.000000 0.000000    -0.837921     0.667743 
2455711.936456 0.000000 0.000000    -0.861321     0.613426 
2455713.650584 0.000000 0.000000    -0.790554     0.559985 
2455715.364712 0.000000 0.000000    -0.667140     0.514834 
2455717.078840 0.000000 0.000000    -0.551980     0.489646 
2455718.792968 0.000000 0.000000    -0.493318     0.483562 
2455720.507096 0.000000 0.000000    -0.500219     0.490284 
2455722.221224 0.000000 0.000000    -0.537671     0.520857 
2455723.935352 0.000000 0.000000    -0.547485     0.570296 
2455725.649480 0.000000 0.000000    -0.484196     0.604190 
2455727.363608 0.000000 0.000000    -0.345763     0.595259 
2455729.077736 0.000000 0.000000    -0.180910     0.541544 
2455730.791864 0.000000 0.000000    -0.067492     0.491216 
2455732.505992 0.000000 0.000000    -0.072549     0.523818 
2455734.220119 0.000000 0.000000    -0.215343     0.586506 
2455735.934247 0.000000 0.000000    -0.453567     0.615217 
2455737.648375 0.000000 0.000000    -0.700526     0.610159 
2455739.362503 0.000000 0.000000    -0.864337     0.607159 
2455741.076631 0.000000 0.000000    -0.888473     0.636559 
2455742.790759 0.000000 0.000000    -0.772913     0.680605 
2455744.504887 0.000000 0.000000    -0.566526     0.712250 
2455746.219015 0.000000 0.000000    -0.337460     0.727401 
2455747.933143 0.000000 0.000000    -0.139931     0.735863 
2455749.647271 0.000000 0.000000     0.003759     0.742510 
2455751.361399 0.000000 0.000000     0.097748     0.738417 
2455753.075527 0.000000 0.000000     0.150552     0.710797 
2455754.789655 0.000000 0.000000     0.153690     0.657322 
2455756.503783 0.000000 0.000000     0.077545     0.596436 
2455758.217910 0.000000 0.000000    -0.110415     0.565548 
2455759.932038 0.000000 0.000000    -0.415248     0.576503 
2455761.646166 0.000000 0.000000    -0.791856     0.602122 
2455763.360294 0.000000 0.000000    -1.147638     0.627795 
2455765.074422 0.000000 0.000000    -1.374488     0.650698 
2455766.788550 0.000000 0.000000    -1.396735     0.659242 
2455768.502678 0.000000 0.000000    -1.210514     0.638548 
2455770.216806 0.000000 0.000000    -0.892254     0.588427 
2455771.930934 0.000000 0.000000    -0.568950     0.539373 
2455773.645062 0.000000 0.000000    -0.362893     0.533581 
2455775.359190 0.000000 0.000000    -0.337541     0.551017 
2455777.073318 0.000000 0.000000    -0.471363     0.553212 
2455778.787446 0.000000 0.000000    -0.672380     0.545496 
2455780.501574 0.000000 0.000000    -0.825299     0.550830 
2455782.215701 0.000000 0.000000    -0.846755     0.559030 
2455783.929829 0.000000 0.000000    -0.721028     0.543606 
2455785.643957 0.000000 0.000000    -0.499969     0.513041 
2455787.358085 0.000000 0.000000    -0.270301     0.520279 
2455789.072213 0.000000 0.000000    -0.108007     0.567584 
2455790.786341 0.000000 0.000000    -0.044513     0.599473 
2455792.500469 0.000000 0.000000    -0.060640     0.601876 
2455794.214597 0.000000 0.000000    -0.107623     0.609793 
2455795.928725 0.000000 0.000000    -0.139674     0.654334 
2455797.642853 0.000000 0.000000    -0.137967     0.704665 
2455799.356981 0.000000 0.000000    -0.113454     0.720387 
2455801.071109 0.000000 0.000000    -0.090329     0.687880 
2455802.785237 0.000000 0.000000    -0.084108     0.617773 
2455804.499365 0.000000 0.000000    -0.090737     0.546859 
2455806.213492 0.000000 0.000000    -0.094668     0.519143 
2455807.927620 0.000000 0.000000    -0.089973     0.518833 
2455809.641748 0.000000 0.000000    -0.098391     0.508753 
2455811.355876 0.000000 0.000000    -0.168546     0.495426 
2455813.070004 0.000000 0.000000    -0.351791     0.504508 
2455814.784132 0.000000 0.000000    -0.665756     0.524207 
2455816.498260 0.000000 0.000000    -1.067082     0.525322 
2455818.212388 0.000000 0.000000    -1.452865     0.511478 
2455819.926516 0.000000 0.000000    -1.696190     0.523788 
2455821.640644 0.000000 0.000000    -1.701981     0.570159 
2455823.354772 0.000000 0.000000    -1.456208     0.605071 
2455825.068900 0.000000 0.000000    -1.042118     0.605266 
2455826.783028 0.000000 0.000000    -0.612206     0.591996 
2455828.497156 0.000000 0.000000    -0.326672     0.611037 
2455830.211283 0.000000 0.000000    -0.286347     0.654947 
2455831.925411 0.000000 0.000000    -0.491411     0.674691 
2455833.639539 0.000000 0.000000    -0.844704     0.646341 
2455835.353667 0.000000 0.000000    -1.196615     0.578527 
2455837.067795 0.000000 0.000000    -1.408936     0.511758 
2455838.781923 0.000000 0.000000    -1.407565     0.489421 
2455840.496051 0.000000 0.000000    -1.201831     0.496372 
2455842.210179 0.000000 0.000000    -0.866385     0.517060 
2455843.924307 0.000000 0.000000    -0.499915     0.553697 
2455845.638435 0.000000 0.000000    -0.183849     0.582020 
2455847.352563 0.000000 0.000000     0.039954     0.580119 
2455849.066691 0.000000 0.000000     0.167027     0.570134 
2455850.780819 0.000000 0.000000     0.212300     0.611911 
2455852.494947 0.000000 0.000000     0.191750     0.694529 
2455854.209074 0.000000 0.000000     0.115470     0.759377 
2455855.923202 0.000000 0.000000    -0.006625     0.781967 
2455857.637330 0.000000 0.000000    -0.155257     0.766592 
2455859.351458 0.000000 0.000000    -0.299919     0.734598 
2455861.065586 0.000000 0.000000    -0.410080     0.711129 
2455862.779714 0.000000 0.000000    -0.474104     0.703707 
2455864.493842 0.000000 0.000000    -0.512712     0.699784 
2455866.207970 0.000000 0.000000    -0.574629     0.687000 
2455867.922098 0.000000 0.000000    -0.711930     0.662067 
2455869.636226 0.000000 0.000000    -0.945903     0.626733 
2455871.350354 0.000000 0.000000    -1.242667     0.584540 
2455873.064482 0.000000 0.000000    -1.515378     0.546300 
2455874.778610 0.000000 0.000000    -1.656868     0.536758 
2455876.492738 0.000000 0.000000    -1.589661     0.563960 
2455878.206865 0.000000 0.000000    -1.309020     0.594371 
2455879.920993 0.000000 0.000000    -0.895887     0.598745 
2455881.635121 0.000000 0.000000    -0.490484     0.585396 
2455883.349249 0.000000 0.000000    -0.236887     0.606022 
2455885.063377 0.000000 0.000000    -0.223836     0.677818 
2455886.777505 0.000000 0.000000    -0.449212     0.747076 
2455888.491633 0.000000 0.000000    -0.823917     0.776325 
2455890.205761 0.000000 0.000000    -1.211522     0.761138 
2455891.919889 0.000000 0.000000    -1.483364     0.721087 
2455893.634017 0.000000 0.000000    -1.563258     0.689170 
2455895.348145 0.000000 0.000000    -1.443886     0.682839 
2455897.062273 0.000000 0.000000    -1.172997     0.692191 
2455898.776401 0.000000 0.000000    -0.822565     0.708207 
2455900.490529 0.000000 0.000000    -0.459866     0.727084 
2455902.204656 0.000000 0.000000    -0.133939     0.738025 
2455903.918784 0.000000 0.000000     0.121506     0.732420 
2455905.632912 0.000000 0.000000     0.278628     0.720434 
2455907.347040 0.000000 0.000000     0.312120     0.726771 
2455909.061168 0.000000 0.000000     0.207995     0.756481 
2455910.775296 0.000000 0.000000    -0.020781     0.787068 
2455912.489424 0.000000 0.000000    -0.324850     0.801635 
2455914.203552 0.000000 0.000000    -0.626954     0.801665 
2455915.917680 0.000000 0.000000    -0.849566     0.797608 
2455917.631808 0.000000 0.000000    -0.949640     0.795749 
2455919.345936 0.000000 0.000000    -0.940999     0.794359 
2455921.060064 0.000000 0.000000    -0.888935     0.789710 
2455922.774192 0.000000 0.000000    -0.876030     0.779804 
2455924.488320 0.000000 0.000000    -0.955183     0.763189 
2455926.202447 0.000000 0.000000    -1.115271     0.739626 
2455927.916575 0.000000 0.000000    -1.280335     0.714774 
2455929.630703 0.000000 0.000000    -1.346039     0.702234 
2455931.344831 0.000000 0.000000    -1.236393     0.711832 
2455933.058959 0.000000 0.000000    -0.950986     0.733377 
2455934.773087 0.000000 0.000000    -0.576120     0.745297 
2455936.487215 0.000000 0.000000    -0.251342     0.735419 
2455938.201343 0.000000 0.000000    -0.106545     0.713709 
2455939.915471 0.000000 0.000000    -0.201102     0.712339 
2455941.629599 0.000000 0.000000    -0.496136     0.747278 
2455943.343727 0.000000 0.000000    -0.873853     0.790182 
2455945.057855 0.000000 0.000000    -1.193143     0.811523 
2455946.771983 0.000000 0.000000    -1.351971     0.807760 
2455948.486111 0.000000 0.000000    -1.324675     0.796882 
2455950.200238 0.000000 0.000000    -1.157404     0.799115 
2455951.914366 0.000000 0.000000    -0.928750     0.815310 
2455953.628494 0.000000 0.000000    -0.701474     0.834644 
2455955.342622 0.000000 0.000000    -0.494468     0.852973 
2455957.056750 0.000000 0.000000    -0.289970     0.869205 
2455958.770878 0.000000 0.000000    -0.068342     0.875038 
2455960.485006 0.000000 0.000000     0.154996     0.858904 
2455962.199134 0.000000 0.000000     0.317730     0.817493 
2455963.913262 0.000000 0.000000     0.335622     0.762017 
2455965.627390 0.000000 0.000000     0.152271     0.714098 
2455967.341518 0.000000 0.000000    -0.215992     0.688434 
2455969.055646 0.000000 0.000000    -0.669968     0.681679 
2455970.769774 0.000000 0.000000    -1.063702     0.685707 
2455972.483902 0.000000 0.000000    -1.271376     0.694912 
2455974.198029 0.000000 0.000000    -1.249625     0.701972 
2455975.912157 0.000000 0.000000    -1.059577     0.702596 
2455977.626285 0.000000 0.000000    -0.833588     0.702956 
2455979.340413 0.000000 0.000000    -0.702435     0.713867 
2455981.054541 0.000000 0.000000    -0.722306     0.735657 
2455982.768669 0.000000 0.000000    -0.843104     0.758754 
2455984.482797 0.000000 0.000000    -0.937955     0.778487 
2455986.196925 0.000000 0.000000    -0.879676     0.799660 
2455987.911053 0.000000 0.000000    -0.622257     0.826444 
2455989.625181 0.000000 0.000000    -0.240423     0.851549 
2455991.339309 0.000000 0.000000     0.098137     0.859411 
2455993.053437 0.000000 0.000000     0.216330     0.837599 
2455994.767565 0.000000 0.000000     0.023417     0.786321 
2455996.481693 0.000000 0.000000    -0.429411     0.726419 
2455998.195820 0.000000 0.000000    -0.965791     0.694388 
2455999.909948 0.000000 0.000000    -1.366697     0.697873 
2456001.624076 0.000000 0.000000    -1.475986     0.706154 
2456003.338204 0.000000 0.000000    -1.273106     0.707055 
2456005.052332 0.000000 0.000000    -0.874634     0.719704 
2456006.766460 0.000000 0.000000    -0.465213     0.756108 
2456008.480588 0.000000 0.000000    -0.197179     0.799338 
2456010.194716 0.000000 0.000000    -0.114933     0.833670 
2456011.908844 0.000000 0.000000    -0.145309     0.860148 
2456013.622972 0.000000 0.000000    -0.157079     0.881638 
2456015.337100 0.000000 0.000000    -0.052834     0.888467 
2456017.051228 0.000000 0.000000     0.162176     0.864461 
2456018.765356 0.000000 0.000000     0.376251     0.800400 
2456020.479484 0.000000 0.000000     0.436252     0.700616 
2456022.193611 0.000000 0.000000     0.244017     0.586093 
2456023.907739 0.000000 0.000000    -0.173244     0.499058 
2456025.621867 0.000000 0.000000    -0.662695     0.478038 
2456027.335995 0.000000 0.000000    -1.020056     0.499865 
2456029.050123 0.000000 0.000000    -1.098647     0.526080 
2456030.764251 0.000000 0.000000    -0.891420     0.540615 
2456032.478379 0.000000 0.000000    -0.537106     0.545852 
2456034.192507 0.000000 0.000000    -0.243633     0.560765 
2456035.906635 0.000000 0.000000    -0.169777     0.598855 
2456037.620763 0.000000 0.000000    -0.331939     0.648254 
2456039.334891 0.000000 0.000000    -0.591250     0.693136 
2456041.049019 0.000000 0.000000    -0.732088     0.731369 
2456042.763147 0.000000 0.000000    -0.590775     0.769561 
2456044.477275 0.000000 0.000000    -0.162276     0.809842 
2456046.191402 0.000000 0.000000     0.378086     0.842391 
2456047.905530 0.000000 0.000000     0.755532     0.850578 
2456049.619658 0.000000 0.000000     0.739640     0.820266 
2456051.333786 0.000000 0.000000     0.274218     0.746559 
2456053.047914 0.000000 0.000000    -0.479046     0.641491 
2456054.762042 0.000000 0.000000    -1.210450     0.549159 
2456056.476170 0.000000 0.000000    -1.611663     0.522991 
2456058.190298 0.000000 0.000000    -1.526599     0.532137 
2456059.904426 0.000000 0.000000    -1.024032     0.545330 
2456061.618554 0.000000 0.000000    -0.354015     0.583675 
2456063.332682 0.000000 0.000000     0.186930     0.642291 
2456065.046810 0.000000 0.000000     0.407778     0.690080 
2456066.760938 0.000000 0.000000     0.310029     0.718687 
2456068.475066 0.000000 0.000000     0.065078     0.743331 
2456070.189193 0.000000 0.000000    -0.100863     0.774756 
2456071.903321 0.000000 0.000000    -0.045651     0.799870 
2456073.617449 0.000000 0.000000     0.206692     0.797841 
2456075.331577 0.000000 0.000000     0.487107     0.758757 
2456077.045705 0.000000 0.000000     0.591564     0.686884 
2456078.759833 0.000000 0.000000     0.413451     0.599276 
2456080.473961 0.000000 0.000000     0.018158     0.525194 
2456082.188089 0.000000 0.000000    -0.386876     0.491960 
2456083.902217 0.000000 0.000000    -0.571723     0.491710 
2456085.616345 0.000000 0.000000    -0.424098     0.499271 
2456087.330473 0.000000 0.000000    -0.026085     0.507652 
2456089.044601 0.000000 0.000000     0.382195     0.522074 
2456090.758729 0.000000 0.000000     0.536802     0.542684 
2456092.472857 0.000000 0.000000     0.308261     0.563359 
2456094.186984 0.000000 0.000000    -0.207957     0.582485 
2456095.901112 0.000000 0.000000    -0.726148     0.603908 
2456097.615240 0.000000 0.000000    -0.918487     0.629256 
2456099.329368 0.000000 0.000000    -0.599211     0.657384 
2456101.043496 0.000000 0.000000     0.156882     0.688783 
2456102.757624 0.000000 0.000000     1.031374     0.721134 
2456104.471752 0.000000 0.000000     1.612204     0.743344 
2456106.185880 0.000000 0.000000     1.601045     0.741406 
2456107.900008 0.000000 0.000000     0.968951     0.709142 
2456109.614136 0.000000 0.000000    -0.023299     0.654992 
2456111.328264 0.000000 0.000000    -0.952279     0.601862 
2456113.042392 0.000000 0.000000    -1.439913     0.569409 
2456114.756520 0.000000 0.000000    -1.333172     0.552559 
2456116.470648 0.000000 0.000000    -0.762821     0.542094 
2456118.184775 0.000000 0.000000    -0.055055     0.544296 
2456119.898903 0.000000 0.000000     0.450661     0.559359 
2456121.613031 0.000000 0.000000     0.575655     0.572621 
2456123.327159 0.000000 0.000000     0.374744     0.578750 
2456125.041287 0.000000 0.000000     0.074266     0.592085 
2456126.755415 0.000000 0.000000    -0.081111     0.625387 
2456128.469543 0.000000 0.000000     0.020494     0.666035 
2456130.183671 0.000000 0.000000     0.297720     0.690747 
2456131.897799 0.000000 0.000000     0.538860     0.685204 
2456133.611927 0.000000 0.000000     0.546812     0.648566 
2456135.326055 0.000000 0.000000     0.275727     0.596371 
2456137.040183 0.000000 0.000000    -0.126356     0.559420 
2456138.754311 0.000000 0.000000    -0.398688     0.552540 
2456140.468439 0.000000 0.000000    -0.327824     0.553584 
2456142.182566 0.000000 0.000000     0.108436     0.547576 
2456143.896694 0.000000 0.000000     0.702989     0.546070 
2456145.610822 0.000000 0.000000     1.118498     0.558125 
2456147.324950 0.000000 0.000000     1.075131     0.569382 
2456149.039078 0.000000 0.000000     0.523459     0.566865 
2456150.753206 0.000000 0.000000    -0.298774     0.557373 
2456152.467334 0.000000 0.000000    -0.966952     0.553921 
2456154.181462 0.000000 0.000000    -1.081686     0.552349 
2456155.895590 0.000000 0.000000    -0.483096     0.542101 
2456157.609718 0.000000 0.000000     0.648166     0.535525 
2456159.323846 0.000000 0.000000     1.861317     0.559600 
2456161.037974 0.000000 0.000000     2.645197     0.604648 
2456162.752102 0.000000 0.000000     2.671156     0.636604 
2456164.466230 0.000000 0.000000     1.945029     0.637595 
2456166.180357 0.000000 0.000000     0.792482     0.609123 
2456167.894485 0.000000 0.000000    -0.310048     0.567772 
2456169.608613 0.000000 0.000000    -0.966843     0.537814 
2456171.322741 0.000000 0.000000    -1.036156     0.528550 
2456173.036869 0.000000 0.000000    -0.661067     0.527856 
2456174.750997 0.000000 0.000000    -0.153765     0.532967 
2456176.465125 0.000000 0.000000     0.192461     0.556907 
2456178.179253 0.000000 0.000000     0.255402     0.595620 
2456179.893381 0.000000 0.000000     0.119786     0.624350 
2456181.607509 0.000000 0.000000    -0.012467     0.627559 
2456183.321637 0.000000 0.000000     0.026113     0.612055 
2456185.035765 0.000000 0.000000     0.251542     0.600194 
2456186.749893 0.000000 0.000000     0.517650     0.599415 
2456188.464021 0.000000 0.000000     0.616354     0.589243 
2456190.178148 0.000000 0.000000     0.424942     0.556042 
2456191.892276 0.000000 0.000000     0.006333     0.521203 
2456193.606404 0.000000 0.000000    -0.404885     0.522477 
2456195.320532 0.000000 0.000000    -0.529768     0.542499 
2456197.034660 0.000000 0.000000    -0.215023     0.541914 
2456198.748788 0.000000 0.000000     0.455038     0.521017 
2456200.462916 0.000000 0.000000     1.176927     0.514601 
2456202.177044 0.000000 0.000000     1.576899     0.536458 
2456203.891172 0.000000 0.000000     1.414823     0.556187 
2456205.605300 0.000000 0.000000     0.731629     0.555097 
2456207.319428 0.000000 0.000000    -0.145364     0.539651 
2456209.033556 0.000000 0.000000    -0.750545     0.522074 
2456210.747684 0.000000 0.000000    -0.709767     0.504943 
2456212.461812 0.000000 0.000000     0.065993     0.491551 
2456214.175939 0.000000 0.000000     1.324208     0.497302 
2456215.890067 0.000000 0.000000     2.581978     0.523610 
2456217.604195 0.000000 0.000000     3.348441     0.547099 
2456219.318323 0.000000 0.000000     3.345828     0.549875 
2456221.032451 0.000000 0.000000     2.620311     0.533460 
2456222.746579 0.000000 0.000000     1.494198     0.521626 
2456224.460707 0.000000 0.000000     0.394149     0.546762 
2456226.174835 0.000000 0.000000    -0.349120     0.603173 
2456227.888963 0.000000 0.000000    -0.627117     0.658641 
2456229.603091 0.000000 0.000000    -0.551018     0.696838 
2456231.317219 0.000000 0.000000    -0.338986     0.721976 
2456233.031347 0.000000 0.000000    -0.169652     0.746969 
2456234.745475 0.000000 0.000000    -0.088762     0.774464 
2456236.459603 0.000000 0.000000    -0.016685     0.792147 
2456238.173730 0.000000 0.000000     0.159609     0.789243 
2456239.887858 0.000000 0.000000     0.476999     0.769637 
2456241.601986 0.000000 0.000000     0.843816     0.748894 
2456243.316114 0.000000 0.000000     1.081199     0.736370 
2456245.030242 0.000000 0.000000     1.034498     0.725573 
2456246.744370 0.000000 0.000000     0.685122     0.710951 
2456248.458498 0.000000 0.000000     0.189488     0.700240 
2456250.172626 0.000000 0.000000    -0.187033     0.700370 
2456251.886754 0.000000 0.000000    -0.210781     0.703185 
2456253.600882 0.000000 0.000000     0.182413     0.699992 
2456255.315010 0.000000 0.000000     0.833313     0.697327 
2456257.029138 0.000000 0.000000     1.426697     0.706742 
2456258.743266 0.000000 0.000000     1.650634     0.724272 
2456260.457394 0.000000 0.000000     1.365183     0.735308 
2456262.171521 0.000000 0.000000     0.689347     0.732229 
2456263.885649 0.000000 0.000000    -0.043686     0.717695 
2456265.599777 0.000000 0.000000    -0.443783     0.699004 
2456267.313905 0.000000 0.000000    -0.254631     0.684464 
2456269.028033 0.000000 0.000000     0.518766     0.682098 
2456270.742161 0.000000 0.000000     1.609432     0.693447 
2456272.456289 0.000000 0.000000     2.612188     0.709019 
2456274.170417 0.000000 0.000000     3.166628     0.716649 
2456275.884545 0.000000 0.000000     3.107439     0.712359 
2456277.598673 0.000000 0.000000     2.512386     0.704716 
2456279.312801 0.000000 0.000000     1.635119     0.711586 
2456281.026929 0.000000 0.000000     0.769260     0.743657 
2456282.741057 0.000000 0.000000     0.120171     0.790146 
2456284.455185 0.000000 0.000000    -0.252600     0.831686 
2456286.169312 0.000000 0.000000    -0.405386     0.858172 
2456287.883440 0.000000 0.000000    -0.426787     0.872956 
2456289.597568 0.000000 0.000000    -0.360531     0.885967 
2456291.311696 0.000000 0.000000    -0.183450     0.900285 
2456293.025824 0.000000 0.000000     0.152694     0.906983 
2456294.739952 0.000000 0.000000     0.649721     0.895802 
2456296.454080 0.000000 0.000000     1.215766     0.867321 
2456298.168208 0.000000 0.000000     1.680941     0.835510 
2456299.882336 0.000000 0.000000     1.874306     0.816983 
2456301.596464 0.000000 0.000000     1.719776     0.813535 
2456303.310592 0.000000 0.000000     1.292532     0.813269 
2456305.024720 0.000000 0.000000     0.796746     0.807627 
2456306.738848 0.000000 0.000000     0.469453     0.798297 
2456308.452976 0.000000 0.000000     0.459066     0.793075 
2456310.167103 0.000000 0.000000     0.744603     0.799384 
2456311.881231 0.000000 0.000000     1.142263     0.818704 
2456313.595359 0.000000 0.000000     1.399468     0.844181 
2456315.309487 0.000000 0.000000     1.328665     0.864179 
2456317.023615 0.000000 0.000000     0.910535     0.869010 
2456318.737743 0.000000 0.000000     0.311682     0.855760 
2456320.451871 0.000000 0.000000    -0.193103     0.830050 
2456322.165999 0.000000 0.000000    -0.353752     0.804472 
2456323.880127 0.000000 0.000000    -0.064829     0.791576 
2456325.594255 0.000000 0.000000     0.587161     0.794136 
2456327.308383 0.000000 0.000000     1.369063     0.804450 
2456329.022511 0.000000 0.000000     2.010834     0.813170 
2456330.736639 0.000000 0.000000     2.321082     0.815867 
2456332.450767 0.000000 0.000000     2.251983     0.815100 
2456334.164894 0.000000 0.000000     1.889070     0.819850 
2456335.879022 0.000000 0.000000     1.383259     0.838785 
2456337.593150 0.000000 0.000000     0.870690     0.869174 
2456339.307278 0.000000 0.000000     0.425683     0.896797 
2456341.021406 0.000000 0.000000     0.066098     0.908286 
2456342.735534 0.000000 0.000000    -0.204454     0.901594 
2456344.449662 0.000000 0.000000    -0.355068     0.889126 
2456346.163790 0.000000 0.000000    -0.320870     0.888614 
2456347.877918 0.000000 0.000000    -0.039695     0.901189 
2456349.592046 0.000000 0.000000     0.490764     0.906344 
2456351.306174 0.000000 0.000000     1.175274     0.883131 
2456353.020302 0.000000 0.000000     1.834421     0.827678 
2456354.734430 0.000000 0.000000     2.271131     0.762337 
2456356.448558 0.000000 0.000000     2.359353     0.730504 
2456358.162685 0.000000 0.000000     2.107106     0.741861 
2456359.876813 0.000000 0.000000     1.656635     0.755411 
2456361.590941 0.000000 0.000000     1.217237     0.744853 
2456363.305069 0.000000 0.000000     0.963332     0.720277 
2456365.019197 0.000000 0.000000     0.950548     0.714302 
2456366.733325 0.000000 0.000000     1.094056     0.744096 
2456368.447453 0.000000 0.000000     1.220502     0.791423 
2456370.161581 0.000000 0.000000     1.165547     0.833200 
2456371.875709 0.000000 0.000000     0.864953     0.856306 
2456373.589837 0.000000 0.000000     0.391398     0.853149 
2456375.303965 0.000000 0.000000    -0.080906     0.821298 
2456377.018093 0.000000 0.000000    -0.363038     0.768822 
2456378.732221 0.000000 0.000000    -0.342648     0.719110 
2456380.446349 0.000000 0.000000    -0.032778     0.699213 
2456382.160476 0.000000 0.000000     0.443530     0.708289 
2456383.874604 0.000000 0.000000     0.919205     0.723248 
2456385.588732 0.000000 0.000000     1.260601     0.731004 
2456387.302860 0.000000 0.000000     1.415169     0.734164 
2456389.016988 0.000000 0.000000     1.408999     0.744567 
2456390.731116 0.000000 0.000000     1.304433     0.774149 
2456392.445244 0.000000 0.000000     1.149924     0.820513 
2456394.159372 0.000000 0.000000     0.955308     0.864318 
2456395.873500 0.000000 0.000000     0.706216     0.883618 
2456397.587628 0.000000 0.000000     0.404180     0.865689 
2456399.301756 0.000000 0.000000     0.101153     0.813866 
2456401.015884 0.000000 0.000000    -0.100310     0.757856 
2456402.730012 0.000000 0.000000    -0.088416     0.747993 
2456404.444140 0.000000 0.000000     0.195157     0.784631 
2456406.158267 0.000000 0.000000     0.707857     0.811998 
2456407.872395 0.000000 0.000000     1.305684     0.791818 
2456409.586523 0.000000 0.000000     1.796346     0.715659 
2456411.300651 0.000000 0.000000     2.022626     0.608025 
2456413.014779 0.000000 0.000000     1.933825     0.555300 
2456414.728907 0.000000 0.000000     1.607406     0.591596 
2456416.443035 0.000000 0.000000     1.208413     0.616019 
2456418.157163 0.000000 0.000000     0.907105     0.590606 
2456419.871291 0.000000 0.000000     0.797316     0.548043 
2456421.585419 0.000000 0.000000     0.857270     0.560953 
2456423.299547 0.000000 0.000000     0.971451     0.622749 
2456425.013675 0.000000 0.000000     0.999496     0.676159 
2456426.727803 0.000000 0.000000     0.853918     0.705122 
2456428.441931 0.000000 0.000000     0.545594     0.712383 
2456430.156058 0.000000 0.000000     0.175153     0.697196 
2456431.870186 0.000000 0.000000    -0.121604     0.654243 
2456433.584314 0.000000 0.000000    -0.242249     0.585520 
2456435.298442 0.000000 0.000000    -0.163165     0.516473 
2456437.012570 0.000000 0.000000     0.059737     0.495215 
2456438.726698 0.000000 0.000000     0.330410     0.521654 
2456440.440826 0.000000 0.000000     0.565968     0.553696 
2456442.154954 0.000000 0.000000     0.732560     0.575262 
2456443.869082 0.000000 0.000000     0.845713     0.588071 
2456445.583210 0.000000 0.000000     0.939843     0.604577 
2456447.297338 0.000000 0.000000     1.030093     0.645097 
2456449.011466 0.000000 0.000000     1.092987     0.709485 
2456450.725594 0.000000 0.000000     1.079211     0.768948 
2456452.439722 0.000000 0.000000     0.950607     0.794145 
2456454.153849 0.000000 0.000000     0.717189     0.768281 
2456455.867977 0.000000 0.000000     0.448737     0.689354 
2456457.582105 0.000000 0.000000     0.249996     0.590635 
2456459.296233 0.000000 0.000000     0.210318     0.586501 
2456461.010361 0.000000 0.000000     0.354795     0.677805 
2456462.724489 0.000000 0.000000     0.624860     0.745042 
2456464.438617 0.000000 0.000000     0.901145     0.749194 
2456466.152745 0.000000 0.000000     1.058530     0.687964 
2456467.866873 0.000000 0.000000     1.025562     0.581345 
2456469.581001 0.000000 0.000000     0.817746     0.500354 
2456471.295129 0.000000 0.000000     0.527930     0.512336 
2456473.009257 0.000000 0.000000     0.279544     0.530675 
2456474.723385 0.000000 0.000000     0.167389     0.510448 
2456476.437513 0.000000 0.000000     0.215958     0.498293 
2456478.151640 0.000000 0.000000     0.374711     0.542330 
2456479.865768 0.000000 0.000000     0.549676     0.591235 
2456481.579896 0.000000 0.000000     0.652375     0.601258 
2456483.294024 0.000000 0.000000     0.640115     0.576008 
2456485.008152 0.000000 0.000000     0.528764     0.557248 
2456486.722280 0.000000 0.000000     0.375497     0.587403 
2456488.436408 0.000000 0.000000     0.244789     0.644852 
2456490.150536 0.000000 0.000000     0.177842     0.694809 
2456491.864664 0.000000 0.000000     0.180701     0.727769 
2456493.578792 0.000000 0.000000     0.233639     0.747371 
2456495.292920 0.000000 0.000000     0.311941     0.760241 
2456497.007048 0.000000 0.000000     0.403089     0.769167 
2456498.721176 0.000000 0.000000     0.509834     0.768004 
2456500.435304 0.000000 0.000000     0.639053     0.744695 
2456502.149431 0.000000 0.000000     0.785853     0.693833 
2456503.863559 0.000000 0.000000     0.925276     0.638736 
2456505.577687 0.000000 0.000000     1.018716     0.642592 
2456507.291815 0.000000 0.000000     1.032391     0.709640 
2456509.005943 0.000000 0.000000     0.957121     0.770161 
2456510.720071 0.000000 0.000000     0.817164     0.784721 
2456512.434199 0.000000 0.000000     0.661815     0.746278 
2456514.148327 0.000000 0.000000     0.543269     0.675851 
2456515.862455 0.000000 0.000000     0.492100     0.640536 
2456517.576583 0.000000 0.000000     0.503151     0.684628 
2456519.290711 0.000000 0.000000     0.539019     0.739250 
2456521.004839 0.000000 0.000000     0.549043     0.748405 
2456522.718967 0.000000 0.000000     0.493935     0.700208 
2456524.433095 0.000000 0.000000     0.364050     0.609207 
2456526.147222 0.000000 0.000000     0.183350     0.522501 
2456527.861350 0.000000 0.000000    -0.001251     0.496749 
2456529.575478 0.000000 0.000000    -0.138763     0.503599 
2456531.289606 0.000000 0.000000    -0.192199     0.513658 
2456533.003734 0.000000 0.000000    -0.148995     0.550504 
2456534.717862 0.000000 0.000000    -0.021761     0.605719 
2456536.431990 0.000000 0.000000     0.158235     0.641500 
2456538.146118 0.000000 0.000000     0.350658     0.644402 
2456539.860246 0.000000 0.000000     0.515538     0.637794 
2456541.574374 0.000000 0.000000     0.621281     0.668124 
2456543.288502 0.000000 0.000000     0.651191     0.740865 
2456545.002630 0.000000 0.000000     0.607970     0.818750 
2456546.716758 0.000000 0.000000     0.514405     0.878101 
2456548.430886 0.000000 0.000000     0.408191     0.914815 
2456550.145013 0.000000 0.000000     0.330594     0.934178 
2456551.859141 0.000000 0.000000     0.312002     0.943160 
2456553.573269 0.000000 0.000000     0.360203     0.944038 
2456555.287397 0.000000 0.000000     0.457336     0.932011 
2456557.001525 0.000000 0.000000     0.568008     0.900132 
2456558.715653 0.000000 0.000000     0.655496     0.849721 
2456560.429781 0.000000 0.000000     0.698384     0.802544 
2456562.143909 0.000000 0.000000     0.699195     0.796252 
2456563.858037 0.000000 0.000000     0.680517     0.833701 
2456565.572165 0.000000 0.000000     0.670796     0.871687 
2456567.286293 0.000000 0.000000     0.687654     0.873554 
2456569.000421 0.000000 0.000000     0.727944     0.825679 
2456570.714549 0.000000 0.000000     0.769809     0.738271 
2456572.428677 0.000000 0.000000     0.785047     0.665191 
2456574.142804 0.000000 0.000000     0.754148     0.681832 
2456575.856932 0.000000 0.000000     0.675111     0.744854 
2456577.571060 0.000000 0.000000     0.561292     0.782665 
2456579.285188 0.000000 0.000000     0.430667     0.779237 
2456580.999316 0.000000 0.000000     0.294391     0.744478 
2456582.713444 0.000000 0.000000     0.152987     0.692060 
2456584.427572 0.000000 0.000000     0.003273     0.626770 
2456586.141700 0.000000 0.000000    -0.148544     0.552770 
2456587.855828 0.000000 0.000000    -0.277373     0.510104 
2456589.569956 0.000000 0.000000    -0.342211     0.544614 
2456591.284084 0.000000 0.000000    -0.303266     0.600467 
2456592.998212 0.000000 0.000000    -0.145586     0.630242 
2456594.712340 0.000000 0.000000     0.104335     0.643341 
2456596.426468 0.000000 0.000000     0.380651     0.679598 
2456598.140595 0.000000 0.000000     0.601370     0.753829 
2456599.854723 0.000000 0.000000     0.703138     0.838333 
2456601.568851 0.000000 0.000000     0.670305     0.908802 
2456603.282979 0.000000 0.000000     0.542399     0.958242 
2456604.997107 0.000000 0.000000     0.394640     0.989208 
2456606.711235 0.000000 0.000000     0.300492     1.007037 
2456608.425363 0.000000 0.000000     0.295442     1.015848 
2456610.139491 0.000000 0.000000     0.361307     1.016631 
2456611.853619 0.000000 0.000000     0.439741     1.007875 
2456613.567747 0.000000 0.000000     0.467838     0.988907 
2456615.281875 0.000000 0.000000     0.416331     0.964217 
2456616.996003 0.000000 0.000000     0.309077     0.944653 
2456618.710131 0.000000 0.000000     0.212482     0.940095 
2456620.424259 0.000000 0.000000     0.200069     0.947069 
2456622.138386 0.000000 0.000000     0.311315     0.948613 
2456623.852514 0.000000 0.000000     0.527391     0.927589 
2456625.566642 0.000000 0.000000     0.777373     0.878573 
2456627.280770 0.000000 0.000000     0.971781     0.817290 
2456628.994898 0.000000 0.000000     1.045284     0.784999 
2456630.709026 0.000000 0.000000     0.985544     0.809023 
2456632.423154 0.000000 0.000000     0.833182     0.858638 
2456634.137282 0.000000 0.000000     0.654258     0.895396 
2456635.851410 0.000000 0.000000     0.502053     0.905095 
2456637.565538 0.000000 0.000000     0.390549     0.887050 
2456639.279666 0.000000 0.000000     0.294600     0.843770 
2456640.993794 0.000000 0.000000     0.175613     0.781167 
2456642.707922 0.000000 0.000000     0.016152     0.719076 
2456644.422050 0.000000 0.000000    -0.158775     0.694065 
2456646.136177 0.000000 0.000000    -0.288297     0.714563 
2456647.850305 0.000000 0.000000    -0.307980     0.743363 
2456649.564433 0.000000 0.000000    -0.189664     0.755516 
2456651.278561 0.000000 0.000000     0.035120     0.757801 
2456652.992689 0.000000 0.000000     0.283785     0.772882 
2456654.706817 0.000000 0.000000     0.460988     0.810959 
2456656.420945 0.000000 0.000000     0.506630     0.860661 
2456658.135073 0.000000 0.000000     0.426817     0.908527 
2456659.849201 0.000000 0.000000     0.289503     0.949027 
2456661.563329 0.000000 0.000000     0.185905     0.980798 
2456663.277457 0.000000 0.000000     0.178420     1.003149 
2456664.991585 0.000000 0.000000     0.264256     1.016397 
2456666.705713 0.000000 0.000000     0.376188     1.022616 
2456668.419841 0.000000 0.000000     0.421460     1.024255 
2456670.133968 0.000000 0.000000     0.338155     1.021985 
2456671.848096 0.000000 0.000000     0.137538     1.014706 
2456673.562224 0.000000 0.000000    -0.092551     1.001712 
2456675.276352 0.000000 0.000000    -0.227390     0.983977 
2456676.990480 0.000000 0.000000    -0.168517     0.962720 
2456678.704608 0.000000 0.000000     0.102890     0.937475 
2456680.418736 0.000000 0.000000     0.511243     0.907883 
2456682.132864 0.000000 0.000000     0.919041     0.879526 
2456683.846992 0.000000 0.000000     1.190158     0.866558 
2456685.561120 0.000000 0.000000     1.251166     0.880307 
2456687.275248 0.000000 0.000000     1.119392     0.913330 
2456688.989376 0.000000 0.000000     0.884747     0.946159 
2456690.703504 0.000000 0.000000     0.657331     0.963710 
2456692.417631 0.000000 0.000000     0.510601     0.959544 
2456694.131759 0.000000 0.000000     0.450826     0.933267 
2456695.845887 0.000000 0.000000     0.427396     0.889684 
2456697.560015 0.000000 0.000000     0.374870     0.842400 
2456699.274143 0.000000 0.000000     0.259933     0.815543 
2456700.988271 0.000000 0.000000     0.104709     0.825150 
2456702.702399 0.000000 0.000000    -0.027102     0.855537 
2456704.416527 0.000000 0.000000    -0.072045     0.877692 
2456706.130655 0.000000 0.000000    -0.010385     0.874566 
2456707.844783 0.000000 0.000000     0.116364     0.844493 
2456709.558911 0.000000 0.000000     0.226075     0.799114 
2456711.273039 0.000000 0.000000     0.243869     0.763015 
2456712.987167 0.000000 0.000000     0.149033     0.763666 
2456714.701295 0.000000 0.000000    -0.008029     0.803285 
2456716.415422 0.000000 0.000000    -0.131270     0.857380 
2456718.129550 0.000000 0.000000    -0.134481     0.903782 
2456719.843678 0.000000 0.000000     0.004337     0.934499 
2456721.557806 0.000000 0.000000     0.222260     0.953521 
2456723.271934 0.000000 0.000000     0.399280     0.970126 
2456724.986062 0.000000 0.000000     0.422428     0.988750 
2456726.700190 0.000000 0.000000     0.252257     1.003553 
2456728.414318 0.000000 0.000000    -0.045659     1.003990 
2456730.128446 0.000000 0.000000    -0.324135     0.983190 
2456731.842574 0.000000 0.000000    -0.423388     0.941030 
2456733.556702 0.000000 0.000000    -0.251146     0.883150 
2456735.270830 0.000000 0.000000     0.167784     0.821006 
2456736.984958 0.000000 0.000000     0.698839     0.775818 
2456738.699086 0.000000 0.000000     1.158743     0.773443 
2456740.413213 0.000000 0.000000     1.399115     0.814016 
2456742.127341 0.000000 0.000000     1.370225     0.868355 
2456743.841469 0.000000 0.000000     1.133934     0.911276 
2456745.555597 0.000000 0.000000     0.822317     0.932368 
2456747.269725 0.000000 0.000000     0.566915     0.930104 
2456748.983853 0.000000 0.000000     0.437373     0.906287 
2456750.697981 0.000000 0.000000     0.420459     0.864582 
2456752.412109 0.000000 0.000000     0.446160     0.814052 
2456754.126237 0.000000 0.000000     0.440992     0.775786 
2456755.840365 0.000000 0.000000     0.374817     0.777088 
2456757.554493 0.000000 0.000000     0.273812     0.818553 
2456759.268621 0.000000 0.000000     0.194294     0.868873 
2456760.982749 0.000000 0.000000     0.176544     0.897914 
2456762.696877 0.000000 0.000000     0.209929     0.888780 
2456764.411004 0.000000 0.000000     0.233341     0.835425 
2456766.125132 0.000000 0.000000     0.172700     0.743968 
2456767.839260 0.000000 0.000000    -0.006663     0.648645 
2456769.553388 0.000000 0.000000    -0.265925     0.628669 
2456771.267516 0.000000 0.000000    -0.501117     0.690090 
2456772.981644 0.000000 0.000000    -0.593627     0.752492 
2456774.695772 0.000000 0.000000    -0.476833     0.784962 
2456776.409900 0.000000 0.000000    -0.180987     0.797001 
2456778.124028 0.000000 0.000000     0.171803     0.815354 
2456779.838156 0.000000 0.000000     0.423993     0.856227 
2456781.552284 0.000000 0.000000     0.462906     0.905428 
2456783.266412 0.000000 0.000000     0.282490     0.938146 
2456784.980540 0.000000 0.000000    -0.007777     0.939997 
2456786.694668 0.000000 0.000000    -0.233809     0.908451 
2456788.408795 0.000000 0.000000    -0.242754     0.847044 
2456790.122923 0.000000 0.000000     0.020136     0.761243 
2456791.837051 0.000000 0.000000     0.483123     0.666485 
2456793.551179 0.000000 0.000000     0.982138     0.619889 
2456795.265307 0.000000 0.000000     1.338856     0.674149 
2456796.979435 0.000000 0.000000     1.441934     0.760923 
2456798.693563 0.000000 0.000000     1.290670     0.819337 
2456800.407691 0.000000 0.000000     0.982007     0.835396 
2456802.121819 0.000000 0.000000     0.652428     0.815842 
2456803.835947 0.000000 0.000000     0.409086     0.777880 
2456805.550075 0.000000 0.000000     0.287129     0.740716 
2456807.264203 0.000000 0.000000     0.252448     0.713622 
2456808.978331 0.000000 0.000000     0.241817     0.693678 
2456810.692459 0.000000 0.000000     0.211763     0.680995 
2456812.406586 0.000000 0.000000     0.164963     0.690595 
2456814.120714 0.000000 0.000000     0.139237     0.734685 
2456815.834842 0.000000 0.000000     0.168870     0.796337 
2456817.548970 0.000000 0.000000     0.245966     0.845727 
2456819.263098 0.000000 0.000000     0.309907     0.863747 
2456820.977226 0.000000 0.000000     0.275499     0.847829 
2456822.691354 0.000000 0.000000     0.085583     0.813759 
2456824.405482 0.000000 0.000000    -0.243194     0.791051 
2456826.119610 0.000000 0.000000    -0.611428     0.793698 
2456827.833738 0.000000 0.000000    -0.875098     0.798766 
2456829.547866 0.000000 0.000000    -0.913966     0.776585 
2456831.261994 0.000000 0.000000    -0.694556     0.720826 
2456832.976122 0.000000 0.000000    -0.292714     0.668132 
2456834.690250 0.000000 0.000000     0.138720     0.688679 
2456836.404377 0.000000 0.000000     0.442237     0.765147 
2456838.118505 0.000000 0.000000     0.531135     0.827718 
2456839.832633 0.000000 0.000000     0.429016     0.848854 
2456841.546761 0.000000 0.000000     0.253105     0.830400 
2456843.260889 0.000000 0.000000     0.150831     0.787704 
2456844.975017 0.000000 0.000000     0.223463     0.740413 
2456846.689145 0.000000 0.000000     0.476388     0.707141 
2456848.403273 0.000000 0.000000     0.820238     0.708030 
2456850.117401 0.000000 0.000000     1.119375     0.751338 
2456851.831529 0.000000 0.000000     1.259722     0.810891 
2456853.545657 0.000000 0.000000     1.199684     0.849332 
2456855.259785 0.000000 0.000000     0.979669     0.842877 
2456856.973913 0.000000 0.000000     0.689907     0.783415 
2456858.688041 0.000000 0.000000     0.418839     0.681025 
2456860.402168 0.000000 0.000000     0.212686     0.591659 
2456862.116296 0.000000 0.000000     0.067222     0.613497 
2456863.830424 0.000000 0.000000    -0.048287     0.691217 
2456865.544552 0.000000 0.000000    -0.154510     0.738244 
2456867.258680 0.000000 0.000000    -0.238865     0.737646 
2456868.972808 0.000000 0.000000    -0.261803     0.706863 
2456870.686936 0.000000 0.000000    -0.188760     0.695503 
2456872.401064 0.000000 0.000000    -0.026473     0.744020 
2456874.115192 0.000000 0.000000     0.161943     0.820738 
2456875.829320 0.000000 0.000000     0.277031     0.883649 
2456877.543448 0.000000 0.000000     0.230899     0.921075 
2456879.257576 0.000000 0.000000    -0.002144     0.939645 
2456880.971704 0.000000 0.000000    -0.361379     0.948523 
2456882.685832 0.000000 0.000000    -0.718220     0.947699 
2456884.399959 0.000000 0.000000    -0.930983     0.928584 
2456886.114087 0.000000 0.000000    -0.909286     0.886361 
2456887.828215 0.000000 0.000000    -0.655362     0.834192 
2456889.542343 0.000000 0.000000    -0.261187     0.806465 
2456891.256471 0.000000 0.000000     0.136758     0.821450 
2456892.970599 0.000000 0.000000     0.421445     0.847699 
2456894.684727 0.000000 0.000000     0.545386     0.847109 
2456896.398855 0.000000 0.000000     0.542732     0.805957 
2456898.112983 0.000000 0.000000     0.500088     0.735404 
2456899.827111 0.000000 0.000000     0.504268     0.675105 
2456901.541239 0.000000 0.000000     0.595885     0.677702 
2456903.255367 0.000000 0.000000     0.752287     0.739554 
2456904.969495 0.000000 0.000000     0.905811     0.818568 
2456906.683623 0.000000 0.000000     0.983863     0.889070 
2456908.397750 0.000000 0.000000     0.946895     0.936254 
2456910.111878 0.000000 0.000000     0.803911     0.949341 
2456911.826006 0.000000 0.000000     0.599867     0.923584 
2456913.540134 0.000000 0.000000     0.385933     0.865209 
2456915.254262 0.000000 0.000000     0.192452     0.799923 
2456916.968390 0.000000 0.000000     0.020836     0.773730 
2456918.682518 0.000000 0.000000    -0.142604     0.803376 
2456920.396646 0.000000 0.000000    -0.302272     0.847979 
2456922.110774 0.000000 0.000000    -0.436521     0.869995 
2456923.824902 0.000000 0.000000    -0.501748     0.859951 
2456925.539030 0.000000 0.000000    -0.457078     0.832265 
2456927.253158 0.000000 0.000000    -0.295500     0.820554 
2456928.967286 0.000000 0.000000    -0.061638     0.849867 
2456930.681414 0.000000 0.000000     0.157428     0.905320 
2456932.395541 0.000000 0.000000     0.267029     0.958403 
2456934.109669 0.000000 0.000000     0.209165     0.995664 
2456935.823797 0.000000 0.000000    -0.006713     1.016825 
2456937.537925 0.000000 0.000000    -0.303349     1.025273 
2456939.252053 0.000000 0.000000    -0.567310     1.022105 
2456940.966181 0.000000 0.000000    -0.697661     1.007125 
2456942.680309 0.000000 0.000000    -0.648029     0.984591 
2456944.394437 0.000000 0.000000    -0.442129     0.965772 
2456946.108565 0.000000 0.000000    -0.156747     0.960259 
2456947.822693 0.000000 0.000000     0.117333     0.962734 
2456949.536821 0.000000 0.000000     0.315754     0.956160 
2456951.250949 0.000000 0.000000     0.422685     0.927518 
2456952.965077 0.000000 0.000000     0.466071     0.877770 
2456954.679205 0.000000 0.000000     0.492112     0.824911 
2456956.393332 0.000000 0.000000     0.535113     0.799085 
2456958.107460 0.000000 0.000000     0.599308     0.818014 
2456959.821588 0.000000 0.000000     0.660730     0.868286 
2456961.535716 0.000000 0.000000     0.685139     0.926095 
2456963.249844 0.000000 0.000000     0.649542     0.974703 
2456964.963972 0.000000 0.000000     0.554309     1.004460 
2456966.678100 0.000000 0.000000     0.420034     1.011463 
2456968.392228 0.000000 0.000000     0.273166     0.998205 
2456970.106356 0.000000 0.000000     0.131010     0.974211 
2456971.820484 0.000000 0.000000    -0.003807     0.953749 
2456973.534612 0.000000 0.000000    -0.136261     0.947612 
2456975.248740 0.000000 0.000000    -0.264874     0.954070 
2456976.962868 0.000000 0.000000    -0.371337     0.961508 
2456978.676996 0.000000 0.000000    -0.422609     0.959850 
2456980.391123 0.000000 0.000000    -0.386505     0.948233 
2456982.105251 0.000000 0.000000    -0.252886     0.935981 
2456983.819379 0.000000 0.000000    -0.047867     0.936601 
2456985.533507 0.000000 0.000000     0.168844     0.955775 
2456987.247635 0.000000 0.000000     0.324663     0.986041 
2456988.961763 0.000000 0.000000     0.364048     1.015491 
2456990.675891 0.000000 0.000000     0.273174     1.036934 
2456992.390019 0.000000 0.000000     0.086894     1.049088 
2456994.104147 0.000000 0.000000    -0.125786     1.053436 
2456995.818275 0.000000 0.000000    -0.290818     1.051601 
2456997.532403 0.000000 0.000000    -0.358855     1.045470 
2456999.246531 0.000000 0.000000    -0.321917     1.038416 
2457000.960659 0.000000 0.000000    -0.210414     1.033902 
2457002.674787 0.000000 0.000000    -0.073949     1.031413 
2457004.388914 0.000000 0.000000     0.043150     1.025292 
2457006.103042 0.000000 0.000000     0.119279     1.009486 
2457007.817170 0.000000 0.000000     0.158749     0.983539 
2457009.531298 0.000000 0.000000     0.181620     0.954580 
2457011.245426 0.000000 0.000000     0.207785     0.933584 
2457012.959554 0.000000 0.000000     0.244674     0.927998 
2457014.673682 0.000000 0.000000     0.284495     0.937842 
2457016.387810 0.000000 0.000000     0.310703     0.958573 
2457018.101938 0.000000 0.000000     0.308316     0.984431 
2457019.816066 0.000000 0.000000     0.271453     1.009178 
2457021.530194 0.000000 0.000000     0.204346     1.027230 
2457023.244322 0.000000 0.000000     0.116845     1.035870 
2457024.958450 0.000000 0.000000     0.018845     1.036328 
2457026.672578 0.000000 0.000000    -0.081855     1.032257 
2457028.386705 0.000000 0.000000    -0.176926     1.026379 
2457030.100833 0.000000 0.000000    -0.252862     1.018237 
2457031.814961 0.000000 0.000000    -0.289239     1.005409 
2457033.529089 0.000000 0.000000    -0.263427     0.986805 
2457035.243217 0.000000 0.000000    -0.161165     0.965041 
2457036.957345 0.000000 0.000000     0.012091     0.946586 
2457038.671473 0.000000 0.000000     0.225966     0.939551 
2457040.385601 0.000000 0.000000     0.430762     0.949049 
2457042.099729 0.000000 0.000000     0.573218     0.972792 
2457043.813857 0.000000 0.000000     0.616135     1.002204 
2457045.527985 0.000000 0.000000     0.552931     1.028342 
2457047.242113 0.000000 0.000000     0.410075     1.046428 
2457048.956241 0.000000 0.000000     0.235949     1.056239 
2457050.670369 0.000000 0.000000     0.081213     1.059950 
2457052.384496 0.000000 0.000000    -0.020375     1.060093 
2457054.098624 0.000000 0.000000    -0.062228     1.058941 
2457055.812752 0.000000 0.000000    -0.062526     1.057926 
2457057.526880 0.000000 0.000000    -0.051561     1.055825 
2457059.241008 0.000000 0.000000    -0.055792     1.047956 
2457060.955136 0.000000 0.000000    -0.086307     1.029235 
2457062.669264 0.000000 0.000000    -0.136317     0.999536 
2457064.383392 0.000000 0.000000    -0.187342     0.966791 
2457066.097520 0.000000 0.000000    -0.219732     0.943227 
2457067.811648 0.000000 0.000000    -0.221859     0.934669 
2457069.525776 0.000000 0.000000    -0.194150     0.935649 
2457071.239904 0.000000 0.000000    -0.147417     0.938839 
2457072.954032 0.000000 0.000000    -0.097782     0.944535 
2457074.668160 0.000000 0.000000    -0.061315     0.958169 
2457076.382287 0.000000 0.000000    -0.050348     0.980839 
2457078.096415 0.000000 0.000000    -0.071458     1.006274 
2457079.810543 0.000000 0.000000    -0.123959     1.027190 
2457081.524671 0.000000 0.000000    -0.198101     1.040463 
2457083.238799 0.000000 0.000000    -0.273777     1.045622 
2457084.952927 0.000000 0.000000    -0.321853     1.040752 
2457086.667055 0.000000 0.000000    -0.310074     1.021678 
2457088.381183 0.000000 0.000000    -0.213357     0.985465 
2457090.095311 0.000000 0.000000    -0.025340     0.934781 
2457091.809439 0.000000 0.000000     0.234003     0.880433 
2457093.523567 0.000000 0.000000     0.519424     0.841064 
2457095.237695 0.000000 0.000000     0.771642     0.835758 
2457096.951823 0.000000 0.000000     0.935632     0.867874 
2457098.665951 0.000000 0.000000     0.979062     0.920851 
2457100.380078 0.000000 0.000000     0.903210     0.974202 
2457102.094206 0.000000 0.000000     0.741509     1.015456 
2457103.808334 0.000000 0.000000     0.546128     1.041292 
2457105.522462 0.000000 0.000000     0.368175     1.054325 
2457107.236590 0.000000 0.000000     0.239784     1.059258 
2457108.950718 0.000000 0.000000     0.165230     1.060466 
2457110.664846 0.000000 0.000000     0.123959     1.061089 
2457112.378974 0.000000 0.000000     0.083195     1.061297 
2457114.093102 0.000000 0.000000     0.013959     1.055776 
2457115.807230 0.000000 0.000000    -0.096406     1.034816 
2457117.521358 0.000000 0.000000    -0.239784     0.990542 
2457119.235486 0.000000 0.000000    -0.391573     0.925088 
2457120.949614 0.000000 0.000000    -0.520790     0.857451 
2457122.663742 0.000000 0.000000    -0.601338     0.817702 
2457124.377869 0.000000 0.000000    -0.620333     0.813154 
2457126.091997 0.000000 0.000000    -0.581311     0.817745 
2457127.806125 0.000000 0.000000    -0.502336     0.813835 
2457129.520253 0.000000 0.000000    -0.410411     0.814178 
2457131.234381 0.000000 0.000000    -0.333971     0.843134 
2457132.948509 0.000000 0.000000    -0.295042     0.898565 
2457134.662637 0.000000 0.000000    -0.302438     0.955554 
2457136.376765 0.000000 0.000000    -0.347485     0.996994 
2457138.090893 0.000000 0.000000    -0.403934     1.019944 
2457139.805021 0.000000 0.000000    -0.433211     1.026949 
2457141.519149 0.000000 0.000000    -0.394855     1.017827 
2457143.233277 0.000000 0.000000    -0.259826     0.988440 
2457144.947405 0.000000 0.000000    -0.022544     0.935537 
2457146.661533 0.000000 0.000000     0.293070     0.862315 
2457148.375660 0.000000 0.000000     0.636813     0.783311 
2457150.089788 0.000000 0.000000     0.944759     0.730700 
2457151.803916 0.000000 0.000000     1.157534     0.741995 
2457153.518044 0.000000 0.000000     1.238100     0.809763 
2457155.232172 0.000000 0.000000     1.182618     0.892711 
2457156.946300 0.000000 0.000000     1.020382     0.963387 
2457158.660428 0.000000 0.000000     0.802865     1.012425 
2457160.374556 0.000000 0.000000     0.585986     1.040807 
2457162.088684 0.000000 0.000000     0.412092     1.054172 
2457163.802812 0.000000 0.000000     0.297988     1.058847 
2457165.516940 0.000000 0.000000     0.232788     1.060084 
2457167.231068 0.000000 0.000000     0.185663     1.061158 
2457168.945196 0.000000 0.000000     0.120032     1.060530 
2457170.659324 0.000000 0.000000     0.008796     1.049320 
2457172.373451 0.000000 0.000000    -0.154763     1.014245 
2457174.087579 0.000000 0.000000    -0.353958     0.945106 
2457175.801707 0.000000 0.000000    -0.554264     0.843506 
2457177.515835 0.000000 0.000000    -0.715305     0.735600 
2457179.229963 0.000000 0.000000    -0.805020     0.677043 
2457180.944091 0.000000 0.000000    -0.811125     0.678977 
2457182.658219 0.000000 0.000000    -0.745804     0.681653 
2457184.372347 0.000000 0.000000    -0.641828     0.664828 
2457186.086475 0.000000 0.000000    -0.541138     0.676488 
2457187.800603 0.000000 0.000000    -0.479693     0.754010 
2457189.514731 0.000000 0.000000    -0.473884     0.850564 
2457191.228859 0.000000 0.000000    -0.513538     0.922500 
2457192.942987 0.000000 0.000000    -0.564345     0.960120 
2457194.657115 0.000000 0.000000    -0.579175     0.971215 
2457196.371242 0.000000 0.000000    -0.514428     0.967166 
2457198.085370 0.000000 0.000000    -0.345648     0.953271 
2457199.799498 0.000000 0.000000    -0.076925     0.928421 
2457201.513626 0.000000 0.000000     0.259027     0.893139 
2457203.227754 0.000000 0.000000     0.609747     0.855653 
2457204.941882 0.000000 0.000000     0.917438     0.829958 
2457206.656010 0.000000 0.000000     1.133934     0.828266 
2457208.370138 0.000000 0.000000     1.231717     0.854355 
2457210.084266 0.000000 0.000000     1.208450     0.901152 
2457211.798394 0.000000 0.000000     1.084840     0.954227 
2457213.512522 0.000000 0.000000     0.897493     1.000081 
2457215.226650 0.000000 0.000000     0.689113     1.032003 
2457216.940778 0.000000 0.000000     0.498335     1.050176 
2457218.654906 0.000000 0.000000     0.351044     1.058401 
2457220.369033 0.000000 0.000000     0.254795     1.061034 
2457222.083161 0.000000 0.000000     0.197792     1.061786 
2457223.797289 0.000000 0.000000     0.153386     1.062567 
2457225.511417 0.000000 0.000000     0.089762     1.060758 
2457227.225545 0.000000 0.000000    -0.017511     1.048210 
2457228.939673 0.000000 0.000000    -0.174313     1.015463 
2457230.653801 0.000000 0.000000    -0.362994     0.959318 
2457232.367929 0.000000 0.000000    -0.546811     0.890601 
2457234.082057 0.000000 0.000000    -0.683326     0.836438 
2457235.796185 0.000000 0.000000    -0.742046     0.817986 
2457237.510313 0.000000 0.000000    -0.718784     0.819677 
2457239.224441 0.000000 0.000000    -0.639664     0.815222 
2457240.938569 0.000000 0.000000    -0.551716     0.806881 
2457242.652697 0.000000 0.000000    -0.503022     0.821717 
2457244.366824 0.000000 0.000000    -0.520670     0.866372 
2457246.080952 0.000000 0.000000    -0.596467     0.910842 
2457247.795080 0.000000 0.000000    -0.687498     0.927628 
2457249.509208 0.000000 0.000000    -0.732063     0.911224 
2457251.223336 0.000000 0.000000    -0.674547     0.874613 
2457252.937464 0.000000 0.000000    -0.488533     0.838605 
2457254.651592 0.000000 0.000000    -0.188282     0.817112 
2457256.365720 0.000000 0.000000     0.175966     0.813157 
2457258.079848 0.000000 0.000000     0.536066     0.828249 
2457259.793976 0.000000 0.000000     0.829003     0.861181 
2457261.508104 0.000000 0.000000     1.015067     0.901853 
2457263.222232 0.000000 0.000000     1.084718     0.939108 
2457264.936360 0.000000 0.000000     1.053634     0.969576 
2457266.650488 0.000000 0.000000     0.950829     0.995700 
2457268.364615 0.000000 0.000000     0.806788     1.019121 
2457270.078743 0.000000 0.000000     0.646696     1.038379 
2457271.792871 0.000000 0.000000     0.489574     1.051705 
2457273.506999 0.000000 0.000000     0.350300     1.059271 
2457275.221127 0.000000 0.000000     0.240370     1.062637 
2457276.935255 0.000000 0.000000     0.165362     1.063628 
2457278.649383 0.000000 0.000000     0.120671     1.063943 
2457280.363511 0.000000 0.000000     0.089673     1.064216 
2457282.077639 0.000000 0.000000     0.047960     1.062452 
2457283.791767 0.000000 0.000000    -0.026241     1.054364 
2457285.505895 0.000000 0.000000    -0.139898     1.036684 
2457287.220023 0.000000 0.000000    -0.278165     1.011263 
2457288.934151 0.000000 0.000000    -0.407976     0.986407 
2457290.648279 0.000000 0.000000    -0.492424     0.971673 
2457292.362406 0.000000 0.000000    -0.509807     0.968111 
2457294.076534 0.000000 0.000000    -0.467530     0.967362 
2457295.790662 0.000000 0.000000    -0.402400     0.963615 
2457297.504790 0.000000 0.000000    -0.365222     0.961871 
2457299.218918 0.000000 0.000000    -0.395796     0.969512 
2457300.933046 0.000000 0.000000    -0.500211     0.980083 
2457302.647174 0.000000 0.000000    -0.642293     0.974527 
2457304.361302 0.000000 0.000000    -0.754816     0.937539 
2457306.075430 0.000000 0.000000    -0.766554     0.868156 
2457307.789558 0.000000 0.000000    -0.633238     0.782194 
2457309.503686 0.000000 0.000000    -0.358160     0.709946 
2457311.217814 0.000000 0.000000     0.007086     0.683946 
2457312.931942 0.000000 0.000000     0.381891     0.716404 
2457314.646070 0.000000 0.000000     0.686793     0.789984 
2457316.360197 0.000000 0.000000     0.870737     0.874129 
2457318.074325 0.000000 0.000000     0.924001     0.945476 
2457319.788453 0.000000 0.000000     0.872977     0.994710 
2457321.502581 0.000000 0.000000     0.761876     1.023858 
2457323.216709 0.000000 0.000000     0.631902     1.040199 
2457324.930837 0.000000 0.000000     0.507974     1.050182 
2457326.644965 0.000000 0.000000     0.397494     1.056857 
2457328.359093 0.000000 0.000000     0.298477     1.061159 
2457330.073221 0.000000 0.000000     0.209643     1.063621 
2457331.787349 0.000000 0.000000     0.135303     1.064746 
2457333.501477 0.000000 0.000000     0.082430     1.065051 
2457335.215605 0.000000 0.000000     0.053068     1.065136 
2457336.929733 0.000000 0.000000     0.038579     1.065149 
2457338.643861 0.000000 0.000000     0.021080     1.064212 
2457340.357988 0.000000 0.000000    -0.017488     1.060959 
2457342.072116 0.000000 0.000000    -0.083728     1.054907 
2457343.786244 0.000000 0.000000    -0.166183     1.047395 
2457345.500372 0.000000 0.000000    -0.239145     1.041131 
2457347.214500 0.000000 0.000000    -0.276242     1.038058 
2457348.928628 0.000000 0.000000    -0.266945     1.037273 
2457350.642756 0.000000 0.000000    -0.226321     1.036184 
2457352.356884 0.000000 0.000000    -0.191149     1.034419 
2457354.071012 0.000000 0.000000    -0.202588     1.034606 
2457355.785140 0.000000 0.000000    -0.283282     1.036701 
2457357.499268 0.000000 0.000000    -0.420755     1.033012 
2457359.213396 0.000000 0.000000    -0.566712     1.012565 
2457360.927524 0.000000 0.000000    -0.654282     0.970578 
2457362.641652 0.000000 0.000000    -0.626143     0.914200 
2457364.355779 0.000000 0.000000    -0.460593     0.860698 
2457366.069907 0.000000 0.000000    -0.183164     0.827222 
2457367.784035 0.000000 0.000000     0.141832     0.821570 
2457369.498163 0.000000 0.000000     0.435901     0.844896 
2457371.212291 0.000000 0.000000     0.635678     0.892019 
2457372.926419 0.000000 0.000000     0.713833     0.948060 
2457374.640547 0.000000 0.000000     0.683203     0.996739 
2457376.354675 0.000000 0.000000     0.584255     1.029866 
2457378.068803 0.000000 0.000000     0.463768     1.048171 
2457379.782931 0.000000 0.000000     0.355729     1.056873 
2457381.497059 0.000000 0.000000     0.272800     1.060940 
2457383.211187 0.000000 0.000000     0.210148     1.063077 
2457384.925315 0.000000 0.000000     0.156777     1.064333 
2457386.639443 0.000000 0.000000     0.106381     1.065082 
2457388.353570 0.000000 0.000000     0.061427     1.065443 
2457390.067698 0.000000 0.000000     0.029231     1.065527 
2457391.781826 0.000000 0.000000     0.014054     1.065535 
2457393.495954 0.000000 0.000000     0.011448     1.065510 
2457395.210082 0.000000 0.000000     0.009195     1.065209 
2457396.924210 0.000000 0.000000    -0.005438     1.064381 
2457398.638338 0.000000 0.000000    -0.036882     1.063060 
2457400.352466 0.000000 0.000000    -0.077001     1.061608 
2457402.066594 0.000000 0.000000    -0.108945     1.060536 
2457403.780722 0.000000 0.000000    -0.117622     1.060067 
2457405.494850 0.000000 0.000000    -0.100858     1.059795 
2457407.208978 0.000000 0.000000    -0.074137     1.059210 
2457408.923106 0.000000 0.000000    -0.064971     1.058703 
2457410.637234 0.000000 0.000000    -0.098707     1.058980 
2457412.351361 0.000000 0.000000    -0.182780     1.058643 
2457414.065489 0.000000 0.000000    -0.298062     1.053443 
2457415.779617 0.000000 0.000000    -0.402891     1.039600 
2457417.493745 0.000000 0.000000    -0.449030     1.018107 
2457419.207873 0.000000 0.000000    -0.402587     0.995226 
2457420.922001 0.000000 0.000000    -0.260014     0.977972 
2457422.636129 0.000000 0.000000    -0.051450     0.969380 
2457424.350257 0.000000 0.000000     0.170326     0.969490 
2457426.064385 0.000000 0.000000     0.350205     0.978698 
2457427.778513 0.000000 0.000000     0.450986     0.996521 
2457429.492641 0.000000 0.000000     0.464688     1.018613 
2457431.206769 0.000000 0.000000     0.410808     1.038550 
2457432.920897 0.000000 0.000000     0.323817     1.052259 
2457434.635025 0.000000 0.000000     0.236896     1.059654 
2457436.349152 0.000000 0.000000     0.169803     1.062944 
2457438.063280 0.000000 0.000000     0.125635     1.064309 
2457439.777408 0.000000 0.000000     0.096155     1.064937 
2457441.491536 0.000000 0.000000     0.071071     1.065290 
2457443.205664 0.000000 0.000000     0.045460     1.065510 
2457444.919792 0.000000 0.000000     0.021559     1.065614 
2457446.633920 0.000000 0.000000     0.005058     1.065633 
2457448.348048 0.000000 0.000000    -0.000687     1.065630 
2457450.062176 0.000000 0.000000     0.001769     1.065620 
2457451.776304 0.000000 0.000000     0.005029     1.065561 
2457453.490432 0.000000 0.000000     0.001719     1.065433 
2457455.204560 0.000000 0.000000    -0.010252     1.065264 
2457456.918688 0.000000 0.000000    -0.025804     1.065096 
2457458.632816 0.000000 0.000000    -0.035790     1.064980 
2457460.346943 0.000000 0.000000    -0.033478     1.064919 
2457462.061071 0.000000 0.000000    -0.020439     1.064819 
2457463.775199 0.000000 0.000000    -0.007849     1.064640 
2457465.489327 0.000000 0.000000    -0.011678     1.064563 
2457467.203455 0.000000 0.000000    -0.043783     1.064628 
2457468.917583 0.000000 0.000000    -0.103588     1.064077 
2457470.631711 0.000000 0.000000    -0.175143     1.061533 
2457472.345839 0.000000 0.000000    -0.231830     1.056329 
2457474.059967 0.000000 0.000000    -0.247057     1.049552 
2457475.774095 0.000000 0.000000    -0.206064     1.043366 
2457477.488223 0.000000 0.000000    -0.113177     1.039302 
2457479.202351 0.000000 0.000000     0.009029     1.037597 
2457480.916479 0.000000 0.000000     0.128334     1.038129 
2457482.630607 0.000000 0.000000     0.215239     1.041119 
2457484.344734 0.000000 0.000000     0.253463     1.046433 
2457486.058862 0.000000 0.000000     0.244142     1.052812 
2457487.772990 0.000000 0.000000     0.202518     1.058439 
2457489.487118 0.000000 0.000000     0.149496     1.062204 
2457491.201246 0.000000 0.000000     0.102523     1.064163 
2457492.915374 0.000000 0.000000     0.069960     1.065001 
2457494.629502 0.000000 0.000000     0.050837     1.065336 
2457496.343630 0.000000 0.000000     0.038944     1.065487 
2457498.057758 0.000000 0.000000     0.028251     1.065572 
2457499.771886 0.000000 0.000000     0.016519     1.065625 
2457501.486014 0.000000 0.000000     0.005531     1.065648 
2457503.200142 0.000000 0.000000    -0.001433     1.065651 
2457504.914270 0.000000 0.000000    -0.002738     1.065650 
2457506.628398 0.000000 0.000000     0.000054     1.065648 
2457508.342525 0.000000 0.000000     0.003130     1.065641 
2457510.056653 0.000000 0.000000     0.003076     1.065628 
2457511.770781 0.000000 0.000000    -0.000694     1.065615 
2457513.484909 0.000000 0.000000    -0.005476     1.065602 
2457515.199037 0.000000 0.000000    -0.007213     1.065590 
2457516.913165 0.000000 0.000000    -0.003680     1.065578 
2457518.627293 0.000000 0.000000     0.003141     1.065552 
2457520.341421 0.000000 0.000000     0.007197     1.065519 
2457522.055549 0.000000 0.000000     0.001290     1.065516 
2457523.769677 0.000000 0.000000    -0.018612     1.065511 
2457525.483805 0.000000 0.000000    -0.050042     1.065298 
2457527.197933 0.000000 0.000000    -0.083708     1.064612 
2457528.912061 0.000000 0.000000    -0.106676     1.063423 
2457530.626189 0.000000 0.000000    -0.107768     1.062057 
2457532.340316 0.000000 0.000000    -0.082620     1.060938 
2457534.054444 0.000000 0.000000    -0.035971     1.060277 
2457535.768572 0.000000 0.000000     0.019942     1.060062 
2457537.482700 0.000000 0.000000     0.070141     1.060283 
2457539.196828 0.000000 0.000000     0.102579     1.060987 
2457540.910956 0.000000 0.000000     0.112216     1.062106 
2457542.625084 0.000000 0.000000     0.101850     1.063353 
2457544.339212 0.000000 0.000000     0.079719     1.064387 
2457546.053340 0.000000 0.000000     0.055329     1.065041 
2457547.767468 0.000000 0.000000     0.035625     1.065366 
2457549.481596 0.000000 0.000000     0.023117     1.065506 
2457551.195724 0.000000 0.000000     0.016425     1.065570 
2457552.909852 0.000000 0.000000     0.012429     1.065607 
2457554.623980 0.000000 0.000000     0.008605     1.065631 
2457556.338107 0.000000 0.000000     0.004282     1.065645 
2457558.052235 0.000000 0.000000     0.000405     1.065652 
2457559.766363 0.000000 0.000000    -0.001699     1.065653 
2457561.480491 0.000000 0.000000    -0.001578     1.065654 
2457563.194619 0.000000 0.000000    -0.000094     1.065654 
2457564.908747 0.000000 0.000000     0.001168     1.065653 
2457566.622875 0.000000 0.000000     0.001020     1.065651 
2457568.337003 0.000000 0.000000    -0.000488     1.065648 
2457570.051131 0.000000 0.000000    -0.002099     1.065644 
2457571.765259 0.000000 0.000000    -0.002276     1.065640 
2457573.479387 0.000000 0.000000    -0.000443     1.065636 
2457575.193515 0.000000 0.000000     0.002286     1.065630 
2457576.907643 0.000000 0.000000     0.003427     1.065625 
2457578.621771 0.000000 0.000000     0.000428     1.065625 
2457580.335898 0.000000 0.000000    -0.007712     1.065621 
2457582.050026 0.000000 0.000000    -0.019432     1.065584 
2457583.764154 0.000000 0.000000    -0.030837     1.065482 
2457585.478282 0.000000 0.000000    -0.037175     1.065323 
2457587.192410 0.000000 0.000000    -0.034920     1.065155 
2457588.906538 0.000000 0.000000    -0.023454     1.065029 
2457590.620666 0.000000 0.000000    -0.005534     1.064965 
2457592.334794 0.000000 0.000000     0.013695     1.064948 
2457594.048922 0.000000 0.000000     0.028695     1.064956 
2457595.763050 0.000000 0.000000     0.035627     1.064972 
2457597.477178 0.000000 0.000000     0.033622     1.064982 
2457599.191306 0.000000 0.000000     0.024765     1.064977 
2457600.905434 0.000000 0.000000     0.012915     1.064965 
2457602.619562 0.000000 0.000000     0.002006     1.064970 
2457604.333689 0.000000 0.000000    -0.005383     1.065020 
2457606.047817 0.000000 0.000000    -0.008617     1.065125 
2457607.761945 0.000000 0.000000    -0.008670     1.065267 
2457609.476073 0.000000 0.000000    -0.007205     1.065411 
2457611.190201 0.000000 0.000000    -0.005624     1.065523 
2457612.904329 0.000000 0.000000    -0.004554     1.065591 
2457614.618457 0.000000 0.000000    -0.003900     1.065624 
2457616.332585 0.000000 0.000000    -0.003294     1.065639 
2457618.046713 0.000000 0.000000    -0.002562     1.065646 
2457619.760841 0.000000 0.000000    -0.001913     1.065650 
2457621.474969 0.000000 0.000000    -0.001751     1.065651 
2457623.189097 0.000000 0.000000    -0.002300     1.065650 
2457624.903225 0.000000 0.000000    -0.003313     1.065646 
2457626.617353 0.000000 0.000000    -0.004114     1.065639 
2457628.331480 0.000000 0.000000    -0.003962     1.065629 
2457630.045608 0.000000 0.000000    -0.002552     1.065616 
2457631.759736 0.000000 0.000000    -0.000320     1.065603 
2457633.473864 0.000000 0.000000     0.001670     1.065592 
2457635.187992 0.000000 0.000000     0.002260     1.065586 
2457636.902120 0.000000 0.000000     0.000886     1.065587 
2457638.616248 0.000000 0.000000    -0.001954     1.065590 
2457640.330376 0.000000 0.000000    -0.004770     1.065583 
2457642.044504 0.000000 0.000000    -0.005726     1.065560 
2457643.758632 0.000000 0.000000    -0.003608     1.065530 
2457645.472760 0.000000 0.000000     0.001358     1.065519 
2457647.186888 0.000000 0.000000     0.007282     1.065514 
2457648.901016 0.000000 0.000000     0.011176     1.065397 
2457650.615144 0.000000 0.000000     0.010125     1.064977 
2457652.329271 0.000000 0.000000     0.002567     1.064135 
2457654.043399 0.000000 0.000000    -0.010881     1.062967 
2457655.757527 0.000000 0.000000    -0.027464     1.061770 
2457657.471655 0.000000 0.000000    -0.043201     1.060892 
2457659.185783 0.000000 0.000000    -0.054302     1.060581 
2457660.899911 0.000000 0.000000    -0.058474     1.060912 
2457662.614039 0.000000 0.000000    -0.055588     1.061778 
2457664.328167 0.000000 0.000000    -0.047469     1.062914 
2457666.042295 0.000000 0.000000    -0.036975     1.063995 
2457667.756423 0.000000 0.000000    -0.026842     1.064786 
2457669.470551 0.000000 0.000000    -0.018816     1.065241 
2457671.184679 0.000000 0.000000    -0.013392     1.065456 
2457672.898807 0.000000 0.000000    -0.010132     1.065549 
2457674.612935 0.000000 0.000000    -0.008277     1.065592 
2457676.327062 0.000000 0.000000    -0.007224     1.065616 
2457678.041190 0.000000 0.000000    -0.006656     1.065631 
2457679.755318 0.000000 0.000000    -0.006321     1.065637 
2457681.469446 0.000000 0.000000    -0.005750     1.065620 
2457683.183574 0.000000 0.000000    -0.004201     1.065563 
2457684.897702 0.000000 0.000000    -0.000968     1.065457 
2457686.611830 0.000000 0.000000     0.004097     1.065310 
2457688.325958 0.000000 0.000000     0.010214     1.065158 
2457690.040086 0.000000 0.000000     0.015791     1.065043 
2457691.754214 0.000000 0.000000     0.019103     1.064997 
2457693.468342 0.000000 0.000000     0.019239     1.065026 
2457695.182470 0.000000 0.000000     0.016785     1.065108 
2457696.896598 0.000000 0.000000     0.013738     1.065181 
2457698.610726 0.000000 0.000000     0.012521     1.065189 
2457700.324853 0.000000 0.000000     0.014494     1.065174 
2457702.038981 0.000000 0.000000     0.018699     1.065225 
2457703.753109 0.000000 0.000000     0.021625     1.065163 
2457705.467237 0.000000 0.000000     0.018308     1.064286 
2457707.181365 0.000000 0.000000     0.004461     1.061663 
2457708.895493 0.000000 0.000000    -0.021298     1.056916 
2457710.609621 0.000000 0.000000    -0.056173     1.050784 
2457712.323749 0.000000 0.000000    -0.093602     1.044909 
2457714.037877 0.000000 0.000000    -0.125308     1.041035 
2457715.752005 0.000000 0.000000    -0.144162     1.040276 
2457717.466133 0.000000 0.000000    -0.146655     1.042785 
2457719.180261 0.000000 0.000000    -0.133917     1.047727 
2457720.894389 0.000000 0.000000    -0.110933     1.053547 
2457722.608517 0.000000 0.000000    -0.084393     1.058646 
2457724.322644 0.000000 0.000000    -0.060237     1.062124 
2457726.036772 0.000000 0.000000    -0.041944     1.064010 
2457727.750900 0.000000 0.000000    -0.030154     1.064863 
2457729.465028 0.000000 0.000000    -0.023476     1.065222 
2457731.179156 0.000000 0.000000    -0.019808     1.065381 
2457732.893284 0.000000 0.000000    -0.017342     1.065468 
2457734.607412 0.000000 0.000000    -0.014849     1.065536 
2457736.321540 0.000000 0.000000    -0.011351     1.065549 
2457738.035668 0.000000 0.000000    -0.005742     1.065374 
2457739.749796 0.000000 0.000000     0.003132     1.064846 
2457741.463924 0.000000 0.000000     0.015790     1.063900 
2457743.178052 0.000000 0.000000     0.031273     1.062679 
2457744.892180 0.000000 0.000000     0.046813     1.061511 
2457746.606308 0.000000 0.000000     0.058557     1.060733 
2457748.320435 0.000000 0.000000     0.063229     1.060541 
2457750.034563 0.000000 0.000000     0.059953     1.060958 
2457751.748691 0.000000 0.000000     0.051147     1.061802 
2457753.462819 0.000000 0.000000     0.041719     1.062692 
2457755.176947 0.000000 0.000000     0.036634     1.063310 
2457756.891075 0.000000 0.000000     0.037923     1.063750 
2457758.605203 0.000000 0.000000     0.042689     1.064183 
2457760.319331 0.000000 0.000000     0.043391     1.063715 
2457762.033459 0.000000 0.000000     0.030664     1.059804 
2457763.747587 0.000000 0.000000    -0.002372     1.049579 
2457765.461715 0.000000 0.000000    -0.056267     1.032260 
2457767.175843 0.000000 0.000000    -0.123722     1.010694 
2457768.889971 0.000000 0.000000    -0.191356     0.990772 
2457770.604099 0.000000 0.000000    -0.244135     0.978979 
2457772.318226 0.000000 0.000000    -0.270630     0.979357 
2457774.032354 0.000000 0.000000    -0.266871     0.991482 
2457775.746482 0.000000 0.000000    -0.237197     1.010704 
2457777.460610 0.000000 0.000000    -0.191974     1.030665 
2457779.174738 0.000000 0.000000    -0.143383     1.046464 
2457780.888866 0.000000 0.000000    -0.101261     1.056375 
2457782.602994 0.000000 0.000000    -0.070671     1.061411 
2457784.317122 0.000000 0.000000    -0.051815     1.063591 
2457786.031250 0.000000 0.000000    -0.041727     1.064469 
2457787.745378 0.000000 0.000000    -0.036417     1.064819 
2457789.459506 0.000000 0.000000    -0.032316     1.065019 
2457791.173634 0.000000 0.000000    -0.026569     1.065207 
2457792.887762 0.000000 0.000000    -0.016662     1.065083 
2457794.601890 0.000000 0.000000    -0.000290     1.063859 
2457796.316017 0.000000 0.000000     0.023967     1.060712 
2457798.030145 0.000000 0.000000     0.055319     1.055521 
2457799.744273 0.000000 0.000000     0.089759     1.049273 
2457801.458401 0.000000 0.000000     0.120436     1.043709 
2457803.172529 0.000000 0.000000     0.139833     1.040446 
2457804.886657 0.000000 0.000000     0.143038     1.040344 
2457806.600785 0.000000 0.000000     0.130495     1.043320 
2457808.314913 0.000000 0.000000     0.108503     1.048289 
2457810.029041 0.000000 0.000000     0.086719     1.053459 
2457811.743169 0.000000 0.000000     0.073458     1.057459 
2457813.457297 0.000000 0.000000     0.070950     1.060253 
2457815.171425 0.000000 0.000000     0.073073     1.061976 
2457816.885553 0.000000 0.000000     0.067093     1.060206 
2457818.599681 0.000000 0.000000     0.039059     1.049249 
2457820.313808 0.000000 0.000000    -0.019417     1.023173 
2457822.027936 0.000000 0.000000    -0.106120     0.980193 
2457823.742064 0.000000 0.000000    -0.207438     0.925839 
2457825.456192 0.000000 0.000000    -0.302427     0.874546 
2457827.170320 0.000000 0.000000    -0.370068     0.847391 
2457828.884448 0.000000 0.000000    -0.396623     0.858796 
2457830.598576 0.000000 0.000000    -0.379976     0.901261 
2457832.312704 0.000000 0.000000    -0.329356     0.953837 
2457834.026832 0.000000 0.000000    -0.260973     0.999729 
2457835.740960 0.000000 0.000000    -0.191822     1.031665 
2457837.455088 0.000000 0.000000    -0.134420     1.049895 
2457839.169216 0.000000 0.000000    -0.094355     1.058553 
2457840.883344 0.000000 0.000000    -0.070900     1.062118 
2457842.597472 0.000000 0.000000    -0.059464     1.063421 
2457844.311599 0.000000 0.000000    -0.054137     1.063822 
2457846.025727 0.000000 0.000000    -0.049122     1.064113 
2457847.739855 0.000000 0.000000    -0.039029     1.064428 
2457849.453983 0.000000 0.000000    -0.018911     1.063373 
2457851.168111 0.000000 0.000000     0.014948     1.058106 
2457852.882239 0.000000 0.000000     0.063274     1.046076 
2457854.596367 0.000000 0.000000     0.121954     1.027320 
2457856.310495 0.000000 0.000000     0.181589     1.005532 
2457858.024623 0.000000 0.000000     0.229562     0.986953 
2457859.738751 0.000000 0.000000     0.254406     0.977579 
2457861.452879 0.000000 0.000000     0.250737     0.980422 
2457863.167007 0.000000 0.000000     0.222235     0.994137 
2457864.881135 0.000000 0.000000     0.180738     1.013497 
2457866.595263 0.000000 0.000000     0.141282     1.032083 
2457868.309390 0.000000 0.000000     0.115086     1.045913 
2457870.023518 0.000000 0.000000     0.103770     1.054707 
2457871.737646 0.000000 0.000000     0.097860     1.058928 
2457873.451774 0.000000 0.000000     0.080669     1.055394 
2457875.165902 0.000000 0.000000     0.036092     1.036796 
2457876.880030 0.000000 0.000000    -0.043194     0.995875 
2457878.594158 0.000000 0.000000    -0.150973     0.930232 
2457880.308286 0.000000 0.000000    -0.268480     0.846171 
2457882.022414 0.000000 0.000000    -0.370793     0.765484 
2457883.736542 0.000000 0.000000    -0.435787     0.732103 
2457885.450670 0.000000 0.000000    -0.451755     0.773113 
2457887.164798 0.000000 0.000000    -0.420618     0.853502 
2457888.878926 0.000000 0.000000    -0.355816     0.932108 
2457890.593054 0.000000 0.000000    -0.276423     0.991607 
2457892.307181 0.000000 0.000000    -0.200405     1.029263 
2457894.021309 0.000000 0.000000    -0.139826     1.049296 
2457895.735437 0.000000 0.000000    -0.099314     1.058301 
2457897.449565 0.000000 0.000000    -0.077311     1.061772 
2457899.163693 0.000000 0.000000    -0.068479     1.062733 
2457900.877821 0.000000 0.000000    -0.065673     1.062769 
2457902.591949 0.000000 0.000000    -0.060903     1.063057 
2457904.306077 0.000000 0.000000    -0.045864     1.063193 
2457906.020205 0.000000 0.000000    -0.013087     1.059325 
2457907.734333 0.000000 0.000000     0.041739     1.044922 
2457909.448461 0.000000 0.000000     0.116951     1.014549 
2457911.162589 0.000000 0.000000     0.203243     0.967948 
2457912.876717 0.000000 0.000000     0.284811     0.912699 
2457914.590845 0.000000 0.000000     0.343798     0.865009 
2457916.304972 0.000000 0.000000     0.366698     0.845414 
2457918.019100 0.000000 0.000000     0.349976     0.864081 
2457919.733228 0.000000 0.000000     0.302013     0.909795 
2457921.447356 0.000000 0.000000     0.239997     0.961686 
2457923.161484 0.000000 0.000000     0.182737     1.004690 
2457924.875612 0.000000 0.000000     0.142525     1.033541 
2457926.589740 0.000000 0.000000     0.119852     1.049925 
2457928.303868 0.000000 0.000000     0.103581     1.056797 
2457930.017996 0.000000 0.000000     0.076625     1.053532 
2457931.732124 0.000000 0.000000     0.024541     1.035997 
2457933.446252 0.000000 0.000000    -0.056971     1.001003 
2457935.160380 0.000000 0.000000    -0.159111     0.950837 
2457936.874508 0.000000 0.000000    -0.262824     0.895869 
2457938.588636 0.000000 0.000000    -0.345990     0.854944 
2457940.302763 0.000000 0.000000    -0.391590     0.848109 
2457942.016891 0.000000 0.000000    -0.393312     0.878709 
2457943.731019 0.000000 0.000000    -0.356571     0.929338 
2457945.445147 0.000000 0.000000    -0.295155     0.979800 
2457947.159275 0.000000 0.000000    -0.225619     1.018598 
2457948.873403 0.000000 0.000000    -0.162083     1.042952 
2457950.587531 0.000000 0.000000    -0.113300     1.055568 
2457952.301659 0.000000 0.000000    -0.082277     1.061020 
2457954.015787 0.000000 0.000000    -0.067451     1.062857 
2457955.729915 0.000000 0.000000    -0.064028     1.062914 
2457957.444043 0.000000 0.000000    -0.064749     1.062527 
2457959.158171 0.000000 0.000000    -0.060379     1.062786 
2457960.872299 0.000000 0.000000    -0.040878     1.062133 
2457962.586427 0.000000 0.000000     0.002075     1.054268 
2457964.300554 0.000000 0.000000     0.071560     1.030157 
2457966.014682 0.000000 0.000000     0.162428     0.982849 
2457967.728810 0.000000 0.000000     0.260777     0.911619 
2457969.442938 0.000000 0.000000     0.347024     0.825611 
2457971.157066 0.000000 0.000000     0.402044     0.751084 
2457972.871194 0.000000 0.000000     0.414085     0.732906 
2457974.585322 0.000000 0.000000     0.383394     0.785424 
2457976.299450 0.000000 0.000000     0.322234     0.867692 
2457978.013578 0.000000 0.000000     0.249984     0.943434 
2457979.727706 0.000000 0.000000     0.185317     0.998786 
2457981.441834 0.000000 0.000000     0.138927     1.032851 
2457983.155962 0.000000 0.000000     0.110044     1.050654 
2457984.870090 0.000000 0.000000     0.088215     1.057735 
2457986.584218 0.000000 0.000000     0.059352     1.056618 
2457988.298345 0.000000 0.000000     0.013079     1.047244 
2457990.012473 0.000000 0.000000    -0.052038     1.030170 
2457991.726601 0.000000 0.000000    -0.127614     1.008869 
2457993.440729 0.000000 0.000000    -0.198992     0.989423 
2457995.154857 0.000000 0.000000    -0.251250     0.978284 
2457996.868985 0.000000 0.000000    -0.274785     0.979410 
2457998.583113 0.000000 0.000000    -0.268159     0.992152 
2458000.297241 0.000000 0.000000    -0.237450     1.011596 
2458002.011369 0.000000 0.000000    -0.193062     1.031425 
2458003.725497 0.000000 0.000000    -0.145859     1.047003 
2458005.439625 0.000000 0.000000    -0.104338     1.056768 
2458007.153753 0.000000 0.000000    -0.073519     1.061712 
2458008.867881 0.000000 0.000000    -0.055139     1.063740 
2458010.582009 0.000000 0.000000    -0.048178     1.064206 
2458012.296136 0.000000 0.000000    -0.049029     1.063834 
2458014.010264 0.000000 0.000000    -0.051398     1.063491 
2458015.724392 0.000000 0.000000    -0.046713     1.063674 
2458017.438520 0.000000 0.000000    -0.025843     1.062241 
2458019.152648 0.000000 0.000000     0.017845     1.053453 
2458020.866776 0.000000 0.000000     0.085059     1.030678 
2458022.580904 0.000000 0.000000     0.168509     0.990874 
2458024.295032 0.000000 0.000000     0.253674     0.937923 
2458026.009160 0.000000 0.000000     0.322731     0.884201 
2458027.723288 0.000000 0.000000     0.360446     0.849381 
2458029.437416 0.000000 0.000000     0.359621     0.850695 
2458031.151544 0.000000 0.000000     0.323715     0.886656 
2458032.865672 0.000000 0.000000     0.265331     0.938471 
2458034.579800 0.000000 0.000000     0.201168     0.987412 
2458036.293927 0.000000 0.000000     0.145615     1.023651 
2458038.008055 0.000000 0.000000     0.105789     1.045681 
2458039.722183 0.000000 0.000000     0.080063     1.056792 
2458041.436311 0.000000 0.000000     0.060464     1.061145 
2458043.150439 0.000000 0.000000     0.037542     1.061296 
2458044.864567 0.000000 0.000000     0.005283     1.058278 
2458046.578695 0.000000 0.000000    -0.036137     1.053009 
2458048.292823 0.000000 0.000000    -0.080754     1.047041 
2458050.006951 0.000000 0.000000    -0.119787     1.042222 
2458051.721079 0.000000 0.000000    -0.145483     1.040052 
2458053.435207 0.000000 0.000000    -0.154007     1.041199 
2458055.149335 0.000000 0.000000    -0.146276     1.045261 
2458056.863463 0.000000 0.000000    -0.126814     1.050904 
2458058.577591 0.000000 0.000000    -0.101610     1.056480 
2458060.291718 0.000000 0.000000    -0.076164     1.060763 
2458062.005846 0.000000 0.000000    -0.054476     1.063368 
2458063.719974 0.000000 0.000000    -0.038923     1.064634 
2458065.434102 0.000000 0.000000    -0.030470     1.065103 
2458067.148230 0.000000 0.000000    -0.028623     1.065092 
2458068.862358 0.000000 0.000000    -0.031003     1.064825 
2458070.576486 0.000000 0.000000    -0.033023     1.064700 
2458072.290614 0.000000 0.000000    -0.028364     1.064740 
2458074.004742 0.000000 0.000000    -0.010658     1.063436 
2458075.718870 0.000000 0.000000     0.023959     1.057759 
2458077.432998 0.000000 0.000000     0.074474     1.045141 
2458079.147126 0.000000 0.000000     0.134075     1.025900 
2458080.861254 0.000000 0.000000     0.191484     1.004047 
2458082.575382 0.000000 0.000000     0.234336     0.985874 
2458084.289509 0.000000 0.000000     0.253365     0.977210 
2458086.003637 0.000000 0.000000     0.245647     0.980850 
2458087.717765 0.000000 0.000000     0.215490     0.995240 
2458089.431893 0.000000 0.000000     0.172557     1.015191 
2458091.146021 0.000000 0.000000     0.128067     1.034555 
2458092.860149 0.000000 0.000000     0.090747     1.049152 
2458094.574277 0.000000 0.000000     0.064227     1.057968 
2458096.288405 0.000000 0.000000     0.046851     1.062300 
2458098.002533 0.000000 0.000000     0.033687     1.063991 
2458099.716661 0.000000 0.000000     0.019568     1.064271 
2458101.430789 0.000000 0.000000     0.001684     1.063718 
2458103.144917 0.000000 0.000000    -0.019381     1.062704 
2458104.859045 0.000000 0.000000    -0.040370     1.061614 
2458106.573172 0.000000 0.000000    -0.057196     1.060813 
2458108.287300 0.000000 0.000000    -0.066855     1.060560 
2458110.001428 0.000000 0.000000    -0.068496     1.060945 
2458111.715556 0.000000 0.000000    -0.063363     1.061848 
2458113.429684 0.000000 0.000000    -0.053906     1.062985 
2458115.143812 0.000000 0.000000    -0.042733     1.064047 
2458116.857940 0.000000 0.000000    -0.031935     1.064825 
2458118.572068 0.000000 0.000000    -0.022961     1.065275 
2458120.286196 0.000000 0.000000    -0.016776     1.065481 
2458122.000324 0.000000 0.000000    -0.013910     1.065540 
2458123.714452 0.000000 0.000000    -0.014177     1.065493 
2458125.428580 0.000000 0.000000    -0.016204     1.065400 
2458127.142708 0.000000 0.000000    -0.017210     1.065382 
2458128.856836 0.000000 0.000000    -0.013456     1.065352 
2458130.570963 0.000000 0.000000    -0.001469     1.064686 
2458132.285091 0.000000 0.000000     0.020370     1.062402 
2458133.999219 0.000000 0.000000     0.050592     1.057958 
2458135.713347 0.000000 0.000000     0.084472     1.051919 
2458137.427475 0.000000 0.000000     0.115205     1.045832 
2458139.141603 0.000000 0.000000     0.136071     1.041440 
2458140.855731 0.000000 0.000000     0.142729     1.039956 
2458142.569859 0.000000 0.000000     0.134677     1.041734 
2458144.283987 0.000000 0.000000     0.115258     1.046190 
2458145.998115 0.000000 0.000000     0.090232     1.051947 
2458147.712243 0.000000 0.000000     0.065589     1.057380 
2458149.426371 0.000000 0.000000     0.045533     1.061376 
2458151.140499 0.000000 0.000000     0.031463     1.063713 
2458152.854627 0.000000 0.000000     0.022226     1.064820 
2458154.568754 0.000000 0.000000     0.015347     1.065252 
2458156.282882 0.000000 0.000000     0.008523     1.065367 
2458157.997010 0.000000 0.000000     0.000687     1.065331 
2458159.711138 0.000000 0.000000    -0.007756     1.065227 
2458161.425266 0.000000 0.000000    -0.015460     1.065113 
2458163.139394 0.000000 0.000000    -0.021007     1.065035 
2458164.853522 0.000000 0.000000    -0.023621     1.065026 
2458166.567650 0.000000 0.000000    -0.023403     1.065093 
2458168.281778 0.000000 0.000000    -0.021111     1.065217 
2458169.995906 0.000000 0.000000    -0.017705     1.065359 
2458171.710034 0.000000 0.000000    -0.013992     1.065483 
2458173.424162 0.000000 0.000000    -0.010515     1.065570 
2458175.138290 0.000000 0.000000    -0.007666     1.065617 
2458176.852418 0.000000 0.000000    -0.005801     1.065636 
2458178.566545 0.000000 0.000000    -0.005195     1.065638 
2458180.280673 0.000000 0.000000    -0.005786     1.065623 
2458181.994801 0.000000 0.000000    -0.006893     1.065605 
2458183.708929 0.000000 0.000000    -0.007138     1.065605 
2458185.423057 0.000000 0.000000    -0.004766     1.065582 
2458187.137185 0.000000 0.000000     0.001686     1.065378 
2458188.851313 0.000000 0.000000     0.012635     1.064800 
2458190.565441 0.000000 0.000000     0.026984     1.063797 
2458192.279569 0.000000 0.000000     0.042230     1.062557 
2458193.993697 0.000000 0.000000     0.055175     1.061419 
2458195.707825 0.000000 0.000000     0.062978     1.060699 
2458197.421953 0.000000 0.000000     0.064126     1.060580 
2458199.136081 0.000000 0.000000     0.058900     1.061079 
2458200.850209 0.000000 0.000000     0.049171     1.062046 
2458202.564336 0.000000 0.000000     0.037624     1.063196 
2458204.278464 0.000000 0.000000     0.026781     1.064223 
2458205.992592 0.000000 0.000000     0.018231     1.064941 
2458207.706720 0.000000 0.000000     0.012347     1.065341 
2458209.420848 0.000000 0.000000     0.008525     1.065522 
2458211.134976 0.000000 0.000000     0.005749     1.065593 
2458212.849104 0.000000 0.000000     0.003170     1.065616 
2458214.563232 0.000000 0.000000     0.000441     1.065620 
2458216.277360 0.000000 0.000000    -0.002276     1.065615 
2458217.991488 0.000000 0.000000    -0.004561     1.065608 
2458219.705616 0.000000 0.000000    -0.006047     1.065603 
2458221.419744 0.000000 0.000000    -0.006616     1.065604 
2458223.133872 0.000000 0.000000    -0.006414     1.065610 
2458224.848000 0.000000 0.000000    -0.005723     1.065621 
2458226.562127 0.000000 0.000000    -0.004811     1.065633 
2458228.276255 0.000000 0.000000    -0.003849     1.065643 
2458229.990383 0.000000 0.000000    -0.002941     1.065649 
2458231.704511 0.000000 0.000000    -0.002188     1.065653 
2458233.418639 0.000000 0.000000    -0.001724     1.065654 
2458235.132767 0.000000 0.000000    -0.001663     1.065654 
2458236.846895 0.000000 0.000000    -0.001972     1.065651 
2458238.561023 0.000000 0.000000    -0.002362     1.065650 
2458240.275151 0.000000 0.000000    -0.002294     1.065650 
2458241.989279 0.000000 0.000000    -0.001139     1.065643 
2458243.703407 0.000000 0.000000     0.001553     1.065607 
2458245.417535 0.000000 0.000000     0.005797     1.065519 
2458247.131663 0.000000 0.000000     0.011050     1.065382 
2458248.845791 0.000000 0.000000     0.016323     1.065227 
2458250.559918 0.000000 0.000000     0.020480     1.065097 
2458252.274046 0.000000 0.000000     0.022619     1.065027 
2458253.988174 0.000000 0.000000     0.022372     1.065034 
2458255.702302 0.000000 0.000000     0.020009     1.065114 
2458257.416430 0.000000 0.000000     0.016294     1.065244 
2458259.130558 0.000000 0.000000     0.012190     1.065386 
2458260.844686 0.000000 0.000000     0.008524     1.065505 
2458262.558814 0.000000 0.000000     0.005758     1.065583 
2458264.272942 0.000000 0.000000     0.003932     1.065625 
2458265.987070 0.000000 0.000000     0.002776     1.065643 
2458267.701198 0.000000 0.000000     0.001913     1.065649 
2458269.415326 0.000000 0.000000     0.001045     1.065651 
2458271.129454 0.000000 0.000000     0.000057     1.065651 
2458272.843582 0.000000 0.000000    -0.000991     1.065649 
2458274.557709 0.000000 0.000000    -0.001939     1.065647 
2458276.271837 0.000000 0.000000    -0.002632     1.065645 
2458277.985965 0.000000 0.000000    -0.002986     1.065645 
2458279.700093 0.000000 0.000000    -0.003007     1.065646 
2458281.414221 0.000000 0.000000    -0.002764     1.065648 
2458283.128349 0.000000 0.000000    -0.002354     1.065651 
2458284.842477 0.000000 0.000000    -0.001870     1.065653 
2458286.556605 0.000000 0.000000    -0.001398     1.065654 
2458288.270733 0.000000 0.000000    -0.001013     1.065655 
2458289.984861 0.000000 0.000000    -0.000771     1.065655 
2458291.698989 0.000000 0.000000    -0.000692     1.065655 
2458293.413117 0.000000 0.000000    -0.000736     1.065655 
2458295.127245 0.000000 0.000000    -0.000786     1.065655 
2458296.841373 0.000000 0.000000    -0.000675     1.065655 
2458298.555500 0.000000 0.000000    -0.000232     1.065654 
2458300.269628 0.000000 0.000000     0.000647     1.065651 
2458301.983756 0.000000 0.000000     0.001933     1.065642 
2458303.697884 0.000000 0.000000     0.003455     1.065631 
2458305.412012 0.000000 0.000000     0.004926     1.065618 
2458307.126140 0.000000 0.000000     0.006036     1.065608 
2458308.840268 0.000000 0.000000     0.006549     1.065603 
2458310.554396 0.000000 0.000000     0.006381     1.065605 
2458312.268524 0.000000 0.000000     0.005626     1.065612 
2458313.982652 0.000000 0.000000     0.004523     1.065624 
2458315.696780 0.000000 0.000000     0.003363     1.065635 
2458317.410908 0.000000 0.000000     0.002392     1.065644 
2458319.125036 0.000000 0.000000     0.001732     1.065650 
2458320.839164 0.000000 0.000000     0.001353     1.065653 
2458322.553291 0.000000 0.000000     0.001107     1.065655 
2458324.267419 0.000000 0.000000     0.000804     1.065655 
2458325.981547 0.000000 0.000000     0.000292     1.065653 
2458327.695675 0.000000 0.000000    -0.000470     1.065651 
2458329.409803 0.000000 0.000000    -0.001405     1.065648 
2458331.123931 0.000000 0.000000    -0.002346     1.065645 
2458332.838059 0.000000 0.000000    -0.003098     1.065643 
2458334.552187 0.000000 0.000000    -0.003515     1.065643 
2458336.266315 0.000000 0.000000    -0.003538     1.065644 
2458337.980443 0.000000 0.000000    -0.003213     1.065646 
2458339.694571 0.000000 0.000000    -0.002662     1.065649 
2458341.408699 0.000000 0.000000    -0.002033     1.065652 
2458343.122827 0.000000 0.000000    -0.001458     1.065654 
2458344.836955 0.000000 0.000000    -0.001019     1.065655 
2458346.551082 0.000000 0.000000    -0.000742     1.065655 
2458348.265210 0.000000 0.000000    -0.000604     1.065656 
2458349.979338 0.000000 0.000000    -0.000552     1.065656 
2458351.693466 0.000000 0.000000    -0.000518     1.065656 
2458353.407594 0.000000 0.000000    -0.000432     1.065656 
2458355.121722 0.000000 0.000000    -0.000227     1.065656 
2458356.835850 0.000000 0.000000     0.000140     1.065655 
2458358.549978 0.000000 0.000000     0.000679     1.065654 
2458360.264106 0.000000 0.000000     0.001342     1.065651 
2458361.978234 0.000000 0.000000     0.002028     1.065649 
2458363.692362 0.000000 0.000000     0.002603     1.065646 
2458365.406490 0.000000 0.000000     0.002938     1.065645 
2458367.120618 0.000000 0.000000     0.002961     1.065645 
2458368.834746 0.000000 0.000000     0.002686     1.065646 
2458370.548873 0.000000 0.000000     0.002220     1.065649 
2458372.263001 0.000000 0.000000     0.001715     1.065651 
2458373.977129 0.000000 0.000000     0.001314     1.065653 
2458375.691257 0.000000 0.000000     0.001080     1.065654 
2458377.405385 0.000000 0.000000     0.000971     1.065655 
2458379.119513 0.000000 0.000000     0.000855     1.065655 
2458380.833641 0.000000 0.000000     0.000570     1.065654 
2458382.547769 0.000000 0.000000     0.000003     1.065652 
2458384.261897 0.000000 0.000000    -0.000851     1.065649 
2458385.976025 0.000000 0.000000    -0.001872     1.065645 
2458387.690153 0.000000 0.000000    -0.002860     1.065642 
2458389.404281 0.000000 0.000000    -0.003599     1.065640 
2458391.118409 0.000000 0.000000    -0.003942     1.065640 
2458392.832537 0.000000 0.000000    -0.003850     1.065642 
2458394.546664 0.000000 0.000000    -0.003401     1.065646 
2458396.260792 0.000000 0.000000    -0.002746     1.065649 
2458397.974920 0.000000 0.000000    -0.002051     1.065652 
2458399.689048 0.000000 0.000000    -0.001450     1.065654 
2458401.403176 0.000000 0.000000    -0.001012     1.065655 
2458403.117304 0.000000 0.000000    -0.000749     1.065655 
2458404.831432 0.000000 0.000000    -0.000628     1.065655 
2458406.545560 0.000000 0.000000    -0.000590     1.065656 
2458408.259688 0.000000 0.000000    -0.000568     1.065656 
2458409.973816 0.000000 0.000000    -0.000486     1.065656 
2458411.687944 0.000000 0.000000    -0.000270     1.065655 
2458413.402072 0.000000 0.000000     0.000135     1.065655 
2458415.116200 0.000000 0.000000     0.000742     1.065653 
2458416.830328 0.000000 0.000000     0.001495     1.065650 
2458418.544455 0.000000 0.000000     0.002274     1.065647 
2458420.258583 0.000000 0.000000     0.002919     1.065644 
2458421.972711 0.000000 0.000000     0.003283     1.065643 
2458423.686839 0.000000 0.000000     0.003290     1.065643 
2458425.400967 0.000000 0.000000     0.002968     1.065644 
2458427.115095 0.000000 0.000000     0.002440     1.065647 
2458428.829223 0.000000 0.000000     0.001878     1.065650 
2458430.543351 0.000000 0.000000     0.001427     1.065652 
2458432.257479 0.000000 0.000000     0.001145     1.065654 
2458433.971607 0.000000 0.000000     0.000979     1.065655 
2458435.685735 0.000000 0.000000     0.000800     1.065655 
2458437.399863 0.000000 0.000000     0.000460     1.065654 
2458439.113991 0.000000 0.000000    -0.000122     1.065653 
2458440.828119 0.000000 0.000000    -0.000927     1.065650 
2458442.542246 0.000000 0.000000    -0.001825     1.065647 
2458444.256374 0.000000 0.000000    -0.002633     1.065645 
2458445.970502 0.000000 0.000000    -0.003179     1.065644 
2458447.684630 0.000000 0.000000    -0.003365     1.065645 
2458449.398758 0.000000 0.000000    -0.003194     1.065647 
2458451.112886 0.000000 0.000000    -0.002754     1.065649 
2458452.827014 0.000000 0.000000    -0.002182     1.065652 
2458454.541142 0.000000 0.000000    -0.001610     1.065654 
2458456.255270 0.000000 0.000000    -0.001133     1.065655 
2458457.969398 0.000000 0.000000    -0.000801     1.065655 
2458459.683526 0.000000 0.000000    -0.000616     1.065655 
2458461.397654 0.000000 0.000000    -0.000551     1.065656 
2458463.111782 0.000000 0.000000    -0.000554     1.065656 
2458464.825910 0.000000 0.000000    -0.000550     1.065656 
2458466.540037 0.000000 0.000000    -0.000454     1.065656 
2458468.254165 0.000000 0.000000    -0.000181     1.065655 
2458469.968293 0.000000 0.000000     0.000321     1.065654 
2458471.682421 0.000000 0.000000     0.001040     1.065652 
2458473.396549 0.000000 0.000000     0.001890     1.065648 
2458475.110677 0.000000 0.000000     0.002715     1.065644 
2458476.824805 0.000000 0.000000     0.003339     1.065641 
2458478.538933 0.000000 0.000000     0.003623     1.065640 
2458480.253061 0.000000 0.000000     0.003518     1.065640 
2458481.967189 0.000000 0.000000     0.003088     1.065643 
2458483.681317 0.000000 0.000000     0.002478     1.065646 
2458485.395445 0.000000 0.000000     0.001862     1.065650 
2458487.109573 0.000000 0.000000     0.001372     1.065652 
2458488.823701 0.000000 0.000000     0.001050     1.065654 
2458490.537828 0.000000 0.000000     0.000841     1.065655 
2458492.251956 0.000000 0.000000     0.000634     1.065655 
2458493.966084 0.000000 0.000000     0.000320     1.065655 
2458495.680212 0.000000 0.000000    -0.000152     1.065654 
2458497.394340 0.000000 0.000000    -0.000750     1.065653 
2458499.108468 0.000000 0.000000    -0.001372     1.065652 
2458500.822596 0.000000 0.000000    -0.001889     1.065651 
2458502.536724 0.000000 0.000000    -0.002198     1.065650 
2458504.250852 0.000000 0.000000    -0.002255     1.065651 
2458505.964980 0.000000 0.000000    -0.002085     1.065652 
2458507.679108 0.000000 0.000000    -0.001762     1.065653 
2458509.393236 0.000000 0.000000    -0.001375     1.065654 
2458511.107364 0.000000 0.000000    -0.001007     1.065655 
2458512.821492 0.000000 0.000000    -0.000710     1.065655 
2458514.535619 0.000000 0.000000    -0.000511     1.065656 
2458516.249747 0.000000 0.000000    -0.000414     1.065656 
2458517.963875 0.000000 0.000000    -0.000398     1.065656 
2458519.678003 0.000000 0.000000    -0.000422     1.065656 
2458521.392131 0.000000 0.000000    -0.000422     1.065656 
2458523.106259 0.000000 0.000000    -0.000319     1.065656 
2458524.820387 0.000000 0.000000    -0.000044     1.065655 
2458526.534515 0.000000 0.000000     0.000436     1.065654 
2458528.248643 0.000000 0.000000     0.001090     1.065652 
2458529.962771 0.000000 0.000000     0.001822     1.065649 
2458531.676899 0.000000 0.000000     0.002487     1.065647 
2458533.391027 0.000000 0.000000     0.002940     1.065645 
2458535.105155 0.000000 0.000000     0.003085     1.065644 
2458536.819283 0.000000 0.000000     0.002909     1.065645 
2458538.533410 0.000000 0.000000     0.002487     1.065647 
2458540.247538 0.000000 0.000000     0.001949     1.065650 
2458541.961666 0.000000 0.000000     0.001432     1.065652 
2458543.675794 0.000000 0.000000     0.001029     1.065654 
2458545.389922 0.000000 0.000000     0.000759     1.065655 
2458547.104050 0.000000 0.000000     0.000578     1.065655 
2458548.818178 0.000000 0.000000     0.000408     1.065655 
2458550.532306 0.000000 0.000000     0.000183     1.065655 
2458552.246434 0.000000 0.000000    -0.000121     1.065655 
2458553.960562 0.000000 0.000000    -0.000476     1.065655 
2458555.674690 0.000000 0.000000    -0.000820     1.065654 
2458557.388818 0.000000 0.000000    -0.001081     1.065654 
2458559.102946 0.000000 0.000000    -0.001214     1.065654 
2458560.817074 0.000000 0.000000    -0.001209     1.065654 
2458562.531201 0.000000 0.000000    -0.001091     1.065655 
2458564.245329 0.000000 0.000000    -0.000906     1.065655 
2458565.959457 0.000000 0.000000    -0.000699     1.065655 
2458567.673585 0.000000 0.000000    -0.000510     1.065656 
2458569.387713 0.000000 0.000000    -0.000362     1.065656 
2458571.101841 0.000000 0.000000    -0.000268     1.065656 
2458572.815969 0.000000 0.000000    -0.000231     1.065656 
2458574.530097 0.000000 0.000000    -0.000239     1.065656 
2458576.244225 0.000000 0.000000    -0.000264     1.065656 
2458577.958353 0.000000 0.000000    -0.000259     1.065656 
2458579.672481 0.000000 0.000000    -0.000169     1.065656 
2458581.386609 0.000000 0.000000     0.000048     1.065655 
2458583.100737 0.000000 0.000000     0.000406     1.065655 
2458584.814865 0.000000 0.000000     0.000871     1.065654 
2458586.528992 0.000000 0.000000     0.001363     1.065653 
2458588.243120 0.000000 0.000000     0.001781     1.065651 
2458589.957248 0.000000 0.000000     0.002034     1.065651 
2458591.671376 0.000000 0.000000     0.002072     1.065650 
2458593.385504 0.000000 0.000000     0.001902     1.065651 
2458595.099632 0.000000 0.000000     0.001587     1.065652 
2458596.813760 0.000000 0.000000     0.001217     1.065653 
2458598.527888 0.000000 0.000000     0.000876     1.065654 
2458600.242016 0.000000 0.000000     0.000615     1.065655 
2458601.956144 0.000000 0.000000     0.000440     1.065655 
2458603.670272 0.000000 0.000000     0.000321     1.065656 
2458605.384400 0.000000 0.000000     0.000215     1.065656 
2458607.098528 0.000000 0.000000     0.000088     1.065656 
2458608.812656 0.000000 0.000000    -0.000068     1.065656 
2458610.526783 0.000000 0.000000    -0.000237     1.065656 
2458612.240911 0.000000 0.000000    -0.000387     1.065655 
2458613.955039 0.000000 0.000000    -0.000490     1.065655 
2458615.669167 0.000000 0.000000    -0.000531     1.065655 
2458617.383295 0.000000 0.000000    -0.000513     1.065655 
2458619.097423 0.000000 0.000000    -0.000453     1.065656 
2458620.811551 0.000000 0.000000    -0.000370     1.065656 
2458622.525679 0.000000 0.000000    -0.000284     1.065656 
2458624.239807 0.000000 0.000000    -0.000207     1.065656 
2458625.953935 0.000000 0.000000    -0.000149     1.065656 
2458627.668063 0.000000 0.000000    -0.000115     1.065656 
2458629.382191 0.000000 0.000000    -0.000108     1.065656 
2458631.096319 0.000000 0.000000    -0.000120     1.065656 
2458632.810447 0.000000 0.000000    -0.000136     1.065656 
2458634.524574 0.000000 0.000000    -0.000127     1.065656 
2458636.238702 0.000000 0.000000    -0.000065     1.065656 
2458637.952830 0.000000 0.000000     0.000073     1.065656 
2458639.666958 0.000000 0.000000     0.000286     1.065655 
2458641.381086 0.000000 0.000000     0.000549     1.065655 
2458643.095214 0.000000 0.000000     0.000812     1.065655 
2458644.809342 0.000000 0.000000     0.001020     1.065654 
2458646.523470 0.000000 0.000000     0.001128     1.065654 
2458648.237598 0.000000 0.000000     0.001117     1.065654 
2458649.951726 0.000000 0.000000     0.000999     1.065654 
2458651.665854 0.000000 0.000000     0.000814     1.065655 
2458653.379982 0.000000 0.000000     0.000611     1.065655 
2458655.094110 0.000000 0.000000     0.000431     1.065655 
2458656.808238 0.000000 0.000000     0.000296     1.065656 
2458658.522365 0.000000 0.000000     0.000206     1.065656 
2458660.236493 0.000000 0.000000     0.000146     1.065656 
2458661.950621 0.000000 0.000000     0.000094     1.065656 
2458663.664749 0.000000 0.000000     0.000037     1.065656 
2458665.378877 0.000000 0.000000    -0.000026     1.065656 
2458667.093005 0.000000 0.000000    -0.000089     1.065656 
2458668.807133 0.000000 0.000000    -0.000140     1.065656 
2458670.521261 0.000000 0.000000    -0.000170     1.065656 
2458672.235389 0.000000 0.000000    -0.000178     1.065656 
2458673.949517 0.000000 0.000000    -0.000167     1.065656 
2458675.663645 0.000000 0.000000    -0.000144     1.065656 
2458677.377773 0.000000 0.000000    -0.000117     1.065656 
2458679.091901 0.000000 0.000000    -0.000090     1.065656 
2458680.806029 0.000000 0.000000    -0.000067     1.065656 
2458682.520156 0.000000 0.000000    -0.000050     1.065656 
2458684.234284 0.000000 0.000000    -0.000041     1.065656 
2458685.948412 0.000000 0.000000    -0.000042     1.065656 
2458687.662540 0.000000 0.000000    -0.000051     1.065656 
2458689.376668 0.000000 0.000000    -0.000057     1.065656 
2458691.090796 0.000000 0.000000    -0.000049     1.065656 
2458692.804924 0.000000 0.000000    -0.000014     1.065656 
2458694.519052 0.000000 0.000000     0.000055     1.065656 
2458696.233180 0.000000 0.000000     0.000156     1.065656 
2458697.947308 0.000000 0.000000     0.000273     1.065656 
2458699.661436 0.000000 0.000000     0.000384     1.065656 
2458701.375564 0.000000 0.000000     0.000464     1.065655 
2458703.089692 0.000000 0.000000     0.000497     1.065655 
2458704.803820 0.000000 0.000000     0.000478     1.065655 
2458706.517947 0.000000 0.000000     0.000416     1.065655 
2458708.232075 0.000000 0.000000     0.000331     1.065656 
2458709.946203 0.000000 0.000000     0.000243     1.065656 
2458711.660331 0.000000 0.000000     0.000169     1.065656 
2458713.374459 0.000000 0.000000     0.000114     1.065656 
2458715.088587 0.000000 0.000000     0.000078     1.065656 
2458716.802715 0.000000 0.000000     0.000054     1.065656 
2458718.516843 0.000000 0.000000     0.000035     1.065656 
2458720.230971 0.000000 0.000000     0.000015     1.065656 
2458721.945099 0.000000 0.000000    -0.000006     1.065656 
2458723.659227 0.000000 0.000000    -0.000026     1.065656 
2458725.373355 0.000000 0.000000    -0.000041     1.065656 
2458727.087483 0.000000 0.000000    -0.000049     1.065656 
2458728.801611 0.000000 0.000000    -0.000051     1.065656 
2458730.515738 0.000000 0.000000    -0.000047     1.065656 
2458732.229866 0.000000 0.000000    -0.000040     1.065656 
2458733.943994 0.000000 0.000000    -0.000032     1.065656 
2458735.658122 0.000000 0.000000    -0.000024     1.065656 
2458737.372250 0.000000 0.000000    -0.000018     1.065656 
2458739.086378 0.000000 0.000000    -0.000015     1.065656 
2458740.800506 0.000000 0.000000    -0.000015     1.065656 
2458742.514634 0.000000 0.000000    -0.000018     1.065656 
2458744.228762 0.000000 0.000000    -0.000021     1.065656 
2458745.942890 0.000000 0.000000    -0.000022     1.065656 
2458747.657018 0.000000 0.000000    -0.000016     1.065656 
2458749.371146 0.000000 0.000000     0.000001     1.065656 
2458751.085274 0.000000 0.000000     0.000030     1.065656 
2458752.799402 0.000000 0.000000     0.000068     1.065656 
2458754.513529 0.000000 0.000000     0.000107     1.065656 
2458756.227657 0.000000 0.000000     0.000141     1.065656 
2458757.941785 0.000000 0.000000     0.000162     1.065656 
2458759.655913 0.000000 0.000000     0.000167     1.065656 
2458761.370041 0.000000 0.000000     0.000155     1.065656 
2458763.084169 0.000000 0.000000     0.000131     1.065656 
2458764.798297 0.000000 0.000000     0.000102     1.065656 
2458766.512425 0.000000 0.000000     0.000074     1.065656 
2458768.226553 0.000000 0.000000     0.000052     1.065656 
2458769.940681 0.000000 0.000000     0.000036     1.065656 
2458771.654809 0.000000 0.000000     0.000027     1.065656 
2458773.368937 0.000000 0.000000     0.000020     1.065656 
2458775.083065 0.000000 0.000000     0.000015     1.065656 
2458776.797193 0.000000 0.000000     0.000007     1.065656 
2458778.511320 0.000000 0.000000    -0.000003     1.065656 
2458780.225448 0.000000 0.000000    -0.000014     1.065656 
2458781.939576 0.000000 0.000000    -0.000024     1.065656 
2458783.653704 0.000000 0.000000    -0.000031     1.065656 
2458785.367832 0.000000 0.000000    -0.000033     1.065656 
2458787.081960 0.000000 0.000000    -0.000029     1.065656 
2458788.796088 0.000000 0.000000    -0.000022     1.065656 
2458790.510216 0.000000 0.000000    -0.000013     1.065656 
2458792.224344 0.000000 0.000000    -0.000006     1.065656 
2458793.938472 0.000000 0.000000    -0.000003     1.065656 
2458795.652600 0.000000 0.000000    -0.000005     1.065656 
2458797.366728 0.000000 0.000000    -0.000010     1.065656 
2458799.080856 0.000000 0.000000    -0.000015     1.065656 
2458800.794984 0.000000 0.000000    -0.000017     1.065656 
2458802.509111 0.000000 0.000000    -0.000014     1.065656 
2458804.223239 0.000000 0.000000    -0.000006     1.065656 
2458805.937367 0.000000 0.000000     0.000006     1.065656 
2458807.651495 0.000000 0.000000     0.000020     1.065656 
2458809.365623 0.000000 0.000000     0.000032     1.065656 
2458811.079751 0.000000 0.000000     0.000041     1.065656 
2458812.793879 0.000000 0.000000     0.000044     1.065656 
2458814.508007 0.000000 0.000000     0.000043     1.065656 
2458816.222135 0.000000 0.000000     0.000039     1.065656 
2458817.936263 0.000000 0.000000     0.000034     1.065656 
2458819.650391 0.000000 0.000000     0.000028     1.065656 
2458821.364519 0.000000 0.000000     0.000022     1.065656 
2458823.078647 0.000000 0.000000     0.000018     1.065656 
2458824.792775 0.000000 0.000000     0.000016     1.065656 
2458826.506902 0.000000 0.000000     0.000016     1.065656 
2458828.221030 0.000000 0.000000     0.000017     1.065656 
2458829.935158 0.000000 0.000000     0.000017     1.065656 
2458831.649286 0.000000 0.000000     0.000015     1.065656 
2458833.363414 0.000000 0.000000     0.000007     1.065656 
2458835.077542 0.000000 0.000000    -0.000007     1.065656 
2458836.791670 0.000000 0.000000    -0.000024     1.065656 
2458838.505798 0.000000 0.000000    -0.000040     1.065656 
2458840.219926 0.000000 0.000000    -0.000049     1.065656 
2458841.934054 0.000000 0.000000    -0.000049     1.065656 
2458843.648182 0.000000 0.000000    -0.000038     1.065656 
2458845.362310 0.000000 0.000000    -0.000020     1.065656 
2458847.076438 0.000000 0.000000    -0.000002     1.065656 
2458848.790566 0.000000 0.000000     0.000010     1.065656 
2458850.504693 0.000000 0.000000     0.000011     1.065656 
2458852.218821 0.000000 0.000000     0.000002     1.065656 
2458853.932949 0.000000 0.000000    -0.000011     1.065656 
2458855.647077 0.000000 0.000000    -0.000022     1.065656 
2458857.361205 0.000000 0.000000    -0.000025     1.065656 
2458859.075333 0.000000 0.000000    -0.000017     1.065656 
2458860.789461 0.000000 0.000000    -0.000000     1.065656 
2458862.503589 0.000000 0.000000     0.000018     1.065656 
2458864.217717 0.000000 0.000000     0.000032     1.065656 
2458865.931845 0.000000 0.000000     0.000038     1.065656 
2458867.645973 0.000000 0.000000     0.000034     1.065656 
2458869.360101 0.000000 0.000000     0.000023     1.065656 
2458871.074229 0.000000 0.000000     0.000011     1.065656 
2458872.788357 0.000000 0.000000     0.000002     1.065656 
2458874.502484 0.000000 0.000000    -0.000002     1.065656 
2458876.216612 0.000000 0.000000    -0.000002     1.065656 
2458877.930740 0.000000 0.000000     0.000002     1.065656 
2458879.644868 0.000000 0.000000     0.000007     1.065656 
2458881.358996 0.000000 0.000000     0.000013     1.065656 
2458883.073124 0.000000 0.000000     0.000020     1.065656 
2458884.787252 0.000000 0.000000     0.000026     1.065656 
2458886.501380 0.000000 0.000000     0.000030     1.065656 
2458888.215508 0.000000 0.000000     0.000025     1.065656 
2458889.929636 0.000000 0.000000     0.000011     1.065656 
2458891.643764 0.000000 0.000000    -0.000013     1.065656 
2458893.357892 0.000000 0.000000    -0.000042     1.065656 
2458895.072020 0.000000 0.000000    -0.000067     1.065656 
2458896.786148 0.000000 0.000000    -0.000078     1.065656 
2458898.500275 0.000000 0.000000    -0.000069     1.065656 
2458900.214403 0.000000 0.000000    -0.000043     1.065656 
2458901.928531 0.000000 0.000000    -0.000007     1.065656 
2458903.642659 0.000000 0.000000     0.000024     1.065656 
2458905.356787 0.000000 0.000000     0.000040     1.065656 
2458907.070915 0.000000 0.000000     0.000035     1.065656 
2458908.785043 0.000000 0.000000     0.000013     1.065656 
2458910.499171 0.000000 0.000000    -0.000015     1.065656 
2458912.213299 0.000000 0.000000    -0.000034     1.065656 
2458913.927427 0.000000 0.000000    -0.000035     1.065656 
2458915.641555 0.000000 0.000000    -0.000017     1.065656 
2458917.355683 0.000000 0.000000     0.000013     1.065656 
2458919.069811 0.000000 0.000000     0.000043     1.065656 
2458920.783939 0.000000 0.000000     0.000062     1.065656 
2458922.498066 0.000000 0.000000     0.000062     1.065656 
2458924.212194 0.000000 0.000000     0.000046     1.065656 
2458925.926322 0.000000 0.000000     0.000022     1.065656 
2458927.640450 0.000000 0.000000    -0.000002     1.065656 
2458929.354578 0.000000 0.000000    -0.000017     1.065656 
2458931.068706 0.000000 0.000000    -0.000021     1.065656 
2458932.782834 0.000000 0.000000    -0.000017     1.065656 
2458934.496962 0.000000 0.000000    -0.000007     1.065656 
2458936.211090 0.000000 0.000000     0.000006     1.065656 
2458937.925218 0.000000 0.000000     0.000020     1.065656 
2458939.639346 0.000000 0.000000     0.000034     1.065656 
2458941.353474 0.000000 0.000000     0.000046     1.065656 
2458943.067602 0.000000 0.000000     0.000051     1.065656 
2458944.781730 0.000000 0.000000     0.000042     1.065656 
2458946.495857 0.000000 0.000000     0.000017     1.065656 
2458948.209985 0.000000 0.000000    -0.000023     1.065656 
2458949.924113 0.000000 0.000000    -0.000067     1.065656 
2458951.638241 0.000000 0.000000    -0.000100     1.065656 
2458953.352369 0.000000 0.000000    -0.000108     1.065656 
2458955.066497 0.000000 0.000000    -0.000085     1.065656 
2458956.780625 0.000000 0.000000    -0.000037     1.065656 
2458958.494753 0.000000 0.000000     0.000020     1.065656 
2458960.208881 0.000000 0.000000     0.000065     1.065656 
2458961.923009 0.000000 0.000000     0.000081     1.065656 
2458963.637137 0.000000 0.000000     0.000064     1.065656 
2458965.351265 0.000000 0.000000     0.000024     1.065656 
2458967.065393 0.000000 0.000000    -0.000019     1.065656 
2458968.779521 0.000000 0.000000    -0.000045     1.065656 
2458970.493648 0.000000 0.000000    -0.000040     1.065656 
2458972.207776 0.000000 0.000000    -0.000008     1.065656 
2458973.921904 0.000000 0.000000     0.000037     1.065656 
2458975.636032 0.000000 0.000000     0.000077     1.065656 
2458977.350160 0.000000 0.000000     0.000094     1.065656 
2458979.064288 0.000000 0.000000     0.000084     1.065656 
2458980.778416 0.000000 0.000000     0.000051     1.065656 
2458982.492544 0.000000 0.000000     0.000010     1.065656 
2458984.206672 0.000000 0.000000    -0.000025     1.065656 
2458985.920800 0.000000 0.000000    -0.000045     1.065656 
2458987.634928 0.000000 0.000000    -0.000047     1.065656 
2458989.349056 0.000000 0.000000    -0.000036     1.065656 
2458991.063184 0.000000 0.000000    -0.000017     1.065656 
2458992.777312 0.000000 0.000000     0.000006     1.065656 
2458994.491439 0.000000 0.000000     0.000030     1.065656 
2458996.205567 0.000000 0.000000     0.000053     1.065656 
2458997.919695 0.000000 0.000000     0.000070     1.065656 
2458999.633823 0.000000 0.000000     0.000074     1.065656 
2459001.347951 0.000000 0.000000     0.000058     1.065656 
2459003.062079 0.000000 0.000000     0.000018     1.065656 
2459004.776207 0.000000 0.000000    -0.000039     1.065656 
2459006.490335 0.000000 0.000000    -0.000097     1.065656 
2459008.204463 0.000000 0.000000    -0.000134     1.065656 
2459009.918591 0.000000 0.000000    -0.000135     1.065656 
2459011.632719 0.000000 0.000000    -0.000095     1.065656 
2459013.346847 0.000000 0.000000    -0.000025     1.065656 
2459015.060975 0.000000 0.000000     0.000048     1.065656 
2459016.775103 0.000000 0.000000     0.000099     1.065656 
2459018.489230 0.000000 0.000000     0.000110     1.065656 
2459020.203358 0.000000 0.000000     0.000079     1.065656 
2459021.917486 0.000000 0.000000     0.000025     1.065656 
2459023.631614 0.000000 0.000000    -0.000026     1.065656 
2459025.345742 0.000000 0.000000    -0.000050     1.065656 
2459027.059870 0.000000 0.000000    -0.000037     1.065656 
2459028.773998 0.000000 0.000000     0.000008     1.065656 
2459030.488126 0.000000 0.000000     0.000062     1.065656 
2459032.202254 0.000000 0.000000     0.000101     1.065656 
2459033.916382 0.000000 0.000000     0.000109     1.065656 
2459035.630510 0.000000 0.000000     0.000084     1.065656 
2459037.344638 0.000000 0.000000     0.000036     1.065656 
2459039.058766 0.000000 0.000000    -0.000016     1.065656 
2459040.772894 0.000000 0.000000    -0.000056     1.065656 
2459042.487021 0.000000 0.000000    -0.000074     1.065656 
2459044.201149 0.000000 0.000000    -0.000071     1.065656 
2459045.915277 0.000000 0.000000    -0.000051     1.065656 
2459047.629405 0.000000 0.000000    -0.000024     1.065656 
2459049.343533 0.000000 0.000000     0.000008     1.065656 
2459051.057661 0.000000 0.000000     0.000039     1.065656 
2459052.771789 0.000000 0.000000     0.000068     1.065656 
2459054.485917 0.000000 0.000000     0.000087     1.065656 
2459056.200045 0.000000 0.000000     0.000087     1.065656 
2459057.914173 0.000000 0.000000     0.000062     1.065656 
2459059.628301 0.000000 0.000000     0.000010     1.065656 
2459061.342429 0.000000 0.000000    -0.000056     1.065656 
2459063.056557 0.000000 0.000000    -0.000117     1.065656 
2459064.770685 0.000000 0.000000    -0.000151     1.065656 
2459066.484812 0.000000 0.000000    -0.000143     1.065656 
2459068.198940 0.000000 0.000000    -0.000092     1.065656 
2459069.913068 0.000000 0.000000    -0.000018     1.065656 
2459071.627196 0.000000 0.000000     0.000054     1.065656 
2459073.341324 0.000000 0.000000     0.000096     1.065656 
2459075.055452 0.000000 0.000000     0.000096     1.065656 
2459076.769580 0.000000 0.000000     0.000057     1.065656 
2459078.483708 0.000000 0.000000     0.000002     1.065656 
2459080.197836 0.000000 0.000000    -0.000043     1.065656 
2459081.911964 0.000000 0.000000    -0.000056     1.065656 
2459083.626092 0.000000 0.000000    -0.000033     1.065656 
2459085.340220 0.000000 0.000000     0.000015     1.065656 
2459087.054348 0.000000 0.000000     0.000064     1.065656 
2459088.768476 0.000000 0.000000     0.000093     1.065656 
2459090.482603 0.000000 0.000000     0.000090     1.065656 
2459092.196731 0.000000 0.000000     0.000055     1.065656 
2459093.910859 0.000000 0.000000     0.000004     1.065656 
2459095.624987 0.000000 0.000000    -0.000045     1.065656 
2459097.339115 0.000000 0.000000    -0.000079     1.065656 
2459099.053243 0.000000 0.000000    -0.000089     1.065656 
2459100.767371 0.000000 0.000000    -0.000079     1.065656 
2459102.481499 0.000000 0.000000    -0.000054     1.065656 
2459104.195627 0.000000 0.000000    -0.000023     1.065656 
2459105.909755 0.000000 0.000000     0.000011     1.065656 
2459107.623883 0.000000 0.000000     0.000043     1.065656 
2459109.338011 0.000000 0.000000     0.000069     1.065656 
2459111.052139 0.000000 0.000000     0.000083     1.065656 
2459112.766267 0.000000 0.000000     0.000079     1.065656 
2459114.480394 0.000000 0.000000     0.000050     1.065656 
2459116.194522 0.000000 0.000000     0.000001     1.065656 
2459117.908650 0.000000 0.000000    -0.000058     1.065656 
2459119.622778 0.000000 0.000000    -0.000108     1.065656 
2459121.336906 0.000000 0.000000    -0.000133     1.065656 
2459123.051034 0.000000 0.000000    -0.000124     1.065656 
2459124.765162 0.000000 0.000000    -0.000083     1.065656 
2459126.479290 0.000000 0.000000    -0.000027     1.065656 
2459128.193418 0.000000 0.000000     0.000021     1.065656 
2459129.907546 0.000000 0.000000     0.000041     1.065656 
2459131.621674 0.000000 0.000000     0.000027     1.065656 
2459133.335802 0.000000 0.000000    -0.000013     1.065656 
2459135.049930 0.000000 0.000000    -0.000061     1.065656 
2459136.764058 0.000000 0.000000    -0.000093     1.065656 
2459138.478185 0.000000 0.000000    -0.000094     1.065656 
2459140.192313 0.000000 0.000000    -0.000064     1.065656 
2459141.906441 0.000000 0.000000    -0.000015     1.065656 
2459143.620569 0.000000 0.000000     0.000033     1.065656 
2459145.334697 0.000000 0.000000     0.000061     1.065656 
2459147.048825 0.000000 0.000000     0.000057     1.065656 
2459148.762953 0.000000 0.000000     0.000026     1.065656 
2459150.477081 0.000000 0.000000    -0.000021     1.065656 
2459152.191209 0.000000 0.000000    -0.000065     1.065656 
2459153.905337 0.000000 0.000000    -0.000093     1.065656 
2459155.619465 0.000000 0.000000    -0.000098     1.065656 
2459157.333593 0.000000 0.000000    -0.000083     1.065656 
2459159.047721 0.000000 0.000000    -0.000055     1.065656 
2459160.761849 0.000000 0.000000    -0.000021     1.065656 
2459162.475976 0.000000 0.000000     0.000010     1.065656 
2459164.190104 0.000000 0.000000     0.000036     1.065656 
2459165.904232 0.000000 0.000000     0.000056     1.065656 
2459167.618360 0.000000 0.000000     0.000067     1.065656 
2459169.332488 0.000000 0.000000     0.000065     1.065656 
2459171.046616 0.000000 0.000000     0.000045     1.065656 
2459172.760744 0.000000 0.000000     0.000009     1.065656 
2459174.474872 0.000000 0.000000    -0.000039     1.065656 
2459176.189000 0.000000 0.000000    -0.000084     1.065656 
2459177.903128 0.000000 0.000000    -0.000113     1.065656 
2459179.617256 0.000000 0.000000    -0.000113     1.065656 
2459181.331384 0.000000 0.000000    -0.000086     1.065656 
2459183.045512 0.000000 0.000000    -0.000043     1.065656 
2459184.759640 0.000000 0.000000    -0.000007     1.065656 
2459186.473767 0.000000 0.000000    -0.000001     1.065656 
2459188.187895 0.000000 0.000000    -0.000036     1.065656 
2459189.902023 0.000000 0.000000    -0.000106     1.065656 
2459191.616151 0.000000 0.000000    -0.000185     1.065656 
2459193.330279 0.000000 0.000000    -0.000240     1.065656 
2459195.044407 0.000000 0.000000    -0.000242     1.065656 
2459196.758535 0.000000 0.000000    -0.000184     1.065656 
2459198.472663 0.000000 0.000000    -0.000082     1.065656 
2459200.186791 0.000000 0.000000     0.000028     1.065656 
2459201.900919 0.000000 0.000000     0.000105     1.065656 
2459203.615047 0.000000 0.000000     0.000122     1.065656 
2459205.329175 0.000000 0.000000     0.000076     1.065656 
2459207.043303 0.000000 0.000000    -0.000012     1.065656 
2459208.757431 0.000000 0.000000    -0.000104     1.065656 
2459210.471558 0.000000 0.000000    -0.000167     1.065656 
2459212.185686 0.000000 0.000000    -0.000183     1.065656 
2459213.899814 0.000000 0.000000    -0.000155     1.065656 
2459215.613942 0.000000 0.000000    -0.000101     1.065656 
2459217.328070 0.000000 0.000000    -0.000042     1.065656 
2459219.042198 0.000000 0.000000     0.000009     1.065656 
2459220.756326 0.000000 0.000000     0.000049     1.065656 
2459222.470454 0.000000 0.000000     0.000084     1.065656 
2459224.184582 0.000000 0.000000     0.000113     1.065656 
2459225.898710 0.000000 0.000000     0.000126     1.065656 
2459227.612838 0.000000 0.000000     0.000106     1.065656 
2459229.326966 0.000000 0.000000     0.000040     1.065656 
2459231.041094 0.000000 0.000000    -0.000065     1.065656 
2459232.755222 0.000000 0.000000    -0.000176     1.065656 
2459234.469349 0.000000 0.000000    -0.000244     1.065656 
2459236.183477 0.000000 0.000000    -0.000230     1.065656 
2459237.897605 0.000000 0.000000    -0.000124     1.065656 
2459239.611733 0.000000 0.000000     0.000034     1.065656 
2459241.325861 0.000000 0.000000     0.000169     1.065656 
2459243.039989 0.000000 0.000000     0.000203     1.065656 
2459244.754117 0.000000 0.000000     0.000091     1.065656 
2459246.468245 0.000000 0.000000    -0.000144     1.065656 
2459248.182373 0.000000 0.000000    -0.000415     1.065656 
2459249.896501 0.000000 0.000000    -0.000602     1.065656 
2459251.610629 0.000000 0.000000    -0.000612     1.065656 
2459253.324757 0.000000 0.000000    -0.000418     1.065656 
2459255.038885 0.000000 0.000000    -0.000083     1.065656 
2459256.753013 0.000000 0.000000     0.000266     1.065656 
2459258.467140 0.000000 0.000000     0.000491     1.065656 
2459260.181268 0.000000 0.000000     0.000509     1.065656 
2459261.895396 0.000000 0.000000     0.000321     1.065656 
2459263.609524 0.000000 0.000000     0.000011     1.065656 
2459265.323652 0.000000 0.000000    -0.000297     1.065656 
2459267.037780 0.000000 0.000000    -0.000495     1.065656 
2459268.751908 0.000000 0.000000    -0.000539     1.065656 
2459270.466036 0.000000 0.000000    -0.000448     1.065656 
2459272.180164 0.000000 0.000000    -0.000284     1.065656 
2459273.894292 0.000000 0.000000    -0.000107     1.065656 
2459275.608420 0.000000 0.000000     0.000051     1.065656 
2459277.322548 0.000000 0.000000     0.000191     1.065656 
2459279.036676 0.000000 0.000000     0.000319     1.065656 
2459280.750804 0.000000 0.000000     0.000416     1.065656 
2459282.464931 0.000000 0.000000     0.000431     1.065656 
2459284.179059 0.000000 0.000000     0.000304     1.065656 
2459285.893187 0.000000 0.000000     0.000014     1.065656 
2459287.607315 0.000000 0.000000    -0.000377     1.065656 
2459289.321443 0.000000 0.000000    -0.000727     1.065656 
2459291.035571 0.000000 0.000000    -0.000863     1.065656 
2459292.749699 0.000000 0.000000    -0.000669     1.065656 
2459294.463827 0.000000 0.000000    -0.000163     1.065656 
2459296.177955 0.000000 0.000000     0.000477     1.065656 
2459297.892083 0.000000 0.000000     0.000978     1.065656 
2459299.606211 0.000000 0.000000     0.001090     1.065656 
2459301.320339 0.000000 0.000000     0.000715     1.065656 
2459303.034467 0.000000 0.000000    -0.000027     1.065656 
2459304.748595 0.000000 0.000000    -0.000829     1.065656 
2459306.462722 0.000000 0.000000    -0.001329     1.065656 
2459308.176850 0.000000 0.000000    -0.001277     1.065655 
2459309.890978 0.000000 0.000000    -0.000660     1.065655 
2459311.605106 0.000000 0.000000     0.000284     1.065655 
2459313.319234 0.000000 0.000000     0.001169     1.065655 
2459315.033362 0.000000 0.000000     0.001630     1.065655 
2459316.747490 0.000000 0.000000     0.001487     1.065655 
2459318.461618 0.000000 0.000000     0.000815     1.065655 
2459320.175746 0.000000 0.000000    -0.000107     1.065655 
2459321.889874 0.000000 0.000000    -0.000935     1.065655 
2459323.604002 0.000000 0.000000    -0.001413     1.065655 
2459325.318130 0.000000 0.000000    -0.001461     1.065655 
2459327.032258 0.000000 0.000000    -0.001167     1.065655 
2459328.746386 0.000000 0.000000    -0.000700     1.065655 
2459330.460513 0.000000 0.000000    -0.000201     1.065655 
2459332.174641 0.000000 0.000000     0.000267     1.065655 
2459333.888769 0.000000 0.000000     0.000699     1.065655 
2459335.602897 0.000000 0.000000     0.001071     1.065655 
2459337.317025 0.000000 0.000000     0.001286     1.065655 
2459339.031153 0.000000 0.000000     0.001184     1.065655 
2459340.745281 0.000000 0.000000     0.000636     1.065655 
2459342.459409 0.000000 0.000000    -0.000330     1.065655 
2459344.173537 0.000000 0.000000    -0.001454     1.065655 
2459345.887665 0.000000 0.000000    -0.002296     1.065655 
2459347.601793 0.000000 0.000000    -0.002415     1.065655 
2459349.315921 0.000000 0.000000    -0.001598     1.065655 
2459351.030049 0.000000 0.000000    -0.000025     1.065655 
2459352.744177 0.000000 0.000000     0.001748     1.065655 
2459354.458304 0.000000 0.000000     0.002997     1.065655 
2459356.172432 0.000000 0.000000     0.003158     1.065655 
2459357.886560 0.000000 0.000000     0.002113     1.065655 
2459359.600688 0.000000 0.000000     0.000287     1.065655 
2459361.314816 0.000000 0.000000    -0.001519     1.065655 
2459363.028944 0.000000 0.000000    -0.002478     1.065655 
2459364.743072 0.000000 0.000000    -0.002121     1.065654 
2459366.457200 0.000000 0.000000    -0.000571     1.065654 
2459368.171328 0.000000 0.000000     0.001514     1.065653 
2459369.885456 0.000000 0.000000     0.003236     1.065653 
2459371.599584 0.000000 0.000000     0.003861     1.065653 
2459373.313712 0.000000 0.000000     0.003142     1.065654 
2459375.027840 0.000000 0.000000     0.001389     1.065654 
2459376.741968 0.000000 0.000000    -0.000710     1.065654 
2459378.456095 0.000000 0.000000    -0.002421     1.065654 
2459380.170223 0.000000 0.000000    -0.003276     1.065654 
2459381.884351 0.000000 0.000000    -0.003202     1.065654 
2459383.598479 0.000000 0.000000    -0.002445     1.065654 
2459385.312607 0.000000 0.000000    -0.001360     1.065654 
2459387.026735 0.000000 0.000000    -0.000212     1.065654 
2459388.740863 0.000000 0.000000     0.000890     1.065654 
2459390.454991 0.000000 0.000000     0.001902     1.065654 
2459392.169119 0.000000 0.000000     0.002699     1.065654 
2459393.883247 0.000000 0.000000     0.002998     1.065654 
2459395.597375 0.000000 0.000000     0.002454     1.065654 
2459397.311503 0.000000 0.000000     0.000891     1.065654 
2459399.025631 0.000000 0.000000    -0.001459     1.065654 
2459400.739759 0.000000 0.000000    -0.003884     1.065654 
2459402.453886 0.000000 0.000000    -0.005399     1.065654 
2459404.168014 0.000000 0.000000    -0.005170     1.065654 
2459405.882142 0.000000 0.000000    -0.002968     1.065654 
2459407.596270 0.000000 0.000000     0.000601     1.065653 
2459409.310398 0.000000 0.000000     0.004252     1.065653 
2459411.024526 0.000000 0.000000     0.006540     1.065653 
2459412.738654 0.000000 0.000000     0.006517     1.065653 
2459414.452782 0.000000 0.000000     0.004212     1.065653 
2459416.166910 0.000000 0.000000     0.000667     1.065653 
2459417.881038 0.000000 0.000000    -0.002500     1.065652 
2459419.595166 0.000000 0.000000    -0.003835     1.065651 
2459421.309294 0.000000 0.000000    -0.002716     1.065650 
2459423.023422 0.000000 0.000000     0.000356     1.065649 
2459424.737550 0.000000 0.000000     0.003996     1.065648 
2459426.451677 0.000000 0.000000     0.006581     1.065648 
2459428.165805 0.000000 0.000000     0.006985     1.065648 
2459429.879933 0.000000 0.000000     0.005039     1.065649 
2459431.594061 0.000000 0.000000     0.001534     1.065649 
2459433.308189 0.000000 0.000000    -0.002218     1.065649 
2459435.022317 0.000000 0.000000    -0.004995     1.065649 
2459436.736445 0.000000 0.000000    -0.006140     1.065649 
2459438.450573 0.000000 0.000000    -0.005686     1.065649 
2459440.164701 0.000000 0.000000    -0.004137     1.065650 
2459441.878829 0.000000 0.000000    -0.002085     1.065650 
2459443.592957 0.000000 0.000000     0.000069     1.065651 
2459445.307085 0.000000 0.000000     0.002148     1.065651 
2459447.021213 0.000000 0.000000     0.004006     1.065650 
2459448.735341 0.000000 0.000000     0.005298     1.065650 
2459450.449468 0.000000 0.000000     0.005455     1.065649 
2459452.163596 0.000000 0.000000     0.003930     1.065649 
2459453.877724 0.000000 0.000000     0.000623     1.065649 
2459455.591852 0.000000 0.000000    -0.003782     1.065649 
2459457.305980 0.000000 0.000000    -0.007858     1.065649 
2459459.020108 0.000000 0.000000    -0.009911     1.065649 
2459460.734236 0.000000 0.000000    -0.008753     1.065649 
2459462.448364 0.000000 0.000000    -0.004370     1.065649 
2459464.162492 0.000000 0.000000     0.001877     1.065648 
2459465.876620 0.000000 0.000000     0.007709     1.065648 
2459467.590748 0.000000 0.000000     0.010887     1.065648 
2459469.304876 0.000000 0.000000     0.010230     1.065648 
2459471.019004 0.000000 0.000000     0.006203     1.065648 
2459472.733132 0.000000 0.000000     0.000744     1.065648 
2459474.447259 0.000000 0.000000    -0.003600     1.065647 
2459476.161387 0.000000 0.000000    -0.004847     1.065645 
2459477.875515 0.000000 0.000000    -0.002480     1.065643 
2459479.589643 0.000000 0.000000     0.002340     1.065641 
2459481.303771 0.000000 0.000000     0.007356     1.065640 
2459483.017899 0.000000 0.000000     0.010274     1.065640 
2459484.732027 0.000000 0.000000     0.009785     1.065641 
2459486.446155 0.000000 0.000000     0.006069     1.065641 
2459488.160283 0.000000 0.000000     0.000573     1.065641 
2459489.874411 0.000000 0.000000    -0.004741     1.065641 
2459491.588539 0.000000 0.000000    -0.008274     1.065641 
2459493.302667 0.000000 0.000000    -0.009347     1.065641 
2459495.016795 0.000000 0.000000    -0.008215     1.065642 
2459496.730923 0.000000 0.000000    -0.005666     1.065642 
2459498.445050 0.000000 0.000000    -0.002491     1.065644 
2459500.159178 0.000000 0.000000     0.000812     1.065645 
2459501.873306 0.000000 0.000000     0.003976     1.065645 
2459503.587434 0.000000 0.000000     0.006664     1.065643 
2459505.301562 0.000000 0.000000     0.008234     1.065642 
2459507.015690 0.000000 0.000000     0.007830     1.065641 
2459508.729818 0.000000 0.000000     0.004835     1.065641 
2459510.443946 0.000000 0.000000    -0.000556     1.065641 
2459512.158074 0.000000 0.000000    -0.007024     1.065641 
2459513.872202 0.000000 0.000000    -0.012383     1.065641 
2459515.586330 0.000000 0.000000    -0.014402     1.065641 
2459517.300458 0.000000 0.000000    -0.011851     1.065641 
2459519.014586 0.000000 0.000000    -0.005234     1.065641 
2459520.728713 0.000000 0.000000     0.003217     1.065641 
2459522.442841 0.000000 0.000000     0.010388     1.065640 
2459524.156969 0.000000 0.000000     0.013622     1.065640 
2459525.871097 0.000000 0.000000     0.011923     1.065640 
2459527.585225 0.000000 0.000000     0.006425     1.065640 
2459529.299353 0.000000 0.000000    -0.000122     1.065640 
2459531.013481 0.000000 0.000000    -0.004624     1.065640 
2459532.727609 0.000000 0.000000    -0.005065     1.065638 
2459534.441737 0.000000 0.000000    -0.001396     1.065637 
2459536.155865 0.000000 0.000000     0.004518     1.065636 
2459537.869993 0.000000 0.000000     0.009840     1.065636 
2459539.584121 0.000000 0.000000     0.012090     1.065635 
2459541.298249 0.000000 0.000000     0.010221     1.065635 
2459543.012377 0.000000 0.000000     0.004950     1.065636 
2459544.726504 0.000000 0.000000    -0.001739     1.065636 
2459546.440632 0.000000 0.000000    -0.007583     1.065636 
2459548.154760 0.000000 0.000000    -0.010986     1.065636 
2459549.868888 0.000000 0.000000    -0.011478     1.065636 
2459551.583016 0.000000 0.000000    -0.009567     1.065637 
2459553.297144 0.000000 0.000000    -0.006200     1.065638 
2459555.011272 0.000000 0.000000    -0.002215     1.065640 
2459556.725400 0.000000 0.000000     0.001864     1.065641 
2459558.439528 0.000000 0.000000     0.005666     1.065640 
2459560.153656 0.000000 0.000000     0.008653     1.065638 
2459561.867784 0.000000 0.000000     0.009970     1.065637 
2459563.581912 0.000000 0.000000     0.008695     1.065636 
2459565.296040 0.000000 0.000000     0.004404     1.065636 
2459567.010168 0.000000 0.000000    -0.002283     1.065636 
2459568.724295 0.000000 0.000000    -0.009564     1.065636 
2459570.438423 0.000000 0.000000    -0.014957     1.065636 
2459572.152551 0.000000 0.000000    -0.016298     1.065636 
2459573.866679 0.000000 0.000000    -0.012778     1.065636 
2459575.580807 0.000000 0.000000    -0.005480     1.065636 
2459577.294935 0.000000 0.000000     0.002930     1.065636 
2459579.009063 0.000000 0.000000     0.009292     1.065636 
2459580.723191 0.000000 0.000000     0.011322     1.065636 
2459582.437319 0.000000 0.000000     0.008630     1.065636 
2459584.151447 0.000000 0.000000     0.002874     1.065636 
2459585.865575 0.000000 0.000000    -0.003037     1.065637 
2459587.579703 0.000000 0.000000    -0.006300     1.065637 
2459589.293831 0.000000 0.000000    -0.005491     1.065637 
2459591.007959 0.000000 0.000000    -0.001151     1.065637 
2459592.722086 0.000000 0.000000     0.004565     1.065637 
2459594.436214 0.000000 0.000000     0.008954     1.065637 
2459596.150342 0.000000 0.000000     0.010010     1.065637 
2459597.864470 0.000000 0.000000     0.007238     1.065637 
2459599.578598 0.000000 0.000000     0.001724     1.065638 
2459601.292726 0.000000 0.000000    -0.004507     1.065638 
2459603.006854 0.000000 0.000000    -0.009437     1.065638 
2459604.720982 0.000000 0.000000    -0.011828     1.065639 
2459606.435110 0.000000 0.000000    -0.011497     1.065639 
2459608.149238 0.000000 0.000000    -0.009063     1.065640 
2459609.863366 0.000000 0.000000    -0.005438     1.065641 
2459611.577494 0.000000 0.000000    -0.001394     1.065643 
2459613.291622 0.000000 0.000000     0.002563     1.065643 
2459615.005750 0.000000 0.000000     0.006025     1.065642 
2459616.719877 0.000000 0.000000     0.008449     1.065640 
2459618.434005 0.000000 0.000000     0.009110     1.065639 
2459620.148133 0.000000 0.000000     0.007360     1.065639 
2459621.862261 0.000000 0.000000     0.003080     1.065639 
2459623.576389 0.000000 0.000000    -0.002955     1.065639 
2459625.290517 0.000000 0.000000    -0.009109     1.065639 
2459627.004645 0.000000 0.000000    -0.013391     1.065639 
2459628.718773 0.000000 0.000000    -0.014271     1.065639 
2459630.432901 0.000000 0.000000    -0.011432     1.065638 
2459632.147029 0.000000 0.000000    -0.006035     1.065638 
2459633.861157 0.000000 0.000000    -0.000328     1.065637 
2459635.575285 0.000000 0.000000     0.003280     1.065637 
2459637.289413 0.000000 0.000000     0.003281     1.065636 
2459639.003541 0.000000 0.000000    -0.000249     1.065636 
2459640.717668 0.000000 0.000000    -0.005659     1.065636 
2459642.431796 0.000000 0.000000    -0.010452     1.065636 
2459644.145924 0.000000 0.000000    -0.012398     1.065636 
2459645.860052 0.000000 0.000000    -0.010523     1.065636 
2459647.574180 0.000000 0.000000    -0.005524     1.065635 
2459649.288308 0.000000 0.000000     0.000564     1.065635 
2459651.002436 0.000000 0.000000     0.005274     1.065635 
2459652.716564 0.000000 0.000000     0.006766     1.065635 
2459654.430692 0.000000 0.000000     0.004556     1.065636 
2459656.144820 0.000000 0.000000    -0.000378     1.065636 
2459657.858948 0.000000 0.000000    -0.006113     1.065637 
2459659.573076 0.000000 0.000000    -0.010637     1.065638 
2459661.287204 0.000000 0.000000    -0.012630     1.065640 
2459663.001332 0.000000 0.000000    -0.011835     1.065641 
2459664.715459 0.000000 0.000000    -0.008919     1.065643 
2459666.429587 0.000000 0.000000    -0.004981     1.065644 
2459668.143715 0.000000 0.000000    -0.001008     1.065645 
2459669.857843 0.000000 0.000000     0.002431     1.065646 
2459671.571971 0.000000 0.000000     0.005138     1.065645 
2459673.286099 0.000000 0.000000     0.006991     1.065644 
2459675.000227 0.000000 0.000000     0.007686     1.065643 
2459676.714355 0.000000 0.000000     0.006716     1.065642 
2459678.428483 0.000000 0.000000     0.003690     1.065642 
2459680.142611 0.000000 0.000000    -0.001208     1.065642 
2459681.856739 0.000000 0.000000    -0.006921     1.065642 
2459683.570867 0.000000 0.000000    -0.011686     1.065642 
2459685.284995 0.000000 0.000000    -0.013699     1.065641 
2459686.999123 0.000000 0.000000    -0.012049     1.065640 
2459688.713250 0.000000 0.000000    -0.007416     1.065638 
2459690.427378 0.000000 0.000000    -0.002095     1.065635 
2459692.141506 0.000000 0.000000     0.000838     1.065633 
2459693.855634 0.000000 0.000000    -0.001065     1.065632 
2459695.569762 0.000000 0.000000    -0.008260     1.065632 
2459697.283890 0.000000 0.000000    -0.018631     1.065632 
2459698.998018 0.000000 0.000000    -0.028103     1.065626 
2459700.712146 0.000000 0.000000    -0.032311     1.065612 
2459702.426274 0.000000 0.000000    -0.028618     1.065593 
2459704.140402 0.000000 0.000000    -0.017521     1.065577 
2459705.854530 0.000000 0.000000    -0.002701     1.065572 
2459707.568658 0.000000 0.000000     0.010411     1.065575 
2459709.282786 0.000000 0.000000     0.016950     1.065580 
2459710.996914 0.000000 0.000000     0.014722     1.065584 
2459712.711041 0.000000 0.000000     0.005104     1.065585 
2459714.425169 0.000000 0.000000    -0.007696     1.065587 
2459716.139297 0.000000 0.000000    -0.018637     1.065589 
2459717.853425 0.000000 0.000000    -0.024055     1.065590 
2459719.567553 0.000000 0.000000    -0.023015     1.065590 
2459721.281681 0.000000 0.000000    -0.017175     1.065592 
2459722.995809 0.000000 0.000000    -0.009412     1.065597 
2459724.709937 0.000000 0.000000    -0.002110     1.065604 
2459726.424065 0.000000 0.000000     0.003849     1.065608 
2459728.138193 0.000000 0.000000     0.008840     1.065606 
2459729.852321 0.000000 0.000000     0.013288     1.065599 
2459731.566449 0.000000 0.000000     0.016451     1.065592 
2459733.280577 0.000000 0.000000     0.016213     1.065590 
2459734.994705 0.000000 0.000000     0.010285     1.065590 
2459736.708832 0.000000 0.000000    -0.001793     1.065590 
2459738.422960 0.000000 0.000000    -0.017148     1.065589 
2459740.137088 0.000000 0.000000    -0.029853     1.065589 
2459741.851216 0.000000 0.000000    -0.033342     1.065588 
2459743.565344 0.000000 0.000000    -0.024022     1.065588 
2459745.279472 0.000000 0.000000    -0.004146     1.065586 
2459746.993600 0.000000 0.000000     0.017952     1.065579 
2459748.707728 0.000000 0.000000     0.030963     1.065566 
2459750.421856 0.000000 0.000000     0.025973     1.065559 
2459752.135984 0.000000 0.000000     0.001518     1.065562 
2459753.850112 0.000000 0.000000    -0.034435     1.065537 
2459755.564240 0.000000 0.000000    -0.067078     1.065416 
2459757.278368 0.000000 0.000000    -0.081132     1.065179 
2459758.992496 0.000000 0.000000    -0.068126     1.064902 
2459760.706623 0.000000 0.000000    -0.030969     1.064708 
2459762.420751 0.000000 0.000000     0.016657     1.064655 
2459764.134879 0.000000 0.000000     0.056065     1.064701 
2459765.849007 0.000000 0.000000     0.071823     1.064764 
2459767.563135 0.000000 0.000000     0.058514     1.064799 
2459769.277263 0.000000 0.000000     0.022720     1.064814 
2459770.991391 0.000000 0.000000    -0.020608     1.064825 
2459772.705519 0.000000 0.000000    -0.055348     1.064837 
2459774.419647 0.000000 0.000000    -0.071184     1.064845 
2459776.133775 0.000000 0.000000    -0.066889     1.064854 
2459777.847903 0.000000 0.000000    -0.048693     1.064887 
2459779.562031 0.000000 0.000000    -0.025277     1.064960 
2459781.276159 0.000000 0.000000    -0.002786     1.065047 
2459782.990287 0.000000 0.000000     0.017117     1.065085 
2459784.704414 0.000000 0.000000     0.035251     1.065037 
2459786.418542 0.000000 0.000000     0.050847     1.064945 
2459788.132670 0.000000 0.000000     0.058809     1.064881 
2459789.846798 0.000000 0.000000     0.051017     1.064865 
2459791.560926 0.000000 0.000000     0.021683     1.064863 
2459793.275054 0.000000 0.000000    -0.026266     1.064851 
2459794.989182 0.000000 0.000000    -0.078274     1.064843 
2459796.703310 0.000000 0.000000    -0.111928     1.064841 
2459798.417438 0.000000 0.000000    -0.106927     1.064831 
2459800.131566 0.000000 0.000000    -0.056748     1.064801 
2459801.845694 0.000000 0.000000     0.024518     1.064733 
2459803.559822 0.000000 0.000000     0.105079     1.064603 
2459805.273950 0.000000 0.000000     0.148301     1.064449 
2459806.988078 0.000000 0.000000     0.130193     1.064381 
2459808.702205 0.000000 0.000000     0.052875     1.064384 
2459810.416333 0.000000 0.000000    -0.053490     1.064112 
2459812.130461 0.000000 0.000000    -0.142498     1.063099 
2459813.844589 0.000000 0.000000    -0.172292     1.061309 
2459815.558717 0.000000 0.000000    -0.125535     1.059370 
2459817.272845 0.000000 0.000000    -0.018598     1.058094 
2459818.986973 0.000000 0.000000     0.104960     1.057772 
2459820.701101 0.000000 0.000000     0.193805     1.058037 
2459822.415229 0.000000 0.000000     0.211762     1.058360 
2459824.129357 0.000000 0.000000     0.153165     1.058524 
2459825.843485 0.000000 0.000000     0.043476     1.058618 
2459827.557613 0.000000 0.000000    -0.074329     1.058762 
2459829.271741 0.000000 0.000000    -0.159934     1.058935 
2459830.985869 0.000000 0.000000    -0.191939     1.059061 
2459832.699996 0.000000 0.000000    -0.172589     1.059209 
2459834.414124 0.000000 0.000000    -0.120305     1.059590 
2459836.128252 0.000000 0.000000    -0.056132     1.060267 
2459837.842380 0.000000 0.000000     0.006914     1.060898 
2459839.556508 0.000000 0.000000     0.065416     1.060984 
2459841.270636 0.000000 0.000000     0.118379     1.060443 
2459842.984764 0.000000 0.000000     0.157868     1.059742 
2459844.698892 0.000000 0.000000     0.165925     1.059358 
2459846.413020 0.000000 0.000000     0.122264     1.059286 
2459848.127148 0.000000 0.000000     0.019756     1.059252 
2459849.841276 0.000000 0.000000    -0.121871     1.059165 
2459851.555404 0.000000 0.000000    -0.254754     1.059116 
2459853.269532 0.000000 0.000000    -0.318886     1.059083 
2459854.983660 0.000000 0.000000    -0.270252     1.058929 
2459856.697787 0.000000 0.000000    -0.107392     1.058570 
2459858.411915 0.000000 0.000000     0.119043     1.057949 
2459860.126043 0.000000 0.000000     0.322115     1.057045 
2459861.840171 0.000000 0.000000     0.415387     1.056177 
2459863.554299 0.000000 0.000000     0.354191     1.055873 
2459865.268427 0.000000 0.000000     0.160666     1.055858 
2459866.982555 0.000000 0.000000    -0.081702     1.054406 
2459868.696683 0.000000 0.000000    -0.263675     1.049628 
2459870.410811 0.000000 0.000000    -0.300131     1.041731 
2459872.124939 0.000000 0.000000    -0.170306     1.033577 
2459873.839067 0.000000 0.000000     0.071550     1.028442 
2459875.553195 0.000000 0.000000     0.320694     1.027190 
2459877.267323 0.000000 0.000000     0.469700     1.028082 
2459878.981451 0.000000 0.000000     0.456184     1.029068 
2459880.695578 0.000000 0.000000     0.287628     1.029548 
2459882.409706 0.000000 0.000000     0.032713     1.030061 
2459884.123834 0.000000 0.000000    -0.214150     1.030969 
2459885.837962 0.000000 0.000000    -0.375464     1.031881 
2459887.552090 0.000000 0.000000    -0.418867     1.032454 
2459889.266218 0.000000 0.000000    -0.359129     1.033381 
2459890.980346 0.000000 0.000000    -0.237516     1.035832 
2459892.694474 0.000000 0.000000    -0.094274     1.039525 
2459894.408602 0.000000 0.000000     0.048089     1.042134 
2459896.122730 0.000000 0.000000     0.182048     1.041528 
2459897.836858 0.000000 0.000000     0.298205     1.038250 
2459899.550986 0.000000 0.000000     0.369976     1.034982 
2459901.265114 0.000000 0.000000     0.355082     1.033533 
2459902.979242 0.000000 0.000000     0.217950     1.033330 
2459904.693369 0.000000 0.000000    -0.038272     1.033120 
2459906.407497 0.000000 0.000000    -0.351232     1.032735 
2459908.121625 0.000000 0.000000    -0.608766     1.032539 
2459909.835753 0.000000 0.000000    -0.691180     1.032285 
2459911.549881 0.000000 0.000000    -0.529583     1.031416 
2459913.264009 0.000000 0.000000    -0.150472     1.029721 
2459914.978137 0.000000 0.000000     0.320521     1.027114 
2459916.692265 0.000000 0.000000     0.704228     1.023758 
2459918.406393 0.000000 0.000000     0.845709     1.020969 
2459920.120521 0.000000 0.000000     0.688015     1.020342 
2459921.834649 0.000000 0.000000     0.304425     1.020415 
2459923.548777 0.000000 0.000000    -0.129808     1.015650 
2459925.262905 0.000000 0.000000    -0.415532     1.000912 
2459926.977033 0.000000 0.000000    -0.421274     0.977238 
2459928.691160 0.000000 0.000000    -0.144130     0.953001 
2459930.405288 0.000000 0.000000     0.289710     0.937885 
2459932.119416 0.000000 0.000000     0.684639     0.934176 
2459933.833544 0.000000 0.000000     0.865660     0.936201 
2459935.547672 0.000000 0.000000     0.754727     0.938203 
2459937.261800 0.000000 0.000000     0.397902     0.939370 
2459938.975928 0.000000 0.000000    -0.065891     0.941706 
2459940.690056 0.000000 0.000000    -0.474145     0.945360 
2459942.404184 0.000000 0.000000    -0.710509     0.948000 
2459944.118312 0.000000 0.000000    -0.741212     0.949280 
2459945.832440 0.000000 0.000000    -0.605889     0.953585 
2459947.546568 0.000000 0.000000    -0.376705     0.964820 
2459949.260696 0.000000 0.000000    -0.115404     0.978753 
2459950.974824 0.000000 0.000000     0.145296     0.985474 
2459952.688951 0.000000 0.000000     0.388851     0.979716 
2459954.403079 0.000000 0.000000     0.586235     0.966302 
2459956.117207 0.000000 0.000000     0.678911     0.955258 
2459957.831335 0.000000 0.000000     0.593688     0.951275 
2459959.545463 0.000000 0.000000     0.287605     0.950850 
2459961.259591 0.000000 0.000000    -0.202613     0.949964 
2459962.973719 0.000000 0.000000    -0.741516     0.948701 
2459964.687847 0.000000 0.000000    -1.129112     0.948030 
2459966.401975 0.000000 0.000000    -1.182114     0.946942 
2459968.116103 0.000000 0.000000    -0.826238     0.944182 
2459969.830231 0.000000 0.000000    -0.150651     0.939608 
2459971.544359 0.000000 0.000000     0.610695     0.933055 
2459973.258487 0.000000 0.000000     1.170962     0.925079 
2459974.972615 0.000000 0.000000     1.316788     0.919347 
2459976.686742 0.000000 0.000000     1.008802     0.919460 
2459978.400870 0.000000 0.000000     0.404890     0.920844 
2459980.114998 0.000000 0.000000    -0.208856     0.910796 
2459981.829126 0.000000 0.000000    -0.548835     0.878712 
2459983.543254 0.000000 0.000000    -0.464056     0.825277 
2459985.257382 0.000000 0.000000    -0.003085     0.766146 
2459986.971510 0.000000 0.000000     0.613481     0.725995 
2459988.685638 0.000000 0.000000     1.099390     0.715064 
2459990.399766 0.000000 0.000000     1.234189     0.718244 
2459992.113894 0.000000 0.000000     0.956088     0.721004 
2459993.828022 0.000000 0.000000     0.375254     0.724937 
2459995.542150 0.000000 0.000000    -0.291393     0.735844 
2459997.256278 0.000000 0.000000    -0.824103     0.748107 
2459998.970406 0.000000 0.000000    -1.088223     0.751746 
2460000.684533 0.000000 0.000000    -1.066396     0.752644 
2460002.398661 0.000000 0.000000    -0.830009     0.773491 
2460004.112789 0.000000 0.000000    -0.478424     0.818580 
2460005.826917 0.000000 0.000000    -0.088045     0.859418 
2460007.541045 0.000000 0.000000     0.299739     0.868905 
2460009.255173 0.000000 0.000000     0.652675     0.841796 
2460010.969301 0.000000 0.000000     0.912281     0.795888 
2460012.683429 0.000000 0.000000     0.984826     0.761407 
2460014.397557 0.000000 0.000000     0.776763     0.751069 
2460016.111685 0.000000 0.000000     0.260485     0.750084 
2460017.825813 0.000000 0.000000    -0.470041     0.746498 
2460019.539941 0.000000 0.000000    -1.196842     0.742209 
2460021.254069 0.000000 0.000000    -1.646565     0.739667 
2460022.968197 0.000000 0.000000    -1.607450     0.736365 
2460024.682324 0.000000 0.000000    -1.039212     0.731250 
2460026.396452 0.000000 0.000000    -0.115602     0.725180 
2460028.110580 0.000000 0.000000     0.831665     0.716288 
2460029.824708 0.000000 0.000000     1.449837     0.704408 
2460031.538836 0.000000 0.000000     1.521387     0.698443 
2460033.252964 0.000000 0.000000     1.063934     0.706316 
2460034.967092 0.000000 0.000000     0.322869     0.717066 
2460036.681220 0.000000 0.000000    -0.342381     0.708826 
2460038.395348 0.000000 0.000000    -0.624645     0.666753 
2460040.109476 0.000000 0.000000    -0.407952     0.587470 
2460041.823604 0.000000 0.000000     0.186635     0.478412 
2460043.537732 0.000000 0.000000     0.867044     0.369046 
2460045.251860 0.000000 0.000000     1.311647     0.327491 
2460046.965988 0.000000 0.000000     1.314821     0.329592 
2460048.680115 0.000000 0.000000     0.867846     0.327497 
2460050.394243 0.000000 0.000000     0.143153     0.379139 
2460052.108371 0.000000 0.000000    -0.599877     0.457129 
2460053.822499 0.000000 0.000000    -1.132905     0.496000 
2460055.536627 0.000000 0.000000    -1.340936     0.483297 
2460057.250755 0.000000 0.000000    -1.236270     0.485524 
2460058.964883 0.000000 0.000000    -0.912280     0.587654 
2460060.679011 0.000000 0.000000    -0.476317     0.703956 
2460062.393139 0.000000 0.000000    -0.005520     0.768391 
2460064.107267 0.000000 0.000000     0.452986     0.763995 
2460065.821395 0.000000 0.000000     0.849610     0.693492 
2460067.535523 0.000000 0.000000     1.102709     0.577050 
2460069.249651 0.000000 0.000000     1.105212     0.467404 
2460070.963779 0.000000 0.000000     0.774974     0.431710 
2460072.677906 0.000000 0.000000     0.123061     0.425384 
2460074.392034 0.000000 0.000000    -0.705322     0.398746 
2460076.106162 0.000000 0.000000    -1.454185     0.365217 
2460077.820290 0.000000 0.000000    -1.847963     0.340336 
2460079.534418 0.000000 0.000000    -1.713685     0.323190 
2460081.248546 0.000000 0.000000    -1.073435     0.333551 
2460082.962674 0.000000 0.000000    -0.154603     0.367421 
2460084.676802 0.000000 0.000000     0.696280     0.389473 
2460086.390930 0.000000 0.000000     1.161286     0.397587 
2460088.105058 0.000000 0.000000     1.091726     0.420606 
2460089.819186 0.000000 0.000000     0.573356     0.466098 
2460091.533314 0.000000 0.000000    -0.116639     0.510653 
2460093.247442 0.000000 0.000000    -0.640777     0.542464 
2460094.961570 0.000000 0.000000    -0.757227     0.565058 
2460096.675697 0.000000 0.000000    -0.426107     0.584618 
2460098.389825 0.000000 0.000000     0.182285     0.603963 
2460100.103953 0.000000 0.000000     0.776433     0.622741 
2460101.818081 0.000000 0.000000     1.082132     0.637082 
2460103.532209 0.000000 0.000000     0.962235     0.643047 
2460105.246337 0.000000 0.000000     0.463681     0.646042 
2460106.960465 0.000000 0.000000    -0.222220     0.660578 
2460108.674593 0.000000 0.000000    -0.856990     0.688844 
2460110.388721 0.000000 0.000000    -1.256333     0.714749 
2460112.102849 0.000000 0.000000    -1.347934     0.730880 
2460113.816977 0.000000 0.000000    -1.167483     0.752914 
2460115.531105 0.000000 0.000000    -0.809617     0.795606 
2460117.245233 0.000000 0.000000    -0.371144     0.842630 
2460118.959361 0.000000 0.000000     0.079604     0.865718 
2460120.673488 0.000000 0.000000     0.496558     0.852444 
2460122.387616 0.000000 0.000000     0.829036     0.812448 
2460124.101744 0.000000 0.000000     1.004129     0.772076 
2460125.815872 0.000000 0.000000     0.940665     0.752749 
2460127.530000 0.000000 0.000000     0.593355     0.749209 
2460129.244128 0.000000 0.000000     0.001324     0.746577 
2460130.958256 0.000000 0.000000    -0.693981     0.741908 
2460132.672384 0.000000 0.000000    -1.283342     0.738658 
2460134.386512 0.000000 0.000000    -1.569706     0.734759 
2460136.100640 0.000000 0.000000    -1.457930     0.722200 
2460137.814768 0.000000 0.000000    -1.007919     0.693409 
2460139.528896 0.000000 0.000000    -0.419115     0.645912 
2460141.243024 0.000000 0.000000     0.052350     0.586728 
2460142.957152 0.000000 0.000000     0.207451     0.536466 
2460144.671279 0.000000 0.000000    -0.005117     0.516145 
2460146.385407 0.000000 0.000000    -0.466147     0.519374 
2460148.099535 0.000000 0.000000    -0.942906     0.530446 
2460149.813663 0.000000 0.000000    -1.198722     0.548151 
2460151.527791 0.000000 0.000000    -1.102467     0.572062 
2460153.241919 0.000000 0.000000    -0.686127     0.596280 
2460154.956047 0.000000 0.000000    -0.125178     0.620459 
2460156.670175 0.000000 0.000000     0.345557     0.647801 
2460158.384303 0.000000 0.000000     0.537789     0.672814 
2460160.098431 0.000000 0.000000     0.387124     0.686686 
2460161.812559 0.000000 0.000000    -0.030876     0.695784 
2460163.526687 0.000000 0.000000    -0.546762     0.723834 
2460165.240815 0.000000 0.000000    -0.976851     0.780046 
2460166.954943 0.000000 0.000000    -1.195713     0.844090 
2460168.669070 0.000000 0.000000    -1.170108     0.896406 
2460170.383198 0.000000 0.000000    -0.946790     0.933286 
2460172.097326 0.000000 0.000000    -0.610754     0.959091 
2460173.811454 0.000000 0.000000    -0.242184     0.975650 
2460175.525582 0.000000 0.000000     0.105234     0.980591 
2460177.239710 0.000000 0.000000     0.399440     0.973868 
2460178.953838 0.000000 0.000000     0.611307     0.961962 
2460180.667966 0.000000 0.000000     0.702354     0.953369 
2460182.382094 0.000000 0.000000     0.632388     0.950410 
2460184.096222 0.000000 0.000000     0.384736     0.949030 
2460185.810350 0.000000 0.000000    -0.007867     0.946403 
2460187.524478 0.000000 0.000000    -0.457341     0.944241 
2460189.238606 0.000000 0.000000    -0.844950     0.943272 
2460190.952734 0.000000 0.000000    -1.069115     0.936516 
2460192.666861 0.000000 0.000000    -1.093284     0.910578 
2460194.380989 0.000000 0.000000    -0.967394     0.852946 
2460196.095117 0.000000 0.000000    -0.808156     0.758061 
2460197.809245 0.000000 0.000000    -0.744431     0.630788 
2460199.523373 0.000000 0.000000    -0.853157     0.491130 
2460201.237501 0.000000 0.000000    -1.117861     0.382571 
2460202.951629 0.000000 0.000000    -1.431778     0.335709 
2460204.665757 0.000000 0.000000    -1.645741     0.317869 
2460206.379885 0.000000 0.000000    -1.638491     0.323616 
2460208.094013 0.000000 0.000000    -1.375614     0.339822 
2460209.808141 0.000000 0.000000    -0.928729     0.359069 
2460211.522269 0.000000 0.000000    -0.446048     0.420752 
2460213.236397 0.000000 0.000000    -0.088913     0.507202 
2460214.950525 0.000000 0.000000     0.035470     0.570524 
2460216.664652 0.000000 0.000000    -0.085515     0.598738 
2460218.378780 0.000000 0.000000    -0.372466     0.623257 
2460220.092908 0.000000 0.000000    -0.694660     0.694500 
2460221.807036 0.000000 0.000000    -0.926862     0.801869 
2460223.521164 0.000000 0.000000    -0.995374     0.901166 
2460225.235292 0.000000 0.000000    -0.894889     0.971062 
2460226.949420 0.000000 0.000000    -0.674097     1.010923 
2460228.663548 0.000000 0.000000    -0.403039     1.029568 
2460230.377676 0.000000 0.000000    -0.141538     1.036628 
2460232.091804 0.000000 0.000000     0.076520     1.037874 
2460233.805932 0.000000 0.000000     0.239846     1.036120 
2460235.520060 0.000000 0.000000     0.345466     1.033843 
2460237.234188 0.000000 0.000000     0.386394     1.032851 
2460238.948316 0.000000 0.000000     0.350402     1.032588 
2460240.662443 0.000000 0.000000     0.229948     1.031326 
2460242.376571 0.000000 0.000000     0.034909     1.029256 
2460244.090699 0.000000 0.000000    -0.202669     1.028333 
2460245.804827 0.000000 0.000000    -0.437648     1.027343 
2460247.518955 0.000000 0.000000    -0.631414     1.018112 
2460249.233083 0.000000 0.000000    -0.771122     0.988960 
2460250.947211 0.000000 0.000000    -0.876452     0.932683 
2460252.661339 0.000000 0.000000    -0.987990     0.853769 
2460254.375467 0.000000 0.000000    -1.141762     0.772668 
2460256.089595 0.000000 0.000000    -1.343058     0.718089 
2460257.803723 0.000000 0.000000    -1.554405     0.697758 
2460259.517851 0.000000 0.000000    -1.706081     0.693647 
2460261.231979 0.000000 0.000000    -1.725963     0.694154 
2460262.946107 0.000000 0.000000    -1.575014     0.698665 
2460264.660234 0.000000 0.000000    -1.270892     0.705459 
2460266.374362 0.000000 0.000000    -0.887250     0.714415 
2460268.088490 0.000000 0.000000    -0.527849     0.730994 
2460269.802618 0.000000 0.000000    -0.286722     0.754653 
2460271.516746 0.000000 0.000000    -0.212274     0.773747 
2460273.230874 0.000000 0.000000    -0.291101     0.782485 
2460274.945002 0.000000 0.000000    -0.457776     0.796308 
2460276.659130 0.000000 0.000000    -0.624743     0.838744 
2460278.373258 0.000000 0.000000    -0.717861     0.906056 
2460280.087386 0.000000 0.000000    -0.701882     0.972208 
2460281.801514 0.000000 0.000000    -0.586365     1.019231 
2460283.515642 0.000000 0.000000    -0.412525     1.044575 
2460285.229770 0.000000 0.000000    -0.230066     1.054763 
2460286.943898 0.000000 0.000000    -0.076220     1.057743 
2460288.658025 0.000000 0.000000     0.034012     1.058341 
2460290.372153 0.000000 0.000000     0.104511     1.058338 
2460292.086281 0.000000 0.000000     0.146579     1.058425 
2460293.800409 0.000000 0.000000     0.167493     1.058767 
2460295.514537 0.000000 0.000000     0.165506     1.058770 
2460297.228665 0.000000 0.000000     0.132720     1.057922 
2460298.942793 0.000000 0.000000     0.062316     1.056909 
2460300.656921 0.000000 0.000000    -0.045502     1.056676 
2460302.371049 0.000000 0.000000    -0.182836     1.055574 
2460304.085177 0.000000 0.000000    -0.338652     1.048342 
2460305.799305 0.000000 0.000000    -0.504784     1.029541 
2460307.513433 0.000000 0.000000    -0.678574     0.999017 
2460309.227561 0.000000 0.000000    -0.859640     0.964638 
2460310.941689 0.000000 0.000000    -1.042388     0.938165 
2460312.655816 0.000000 0.000000    -1.209305     0.925268 
2460314.369944 0.000000 0.000000    -1.330466     0.921728 
2460316.084072 0.000000 0.000000    -1.371701     0.921390 
2460317.798200 0.000000 0.000000    -1.308890     0.922418 
2460319.512328 0.000000 0.000000    -1.141816     0.925111 
2460321.226456 0.000000 0.000000    -0.900136     0.928959 
2460322.940584 0.000000 0.000000    -0.637221     0.933777 
2460324.654712 0.000000 0.000000    -0.413233     0.940310 
2460326.368840 0.000000 0.000000    -0.274159     0.947571 
2460328.082968 0.000000 0.000000    -0.235777     0.952471 
2460329.797096 0.000000 0.000000    -0.279510     0.954752 
2460331.511224 0.000000 0.000000    -0.361783     0.960510 
2460333.225352 0.000000 0.000000    -0.432453     0.976945 
2460334.939480 0.000000 0.000000    -0.454088     1.003007 
2460336.653607 0.000000 0.000000    -0.414012     1.029678 
2460338.367735 0.000000 0.000000    -0.324850     1.048945 
2460340.081863 0.000000 0.000000    -0.214807     1.059008 
2460341.795991 0.000000 0.000000    -0.113316     1.062736 
2460343.510119 0.000000 0.000000    -0.039025     1.063733 
2460345.224247 0.000000 0.000000     0.004950     1.064014 
2460346.938375 0.000000 0.000000     0.027676     1.064198 
2460348.652503 0.000000 0.000000     0.042043     1.064435 
2460350.366631 0.000000 0.000000     0.056356     1.064663 
2460352.080759 0.000000 0.000000     0.069980     1.064633 
2460353.794887 0.000000 0.000000     0.074424     1.064284 
2460355.509015 0.000000 0.000000     0.058268     1.063989 
2460357.223143 0.000000 0.000000     0.012751     1.063951 
2460358.937271 0.000000 0.000000    -0.064833     1.063228 
2460360.651398 0.000000 0.000000    -0.170936     1.059811 
2460362.365526 0.000000 0.000000    -0.297737     1.052332 
2460364.079654 0.000000 0.000000    -0.435316     1.041912 
2460365.793782 0.000000 0.000000    -0.572496     1.031959 
2460367.507910 0.000000 0.000000    -0.696353     1.025538 
2460369.222038 0.000000 0.000000    -0.791819     1.022943 
2460370.936166 0.000000 0.000000    -0.843109     1.022379 
2460372.650294 0.000000 0.000000    -0.837686     1.022427 
2460374.364422 0.000000 0.000000    -0.771639     1.022941 
2460376.078550 0.000000 0.000000    -0.653869     1.024081 
2460377.792678 0.000000 0.000000    -0.506360     1.025674 
2460379.506806 0.000000 0.000000    -0.359271     1.027599 
2460381.220934 0.000000 0.000000    -0.242049     1.029836 
2460382.935062 0.000000 0.000000    -0.173891     1.031886 
2460384.649189 0.000000 0.000000    -0.157556     1.033027 
2460386.363317 0.000000 0.000000    -0.179276     1.033672 
2460388.077445 0.000000 0.000000    -0.214911     1.035772 
2460389.791573 0.000000 0.000000    -0.239691     1.041008 
2460391.505701 0.000000 0.000000    -0.237409     1.048705 
2460393.219829 0.000000 0.000000    -0.205281     1.056269 
2460394.933957 0.000000 0.000000    -0.152829     1.061521 
2460396.648085 0.000000 0.000000    -0.095893     1.064112 
2460398.362213 0.000000 0.000000    -0.048931     1.065007 
2460400.076341 0.000000 0.000000    -0.019216     1.065244 
2460401.790469 0.000000 0.000000    -0.005267     1.065329 
2460403.504597 0.000000 0.000000     0.000401     1.065401 
2460405.218725 0.000000 0.000000     0.006112     1.065484 
2460406.932853 0.000000 0.000000     0.016270     1.065544 
2460408.646980 0.000000 0.000000     0.029213     1.065524 
2460410.361108 0.000000 0.000000     0.038334     1.065440 
2460412.075236 0.000000 0.000000     0.035443     1.065393 
2460413.789364 0.000000 0.000000     0.014459     1.065380 
2460415.503492 0.000000 0.000000    -0.026323     1.065110 
2460417.217620 0.000000 0.000000    -0.084049     1.064137 
2460418.931748 0.000000 0.000000    -0.152726     1.062305 
2460420.645876 0.000000 0.000000    -0.225063     1.060058 
2460422.360004 0.000000 0.000000    -0.293693     1.058168 
2460424.074132 0.000000 0.000000    -0.351519     1.057110 
2460425.788260 0.000000 0.000000    -0.391705     1.056752 
2460427.502388 0.000000 0.000000    -0.408136     1.056691 
2460429.216516 0.000000 0.000000    -0.396832     1.056718 
2460430.930644 0.000000 0.000000    -0.357928     1.056867 
2460432.644771 0.000000 0.000000    -0.297151     1.057179 
2460434.358899 0.000000 0.000000    -0.225607     1.057609 
2460436.073027 0.000000 0.000000    -0.157339     1.058114 
2460437.787155 0.000000 0.000000    -0.105242     1.058641 
2460439.501283 0.000000 0.000000    -0.076888     1.059050 
2460441.215411 0.000000 0.000000    -0.072077     1.059243 
2460442.929539 0.000000 0.000000    -0.083289     1.059405 
2460444.643667 0.000000 0.000000    -0.098930     1.059955 
2460446.357795 0.000000 0.000000    -0.107988     1.061130 
2460448.071923 0.000000 0.000000    -0.104090     1.062685 
2460449.786051 0.000000 0.000000    -0.087257     1.064093 
2460451.500179 0.000000 0.000000    -0.062805     1.065000 
2460453.214307 0.000000 0.000000    -0.038161     1.065414 
2460454.928435 0.000000 0.000000    -0.019263     1.065548 
2460456.642562 0.000000 0.000000    -0.008255     1.065585 
2460458.356690 0.000000 0.000000    -0.003377     1.065601 
2460460.070818 0.000000 0.000000    -0.000802     1.065614 
2460461.784946 0.000000 0.000000     0.002786     1.065628 
2460463.499074 0.000000 0.000000     0.008271     1.065636 
2460465.213202 0.000000 0.000000     0.013762     1.065631 
2460466.927330 0.000000 0.000000     0.015811     1.065621 
2460468.641458 0.000000 0.000000     0.011345     1.065618 
2460470.355586 0.000000 0.000000    -0.000791     1.065613 
2460472.069714 0.000000 0.000000    -0.019440     1.065559 
2460473.783842 0.000000 0.000000    -0.041920     1.065407 
2460475.497970 0.000000 0.000000    -0.065353     1.065160 
2460477.212098 0.000000 0.000000    -0.087679     1.064894 
2460478.926226 0.000000 0.000000    -0.107786     1.064698 
2460480.640353 0.000000 0.000000    -0.124849     1.064605 
2460482.354481 0.000000 0.000000    -0.137475     1.064580 
2460484.068609 0.000000 0.000000    -0.143410     1.064575 
2460485.782737 0.000000 0.000000    -0.140199     1.064577 
2460487.496865 0.000000 0.000000    -0.126549     1.064596 
2460489.210993 0.000000 0.000000    -0.103650     1.064636 
2460490.925121 0.000000 0.000000    -0.075574     1.064695 
2460492.639249 0.000000 0.000000    -0.048337     1.064764 
2460494.353377 0.000000 0.000000    -0.027888     1.064832 
2460496.067505 0.000000 0.000000    -0.017897     1.064878 
2460497.781633 0.000000 0.000000    -0.018396     1.064898 
2460499.495761 0.000000 0.000000    -0.025925     1.064926 
2460501.209889 0.000000 0.000000    -0.035125     1.065012 
2460502.924017 0.000000 0.000000    -0.041005     1.065168 
2460504.638144 0.000000 0.000000    -0.040827     1.065349 
2460506.352272 0.000000 0.000000    -0.034783     1.065497 
2460508.066400 0.000000 0.000000    -0.025289     1.065584 
2460509.780528 0.000000 0.000000    -0.015430     1.065621 
2460511.494656 0.000000 0.000000    -0.007422     1.065634 
2460513.208784 0.000000 0.000000    -0.001873     1.065638 
2460514.922912 0.000000 0.000000     0.001906     1.065639 
2460516.637040 0.000000 0.000000     0.004901     1.065639 
2460518.351168 0.000000 0.000000     0.007415     1.065639 
2460520.065296 0.000000 0.000000     0.008724     1.065639 
2460521.779424 0.000000 0.000000     0.007576     1.065638 
2460523.493552 0.000000 0.000000     0.003169     1.065638 
2460525.207680 0.000000 0.000000    -0.004042     1.065638 
2460526.921808 0.000000 0.000000    -0.012249     1.065637 
2460528.635935 0.000000 0.000000    -0.019047     1.065632 
2460530.350063 0.000000 0.000000    -0.022642     1.065622 
2460532.064191 0.000000 0.000000    -0.022816     1.065609 
2460533.778319 0.000000 0.000000    -0.021068     1.065597 
2460535.492447 0.000000 0.000000    -0.019809     1.065589 
2460537.206575 0.000000 0.000000    -0.020997     1.065587 
2460538.920703 0.000000 0.000000    -0.024968     1.065586 
2460540.634831 0.000000 0.000000    -0.030103     1.065585 
2460542.348959 0.000000 0.000000    -0.033567     1.065585 
2460544.063087 0.000000 0.000000    -0.032751     1.065584 
2460545.777215 0.000000 0.000000    -0.026680     1.065583 
2460547.491343 0.000000 0.000000    -0.016654     1.065583 
2460549.205471 0.000000 0.000000    -0.005780     1.065585 
2460550.919599 0.000000 0.000000     0.002380     1.065587 
2460552.633726 0.000000 0.000000     0.005357     1.065589 
2460554.347854 0.000000 0.000000     0.002782     1.065590 
2460556.061982 0.000000 0.000000    -0.003612     1.065593 
2460557.776110 0.000000 0.000000    -0.010903     1.065600 
2460559.490238 0.000000 0.000000    -0.016314     1.065611 
2460561.204366 0.000000 0.000000    -0.018271     1.065622 
2460562.918494 0.000000 0.000000    -0.016742     1.065629 
2460564.632622 0.000000 0.000000    -0.012817     1.065634 
2460566.346750 0.000000 0.000000    -0.007895     1.065637 
2460568.060878 0.000000 0.000000    -0.002992     1.065640 
2460569.775006 0.000000 0.000000     0.001464     1.065641 
2460571.489134 0.000000 0.000000     0.005342     1.065640 
2460573.203262 0.000000 0.000000     0.008336     1.065638 
2460574.917390 0.000000 0.000000     0.009722     1.065636 
2460576.631517 0.000000 0.000000     0.008590     1.065636 
2460578.345645 0.000000 0.000000     0.004450     1.065636 
2460580.059773 0.000000 0.000000    -0.002159     1.065636 
2460581.773901 0.000000 0.000000    -0.009508     1.065636 
2460583.488029 0.000000 0.000000    -0.015178     1.065636 
2460585.202157 0.000000 0.000000    -0.017064     1.065635 
2460586.916285 0.000000 0.000000    -0.014400     1.065635 
2460588.630413 0.000000 0.000000    -0.008252     1.065635 
2460590.344541 0.000000 0.000000    -0.001161     1.065634 
2460592.058669 0.000000 0.000000     0.003946     1.065634 
2460593.772797 0.000000 0.000000     0.005079     1.065634 
2460595.486925 0.000000 0.000000     0.002102     1.065634 
2460597.201053 0.000000 0.000000    -0.003234     1.065634 
2460598.915181 0.000000 0.000000    -0.008134     1.065635 
2460600.629308 0.000000 0.000000    -0.010101     1.065635 
2460602.343436 0.000000 0.000000    -0.008089     1.065635 
2460604.057564 0.000000 0.000000    -0.002944     1.065635 
2460605.771692 0.000000 0.000000     0.003058     1.065635 
2460607.485820 0.000000 0.000000     0.007310     1.065635 
2460609.199948 0.000000 0.000000     0.008050     1.065635 
2460610.914076 0.000000 0.000000     0.005059     1.065635 
2460612.628204 0.000000 0.000000    -0.000393     1.065636 
2460614.342332 0.000000 0.000000    -0.006251     1.065637 
2460616.056460 0.000000 0.000000    -0.010603     1.065638 
2460617.770588 0.000000 0.000000    -0.012389     1.065639 
2460619.484716 0.000000 0.000000    -0.011580     1.065640 
2460621.198844 0.000000 0.000000    -0.008876     1.065642 
2460622.912972 0.000000 0.000000    -0.005190     1.065643 
2460624.627099 0.000000 0.000000    -0.001239     1.065645 
2460626.341227 0.000000 0.000000     0.002530     1.065645 
2460628.055355 0.000000 0.000000     0.005765     1.065644 
2460629.769483 0.000000 0.000000     0.007971     1.065642 
2460631.483611 0.000000 0.000000     0.008480     1.065642 
2460633.197739 0.000000 0.000000     0.006723     1.065641 
2460634.911867 0.000000 0.000000     0.002649     1.065641 
2460636.625995 0.000000 0.000000    -0.002965     1.065641 
2460638.340123 0.000000 0.000000    -0.008586     1.065641 
2460640.054251 0.000000 0.000000    -0.012438     1.065641 
2460641.768379 0.000000 0.000000    -0.013255     1.065641 
2460643.482507 0.000000 0.000000    -0.010908     1.065640 
2460645.196635 0.000000 0.000000    -0.006555     1.065639 
2460646.910763 0.000000 0.000000    -0.002192     1.065638 
2460648.624890 0.000000 0.000000     0.000226     1.065637 
2460650.339018 0.000000 0.000000    -0.000328     1.065636 
2460652.053146 0.000000 0.000000    -0.003473     1.065636 
2460653.767274 0.000000 0.000000    -0.007611     1.065636 
2460655.481402 0.000000 0.000000    -0.010675     1.065636 
2460657.195530 0.000000 0.000000    -0.011102     1.065637 
2460658.909658 0.000000 0.000000    -0.008546     1.065637 
2460660.623786 0.000000 0.000000    -0.004008     1.065637 
2460662.337914 0.000000 0.000000     0.000653     1.065637 
2460664.052042 0.000000 0.000000     0.003577     1.065638 
2460665.766170 0.000000 0.000000     0.003698     1.065638 
2460667.480298 0.000000 0.000000     0.001136     1.065639 
2460669.194426 0.000000 0.000000    -0.002970     1.065639 
2460670.908554 0.000000 0.000000    -0.007042     1.065640 
2460672.622681 0.000000 0.000000    -0.009734     1.065642 
2460674.336809 0.000000 0.000000    -0.010397     1.065645 
2460676.050937 0.000000 0.000000    -0.009150     1.065647 
2460677.765065 0.000000 0.000000    -0.006617     1.065649 
2460679.479193 0.000000 0.000000    -0.003540     1.065650 
2460681.193321 0.000000 0.000000    -0.000492     1.065651 
2460682.907449 0.000000 0.000000     0.002190     1.065650 
2460684.621577 0.000000 0.000000     0.004286     1.065650 
