# time model 
2453115.032645 2.545803 
2453116.746773 2.568111 
2453118.460901 2.538540 
2453120.175029 2.454063 
2453121.889157 2.320266 
2453123.603285 2.148375 
2453125.317413 1.953396 
2453127.031540 1.749723 
2453128.745668 1.548623 
2453130.459796 1.357536 
2453132.173924 1.180551 
2453133.888052 1.019314 
2453135.602180 0.873907 
2453137.316308 0.743523 
2453139.030436 0.626926 
2453140.744564 0.522725 
2453142.458692 0.429538 
2453144.172820 0.346069 
2453145.886948 0.271146 
2453147.601076 0.203728 
2453149.315204 0.142905 
2453151.029331 0.087886 
2453152.743459 0.037983 
2453154.457587 -0.007397 
2453156.171715 -0.048768 
2453157.885843 -0.086575 
2453159.599971 -0.121205 
2453161.314099 -0.152994 
2453163.028227 -0.182234 
2453164.742355 -0.209181 
2453166.456483 -0.234060 
2453168.170611 -0.257068 
2453169.884739 -0.278379 
2453171.598867 -0.298147 
2453173.312995 -0.316508 
2453175.027122 -0.333582 
2453176.741250 -0.349479 
2453178.455378 -0.364294 
2453180.169506 -0.378114 
2453181.883634 -0.391016 
2453183.597762 -0.403071 
2453185.311890 -0.414340 
2453187.026018 -0.424883 
2453188.740146 -0.434749 
2453190.454274 -0.443985 
2453192.168402 -0.452635 
2453193.882530 -0.460737 
2453195.596658 -0.468327 
2453197.310786 -0.475437 
2453199.024913 -0.482096 
2453200.739041 -0.488332 
2453202.453169 -0.494170 
2453204.167297 -0.499634 
2453205.881425 -0.504743 
2453207.595553 -0.509518 
2453209.309681 -0.513977 
2453211.023809 -0.518137 
2453212.737937 -0.522013 
2453214.452065 -0.525619 
2453216.166193 -0.528969 
2453217.880321 -0.532075 
2453219.594449 -0.534949 
2453221.308577 -0.537602 
2453223.022704 -0.540043 
2453224.736832 -0.542281 
2453226.450960 -0.544327 
2453228.165088 -0.546187 
2453229.879216 -0.547869 
2453231.593344 -0.549381 
2453233.307472 -0.550729 
2453235.021600 -0.551919 
2453236.735728 -0.552957 
2453238.449856 -0.553849 
2453240.163984 -0.554600 
2453241.878112 -0.555214 
2453243.592240 -0.555696 
2453245.306368 -0.556051 
2453247.020495 -0.556282 
2453248.734623 -0.556392 
2453250.448751 -0.556387 
2453252.162879 -0.556268 
2453253.877007 -0.556039 
2453255.591135 -0.555703 
2453257.305263 -0.555263 
2453259.019391 -0.554721 
2453260.733519 -0.554079 
2453262.447647 -0.553340 
2453264.161775 -0.552506 
2453265.875903 -0.551578 
2453267.590031 -0.550560 
2453269.304159 -0.549451 
2453271.018286 -0.548255 
2453272.732414 -0.546972 
2453274.446542 -0.545604 
2453276.160670 -0.544152 
2453277.874798 -0.542617 
2453279.588926 -0.541001 
2453281.303054 -0.539304 
2453283.017182 -0.537527 
2453284.731310 -0.535671 
2453286.445438 -0.533737 
2453288.159566 -0.531726 
2453289.873694 -0.529638 
2453291.587822 -0.527473 
2453293.301950 -0.525233 
2453295.016077 -0.522917 
2453296.730205 -0.520525 
2453298.444333 -0.518059 
2453300.158461 -0.515518 
2453301.872589 -0.512902 
2453303.586717 -0.510211 
2453305.300845 -0.507446 
2453307.014973 -0.504606 
2453308.729101 -0.501691 
2453310.443229 -0.498702 
2453312.157357 -0.495636 
2453313.871485 -0.492496 
2453315.585613 -0.489279 
2453317.299741 -0.485905 
2453319.013868 -0.482533 
2453320.727996 -0.479082 
2453322.442124 -0.475553 
2453324.156252 -0.471945 
2453325.870380 -0.468256 
2453327.584508 -0.464487 
2453329.298636 -0.460635 
2453331.012764 -0.456700 
2453332.726892 -0.452682 
2453334.441020 -0.448578 
2453336.155148 -0.444389 
2453337.869276 -0.440111 
2453339.583404 -0.435745 
2453341.297532 -0.431289 
2453343.011659 -0.426741 
2453344.725787 -0.422100 
2453346.439915 -0.417363 
2453348.154043 -0.412530 
2453349.868171 -0.407599 
2453351.582299 -0.402567 
2453353.296427 -0.397432 
2453355.010555 -0.392193 
2453356.724683 -0.386847 
2453358.438811 -0.381392 
2453360.152939 -0.375825 
2453361.867067 -0.370144 
2453363.581195 -0.364346 
2453365.295323 -0.358428 
2453367.009450 -0.352387 
2453368.723578 -0.346221 
2453370.437706 -0.339925 
2453372.151834 -0.333496 
2453373.865962 -0.326931 
2453375.580090 -0.320226 
2453377.294218 -0.313377 
2453379.008346 -0.306380 
2453380.722474 -0.299230 
2453382.436602 -0.291922 
2453384.150730 -0.284453 
2453385.864858 -0.276817 
2453387.578986 -0.269008 
2453389.293114 -0.261020 
2453391.007241 -0.252849 
2453392.721369 -0.244488 
2453394.435497 -0.235930 
2453396.149625 -0.227167 
2453397.863753 -0.218194 
2453399.577881 -0.209003 
2453401.292009 -0.199584 
2453403.006137 -0.189930 
2453404.720265 -0.180032 
2453406.434393 -0.169879 
2453408.148521 -0.159462 
2453409.862649 -0.148771 
2453411.576777 -0.137793 
2453413.290905 -0.126517 
2453415.005032 -0.114929 
2453416.719160 -0.103017 
2453418.433288 -0.090766 
2453420.147416 -0.078159 
2453421.861544 -0.065182 
2453423.575672 -0.051816 
2453425.289800 -0.038043 
2453427.003928 -0.023843 
2453428.718056 -0.009194 
2453430.432184 0.005927 
2453432.146312 0.021544 
2453433.860440 0.037683 
2453435.574568 0.054373 
2453437.288696 0.071645 
2453439.002823 0.089530 
2453440.716951 0.108065 
2453442.431079 0.127288 
2453444.145207 0.147241 
2453445.859335 0.167968 
2453447.573463 0.189517 
2453449.287591 0.211943 
2453451.001719 0.235303 
2453452.715847 0.259659 
2453454.429975 0.285081 
2453456.144103 0.311644 
2453457.858231 0.339430 
2453459.572359 0.368529 
2453461.286487 0.399042 
2453463.000614 0.431077 
2453464.714742 0.464757 
2453466.428870 0.500215 
2453468.142998 0.537598 
2453469.857126 0.577072 
2453471.571254 0.618818 
2453473.285382 0.663039 
2453474.999510 0.709961 
2453476.713638 0.759833 
2453478.427766 0.812935 
2453480.141894 0.869573 
2453481.856022 0.930090 
2453483.570150 0.994860 
2453485.284278 1.064292 
2453486.998405 1.138825 
2453488.712533 1.218924 
2453490.426661 1.305060 
2453492.140789 1.397687 
2453493.854917 1.497192 
2453495.569045 1.603822 
2453497.283173 1.717555 
2453498.997301 1.837918 
2453500.711429 1.963703 
2453502.425557 2.092572 
2453504.139685 2.220563 
2453505.853813 2.341548 
2453507.567941 2.446861 
2453509.282069 2.525495 
2453510.996196 2.565395 
2453512.710324 2.556172 
2453514.424452 2.492198 
2453516.138580 2.376185 
2453517.852708 2.217047 
2453519.566836 2.029013 
2453521.280964 1.827107 
2453522.995092 1.623951 
2453524.709220 1.428427 
2453526.423348 1.245795 
2453528.137476 1.078515 
2453529.851604 0.927169 
2453531.565732 0.791224 
2453533.279860 0.669563 
2453534.993987 0.560832 
2453536.708115 0.463631 
2453538.422243 0.376625 
2453540.136371 0.298594 
2453541.850499 0.228446 
2453543.564627 0.165225 
2453545.278755 0.108093 
2453546.992883 0.056326 
2453548.707011 0.009297 
2453550.421139 -0.033537 
2453552.135267 -0.072646 
2453553.849395 -0.108437 
2453555.563523 -0.141266 
2453557.277651 -0.171439 
2453558.991778 -0.199227 
2453560.705906 -0.224865 
2453562.420034 -0.248560 
2453564.134162 -0.270495 
2453565.848290 -0.290831 
2453567.562418 -0.309709 
2453569.276546 -0.327258 
2453570.990674 -0.343589 
2453572.704802 -0.358803 
2453574.418930 -0.372990 
2453576.133058 -0.386231 
2453577.847186 -0.398599 
2453579.561314 -0.410160 
2453581.275442 -0.420971 
2453582.989569 -0.431087 
2453584.703697 -0.440557 
2453586.417825 -0.449425 
2453588.131953 -0.457730 
2453589.846081 -0.465510 
2453591.560209 -0.472798 
2453593.274337 -0.479624 
2453594.988465 -0.486018 
2453596.702593 -0.492004 
2453598.416721 -0.497607 
2453600.130849 -0.502848 
2453601.844977 -0.507747 
2453603.559105 -0.512324 
2453605.273233 -0.516595 
2453606.987360 -0.520577 
2453608.701488 -0.524283 
2453610.415616 -0.527729 
2453612.129744 -0.530926 
2453613.843872 -0.533887 
2453615.558000 -0.536622 
2453617.272128 -0.539142 
2453618.986256 -0.541457 
2453620.700384 -0.543574 
2453622.414512 -0.545504 
2453624.128640 -0.547252 
2453625.842768 -0.548828 
2453627.556896 -0.550237 
2453629.271024 -0.551486 
2453630.985151 -0.552582 
2453632.699279 -0.553528 
2453634.413407 -0.554332 
2453636.127535 -0.554997 
2453637.841663 -0.555529 
2453639.555791 -0.555931 
2453641.269919 -0.556208 
2453642.984047 -0.556364 
2453644.698175 -0.556402 
2453646.412303 -0.556326 
2453648.126431 -0.556139 
2453649.840559 -0.555843 
2453651.554687 -0.555442 
2453653.268815 -0.554938 
2453654.982942 -0.554334 
2453656.697070 -0.553631 
2453658.411198 -0.552833 
2453660.125326 -0.551941 
2453661.839454 -0.550956 
2453663.553582 -0.549882 
2453665.267710 -0.548718 
2453666.981838 -0.547468 
2453668.695966 -0.546132 
2453670.410094 -0.544712 
2453672.124222 -0.543208 
2453673.838350 -0.541623 
2453675.552478 -0.539956 
2453677.266606 -0.538209 
2453678.980733 -0.536383 
2453680.694861 -0.534479 
2453682.408989 -0.532497 
2453684.123117 -0.530438 
2453685.837245 -0.528302 
2453687.551373 -0.526090 
2453689.265501 -0.523803 
2453690.979629 -0.521440 
2453692.693757 -0.519002 
2453694.407885 -0.516489 
2453696.122013 -0.513902 
2453697.836141 -0.511239 
2453699.550269 -0.508502 
2453701.264397 -0.505691 
2453702.978524 -0.502804 
2453704.692652 -0.499843 
2453706.406780 -0.496807 
2453708.120908 -0.493694 
2453709.835036 -0.490507 
2453711.549164 -0.487242 
2453713.263292 -0.483819 
2453714.977420 -0.480399 
2453716.691548 -0.476900 
2453718.405676 -0.473321 
2453720.119804 -0.469663 
2453721.833932 -0.465924 
2453723.548060 -0.462104 
2453725.262188 -0.458201 
2453726.976315 -0.454214 
2453728.690443 -0.450143 
2453730.404571 -0.445986 
2453732.118699 -0.441742 
2453733.832827 -0.437410 
2453735.546955 -0.432988 
2453737.261083 -0.428475 
2453738.975211 -0.423869 
2453740.689339 -0.419169 
2453742.403467 -0.414373 
2453744.117595 -0.409479 
2453745.831723 -0.404485 
2453747.545851 -0.399390 
2453749.259979 -0.394191 
2453750.974106 -0.388885 
2453752.688234 -0.383472 
2453754.402362 -0.377948 
2453756.116490 -0.372310 
2453757.830618 -0.366557 
2453759.544746 -0.360684 
2453761.258874 -0.354691 
2453762.973002 -0.348572 
2453764.687130 -0.342325 
2453766.401258 -0.335947 
2453768.115386 -0.329434 
2453769.829514 -0.322783 
2453771.543642 -0.315989 
2453773.257770 -0.309048 
2453774.971897 -0.301957 
2453776.686025 -0.294709 
2453778.400153 -0.287302 
2453780.114281 -0.279730 
2453781.828409 -0.271987 
2453783.542537 -0.264068 
2453785.256665 -0.255967 
2453786.970793 -0.247678 
2453788.684921 -0.239195 
2453790.399049 -0.230511 
2453792.113177 -0.221619 
2453793.827305 -0.212511 
2453795.541433 -0.203179 
2453797.255561 -0.193616 
2453798.969688 -0.183811 
2453800.683816 -0.173756 
2453802.397944 -0.163440 
2453804.112072 -0.152854 
2453805.826200 -0.141986 
2453807.540328 -0.130824 
2453809.254456 -0.119357 
2453810.968584 -0.107569 
2453812.682712 -0.095448 
2453814.396840 -0.082978 
2453816.110968 -0.070143 
2453817.825096 -0.056927 
2453819.539224 -0.043310 
2453821.253352 -0.029274 
2453822.967479 -0.014798 
2453824.681607 0.000142 
2453826.395735 0.015567 
2453828.109863 0.031506 
2453829.823991 0.047984 
2453831.538119 0.065031 
2453833.252247 0.082680 
2453834.966375 0.100964 
2453836.680503 0.119922 
2453838.394631 0.139593 
2453840.108759 0.160021 
2453841.822887 0.181253 
2453843.537015 0.203341 
2453845.251143 0.226339 
2453846.965270 0.250310 
2453848.679398 0.275320 
2453850.393526 0.301441 
2453852.107654 0.328754 
2453853.821782 0.357344 
2453855.535910 0.387309 
2453857.250038 0.418754 
2453858.964166 0.451796 
2453860.678294 0.486563 
2453862.392422 0.523199 
2453864.106550 0.561860 
2453865.820678 0.602723 
2453867.534806 0.645981 
2453869.248934 0.691852 
2453870.963061 0.740575 
2453872.677189 0.792418 
2453874.391317 0.847679 
2453876.105445 0.906684 
2453877.819573 0.969796 
2453879.533701 1.037412 
2453881.247829 1.109959 
2453882.961957 1.187894 
2453884.676085 1.271688 
2453886.390213 1.361805 
2453888.104341 1.458666 
2453889.818469 1.562581 
2453891.532597 1.673649 
2453893.246725 1.791596 
2453894.960852 1.915530 
2453896.674980 2.043597 
2453898.389108 2.172514 
2453900.103236 2.297031 
2453901.817364 2.409464 
2453903.531492 2.499612 
2453905.245620 2.555574 
2453906.959748 2.565928 
2453908.673876 2.523127 
2453910.388004 2.425861 
2453912.102132 2.281566 
2453913.816260 2.102667 
2453915.530388 1.904352 
2453917.244516 1.700413 
2453918.958643 1.501197 
2453920.672771 1.313261 
2453922.386899 1.140014 
2453924.101027 0.982648 
2453925.815155 0.840977 
2453927.529283 0.714057 
2453929.243411 0.600593 
2453930.957539 0.499186 
2453932.671667 0.408468 
2453934.385795 0.327172 
2453936.099923 0.254158 
2453937.814051 0.188417 
2453939.528179 0.129069 
2453941.242307 0.075348 
2453942.956434 0.026593 
2453944.670562 -0.017771 
2453946.384690 -0.058240 
2453948.098818 -0.095244 
2453949.812946 -0.129157 
2453951.527074 -0.160302 
2453953.241202 -0.188965 
2453954.955330 -0.215391 
2453956.669458 -0.239800 
2453958.383586 -0.262382 
2453960.097714 -0.283305 
2453961.811842 -0.302720 
2453963.525970 -0.320759 
2453965.240098 -0.337538 
2453966.954225 -0.353164 
2453968.668353 -0.367731 
2453970.382481 -0.381321 
2453972.096609 -0.394012 
2453973.810737 -0.405871 
2453975.524865 -0.416960 
2453977.238993 -0.427333 
2453978.953121 -0.437043 
2453980.667249 -0.446134 
2453982.381377 -0.454647 
2453984.095505 -0.462622 
2453985.809633 -0.470093 
2453987.523761 -0.477091 
2453989.237889 -0.483645 
2453990.952016 -0.489783 
2453992.666144 -0.495528 
2453994.380272 -0.500903 
2453996.094400 -0.505930 
2453997.808528 -0.510627 
2453999.522656 -0.515012 
2454001.236784 -0.519101 
2454002.950912 -0.522911 
2454004.665040 -0.526453 
2454006.379168 -0.529743 
2454008.093296 -0.532792 
2454009.807424 -0.535612 
2454011.521552 -0.538212 
2454013.235680 -0.540603 
2454014.949807 -0.542795 
2454016.663935 -0.544794 
2454018.378063 -0.546611 
2454020.092191 -0.548251 
2454021.806319 -0.549723 
2454023.520447 -0.551032 
2454025.234575 -0.552184 
2454026.948703 -0.553187 
2454028.662831 -0.554044 
2454030.376959 -0.554761 
2454032.091087 -0.555343 
2454033.805215 -0.555794 
2454035.519343 -0.556118 
2454037.233471 -0.556319 
2454038.947598 -0.556402 
2454040.661726 -0.556368 
2454042.375854 -0.556223 
2454044.089982 -0.555968 
2454045.804110 -0.555606 
2454047.518238 -0.555141 
2454049.232366 -0.554574 
2454050.946494 -0.553909 
2454052.660622 -0.553146 
2454054.374750 -0.552290 
2454056.088878 -0.551340 
2454057.803006 -0.550299 
2454059.517134 -0.549169 
2454061.231262 -0.547952 
2454062.945389 -0.546648 
2454064.659517 -0.545260 
2454066.373645 -0.543788 
2454068.087773 -0.542233 
2454069.801901 -0.540597 
2454071.516029 -0.538880 
2454073.230157 -0.537084 
2454074.944285 -0.535210 
2454076.658413 -0.533257 
2454078.372541 -0.531227 
2454080.086669 -0.529120 
2454081.800797 -0.526937 
2454083.514925 -0.524678 
2454085.229053 -0.522344 
2454086.943180 -0.519934 
2454088.657308 -0.517450 
2454090.371436 -0.514891 
2454092.085564 -0.512257 
2454093.799692 -0.509548 
2454095.513820 -0.506765 
2454097.227948 -0.503907 
2454098.942076 -0.500974 
2454100.656204 -0.497966 
2454102.370332 -0.494882 
2454104.084460 -0.491723 
2454105.798588 -0.488488 
2454107.512716 -0.485095 
2454109.226844 -0.481704 
2454110.940971 -0.478234 
2454112.655099 -0.474686 
2454114.369227 -0.471058 
2454116.083355 -0.467350 
2454117.797483 -0.463561 
2454119.511611 -0.459689 
2454121.225739 -0.455734 
2454122.939867 -0.451696 
2454124.653995 -0.447571 
2454126.368123 -0.443360 
2454128.082251 -0.439062 
2454129.796379 -0.434674 
2454131.510507 -0.430196 
2454133.224635 -0.425625 
2454134.938762 -0.420961 
2454136.652890 -0.416201 
2454138.367018 -0.411345 
2454140.081146 -0.406389 
2454141.795274 -0.401332 
2454143.509402 -0.396173 
2454145.223530 -0.390908 
2454146.937658 -0.385536 
2454148.651786 -0.380054 
2454150.365914 -0.374459 
2454152.080042 -0.368750 
2454153.794170 -0.362923 
2454155.508298 -0.356976 
2454157.222426 -0.350905 
2454158.936553 -0.344707 
2454160.650681 -0.338379 
2454162.364809 -0.331918 
2454164.078937 -0.325319 
2454165.793065 -0.318580 
2454167.507193 -0.311695 
2454169.221321 -0.304661 
2454170.935449 -0.297474 
2454172.649577 -0.290128 
2454174.363705 -0.282618 
2454176.077833 -0.274940 
2454177.791961 -0.267089 
2454179.506089 -0.259058 
2454181.220217 -0.250841 
2454182.934344 -0.242432 
2454184.648472 -0.233825 
2454186.362600 -0.225013 
2454188.076728 -0.215988 
2454189.790856 -0.206742 
2454191.504984 -0.197267 
2454193.219112 -0.187554 
2454194.933240 -0.177595 
2454196.647368 -0.167380 
2454198.361496 -0.156897 
2454200.075624 -0.146137 
2454201.789752 -0.135088 
2454203.503880 -0.123738 
2454205.218008 -0.112073 
2454206.932135 -0.100080 
2454208.646263 -0.087744 
2454210.360391 -0.075050 
2454212.074519 -0.061980 
2454213.788647 -0.048517 
2454215.502775 -0.034642 
2454217.216903 -0.020335 
2454218.931031 -0.005574 
2454220.645159 0.009665 
2454222.359287 0.025405 
2454224.073415 0.041676 
2454225.787543 0.058504 
2454227.501671 0.075921 
2454229.215799 0.093960 
2454230.929926 0.112658 
2454232.644054 0.132054 
2454234.358182 0.152190 
2454236.072310 0.173112 
2454237.786438 0.194869 
2454239.500566 0.217515 
2454241.214694 0.241111 
2454242.928822 0.265719 
2454244.642950 0.291410 
2454246.357078 0.318261 
2454248.071206 0.346356 
2454249.785334 0.375789 
2454251.499462 0.406660 
2454253.213590 0.439082 
2454254.927717 0.473180 
2454256.641845 0.509090 
2454258.355973 0.546964 
2454260.070101 0.586971 
2454261.784229 0.629298 
2454263.498357 0.674152 
2454265.212485 0.721764 
2454266.926613 0.772392 
2454268.640741 0.826321 
2454270.354869 0.883867 
2454272.068997 0.945378 
2454273.783125 1.011239 
2454275.497253 1.081866 
2454277.211381 1.157705 
2454278.925508 1.239223 
2454280.639636 1.326892 
2454282.353764 1.421154 
2454284.067892 1.522370 
2454285.782020 1.630736 
2454287.496148 1.746142 
2454289.210276 1.867966 
2454290.924404 1.994765 
2454292.638532 2.123859 
2454294.352660 2.250807 
2454296.066788 2.368889 
2454297.780916 2.468819 
2454299.495044 2.539167 
2454301.209172 2.567980 
2454302.923299 2.545806 
2454304.637427 2.468663 
2454306.351555 2.341095 
2454308.065683 2.173551 
2454309.779811 1.980827 
2454311.493939 1.777593 
2454313.208067 1.575619 
2454314.922195 1.382857 
2454316.636323 1.203806 
2454318.350451 1.040387 
2454320.064579 0.892851 
2454321.778707 0.760483 
2454323.492835 0.642084 
2454325.206963 0.536273 
2454326.921090 0.441662 
2454328.635218 0.356938 
2454330.349346 0.280912 
2454332.063474 0.212525 
2454333.777602 0.150851 
2454335.491730 0.095082 
2454337.205858 0.044518 
2454338.919986 -0.001448 
2454340.634114 -0.043338 
2454342.348242 -0.081608 
2454344.062370 -0.116651 
2454345.776498 -0.148810 
2454347.490626 -0.178382 
2454349.204754 -0.205628 
2454350.918881 -0.230778 
2454352.633009 -0.254030 
2454354.347137 -0.275564 
2454356.061265 -0.295534 
2454357.775393 -0.314079 
2454359.489521 -0.331323 
2454361.203649 -0.347374 
2454362.917777 -0.362331 
2454364.631905 -0.376282 
2454366.346033 -0.389306 
2454368.060161 -0.401472 
2454369.774289 -0.412846 
2454371.488417 -0.423484 
2454373.202545 -0.433440 
2454374.916672 -0.442760 
2454376.630800 -0.451487 
2454378.344928 -0.459662 
2454380.059056 -0.467320 
2454381.773184 -0.474493 
2454383.487312 -0.481212 
2454385.201440 -0.487505 
2454386.915568 -0.493396 
2454388.629696 -0.498909 
2454390.343824 -0.504066 
2454392.057952 -0.508885 
2454393.772080 -0.513386 
2454395.486208 -0.517586 
2454397.200336 -0.521500 
2454398.914463 -0.525142 
2454400.628591 -0.528526 
2454402.342719 -0.531665 
2454404.056847 -0.534570 
2454405.770975 -0.537252 
2454407.485103 -0.539721 
2454409.199231 -0.541987 
2454410.913359 -0.544059 
2454412.627487 -0.545944 
2454414.341615 -0.547650 
2454416.055743 -0.549185 
2454417.769871 -0.550554 
2454419.483999 -0.551766 
2454421.198127 -0.552824 
2454422.912254 -0.553736 
2454424.626382 -0.554505 
2454426.340510 -0.555138 
2454428.054638 -0.555638 
2454429.768766 -0.556010 
2454431.482894 -0.556257 
2454433.197022 -0.556384 
2454434.911150 -0.556394 
2454436.625278 -0.556291 
2454438.339406 -0.556077 
2454440.053534 -0.555755 
2454441.767662 -0.555329 
2454443.481790 -0.554801 
2454445.195918 -0.554172 
2454446.910045 -0.553446 
2454448.624173 -0.552625 
2454450.338301 -0.551710 
2454452.052429 -0.550704 
2454453.766557 -0.549608 
2454455.480685 -0.548423 
2454457.194813 -0.547152 
2454458.908941 -0.545796 
2454460.623069 -0.544355 
2454462.337197 -0.542831 
2454464.051325 -0.541226 
2454465.765453 -0.539540 
2454467.479581 -0.537774 
2454469.193709 -0.535929 
2454470.907836 -0.534006 
2454472.621964 -0.532005 
2454474.336092 -0.529927 
2454476.050220 -0.527773 
2454477.764348 -0.525543 
2454479.478476 -0.523237 
2454481.192604 -0.520856 
2454482.906732 -0.518400 
2454484.620860 -0.515869 
2454486.334988 -0.513263 
2454488.049116 -0.510583 
2454489.763244 -0.507828 
2454491.477372 -0.504998 
2454493.191500 -0.502094 
2454494.905627 -0.499114 
2454496.619755 -0.496059 
2454498.333883 -0.492929 
2454500.048011 -0.489723 
2454501.762139 -0.486360 
2454503.476267 -0.482998 
2454505.190395 -0.479558 
2454506.904523 -0.476040 
2454508.618651 -0.472442 
2454510.332779 -0.468765 
2454512.046907 -0.465006 
2454513.761035 -0.461166 
2454515.475163 -0.457243 
2454517.189291 -0.453236 
2454518.903418 -0.449144 
2454520.617546 -0.444966 
2454522.331674 -0.440701 
2454524.045802 -0.436347 
2454525.759930 -0.431903 
2454527.474058 -0.427367 
2454529.188186 -0.422739 
2454530.902314 -0.418016 
2454532.616442 -0.413196 
2454534.330570 -0.408278 
2454536.044698 -0.403260 
2454537.758826 -0.398140 
2454539.472954 -0.392915 
2454541.187081 -0.387584 
2454542.901209 -0.382144 
2454544.615337 -0.376592 
2454546.329465 -0.370927 
2454548.043593 -0.365145 
2454549.757721 -0.359243 
2454551.471849 -0.353219 
2454553.185977 -0.347070 
2454554.900105 -0.340792 
2454556.614233 -0.334382 
2454558.328361 -0.327836 
2454560.042489 -0.321150 
2454561.756617 -0.314321 
2454563.470745 -0.307344 
2454565.184872 -0.300215 
2454566.899000 -0.292930 
2454568.613128 -0.285483 
2454570.327256 -0.277869 
2454572.041384 -0.270084 
2454573.755512 -0.262122 
2454575.469640 -0.253976 
2454577.183768 -0.245641 
2454578.897896 -0.237110 
2454580.612024 -0.228376 
2454582.326152 -0.219432 
2454584.040280 -0.210271 
2454585.754408 -0.200884 
2454587.468536 -0.191262 
2454589.182663 -0.181398 
2454590.896791 -0.171281 
2454592.610919 -0.160901 
2454594.325047 -0.150247 
2454596.039175 -0.139309 
2454597.753303 -0.128074 
2454599.467431 -0.116530 
2454601.181559 -0.104663 
2454602.895687 -0.092459 
2454604.609815 -0.079902 
2454606.323943 -0.066977 
2454608.038071 -0.053665 
2454609.752199 -0.039949 
2454611.466327 -0.025808 
2454613.180454 -0.011221 
2454614.894582 0.003834 
2454616.608710 0.019381 
2454618.322838 0.035448 
2454620.036966 0.052061 
2454621.751094 0.069251 
2454623.465222 0.087051 
2454625.179350 0.105495 
2454626.893478 0.124622 
2454628.607606 0.144472 
2454630.321734 0.165090 
2454632.035862 0.186524 
2454633.749990 0.208827 
2454635.464118 0.232056 
2454637.178245 0.256272 
2454638.892373 0.281545 
2454640.606501 0.307947 
2454642.320629 0.335560 
2454644.034757 0.364475 
2454645.748885 0.394788 
2454647.463013 0.426609 
2454649.177141 0.460057 
2454650.891269 0.495263 
2454652.605397 0.532374 
2454654.319525 0.571552 
2454656.033653 0.612977 
2454657.747781 0.656847 
2454659.461909 0.703386 
2454661.176036 0.752840 
2454662.890164 0.805483 
2454664.604292 0.861619 
2454666.318420 0.921585 
2454668.032548 0.985751 
2454669.746676 1.054521 
2454671.460804 1.128331 
2454673.174932 1.207642 
2454674.889060 1.292926 
2454676.603188 1.384642 
2454678.317316 1.483189 
2454680.031444 1.588839 
2454681.745572 1.701618 
2454683.459700 1.821128 
2454685.173827 1.946279 
2454686.887955 2.074919 
2454688.602083 2.203338 
2454690.316211 2.325732 
2454692.030339 2.433788 
2454693.744467 2.516774 
2454695.458595 2.562649 
2454697.172723 2.560590 
2454698.886851 2.504530 
2454700.600979 2.394844 
2454702.315107 2.240824 
2454704.029235 2.055826 
2454705.743363 1.854994 
2454707.457491 1.651399 
2454709.171618 1.454448 
2454710.885746 1.269858 
2454712.599874 1.100415 
2454714.314002 0.946907 
2454716.028130 0.808915 
2454717.742258 0.685382 
2454719.456386 0.574968 
2454721.170514 0.476273 
2454722.884642 0.387950 
2454724.598770 0.308761 
2454726.312898 0.237596 
2454728.027026 0.173481 
2454729.741154 0.115562 
2454731.455282 0.063102 
2454733.169409 0.015460 
2454734.883537 -0.027917 
2454736.597665 -0.067510 
2454738.311793 -0.103732 
2454740.025921 -0.136946 
2454741.740049 -0.167465 
2454743.454177 -0.195564 
2454745.168305 -0.221483 
2454746.882433 -0.245433 
2454748.596561 -0.267598 
2454750.310689 -0.288143 
2454752.024817 -0.307213 
2454753.738945 -0.324936 
2454755.453073 -0.341427 
2454757.167200 -0.356788 
2454758.881328 -0.371110 
2454760.595456 -0.384476 
2454762.309584 -0.396960 
2454764.023712 -0.408626 
2454765.737840 -0.419537 
2454767.451968 -0.429745 
2454769.166096 -0.439301 
2454770.880224 -0.448248 
2454772.594352 -0.456628 
2454774.308480 -0.464477 
2454776.022608 -0.471831 
2454777.736736 -0.478718 
2454779.450864 -0.485169 
2454781.164991 -0.491210 
2454782.879119 -0.496863 
2454784.593247 -0.502153 
2454786.307375 -0.507098 
2454788.021503 -0.511717 
2454789.735631 -0.516029 
2454791.449759 -0.520050 
2454793.163887 -0.523793 
2454794.878015 -0.527273 
2454796.592143 -0.530504 
2454798.306271 -0.533496 
2454800.020399 -0.536262 
2454801.734527 -0.538810 
2454803.448655 -0.541152 
2454805.162782 -0.543296 
2454806.876910 -0.545251 
2454808.591038 -0.547024 
2454810.305166 -0.548623 
2454812.019294 -0.550054 
2454813.733422 -0.551325 
2454815.447550 -0.552441 
2454817.161678 -0.553407 
2454818.875806 -0.554230 
2454820.589934 -0.554914 
2454822.304062 -0.555464 
2454824.018190 -0.555884 
2454825.732318 -0.556178 
2454827.446446 -0.556350 
2454829.160573 -0.556404 
2454830.874701 -0.556343 
2454832.588829 -0.556171 
2454834.302957 -0.555890 
2454836.017085 -0.555503 
2454837.731213 -0.555013 
2454839.445341 -0.554422 
2454841.159469 -0.553733 
2454842.873597 -0.552947 
2454844.587725 -0.552068 
2454846.301853 -0.551096 
2454848.015981 -0.550034 
2454849.730109 -0.548882 
2454851.444237 -0.547644 
2454853.158364 -0.546320 
2454854.872492 -0.544911 
2454856.586620 -0.543418 
2454858.300748 -0.541844 
2454860.014876 -0.540188 
2454861.729004 -0.538453 
2454863.443132 -0.536637 
2454865.157260 -0.534744 
2454866.871388 -0.532772 
2454868.585516 -0.530724 
2454870.299644 -0.528598 
2454872.013772 -0.526397 
2454873.727900 -0.524120 
2454875.442028 -0.521767 
2454877.156155 -0.519339 
2454878.870283 -0.516837 
2454880.584411 -0.514259 
2454882.298539 -0.511607 
2454884.012667 -0.508881 
2454885.726795 -0.506079 
2454887.440923 -0.503203 
2454889.155051 -0.500252 
2454890.869179 -0.497226 
2454892.583307 -0.494124 
2454894.297435 -0.490946 
2454896.011563 -0.487693 
2454897.725691 -0.484281 
2454899.439819 -0.480870 
2454901.153946 -0.477382 
2454902.868074 -0.473815 
2454904.582202 -0.470167 
2454906.296330 -0.466440 
2454908.010458 -0.462630 
2454909.724586 -0.458739 
2454911.438714 -0.454764 
2454913.152842 -0.450704 
2454914.866970 -0.446559 
2454916.581098 -0.442327 
2454918.295226 -0.438007 
2454920.009354 -0.433597 
2454921.723482 -0.429097 
2454923.437610 -0.424504 
2454925.151737 -0.419816 
2454926.865865 -0.415033 
2454928.579993 -0.410153 
2454930.294121 -0.405173 
2454932.008249 -0.400092 
2454933.722377 -0.394907 
2454935.436505 -0.389616 
2454937.150633 -0.384218 
2454938.864761 -0.378709 
2454940.578889 -0.373087 
2454942.293017 -0.367349 
2454944.007145 -0.361493 
2454945.721273 -0.355516 
2454947.435401 -0.349415 
2454949.149528 -0.343186 
2454950.863656 -0.336826 
2454952.577784 -0.330332 
2454954.291912 -0.323699 
2454956.006040 -0.316925 
2454957.720168 -0.310005 
2454959.434296 -0.302934 
2454961.148424 -0.295708 
2454962.862552 -0.288323 
2454964.576680 -0.280773 
2454966.290808 -0.273054 
2454968.004936 -0.265160 
2454969.719064 -0.257084 
2454971.433192 -0.248821 
2454973.147319 -0.240365 
2454974.861447 -0.231709 
2454976.575575 -0.222846 
2454978.289703 -0.213768 
2454980.003831 -0.204467 
2454981.717959 -0.194936 
2454983.432087 -0.185164 
2454985.146215 -0.175144 
2454986.860343 -0.164865 
2454988.574471 -0.154316 
2454990.288599 -0.143487 
2454992.002727 -0.132366 
2454993.716855 -0.120941 
2454995.430983 -0.109198 
2454997.145110 -0.097123 
2454998.859238 -0.084702 
2455000.573366 -0.071918 
2455002.287494 -0.058755 
2455004.001622 -0.045194 
2455005.715750 -0.031216 
2455007.429878 -0.016801 
2455009.144006 -0.001926 
2455010.858134 0.013432 
2455012.572262 0.029298 
2455014.286390 0.045701 
2455016.000518 0.062669 
2455017.714646 0.080233 
2455019.428774 0.098429 
2455021.142901 0.117293 
2455022.857029 0.136864 
2455024.571157 0.157186 
2455026.285285 0.178305 
2455027.999413 0.200272 
2455029.713541 0.223143 
2455031.427669 0.246978 
2455033.141797 0.271842 
2455034.855925 0.297806 
2455036.570053 0.324951 
2455038.284181 0.353362 
2455039.998309 0.383133 
2455041.712437 0.414369 
2455043.426565 0.447186 
2455045.140692 0.481709 
2455046.854820 0.518081 
2455048.568948 0.556456 
2455050.283076 0.597007 
2455051.997204 0.639926 
2455053.711332 0.685426 
2455055.425460 0.733745 
2455057.139588 0.785145 
2455058.853716 0.839920 
2455060.567844 0.898393 
2455062.281972 0.960922 
2455063.996100 1.027898 
2455065.710228 1.099746 
2455067.424356 1.176918 
2455069.138483 1.259884 
2455070.852611 1.349111 
2455072.566739 1.445030 
2455074.280867 1.547969 
2455075.994995 1.658067 
2455077.709123 1.775110 
2455079.423251 1.898311 
2455081.137379 2.025969 
2455082.851507 2.155030 
2455084.565635 2.280543 
2455086.279763 2.395174 
2455087.993891 2.489044 
2455089.708019 2.550389 
2455091.422147 2.567542 
2455093.136274 2.532207 
2455094.850402 2.442109 
2455096.564530 2.303639 
2455098.278658 2.128577 
2455099.992786 1.932039 
2455101.706914 1.728171 
2455103.421042 1.527843 
2455105.135170 1.338105 
2455106.849298 1.162742 
2455108.563426 1.003196 
2455110.277554 0.859426 
2455111.991682 0.730563 
2455113.705810 0.615343 
2455115.419938 0.512372 
2455117.134065 0.420272 
2455118.848193 0.337760 
2455120.562321 0.263677 
2455122.276449 0.196998 
2455123.990577 0.136825 
2455125.704705 0.082377 
2455127.418833 0.032979 
2455129.132961 -0.011954 
2455130.847089 -0.052928 
2455132.561217 -0.090382 
2455134.275345 -0.124696 
2455135.989473 -0.156202 
2455137.703601 -0.185188 
2455139.417729 -0.211906 
2455141.131856 -0.236579 
2455142.845984 -0.259400 
2455144.560112 -0.280541 
2455146.274240 -0.300153 
2455147.988368 -0.318372 
2455149.702496 -0.335317 
2455151.416624 -0.351095 
2455153.130752 -0.365801 
2455154.844880 -0.379520 
2455156.559008 -0.392330 
2455158.273136 -0.404299 
2455159.987264 -0.415489 
2455161.701392 -0.425957 
2455163.415520 -0.435754 
2455165.129647 -0.444927 
2455166.843775 -0.453517 
2455168.557903 -0.461564 
2455170.272031 -0.469101 
2455171.986159 -0.476162 
2455173.700287 -0.482775 
2455175.414415 -0.488968 
2455177.128543 -0.494766 
2455178.842671 -0.500190 
2455180.556799 -0.505264 
2455182.270927 -0.510004 
2455183.985055 -0.514431 
2455185.699183 -0.518560 
2455187.413311 -0.522406 
2455189.127438 -0.525985 
2455190.841566 -0.529309 
2455192.555694 -0.532390 
2455194.269822 -0.535240 
2455195.983950 -0.537870 
2455197.698078 -0.540289 
2455199.412206 -0.542507 
2455201.126334 -0.544532 
2455202.840462 -0.546373 
2455204.554590 -0.548037 
2455206.268718 -0.549531 
2455207.982846 -0.550862 
2455209.696974 -0.552036 
2455211.411102 -0.553058 
2455213.125229 -0.553935 
2455214.839357 -0.554671 
2455216.553485 -0.555271 
2455218.267613 -0.555740 
2455219.981741 -0.556081 
2455221.695869 -0.556299 
2455223.409997 -0.556397 
2455225.124125 -0.556380 
2455226.838253 -0.556249 
2455228.552381 -0.556009 
2455230.266509 -0.555662 
2455231.980637 -0.555210 
2455233.694765 -0.554657 
2455235.408893 -0.554005 
2455237.123020 -0.553256 
2455238.837148 -0.552412 
2455240.551276 -0.551475 
2455242.265404 -0.550447 
2455243.979532 -0.549329 
2455245.693660 -0.548123 
2455247.407788 -0.546831 
2455249.121916 -0.545454 
2455250.836044 -0.543993 
2455252.550172 -0.542450 
2455254.264300 -0.540825 
2455255.978428 -0.539120 
2455257.692556 -0.537334 
2455259.406684 -0.535470 
2455261.120811 -0.533528 
2455262.834939 -0.531509 
2455264.549067 -0.529413 
2455266.263195 -0.527240 
2455267.977323 -0.524991 
2455269.691451 -0.522667 
2455271.405579 -0.520268 
2455273.119707 -0.517794 
2455274.833835 -0.515245 
2455276.547963 -0.512621 
2455278.262091 -0.509922 
2455279.976219 -0.507149 
2455281.690347 -0.504301 
2455283.404475 -0.501379 
2455285.118602 -0.498381 
2455286.832730 -0.495308 
2455288.546858 -0.492159 
2455290.260986 -0.488934 
2455291.975114 -0.485552 
2455293.689242 -0.482172 
2455295.403370 -0.478713 
2455297.117498 -0.475175 
2455298.831626 -0.471559 
2455300.545754 -0.467861 
2455302.259882 -0.464083 
2455303.974010 -0.460223 
2455305.688138 -0.456279 
2455307.402266 -0.452252 
2455309.116393 -0.448139 
2455310.830521 -0.443940 
2455312.544649 -0.439654 
2455314.258777 -0.435278 
2455315.972905 -0.430812 
2455317.687033 -0.426255 
2455319.401161 -0.421603 
2455321.115289 -0.416857 
2455322.829417 -0.412014 
2455324.543545 -0.407071 
2455326.257673 -0.402029 
2455327.971801 -0.396883 
2455329.685929 -0.391633 
2455331.400057 -0.386276 
2455333.114184 -0.380809 
2455334.828312 -0.375230 
2455336.542440 -0.369537 
2455338.256568 -0.363726 
2455339.970696 -0.357795 
2455341.684824 -0.351741 
2455343.398952 -0.345561 
2455345.113080 -0.339251 
2455346.827208 -0.332808 
2455348.541336 -0.326229 
2455350.255464 -0.319509 
2455351.969592 -0.312644 
2455353.683720 -0.305631 
2455355.397848 -0.298464 
2455357.111975 -0.291140 
2455358.826103 -0.283653 
2455360.540231 -0.275999 
2455362.254359 -0.268171 
2455363.968487 -0.260165 
2455365.682615 -0.251974 
2455367.396743 -0.243592 
2455369.110871 -0.235013 
2455370.824999 -0.226229 
2455372.539127 -0.217233 
2455374.253255 -0.208017 
2455375.967383 -0.198574 
2455377.681511 -0.188895 
2455379.395639 -0.178970 
2455381.109766 -0.168790 
2455382.823894 -0.158345 
2455384.538022 -0.147623 
2455386.252150 -0.136615 
2455387.966278 -0.125306 
2455389.680406 -0.113685 
2455391.394534 -0.101738 
2455393.108662 -0.089449 
2455394.822790 -0.076805 
2455396.536918 -0.063787 
2455398.251046 -0.050379 
2455399.965174 -0.036562 
2455401.679302 -0.022315 
2455403.393430 -0.007617 
2455405.107557 0.007555 
2455406.821685 0.023226 
2455408.535813 0.039422 
2455410.249941 0.056172 
2455411.964069 0.073507 
2455413.678197 0.091459 
2455415.392325 0.110065 
2455417.106453 0.129363 
2455418.820581 0.149395 
2455420.534709 0.170207 
2455422.248837 0.191847 
2455423.962965 0.214369 
2455425.677093 0.237831 
2455427.391221 0.262296 
2455429.105348 0.287835 
2455430.819476 0.314523 
2455432.533604 0.342444 
2455434.247732 0.371688 
2455435.961860 0.402356 
2455437.675988 0.434560 
2455439.390116 0.468421 
2455441.104244 0.504075 
2455442.818372 0.541671 
2455444.532500 0.581376 
2455446.246628 0.623374 
2455447.960756 0.667870 
2455449.674884 0.715091 
2455451.389012 0.765292 
2455453.103139 0.818752 
2455454.817267 0.875784 
2455456.531395 0.936732 
2455458.245523 1.001975 
2455459.959651 1.071925 
2455461.673779 1.147025 
2455463.387907 1.227740 
2455465.102035 1.314542 
2455466.816163 1.407880 
2455468.530291 1.508130 
2455470.244419 1.615518 
2455471.958547 1.729985 
2455473.672675 1.850995 
2455475.386803 1.977240 
2455477.100930 2.106237 
2455478.815058 2.233820 
2455480.529186 2.353602 
2455482.243314 2.456647 
2455483.957442 2.531753 
2455485.671570 2.566888 
2455487.385698 2.552045 
2455489.099826 2.482303 
2455490.813954 2.361172 
2455492.528082 2.198257 
2455494.242210 2.008067 
2455495.956338 1.805492 
2455497.670466 1.602792 
2455499.384594 1.408439 
2455501.098721 1.227354 
2455502.812849 1.061757 
2455504.526977 0.912079 
2455506.241105 0.777704 
2455507.955233 0.657477 
2455509.669361 0.550030 
2455511.383489 0.453969 
2455513.097617 0.367968 
2455514.811745 0.290820 
2455516.525873 0.221448 
2455518.240001 0.158908 
2455519.954129 0.102376 
2455521.668257 0.051138 
2455523.382385 0.004577 
2455525.096512 -0.037841 
2455526.810640 -0.076581 
2455528.524768 -0.112044 
2455530.238896 -0.144577 
2455531.953024 -0.174486 
2455533.667152 -0.202036 
2455535.381280 -0.227460 
2455537.095408 -0.250960 
2455538.809536 -0.272719 
2455540.523664 -0.292894 
2455542.237792 -0.311626 
2455543.951920 -0.329041 
2455545.666048 -0.345249 
2455547.380176 -0.360350 
2455549.094303 -0.374434 
2455550.808431 -0.387580 
2455552.522559 -0.399859 
2455554.236687 -0.411337 
2455555.950815 -0.422073 
2455557.664943 -0.432119 
2455559.379071 -0.441523 
2455561.093199 -0.450329 
2455562.807327 -0.458577 
2455564.521455 -0.466303 
2455566.235583 -0.473541 
2455567.949711 -0.480321 
2455569.663839 -0.486670 
2455571.377967 -0.492614 
2455573.092094 -0.498178 
2455574.806222 -0.503382 
2455576.520350 -0.508246 
2455578.234478 -0.512790 
2455579.948606 -0.517030 
2455581.662734 -0.520981 
2455583.376862 -0.524660 
2455585.090990 -0.528079 
2455586.805118 -0.531250 
2455588.519246 -0.534187 
2455590.233374 -0.536899 
2455591.947502 -0.539396 
2455593.661630 -0.541690 
2455595.375758 -0.543787 
2455597.089885 -0.545697 
2455598.804013 -0.547427 
2455600.518141 -0.548985 
2455602.232269 -0.550377 
2455603.946397 -0.551609 
2455605.660525 -0.552689 
2455607.374653 -0.553620 
2455609.088781 -0.554409 
2455610.802909 -0.555060 
2455612.517037 -0.555577 
2455614.231165 -0.555966 
2455615.945293 -0.556231 
2455617.659421 -0.556374 
2455619.373549 -0.556400 
2455621.087676 -0.556312 
2455622.801804 -0.556113 
2455624.515932 -0.555806 
2455626.230060 -0.555393 
2455627.944188 -0.554879 
2455629.658316 -0.554264 
2455631.372444 -0.553551 
2455633.086572 -0.552743 
2455634.800700 -0.551841 
2455636.514828 -0.550847 
2455638.228956 -0.549763 
2455639.943084 -0.548590 
2455641.657212 -0.547331 
2455643.371340 -0.545986 
2455645.085467 -0.544557 
2455646.799595 -0.543044 
2455648.513723 -0.541450 
2455650.227851 -0.539775 
2455651.941979 -0.538020 
2455653.656107 -0.536186 
2455655.370235 -0.534273 
2455657.084363 -0.532283 
2455658.798491 -0.530216 
2455660.512619 -0.528072 
2455662.226747 -0.525852 
2455663.940875 -0.523557 
2455665.655003 -0.521186 
2455667.369131 -0.518740 
2455669.083258 -0.516219 
2455670.797386 -0.513624 
2455672.511514 -0.510953 
2455674.225642 -0.508209 
2455675.939770 -0.505389 
2455677.653898 -0.502495 
2455679.368026 -0.499526 
2455681.082154 -0.496481 
2455682.796282 -0.493361 
2455684.510410 -0.490165 
2455686.224538 -0.486893 
2455687.938666 -0.483461 
2455689.652794 -0.480032 
2455691.366922 -0.476525 
2455693.081049 -0.472938 
2455694.795177 -0.469271 
2455696.509305 -0.465524 
2455698.223433 -0.461695 
2455699.937561 -0.457783 
2455701.651689 -0.453788 
2455703.365817 -0.449708 
2455705.079945 -0.445541 
2455706.794073 -0.441288 
2455708.508201 -0.436947 
2455710.222329 -0.432515 
2455711.936457 -0.427992 
2455713.650585 -0.423377 
2455715.364713 -0.418666 
2455717.078840 -0.413860 
2455718.792968 -0.408956 
2455720.507096 -0.403951 
2455722.221224 -0.398845 
2455723.935352 -0.393635 
2455725.649480 -0.388318 
2455727.363608 -0.382893 
2455729.077736 -0.377357 
2455730.791864 -0.371707 
2455732.505992 -0.365941 
2455734.220120 -0.360056 
2455735.934248 -0.354049 
2455737.648376 -0.347917 
2455739.362504 -0.341657 
2455741.076631 -0.335265 
2455742.790759 -0.328738 
2455744.504887 -0.322071 
2455746.219015 -0.315262 
2455747.933143 -0.308305 
2455749.647271 -0.301198 
2455751.361399 -0.293934 
2455753.075527 -0.286509 
2455754.789655 -0.278919 
2455756.503783 -0.271158 
2455758.217911 -0.263220 
2455759.932039 -0.255099 
2455761.646167 -0.246790 
2455763.360295 -0.238287 
2455765.074422 -0.229581 
2455766.788550 -0.220666 
2455768.502678 -0.211535 
2455770.216806 -0.202179 
2455771.930934 -0.192590 
2455773.645062 -0.182759 
2455775.359190 -0.172677 
2455777.073318 -0.162334 
2455778.787446 -0.151718 
2455780.501574 -0.140820 
2455782.215702 -0.129626 
2455783.929830 -0.118125 
2455785.643958 -0.106303 
2455787.358086 -0.094146 
2455789.072213 -0.081638 
2455790.786341 -0.068764 
2455792.500469 -0.055506 
2455794.214597 -0.041846 
2455795.928725 -0.027764 
2455797.642853 -0.013240 
2455799.356981 0.001750 
2455801.071109 0.017228 
2455802.785237 0.033222 
2455804.499365 0.049759 
2455806.213493 0.066869 
2455807.927621 0.084583 
2455809.641749 0.102937 
2455811.355877 0.121968 
2455813.070004 0.141717 
2455814.784132 0.162228 
2455816.498260 0.183548 
2455818.212388 0.205729 
2455819.926516 0.228828 
2455821.640644 0.252905 
2455823.354772 0.278029 
2455825.068900 0.304272 
2455826.783028 0.331715 
2455828.497156 0.360447 
2455830.211284 0.390563 
2455831.925412 0.422171 
2455833.639540 0.455389 
2455835.353668 0.490347 
2455837.067795 0.527189 
2455838.781923 0.566075 
2455840.496051 0.607181 
2455842.210179 0.650705 
2455843.924307 0.696866 
2455845.638435 0.745906 
2455847.352563 0.798096 
2455849.066691 0.853736 
2455850.780819 0.913158 
2455852.494947 0.976727 
2455854.209075 1.044844 
2455855.923203 1.117939 
2455857.637331 1.196471 
2455859.351459 1.280912 
2455861.065586 1.371724 
2455862.779714 1.469319 
2455864.493842 1.573990 
2455866.207970 1.685808 
2455867.922098 1.804443 
2455869.636226 1.928923 
2455871.350354 2.057265 
2455873.064482 2.186004 
2455874.778610 2.309652 
2455876.492738 2.420251 
2455878.206866 2.507360 
2455879.920994 2.559002 
2455881.635122 2.563990 
2455883.349250 2.515398 
2455885.063377 2.412660 
2455886.777505 2.264021 
2455888.491633 2.082348 
2455890.205761 1.882836 
2455891.919889 1.678976 
2455893.634017 1.480704 
2455895.348145 1.294207 
2455897.062273 1.122614 
2455898.776401 0.966934 
2455900.490529 0.826877 
2455902.204657 0.701444 
2455903.918785 0.589322 
2455905.632913 0.489109 
2455907.347041 0.399445 
2455909.061168 0.319077 
2455910.775296 0.246877 
2455912.489424 0.181852 
2455914.203552 0.123133 
2455915.917680 0.069968 
2455917.631808 0.021702 
2455919.345936 -0.022228 
2455921.060064 -0.062311 
2455922.774192 -0.098971 
2455924.488320 -0.132576 
2455926.202448 -0.163447 
2455927.916576 -0.191861 
2455929.630704 -0.218065 
2455931.344831 -0.242271 
2455933.058959 -0.264670 
2455934.773087 -0.285428 
2455936.487215 -0.304691 
2455938.201343 -0.322591 
2455939.915471 -0.339244 
2455941.629599 -0.354754 
2455943.343727 -0.369213 
2455945.057855 -0.382705 
2455946.771983 -0.395305 
2455948.486111 -0.407079 
2455950.200239 -0.418090 
2455951.914367 -0.428391 
2455953.628495 -0.438033 
2455955.342622 -0.447061 
2455957.056750 -0.455516 
2455958.770878 -0.463436 
2455960.485006 -0.470855 
2455962.199134 -0.477804 
2455963.913262 -0.484313 
2455965.627390 -0.490408 
2455967.341518 -0.496113 
2455969.055646 -0.501451 
2455970.769774 -0.506442 
2455972.483902 -0.511105 
2455974.198030 -0.515458 
2455975.912158 -0.519517 
2455977.626286 -0.523298 
2455979.340413 -0.526813 
2455981.054541 -0.530077 
2455982.768669 -0.533101 
2455984.482797 -0.535897 
2455986.196925 -0.538475 
2455987.911053 -0.540844 
2455989.625181 -0.543015 
2455991.339309 -0.544995 
2455993.053437 -0.546792 
2455994.767565 -0.548415 
2455996.481693 -0.549869 
2455998.195821 -0.551161 
2455999.909949 -0.552297 
2456001.624077 -0.553284 
2456003.338204 -0.554126 
2456005.052332 -0.554829 
2456006.766460 -0.555397 
2456008.480588 -0.555834 
2456010.194716 -0.556145 
2456011.908844 -0.556334 
2456013.622972 -0.556404 
2456015.337100 -0.556358 
2456017.051228 -0.556201 
2456018.765356 -0.555934 
2456020.479484 -0.555562 
2456022.193612 -0.555086 
2456023.907740 -0.554508 
2456025.621868 -0.553833 
2456027.335995 -0.553060 
2456029.050123 -0.552193 
2456030.764251 -0.551234 
2456032.478379 -0.550184 
2456034.192507 -0.549045 
2456035.906635 -0.547818 
2456037.620763 -0.546505 
2456039.334891 -0.545108 
2456041.049019 -0.543627 
2456042.763147 -0.542064 
2456044.477275 -0.540419 
2456046.191403 -0.538694 
2456047.905531 -0.536890 
2456049.619659 -0.535007 
2456051.333786 -0.533046 
2456053.047914 -0.531008 
2456054.762042 -0.528893 
2456056.476170 -0.526702 
2456058.190298 -0.524435 
2456059.904426 -0.522093 
2456061.618554 -0.519675 
2456063.332682 -0.517183 
2456065.046810 -0.514616 
2456066.760938 -0.511974 
2456068.475066 -0.509257 
2456070.189194 -0.506466 
2456071.903322 -0.503600 
2456073.617450 -0.500659 
2456075.331577 -0.497643 
2456077.045705 -0.494552 
2456078.759833 -0.491385 
2456080.473961 -0.488141 
2456082.188089 -0.484740 
2456083.902217 -0.481341 
2456085.616345 -0.477863 
2456087.330473 -0.474306 
2456089.044601 -0.470670 
2456090.758729 -0.466953 
2456092.472857 -0.463155 
2456094.186985 -0.459275 
2456095.901113 -0.455311 
2456097.615241 -0.451263 
2456099.329368 -0.447130 
2456101.043496 -0.442910 
2456102.757624 -0.438602 
2456104.471752 -0.434205 
2456106.185880 -0.429717 
2456107.900008 -0.425136 
2456109.614136 -0.420462 
2456111.328264 -0.415692 
2456113.042392 -0.410825 
2456114.756520 -0.405859 
2456116.470648 -0.400792 
2456118.184776 -0.395621 
2456119.898904 -0.390345 
2456121.613032 -0.384961 
2456123.327159 -0.379467 
2456125.041287 -0.373861 
2456126.755415 -0.368139 
2456128.469543 -0.362300 
2456130.183671 -0.356340 
2456131.897799 -0.350255 
2456133.611927 -0.344044 
2456135.326055 -0.337702 
2456137.040183 -0.331227 
2456138.754311 -0.324613 
2456140.468439 -0.317859 
2456142.182567 -0.310958 
2456143.896695 -0.303908 
2456145.610823 -0.296704 
2456147.324950 -0.289341 
2456149.039078 -0.281814 
2456150.753206 -0.274118 
2456152.467334 -0.266248 
2456154.181462 -0.258197 
2456155.895590 -0.249961 
2456157.609718 -0.241532 
2456159.323846 -0.232903 
2456161.037974 -0.224069 
2456162.752102 -0.215020 
2456164.466230 -0.205750 
2456166.180358 -0.196251 
2456167.894486 -0.186513 
2456169.608614 -0.176527 
2456171.322741 -0.166284 
2456173.036869 -0.155773 
2456174.750997 -0.144983 
2456176.465125 -0.133902 
2456178.179253 -0.122519 
2456179.893381 -0.110821 
2456181.607509 -0.098792 
2456183.321637 -0.086419 
2456185.035765 -0.073685 
2456186.749893 -0.060575 
2456188.464021 -0.047070 
2456190.178149 -0.033150 
2456191.892277 -0.018796 
2456193.606405 -0.003985 
2456195.320532 0.011305 
2456197.034660 0.027101 
2456198.748788 0.043428 
2456200.462916 0.060317 
2456202.177044 0.077799 
2456203.891172 0.095906 
2456205.605300 0.114676 
2456207.319428 0.134148 
2456209.033556 0.154365 
2456210.747684 0.175372 
2456212.461812 0.197221 
2456214.175940 0.219965 
2456215.890068 0.243664 
2456217.604196 0.268383 
2456219.318323 0.294193 
2456221.032451 0.321172 
2456222.746579 0.349404 
2456224.460707 0.378984 
2456226.174835 0.410014 
2456227.888963 0.442607 
2456229.603091 0.476890 
2456231.317219 0.513000 
2456233.031347 0.551092 
2456234.745475 0.591335 
2456236.459603 0.633918 
2456238.173731 0.679053 
2456239.887859 0.726972 
2456241.601987 0.777935 
2456243.316114 0.832231 
2456245.030242 0.890179 
2456246.744370 0.952131 
2456248.458498 1.018476 
2456250.172626 1.089632 
2456251.886754 1.166050 
2456253.600882 1.248196 
2456255.315010 1.336542 
2456257.029138 1.431525 
2456258.743266 1.533492 
2456260.457394 1.642615 
2456262.171522 1.758740 
2456263.885650 1.881176 
2456265.599778 2.008370 
2456267.313905 2.137483 
2456269.028033 2.263856 
2456270.742161 2.380501 
2456272.456289 2.477871 
2456274.170417 2.544376 
2456275.884545 2.568166 
2456277.598673 2.540267 
2456279.312801 2.457437 
2456281.026929 2.325025 
2456282.741057 2.154089 
2456284.455185 1.959594 
2456286.169313 1.756001 
2456287.883441 1.554692 
2456289.597569 1.363221 
2456291.311696 1.185767 
2456293.025824 1.024038 
2456294.739952 0.878153 
2456296.454080 0.747323 
2456298.168208 0.630322 
2456299.882336 0.525761 
2456301.596464 0.432255 
2456303.310592 0.348505 
2456305.024720 0.273335 
2456306.738848 0.205700 
2456308.452976 0.144687 
2456310.167104 0.089500 
2456311.881232 0.039449 
2456313.595360 -0.006062 
2456315.309487 -0.047550 
2456317.023615 -0.085461 
2456318.737743 -0.120183 
2456320.451871 -0.152055 
2456322.165999 -0.181369 
2456323.880127 -0.208384 
2456325.594255 -0.233323 
2456327.308383 -0.256386 
2456329.022511 -0.277747 
2456330.736639 -0.297560 
2456332.450767 -0.315962 
2456334.164895 -0.333075 
2456335.879023 -0.349006 
2456337.593151 -0.363853 
2456339.307278 -0.377702 
2456341.021406 -0.390632 
2456342.735534 -0.402712 
2456344.449662 -0.414005 
2456346.163790 -0.424568 
2456347.877918 -0.434455 
2456349.592046 -0.443710 
2456351.306174 -0.452377 
2456353.020302 -0.460496 
2456354.734430 -0.468101 
2456356.448558 -0.475225 
2456358.162686 -0.481898 
2456359.876814 -0.488146 
2456361.590942 -0.493997 
2456363.305069 -0.499471 
2456365.019197 -0.504591 
2456366.733325 -0.509376 
2456368.447453 -0.513844 
2456370.161581 -0.518013 
2456371.875709 -0.521897 
2456373.589837 -0.525512 
2456375.303965 -0.528869 
2456377.018093 -0.531983 
2456378.732221 -0.534864 
2456380.446349 -0.537523 
2456382.160477 -0.539971 
2456383.874605 -0.542216 
2456385.588733 -0.544267 
2456387.302860 -0.546132 
2456389.016988 -0.547820 
2456390.731116 -0.549337 
2456392.445244 -0.550690 
2456394.159372 -0.551885 
2456395.873500 -0.552928 
2456397.587628 -0.553824 
2456399.301756 -0.554579 
2456401.015884 -0.555197 
2456402.730012 -0.555683 
2456404.444140 -0.556042 
2456406.158268 -0.556276 
2456407.872396 -0.556391 
2456409.586524 -0.556389 
2456411.300651 -0.556273 
2456413.014779 -0.556048 
2456414.728907 -0.555715 
2456416.443035 -0.555278 
2456418.157163 -0.554739 
2456419.871291 -0.554100 
2456421.585419 -0.553364 
2456423.299547 -0.552533 
2456425.013675 -0.551608 
2456426.727803 -0.550592 
2456428.441931 -0.549487 
2456430.156059 -0.548293 
2456431.870187 -0.547013 
2456433.584315 -0.545647 
2456435.298442 -0.544198 
2456437.012570 -0.542666 
2456438.726698 -0.541052 
2456440.440826 -0.539357 
2456442.154954 -0.537583 
2456443.869082 -0.535730 
2456445.583210 -0.533798 
2456447.297338 -0.531789 
2456449.011466 -0.529703 
2456450.725594 -0.527541 
2456452.439722 -0.525303 
2456454.153850 -0.522989 
2456455.867978 -0.520600 
2456457.582106 -0.518136 
2456459.296233 -0.515597 
2456461.010361 -0.512983 
2456462.724489 -0.510295 
2456464.438617 -0.507532 
2456466.152745 -0.504695 
2456467.866873 -0.501782 
2456469.581001 -0.498795 
2456471.295129 -0.495732 
2456473.009257 -0.492594 
2456474.723385 -0.489379 
2456476.437513 -0.486008 
2456478.151641 -0.482638 
2456479.865769 -0.479190 
2456481.579897 -0.475663 
2456483.294024 -0.472057 
2456485.008152 -0.468371 
2456486.722280 -0.464604 
2456488.436408 -0.460755 
2456490.150536 -0.456823 
2456491.864664 -0.452807 
2456493.578792 -0.448706 
2456495.292920 -0.444519 
2456497.007048 -0.440244 
2456498.721176 -0.435881 
2456500.435304 -0.431428 
2456502.149432 -0.426882 
2456503.863560 -0.422244 
2456505.577688 -0.417511 
2456507.291815 -0.412681 
2456509.005943 -0.407752 
2456510.720071 -0.402723 
2456512.434199 -0.397592 
2456514.148327 -0.392356 
2456515.862455 -0.387014 
2456517.576583 -0.381562 
2456519.290711 -0.375998 
2456521.004839 -0.370321 
2456522.718967 -0.364526 
2456524.433095 -0.358612 
2456526.147223 -0.352575 
2456527.861351 -0.346412 
2456529.575479 -0.340120 
2456531.289606 -0.333696 
2456533.003734 -0.327135 
2456534.717862 -0.320435 
2456536.431990 -0.313590 
2456538.146118 -0.306597 
2456539.860246 -0.299452 
2456541.574374 -0.292150 
2456543.288502 -0.284685 
2456545.002630 -0.277054 
2456546.716758 -0.269251 
2456548.430886 -0.261269 
2456550.145014 -0.253104 
2456551.859142 -0.244748 
2456553.573270 -0.236196 
2456555.287397 -0.227440 
2456557.001525 -0.218474 
2456558.715653 -0.209289 
2456560.429781 -0.199877 
2456562.143909 -0.190231 
2456563.858037 -0.180340 
2456565.572165 -0.170195 
2456567.286293 -0.159787 
2456569.000421 -0.149104 
2456570.714549 -0.138135 
2456572.428677 -0.126868 
2456574.142805 -0.115291 
2456575.856933 -0.103389 
2456577.571061 -0.091148 
2456579.285188 -0.078553 
2456580.999316 -0.065587 
2456582.713444 -0.052234 
2456584.427572 -0.038473 
2456586.141700 -0.024286 
2456587.855828 -0.009651 
2456589.569956 0.005454 
2456591.284084 0.021056 
2456592.998212 0.037178 
2456594.712340 0.053851 
2456596.426468 0.071104 
2456598.140596 0.088970 
2456599.854724 0.107485 
2456601.568852 0.126686 
2456603.282979 0.146615 
2456604.997107 0.167318 
2456606.711235 0.188841 
2456608.425363 0.211239 
2456610.139491 0.234569 
2456611.853619 0.258894 
2456613.567747 0.284282 
2456615.281875 0.310808 
2456616.996003 0.338555 
2456618.710131 0.367613 
2456620.424259 0.398081 
2456622.138387 0.430068 
2456623.852515 0.463695 
2456625.566643 0.499095 
2456627.280770 0.536417 
2456628.994898 0.575824 
2456630.709026 0.617497 
2456632.423154 0.661639 
2456634.137282 0.708474 
2456635.851410 0.758252 
2456637.565538 0.811249 
2456639.279666 0.867774 
2456640.993794 0.928166 
2456642.707922 0.992799 
2456644.422050 1.062081 
2456646.136178 1.136451 
2456647.850306 1.216371 
2456649.564434 1.302314 
2456651.278561 1.394735 
2456652.992689 1.494024 
2456654.706817 1.600433 
2456656.420945 1.713952 
2456658.135073 1.834124 
2456659.849201 1.959770 
2456661.563329 2.088593 
2456663.277457 2.216691 
2456664.991585 2.338007 
2456666.705713 2.443956 
2456668.419841 2.523591 
2456670.133969 2.564856 
2456671.848097 2.557257 
2456673.562225 2.494967 
2456675.276352 2.380463 
2456676.990480 2.222456 
2456678.704608 2.035081 
2456680.418736 1.833395 
2456682.132864 1.630126 
2456683.846992 1.434271 
2456685.561120 1.251194 
2456687.275248 1.083425 
2456688.989376 0.931593 
2456690.703504 0.795188 
2456692.417632 0.673108 
2456694.131760 0.563999 
2456695.845888 0.466464 
2456697.560016 0.379163 
2456699.274143 0.300873 
2456700.988271 0.230498 
2456702.702399 0.167076 
2456704.416527 0.109768 
2456706.130655 0.057846 
2456707.844783 0.010680 
2456709.558911 -0.032276 
2456711.273039 -0.071493 
2456712.987167 -0.107382 
2456714.701295 -0.140296 
2456716.415423 -0.170547 
2456718.129551 -0.198405 
2456719.843679 -0.224106 
2456721.557807 -0.247858 
2456723.271934 -0.269845 
2456724.986062 -0.290227 
2456726.700190 -0.309149 
2456728.414318 -0.326736 
2456730.128446 -0.343103 
2456731.842574 -0.358350 
2456733.556702 -0.372568 
2456735.270830 -0.385837 
2456736.984958 -0.398231 
2456738.699086 -0.409815 
2456740.413214 -0.420649 
2456742.127342 -0.430786 
2456743.841470 -0.440275 
2456745.555598 -0.449160 
2456747.269725 -0.457482 
2456748.983853 -0.465278 
2456750.697981 -0.472580 
2456752.412109 -0.479421 
2456754.126237 -0.485827 
2456755.840365 -0.491826 
2456757.554493 -0.497440 
2456759.268621 -0.502692 
2456760.982749 -0.507601 
2456762.696877 -0.512188 
2456764.411005 -0.516468 
2456766.125133 -0.520458 
2456767.839261 -0.524173 
2456769.553389 -0.527627 
2456771.267516 -0.530831 
2456772.981644 -0.533799 
2456774.695772 -0.536541 
2456776.409900 -0.539068 
2456778.124028 -0.541388 
2456779.838156 -0.543512 
2456781.552284 -0.545447 
2456783.266412 -0.547201 
2456784.980540 -0.548782 
2456786.694668 -0.550196 
2456788.408796 -0.551450 
2456790.122924 -0.552550 
2456791.837052 -0.553501 
2456793.551180 -0.554309 
2456795.265307 -0.554979 
2456796.979435 -0.555514 
2456798.693563 -0.555921 
2456800.407691 -0.556202 
2456802.121819 -0.556361 
2456803.835947 -0.556403 
2456805.550075 -0.556330 
2456807.264203 -0.556146 
2456808.978331 -0.555854 
2456810.692459 -0.555456 
2456812.406587 -0.554955 
2456814.120715 -0.554354 
2456815.834843 -0.553654 
2456817.548971 -0.552859 
2456819.263098 -0.551969 
2456820.977226 -0.550988 
2456822.691354 -0.549916 
2456824.405482 -0.548756 
2456826.119610 -0.547508 
2456827.833738 -0.546174 
2456829.547866 -0.544757 
2456831.261994 -0.543256 
2456832.976122 -0.541673 
2456834.690250 -0.540009 
2456836.404378 -0.538264 
2456838.118506 -0.536441 
2456839.832634 -0.534539 
2456841.546762 -0.532559 
2456843.260889 -0.530503 
2456844.975017 -0.528369 
2456846.689145 -0.526160 
2456848.403273 -0.523874 
2456850.117401 -0.521514 
2456851.831529 -0.519078 
2456853.545657 -0.516568 
2456855.259785 -0.513982 
2456856.973913 -0.511322 
2456858.688041 -0.508588 
2456860.402169 -0.505779 
2456862.116297 -0.502894 
2456863.830425 -0.499935 
2456865.544553 -0.496901 
2456867.258680 -0.493791 
2456868.972808 -0.490606 
2456870.686936 -0.487344 
2456872.401064 -0.483924 
2456874.115192 -0.480505 
2456875.829320 -0.477008 
2456877.543448 -0.473433 
2456879.257576 -0.469777 
2456880.971704 -0.466041 
2456882.685832 -0.462223 
2456884.399960 -0.458322 
2456886.114088 -0.454338 
2456887.828216 -0.450270 
2456889.542344 -0.446115 
2456891.256471 -0.441874 
2456892.970599 -0.437545 
2456894.684727 -0.433125 
2456896.398855 -0.428615 
2456898.112983 -0.424012 
2456899.827111 -0.419315 
2456901.541239 -0.414522 
2456903.255367 -0.409631 
2456904.969495 -0.404640 
2456906.683623 -0.399548 
2456908.397751 -0.394352 
2456910.111879 -0.389050 
2456911.826007 -0.383640 
2456913.540135 -0.378119 
2456915.254262 -0.372485 
2456916.968390 -0.366735 
2456918.682518 -0.360867 
2456920.396646 -0.354877 
2456922.110774 -0.348762 
2456923.824902 -0.342519 
2456925.539030 -0.336146 
2456927.253158 -0.329637 
2456928.967286 -0.322990 
2456930.681414 -0.316200 
2456932.395542 -0.309264 
2456934.109670 -0.302177 
2456935.823798 -0.294935 
2456937.537926 -0.287533 
2456939.252053 -0.279965 
2456940.966181 -0.272228 
2456942.680309 -0.264314 
2456944.394437 -0.256219 
2456946.108565 -0.247936 
2456947.822693 -0.239459 
2456949.536821 -0.230782 
2456951.250949 -0.221896 
2456952.965077 -0.212795 
2456954.679205 -0.203470 
2456956.393333 -0.193914 
2456958.107461 -0.184116 
2456959.821589 -0.174069 
2456961.535717 -0.163762 
2456963.249844 -0.153184 
2456964.963972 -0.142325 
2456966.678100 -0.131173 
2456968.392228 -0.119714 
2456970.106356 -0.107937 
2456971.820484 -0.095826 
2456973.534612 -0.083367 
2456975.248740 -0.070544 
2456976.962868 -0.057340 
2456978.676996 -0.043736 
2456980.391124 -0.029713 
2456982.105252 -0.015250 
2456983.819380 -0.000325 
2456985.533508 0.015085 
2456987.247635 0.031007 
2456988.961763 0.047468 
2456990.675891 0.064497 
2456992.390019 0.082127 
2456994.104147 0.100392 
2456995.818275 0.119328 
2456997.532403 0.138977 
2456999.246531 0.159381 
2457000.960659 0.180587 
2457002.674787 0.202647 
2457004.388915 0.225617 
2457006.103043 0.249558 
2457007.817171 0.274534 
2457009.531299 0.300620 
2457011.245426 0.327894 
2457012.959554 0.356444 
2457014.673682 0.386365 
2457016.387810 0.417763 
2457018.101938 0.450754 
2457019.816066 0.485466 
2457021.530194 0.522042 
2457023.244322 0.560638 
2457024.958450 0.601430 
2457026.672578 0.644612 
2457028.386706 0.690399 
2457030.100834 0.739030 
2457031.814962 0.790773 
2457033.529090 0.845924 
2457035.243217 0.904808 
2457036.957345 0.967789 
2457038.671473 1.035259 
2457040.385601 1.107648 
2457042.099729 1.185410 
2457043.813857 1.269017 
2457045.527985 1.358933 
2457047.242113 1.455580 
2457048.956241 1.559275 
2457050.670369 1.670125 
2457052.384497 1.787870 
2457054.098625 1.911642 
2457055.812753 2.039622 
2457057.526881 2.168579 
2457059.241008 2.293333 
2457060.955136 2.406278 
2457062.669264 2.497284 
2457064.383392 2.554479 
2457066.097520 2.566379 
2457067.811648 2.525263 
2457069.525776 2.429603 
2457071.239904 2.286600 
2457072.954032 2.108540 
2457074.668160 1.910602 
2457076.382288 1.706663 
2457078.096416 1.507185 
2457079.810544 1.318837 
2457081.524672 1.145111 
2457083.238799 0.987254 
2457084.952927 0.845112 
2457086.667055 0.717756 
2457088.381183 0.603898 
2457090.095311 0.502141 
2457091.809439 0.411113 
2457093.523567 0.329545 
2457095.237695 0.256292 
2457096.951823 0.190341 
2457098.665951 0.130808 
2457100.380079 0.076925 
2457102.094207 0.028025 
2457103.808335 -0.016466 
2457105.522463 -0.057049 
2457107.236590 -0.094153 
2457108.950718 -0.128156 
2457110.664846 -0.159382 
2457112.378974 -0.188117 
2457114.093102 -0.214609 
2457115.807230 -0.239077 
2457117.521358 -0.261712 
2457119.235486 -0.282685 
2457120.949614 -0.302144 
2457122.663742 -0.320223 
2457124.377870 -0.337040 
2457126.091998 -0.352700 
2457127.806126 -0.367297 
2457129.520254 -0.380917 
2457131.234381 -0.393634 
2457132.948509 -0.405518 
2457134.662637 -0.416629 
2457136.376765 -0.427024 
2457138.090893 -0.436753 
2457139.805021 -0.445863 
2457141.519149 -0.454394 
2457143.233277 -0.462384 
2457144.947405 -0.469870 
2457146.661533 -0.476882 
2457148.375661 -0.483450 
2457150.089789 -0.489600 
2457151.803917 -0.495357 
2457153.518045 -0.500743 
2457155.232172 -0.505780 
2457156.946300 -0.510487 
2457158.660428 -0.514881 
2457160.374556 -0.518980 
2457162.088684 -0.522797 
2457163.802812 -0.526348 
2457165.516940 -0.529646 
2457167.231068 -0.532702 
2457168.945196 -0.535528 
2457170.659324 -0.538135 
2457172.373452 -0.540533 
2457174.087580 -0.542730 
2457175.801708 -0.544736 
2457177.515836 -0.546557 
2457179.229963 -0.548203 
2457180.944091 -0.549680 
2457182.658219 -0.550994 
2457184.372347 -0.552151 
2457186.086475 -0.553158 
2457187.800603 -0.554020 
2457189.514731 -0.554741 
2457191.228859 -0.555327 
2457192.942987 -0.555782 
2457194.657115 -0.556110 
2457196.371243 -0.556315 
2457198.085371 -0.556401 
2457199.799499 -0.556371 
2457201.513627 -0.556229 
2457203.227754 -0.555977 
2457204.941882 -0.555619 
2457206.656010 -0.555157 
2457208.370138 -0.554593 
2457210.084266 -0.553931 
2457211.798394 -0.553171 
2457213.512522 -0.552317 
2457215.226650 -0.551370 
2457216.940778 -0.550333 
2457218.654906 -0.549206 
2457220.369034 -0.547991 
2457222.083162 -0.546690 
2457223.797290 -0.545304 
2457225.511418 -0.543834 
2457227.225545 -0.542282 
2457228.939673 -0.540648 
2457230.653801 -0.538934 
2457232.367929 -0.537141 
2457234.082057 -0.535269 
2457235.796185 -0.533318 
2457237.510313 -0.531291 
2457239.224441 -0.529186 
2457240.938569 -0.527006 
2457242.652697 -0.524749 
2457244.366825 -0.522417 
2457246.080953 -0.520010 
2457247.795081 -0.517528 
2457249.509209 -0.514971 
2457251.223336 -0.512339 
2457252.937464 -0.509633 
2457254.651592 -0.506852 
2457256.365720 -0.503996 
2457258.079848 -0.501065 
2457259.793976 -0.498060 
2457261.508104 -0.494978 
2457263.222232 -0.491822 
2457264.936360 -0.488589 
2457266.650488 -0.485198 
2457268.364616 -0.481809 
2457270.078744 -0.478342 
2457271.792872 -0.474797 
2457273.507000 -0.471171 
2457275.221127 -0.467466 
2457276.935255 -0.463679 
2457278.649383 -0.459810 
2457280.363511 -0.455857 
2457282.077639 -0.451821 
2457283.791767 -0.447699 
2457285.505895 -0.443491 
2457287.220023 -0.439195 
2457288.934151 -0.434810 
2457290.648279 -0.430335 
2457292.362407 -0.425767 
2457294.076535 -0.421106 
2457295.790663 -0.416349 
2457297.504791 -0.411496 
2457299.218918 -0.406543 
2457300.933046 -0.401489 
2457302.647174 -0.396333 
2457304.361302 -0.391072 
2457306.075430 -0.385703 
2457307.789558 -0.380224 
2457309.503686 -0.374633 
2457311.217814 -0.368928 
2457312.931942 -0.363104 
2457314.646070 -0.357161 
2457316.360198 -0.351094 
2457318.074326 -0.344900 
2457319.788454 -0.338576 
2457321.502582 -0.332119 
2457323.216709 -0.325525 
2457324.930837 -0.318789 
2457326.644965 -0.311909 
2457328.359093 -0.304880 
2457330.073221 -0.297697 
2457331.787349 -0.290356 
2457333.501477 -0.282852 
2457335.215605 -0.275179 
2457336.929733 -0.267333 
2457338.643861 -0.259308 
2457340.357989 -0.251097 
2457342.072117 -0.242694 
2457343.786245 -0.234093 
2457345.500372 -0.225287 
2457347.214500 -0.216269 
2457348.928628 -0.207030 
2457350.642756 -0.197562 
2457352.356884 -0.187857 
2457354.071012 -0.177905 
2457355.785140 -0.167698 
2457357.499268 -0.157224 
2457359.213396 -0.146473 
2457360.927524 -0.135433 
2457362.641652 -0.124092 
2457364.355780 -0.112437 
2457366.069908 -0.100454 
2457367.784036 -0.088129 
2457369.498163 -0.075446 
2457371.212291 -0.062388 
2457372.926419 -0.048938 
2457374.640547 -0.035076 
2457376.354675 -0.020782 
2457378.068803 -0.006035 
2457379.782931 0.009188 
2457381.497059 0.024913 
2457383.211187 0.041167 
2457384.925315 0.057977 
2457386.639443 0.075376 
2457388.353571 0.093395 
2457390.067699 0.112073 
2457391.781827 0.131447 
2457393.495954 0.151559 
2457395.210082 0.172456 
2457396.924210 0.194186 
2457398.638338 0.216805 
2457400.352466 0.240370 
2457402.066594 0.264945 
2457403.780722 0.290602 
2457405.494850 0.317416 
2457407.208978 0.345472 
2457408.923106 0.374862 
2457410.637234 0.405687 
2457412.351362 0.438060 
2457414.065490 0.472104 
2457415.779618 0.507956 
2457417.493745 0.545768 
2457419.207873 0.585706 
2457420.922001 0.627958 
2457422.636129 0.672731 
2457424.350257 0.720255 
2457426.064385 0.770786 
2457427.778513 0.824609 
2457429.492641 0.882038 
2457431.206769 0.943422 
2457432.920897 1.009143 
2457434.635025 1.079617 
2457436.349153 1.155288 
2457438.063281 1.236625 
2457439.777409 1.324097 
2457441.491536 1.418150 
2457443.205664 1.519149 
2457444.919792 1.627294 
2457446.633920 1.742490 
2457448.348048 1.864132 
2457450.062176 1.990810 
2457451.776304 2.119889 
2457453.490432 2.246991 
2457455.204560 2.365471 
2457456.918688 2.466123 
2457458.632816 2.537563 
2457460.346944 2.567817 
2457462.061072 2.547302 
2457463.775200 2.471822 
2457465.489327 2.345687 
2457467.203455 2.179162 
2457468.917583 1.986985 
2457470.631711 1.783880 
2457472.345839 1.581729 
2457474.059967 1.388601 
2457475.774095 1.209088 
2457477.488223 1.045178 
2457479.202351 0.897161 
2457480.916479 0.764342 
2457482.630607 0.645533 
2457484.344735 0.539356 
2457486.058863 0.444420 
2457487.772991 0.359410 
2457489.487118 0.283133 
2457491.201246 0.214526 
2457492.915374 0.152658 
2457494.629502 0.096718 
2457496.343630 0.046003 
2457498.057758 -0.000096 
2457499.771886 -0.042105 
2457501.486014 -0.080480 
2457503.200142 -0.115617 
2457504.914270 -0.147860 
2457506.628398 -0.177507 
2457508.342526 -0.204822 
2457510.056654 -0.230033 
2457511.770782 -0.253341 
2457513.484909 -0.274925 
2457515.199037 -0.294941 
2457516.913165 -0.313528 
2457518.627293 -0.330810 
2457520.341421 -0.346897 
2457522.055549 -0.361887 
2457523.769677 -0.375867 
2457525.483805 -0.388918 
2457527.197933 -0.401110 
2457528.912061 -0.412507 
2457530.626189 -0.423167 
2457532.340317 -0.433143 
2457534.054445 -0.442482 
2457535.768573 -0.451227 
2457537.482700 -0.459418 
2457539.196828 -0.467091 
2457540.910956 -0.474279 
2457542.625084 -0.481012 
2457544.339212 -0.487317 
2457546.053340 -0.493220 
2457547.767468 -0.498745 
2457549.481596 -0.503912 
2457551.195724 -0.508742 
2457552.909852 -0.513252 
2457554.623980 -0.517461 
2457556.338108 -0.521383 
2457558.052236 -0.525034 
2457559.766364 -0.528426 
2457561.480491 -0.531572 
2457563.194619 -0.534484 
2457564.908747 -0.537173 
2457566.622875 -0.539649 
2457568.337003 -0.541921 
2457570.051131 -0.543998 
2457571.765259 -0.545888 
2457573.479387 -0.547600 
2457575.193515 -0.549140 
2457576.907643 -0.550515 
2457578.621771 -0.551731 
2457580.335899 -0.552794 
2457582.050027 -0.553710 
2457583.764155 -0.554484 
2457585.478282 -0.555120 
2457587.192410 -0.555624 
2457588.906538 -0.556000 
2457590.620666 -0.556251 
2457592.334794 -0.556382 
2457594.048922 -0.556396 
2457595.763050 -0.556296 
2457597.477178 -0.556085 
2457599.191306 -0.555767 
2457600.905434 -0.555344 
2457602.619562 -0.554818 
2457604.333690 -0.554193 
2457606.047818 -0.553470 
2457607.761946 -0.552652 
2457609.476073 -0.551740 
2457611.190201 -0.550736 
2457612.904329 -0.549643 
2457614.618457 -0.548461 
2457616.332585 -0.547193 
2457618.046713 -0.545839 
2457619.760841 -0.544401 
2457621.474969 -0.542880 
2457623.189097 -0.541277 
2457624.903225 -0.539593 
2457626.617353 -0.537830 
2457628.331481 -0.535987 
2457630.045609 -0.534066 
2457631.759737 -0.532068 
2457633.473864 -0.529993 
2457635.187992 -0.527841 
2457636.902120 -0.525613 
2457638.616248 -0.523309 
2457640.330376 -0.520931 
2457642.044504 -0.518477 
2457643.758632 -0.515948 
2457645.472760 -0.513345 
2457647.186888 -0.510667 
2457648.901016 -0.507914 
2457650.615144 -0.505087 
2457652.329272 -0.502184 
2457654.043400 -0.499207 
2457655.757528 -0.496155 
2457657.471655 -0.493027 
2457659.185783 -0.489822 
2457660.899911 -0.486462 
2457662.614039 -0.483102 
2457664.328167 -0.479665 
2457666.042295 -0.476149 
2457667.756423 -0.472554 
2457669.470551 -0.468879 
2457671.184679 -0.465123 
2457672.898807 -0.461285 
2457674.612935 -0.457365 
2457676.327063 -0.453360 
2457678.041191 -0.449271 
2457679.755319 -0.445096 
2457681.469446 -0.440833 
2457683.183574 -0.436482 
2457684.897702 -0.432041 
2457686.611830 -0.427508 
2457688.325958 -0.422883 
2457690.040086 -0.418163 
2457691.754214 -0.413346 
2457693.468342 -0.408431 
2457695.182470 -0.403416 
2457696.896598 -0.398299 
2457698.610726 -0.393077 
2457700.324854 -0.387749 
2457702.038982 -0.382313 
2457703.753110 -0.376765 
2457705.467237 -0.371103 
2457707.181365 -0.365324 
2457708.895493 -0.359427 
2457710.609621 -0.353407 
2457712.323749 -0.347261 
2457714.037877 -0.340987 
2457715.752005 -0.334581 
2457717.466133 -0.328039 
2457719.180261 -0.321358 
2457720.894389 -0.314533 
2457722.608517 -0.307561 
2457724.322645 -0.300437 
2457726.036773 -0.293156 
2457727.750901 -0.285714 
2457729.465028 -0.278106 
2457731.179156 -0.270326 
2457732.893284 -0.262369 
2457734.607412 -0.254230 
2457736.321540 -0.245900 
2457738.035668 -0.237375 
2457739.749796 -0.228648 
2457741.463924 -0.219711 
2457743.178052 -0.210556 
2457744.892180 -0.201176 
2457746.606308 -0.191562 
2457748.320436 -0.181705 
2457750.034564 -0.171596 
2457751.748692 -0.161224 
2457753.462819 -0.150579 
2457755.176947 -0.139650 
2457756.891075 -0.128425 
2457758.605203 -0.116890 
2457760.319331 -0.105033 
2457762.033459 -0.092840 
2457763.747587 -0.080294 
2457765.461715 -0.067380 
2457767.175843 -0.054081 
2457768.889971 -0.040377 
2457770.604099 -0.026249 
2457772.318227 -0.011677 
2457774.032355 0.003363 
2457775.746483 0.018895 
2457777.460610 0.034945 
2457779.174738 0.051541 
2457780.888866 0.068713 
2457782.602994 0.086493 
2457784.317122 0.104917 
2457786.031250 0.124022 
2457787.745378 0.143850 
2457789.459506 0.164444 
2457791.173634 0.185852 
2457792.887762 0.208128 
2457794.601890 0.231327 
2457796.316018 0.255512 
2457798.030146 0.280750 
2457799.744274 0.307117 
2457801.458401 0.334692 
2457803.172529 0.363565 
2457804.886657 0.393833 
2457806.600785 0.425606 
2457808.314913 0.459002 
2457810.029041 0.494152 
2457811.743169 0.531202 
2457813.457297 0.570314 
2457815.171425 0.611666 
2457816.885553 0.655458 
2457818.599681 0.701912 
2457820.313809 0.751272 
2457822.027937 0.803812 
2457823.742065 0.859836 
2457825.456192 0.919678 
2457827.170320 0.983709 
2457828.884448 1.052331 
2457830.598576 1.125979 
2457832.312704 1.205114 
2457834.026832 1.290207 
2457835.740960 1.381719 
2457837.455088 1.480051 
2457839.169216 1.585480 
2457840.883344 1.698043 
2457842.597472 1.817357 
2457844.311600 1.942361 
2457846.025728 2.070939 
2457847.739856 2.199439 
2457849.453983 2.322129 
2457851.168111 2.430776 
2457852.882239 2.514712 
2457854.596367 2.561905 
2457856.310495 2.561446 
2457858.024623 2.507067 
2457859.738751 2.398935 
2457861.452879 2.246105 
2457863.167007 2.061832 
2457864.881135 1.861275 
2457866.595263 1.657604 
2457868.309391 1.460346 
2457870.023519 1.275322 
2457871.737647 1.105393 
2457873.451774 0.951396 
2457875.165902 0.812941 
2457876.880030 0.688981 
2457878.594158 0.578184 
2457880.308286 0.479149 
2457882.022414 0.390527 
2457883.736542 0.311073 
2457885.450670 0.239677 
2457887.164798 0.175357 
2457888.878926 0.117260 
2457890.593054 0.064642 
2457892.307182 0.016860 
2457894.021310 -0.026641 
2457895.735438 -0.066343 
2457897.449565 -0.102664 
2457899.163693 -0.135966 
2457900.877821 -0.166563 
2457902.591949 -0.194733 
2457904.306077 -0.220716 
2457906.020205 -0.244723 
2457907.734333 -0.266941 
2457909.448461 -0.287533 
2457911.162589 -0.306646 
2457912.876717 -0.324409 
2457914.590845 -0.340937 
2457916.304973 -0.356331 
2457918.019101 -0.370684 
2457919.733229 -0.384079 
2457921.447356 -0.396588 
2457923.161484 -0.408279 
2457924.875612 -0.419212 
2457926.589740 -0.429441 
2457928.303868 -0.439016 
2457930.017996 -0.447981 
2457931.732124 -0.456378 
2457933.446252 -0.464243 
2457935.160380 -0.471611 
2457936.874508 -0.478513 
2457938.588636 -0.484977 
2457940.302764 -0.491030 
2457942.016892 -0.496695 
2457943.731020 -0.501995 
2457945.445147 -0.506950 
2457947.159275 -0.511580 
2457948.873403 -0.515901 
2457950.587531 -0.519930 
2457952.301659 -0.523682 
2457954.015787 -0.527170 
2457955.729915 -0.530408 
2457957.444043 -0.533407 
2457959.158171 -0.536180 
2457960.872299 -0.538735 
2457962.586427 -0.541083 
2457964.300555 -0.543233 
2457966.014683 -0.545194 
2457967.728811 -0.546972 
2457969.442938 -0.548576 
2457971.157066 -0.550013 
2457972.871194 -0.551288 
2457974.585322 -0.552409 
2457976.299450 -0.553380 
2457978.013578 -0.554207 
2457979.727706 -0.554895 
2457981.441834 -0.555449 
2457983.155962 -0.555873 
2457984.870090 -0.556171 
2457986.584218 -0.556347 
2457988.298346 -0.556404 
2457990.012474 -0.556347 
2457991.726602 -0.556178 
2457993.440729 -0.555900 
2457995.154857 -0.555516 
2457996.868985 -0.555029 
2457998.583113 -0.554442 
2458000.297241 -0.553755 
2458002.011369 -0.552973 
2458003.725497 -0.552096 
2458005.439625 -0.551127 
2458007.153753 -0.550068 
2458008.867881 -0.548919 
2458010.582009 -0.547683 
2458012.296137 -0.546362 
2458014.010265 -0.544955 
2458015.724393 -0.543466 
2458017.438520 -0.541894 
2458019.152648 -0.540240 
2458020.866776 -0.538507 
2458022.580904 -0.536694 
2458024.295032 -0.534803 
2458026.009160 -0.532834 
2458027.723288 -0.530788 
2458029.437416 -0.528665 
2458031.151544 -0.526466 
2458032.865672 -0.524191 
2458034.579800 -0.521841 
2458036.293928 -0.519415 
2458038.008056 -0.516915 
2458039.722184 -0.514340 
2458041.436311 -0.511690 
2458043.150439 -0.508966 
2458044.864567 -0.506167 
2458046.578695 -0.503293 
2458048.292823 -0.500344 
2458050.006951 -0.497320 
2458051.721079 -0.494220 
2458053.435207 -0.491045 
2458055.149335 -0.487794 
2458056.863463 -0.484384 
2458058.577591 -0.480977 
2458060.291719 -0.477491 
2458062.005847 -0.473926 
2458063.719975 -0.470281 
2458065.434102 -0.466555 
2458067.148230 -0.462749 
2458068.862358 -0.458860 
2458070.576486 -0.454887 
2458072.290614 -0.450830 
2458074.004742 -0.446688 
2458075.718870 -0.442458 
2458077.432998 -0.438141 
2458079.147126 -0.433734 
2458080.861254 -0.429236 
2458082.575382 -0.424646 
2458084.289510 -0.419962 
2458086.003638 -0.415182 
2458087.717766 -0.410305 
2458089.431893 -0.405328 
2458091.146021 -0.400250 
2458092.860149 -0.395068 
2458094.574277 -0.389781 
2458096.288405 -0.384385 
2458098.002533 -0.378880 
2458099.716661 -0.373261 
2458101.430789 -0.367527 
2458103.144917 -0.361675 
2458104.859045 -0.355702 
2458106.573173 -0.349604 
2458108.287301 -0.343380 
2458110.001429 -0.337024 
2458111.715557 -0.330534 
2458113.429684 -0.323906 
2458115.143812 -0.317136 
2458116.857940 -0.310220 
2458118.572068 -0.303154 
2458120.286196 -0.295933 
2458122.000324 -0.288553 
2458123.714452 -0.281008 
2458125.428580 -0.273294 
2458127.142708 -0.265405 
2458128.856836 -0.257335 
2458130.570964 -0.249079 
2458132.285092 -0.240629 
2458133.999220 -0.231979 
2458135.713348 -0.223122 
2458137.427475 -0.214050 
2458139.141603 -0.204757 
2458140.855731 -0.195232 
2458142.569859 -0.185469 
2458144.283987 -0.175456 
2458145.998115 -0.165185 
2458147.712243 -0.154645 
2458149.426371 -0.143825 
2458151.140499 -0.132713 
2458152.854627 -0.121297 
2458154.568755 -0.109564 
2458156.282883 -0.097500 
2458157.997011 -0.085089 
2458159.711139 -0.072317 
2458161.425266 -0.059166 
2458163.139394 -0.045617 
2458164.853522 -0.031653 
2458166.567650 -0.017251 
2458168.281778 -0.002391 
2458169.995906 0.012951 
2458171.710034 0.028802 
2458173.424162 0.045188 
2458175.138290 0.062138 
2458176.852418 0.079683 
2458178.566546 0.097859 
2458180.280674 0.116702 
2458181.994802 0.136250 
2458183.708930 0.156548 
2458185.423057 0.177642 
2458187.137185 0.199583 
2458188.851313 0.222425 
2458190.565441 0.246229 
2458192.279569 0.271060 
2458193.993697 0.296990 
2458195.707825 0.324097 
2458197.421953 0.352467 
2458199.136081 0.382195 
2458200.850209 0.413385 
2458202.564337 0.446151 
2458204.278465 0.480620 
2458205.992593 0.516932 
2458207.706721 0.555243 
2458209.420848 0.595724 
2458211.134976 0.638567 
2458212.849104 0.683985 
2458214.563232 0.732213 
2458216.277360 0.783514 
2458217.991488 0.838181 
2458219.705616 0.896535 
2458221.419744 0.958934 
2458223.133872 1.025767 
2458224.848000 1.097458 
2458226.562128 1.174458 
2458228.276256 1.257239 
2458229.990384 1.346267 
2458231.704512 1.441974 
2458233.418639 1.544694 
2458235.132767 1.654572 
2458236.846895 1.771410 
2458238.561023 1.894440 
2458240.275151 2.021999 
2458241.989279 2.151079 
2458243.703407 2.276798 
2458245.417535 2.391899 
2458247.131663 2.486578 
2458248.845791 2.549105 
2458250.559919 2.567768 
2458252.274047 2.534113 
2458253.988175 2.445645 
2458255.702303 2.308521 
2458257.416430 2.134364 
2458259.130558 1.938263 
2458260.844686 1.734439 
2458262.558814 1.533878 
2458264.272942 1.343743 
2458265.987070 1.167906 
2458267.701198 1.007868 
2458269.415326 0.863623 
2458271.129454 0.734319 
2458272.843582 0.618700 
2458274.557710 0.515372 
2458276.271838 0.422958 
2458277.985966 0.340169 
2458279.700094 0.265842 
2458281.414221 0.198949 
2458283.128349 0.138587 
2458284.842477 0.083974 
2458286.556605 0.034430 
2458288.270733 -0.010632 
2458289.984861 -0.051721 
2458291.698989 -0.089278 
2458293.413117 -0.123684 
2458295.127245 -0.155271 
2458296.841373 -0.184331 
2458298.555501 -0.211116 
2458300.269629 -0.235848 
2458301.983757 -0.258723 
2458303.697885 -0.279913 
2458305.412012 -0.299571 
2458307.126140 -0.317831 
2458308.840268 -0.334814 
2458310.554396 -0.350626 
2458312.268524 -0.365364 
2458313.982652 -0.379112 
2458315.696780 -0.391949 
2458317.410908 -0.403942 
2458319.125036 -0.415156 
2458320.839164 -0.425645 
2458322.553292 -0.435462 
2458324.267420 -0.444654 
2458325.981548 -0.453261 
2458327.695676 -0.461324 
2458329.409803 -0.468876 
2458331.123931 -0.475951 
2458332.838059 -0.482578 
2458334.552187 -0.488784 
2458336.266315 -0.494593 
2458337.980443 -0.500029 
2458339.694571 -0.505112 
2458341.408699 -0.509863 
2458343.122827 -0.514299 
2458344.836955 -0.518437 
2458346.551083 -0.522292 
2458348.265211 -0.525879 
2458349.979339 -0.529210 
2458351.693467 -0.532298 
2458353.407594 -0.535156 
2458355.121722 -0.537792 
2458356.835850 -0.540217 
2458358.549978 -0.542441 
2458360.264106 -0.544473 
2458361.978234 -0.546319 
2458363.692362 -0.547989 
2458365.406490 -0.549488 
2458367.120618 -0.550824 
2458368.834746 -0.552002 
2458370.548874 -0.553029 
2458372.263002 -0.553910 
2458373.977130 -0.554651 
2458375.691258 -0.555255 
2458377.405385 -0.555727 
2458379.119513 -0.556072 
2458380.833641 -0.556294 
2458382.547769 -0.556396 
2458384.261897 -0.556382 
2458385.976025 -0.556255 
2458387.690153 -0.556018 
2458389.404281 -0.555674 
2458391.118409 -0.555226 
2458392.832537 -0.554676 
2458394.546665 -0.554027 
2458396.260793 -0.553281 
2458397.974921 -0.552439 
2458399.689049 -0.551505 
2458401.403176 -0.550480 
2458403.117304 -0.549365 
2458404.831432 -0.548162 
2458406.545560 -0.546872 
2458408.259688 -0.545498 
2458409.973816 -0.544040 
2458411.687944 -0.542499 
2458413.402072 -0.540876 
2458415.116200 -0.539173 
2458416.830328 -0.537390 
2458418.544456 -0.535529 
2458420.258584 -0.533589 
2458421.972712 -0.531572 
2458423.686840 -0.529478 
2458425.400967 -0.527308 
2458427.115095 -0.525062 
2458428.829223 -0.522740 
2458430.543351 -0.520343 
2458432.257479 -0.517871 
2458433.971607 -0.515324 
2458435.685735 -0.512703 
2458437.399863 -0.510007 
2458439.113991 -0.507236 
2458440.828119 -0.504390 
2458442.542247 -0.501470 
2458444.256375 -0.498474 
2458445.970503 -0.495404 
2458447.684631 -0.492257 
2458449.398758 -0.489035 
2458451.112886 -0.485655 
2458452.827014 -0.482277 
2458454.541142 -0.478820 
2458456.255270 -0.475285 
2458457.969398 -0.471671 
2458459.683526 -0.467976 
2458461.397654 -0.464201 
2458463.111782 -0.460343 
2458464.825910 -0.456402 
2458466.540038 -0.452377 
2458468.254166 -0.448267 
2458469.968294 -0.444071 
2458471.682422 -0.439787 
2458473.396549 -0.435414 
2458475.110677 -0.430951 
2458476.824805 -0.426396 
2458478.538933 -0.421748 
2458480.253061 -0.417004 
2458481.967189 -0.412164 
2458483.681317 -0.407225 
2458485.395445 -0.402185 
2458487.109573 -0.397043 
2458488.823701 -0.391796 
2458490.537829 -0.386442 
2458492.251957 -0.380979 
2458493.966085 -0.375403 
2458495.680213 -0.369713 
2458497.394340 -0.363906 
2458499.108468 -0.357979 
2458500.822596 -0.351929 
2458502.536724 -0.345753 
2458504.250852 -0.339447 
2458505.964980 -0.333008 
2458507.679108 -0.326433 
2458509.393236 -0.319717 
2458511.107364 -0.312857 
2458512.821492 -0.305849 
2458514.535620 -0.298687 
2458516.249748 -0.291368 
2458517.963876 -0.283886 
2458519.678004 -0.276237 
2458521.392131 -0.268415 
2458523.106259 -0.260414 
2458524.820387 -0.252229 
2458526.534515 -0.243853 
2458528.248643 -0.235280 
2458529.962771 -0.226502 
2458531.676899 -0.217513 
2458533.391027 -0.208304 
2458535.105155 -0.198868 
2458536.819283 -0.189196 
2458538.533411 -0.179279 
2458540.247539 -0.169107 
2458541.961667 -0.158670 
2458543.675795 -0.147958 
2458545.389922 -0.136958 
2458547.104050 -0.125659 
2458548.818178 -0.114047 
2458550.532306 -0.102110 
2458552.246434 -0.089833 
2458553.960562 -0.077199 
2458555.674690 -0.064194 
2458557.388818 -0.050798 
2458559.102946 -0.036993 
2458560.817074 -0.022760 
2458562.531202 -0.008076 
2458564.245330 0.007081 
2458565.959458 0.022736 
2458567.673586 0.038915 
2458569.387713 0.055648 
2458571.101841 0.072964 
2458572.815969 0.090897 
2458574.530097 0.109482 
2458576.244225 0.128759 
2458577.958353 0.148768 
2458579.672481 0.169554 
2458581.386609 0.191168 
2458583.100737 0.213662 
2458584.814865 0.237094 
2458586.528993 0.261528 
2458588.243121 0.287033 
2458589.957249 0.313684 
2458591.671377 0.341565 
2458593.385504 0.370767 
2458595.099632 0.401390 
2458596.813760 0.433544 
2458598.527888 0.467352 
2458600.242016 0.502949 
2458601.956144 0.540483 
2458603.670272 0.580121 
2458605.384400 0.622045 
2458607.098528 0.666461 
2458608.812656 0.713595 
2458610.526784 0.763699 
2458612.240912 0.817055 
2458613.955040 0.873972 
2458615.669168 0.934794 
2458617.383295 0.999899 
2458619.097423 1.069698 
2458620.811551 1.144633 
2458622.525679 1.225168 
2458624.239807 1.311775 
2458625.953935 1.404906 
2458627.668063 1.504939 
2458629.382191 1.612106 
2458631.096319 1.726360 
2458632.810447 1.847184 
2458634.524575 1.973297 
2458636.238703 2.102262 
2458637.952831 2.229970 
2458639.666959 2.350113 
2458641.381086 2.453831 
2458643.095214 2.529977 
2458644.809342 2.566511 
2458646.523470 2.553309 
2458648.237598 2.485244 
2458649.951726 2.365590 
2458651.665854 2.203758 
2458653.379982 2.014178 
2458655.094110 1.811783 
2458656.808238 1.608940 
2458658.522366 1.414240 
2458660.236494 1.232703 
2458661.950622 1.066615 
2458663.664750 0.916453 
2458665.378877 0.781622 
2458667.093005 0.660979 
2458668.807133 0.553161 
2458670.521261 0.456769 
2458672.235389 0.370477 
2458673.949517 0.293073 
2458675.663645 0.223477 
2458677.377773 0.160739 
2458679.091901 0.104033 
2458680.806029 0.052643 
2458682.520157 0.005946 
2458684.234285 -0.036593 
2458685.948413 -0.075440 
2458687.662541 -0.110998 
2458689.376668 -0.143617 
2458691.090796 -0.173602 
2458692.804924 -0.201221 
2458694.519052 -0.226707 
2458696.233180 -0.250264 
2458697.947308 -0.272074 
2458699.661436 -0.292295 
2458701.375564 -0.311070 
2458703.089692 -0.328523 
2458704.803820 -0.344767 
2458706.517948 -0.359901 
2458708.232076 -0.374015 
2458709.946204 -0.387188 
2458711.660332 -0.399493 
2458713.374459 -0.410995 
2458715.088587 -0.421753 
2458716.802715 -0.431819 
2458718.516843 -0.441243 
2458720.230971 -0.450067 
2458721.945099 -0.458331 
2458723.659227 -0.466073 
2458725.373355 -0.473325 
2458727.087483 -0.480118 
2458728.801611 -0.486481 
2458730.515739 -0.492437 
2458732.229867 -0.498012 
2458733.943995 -0.503227 
2458735.658122 -0.508101 
2458737.372250 -0.512655 
2458739.086378 -0.516904 
2458740.800506 -0.520864 
2458742.514634 -0.524551 
2458744.228762 -0.527977 
2458745.942890 -0.531156 
2458747.657018 -0.534100 
2458749.371146 -0.536818 
2458751.085274 -0.539323 
2458752.799402 -0.541622 
2458754.513530 -0.543725 
2458756.227658 -0.545641 
2458757.941786 -0.547377 
2458759.655913 -0.548939 
2458761.370041 -0.550336 
2458763.084169 -0.551574 
2458764.798297 -0.552658 
2458766.512425 -0.553593 
2458768.226553 -0.554386 
2458769.940681 -0.555041 
2458771.654809 -0.555563 
2458773.368937 -0.555956 
2458775.083065 -0.556224 
2458776.797193 -0.556371 
2458778.511321 -0.556401 
2458780.225449 -0.556316 
2458781.939577 -0.556120 
2458783.653704 -0.555817 
2458785.367832 -0.555408 
2458787.081960 -0.554896 
2458788.796088 -0.554284 
2458790.510216 -0.553575 
2458792.224344 -0.552769 
2458793.938472 -0.551870 
2458795.652600 -0.550879 
2458797.366728 -0.549797 
2458799.080856 -0.548628 
2458800.794984 -0.547371 
2458802.509112 -0.546029 
2458804.223240 -0.544602 
2458805.937368 -0.543092 
2458807.651495 -0.541500 
2458809.365623 -0.539828 
2458811.079751 -0.538075 
2458812.793879 -0.536243 
2458814.508007 -0.534333 
2458816.222135 -0.532345 
2458817.936263 -0.530280 
2458819.650391 -0.528139 
2458821.364519 -0.525922 
2458823.078647 -0.523628 
2458824.792775 -0.521260 
2458826.506903 -0.518816 
2458828.221031 -0.516298 
2458829.935159 -0.513705 
2458831.649286 -0.511037 
2458833.363414 -0.508294 
2458835.077542 -0.505477 
2458836.791670 -0.502585 
2458838.505798 -0.499618 
2458840.219926 -0.496576 
2458841.934054 -0.493458 
2458843.648182 -0.490264 
2458845.362310 -0.486995 
2458847.076438 -0.483566 
2458848.790566 -0.480139 
2458850.504694 -0.476634 
2458852.218822 -0.473050 
2458853.932950 -0.469386 
2458855.647077 -0.465641 
2458857.361205 -0.461814 
2458859.075333 -0.457905 
2458860.789461 -0.453912 
2458862.503589 -0.449834 
2458864.217717 -0.445671 
2458865.931845 -0.441420 
2458867.645973 -0.437082 
2458869.360101 -0.432653 
2458871.074229 -0.428133 
2458872.788357 -0.423520 
2458874.502485 -0.418813 
2458876.216613 -0.414009 
2458877.930741 -0.409108 
2458879.644868 -0.404107 
2458881.358996 -0.399004 
2458883.073124 -0.393797 
2458884.787252 -0.388483 
2458886.501380 -0.383062 
2458888.215508 -0.377529 
2458889.929636 -0.371883 
2458891.643764 -0.366120 
2458893.357892 -0.360239 
2458895.072020 -0.354236 
2458896.786148 -0.348108 
2458898.500276 -0.341852 
2458900.214404 -0.335464 
2458901.928532 -0.328941 
2458903.642659 -0.322278 
2458905.356787 -0.315474 
2458907.070915 -0.308522 
2458908.785043 -0.301419 
2458910.499171 -0.294160 
2458912.213299 -0.286740 
2458913.927427 -0.279155 
2458915.641555 -0.271399 
2458917.355683 -0.263467 
2458919.069811 -0.255352 
2458920.783939 -0.247049 
2458922.498067 -0.238551 
2458924.212195 -0.229852 
2458925.926323 -0.220944 
2458927.640450 -0.211819 
2458929.354578 -0.202470 
2458931.068706 -0.192889 
2458932.782834 -0.183066 
2458934.496962 -0.172991 
2458936.211090 -0.162656 
2458937.925218 -0.152049 
2458939.639346 -0.141160 
2458941.353474 -0.129975 
2458943.067602 -0.118484 
2458944.781730 -0.106672 
2458946.495858 -0.094525 
2458948.209986 -0.082028 
2458949.924114 -0.069166 
2458951.638241 -0.055920 
2458953.352369 -0.042273 
2458955.066497 -0.028204 
2458956.780625 -0.013694 
2458958.494753 0.001281 
2458960.208881 0.016744 
2458961.923009 0.032722 
2458963.637137 0.049242 
2458965.351265 0.066333 
2458967.065393 0.084028 
2458968.779521 0.102362 
2458970.493649 0.121372 
2458972.207777 0.141098 
2458973.921905 0.161585 
2458975.636032 0.182879 
2458977.350160 0.205033 
2458979.064288 0.228102 
2458980.778416 0.252149 
2458982.492544 0.277239 
2458984.206672 0.303447 
2458985.920800 0.330852 
2458987.634928 0.359542 
2458989.349056 0.389614 
2458991.063184 0.421175 
2458992.777312 0.454341 
2458994.491440 0.489244 
2458996.205568 0.526025 
2458997.919696 0.564846 
2458999.633823 0.605881 
2459001.347951 0.649327 
2459003.062079 0.695403 
2459004.776207 0.744351 
2459006.490335 0.796440 
2459008.204463 0.851969 
2459009.918591 0.911269 
2459011.632719 0.974705 
2459013.346847 1.042675 
2459015.060975 1.115610 
2459016.775103 1.193968 
2459018.489231 1.278220 
2459020.203359 1.368829 
2459021.917487 1.466210 
2459023.631614 1.570662 
2459025.345742 1.682261 
2459027.059870 1.800698 
2459028.773998 1.925021 
2459030.488126 2.053287 
2459032.202254 2.182083 
2459033.916382 2.305993 
2459035.630510 2.417138 
2459037.344638 2.505146 
2459039.058766 2.558058 
2459040.772894 2.564617 
2459042.487022 2.517710 
2459044.201150 2.416556 
2459045.915278 2.269166 
2459047.629405 2.088282 
2459049.343533 1.889103 
2459051.057661 1.685208 
2459052.771789 1.486654 
2459054.485917 1.299735 
2459056.200045 1.127659 
2459057.914173 0.971489 
2459059.628301 0.830963 
2459061.342429 0.705099 
2459063.056557 0.592588 
2459064.770685 0.492029 
2459066.484813 0.402060 
2459068.198941 0.321423 
2459069.913069 0.248988 
2459071.627196 0.183755 
2459073.341324 0.124854 
2459075.055452 0.071528 
2459076.769580 0.023120 
2459078.483708 -0.020935 
2459080.197836 -0.061130 
2459081.911964 -0.097890 
2459083.626092 -0.131584 
2459085.340220 -0.162534 
2459087.054348 -0.191021 
2459088.768476 -0.217289 
2459090.482604 -0.241554 
2459092.196732 -0.264006 
2459093.910860 -0.284812 
2459095.624987 -0.304119 
2459097.339115 -0.322059 
2459099.053243 -0.338749 
2459100.767371 -0.354292 
2459102.481499 -0.368783 
2459104.195627 -0.382303 
2459105.909755 -0.394930 
2459107.623883 -0.406729 
2459109.338011 -0.417762 
2459111.052139 -0.428084 
2459112.766267 -0.437745 
2459114.480395 -0.446791 
2459116.194523 -0.455264 
2459117.908651 -0.463199 
2459119.622778 -0.470633 
2459121.336906 -0.477597 
2459123.051034 -0.484119 
2459124.765162 -0.490227 
2459126.479290 -0.495943 
2459128.193418 -0.501292 
2459129.907546 -0.506293 
2459131.621674 -0.510966 
2459133.335802 -0.515329 
2459135.049930 -0.519397 
2459136.764058 -0.523185 
2459138.478186 -0.526709 
2459140.192314 -0.529980 
2459141.906442 -0.533012 
2459143.620569 -0.535814 
2459145.334697 -0.538399 
2459147.048825 -0.540774 
2459148.762953 -0.542951 
2459150.477081 -0.544937 
2459152.191209 -0.546740 
2459153.905337 -0.548367 
2459155.619465 -0.549826 
2459157.333593 -0.551123 
2459159.047721 -0.552265 
2459160.761849 -0.553256 
2459162.475977 -0.554102 
2459164.190105 -0.554809 
2459165.904233 -0.555381 
2459167.618360 -0.555822 
2459169.332488 -0.556137 
2459171.046616 -0.556330 
2459172.760744 -0.556403 
2459174.474872 -0.556361 
2459176.189000 -0.556207 
2459177.903128 -0.555944 
2459179.617256 -0.555575 
2459181.331384 -0.555102 
2459183.045512 -0.554528 
2459184.759640 -0.553855 
2459186.473768 -0.553085 
2459188.187896 -0.552221 
2459189.902024 -0.551265 
2459191.616151 -0.550218 
2459193.330279 -0.549081 
2459195.044407 -0.547857 
2459196.758535 -0.546547 
2459198.472663 -0.545152 
2459200.186791 -0.543674 
2459201.900919 -0.542113 
2459203.615047 -0.540471 
2459205.329175 -0.538749 
2459207.043303 -0.536947 
2459208.757431 -0.535066 
2459210.471559 -0.533108 
2459212.185687 -0.531072 
2459213.899815 -0.528959 
2459215.613942 -0.526771 
2459217.328070 -0.524506 
2459219.042198 -0.522166 
2459220.756326 -0.519751 
2459222.470454 -0.517261 
2459224.184582 -0.514696 
2459225.898710 -0.512056 
2459227.612838 -0.509342 
2459229.326966 -0.506553 
2459231.041094 -0.503689 
2459232.755222 -0.500751 
2459234.469350 -0.497737 
2459236.183478 -0.494648 
2459237.897606 -0.491483 
2459239.611733 -0.488242 
2459241.325861 -0.484843 
2459243.039989 -0.481446 
2459244.754117 -0.477971 
2459246.468245 -0.474417 
2459248.182373 -0.470783 
2459249.896501 -0.467069 
2459251.610629 -0.463273 
2459253.324757 -0.459396 
2459255.038885 -0.455435 
2459256.753013 -0.451389 
2459258.467141 -0.447258 
2459260.181269 -0.443041 
2459261.895397 -0.438736 
2459263.609524 -0.434341 
2459265.323652 -0.429856 
2459267.037780 -0.425279 
2459268.751908 -0.420607 
2459270.466036 -0.415841 
2459272.180164 -0.410976 
2459273.894292 -0.406013 
2459275.608420 -0.400949 
2459277.322548 -0.395782 
2459279.036676 -0.390509 
2459280.750804 -0.385128 
2459282.464932 -0.379638 
2459284.179060 -0.374035 
2459285.893188 -0.368317 
2459287.607315 -0.362481 
2459289.321443 -0.356525 
2459291.035571 -0.350444 
2459292.749699 -0.344237 
2459294.463827 -0.337899 
2459296.177955 -0.331428 
2459297.892083 -0.324819 
2459299.606211 -0.318069 
2459301.320339 -0.311173 
2459303.034467 -0.304128 
2459304.748595 -0.296928 
2459306.462723 -0.289570 
2459308.176851 -0.282048 
2459309.890979 -0.274358 
2459311.605106 -0.266493 
2459313.319234 -0.258448 
2459315.033362 -0.250217 
2459316.747490 -0.241794 
2459318.461618 -0.233172 
2459320.175746 -0.224344 
2459321.889874 -0.215302 
2459323.604002 -0.206039 
2459325.318130 -0.196547 
2459327.032258 -0.186816 
2459328.746386 -0.176838 
2459330.460514 -0.166603 
2459332.174642 -0.156100 
2459333.888770 -0.145319 
2459335.602897 -0.134248 
2459337.317025 -0.122874 
2459339.031153 -0.111185 
2459340.745281 -0.099167 
2459342.459409 -0.086805 
2459344.173537 -0.074083 
2459345.887665 -0.060984 
2459347.601793 -0.047491 
2459349.315921 -0.033585 
2459351.030049 -0.019244 
2459352.744177 -0.004448 
2459354.458305 0.010827 
2459356.172433 0.026607 
2459357.886561 0.042918 
2459359.600688 0.059789 
2459361.314816 0.077251 
2459363.028944 0.095339 
2459364.743072 0.114088 
2459366.457200 0.133538 
2459368.171328 0.153731 
2459369.885456 0.174713 
2459371.599584 0.196535 
2459373.313712 0.219251 
2459375.027840 0.242920 
2459376.741968 0.267607 
2459378.456096 0.293382 
2459380.170224 0.320323 
2459381.884352 0.348516 
2459383.598479 0.378052 
2459385.312607 0.409036 
2459387.026735 0.441579 
2459388.740863 0.475808 
2459390.454991 0.511860 
2459392.169119 0.549888 
2459393.883247 0.590062 
2459395.597375 0.632571 
2459397.311503 0.677623 
2459399.025631 0.725453 
2459400.739759 0.776318 
2459402.453887 0.830507 
2459404.168015 0.888337 
2459405.882143 0.950161 
2459407.596270 1.016364 
2459409.310398 1.087366 
2459411.024526 1.163615 
2459412.738654 1.245578 
2459414.452782 1.333726 
2459416.166910 1.428498 
2459417.881038 1.530247 
2459419.595166 1.639150 
2459421.309294 1.755067 
2459423.023422 1.877326 
2459424.737550 2.004408 
2459426.451678 2.133521 
2459428.165806 2.260069 
2459429.879934 2.377143 
2459431.594061 2.475272 
2459433.308189 2.542909 
2459435.022317 2.568172 
2459436.736445 2.541943 
2459438.450573 2.460762 
2459440.164701 2.329747 
2459441.878829 2.159780 
2459443.592957 1.965784 
2459445.307085 1.762282 
2459447.021213 1.560770 
2459448.735341 1.368919 
2459450.449469 1.190999 
2459452.163597 1.028778 
2459453.877725 0.882413 
2459455.591852 0.751137 
2459457.305980 0.633731 
2459459.020108 0.528808 
2459460.734236 0.434981 
2459462.448364 0.350949 
2459464.162492 0.275531 
2459465.876620 0.207679 
2459467.590748 0.146474 
2459469.304876 0.091118 
2459471.019004 0.040919 
2459472.733132 -0.004724 
2459474.447260 -0.046328 
2459476.161388 -0.084343 
2459477.875516 -0.119159 
2459479.589643 -0.151113 
2459481.303771 -0.180502 
2459483.017899 -0.207584 
2459484.732027 -0.232585 
2459486.446155 -0.255703 
2459488.160283 -0.277114 
2459489.874411 -0.296972 
2459491.588539 -0.315416 
2459493.302667 -0.332566 
2459495.016795 -0.348532 
2459496.730923 -0.363411 
2459498.445051 -0.377290 
2459500.159179 -0.390247 
2459501.873307 -0.402352 
2459503.587434 -0.413668 
2459505.301562 -0.424254 
2459507.015690 -0.434160 
2459508.729818 -0.443434 
2459510.443946 -0.452119 
2459512.158074 -0.460254 
2459513.872202 -0.467874 
2459515.586330 -0.475012 
2459517.300458 -0.481699 
2459519.014586 -0.487960 
2459520.728714 -0.493822 
2459522.442842 -0.499308 
2459524.156970 -0.504438 
2459525.871098 -0.509234 
2459527.585225 -0.513712 
2459529.299353 -0.517889 
2459531.013481 -0.521782 
2459532.727609 -0.525404 
2459534.441737 -0.528770 
2459536.155865 -0.531891 
2459537.869993 -0.534779 
2459539.584121 -0.537445 
2459541.298249 -0.539898 
2459543.012377 -0.542149 
2459544.726505 -0.544206 
2459546.440633 -0.546078 
2459548.154761 -0.547771 
2459549.868889 -0.549293 
2459551.583016 -0.550651 
2459553.297144 -0.551850 
2459555.011272 -0.552898 
2459556.725400 -0.553798 
2459558.439528 -0.554558 
2459560.153656 -0.555180 
2459561.867784 -0.555670 
2459563.581912 -0.556033 
2459565.296040 -0.556271 
2459567.010168 -0.556389 
2459568.724296 -0.556391 
2459570.438424 -0.556279 
2459572.152552 -0.556057 
2459573.866680 -0.555727 
2459575.580807 -0.555293 
2459577.294935 -0.554757 
2459579.009063 -0.554121 
2459580.723191 -0.553388 
2459582.437319 -0.552560 
2459584.151447 -0.551638 
2459585.865575 -0.550625 
2459587.579703 -0.549522 
2459589.293831 -0.548331 
2459591.007959 -0.547053 
2459592.722087 -0.545691 
2459594.436215 -0.544244 
2459596.150343 -0.542714 
2459597.864471 -0.541103 
2459599.578598 -0.539410 
2459601.292726 -0.537639 
2459603.006854 -0.535788 
2459604.720982 -0.533859 
2459606.435110 -0.531852 
2459608.149238 -0.529769 
2459609.863366 -0.527609 
2459611.577494 -0.525373 
2459613.291622 -0.523061 
2459615.005750 -0.520675 
2459616.719878 -0.518213 
2459618.434006 -0.515676 
2459620.148134 -0.513065 
2459621.862262 -0.510379 
2459623.576389 -0.507618 
2459625.290517 -0.504783 
2459627.004645 -0.501873 
2459628.718773 -0.498888 
2459630.432901 -0.495827 
2459632.147029 -0.492691 
2459633.861157 -0.489479 
2459635.575285 -0.486110 
2459637.289413 -0.482743 
2459639.003541 -0.479297 
2459640.717669 -0.475773 
2459642.431797 -0.472169 
2459644.145925 -0.468486 
2459645.860053 -0.464721 
2459647.574180 -0.460874 
2459649.288308 -0.456945 
2459651.002436 -0.452932 
2459652.716564 -0.448834 
2459654.430692 -0.444649 
2459656.144820 -0.440377 
2459657.858948 -0.436017 
2459659.573076 -0.431566 
2459661.287204 -0.427024 
2459663.001332 -0.422388 
2459664.715460 -0.417658 
2459666.429588 -0.412831 
2459668.143716 -0.407905 
2459669.857844 -0.402880 
2459671.571971 -0.397752 
2459673.286099 -0.392519 
2459675.000227 -0.387180 
2459676.714355 -0.381731 
2459678.428483 -0.376171 
2459680.142611 -0.370497 
2459681.856739 -0.364706 
2459683.570867 -0.358796 
2459685.284995 -0.352763 
2459686.999123 -0.346604 
2459688.713251 -0.340316 
2459690.427379 -0.333896 
2459692.141507 -0.327339 
2459693.855635 -0.320643 
2459695.569762 -0.313803 
2459697.283890 -0.306815 
2459698.998018 -0.299674 
2459700.712146 -0.292377 
2459702.426274 -0.284918 
2459704.140402 -0.277292 
2459705.854530 -0.269493 
2459707.568658 -0.261517 
2459709.282786 -0.253358 
2459710.996914 -0.245008 
2459712.711042 -0.236462 
2459714.425170 -0.227713 
2459716.139298 -0.218753 
2459717.853426 -0.209575 
2459719.567553 -0.200170 
2459721.281681 -0.190531 
2459722.995809 -0.180648 
2459724.709937 -0.170511 
2459726.424065 -0.160111 
2459728.138193 -0.149437 
2459729.852321 -0.138477 
2459731.566449 -0.127220 
2459733.280577 -0.115652 
2459734.994705 -0.103760 
2459736.708833 -0.091530 
2459738.422961 -0.078946 
2459740.137089 -0.065992 
2459741.851217 -0.052651 
2459743.565344 -0.038903 
2459745.279472 -0.024730 
2459746.993600 -0.010109 
2459748.707728 0.004982 
2459750.421856 0.020568 
2459752.135984 0.036674 
2459753.850112 0.053329 
2459755.564240 0.070564 
2459757.278368 0.088411 
2459758.992496 0.106905 
2459760.706624 0.126084 
2459762.420752 0.145991 
2459764.134880 0.166668 
2459765.849008 0.188166 
2459767.563135 0.210536 
2459769.277263 0.233837 
2459770.991391 0.258130 
2459772.705519 0.283484 
2459774.419647 0.309974 
2459776.133775 0.337682 
2459777.847903 0.366698 
2459779.562031 0.397121 
2459781.276159 0.429059 
2459782.990287 0.462634 
2459784.704415 0.497978 
2459786.418543 0.535238 
2459788.132671 0.574578 
2459789.846799 0.616179 
2459791.560926 0.660242 
2459793.275054 0.706990 
2459794.989182 0.756673 
2459796.703310 0.809567 
2459798.417438 0.865978 
2459800.131566 0.926246 
2459801.845694 0.990742 
2459803.559822 1.059875 
2459805.273950 1.134081 
2459806.988078 1.213824 
2459808.702206 1.299575 
2459810.416334 1.391790 
2459812.130462 1.490863 
2459813.844590 1.597051 
2459815.558717 1.710355 
2459817.272845 1.830336 
2459818.986973 1.955840 
2459820.701101 2.084614 
2459822.415229 2.212812 
2459824.129357 2.334452 
2459825.843485 2.441027 
2459827.557613 2.521651 
2459829.271741 2.564270 
2459830.985869 2.558290 
2459832.699997 2.497685 
2459834.414125 2.384699 
2459836.128253 2.227836 
2459837.842381 2.041135 
2459839.556508 1.839683 
2459841.270636 1.636308 
2459842.984764 1.440128 
2459844.698892 1.256608 
2459846.413020 1.088351 
2459848.127148 0.936032 
2459849.841276 0.799167 
2459851.555404 0.676665 
2459853.269532 0.567178 
2459854.983660 0.469307 
2459856.697788 0.381710 
2459858.411916 0.303159 
2459860.126044 0.232555 
2459861.840172 0.168932 
2459863.554299 0.111448 
2459865.268427 0.059370 
2459866.982555 0.012066 
2459868.696683 -0.031012 
2459870.410811 -0.070338 
2459872.124939 -0.106323 
2459873.839067 -0.139324 
2459875.553195 -0.169653 
2459877.267323 -0.197581 
2459878.981451 -0.223345 
2459880.695579 -0.247154 
2459882.409707 -0.269193 
2459884.123835 -0.289622 
2459885.837963 -0.308587 
2459887.552090 -0.326214 
2459889.266218 -0.342617 
2459890.980346 -0.357897 
2459892.694474 -0.372145 
2459894.408602 -0.385442 
2459896.122730 -0.397862 
2459897.836858 -0.409470 
2459899.550986 -0.420326 
2459901.265114 -0.430484 
2459902.979242 -0.439992 
2459904.693370 -0.448895 
2459906.407498 -0.457234 
2459908.121626 -0.465046 
2459909.835754 -0.472363 
2459911.549881 -0.479217 
2459913.264009 -0.485636 
2459914.978137 -0.491647 
2459916.692265 -0.497272 
2459918.406393 -0.502535 
2459920.120521 -0.507455 
2459921.834649 -0.512051 
2459923.548777 -0.516341 
2459925.262905 -0.520340 
2459926.977033 -0.524063 
2459928.691161 -0.527524 
2459930.405289 -0.530736 
2459932.119417 -0.533711 
2459933.833545 -0.536460 
2459935.547672 -0.538993 
2459937.261800 -0.541320 
2459938.975928 -0.543449 
2459940.690056 -0.545390 
2459942.404184 -0.547150 
2459944.118312 -0.548736 
2459945.832440 -0.550155 
2459947.546568 -0.551414 
2459949.260696 -0.552518 
2459950.974824 -0.553474 
2459952.688952 -0.554286 
2459954.403080 -0.554960 
2459956.117208 -0.555500 
2459957.831336 -0.555910 
2459959.545463 -0.556195 
2459961.259591 -0.556358 
2459962.973719 -0.556403 
2459964.687847 -0.556334 
2459966.401975 -0.556153 
2459968.116103 -0.555864 
2459969.830231 -0.555470 
2459971.544359 -0.554972 
2459973.258487 -0.554374 
2459974.972615 -0.553677 
2459976.686743 -0.552885 
2459978.400871 -0.551998 
2459980.114999 -0.551019 
2459981.829127 -0.549950 
2459983.543254 -0.548793 
2459985.257382 -0.547548 
2459986.971510 -0.546217 
2459988.685638 -0.544802 
2459990.399766 -0.543303 
2459992.113894 -0.541723 
2459993.828022 -0.540061 
2459995.542150 -0.538319 
2459997.256278 -0.536498 
2459998.970406 -0.534599 
2460000.684534 -0.532621 
2460002.398662 -0.530567 
2460004.112790 -0.528436 
2460005.826918 -0.526229 
2460007.541045 -0.523946 
2460009.255173 -0.521588 
2460010.969301 -0.519154 
2460012.683429 -0.516646 
2460014.397557 -0.514063 
2460016.111685 -0.511405 
2460017.825813 -0.508673 
2460019.539941 -0.505866 
2460021.254069 -0.502984 
2460022.968197 -0.500028 
2460024.682325 -0.496996 
2460026.396453 -0.493888 
2460028.110581 -0.490705 
2460029.824709 -0.487446 
2460031.538836 -0.484028 
2460033.252964 -0.480612 
2460034.967092 -0.477117 
2460036.681220 -0.473544 
2460038.395348 -0.469891 
2460040.109476 -0.466157 
2460041.823604 -0.462341 
2460043.537732 -0.458443 
2460045.251860 -0.454462 
2460046.965988 -0.450396 
2460048.680116 -0.446245 
2460050.394244 -0.442006 
2460052.108372 -0.437679 
2460053.822500 -0.433263 
2460055.536627 -0.428755 
2460057.250755 -0.424155 
2460058.964883 -0.419461 
2460060.679011 -0.414671 
2460062.393139 -0.409783 
2460064.107267 -0.404796 
2460065.821395 -0.399706 
2460067.535523 -0.394514 
2460069.249651 -0.389215 
2460070.963779 -0.383808 
2460072.677907 -0.378291 
2460074.392035 -0.372660 
2460076.106163 -0.366914 
2460077.820291 -0.361049 
2460079.534418 -0.355063 
2460081.248546 -0.348952 
2460082.962674 -0.342714 
2460084.676802 -0.336344 
2460086.390930 -0.329839 
2460088.105058 -0.323196 
2460089.819186 -0.316411 
2460091.533314 -0.309480 
2460093.247442 -0.302398 
2460094.961570 -0.295160 
2460096.675698 -0.287763 
2460098.389826 -0.280201 
2460100.103954 -0.272468 
2460101.818082 -0.264560 
2460103.532209 -0.256471 
2460105.246337 -0.248194 
2460106.960465 -0.239723 
2460108.674593 -0.231052 
2460110.388721 -0.222173 
2460112.102849 -0.213078 
2460113.816977 -0.203760 
2460115.531105 -0.194211 
2460117.245233 -0.184422 
2460118.959361 -0.174382 
2460120.673489 -0.164083 
2460122.387617 -0.153514 
2460124.101745 -0.142664 
2460125.815873 -0.131520 
2460127.530000 -0.120072 
2460129.244128 -0.108304 
2460130.958256 -0.096204 
2460132.672384 -0.083756 
2460134.386512 -0.070944 
2460136.100640 -0.057752 
2460137.814768 -0.044160 
2460139.528896 -0.030151 
2460141.243024 -0.015702 
2460142.957152 -0.000792 
2460144.671280 0.014603 
2460146.385408 0.030509 
2460148.099536 0.046953 
2460149.813663 0.063965 
2460151.527791 0.081575 
2460153.241919 0.099820 
2460154.956047 0.118735 
2460156.670175 0.138361 
2460158.384303 0.158741 
2460160.098431 0.179922 
2460161.812559 0.201955 
2460163.526687 0.224896 
2460165.240815 0.248806 
2460166.954943 0.273749 
2460168.669071 0.299800 
2460170.383199 0.327036 
2460172.097327 0.355546 
2460173.811454 0.385423 
2460175.525582 0.416774 
2460177.239710 0.449714 
2460178.953838 0.484371 
2460180.667966 0.520887 
2460182.382094 0.559418 
2460184.096222 0.600140 
2460185.810350 0.643245 
2460187.524478 0.688948 
2460189.238606 0.737489 
2460190.952734 0.789132 
2460192.666862 0.844172 
2460194.380990 0.902937 
2460196.095118 0.965785 
2460197.809245 1.033111 
2460199.523373 1.105342 
2460201.237501 1.182932 
2460202.951629 1.266352 
2460204.665757 1.356067 
2460206.379885 1.452502 
2460208.094013 1.555977 
2460209.808141 1.666608 
2460211.522269 1.784149 
2460213.236397 1.907757 
2460214.950525 2.035647 
2460216.664653 2.164640 
2460218.378781 2.289624 
2460220.092909 2.403071 
2460221.807036 2.494925 
2460223.521164 2.553341 
2460225.235292 2.566779 
2460226.949420 2.527347 
2460228.663548 2.433298 
2460230.377676 2.291600 
2460232.091804 2.114395 
2460233.805932 1.916848 
2460235.520060 1.712917 
2460237.234188 1.513184 
2460238.948316 1.324427 
2460240.662444 1.150223 
2460242.376572 0.991875 
2460244.090700 0.849260 
2460245.804827 0.721467 
2460247.518955 0.607215 
2460249.233083 0.505106 
2460250.947211 0.413768 
2460252.661339 0.331926 
2460254.375467 0.258433 
2460256.089595 0.192271 
2460257.803723 0.132552 
2460259.517851 0.078506 
2460261.231979 0.029462 
2460262.946107 -0.015158 
2460264.660235 -0.055853 
2460266.374363 -0.093059 
2460268.088491 -0.127152 
2460269.802618 -0.158460 
2460271.516746 -0.187267 
2460273.230874 -0.213825 
2460274.945002 -0.238352 
2460276.659130 -0.261041 
2460278.373258 -0.282062 
2460280.087386 -0.301566 
2460281.801514 -0.319686 
2460283.515642 -0.336540 
2460285.229770 -0.352234 
2460286.943898 -0.366863 
2460288.658026 -0.380512 
2460290.372154 -0.393256 
2460292.086282 -0.405164 
2460293.800409 -0.416298 
2460295.514537 -0.426715 
2460297.228665 -0.436463 
2460298.942793 -0.445591 
2460300.656921 -0.454139 
2460302.371049 -0.462146 
2460304.085177 -0.469647 
2460305.799305 -0.476673 
2460307.513433 -0.483254 
2460309.227561 -0.489416 
2460310.941689 -0.495185 
2460312.655817 -0.500583 
2460314.369945 -0.505630 
2460316.084073 -0.510347 
2460317.798200 -0.514751 
2460319.512328 -0.518858 
2460321.226456 -0.522684 
2460322.940584 -0.526243 
2460324.654712 -0.529548 
2460326.368840 -0.532611 
2460328.082968 -0.535445 
2460329.797096 -0.538058 
2460331.511224 -0.540462 
2460333.225352 -0.542665 
2460334.939480 -0.544677 
2460336.653608 -0.546504 
2460338.367736 -0.548155 
2460340.081864 -0.549637 
2460341.795991 -0.550956 
2460343.510119 -0.552118 
2460345.224247 -0.553129 
2460346.938375 -0.553995 
2460348.652503 -0.554721 
2460350.366631 -0.555311 
2460352.080759 -0.555770 
2460353.794887 -0.556101 
2460355.509015 -0.556310 
2460357.223143 -0.556400 
2460358.937271 -0.556374 
2460360.651399 -0.556235 
2460362.365527 -0.555986 
2460364.079655 -0.555631 
2460365.793782 -0.555172 
2460367.507910 -0.554612 
2460369.222038 -0.553952 
2460370.936166 -0.553196 
2460372.650294 -0.552345 
2460374.364422 -0.551401 
2460376.078550 -0.550366 
2460377.792678 -0.549242 
2460379.506806 -0.548029 
2460381.220934 -0.546731 
2460382.935062 -0.545348 
2460384.649190 -0.543881 
2460386.363318 -0.542331 
2460388.077446 -0.540700 
2460389.791573 -0.538988 
2460391.505701 -0.537197 
2460393.219829 -0.535327 
2460394.933957 -0.533380 
2460396.648085 -0.531354 
2460398.362213 -0.529252 
2460400.076341 -0.527074 
2460401.790469 -0.524820 
2460403.504597 -0.522490 
2460405.218725 -0.520085 
2460406.932853 -0.517605 
2460408.646981 -0.515050 
2460410.361109 -0.512421 
2460412.075237 -0.509717 
2460413.789364 -0.506938 
2460415.503492 -0.504085 
2460417.217620 -0.501157 
2460418.931748 -0.498153 
2460420.645876 -0.495074 
2460422.360004 -0.491920 
2460424.074132 -0.488689 
2460425.788260 -0.485301 
2460427.502388 -0.481915 
2460429.216516 -0.478450 
2460430.930644 -0.474907 
2460432.644772 -0.471284 
2460434.358900 -0.467581 
2460436.073028 -0.463796 
2460437.787155 -0.459930 
2460439.501283 -0.455980 
2460441.215411 -0.451947 
2460442.929539 -0.447828 
2460444.643667 -0.443622 
2460446.357795 -0.439329 
2460448.071923 -0.434947 
2460449.786051 -0.430474 
2460451.500179 -0.425909 
2460453.214307 -0.421251 
2460454.928435 -0.416497 
2460456.642563 -0.411646 
2460458.356691 -0.406697 
2460460.070819 -0.401647 
2460461.784946 -0.396493 
2460463.499074 -0.391235 
2460465.213202 -0.385870 
2460466.927330 -0.380394 
2460468.641458 -0.374807 
2460470.355586 -0.369105 
2460472.069714 -0.363285 
2460473.783842 -0.357345 
2460475.497970 -0.351282 
2460477.212098 -0.345092 
2460478.926226 -0.338773 
2460480.640354 -0.332320 
2460482.354482 -0.325730 
2460484.068610 -0.318999 
2460485.782737 -0.312123 
2460487.496865 -0.305099 
2460489.210993 -0.297921 
2460490.925121 -0.290584 
2460492.639249 -0.283085 
2460494.353377 -0.275418 
2460496.067505 -0.267577 
2460497.781633 -0.259557 
2460499.495761 -0.251352 
2460501.209889 -0.242956 
2460502.924017 -0.234361 
2460504.638145 -0.225561 
2460506.352273 -0.216549 
2460508.066401 -0.207317 
2460509.780528 -0.197857 
2460511.494656 -0.188159 
2460513.208784 -0.178216 
2460514.922912 -0.168016 
2460516.637040 -0.157550 
2460518.351168 -0.146808 
2460520.065296 -0.135777 
2460521.779424 -0.124446 
2460523.493552 -0.112801 
2460525.207680 -0.100828 
2460526.921808 -0.088514 
2460528.635936 -0.075842 
2460530.350064 -0.062796 
2460532.064192 -0.049358 
2460533.778319 -0.035509 
2460535.492447 -0.021229 
2460537.206575 -0.006496 
2460538.920703 0.008712 
2460540.634831 0.024422 
2460542.348959 0.040658 
2460544.063087 0.057451 
2460545.777215 0.074831 
2460547.491343 0.092831 
2460549.205471 0.111488 
2460550.919599 0.130839 
2460552.633727 0.150928 
2460554.347855 0.171800 
2460556.061983 0.193504 
2460557.776110 0.216095 
2460559.490238 0.239630 
2460561.204366 0.264173 
2460562.918494 0.289796 
2460564.632622 0.316573 
2460566.346750 0.344589 
2460568.060878 0.373936 
2460569.775006 0.404716 
2460571.489134 0.437040 
2460573.203262 0.471030 
2460574.917390 0.506824 
2460576.631518 0.544573 
2460578.345646 0.584443 
2460580.059774 0.626621 
2460581.773901 0.671313 
2460583.488029 0.718749 
2460585.202157 0.769184 
2460586.916285 0.822900 
2460588.630413 0.880214 
2460590.344541 0.941470 
2460592.058669 1.007052 
2460593.772797 1.077372 
2460595.486925 1.152877 
2460597.201053 1.234032 
2460598.915181 1.321309 
2460600.629309 1.415153 
2460602.343437 1.515934 
2460604.057565 1.623859 
2460605.771692 1.738843 
2460607.485820 1.860303 
2460609.199948 1.986858 
2460610.914076 2.115918 
2460612.628204 2.243168 
2460614.342332 2.362037 
2460616.056460 2.463398 
2460617.770588 2.535919 
2460619.484716 2.567605 
2460621.198844 2.548746 
2460622.912972 2.474932 
2460624.627100 2.350241 
2460626.341228 2.184750 
2460628.055356 1.993134 
2460629.769483 1.790169 
2460631.483611 1.587848 
2460633.197739 1.394358 
2460634.911867 1.214386 
2460636.625995 1.049984 
2460638.340123 0.901485 
2460640.054251 0.768214 
2460641.768379 0.648994 
2460643.482507 0.542449 
2460645.196635 0.447187 
2460646.910763 0.361890 
2460648.624891 0.285361 
2460650.339019 0.216532 
2460652.053147 0.154470 
2460653.767274 0.098358 
2460655.481402 0.047492 
2460657.195530 0.001259 
2460658.909658 -0.040869 
2460660.623786 -0.079350 
2460662.337914 -0.114581 
2460664.052042 -0.146908 
2460665.766170 -0.176631 
2460667.480298 -0.204014 
2460669.194426 -0.229286 
2460670.908554 -0.252650 
2460672.622682 -0.274285 
2460674.336810 -0.294347 
2460676.050938 -0.312976 
2460677.765065 -0.330297 
2460679.479193 -0.346419 
2460681.193321 -0.361441 
2460682.907449 -0.375451 
2460684.621577 -0.388530 
2460686.335705 -0.400747 
2460688.049833 -0.412167 
2460689.763961 -0.422850 
2460691.478089 -0.432846 
2460693.192217 -0.442203 
2460694.906345 -0.450966 
2460696.620473 -0.459174 
2460698.334601 -0.466863 
2460700.048729 -0.474065 
2460701.762856 -0.480811 
2460703.476984 -0.487129 
2460705.191112 -0.493044 
2460706.905240 -0.498580 
2460708.619368 -0.503758 
2460710.333496 -0.508598 
2460712.047624 -0.513118 
2460713.761752 -0.517336 
2460715.475880 -0.521267 
2460717.190008 -0.524925 
2460718.904136 -0.528325 
2460720.618264 -0.531478 
2460722.332392 -0.534398 
2460724.046520 -0.537093 
2460725.760647 -0.539575 
2460727.474775 -0.541854 
2460729.188903 -0.543937 
2460730.903031 -0.545833 
2460732.617159 -0.547550 
2460734.331287 -0.549095 
2460736.045415 -0.550475 
2460737.759543 -0.551696 
2460739.473671 -0.552763 
2460741.187799 -0.553684 
2460742.901927 -0.554462 
2460744.616055 -0.555103 
2460746.330183 -0.555611 
2460748.044311 -0.555990 
2460749.758438 -0.556245 
2460751.472566 -0.556380 
2460753.186694 -0.556397 
2460754.900822 -0.556301 
2460756.614950 -0.556093 
2460758.329078 -0.555778 
2460760.043206 -0.555358 
2460761.757334 -0.554836 
2460763.471462 -0.554214 
2460765.185590 -0.553494 
2460766.899718 -0.552678 
2460768.613846 -0.551769 
2460770.327974 -0.550769 
2460772.042102 -0.549678 
2460773.756229 -0.548499 
2460775.470357 -0.547233 
2460777.184485 -0.545882 
2460778.898613 -0.544446 
2460780.612741 -0.542928 
2460782.326869 -0.541327 
2460784.040997 -0.539646 
2460785.755125 -0.537885 
2460787.469253 -0.536045 
2460789.183381 -0.534127 
2460790.897509 -0.532131 
2460792.611637 -0.530058 
2460794.325765 -0.527908 
2460796.039893 -0.525683 
2460797.754020 -0.523381 
2460799.468148 -0.521005 
2460801.182276 -0.518553 
2460802.896404 -0.516027 
2460804.610532 -0.513426 
2460806.324660 -0.510750 
2460808.038788 -0.508000 
2460809.752916 -0.505175 
2460811.467044 -0.502275 
2460813.181172 -0.499300 
2460814.895300 -0.496250 
2460816.609428 -0.493124 
2460818.323556 -0.489922 
2460820.037684 -0.486564 
2460821.751811 -0.483207 
2460823.465939 -0.479772 
2460825.180067 -0.476259 
2460826.894195 -0.472666 
2460828.608323 -0.468993 
2460830.322451 -0.465240 
2460832.036579 -0.461404 
2460833.750707 -0.457486 
2460835.464835 -0.453485 
2460837.178963 -0.449398 
2460838.893091 -0.445226 
2460840.607219 -0.440966 
2460842.321347 -0.436617 
2460844.035475 -0.432179 
2460845.749602 -0.427649 
2460847.463730 -0.423027 
2460849.177858 -0.418309 
2460850.891986 -0.413496 
2460852.606114 -0.408584 
2460854.320242 -0.403572 
2460856.034370 -0.398458 
2460857.748498 -0.393240 
2460859.462626 -0.387915 
2460861.176754 -0.382482 
2460862.890882 -0.376937 
2460864.605010 -0.371279 
2460866.319138 -0.365504 
2460868.033266 -0.359610 
2460869.747393 -0.353594 
2460871.461521 -0.347452 
2460873.175649 -0.341182 
2460874.889777 -0.334780 
2460876.603905 -0.328243 
2460878.318033 -0.321566 
2460880.032161 -0.314745 
2460881.746289 -0.307778 
2460883.460417 -0.300658 
2460885.174545 -0.293383 
2460886.888673 -0.285946 
2460888.602801 -0.278343 
2460890.316929 -0.270568 
2460892.031057 -0.262617 
2460893.745184 -0.254483 
2460895.459312 -0.246160 
2460897.173440 -0.237641 
2460898.887568 -0.228920 
2460900.601696 -0.219989 
2460902.315824 -0.210841 
2460904.029952 -0.201468 
2460905.744080 -0.191862 
2460907.458208 -0.182012 
2460909.172336 -0.171911 
2460910.886464 -0.161547 
2460912.600592 -0.150911 
2460914.314720 -0.139991 
2460916.028848 -0.128775 
2460917.742975 -0.117250 
2460919.457103 -0.105403 
2460921.171231 -0.093220 
2460922.885359 -0.080686 
2460924.599487 -0.067783 
2460926.313615 -0.054496 
2460928.027743 -0.040805 
2460929.741871 -0.026691 
2460931.455999 -0.012132 
2460933.170127 0.002893 
2460934.884255 0.018410 
2460936.598383 0.034443 
2460938.312511 0.051022 
2460940.026639 0.068175 
2460941.740766 0.085937 
2460943.454894 0.104340 
2460945.169022 0.123424 
2460946.883150 0.143228 
2460948.597278 0.163798 
2460950.311406 0.185181 
2460952.025534 0.207428 
2460953.739662 0.230598 
2460955.453790 0.254752 
2460957.167918 0.279957 
2460958.882046 0.306287 
2460960.596174 0.333824 
2460962.310302 0.362656 
2460964.024430 0.392880 
2460965.738557 0.424605 
2460967.452685 0.457948 
2460969.166813 0.493042 
2460970.880941 0.530032 
2460972.595069 0.569078 
2460974.309197 0.610358 
2460976.023325 0.654072 
2460977.737453 0.700440 
2460979.451581 0.749706 
2460981.165709 0.802145 
2460982.879837 0.858056 
2460984.593965 0.917776 
2460986.308093 0.981672 
2460988.022221 1.050146 
2460989.736348 1.123633 
2460991.450476 1.202592 
2460993.164604 1.287495 
2460994.878732 1.378802 
2460996.592860 1.476919 
2460998.306988 1.582128 
2461000.021116 1.694474 
2461001.735244 1.813592 
2461003.449372 1.938446 
2461005.163500 2.066959 
2461006.877628 2.195535 
2461008.591756 2.318514 
2461010.305884 2.427741 
2461012.020012 2.512614 
2461013.734139 2.561115 
2461015.448267 2.562249 
2461017.162395 2.509553 
2461018.876523 2.402982 
2461020.590651 2.251356 
2461022.304779 2.067821 
2461024.018907 1.867553 
2461025.733035 1.663816 
2461027.447163 1.466257 
2461029.161291 1.280800 
2461030.875419 1.110386 
2461032.589547 0.955900 
2461034.303675 0.816979 
2461036.017803 0.692593 
2461037.731930 0.581412 
2461039.446058 0.482036 
2461041.160186 0.393111 
2461042.874314 0.313393 
2461044.588442 0.241764 
2461046.302570 0.177240 
2461048.016698 0.118963 
2461049.730826 0.066186 
2461051.444954 0.018264 
2461053.159082 -0.025361 
2461054.873210 -0.065174 
2461056.587338 -0.101593 
2461058.301466 -0.134982 
2461060.015594 -0.165659 
2461061.729721 -0.193900 
2461063.443849 -0.219947 
2461065.157977 -0.244012 
2461066.872105 -0.266282 
2461068.586233 -0.286922 
2461070.300361 -0.306079 
2461072.014489 -0.323882 
2461073.728617 -0.340445 
2461075.442745 -0.355873 
2461077.156873 -0.370257 
2461078.871001 -0.383680 
2461080.585129 -0.396215 
2461082.299257 -0.407931 
2461084.013385 -0.418886 
2461085.727512 -0.429136 
2461087.441640 -0.438730 
2461089.155768 -0.447714 
2461090.869896 -0.456128 
2461092.584024 -0.464009 
2461094.298152 -0.471392 
2461096.012280 -0.478307 
2461097.726408 -0.484784 
2461099.440536 -0.490849 
2461101.154664 -0.496526 
2461102.868792 -0.501837 
2461104.582920 -0.506803 
2461106.297048 -0.511442 
2461108.011176 -0.515773 
2461109.725303 -0.519810 
2461111.439431 -0.523570 
2461113.153559 -0.527067 
2461114.867687 -0.530312 
2461116.581815 -0.533319 
2461118.295943 -0.536098 
2461120.010071 -0.538660 
2461121.724199 -0.541014 
2461123.438327 -0.543170 
2461125.152455 -0.545136 
2461126.866583 -0.546920 
2461128.580711 -0.548529 
2461130.294839 -0.549971 
2461132.008967 -0.551251 
2461133.723094 -0.552377 
2461135.437222 -0.553352 
2461137.151350 -0.554184 
2461138.865478 -0.554876 
2461140.579606 -0.555434 
2461142.293734 -0.555862 
2461144.007862 -0.556163 
2461145.721990 -0.556343 
2461147.436118 -0.556404 
2461149.150246 -0.556350 
2461150.864374 -0.556185 
2461152.578502 -0.555910 
2461154.292630 -0.555530 
2461156.006758 -0.555046 
2461157.720885 -0.554461 
2461159.435013 -0.553778 
2461161.149141 -0.552998 
2461162.863269 -0.552125 
2461164.577397 -0.551158 
2461166.291525 -0.550102 
2461168.005653 -0.548956 
2461169.719781 -0.547723 
2461171.433909 -0.546404 
2461173.148037 -0.545000 
2461174.862165 -0.543513 
2461176.576293 -0.541943 
2461178.290421 -0.540293 
2461180.004549 -0.538562 
2461181.718676 -0.536751 
2461183.432804 -0.534863 
2461185.146932 -0.532896 
2461186.861060 -0.530852 
2461188.575188 -0.528731 
2461190.289316 -0.526535 
2461192.003444 -0.524262 
2461193.717572 -0.521914 
2461195.431700 -0.519491 
2461197.145828 -0.516993 
2461198.859956 -0.514420 
2461200.574084 -0.511773 
2461202.288212 -0.509051 
2461204.002340 -0.506254 
2461205.716467 -0.503382 
2461207.430595 -0.500436 
2461209.144723 -0.497414 
2461210.858851 -0.494317 
2461212.572979 -0.491144 
2461214.287107 -0.487895 
2461216.001235 -0.484488 
2461217.715363 -0.481083 
2461219.429491 -0.477599 
2461221.143619 -0.474036 
2461222.857747 -0.470394 
2461224.571875 -0.466671 
2461226.286003 -0.462867 
2461228.000131 -0.458981 
2461229.714258 -0.455011 
2461231.428386 -0.450956 
2461233.142514 -0.446817 
2461234.856642 -0.442590 
2461236.570770 -0.438275 
2461238.284898 -0.433871 
2461239.999026 -0.429376 
2461241.713154 -0.424789 
2461243.427282 -0.420108 
2461245.141410 -0.415331 
2461246.855538 -0.410456 
2461248.569666 -0.405482 
2461250.283794 -0.400407 
2461251.997922 -0.395229 
2461253.712049 -0.389945 
2461255.426177 -0.384553 
2461257.140305 -0.379051 
2461258.854433 -0.373436 
2461260.568561 -0.367706 
2461262.282689 -0.361857 
2461263.996817 -0.355888 
2461265.710945 -0.349794 
2461267.425073 -0.343573 
2461269.139201 -0.337221 
2461270.853329 -0.330736 
2461272.567457 -0.324112 
2461274.281585 -0.317346 
2461275.995713 -0.310435 
2461277.709840 -0.303374 
2461279.423968 -0.296158 
2461281.138096 -0.288782 
2461282.852224 -0.281243 
2461284.566352 -0.273534 
2461286.280480 -0.265651 
2461287.994608 -0.257586 
2461289.708736 -0.249336 
2461291.422864 -0.240892 
2461293.136992 -0.232248 
2461294.851120 -0.223398 
2461296.565248 -0.214333 
2461298.279376 -0.205046 
2461299.993504 -0.195529 
2461301.707631 -0.185773 
2461303.421759 -0.175768 
2461305.135887 -0.165505 
2461306.850015 -0.154973 
2461308.564143 -0.144162 
2461310.278271 -0.133060 
2461311.992399 -0.121653 
2461313.706527 -0.109930 
2461315.420655 -0.097876 
2461317.134783 -0.085477 
2461318.848911 -0.072716 
2461320.563039 -0.059576 
2461322.277167 -0.046040 
2461323.991295 -0.032089 
2461325.705422 -0.017701 
2461327.419550 -0.002856 
2461329.133678 0.012472 
2461330.847806 0.028306 
2461332.561934 0.044675 
2461334.276062 0.061607 
2461335.990190 0.079134 
2461337.704318 0.097290 
2461339.418446 0.116111 
2461341.132574 0.135638 
2461342.846702 0.155912 
2461344.560830 0.176981 
2461346.274958 0.198895 
2461347.989086 0.221708 
2461349.703213 0.245482 
2461351.417341 0.270280 
2461353.131469 0.296175 
2461354.845597 0.323244 
2461356.559725 0.351574 
2461358.273853 0.381259 
2461359.987981 0.412402 
2461361.702109 0.445118 
2461363.416237 0.479532 
2461365.130365 0.515786 
2461366.844493 0.554032 
2461368.558621 0.594444 
2461370.272749 0.637211 
2461371.986877 0.682546 
2461373.701004 0.730684 
2461375.415132 0.781887 
2461377.129260 0.836445 
2461378.843388 0.894681 
2461380.557516 0.956949 
2461382.271644 1.023639 
2461383.985772 1.095174 
2461385.699900 1.172005 
2461387.414028 1.254600 
2461389.128156 1.343429 
2461390.842284 1.438925 
2461392.556412 1.541426 
2461394.270540 1.651084 
2461395.984668 1.767716 
2461397.698795 1.890575 
2461399.412923 2.018031 
2461401.127051 2.147126 
2461402.841179 2.273043 
2461404.555307 2.388605 
2461406.269435 2.484080 
2461407.983563 2.547779 
2461409.697691 2.567945 
2461411.411819 2.535968 
2461413.125947 2.449134 
2461414.840075 2.313367 
2461416.554203 2.140130 
2461418.268331 1.944480 
2461419.982459 1.740710 
2461421.696586 1.539923 
2461423.410714 1.349394 
2461425.124842 1.173086 
2461426.838970 1.012556 
2461428.553098 0.867834 
2461430.267226 0.738087 
2461431.981354 0.622068 
2461433.695482 0.518383 
2461435.409610 0.425652 
2461437.123738 0.342585 
2461438.837866 0.268014 
2461440.551994 0.200906 
2461442.266122 0.140356 
2461443.980250 0.085576 
2461445.694377 0.035885 
2461447.408505 -0.009307 
2461449.122633 -0.050511 
2461450.836761 -0.088171 
2461452.550889 -0.122668 
2461454.265017 -0.154338 
2461455.979145 -0.183472 
2461457.693273 -0.210323 
2461459.407401 -0.235115 
2461461.121529 -0.258045 
2461462.835657 -0.279285 
2461464.549785 -0.298987 
2461466.263913 -0.317289 
2461467.978041 -0.334309 
2461469.692168 -0.350156 
2461471.406296 -0.364925 
2461473.120424 -0.378703 
2461474.834552 -0.391566 
2461476.548680 -0.403585 
2461478.262808 -0.414821 
2461479.976936 -0.425333 
2461481.691064 -0.435170 
2461483.405192 -0.444380 
2461485.119320 -0.453005 
2461486.833448 -0.461083 
2461488.547576 -0.468651 
2461490.261704 -0.475740 
2461491.975832 -0.482380 
2461493.689959 -0.488599 
2461495.404087 -0.494420 
2461497.118215 -0.499867 
2461498.832343 -0.504961 
2461500.546471 -0.509722 
2461502.260599 -0.514167 
2461503.974727 -0.518314 
2461505.688855 -0.522178 
2461507.402983 -0.525772 
2461509.117111 -0.529111 
2461510.831239 -0.532207 
2461512.545367 -0.535071 
2461514.259495 -0.537714 
2461515.973623 -0.540146 
2461517.687750 -0.542376 
2461519.401878 -0.544413 
2461521.116006 -0.546265 
2461522.830134 -0.547940 
2461524.544262 -0.549444 
2461526.258390 -0.550785 
2461527.972518 -0.551968 
2461529.686646 -0.553000 
2461531.400774 -0.553885 
2461533.114902 -0.554630 
2461534.829030 -0.555238 
2461536.543158 -0.555715 
2461538.257286 -0.556064 
2461539.971414 -0.556289 
2461541.685541 -0.556395 
2461543.399669 -0.556384 
2461545.113797 -0.556260 
2461546.827925 -0.556027 
2461548.542053 -0.555686 
2461550.256181 -0.555241 
2461551.970309 -0.554694 
2461553.684437 -0.554048 
2461555.398565 -0.553305 
2461557.112693 -0.552467 
2461558.826821 -0.551535 
2461560.540949 -0.550513 
2461562.255077 -0.549400 
2461563.969204 -0.548200 
2461565.683332 -0.546913 
2461567.397460 -0.545541 
2461569.111588 -0.544086 
2461570.825716 -0.542547 
2461572.539844 -0.540927 
2461574.253972 -0.539227 
2461575.968100 -0.537447 
2461577.682228 -0.535587 
2461579.396356 -0.533650 
2461581.110484 -0.531635 
2461582.824612 -0.529544 
2461584.538740 -0.527376 
2461586.252868 -0.525132 
2461587.966995 -0.522812 
2461589.681123 -0.520418 
2461591.395251 -0.517948 
2461593.109379 -0.515404 
2461594.823507 -0.512784 
2461596.537635 -0.510091 
2461598.251763 -0.507322 
2461599.965891 -0.504479 
2461601.680019 -0.501561 
2461603.394147 -0.498568 
2461605.108275 -0.495499 
2461606.822403 -0.492355 
2461608.536531 -0.489135 
2461610.250659 -0.485758 
2461611.964786 -0.482382 
2461613.678914 -0.478928 
2461615.393042 -0.475395 
2461617.107170 -0.471783 
2461618.821298 -0.468091 
2461620.535426 -0.464318 
2461622.249554 -0.460463 
2461623.963682 -0.456525 
2461625.677810 -0.452502 
2461627.391938 -0.448395 
2461629.106066 -0.444201 
2461630.820194 -0.439920 
2461632.534322 -0.435550 
2461634.248450 -0.431090 
2461635.962577 -0.426538 
2461637.676705 -0.421892 
2461639.390833 -0.417152 
2461641.104961 -0.412315 
2461642.819089 -0.407379 
2461644.533217 -0.402342 
2461646.247345 -0.397203 
2461647.961473 -0.391959 
2461649.675601 -0.386609 
2461651.389729 -0.381148 
2461653.103857 -0.375577 
2461654.817985 -0.369890 
2461656.532113 -0.364087 
2461658.246241 -0.358164 
2461659.960368 -0.352117 
2461661.674496 -0.345945 
2461663.388624 -0.339643 
2461665.102752 -0.333209 
2461666.816880 -0.326638 
2461668.531008 -0.319926 
2461670.245136 -0.313071 
2461671.959264 -0.306067 
2461673.673392 -0.298910 
2461675.387520 -0.291596 
2461677.101648 -0.284119 
2461678.815776 -0.276475 
2461680.529904 -0.268658 
2461682.244032 -0.260663 
2461683.958159 -0.252484 
2461685.672287 -0.244114 
2461687.386415 -0.235547 
2461689.100543 -0.226775 
2461690.814671 -0.217793 
2461692.528799 -0.208591 
2461694.242927 -0.199162 
2461695.957055 -0.189498 
2461697.671183 -0.179588 
2461699.385311 -0.169424 
2461701.099439 -0.158996 
2461702.813567 -0.148292 
2461704.527695 -0.137301 
2461706.241823 -0.126011 
2461707.955950 -0.114410 
2461709.670078 -0.102483 
2461711.384206 -0.090216 
2461713.098334 -0.077594 
2461714.812462 -0.064600 
2461716.526590 -0.051216 
2461718.240718 -0.037425 
2461719.954846 -0.023205 
2461721.668974 -0.008535 
2461723.383102 0.006607 
2461725.097230 0.022246 
2461726.811358 0.038409 
2461728.525486 0.055124 
2461730.239614 0.072422 
2461731.953741 0.090336 
2461733.667869 0.108900 
2461735.381997 0.128155 
2461737.096125 0.148140 
2461738.810253 0.168902 
2461740.524381 0.190490 
2461742.238509 0.212956 
2461743.952637 0.236358 
2461745.666765 0.260760 
2461747.380893 0.286231 
2461749.095021 0.312846 
2461750.809149 0.340688 
2461752.523277 0.369847 
2461754.237405 0.400425 
2461755.951532 0.432531 
2461757.665660 0.466286 
2461759.379788 0.501825 
2461761.093916 0.539298 
2461762.808044 0.578868 
2461764.522172 0.620719 
2461766.236300 0.665055 
2461767.950428 0.712101 
2461769.664556 0.762110 
2461771.378684 0.815361 
2461773.092812 0.872164 
2461774.806940 0.932860 
2461776.521068 0.997827 
2461778.235196 1.067475 
2461779.949323 1.142245 
2461781.663451 1.222601 
2461783.377579 1.309014 
2461785.091707 1.401938 
2461786.805835 1.501754 
2461788.519963 1.608701 
2461790.234091 1.722742 
2461791.948219 1.843377 
2461793.662347 1.969357 
2461795.376475 2.098285 
2461797.090603 2.226114 
2461798.804731 2.346608 
2461800.518859 2.450988 
2461802.232987 2.528164 
2461803.947114 2.566087 
2461805.661242 2.554522 
2461807.375370 2.488134 
2461809.089498 2.369968 
2461810.803626 2.209232 
2461812.517754 2.020276 
2461814.231882 1.818073 
2461815.946010 1.615096 
2461817.660138 1.420054 
2461819.374266 1.238066 
2461821.088394 1.071489 
2461822.802522 0.920841 
2461824.516650 0.785553 
2461826.230778 0.664494 
2461827.944905 0.556302 
2461829.659033 0.459579 
2461831.373161 0.372995 
2461833.087289 0.295334 
2461834.801417 0.225512 
2461836.515545 0.162576 
2461838.229673 0.105696 
2461839.943801 0.054151 
2461841.657929 0.007319 
2461843.372057 -0.035341 
2461845.086185 -0.074295 
2461846.800313 -0.109949 
2461848.514441 -0.142653 
2461850.228569 -0.172716 
2461851.942696 -0.200404 
2461853.656824 -0.225952 
2461855.370952 -0.249566 
2461857.085080 -0.271427 
2461858.799208 -0.291695 
2461860.513336 -0.310512 
2461862.227464 -0.328005 
2461863.941592 -0.344284 
2461865.655720 -0.359451 
2461867.369848 -0.373595 
2461869.083976 -0.386796 
2461870.798104 -0.399127 
2461872.512232 -0.410653 
2461874.226360 -0.421433 
2461875.940487 -0.431519 
2461877.654615 -0.440962 
2461879.368743 -0.449803 
2461881.082871 -0.458085 
2461882.796999 -0.465842 
2461884.511127 -0.473109 
2461886.225255 -0.479916 
2461887.939383 -0.486291 
2461889.653511 -0.492260 
2461891.367639 -0.497846 
2461893.081767 -0.503071 
2461894.795895 -0.507956 
2461896.510023 -0.512519 
2461898.224151 -0.516777 
2461899.938278 -0.520746 
2461901.652406 -0.524441 
2461903.366534 -0.527875 
2461905.080662 -0.531062 
2461906.794790 -0.534012 
2461908.508918 -0.536738 
2461910.223046 -0.539249 
2461911.937174 -0.541554 
2461913.651302 -0.543663 
2461915.365430 -0.545585 
2461917.079558 -0.547326 
2461918.793686 -0.548894 
2461920.507814 -0.550296 
2461922.221942 -0.551538 
2461923.936069 -0.552626 
2461925.650197 -0.553567 
2461927.364325 -0.554364 
2461929.078453 -0.555023 
2461930.792581 -0.555549 
2461932.506709 -0.555946 
2461934.220837 -0.556218 
2461935.934965 -0.556368 
2461937.649093 -0.556401 
2461939.363221 -0.556320 
2461941.077349 -0.556128 
2461942.791477 -0.555828 
2461944.505605 -0.555422 
2461946.219733 -0.554913 
2461947.933860 -0.554305 
2461949.647988 -0.553598 
2461951.362116 -0.552795 
2461953.076244 -0.551899 
2461954.790372 -0.550911 
2461956.504500 -0.549832 
2461958.218628 -0.548665 
2461959.932756 -0.547411 
2461961.646884 -0.546071 
2461963.361012 -0.544647 
2461965.075140 -0.543140 
2461966.789268 -0.541551 
2461968.503396 -0.539880 
2461970.217524 -0.538130 
2461971.931651 -0.536301 
2461973.645779 -0.534393 
2461975.359907 -0.532408 
2461977.074035 -0.530345 
2461978.788163 -0.528206 
2461980.502291 -0.525991 
2461982.216419 -0.523700 
2461983.930547 -0.521334 
2461985.644675 -0.518893 
2461987.358803 -0.516376 
2461989.072931 -0.513786 
2461990.787059 -0.511120 
2461992.501187 -0.508380 
2461994.215315 -0.505565 
2461995.929442 -0.502675 
2461997.643570 -0.499710 
2461999.357698 -0.496671 
2462001.071826 -0.493555 
2462002.785954 -0.490364 
2462004.500082 -0.487096 
2462006.214210 -0.483670 
2462007.928338 -0.480246 
2462009.642466 -0.476743 
2462011.356594 -0.473161 
2462013.070722 -0.469500 
2462014.784850 -0.465757 
2462016.498978 -0.461933 
2462018.213106 -0.458026 
2462019.927233 -0.454036 
2462021.641361 -0.449961 
2462023.355489 -0.445800 
2462025.069617 -0.441553 
2462026.783745 -0.437216 
2462028.497873 -0.432790 
2462030.212001 -0.428273 
2462031.926129 -0.423663 
2462033.640257 -0.418959 
2462035.354385 -0.414159 
2462037.068513 -0.409260 
2462038.782641 -0.404262 
2462040.496769 -0.399162 
2462042.210897 -0.393958 
2462043.925024 -0.388648 
2462045.639152 -0.383230 
2462047.353280 -0.377701 
2462049.067408 -0.372058 
2462050.781536 -0.366300 
2462052.495664 -0.360422 
2462054.209792 -0.354423 
2462055.923920 -0.348298 
2462057.638048 -0.342046 
2462059.352176 -0.335662 
2462061.066304 -0.329143 
2462062.780432 -0.322486 
2462064.494560 -0.315685 
2462066.208688 -0.308738 
2462067.922815 -0.301640 
2462069.636943 -0.294385 
2462071.351071 -0.286971 
2462073.065199 -0.279391 
2462074.779327 -0.271640 
2462076.493455 -0.263713 
2462078.207583 -0.255605 
2462079.921711 -0.247307 
2462081.635839 -0.238816 
2462083.349967 -0.230123 
2462085.064095 -0.221221 
2462086.778223 -0.212103 
2462088.492351 -0.202762 
2462090.206479 -0.193187 
2462091.920606 -0.183372 
2462093.634734 -0.173305 
2462095.348862 -0.162978 
2462097.062990 -0.152380 
2462098.777118 -0.141499 
2462100.491246 -0.130324 
2462102.205374 -0.118842 
2462103.919502 -0.107040 
2462105.633630 -0.094904 
2462107.347758 -0.082418 
2462109.061886 -0.069567 
2462110.776014 -0.056334 
2462112.490142 -0.042699 
2462114.204270 -0.028644 
2462115.918397 -0.014147 
2462117.632525 0.000813 
2462119.346653 0.016261 
2462121.060781 0.032222 
2462122.774909 0.048725 
2462124.489037 0.065798 
2462126.203165 0.083474 
2462127.917293 0.101788 
2462129.631421 0.120776 
2462131.345549 0.140480 
2462133.059677 0.160942 
2462134.773805 0.182211 
2462136.487933 0.204338 
2462138.202061 0.227378 
2462139.916188 0.251394 
2462141.630316 0.276451 
2462143.344444 0.302623 
2462145.058572 0.329990 
2462146.772700 0.358639 
2462148.486828 0.388667 
2462150.200956 0.420180 
2462151.915084 0.453295 
2462153.629212 0.488142 
2462155.343340 0.524864 
2462157.057468 0.563619 
2462158.771596 0.604583 
2462160.485724 0.647952 
2462162.199852 0.693943 
2462163.913979 0.742799 
2462165.628107 0.794787 
2462167.342235 0.850205 
2462169.056363 0.909384 
2462170.770491 0.972687 
2462172.484619 1.040511 
2462174.198747 1.113287 
2462175.912875 1.191471 
2462177.627003 1.275534 
2462179.341131 1.365942 
2462181.055259 1.463109 
2462182.769387 1.567340 
2462184.483515 1.678722 
2462186.197643 1.796958 
2462187.911770 1.921123 
2462189.625898 2.049309 
2462191.340026 2.178158 
2462193.054154 2.302323 
2462194.768282 2.414004 
2462196.482410 2.502898 
2462198.196538 2.557070 
2462199.910666 2.565192 
2462201.624794 2.519970 
2462203.338922 2.420408 
2462205.053050 2.274279 
2462206.767178 2.094199 
2462208.481306 1.895365 
2462210.195434 1.691445 
2462211.909561 1.492616 
2462213.623689 1.305276 
2462215.337817 1.132719 
2462217.051945 0.976059 
2462218.766073 0.835064 
2462220.480201 0.708767 
2462222.194329 0.595866 
2462223.908457 0.494959 
2462225.622585 0.404684 
2462227.336713 0.323777 
2462229.050841 0.251105 
2462230.764969 0.185664 
2462232.479097 0.126580 
2462234.193225 0.073093 
2462235.907352 0.024543 
2462237.621480 -0.019639 
2462239.335608 -0.059946 
2462241.049736 -0.096806 
2462242.763864 -0.130590 
2462244.477992 -0.161620 
2462246.192120 -0.190178 
2462247.906248 -0.216511 
2462249.620376 -0.240835 
2462251.334504 -0.263341 
2462253.048632 -0.284195 
2462254.762760 -0.303546 
2462256.476888 -0.321526 
2462258.191016 -0.338253 
2462259.905143 -0.353830 
2462261.619271 -0.368352 
2462263.333399 -0.381901 
2462265.047527 -0.394554 
2462266.761655 -0.406377 
2462268.475783 -0.417433 
2462270.189911 -0.427776 
2462271.904039 -0.437457 
2462273.618167 -0.446522 
2462275.332295 -0.455011 
2462277.046423 -0.462963 
2462278.760551 -0.470412 
2462280.474679 -0.477389 
2462282.188807 -0.483925 
2462283.902934 -0.490045 
2462285.617062 -0.495773 
2462287.331190 -0.501133 
2462289.045318 -0.506145 
2462290.759446 -0.510827 
2462292.473574 -0.515199 
2462294.187702 -0.519276 
2462295.901830 -0.523073 
2462297.615958 -0.526604 
2462299.330086 -0.529883 
2462301.044214 -0.532922 
2462302.758342 -0.535731 
2462304.472470 -0.538322 
2462306.186598 -0.540704 
2462307.900725 -0.542887 
2462309.614853 -0.544878 
2462311.328981 -0.546687 
2462313.043109 -0.548320 
2462314.757237 -0.549784 
2462316.471365 -0.551086 
2462318.185493 -0.552232 
2462319.899621 -0.553228 
2462321.613749 -0.554078 
2462323.327877 -0.554789 
2462325.042005 -0.555365 
2462326.756133 -0.555811 
2462328.470261 -0.556129 
2462330.184389 -0.556325 
2462331.898516 -0.556403 
2462333.612644 -0.556364 
2462335.326772 -0.556214 
2462337.040900 -0.555954 
2462338.755028 -0.555588 
2462340.469156 -0.555118 
2462342.183284 -0.554547 
2462343.897412 -0.553877 
2462345.611540 -0.553111 
2462347.325668 -0.552249 
2462349.039796 -0.551296 
2462350.753924 -0.550251 
2462352.468052 -0.549117 
2462354.182180 -0.547896 
2462355.896307 -0.546589 
2462357.610435 -0.545196 
2462359.324563 -0.543721 
2462361.038691 -0.542162 
2462362.752819 -0.540523 
2462364.466947 -0.538803 
2462366.181075 -0.537003 
2462367.895203 -0.535125 
2462369.609331 -0.533169 
2462371.323459 -0.531136 
2462373.037587 -0.529025 
2462374.751715 -0.526839 
2462376.465843 -0.524577 
2462378.179971 -0.522239 
2462379.894098 -0.519826 
2462381.608226 -0.517338 
2462383.322354 -0.514776 
2462385.036482 -0.512139 
2462386.750610 -0.509427 
2462388.464738 -0.506640 
2462390.178866 -0.503779 
2462391.892994 -0.500842 
2462393.607122 -0.497831 
2462395.321250 -0.494744 
2462397.035378 -0.491582 
2462398.749506 -0.488343 
2462400.463634 -0.484947 
2462402.177762 -0.481552 
2462403.891889 -0.478079 
2462405.606017 -0.474528 
2462407.320145 -0.470896 
2462409.034273 -0.467184 
2462410.748401 -0.463391 
2462412.462529 -0.459516 
2462414.176657 -0.455558 
2462415.890785 -0.451515 
2462417.604913 -0.447387 
2462419.319041 -0.443172 
2462421.033169 -0.438870 
2462422.747297 -0.434478 
2462424.461425 -0.429995 
2462426.175553 -0.425421 
2462427.889680 -0.420752 
2462429.603808 -0.415989 
2462431.317936 -0.411128 
2462433.032064 -0.406168 
2462434.746192 -0.401106 
2462436.460320 -0.395942 
2462438.174448 -0.390673 
2462439.888576 -0.385296 
2462441.602704 -0.379809 
2462443.316832 -0.374209 
2462445.030960 -0.368495 
2462446.745088 -0.362663 
2462448.459216 -0.356710 
2462450.173344 -0.350633 
2462451.887471 -0.344430 
2462453.601599 -0.338096 
2462455.315727 -0.331629 
2462457.029855 -0.325024 
2462458.743983 -0.318279 
2462460.458111 -0.311387 
2462462.172239 -0.304347 
2462463.886367 -0.297152 
2462465.600495 -0.289799 
2462467.314623 -0.282282 
2462469.028751 -0.274597 
2462470.742879 -0.266738 
2462472.457007 -0.258698 
2462474.171135 -0.250473 
2462475.885262 -0.242056 
2462477.599390 -0.233440 
2462479.313518 -0.224618 
2462481.027646 -0.215584 
2462482.741774 -0.206328 
2462484.455902 -0.196842 
2462486.170030 -0.187119 
2462487.884158 -0.177149 
2462489.598286 -0.166922 
2462491.312414 -0.156428 
2462493.026542 -0.145655 
2462494.740670 -0.134593 
2462496.454798 -0.123229 
2462498.168926 -0.111550 
2462499.883053 -0.099542 
2462501.597181 -0.087191 
2462503.311309 -0.074480 
2462505.025437 -0.061393 
2462506.739565 -0.047913 
2462508.453693 -0.034019 
2462510.167821 -0.019692 
2462511.881949 -0.004911 
2462513.596077 0.010350 
2462515.310205 0.026113 
2462517.024333 0.042407 
2462518.738461 0.059261 
2462520.452589 0.076705 
2462522.166717 0.094773 
2462523.880844 0.113501 
2462525.594972 0.132929 
2462527.309100 0.153098 
2462529.023228 0.174055 
2462530.737356 0.195851 
2462532.451484 0.218538 
2462534.165612 0.242177 
2462535.879740 0.266831 
2462537.593868 0.292572 
2462539.307996 0.319476 
2462541.022124 0.347628 
2462542.736252 0.377122 
2462544.450380 0.408060 
2462546.164508 0.440553 
2462547.878635 0.474728 
2462549.592763 0.510722 
2462551.306891 0.548686 
2462553.021019 0.588792 
2462554.735147 0.631225 
2462556.449275 0.676196 
2462558.163403 0.723937 
2462559.877531 0.774704 
2462561.591659 0.828786 
2462563.305787 0.886500 
2462565.019915 0.948195 
2462566.734043 1.014258 
2462568.448171 1.085105 
2462570.162299 1.161185 
2462571.876426 1.242965 
2462573.590554 1.330917 
2462575.304682 1.425479 
2462577.018810 1.527009 
